Step Temp PotEng KinEng Press Lx Ly Lz Volume
0 769.369607666438 -329446.178786245 5872.75158352127 6.21425402799519 100.171277560035 100.171277560035 100.171277560035 1005147.13262641
1000 772.171511792786 -329433.108059248 5894.13907625677 -304.406190731486 100.180295402289 100.180295402289 100.180295402289 1005418.61985906
2000 776.3655318543 -329457.43315385 5926.15286743353 -121.463781945982 100.176778298232 100.176778298232 100.176778298232 1005312.7296414
3000 768.92771854001 -329456.99533355 5869.37855573188 178.623114797503 100.178470190108 100.178470190108 100.178470190108 1005363.66687044
4000 770.099009344414 -329449.788247206 5878.31925193015 -593.621803848407 100.189822618077 100.189822618077 100.189822618077 1005705.49517001
5000 770.959658434948 -329466.955432907 5884.8887580023 -506.156497851557 100.182666388225 100.182666388225 100.182666388225 1005490.00784461
6000 764.626384658191 -329442.208821715 5836.54561677251 -422.531340534632 100.18833228756 100.18833228756 100.18833228756 1005660.61602194
7000 768.61493132929 -329465.875037828 5866.99098860061 -742.464201889513 100.192695315006 100.192695315006 100.192695315006 1005792.00605056
8000 766.845100129459 -329484.800797406 5853.4815142494 -458.767925925601 100.180887671806 100.180887671806 100.180887671806 1005436.45217784
9000 774.289693487044 -329484.673992407 5910.30757937307 95.6994746115824 100.169867283685 100.169867283685 100.169867283685 1005104.67988027
10000 768.767088210879 -329514.152630421 5868.15243240914 -99.5242259133128 100.16917503374 100.16917503374 100.16917503374 1005083.84191162
11000 768.784280021045 -329490.789257095 5868.2836609232 -210.386459037427 100.183249780419 100.183249780419 100.183249780419 1005507.57371078
12000 766.435700722878 -329546.646755393 5850.35648696819 -228.262516199536 100.169948647967 100.169948647967 100.169948647967 1005107.12911043
13000 767.457252310554 -329502.475138465 5858.15419387576 86.9377249140834 100.168710212667 100.168710212667 100.168710212667 1005069.8501228
14000 766.61733323235 -329538.341876705 5851.7429241201 386.842753561549 100.154797396967 100.154797396967 100.154797396967 1004651.11428852
15000 768.634409770602 -329560.121096375 5867.13967142603 650.470146240438 100.140301807385 100.140301807385 100.140301807385 1004214.96236247
16000 761.425954474117 -329594.464020169 5812.11609519513 -49.638512851868 100.152085414423 100.152085414423 100.152085414423 1004569.5049424
17000 770.272615412898 -329587.360654283 5879.64442165799 -7.32304367366504 100.158309622581 100.158309622581 100.158309622581 1004756.81122596
18000 762.776962597573 -329602.875091986 5822.42860951506 -362.621495657055 100.157498354847 100.157498354847 100.157498354847 1004732.3962718
19000 765.65868010656 -329547.3546016 5844.42533371046 -82.8294961040444 100.167995977011 100.167995977011 100.167995977011 1005048.35084612
20000 763.798848612447 -329581.48656147 5830.22886917209 -331.855773010777 100.162373609337 100.162373609337 100.162373609337 1004879.12211783
21000 756.895182502976 -329608.787940156 5777.53180956316 163.271205083598 100.152773704669 100.152773704669 100.152773704669 1004590.21664723
22000 766.465491875506 -329613.96966318 5850.58388877485 120.395208762807 100.144764512414 100.144764512414 100.144764512414 1004349.22543542
23000 764.162719948705 -329610.227195224 5833.00637161683 766.14741867718 100.137420432778 100.137420432778 100.137420432778 1004128.28089103
24000 765.329235795553 -329585.23029025 5841.91061961223 35.5417129060779 100.154182074416 100.154182074416 100.154182074416 1004632.59753134
25000 760.605294511695 -329622.289675759 5805.8518341094 3.24986497664176 100.155443263576 100.155443263576 100.155443263576 1004670.55044565
26000 763.772291672069 -329614.996552313 5830.02615475226 231.145056458112 100.14667201306 100.14667201306 100.14667201306 1004406.61735092
27000 759.427751026872 -329624.922572446 5796.86340995507 504.067826396471 100.136851731129 100.136851731129 100.136851731129 1004111.17301579
28000 760.999074449023 -329601.929549636 5808.85763486817 -405.352177629429 100.17584999776 100.17584999776 100.17584999776 1005284.78233716
29000 757.962991242135 -329667.675743231 5785.68260652902 -499.223529587529 100.16034571395 100.16034571395 100.16034571395 1004818.08876549
30000 763.049625599215 -329641.847513554 5824.50990055997 -146.033556097438 100.155723518288 100.155723518288 100.155723518288 1004678.98426917
31000 758.572802929762 -329652.029452733 5790.33742070218 -440.899474203389 100.163221717917 100.163221717917 100.163221717917 1004904.6482847
32000 756.15483061441 -329649.675505413 5771.88055601401 -169.431071879506 100.151831824704 100.151831824704 100.151831824704 1004561.87411218
33000 756.491066591524 -329657.606587102 5774.4471122535 299.242074202598 100.142942865676 100.142942865676 100.142942865676 1004294.41868984
34000 756.532575518691 -329689.216594556 5774.76395816906 46.1291223047357 100.140293134333 100.140293134333 100.140293134333 1004214.70144031
35000 759.220778272269 -329678.362040952 5795.28354566068 11.1607110717392 100.143112330584 100.143112330584 100.143112330584 1004299.51719036
36000 756.350737946642 -329673.906837858 5773.37595573363 -79.3532547924857 100.147227138299 100.147227138299 100.147227138299 1004423.32008933
37000 757.422607413671 -329709.1166592 5781.55774904479 -277.996087954892 100.15394275664 100.15394275664 100.15394275664 1004625.39585909
38000 755.434069239887 -329691.784382922 5766.37884076376 278.389076739469 100.146373420568 100.146373420568 100.146373420568 1004397.63330659
39000 757.183710292496 -329707.79258373 5779.73419969647 -413.439040420091 100.145300591945 100.145300591945 100.145300591945 1004365.35450457
40000 751.751628268661 -329718.320392098 5738.27003476272 -539.2597029229 100.151588575252 100.151588575252 100.151588575252 1004554.55446978
41000 750.760462210487 -329673.425133559 5730.70426665898 230.519909687615 100.136161022988 100.136161022988 100.136161022988 1004090.3951613
42000 755.623376285498 -329693.449711284 5767.82385917989 715.186973033573 100.122903962979 100.122903962979 100.122903962979 1003691.65236112
43000 749.083428022332 -329727.142372777 5717.90313039629 -78.0555399591357 100.143408268502 100.143408268502 100.143408268502 1004308.42078383
44000 753.185003519613 -329674.751421417 5749.21127378611 -200.948228969023 100.158590285676 100.158590285676 100.158590285676 1004765.25782259
45000 749.31384125683 -329746.199382346 5719.66192054641 -297.827481208529 100.142314389298 100.142314389298 100.142314389298 1004275.51057692
46000 747.783288672601 -329714.317671657 5707.97890756652 -137.401242563705 100.150769083526 100.150769083526 100.150769083526 1004529.89532792
47000 750.851472369845 -329746.329386615 5731.39896534757 -198.691531135424 100.138003715758 100.138003715758 100.138003715758 1004145.8276087
48000 748.769597650293 -329759.469269116 5715.50760060673 357.66480861918 100.128771761866 100.128771761866 100.128771761866 1003868.12964129
49000 752.604219607512 -329748.672842738 5744.77803441002 319.532365878256 100.126405436595 100.126405436595 100.126405436595 1003796.95861791
50000 746.47675875296 -329766.726148308 5698.00590424272 74.2279463002041 100.126962418312 100.126962418312 100.126962418312 1003813.71043263
51000 749.292202940708 -329779.277130678 5719.49675096601 -38.0025832226606 100.13158045125 100.13158045125 100.13158045125 1003952.60984015
52000 749.177075862627 -329770.51403859 5718.61796302928 242.527120989661 100.128692416969 100.128692416969 100.128692416969 1003865.7431619
53000 749.55624807418 -329778.015423905 5721.51226010527 -48.9856329295869 100.138212849951 100.138212849951 100.138212849951 1004152.11897634
54000 744.896482658353 -329801.804035791 5685.94334179611 -222.583832217484 100.133409095452 100.133409095452 100.133409095452 1004007.614634
55000 743.654863168673 -329796.145147363 5676.46581272362 -302.468651870472 100.142751449695 100.142751449695 100.142751449695 1004288.65979275
56000 747.68215166841 -329810.477366039 5707.20690865261 -642.483489103598 100.145508666022 100.145508666022 100.145508666022 1004371.61489306
57000 742.989586693519 -329810.150394806 5671.38762477077 35.0032228781327 100.119326060222 100.119326060222 100.119326060222 1003584.05511831
58000 744.565347730825 -329821.649024701 5683.41572288496 345.935867206412 100.120100371833 100.120100371833 100.120100371833 1003607.34011712
59000 742.302462137614 -329861.338968051 5666.14266606229 174.306597282454 100.115049960475 100.115049960475 100.115049960475 1003455.47128512
60000 744.966000871504 -329826.095971643 5686.47398817504 -94.542005189458 100.132667216899 100.132667216899 100.132667216899 1003985.29901913
61000 743.423182940162 -329840.457295892 5674.69735135564 -490.994729716504 100.14189981705 100.14189981705 100.14189981705 1004263.03803616
62000 745.053339086614 -329837.417577823 5687.1406581812 241.486060426495 100.125173902882 100.125173902882 100.125173902882 1003759.91959954
63000 741.049414150401 -329851.823866588 5656.57790098994 662.829615306165 100.11022882907 100.11022882907 100.11022882907 1003310.51132985
64000 740.479219644852 -329912.612325447 5652.22549266499 464.839842759236 100.102807093167 100.102807093167 100.102807093167 1003087.38467112
65000 742.146341316525 -329862.905533057 5664.95096471338 474.629605298685 100.109011492403 100.109011492403 100.109011492403 1003273.91111917
66000 739.919198686652 -329900.960683706 5647.95074105496 -33.0018968076413 100.115976688791 100.115976688791 100.115976688791 1003483.33740139
67000 739.642256046899 -329888.777365539 5645.83678267924 -280.144818887138 100.134898443495 100.134898443495 100.134898443495 1004052.41503669
68000 744.194899407692 -329844.11739293 5680.58801698832 -292.757096540618 100.141789931226 100.141789931226 100.141789931226 1004259.73210277
69000 740.148638851301 -329913.515377811 5649.70210356895 -292.109685456954 100.132528549928 100.132528549928 100.132528549928 1003981.1279705
70000 743.561289607628 -329899.590531494 5675.75154707896 34.5258066768897 100.123013672254 100.123013672254 100.123013672254 1003694.95173817
71000 737.601899405141 -329921.100132542 5630.26233370253 745.439599869634 100.101026529048 100.101026529048 100.101026529048 1003033.85881043
72000 739.945896726124 -329931.927788923 5648.15453251232 456.242023878196 100.104360361011 100.104360361011 100.104360361011 1003134.07929242
73000 741.10689046031 -329916.216585305 5657.01662912096 -89.5154286021346 100.114988492403 100.114988492403 100.114988492403 1003453.62299854
74000 732.743403049324 -329908.121426281 5593.17646251287 -206.990903337205 100.131118169837 100.131118169837 100.131118169837 1003938.70494164
75000 736.111180190303 -329971.145359983 5618.8833767717 17.9065135766982 100.119193344072 100.119193344072 100.119193344072 1003580.06413153
76000 739.596846346027 -329935.244793247 5645.49016138039 -96.5321731343988 100.122567226569 100.122567226569 100.122567226569 1003681.52545588
77000 737.491588517859 -329950.194655163 5629.42030871024 -80.4135807843308 100.118611024412 100.118611024412 100.118611024412 1003562.55297359
78000 727.864687887824 -329952.608084811 5555.93625714896 51.8426774607849 100.106458504293 100.106458504293 100.106458504293 1003197.15635926
79000 737.479232904853 -329967.000554515 5629.32599585316 137.122010269313 100.103784639186 100.103784639186 100.103784639186 1003116.77166886
80000 734.693622383641 -329961.906495339 5608.06287545367 -236.283204166538 100.121324923175 100.121324923175 100.121324923175 1003644.16540221
81000 732.044415117591 -329981.215216096 5587.84094829182 -234.508022899743 100.114782059893 100.114782059893 100.114782059893 1003447.41578543
82000 731.0841512446 -329967.754446982 5580.51106272771 332.269364997517 100.106342318087 100.106342318087 100.106342318087 1003193.6633518
83000 728.249590010807 -329961.849751264 5558.87429178112 -23.2365807385657 100.115962124775 100.115962124775 100.115962124775 1003482.89946694
84000 732.252043281617 -330000.328474791 5589.42581545699 -163.773480242337 100.111528246949 100.111528246949 100.111528246949 1003349.58036069
85000 732.31061528 -329985.344819377 5589.87290719654 254.5958970038 100.099349926144 100.099349926144 100.099349926144 1002983.45988729
86000 730.295100194173 -330026.452459024 5574.48807876824 327.522903900691 100.096111376728 100.096111376728 100.096111376728 1002886.11340868
87000 729.724158136603 -329992.371188396 5570.12996422968 -109.223425688996 100.108719175562 100.108719175562 100.108719175562 1003265.12250963
88000 728.099769213992 -329993.532027225 5557.73067977334 -519.303613782006 100.124886185003 100.124886185003 100.124886185003 1003751.26646566
89000 726.500281467816 -330005.32086115 5545.5214709606 -282.029191723428 100.113285814854 100.113285814854 100.113285814854 1003402.42600224
90000 728.895442518368 -330044.411726039 5563.8042127173 266.53870705772 100.100463548255 100.100463548255 100.100463548255 1003016.93533897
91000 726.11912020801 -330007.606191948 5542.61199108279 222.711313337082 100.099278690335 100.099278690335 100.099278690335 1002981.31856606
92000 724.485207610041 -330046.269372577 5530.14001051397 372.050039712041 100.083496524673 100.083496524673 100.083496524673 1002506.98782318
93000 727.024811032916 -330026.558223197 5549.52530969214 -223.309533093034 100.111359119344 100.111359119344 100.111359119344 1003344.49521731
94000 723.974810941448 -330041.828979165 5526.24405099876 -182.967995672177 100.108044864917 100.108044864917 100.108044864917 1003244.84931664
95000 726.714894535493 -330031.114405865 5547.15965528773 -22.850256064614 100.098699229319 100.098699229319 100.098699229319 1002963.90030242
96000 725.691387884074 -330066.861422389 5539.34702498888 774.887683263605 100.078942952082 100.078942952082 100.078942952082 1002370.15865132
97000 728.986688836664 -330063.473109213 5564.50071405414 198.332890766498 100.09950413641 100.09950413641 100.09950413641 1002988.09539946
98000 722.899620501824 -330061.807598493 5518.03690804176 280.394175884247 100.098170936763 100.098170936763 100.098170936763 1002948.02030886
99000 723.268024491988 -330063.934270385 5520.84900913732 77.732702844492 100.103650582691 100.103650582691 100.103650582691 1003112.74162728
100000 724.054329247363 -330100.885271695 5526.8510300792 200.911974511159 100.090365397077 100.090365397077 100.090365397077 1002713.41242173
101000 723.403265449582 -330113.620528406 5521.88133032593 321.849082229906 100.081576102352 100.081576102352 100.081576102352 1002449.28001157
102000 723.993366028018 -330073.264245343 5526.38568567337 -112.093948274576 100.100659602429 100.100659602429 100.100659602429 1003022.82879945
103000 722.496315367675 -330112.594328821 5514.95839955687 -223.029708542866 100.099417261708 100.099417261708 100.099417261708 1002985.48397145
104000 723.061709040377 -330103.691308057 5519.2741621677 -598.31185360179 100.105486399689 100.105486399689 100.105486399689 1003167.9313786
105000 720.6071751785 -330072.159926559 5500.53821590662 -957.193613042282 100.130180166058 100.130180166058 100.130180166058 1003910.49125058
106000 718.504829308783 -330074.562706572 5484.4905907958 -395.00721951281 100.106015494731 100.106015494731 100.106015494731 1003183.83781899
107000 721.690541107609 -330131.520577618 5508.80776400458 88.4516839505662 100.094770491473 100.094770491473 100.094770491473 1002845.8100292
108000 719.358882264741 -330120.069771203 5491.00974725784 473.821853511425 100.082185196144 100.082185196144 100.082185196144 1002467.58276138
109000 714.211539089777 -330112.515163236 5451.71905071812 113.182560591958 100.08521788872 100.08521788872 100.08521788872 1002558.71590704
110000 716.628032482485 -330115.477281575 5470.16462649495 -290.353641339893 100.098906412215 100.098906412215 100.098906412215 1002970.1280775
111000 717.860478106951 -330124.603332787 5479.57212962552 -2.86346500258537 100.083959625622 100.083959625622 100.083959625622 1002520.90412614
112000 716.795947109767 -330147.508915598 5471.44635231754 561.154238296206 100.069062548309 100.069062548309 100.069062548309 1002073.30766936
113000 719.620892934256 -330128.438632391 5493.00972692816 274.078979416811 100.096150551572 100.096150551572 100.096150551572 1002887.29091464
114000 719.758261989357 -330165.200877125 5494.05829230926 -237.194010386167 100.088022110311 100.088022110311 100.088022110311 1002642.9883589
115000 716.556829952465 -330163.606845792 5469.62112338961 -380.121806498946 100.099568357556 100.099568357556 100.099568357556 1002990.02587115
116000 720.0895562796 -330135.553926664 5496.58712766778 -71.4701675826008 100.087654101329 100.087654101329 100.087654101329 1002631.92868579
117000 713.623481834978 -330154.516129364 5447.23029246733 -168.770750513792 100.088438829266 100.088438829266 100.088438829266 1002655.51199765
118000 715.044982576561 -330174.008604841 5458.08089099361 -181.298882576104 100.086527397915 100.086527397915 100.086527397915 1002598.06868246
119000 714.813827068737 -330177.452101298 5456.31643492323 421.712450005896 100.06997743034 100.06997743034 100.06997743034 1002100.7923051
120000 713.441365413837 -330195.27953424 5445.84016152119 692.686269714868 100.064969963119 100.064969963119 100.064969963119 1001950.36549664
121000 712.008131087157 -330160.581818973 5434.89999820087 -57.3001854755099 100.089927343612 100.089927343612 100.089927343612 1002700.24711374
122000 712.649385171948 -330205.568899596 5439.79481845939 -408.556894294484 100.089594950243 100.089594950243 100.089594950243 1002690.25740303
123000 712.170556710119 -330183.76688333 5436.13982535929 -70.9236007717683 100.082766504546 100.082766504546 100.082766504546 1002485.05079163
124000 707.947745452176 -330166.186020158 5403.90626524088 -274.588106126028 100.097306430255 100.097306430255 100.097306430255 1002922.0343914
125000 710.331879288194 -330158.952028288 5422.10483407085 -416.947405205009 100.094296258723 100.094296258723 100.094296258723 1002831.55613548
126000 704.2171008452 -330194.38423483 5375.42951127912 -635.537153005528 100.098346629157 100.098346629157 100.098346629157 1002953.30144378
127000 711.609342009518 -330182.412751452 5431.85596167556 -292.979109982354 100.092904057276 100.092904057276 100.092904057276 1002789.71186929
128000 710.418312439402 -330231.873549265 5422.76459554383 -518.019258363656 100.083896948009 100.083896948009 100.083896948009 1002519.02064016
129000 709.436776545572 -330204.030224366 5415.27233640422 -500.833558454915 100.094842424114 100.094842424114 100.094842424114 1002847.97210216
130000 706.528584491641 -330224.750021909 5393.07352672976 45.1007198486326 100.077540806806 100.077540806806 100.077540806806 1002328.02844342
131000 710.304897417865 -330252.946058945 5421.89887607599 584.729648252263 100.055348649527 100.055348649527 100.055348649527 1001661.37869727
132000 706.143761262335 -330255.19034536 5390.13609430877 470.680700371662 100.062290018434 100.062290018434 100.062290018434 1001869.86480864
133000 704.051200151829 -330251.120766886 5374.16315821553 -317.748436579631 100.082802838345 100.082802838345 100.082802838345 1002486.14261109
134000 710.308787748847 -330266.805077065 5421.92857174788 -118.668427352434 100.074831308701 100.074831308701 100.074831308701 1002246.61959748
135000 703.241822073957 -330255.331154317 5367.98501400353 363.84401334156 100.063499146047 100.063499146047 100.063499146047 1001906.18427992
136000 703.127018353527 -330290.04398815 5367.10869432021 744.188821790794 100.057542308719 100.057542308719 100.057542308719 1001727.26278729
137000 704.906766748963 -330244.422001898 5380.69386860239 -15.5207269604222 100.077172568502 100.077172568502 100.077172568502 1002316.96419628
138000 704.432930643873 -330274.681541486 5377.07698315648 96.7850698029959 100.073959602203 100.073959602203 100.073959602203 1002220.42947746
139000 709.545938519249 -330310.410451881 5416.10559150994 195.472544378647 100.060631746333 100.060631746333 100.060631746333 1001820.05547548
140000 704.440271720816 -330297.672038328 5377.13301906018 93.7897376139362 100.056856737549 100.056856737549 100.056856737549 1001706.67211686
141000 704.087346292335 -330273.006718619 5374.43906891148 385.738239539848 100.060022134331 100.060022134331 100.060022134331 1001801.74504314
142000 704.089954285873 -330315.96502148 5374.45897624604 388.970460284509 100.053432631664 100.053432631664 100.053432631664 1001603.83561632
143000 702.020801155906 -330282.327838928 5358.66471793446 365.761255587278 100.057594268114 100.057594268114 100.057594268114 1001728.82336438
144000 701.248224857746 -330340.541290228 5352.76748904317 -27.4791757094637 100.057499449357 100.057499449357 100.057499449357 1001725.97552683
145000 700.701955605218 -330273.654053132 5348.59770694385 -347.989434761552 100.079283251759 100.079283251759 100.079283251759 1002380.38380133
146000 696.517874000947 -330303.510498091 5316.65977799238 -275.998676746514 100.073811501265 100.073811501265 100.073811501265 1002215.97988141
147000 702.321012680112 -330283.465647946 5360.9562923437 -233.319910154013 100.069620480147 100.069620480147 100.069620480147 1002090.06884523
148000 697.347285848906 -330333.807591153 5322.99084396504 172.412111881947 100.055872308171 100.055872308171 100.055872308171 1001677.10593399
149000 698.062496958673 -330331.222548198 5328.450192938 313.494133003228 100.052199505049 100.052199505049 100.052199505049 1001566.80273021
150000 698.362034903242 -330318.988121525 5330.73662577959 -188.396113458371 100.068466909188 100.068466909188 100.068466909188 1002055.4139119
151000 695.283442490579 -330342.177265608 5307.23711619885 -620.484647700806 100.076090160463 100.076090160463 100.076090160463 1002284.4421682
152000 697.694853429768 -330367.097300509 5325.64389659481 -241.705006597288 100.053447020131 100.053447020131 100.053447020131 1001604.2677318
153000 696.961309466886 -330335.650177105 5320.04460929951 70.3344246409924 100.060097302054 100.060097302054 100.060097302054 1001804.0027844
154000 694.226599097799 -330328.371618218 5299.17001990776 -295.465094141019 100.053306266242 100.053306266242 100.053306266242 1001600.04060615
155000 694.103728285227 -330377.390919584 5298.232122502 -144.340646577215 100.057546717485 100.057546717485 100.057546717485 1001727.39520252
156000 693.422924929738 -330363.992408906 5293.03541477639 -349.945872844436 100.064199109149 100.064199109149 100.064199109149 1001927.20999674
157000 699.368002861036 -330395.00476175 5338.41537973378 92.4467395923139 100.048211332492 100.048211332492 100.048211332492 1001447.0373866
158000 693.662019291716 -330404.820906216 5294.86046970307 474.873627386341 100.03417834469 100.03417834469 100.03417834469 1001025.70082839
159000 697.644183921482 -330367.0863236 5325.25712613747 104.978025217676 100.048791652051 100.048791652051 100.048791652051 1001464.46386527
160000 693.193246923859 -330393.751581218 5291.28223677288 33.7708593747264 100.054046293722 100.054046293722 100.054046293722 1001622.2652701
161000 692.589242714336 -330375.515172336 5286.67175223777 -351.087999388313 100.063866286644 100.063866286644 100.063866286644 1001917.21253059
162000 692.620763451699 -330411.751570189 5286.91235630949 151.245603651992 100.048464399329 100.048464399329 100.048464399329 1001454.63673311
163000 693.780653060672 -330408.712465264 5295.76602491029 -6.35645420309647 100.04679238914 100.04679238914 100.04679238914 1001404.42863497
164000 688.954755132839 -330432.651627253 5258.92898401969 -382.577963140811 100.054048742252 100.054048742252 100.054048742252 1001622.33880541
165000 693.375504181644 -330429.703393024 5292.6734427532 -331.577957068713 100.058061946025 100.058061946025 100.058061946025 1001742.86993335
166000 688.691374397255 -330408.310786477 5256.91854636196 58.7968511196054 100.045080319437 100.045080319437 100.045080319437 1001353.01934529
167000 688.085570648968 -330432.422246805 5252.29432558873 241.282402490331 100.031838493249 100.031838493249 100.031838493249 1000955.45893664
168000 691.553049956506 -330447.423101547 5278.76228635981 -26.9749520760594 100.048685411691 100.048685411691 100.048685411691 1001461.27354691
169000 687.373255181172 -330382.387711312 5246.85707962817 69.2349160122337 100.051152129283 100.051152129283 100.051152129283 1001535.34897443
170000 688.572221349153 -330433.517557271 5256.0090273935 -312.569480394107 100.049328897297 100.049328897297 100.049328897297 1001480.59704099
171000 683.558161496786 -330437.043076672 5217.73570902423 -562.352479154311 100.066029444903 100.066029444903 100.066029444903 1001982.19160124
172000 688.369573315027 -330399.270011574 5254.46217455262 -296.971004132772 100.052635132279 100.052635132279 100.052635132279 1001579.88525133
173000 686.624329601426 -330460.808795029 5241.14038138514 -267.949828785963 100.046023426118 100.046023426118 100.046023426118 1001381.33832774
174000 689.818226606203 -330436.317180193 5265.5200339026 -750.418635391528 100.059141678135 100.059141678135 100.059141678135 1001775.29987234
175000 683.288263015433 -330447.559623219 5215.67552011378 -254.642080000646 100.050701223291 100.050701223291 100.050701223291 1001521.80801326
176000 684.75658538421 -330470.738186334 5226.88351745398 -150.999333005102 100.045094017698 100.045094017698 100.045094017698 1001353.43066376
177000 685.66765152735 -330486.105749952 5233.83786693894 109.552452774957 100.035211938125 100.035211938125 100.035211938125 1001056.73015159
178000 688.525455436406 -330479.245750807 5255.65205385906 -31.2007229720971 100.037261454095 100.037261454095 100.037261454095 1001118.26019937
179000 684.410798130976 -330481.183790756 5224.24405441988 303.222339110401 100.031188978156 100.031188978156 100.031188978156 1000935.96120071
180000 680.56640966618 -330469.983036527 5194.89907091738 -497.36132805933 100.052332474912 100.052332474912 100.052332474912 1001570.79599706
181000 681.521191730013 -330497.95733948 5202.18711273943 -721.435561085009 100.051337166536 100.051337166536 100.051337166536 1001540.90578277
182000 682.644536907934 -330501.598767851 5210.76183041315 153.100342369959 100.023979330558 100.023979330558 100.023979330558 1000719.55243302
183000 682.592607001105 -330492.482976311 5210.36543908248 346.649246364388 100.02564395212 100.02564395212 100.02564395212 1000769.51586416
184000 679.193373431103 -330531.50282639 5184.4184116303 292.629990047384 100.01836682607 100.01836682607 100.01836682607 1000551.10599039
185000 681.392870209047 -330499.454129952 5201.20760898994 200.563914241299 100.030665508999 100.030665508999 100.030665508999 1000920.24741083
186000 680.279968625342 -330513.262166067 5192.71260935273 -145.131115097795 100.036976584127 100.036976584127 100.036976584127 1001109.70775471
187000 679.465667554427 -330577.236051521 5186.49688695348 -155.370258091218 100.024641672296 100.024641672296 100.024641672296 1000739.43234743
188000 680.27804889423 -330509.410390056 5192.69795566247 -280.030838749307 100.042522011616 100.042522011616 100.042522011616 1001276.20286181
189000 678.919542028509 -330519.296921002 5182.32820194802 -373.975652755868 100.037516152763 100.037516152763 100.037516152763 1001125.90687421
190000 671.309317480699 -330544.30751203 5124.23784093199 -258.586052323335 100.027647020209 100.027647020209 100.027647020209 1000829.63993473
191000 679.252273637591 -330526.658103343 5184.86800864775 286.508765314253 100.026873094626 100.026873094626 100.026873094626 1000806.40950716
192000 675.90781567659 -330584.777777431 5159.3390943382 -38.7352446839598 100.025417480684 100.025417480684 100.025417480684 1000762.71825143
193000 678.741937538941 -330545.530552812 5180.97251147499 237.887843571511 100.027691168732 100.027691168732 100.027691168732 1000830.96512344
194000 678.217786161735 -330566.433182136 5176.97155952703 779.4111004299 100.010721264454 100.010721264454 100.010721264454 1000321.67241852
195000 676.223150879665 -330547.265256292 5161.74611080304 398.475195692376 100.015978143894 100.015978143894 100.015978143894 1000479.42091122
196000 672.460809741664 -330583.591502529 5133.02741090149 249.930867712766 100.020077145513 100.020077145513 100.020077145513 1000602.43530102
197000 675.179333583939 -330548.102549546 5153.77844530742 -320.040750084921 100.030434865934 100.030434865934 100.030434865934 1000913.32389052
198000 674.392768365418 -330603.826425717 5147.77443619842 -442.335078210449 100.029980011874 100.029980011874 100.029980011874 1000899.67002349
199000 672.421027112381 -330563.234479267 5132.7237421618 -48.2220472468817 100.021327234625 100.021327234625 100.021327234625 1000639.95350373
200000 671.844891106833 -330575.48949614 5128.32598118296 136.448098993984 100.019613431657 100.019613431657 100.019613431657 1000588.51836326
201000 672.653598664789 -330592.022202471 5134.49900718277 -163.408920972668 100.024085011823 100.024085011823 100.024085011823 1000722.72439499
202000 669.491256287568 -330585.22800638 5110.36021742762 21.6387740680913 100.019039053409 100.019039053409 100.019039053409 1000571.28035485
203000 672.680706743314 -330604.327278857 5134.70592854995 -38.6188932675318 100.021336720841 100.021336720841 100.021336720841 1000640.23821164
204000 673.521012414715 -330570.144500308 5141.12014924854 -290.449839608301 100.019927578046 100.019927578046 100.019927578046 1000597.94648179
205000 668.024060512877 -330588.705577335 5099.16081960466 284.940248863809 100.016369812652 100.016369812652 100.016369812652 1000491.17477518
206000 670.013810245652 -330613.828705906 5114.34897595698 260.182374780369 100.012316484517 100.012316484517 100.012316484517 1000369.54004611
207000 673.138415660043 -330599.967176471 5138.19971195227 403.538772054935 100.000703594552 100.000703594552 100.000703594552 1000021.10798508
208000 671.958973097898 -330641.237165005 5129.19679176217 787.46852473123 99.9950974334226 99.9950974334226 99.9950974334226 999852.930213107
209000 665.255073004491 -330678.531043175 5078.02458597575 -186.936973589729 100.006921291624 100.006921291624 100.006921291624 1000207.65312034
210000 669.682295113037 -330626.256699793 5111.81845486461 -8.70888167986663 100.019583280061 100.019583280061 100.019583280061 1000587.6134608
211000 664.36669826943 -330612.625848322 5071.24344453202 -93.5464147035531 100.021101029224 100.021101029224 100.021101029224 1000633.16446215
212000 670.217097522669 -330620.749332774 5115.90070826629 -192.138534869631 100.023233203263 100.023233203263 100.023233203263 1000697.15804494
213000 663.136970150126 -330629.498994115 5061.85668466007 146.087667865867 100.013023935538 100.013023935538 100.013023935538 1000390.76895522
214000 670.383714016691 -330647.743951266 5117.17252517894 -16.3355746833981 100.019400555997 100.019400555997 100.019400555997 1000582.12960169
215000 664.623663307791 -330666.417783776 5073.20490989393 40.5166652297917 100.00898987221 100.00898987221 100.00898987221 1000269.72041236
216000 664.999623196778 -330667.421268307 5076.07468667142 228.964742099866 99.998960003748 99.998960003748 99.998960003748 999968.800436916
217000 666.861821340806 -330658.864103352 5090.28921632036 172.934286589264 100.00335936662 100.00335936662 100.00335936662 1000100.78438424
218000 665.160696140983 -330666.455386264 5077.30418856325 435.900292865642 99.9886361797465 99.9886361797465 99.9886361797465 999659.124131852
219000 661.08784752215 -330694.632384449 5046.21532316311 260.463790551182 99.9970452049438 99.9970452049438 99.9970452049438 999911.358767532
220000 663.826031692119 -330658.938965862 5067.11642876948 -335.454421685286 100.014037444883 100.014037444883 100.014037444883 1000421.1824642
221000 659.046560409808 -330663.547991194 5030.63377171896 -253.058513643944 100.017738471355 100.017738471355 100.017738471355 1000532.24854224
222000 662.521363936237 -330675.668228827 5057.15763971285 -67.6022401783843 100.005110355218 100.005110355218 100.005110355218 1000153.31849139
223000 664.039380962096 -330715.734877273 5068.74496627682 -94.2745038632168 100.002635481989 100.002635481989 100.002635481989 1000079.06654342
224000 663.19753462079 -330675.401322729 5062.31898533773 -301.838651830978 100.010992478716 100.010992478716 100.010992478716 1000329.8106132
225000 657.163203239394 -330683.985015432 5016.25773100371 94.9356042927495 99.9937354500976 99.9937354500976 99.9937354500976 999812.075276057
226000 657.45658755589 -330727.473442882 5018.49719197555 444.176013215941 99.9868248333693 99.9868248333693 99.9868248333693 999604.797074297
227000 659.22481049279 -330696.022234325 5031.99439013521 487.973673631135 99.9901472211686 99.9901472211686 99.9901472211686 999704.445757278
228000 655.199864480798 -330727.08684715 5001.27117488213 -81.4095953094995 99.9989140675134 99.9989140675134 99.9989140675134 999967.422379177
229000 659.226886159245 -330716.141456214 5032.01023411103 -145.794276981747 100.014366069214 100.014366069214 100.014366069214 1000431.04399457
230000 655.060244295435 -330722.471534269 5000.20542617499 323.529742809565 99.9896354683613 99.9896354683613 99.9896354683613 999689.096276781
231000 658.588536206163 -330762.188909562 5027.13758166876 -23.8730404528474 99.9958799423061 99.9958799423061 99.9958799423061 999876.403361575
232000 656.683874879451 -330712.204392969 5012.59892208167 -96.3514108206553 100.009536452238 100.009536452238 100.009536452238 1000286.12085118
233000 655.990270295154 -330751.516285556 5007.30450002472 232.408013419979 99.9851182105626 99.9851182105626 99.9851182105626 999553.612753879
234000 655.137769842905 -330736.69879836 5000.79719413298 577.157065907537 99.9926293572066 99.9926293572066 99.9926293572066 999778.897013709
235000 657.870410439382 -330761.539360343 5021.6559845378 73.8128170970241 99.9912331940578 99.9912331940578 99.9912331940578 999737.018878126
236000 650.70456436284 -330744.963844168 4966.95765297656 -7.92024869636712 99.9937872559553 99.9937872559553 99.9937872559553 999813.629257877
237000 660.642967910665 -330762.819961868 5042.81946840516 -223.497008169089 99.9996832912923 99.9996832912923 99.9996832912923 999990.49876886
238000 655.286484706786 -330755.008112775 5001.9323643342 18.2586582201493 99.9944308624155 99.9944308624155 99.9944308624155 999832.935176879
239000 650.998350641718 -330761.05294356 4969.20018220738 -262.242412720163 99.9951892327961 99.9951892327961 99.9951892327961 999855.683926815
240000 657.042421914643 -330757.423445851 5015.33578307501 201.828446286368 99.9896414508406 99.9896414508406 99.9896414508406 999689.275713968
241000 654.202640992902 -330810.22144776 4993.65916920981 -77.3587440870808 99.9886057866922 99.9886057866922 99.9886057866922 999658.212547715
242000 650.723174917602 -330810.26888683 4967.09971105094 369.893538923874 99.9710516446372 99.9710516446372 99.9710516446372 999131.800717042
243000 651.337744926133 -330792.741212593 4971.79084643609 -250.112869691791 99.9903539809075 99.9903539809075 99.9903539809075 999710.647340032
244000 650.396320005851 -330835.374964551 4964.6047623534 -115.994502795489 99.9865264895737 99.9865264895737 99.9865264895737 999595.849145411
245000 657.305356501156 -330801.03166032 5017.34281518795 -150.043838579168 99.9937329360207 99.9937329360207 99.9937329360207 999811.999863202
246000 647.29621729856 -330802.820269226 4940.94106040585 -107.429173008363 99.9924003518121 99.9924003518121 99.9924003518121 999772.027880318
247000 651.513244239196 -330834.790142848 4973.1304676772 404.448129709107 99.9711500140025 99.9711500140025 99.9711500140025 999134.750092571
248000 648.786860104996 -330840.95187347 4952.31943409612 125.506594169548 99.9746083407901 99.9746083407901 99.9746083407901 999238.443628239
249000 650.463439268492 -330819.619505786 4965.11709706488 -105.324783401915 99.9813495857466 99.9813495857466 99.9813495857466 999440.591917297
250000 648.427167752031 -330857.168567746 4949.5738306639 -127.844638896877 99.9817051789265 99.9817051789265 99.9817051789265 999451.255771814
251000 648.316185120744 -330874.554185283 4948.72667811571 175.479330472016 99.9720141019488 99.9720141019488 99.9720141019488 999160.657999692
252000 650.206864998054 -330856.811626132 4963.15861451242 244.336262958723 99.9788137519938 99.9788137519938 99.9788137519938 999364.547207437
253000 644.585437363162 -330870.566208013 4920.24913678481 460.451658502586 99.9669065094993 99.9669065094993 99.9669065094993 999007.52380247
254000 646.964001921178 -330858.387970147 4938.40519420559 245.370192380785 99.9803112211242 99.9803112211242 99.9803112211242 999409.452920496
255000 648.786273260765 -330874.100965245 4952.31495459712 109.97726253711 99.9857708425817 99.9857708425817 99.9857708425817 999573.186015247
256000 646.642118823775 -330861.343774038 4935.94819635807 150.728475393617 99.9737338641702 99.9737338641702 99.9737338641702 999212.222879951
257000 642.599206764527 -330844.892836259 4905.08784268489 21.0792612047417 99.9795232056906 99.9795232056906 99.9795232056906 999385.821951863
258000 638.899332108295 -330875.433741929 4876.84596189092 346.654770684509 99.9679323998293 99.9679323998293 99.9679323998293 999038.280461198
259000 643.095653553628 -330887.125432709 4908.87731998913 -5.03307331289267 99.970565897767 99.970565897767 99.970565897767 999117.236817423
260000 642.89276032492 -330891.470105965 4907.32859552913 50.9688860523785 99.9699355358168 99.9699355358168 99.9699355358168 999098.337208932
261000 642.417812548706 -330924.352998104 4903.70322447592 369.88882965144 99.9633062484435 99.9633062484435 99.9633062484435 998899.591333321
262000 643.077450080788 -330893.210662323 4908.73836925222 -144.042274348143 99.9843879360494 99.9843879360494 99.9843879360494 999531.71119864
263000 640.398546683019 -330928.617274467 4888.28976559725 -157.676036318761 99.9771566345452 99.9771566345452 99.9771566345452 999314.855570238
264000 640.562623844743 -330918.685146779 4889.54219928027 11.2560103339367 99.972933479637 99.972933479637 99.972933479637 999188.224148238
265000 641.145319324831 -330889.684009128 4893.99003003587 3.68610790886731 99.9716146651781 99.9716146651781 99.9716146651781 999148.681650643
266000 640.998818765232 -330929.615414562 4892.87176206063 -31.061900044258 99.9704511314428 99.9704511314428 99.9704511314428 999113.795858174
267000 637.104448500688 -330923.163554256 4863.14525751714 -144.708849579089 99.9693317949778 99.9693317949778 99.9693317949778 999080.235982131
268000 641.024960899054 -330924.612263965 4893.07131017934 -71.0404804457429 99.9696019167437 99.9696019167437 99.9696019167437 999088.334687261
269000 640.800305644378 -330956.41622927 4891.35647183702 172.856985463628 99.9645778687758 99.9645778687758 99.9645778687758 998937.712437042
270000 637.194703471368 -330923.3859672 4863.83419170001 394.823062845519 99.9595093607314 99.9595093607314 99.9595093607314 998785.772603119
271000 635.051099257982 -330939.148641276 4847.47163342742 -638.489985808818 99.98433789266 99.98433789266 99.98433789266 999530.210366439
272000 635.109949054053 -330936.471210656 4847.9208456521 -805.354093377797 99.988162434756 99.988162434756 99.988162434756 999644.915079406
273000 637.294257063326 -330951.408857461 4864.5941041127 165.502927398073 99.9596292535661 99.9596292535661 99.9596292535661 998789.366480338
274000 635.36341381959 -330963.131326227 4849.85559273379 261.368581319118 99.96056293834 99.96056293834 99.96056293834 998817.354673414
275000 635.842385181559 -330940.865227952 4853.51167661914 571.145000459247 99.9549900988729 99.9549900988729 99.9549900988729 998650.310642363
276000 633.094554404256 -330982.315523598 4832.53693653602 201.113105747138 99.9547762686253 99.9547762686253 99.9547762686253 998643.901522033
277000 637.128860074039 -330970.337634889 4863.33159592279 56.7198214550591 99.9594380303328 99.9594380303328 99.9594380303328 998783.634425264
278000 632.402395201245 -330995.198110511 4827.25354736256 14.1524576430013 99.9609658228226 99.9609658228226 99.9609658228226 998829.431725298
279000 633.214891298816 -330946.214605476 4833.45549204048 -154.942080075578 99.9696880387529 99.9696880387529 99.9696880387529 999090.916779234
280000 632.829203266206 -331008.488452963 4830.51145840348 2.94055316656884 99.9577813499105 99.9577813499105 99.9577813499105 998733.975146389
281000 635.421555337768 -331006.366905975 4850.29939853213 565.536269147356 99.9480896263626 99.9480896263626 99.9480896263626 998443.497057062
282000 631.067023512858 -331047.55778107 4817.06038906852 703.818958436609 99.9344431733069 99.9344431733069 99.9344431733069 998034.584226722
283000 630.199516610057 -330988.329221958 4810.43853594829 89.7253477299657 99.9598481850588 99.9598481850588 99.9598481850588 998795.929137504
284000 634.12372121414 -330997.060660733 4840.39277195274 -155.879429991442 99.9613196910522 99.9613196910522 99.9613196910522 998840.039523583
285000 630.783149327584 -331024.213328794 4814.89352082409 -177.639763691792 99.959567180423 99.959567180423 99.959567180423 998787.50579046
286000 631.913473870131 -330986.840575874 4823.52151337928 -3.149651356106 99.9625655104412 99.9625655104412 99.9625655104412 998877.38566308
287000 630.243380184118 -331034.347305452 4810.77335535298 -157.712463075577 99.9544748928676 99.9544748928676 99.9544748928676 998634.868452288
288000 630.326307630068 -331043.729919772 4811.4063570789 -84.1757801124565 99.9576635802861 99.9576635802861 99.9576635802861 998730.445044429
289000 629.597283722566 -330993.210471058 4805.84157226735 549.411501710576 99.9464361317554 99.9464361317554 99.9464361317554 998393.944525378
290000 625.690904193234 -331042.016429303 4776.02339861177 8.69938057803127 99.9538125492842 99.9538125492842 99.9538125492842 998615.016364175
291000 624.987165981428 -331007.77016984 4770.651624556 -185.946302891952 99.9576223674522 99.9576223674522 99.9576223674522 998729.209706585
292000 624.757617578454 -331058.952373287 4768.8994358373 -1013.47007142601 99.9699524384907 99.9699524384907 99.9699524384907 999098.843984378
293000 624.540110203923 -331043.41638359 4767.239158689 -306.260333191718 99.9590448060358 99.9590448060358 99.9590448060358 998771.847310753
294000 625.503128923966 -331048.542842595 4774.59007254983 209.570811880798 99.9422889037186 99.9422889037186 99.9422889037186 998269.666090537
295000 624.957845933244 -331077.564357548 4770.42781878347 60.0460867059245 99.9477141989245 99.9477141989245 99.9477141989245 998432.245966295
296000 625.13869599045 -331081.468422649 4771.80828332126 124.39447913776 99.9497549713871 99.9497549713871 99.9497549713871 998493.406383637
297000 623.657856568786 -331075.996481081 4760.50474082119 -80.1799957442851 99.9476728906439 99.9476728906439 99.9476728906439 998431.00801395
298000 624.338484379675 -331070.839412417 4765.70010857989 -292.870544807329 99.9570169758924 99.9570169758924 99.9570169758924 998711.063459467
299000 622.124040008235 -331093.355011791 4748.7968132594 -164.859723776088 99.9479383904284 99.9479383904284 99.9479383904284 998438.9646951
300000 622.322465682921 -331110.053639469 4750.31143598898 -144.424486235671 99.9488002498938 99.9488002498938 99.9488002498938 998464.793786921
301000 622.402860403928 -331084.106282211 4750.92510492053 0.481303503676445 99.9485860331986 99.9485860331986 99.9485860331986 998458.373878846
302000 626.046287776233 -331105.696657297 4778.73611234393 277.019952376857 99.9369906559338 99.9369906559338 99.9369906559338 998110.910481088
303000 620.088143733669 -331087.256976383 4733.2564111546 -478.340471094134 99.9628507788651 99.9628507788651 99.9628507788651 998885.937334074
304000 616.259163320715 -331102.061206938 4704.02904038329 -537.582963406912 99.961633356795 99.961633356795 99.961633356795 998849.442247167
305000 623.693185622189 -331136.499356032 4760.77441452841 -167.402738857667 99.9405851456497 99.9405851456497 99.9405851456497 998218.613197223
306000 620.898133959376 -331173.890324928 4739.43922801305 106.207219148287 99.934286884017 99.934286884017 99.934286884017 998029.901700829
307000 620.907063740936 -331140.678680782 4739.50739081579 2.53489877486484 99.9394069110025 99.9394069110025 99.9394069110025 998183.308564337
308000 623.495067968963 -331119.058235279 4759.26214298803 39.9346731692356 99.9462974616174 99.9462974616174 99.9462974616174 998389.788882435
309000 618.928583371899 -331152.671696134 4724.40525576333 -239.61754279679 99.9506529074133 99.9506529074133 99.9506529074133 998520.317642896
310000 618.422784315908 -331161.064306628 4720.54439074162 -191.991202189475 99.9469199561744 99.9469199561744 99.9469199561744 998408.443782995
311000 619.426742527947 -331105.14567043 4728.20780390583 -93.0389588161705 99.9527843174394 99.9527843174394 99.9527843174394 998584.198214127
312000 619.47816427929 -331172.73447054 4728.60031638439 152.839047123787 99.9367719763648 99.9367719763648 99.9367719763648 998104.358373065
313000 616.382629077402 -331150.373653933 4704.97147911608 382.525009617075 99.9286560981001 99.9286560981001 99.9286560981001 997861.209565569
314000 617.949450999035 -331188.613234911 4716.93134317839 365.015165146217 99.9228394456226 99.9228394456226 99.9228394456226 997686.969034628
315000 618.950208884664 -331169.404996864 4724.57032761316 -36.7073269600631 99.9294847480483 99.9294847480483 99.9294847480483 997886.033811046
316000 611.249635919662 -331160.799023805 4665.79031911841 -308.554533789394 99.9434607316493 99.9434607316493 99.9434607316493 998304.780775399
317000 611.977165954154 -331166.126314191 4671.34370089948 -659.675004955169 99.9519709003574 99.9519709003574 99.9519709003574 998559.818938252
318000 614.352481434609 -331157.29397724 4689.47495746356 355.698265065522 99.9253002029531 99.9253002029531 99.9253002029531 997760.679689667
319000 613.737329722122 -331187.861353443 4684.77938181615 636.636395668198 99.9233345536905 99.9233345536905 99.9233345536905 997701.799437303
320000 617.637322855648 -331172.094117353 4714.54880683945 -18.6564508857729 99.9318848109071 99.9318848109071 99.9318848109071 997957.935914877
321000 608.768105396026 -331158.72557563 4646.84830195654 34.1298991039868 99.9312887819063 99.9312887819063 99.9312887819063 997940.079502234
322000 611.070682669665 -331207.587008022 4664.42433328816 345.413785518823 99.9201021246459 99.9201021246459 99.9201021246459 997604.97833048
323000 608.757336349902 -331191.717892391 4646.76609968075 759.386528599237 99.9066305906037 99.9066305906037 99.9066305906037 997201.532258114
324000 610.415536514749 -331176.995795006 4659.4234720891 -5.76983359040662 99.928175286546 99.928175286546 99.928175286546 997846.80586269
325000 605.526761642892 -331222.372728225 4622.1064789507 182.928846225116 99.9219034587786 99.9219034587786 99.9219034587786 997658.933007968
326000 611.774469248097 -331217.931020676 4669.79647653604 -407.131191182536 99.9379073408917 99.9379073408917 99.9379073408917 998138.376636849
327000 607.367116691335 -331220.637784056 4636.15427589678 -72.6202295169061 99.9275239248463 99.9275239248463 99.9275239248463 997827.29319913
328000 610.283884535202 -331216.856628361 4658.41854628535 159.761633804339 99.9261572733012 99.9261572733012 99.9261572733012 997786.353620876
329000 606.941710253954 -331245.307398939 4632.90706375859 551.535014553708 99.9041471389517 99.9041471389517 99.9041471389517 997127.169619167
330000 612.02814514161 -331245.556907353 4671.73283519966 205.255233551339 99.9146288330685 99.9146288330685 99.9146288330685 997441.050840693
331000 606.245446716683 -331230.649149313 4627.59234538356 -443.114164376212 99.9369105053955 99.9369105053955 99.9369105053955 998108.508996049
332000 608.136450504288 -331246.10416554 4642.02675425212 -183.76006734585 99.9301857726911 99.9301857726911 99.9301857726911 997907.035048358
333000 607.260651330436 -331224.978215175 4635.34160457395 101.672021578853 99.928137638895 99.928137638895 99.928137638895 997845.67805542
334000 610.076194914206 -331258.239586795 4656.83321000688 32.6577705638768 99.9244961152871 99.9244961152871 99.9244961152871 997736.59327916
335000 600.831125798319 -331239.593101219 4586.26375450842 284.637816976397 99.9101746796646 99.9101746796646 99.9101746796646 997307.660241626
336000 607.206780377304 -331253.21464284 4634.93039684991 415.663713494269 99.9105719131594 99.9105719131594 99.9105719131594 997319.555894407
337000 603.777580712208 -331264.353167011 4608.75463222037 179.792716864521 99.9161145147123 99.9161145147123 99.9161145147123 997485.545883479
338000 604.010354802183 -331245.829271377 4610.53144325096 198.917027225264 99.9211512794282 99.9211512794282 99.9211512794282 997636.403028854
339000 601.36682929285 -331267.174674228 4590.35288607075 93.6760845021448 99.9195031328163 99.9195031328163 99.9195031328163 997587.037386578
340000 603.583402623205 -331277.00734007 4607.27243215902 270.574719158665 99.9114124130839 99.9114124130839 99.9114124130839 997344.726025469
341000 604.105168100523 -331289.430701376 4611.25517205752 -186.351496470484 99.9149485829367 99.9149485829367 99.9149485829367 997450.626995923
342000 599.945631509275 -331277.919471931 4579.50460008334 -247.921607118575 99.9217923572287 99.9217923572287 99.9217923572287 997655.605169126
343000 602.954884712724 -331305.364651186 4602.47482965788 45.9574003006438 99.9173821613395 99.9173821613395 99.9173821613395 997523.511988438
344000 600.877133640331 -331296.755255555 4586.61494153782 381.271626964935 99.8983969318032 99.8983969318032 99.8983969318032 996955.003860269
345000 600.15168547989 -331328.782733817 4581.07745111639 590.89368925551 99.9010881161175 99.9010881161175 99.9010881161175 997035.577584046
346000 598.946581057241 -331274.009331043 4571.87864882956 530.434795424997 99.906543179105 99.906543179105 99.906543179105 997198.914810093
347000 597.967251181576 -331310.251321438 4564.40322866636 61.3931869323618 99.9157446407811 99.9157446407811 99.9157446407811 997474.468314973
348000 600.898277100265 -331304.79158487 4586.77633378229 366.990811309092 99.9050664815631 99.9050664815631 99.9050664815631 997154.697303194
349000 597.783325819584 -331315.873204389 4562.9992897141 191.067798095047 99.9068785937825 99.9068785937825 99.9068785937825 997208.958484851
350000 597.136200683611 -331292.85083994 4558.05965455156 -385.374597038004 99.923090412049 99.923090412049 99.923090412049 997694.48643196
351000 597.715286919268 -331333.883292178 4562.47993522493 -284.814749124254 99.9200830848473 99.9200830848473 99.9200830848473 997604.40804901
352000 600.880867901974 -331323.333379598 4586.64344590134 -502.008810464599 99.9252285370087 99.9252285370087 99.9252285370087 997758.532923734
353000 596.967009580024 -331347.697862787 4556.76818513087 -63.8035028369303 99.9048764063168 99.9048764063168 99.9048764063168 997149.005878201
354000 593.601784494798 -331355.273664204 4531.08075122233 830.387013432935 99.8805799881213 99.8805799881213 99.8805799881213 996421.676282344
355000 597.26335074827 -331382.731206999 4559.03021634153 149.396546589324 99.8977428308958 99.8977428308958 99.8977428308958 996935.420816209
356000 594.155567949398 -331355.839964711 4535.30789072398 -113.093895251018 99.9019556279246 99.9019556279246 99.9019556279246 997061.551704934
357000 596.285923477228 -331390.597162312 4551.5693191387 -198.034941690614 99.905998874379 99.905998874379 99.905998874379 997182.61626424
358000 596.499542684485 -331363.083464462 4553.19991713111 -507.465841056755 99.9195939129469 99.9195939129469 99.9195939129469 997589.756410221
359000 593.980943435424 -331362.199171186 4533.9749469987 -256.896015473268 99.9093801969165 99.9093801969165 99.9093801969165 997283.868747943
360000 592.72791171736 -331365.254512785 4524.41030611201 -456.215593893763 99.924760924498 99.924760924498 99.924760924498 997744.525584561
361000 589.662239824086 -331379.967394945 4501.00942143138 -188.990001956345 99.9154183210361 99.9154183210361 99.9154183210361 997464.695244104
362000 590.803183067662 -331377.088498099 4509.71846864828 222.210844721557 99.8975061498602 99.8975061498602 99.8975061498602 996928.334915904
363000 591.655641935748 -331405.428049406 4516.22545711983 420.64769452565 99.8859583418191 99.8859583418191 99.8859583418191 996582.650421344
364000 594.469601642553 -331410.023289701 4537.70497250415 -274.875309504596 99.9035461710249 99.9035461710249 99.9035461710249 997109.17523574
365000 589.921979634521 -331384.222970216 4502.99206718166 98.9838134007586 99.8974165191195 99.8974165191195 99.8974165191195 996925.651505227
366000 592.189402450142 -331399.753096179 4520.29975752745 90.9934478507209 99.8929239453075 99.8929239453075 99.8929239453075 996791.156716013
367000 591.241636130264 -331429.933710356 4513.06526827754 -287.139160010888 99.8984659092529 99.8984659092529 99.8984659092529 996957.068982329
368000 589.105489459541 -331415.295923461 4496.75963491469 -221.301978908208 99.9039127474712 99.9039127474712 99.9039127474712 997120.151365014
369000 587.193313379625 -331407.501950818 4482.16361371838 -266.465255548718 99.9096419800769 99.9096419800769 99.9096419800769 997291.708036101
370000 584.62439786676 -331392.87963679 4462.55456951417 -172.674939712233 99.9085234031791 99.9085234031791 99.9085234031791 997258.21172023
371000 586.198149730223 -331441.07753241 4474.56733120391 43.6738417522114 99.896519710186 99.896519710186 99.896519710186 996898.80264861
372000 590.696560154052 -331399.145961737 4508.9045946942 -119.670318281353 99.9029507096263 99.9029507096263 99.9029507096263 997091.345944153
373000 587.020250772822 -331428.417395408 4480.84259234189 723.807998382417 99.8732068160306 99.8732068160306 99.8732068160306 996201.025395976
374000 591.459663912321 -331437.561453753 4514.72951780022 20.7552238834228 99.8884673150008 99.8884673150008 99.8884673150008 996657.749924557
375000 583.925800744058 -331434.353308123 4457.22203841636 15.4982772724251 99.8925070283797 99.8925070283797 99.8925070283797 996778.676031023
376000 585.958330762893 -331426.386707956 4472.73674522012 -17.1671035351484 99.8925736491145 99.8925736491145 99.8925736491145 996780.670359949
377000 585.85962652649 -331458.158106914 4471.98331610768 386.247121400495 99.8815567989167 99.8815567989167 99.8815567989167 996450.91094345
378000 581.931403982093 -331467.147949237 4441.99841036387 183.886020431726 99.882920493428 99.882920493428 99.882920493428 996491.725481218
379000 582.399673063906 -331464.929712529 4445.57280161137 -158.669854821607 99.8908554545111 99.8908554545111 99.8908554545111 996729.236094687
380000 580.369500499075 -331438.461952418 4430.07608972396 -167.528722891547 99.9025893795469 99.9025893795469 99.9025893795469 997080.527110787
381000 577.173433711147 -331470.867633283 4405.67987481917 -124.612912796271 99.8914294088244 99.8914294088244 99.8914294088244 996746.417256929
382000 581.897778652227 -331460.365967795 4441.74174151804 111.059989429855 99.884477129468 99.884477129468 99.884477129468 996538.31600241
383000 579.046704129649 -331479.343226046 4419.97892134636 -26.6551978132056 99.8959029442766 99.8959029442766 99.8959029442766 996880.338059384
384000 579.020603881741 -331499.46107238 4419.77969295118 468.394109237627 99.8705492746601 99.8705492746601 99.8705492746601 996121.503317622
385000 582.091247081374 -331467.998847368 4443.21852460424 736.500245840541 99.870977105992 99.870977105992 99.870977105992 996134.30510408
386000 579.71117034627 -331493.021695347 4425.0509244343 436.244091352563 99.8805323431522 99.8805323431522 99.8805323431522 996420.25034577
387000 582.213700220618 -331466.042685155 4444.15323382622 158.741653986069 99.8849963735982 99.8849963735982 99.8849963735982 996553.857437154
388000 580.738505081223 -331514.096447422 4432.89277525786 -400.101668479225 99.8954614495243 99.8954614495243 99.8954614495243 996867.120835859
389000 579.786231298911 -331499.317198265 4425.62387964866 -218.214996502351 99.8871876749658 99.8871876749658 99.8871876749658 996619.44679946
390000 577.87666342638 -331511.537041938 4411.04776741925 -132.177276461868 99.8818633259612 99.8818633259612 99.8818633259612 996460.085012214
391000 579.277045763181 -331516.889881145 4421.73716495202 243.478740122226 99.8752050413552 99.8752050413552 99.8752050413552 996260.821431638
392000 577.807097279051 -331515.223147879 4410.51675514918 241.618988552307 99.8758671074208 99.8758671074208 99.8758671074208 996280.634002371
393000 576.722795786398 -331490.056037908 4402.24006570819 129.853216261786 99.8809264053305 99.8809264053305 99.8809264053305 996432.044027912
394000 577.08131482653 -331533.00408691 4404.97671300967 112.003975880864 99.8804218994817 99.8804218994817 99.8804218994817 996416.944951251
395000 573.672360790443 -331513.084679294 4378.95548730216 16.0474350541748 99.8813403088134 99.8813403088134 99.8813403088134 996444.431630353
396000 574.350986429479 -331541.031055526 4384.13557208398 -7.83483441105639 99.8785264183778 99.8785264183778 99.8785264183778 996360.217508201
397000 576.251205512844 -331534.204428899 4398.64032314208 527.042995722391 99.8602201524158 99.8602201524158 99.8602201524158 995812.463363135
398000 574.344471271608 -331568.098571492 4384.0858405852 390.591023061671 99.8619662878023 99.8619662878023 99.8619662878023 995864.701995782
399000 572.698891079056 -331548.447352676 4371.52479894108 -359.622245300943 99.8837803842992 99.8837803842992 99.8837803842992 996517.462058921
400000 574.767359250811 -331538.946943244 4387.31382883009 213.911300068871 99.868558313533 99.868558313533 99.868558313533 996061.930210166
401000 571.291766783279 -331564.397098429 4360.78393869148 -586.515401615461 99.8844259276398 99.8844259276398 99.8844259276398 996536.783495288
402000 571.992787854372 -331522.911817417 4366.13497227055 -727.508731333549 99.8945512505439 99.8945512505439 99.8945512505439 996839.872175415
403000 571.555764318731 -331575.744252374 4362.79908450556 -178.331552449174 99.875278028215 99.875278028215 99.875278028215 996263.005577402
404000 570.115167069023 -331567.076072667 4351.80271852602 455.267093553933 99.8657398285277 99.8657398285277 99.8657398285277 995977.600173777
405000 572.757098775396 -331592.633399753 4371.96910989052 71.2034582599682 99.8654200935871 99.8654200935871 99.8654200935871 995968.033895497
406000 572.524189034442 -331564.295791693 4370.19126340897 28.0796218258144 99.8811775939982 99.8811775939982 99.8811775939982 996439.56177157
407000 569.67170899412 -331579.564418142 4348.41771464016 154.98860702625 99.8676333825723 99.8676333825723 99.8676333825723 996034.255434408
408000 568.527828327954 -331594.483516235 4339.68624549107 153.345144804025 99.8628105373769 99.8628105373769 99.8628105373769 995889.959823866
409000 565.620230463524 -331579.980501316 4317.49197138351 -193.525127739162 99.8728873510721 99.8728873510721 99.8728873510721 996191.465765981
410000 566.37359039497 -331568.789406594 4323.24251791703 70.5661067271935 99.8764678438015 99.8764678438015 99.8764678438015 996298.611487005
411000 568.950382568018 -331585.44049421 4342.91168623858 283.090786999303 99.8615633398668 99.8615633398668 99.8615633398668 995852.646955565
412000 568.851588614786 -331599.749561661 4342.1575722997 380.560560961734 99.8572820348273 99.8572820348273 99.8572820348273 995724.568663153
413000 565.674412779045 -331601.564238157 4317.90555579873 238.773844239759 99.8573338923784 99.8573338923784 99.8573338923784 995726.119953061
414000 564.889785330452 -331605.028043177 4311.91633807387 -126.972289966952 99.875312113396 99.875312113396 99.875312113396 996264.025584068
415000 564.507321033886 -331620.757642694 4308.99691185673 -483.299557137248 99.8742770380359 99.8742770380359 99.8742770380359 996233.051032815
416000 564.055820647445 -331614.369910862 4305.55051940372 -166.316361423101 99.8722636549419 99.8722636549419 99.8722636549419 996172.802536193
417000 565.258980386988 -331616.506587329 4314.73447753675 -2.47052520831227 99.8752629918269 99.8752629918269 99.8752629918269 996262.555610347
418000 561.376561957252 -331639.212731644 4285.09920373086 41.2911668313227 99.8668433847669 99.8668433847669 99.8668433847669 996010.618387304
419000 561.210916250823 -331628.012249323 4283.83479703343 -180.678344674874 99.86895024695 99.86895024695 99.86895024695 996073.657369177
420000 564.809150882728 -331657.350001048 4311.30083926051 -195.625061088465 99.8641959606101 99.8641959606101 99.8641959606101 995931.40913484
421000 563.536381591109 -331627.320359324 4301.58553754034 101.302549987667 99.8621544245326 99.8621544245326 99.8621544245326 995870.330537522
422000 560.27160869686 -331652.793557697 4276.66487522994 597.240279210654 99.8482169195263 99.8482169195263 99.8482169195263 995453.415520051
423000 561.347583926765 -331653.046705282 4284.87800864759 96.6092849566862 99.8614244837529 99.8614244837529 99.8614244837529 995848.492803607
424000 557.647763649802 -331684.913426931 4256.63654294143 -574.908079382553 99.8683182669354 99.8683182669354 99.8683182669354 996054.747748337
425000 560.99738141238 -331642.976307704 4282.20484304498 -235.597343695392 99.8681360023854 99.8681360023854 99.8681360023854 996049.294212857
426000 561.561997697664 -331686.902115614 4286.51467170269 177.136038184503 99.8542182855427 99.8542182855427 99.8542182855427 995632.921160564
427000 560.214465814421 -331665.431333442 4276.22869221727 -130.899553848588 99.8546122967953 99.8546122967953 99.8546122967953 995644.707105988
428000 563.041025588086 -331690.933470064 4297.80438642367 -97.9001988226051 99.8537310926991 99.8537310926991 99.8537310926991 995618.348029581
429000 555.229010662492 -331681.425967669 4238.17371922857 283.696058910268 99.8484480670338 99.8484480670338 99.8484480670338 995460.328926685
430000 561.354184495089 -331705.792429828 4284.92839210139 489.006839180559 99.8400858546218 99.8400858546218 99.8400858546218 995210.243309412
431000 556.899691612038 -331697.05893653 4250.92635995449 418.939992240308 99.849306612823 99.849306612823 99.849306612823 995486.00751175
432000 561.195652185339 -331706.355313943 4283.71828337881 113.014285907807 99.852545484265 99.852545484265 99.852545484265 995582.884172135
433000 554.251433662164 -331683.002971899 4230.71167911225 -55.5202231137593 99.8518337750864 99.8518337750864 99.8518337750864 995561.595968927
434000 555.386921622975 -331678.051163245 4239.37908506834 -132.061288349268 99.8510464173178 99.8510464173178 99.8510464173178 995538.045365615
435000 555.313768893215 -331709.791970871 4238.82069569962 -53.1969816768763 99.8528566913892 99.8528566913892 99.8528566913892 995592.192901833
436000 556.431203520019 -331705.361539914 4247.35029695843 -155.856607309646 99.8524234396542 99.8524234396542 99.8524234396542 995579.233627928
437000 550.390256494194 -331680.488836714 4201.23854409171 804.135840893205 99.8326363429158 99.8326363429158 99.8326363429158 994987.488777632
438000 554.667535640865 -331726.328607951 4233.88786846256 492.664091795522 99.8418590295365 99.8418590295365 99.8418590295365 995263.269501178
439000 554.801778547332 -331725.707407578 4234.91257132796 325.071760168451 99.8422738272759 99.8422738272759 99.8422738272759 995275.674158107
440000 553.909934344665 -331717.646759738 4228.10494674639 149.029831810784 99.8473584093801 99.8473584093801 99.8473584093801 995427.738561493
441000 555.198043972164 -331752.650761975 4237.93734430832 -186.080933605404 99.8551835965762 99.8551835965762 99.8551835965762 995661.796397438
442000 551.934889560314 -331727.703606841 4213.0290361967 -281.635317361577 99.8573148326227 99.8573148326227 99.8573148326227 995725.549790841
443000 552.755544086347 -331739.619929227 4219.2932557854 -216.13978324736 99.8527430635377 99.8527430635377 99.8527430635377 995588.794094524
444000 548.876035657119 -331759.677773781 4189.68019459347 -99.7635909519323 99.8416863469636 99.8416863469636 99.8416863469636 995258.10540488
445000 551.683259098145 -331736.75744242 4211.10829071828 115.79174264284 99.8391406669183 99.8391406669183 99.8391406669183 995181.978562709
446000 552.115547949439 -331784.50941593 4214.40803769382 125.599364901319 99.8354213902072 99.8354213902072 99.8354213902072 995070.763084062
447000 549.890263151276 -331737.186350267 4197.42199523521 201.756765223955 99.8397400114292 99.8397400114292 99.8397400114292 995199.901206056
448000 547.579786344786 -331770.808336247 4179.78566519462 45.8999103799557 99.8399272148768 99.8399272148768 99.8399272148768 995205.499333674
449000 549.127216973773 -331749.996507902 4191.59751165465 -745.333461812618 99.8596214935515 99.8596214935515 99.8596214935515 995794.553877751
450000 545.212390131124 -331783.836802336 4161.71485797262 -341.054533792319 99.8490384944256 99.8490384944256 99.8490384944256 995477.9882053
451000 548.555102484917 -331777.414819518 4187.23044771437 -191.217091152859 99.843422564979 99.843422564979 99.843422564979 995310.028058588
452000 544.6104949333 -331798.161240199 4157.12047194422 334.657171945865 99.828847217478 99.828847217478 99.828847217478 994874.199493205
453000 546.117276118168 -331778.174245325 4168.62203309413 339.431094142771 99.8316575198232 99.8316575198232 99.8316575198232 994958.222581196
454000 545.361900796298 -331749.17590882 4162.85610268375 45.7239390166957 99.8426960425588 99.8426960425588 99.8426960425588 995288.300744859
455000 545.510455918767 -331782.480036047 4163.99005354692 -20.6865782869554 99.8455506360721 99.8455506360721 99.8455506360721 995373.671779639
456000 543.458997465132 -331805.919064294 4148.33086222709 -59.7825172038621 99.834857218699 99.834857218699 99.834857218699 995053.893698638
457000 545.811209150743 -331807.485997242 4166.28576291956 -61.0815601640122 99.8358437870614 99.8358437870614 99.8358437870614 995083.393366954
458000 545.052986043347 -331817.140157533 4160.49809479458 35.6980818721021 99.8314273132557 99.8314273132557 99.8314273132557 994951.339632598
459000 543.822345749192 -331814.623418455 4151.10437211015 35.0768168215842 99.8295614328883 99.8295614328883 99.8295614328883 994895.552827076
460000 541.164023449018 -331805.020754612 4130.81286807581 371.716502497902 99.8231545694177 99.8231545694177 99.8231545694177 994704.013843708
461000 541.440529251679 -331801.219980178 4132.92349198693 -109.183750650549 99.8354025765909 99.8354025765909 99.8354025765909 995070.20053194
462000 539.709332833018 -331826.329790629 4119.70892462196 -205.987881759592 99.835418816411 99.835418816411 99.835418816411 995070.686124124
463000 542.976726721789 -331823.504178294 4144.64959350601 -235.931013372041 99.8331215342629 99.8331215342629 99.8331215342629 995001.995907283
464000 539.816385505116 -331849.335791138 4120.52607900824 324.311208446282 99.8215482902779 99.8215482902779 99.8215482902779 994655.996529352
465000 540.024270587163 -331824.577708505 4122.11290727988 176.138130405483 99.8208222509368 99.8208222509368 99.8208222509368 994634.29317539
466000 539.776956164569 -331813.104012781 4120.22510699189 27.2361513009642 99.8327052490754 99.8327052490754 99.8327052490754 994989.549050199
467000 539.006023787835 -331870.843526596 4114.34042648056 -693.56874092501 99.843312689813 99.843312689813 99.843312689813 995306.742121527
468000 538.713381165818 -331820.279222051 4112.10662701054 -575.006227781273 99.8468729232925 99.8468729232925 99.8468729232925 995413.218478752
469000 538.075813398876 -331837.689375437 4107.239945151 123.677814469653 99.8254449321028 99.8254449321028 99.8254449321028 994772.483486002
470000 538.417595741519 -331848.327146107 4109.8488379042 -122.289007852775 99.832733230951 99.832733230951 99.832733230951 994990.38570032
471000 539.678022627118 -331854.750015714 4119.46992757886 143.045096823824 99.8238814214407 99.8238814214407 99.8238814214407 994725.742506532
472000 538.74364178709 -331864.196493863 4112.33761236494 220.659436824051 99.8170156154957 99.8170156154957 99.8170156154957 994520.507323444
473000 539.312223283681 -331870.708466663 4116.67770827098 -296.531764359435 99.8319323215422 99.8319323215422 99.8319323215422 994966.438922263
474000 535.501806216548 -331869.631930091 4087.59203521878 -508.864792869018 99.8366589465271 99.8366589465271 99.8366589465271 995107.76812775
475000 533.699535705258 -331859.172584323 4073.83494513667 -337.496766590766 99.8310407178885 99.8310407178885 99.8310407178885 994939.780885038
476000 535.053254366128 -331898.908449699 4084.168149529 52.2972993002594 99.8210253491534 99.8210253491534 99.8210253491534 994640.364319393
477000 533.656248133143 -331884.082439158 4073.50452246965 123.965244794355 99.8121561063015 99.8121561063015 99.8121561063015 994375.262159431
478000 535.769463276333 -331886.084346224 4089.6351149116 761.87957539692 99.8008610824693 99.8008610824693 99.8008610824693 994037.721469507
479000 532.236498493468 -331892.853648298 4062.66729045331 421.848257278839 99.8172366426438 99.8172366426438 99.8172366426438 994527.113908008
480000 530.531485486517 -331903.524401378 4049.65258628938 200.349744969757 99.8119860578512 99.8119860578512 99.8119860578512 994370.17986212
481000 531.885428434311 -331906.397185791 4059.98750270851 92.1155627248671 99.8177797979511 99.8177797979511 99.8177797979511 994543.349148666
482000 530.833073570409 -331892.753187537 4051.9546682531 -123.468562621496 99.8200823776104 99.8200823776104 99.8200823776104 994612.176609569
483000 530.506053304107 -331911.502688878 4049.45845737132 161.422240586694 99.8093629605818 99.8093629605818 99.8093629605818 994291.78463347
484000 533.272736738084 -331913.110967199 4070.57710354098 780.970261286432 99.7952939998917 99.7952939998917 99.7952939998917 993871.382782583
485000 529.712664800214 -331911.393174702 4043.40236476491 406.840254514995 99.8078568735513 99.8078568735513 99.8078568735513 994246.774807124
486000 529.805084991224 -331896.808107595 4044.10782650619 -106.863100842168 99.8157075744912 99.8157075744912 99.8157075744912 994481.410084913
487000 530.43242171305 -331919.39981357 4048.89641275886 -311.92047508438 99.8226931361827 99.8226931361827 99.8226931361827 994690.219828543
488000 527.68479420317 -331932.108676447 4027.92322425651 -490.745852645242 99.8274572346748 99.8274572346748 99.8274572346748 994832.643205231
489000 528.065955941978 -331907.714562129 4030.83270779063 84.1851912106862 99.8107327943312 99.8107327943312 99.8107327943312 994332.723672533
490000 530.969311895184 -331950.684605244 4052.99460254423 286.14757265332 99.8004652178212 99.8004652178212 99.8004652178212 994025.892829123
491000 528.026370345825 -331963.756381684 4030.5305430441 329.583403024785 99.8049877147473 99.8049877147473 99.8049877147473 994161.032963562
492000 526.95696562212 -331938.547424374 4022.36756361005 162.919508805398 99.8075163536804 99.8075163536804 99.8075163536804 994236.598465133
493000 526.023620277729 -331950.030053038 4015.24315254074 70.855345699131 99.8101642417063 99.8101642417063 99.8101642417063 994315.731694498
494000 528.252745186653 -331948.228880959 4032.25850733031 130.141765573841 99.8104434667278 99.8104434667278 99.8104434667278 994324.076694542
495000 527.346547719564 -331987.003948083 4025.34132142018 339.386502708863 99.798188961118 99.798188961118 99.798188961118 993957.878922866
496000 526.183444536204 -331970.598916064 4016.46312296548 -26.2097982949764 99.8066224847051 99.8066224847051 99.8066224847051 994209.885768855
497000 520.130536186635 -331951.925290714 3970.26006693022 -107.820717560202 99.815594994853 99.815594994853 99.815594994853 994478.045136637
498000 523.45546700227 -331960.580855918 3995.6399266466 -568.663017636324 99.8217846877058 99.8217846877058 99.8217846877058 994663.063180193
499000 525.004263816264 -331970.952656091 4007.46220146913 -157.33202297488 99.8099154512375 99.8099154512375 99.8099154512375 994308.296309668
500000 526.00423400477 -332003.142703629 4015.09517325474 -302.145074786672 99.8073191764047 99.8073191764047 99.8073191764047 994230.705908626
501000 523.352226812294 -331949.257267927 3994.85187369633 -67.709083178114 99.8151461850055 99.8151461850055 99.8151461850055 994464.630513414
502000 521.392097914245 -331991.05629708 3979.88981908017 132.754844363174 99.8037000400183 99.8037000400183 99.8037000400183 994122.553738678
503000 521.471416023403 -331984.27073874 3980.49527001886 -277.994627241278 99.8160214699969 99.8160214699969 99.8160214699969 994490.792302433
504000 522.404639294216 -332011.563735394 3987.61874927621 -578.580578503892 99.8208222776772 99.8208222776772 99.8208222776772 994634.29397473
505000 515.817244575395 -331989.615088385 3937.33585223849 12.7683209662389 99.8007766961957 99.8007766961957 99.8007766961957 994035.199956148
506000 520.944920919618 -331996.598801358 3976.47642793872 202.183869985929 99.8052086269774 99.8052086269774 99.8052086269774 994167.634521923
507000 520.758518036405 -332026.290563938 3975.0535775731 413.149604311649 99.7826317570798 99.7826317570798 99.7826317570798 993493.11712788
508000 519.294264538275 -332024.442806127 3963.87663873365 238.734327965101 99.78864285811 99.78864285811 99.78864285811 993672.677854017
509000 516.736783652816 -332003.109003389 3944.35487731984 -114.663385821115 99.8058233685011 99.8058233685011 99.8058233685011 994186.005102955
510000 518.586306762621 -332032.767571841 3958.47265590588 -112.627766225429 99.7973944642984 99.7973944642984 99.7973944642984 993934.140313125
511000 518.16390298314 -332016.687747956 3955.248363654 277.219436645991 99.791601006348 99.791601006348 99.791601006348 993761.050181808
512000 518.614834031958 -332024.63521401 3958.69041023943 -151.643476110708 99.8000091862827 99.8000091862827 99.8000091862827 994012.266487254
513000 515.340271799005 -332040.861886031 3933.69502395527 -200.744609008513 99.7950293514372 99.7950293514372 99.7950293514372 993863.475821723
514000 515.876067280002 -332036.330056694 3937.78485766864 -360.273817029434 99.8084586297221 99.8084586297221 99.8084586297221 994264.758293332
515000 512.382613693838 -332074.009314413 3911.11863005103 -343.372557341712 99.8018508535047 99.8018508535047 99.8018508535047 994067.296750472
516000 514.884311082066 -332029.710401357 3930.21458491045 -250.751549082701 99.7993145588904 99.7993145588904 99.7993145588904 993991.511078059
517000 514.661214540348 -332068.871795677 3928.51164453485 -373.261454076494 99.8020996707035 99.8020996707035 99.8020996707035 994074.731732531
518000 512.410698607185 -332075.863075038 3911.33300779312 322.747614092808 99.7824911312952 99.7824911312952 99.7824911312952 993488.916680878
519000 511.782035001864 -332050.129116359 3906.53429317422 -19.8155155377051 99.7901736656299 99.7901736656299 99.7901736656299 993718.408858033
520000 511.124554930588 -332040.086536836 3901.51561672633 -624.417699666496 99.8103143042163 99.8103143042163 99.8103143042163 994320.216500427
521000 513.321761262682 -332060.773399924 3918.28733065621 -181.287189426448 99.7975162665563 99.7975162665563 99.7975162665563 993937.779593618
522000 514.553541170274 -332083.056495747 3927.68975223718 204.030105772551 99.7835277793118 99.7835277793118 99.7835277793118 993519.881302116
523000 507.973069237528 -332094.638831288 3877.45969820558 -25.1084245124365 99.7852330761252 99.7852330761252 99.7852330761252 993570.819827146
524000 510.692823071515 -332054.728909953 3898.22012138344 -133.80721245489 99.7994936689477 99.7994936689477 99.7994936689477 993996.862844154
525000 508.029952595034 -332081.907897485 3877.8939002127 -105.798211269637 99.7901707727161 99.7901707727161 99.7901707727161 993718.322434444
526000 511.023960738613 -332080.169888976 3900.74776120627 -337.388951585613 99.7964505403406 99.7964505403406 99.7964505403406 993905.937491437
527000 508.810491389284 -332072.769561845 3883.85190842391 29.9987303412382 99.7842251374857 99.7842251374857 99.7842251374857 993540.711715742
528000 506.030187957691 -332090.378946627 3862.62929809742 -10.2511328691312 99.784128138937 99.784128138937 99.784128138937 993537.81430646
529000 507.725090027634 -332073.943758768 3875.56682346362 -636.664978254776 99.8029125655294 99.8029125655294 99.8029125655294 994099.022347371
530000 508.239689586741 -332103.157232364 3879.49486447994 -262.988250450444 99.7924533797592 99.7924533797592 99.7924533797592 993786.515132454
531000 505.607964198165 -332102.612395611 3859.40637997374 -10.3715367609778 99.786147148683 99.786147148683 99.786147148683 993598.124592952
532000 509.598327713398 -332135.003909236 3889.86562013528 -58.5503797091769 99.7862474541384 99.7862474541384 99.7862474541384 993601.120903025
533000 509.859369409996 -332142.621323996 3891.85820344217 -105.686364809324 99.7817234608899 99.7817234608899 99.7817234608899 993465.986821247
534000 509.260988285441 -332113.20217668 3887.29064103554 342.764594957926 99.778116641564 99.778116641564 99.778116641564 993358.257990533
535000 505.198002860587 -332119.05655305 3856.27706336121 328.42463889969 99.774781318966 99.774781318966 99.774781318966 993258.645181398
536000 505.640871430347 -332136.188225811 3859.6575674368 -209.747195979801 99.786173042062 99.786173042062 99.786173042062 993598.898075653
537000 503.958945560137 -332116.64219926 3846.81909198986 -545.49608804089 99.7937199469388 99.7937199469388 99.7937199469388 993824.355068734
538000 503.823928432908 -332162.787046373 3845.78847934305 -266.056821801321 99.7817349423434 99.7817349423434 99.7817349423434 993466.329762851
539000 504.150073181642 -332136.796247025 3848.27800722471 -47.0564214214541 99.7823692665205 99.7823692665205 99.7823692665205 993485.276628788
540000 503.273744948163 -332148.846120169 3841.58881912894 -100.543822547425 99.7832359344891 99.7832359344891 99.7832359344891 993511.163847683
541000 501.067971956655 -332146.553003378 3824.75171418004 461.965328382949 99.7675068834036 99.7675068834036 99.7675068834036 993041.409849925
542000 503.728222337874 -332158.612974122 3845.05793564134 265.715782692392 99.7751161755225 99.7751161755225 99.7751161755225 993268.645713039
543000 503.283249126435 -332145.936381699 3841.66136641627 217.213461302176 99.7712999926123 99.7712999926123 99.7712999926123 993154.678924527
544000 498.843017876591 -332161.299120378 3807.7681961586 138.389751414973 99.7725892654778 99.7725892654778 99.7725892654778 993193.180896295
545000 499.247154857959 -332153.231748064 3810.85305429913 -171.687912401217 99.7756333776235 99.7756333776235 99.7756333776235 993284.092148376
546000 501.628721871173 -332173.964466265 3829.03203005895 132.106963098171 99.7704741185341 99.7704741185341 99.7704741185341 993130.016103188
547000 497.063176712308 -332173.161544818 3794.18231375331 135.049345701923 99.7652770702289 99.7652770702289 99.7652770702289 992974.827630969
548000 500.999470117611 -332191.111141496 3824.22882598729 -304.801331611209 99.7790922983287 99.7790922983287 99.7790922983287 993387.398233316
549000 502.206480039205 -332183.801763308 3833.4421733274 54.5770630598775 99.7746455951308 99.7746455951308 99.7746455951308 993254.591791727
550000 496.68760879009 -332178.169722991 3791.3155289363 672.597101498218 99.7571162595928 99.7571162595928 99.7571162595928 992731.171212868
551000 499.462441957381 -332200.787334173 3812.49638364492 384.654404657092 99.7675753017979 99.7675753017979 99.7675753017979 993043.452870167
552000 499.21213175181 -332197.841461587 3810.5857159483 -60.5054764094753 99.7740299267702 99.7740299267702 99.7740299267702 993236.205006713
553000 496.478955765506 -332186.665574298 3789.7228388062 294.927355415525 99.7643507169847 99.7643507169847 99.7643507169847 992947.167599175
554000 497.281035858832 -332190.82738205 3795.84527604736 -477.072185830169 99.7814831268885 99.7814831268885 99.7814831268885 993458.808259706
555000 494.852485164963 -332234.908300824 3777.30766448723 -452.589445186655 99.7728101332176 99.7728101332176 99.7728101332176 993199.776840739
556000 495.689317256131 -332209.480886883 3783.69537065547 -191.709239601431 99.7698180328461 99.7698180328461 99.7698180328461 993110.423910883
557000 494.514071664942 -332231.074578924 3774.72448678132 205.242810810236 99.7611046369372 99.7611046369372 99.7611046369372 992850.246772469
558000 494.891276184012 -332214.07943019 3777.60376406834 710.024464603061 99.7472165445523 99.7472165445523 99.7472165445523 992435.650026443
559000 494.076460062789 -332236.609625994 3771.38411018741 497.933809642637 99.7491768456118 99.7491768456118 99.7491768456118 992494.163264936
560000 494.281124761558 -332235.323077767 3772.94635663153 -23.4438266014243 99.7658124036804 99.7658124036804 99.7658124036804 992990.812415749
561000 491.884209415288 -332238.805071885 3754.65022398591 -368.914219910909 99.7703847519572 99.7703847519572 99.7703847519572 993127.347401313
562000 493.317361632028 -332234.4848904 3765.5897605447 -555.828205691333 99.780021465016 99.780021465016 99.780021465016 993415.150472351
563000 492.722937535578 -332243.141425471 3761.0524029224 32.9378807696153 99.7592721467076 99.7592721467076 99.7592721467076 992795.535420878
564000 490.749012345159 -332216.030668197 3745.98503845638 298.701834056684 99.7583084704358 99.7583084704358 99.7583084704358 992766.764433351
565000 488.243951630435 -332235.482736742 3726.86341065537 -111.115390708337 99.7613532814477 99.7613532814477 99.7613532814477 992857.670528845
566000 491.048461403484 -332243.821954383 3748.27079281155 -304.504227868979 99.7687479674329 99.7687479674329 99.7687479674329 993078.469906974
567000 488.112965035649 -332261.656329662 3725.86356386614 28.6253747955891 99.7627205987326 99.7627205987326 99.7627205987326 992898.495057068
568000 489.009113609438 -332235.063449705 3732.70404457054 19.1097631852603 99.7619805756222 99.7619805756222 99.7619805756222 992876.399758008
569000 489.503671419381 -332282.690247072 3736.47910292031 225.06830662774 99.7530199004969 99.7530199004969 99.7530199004969 992608.881700191
570000 485.779977042859 -332263.070498981 3708.05540145309 117.757613275397 99.754652969255 99.754652969255 99.754652969255 992657.632858594
571000 485.747101649168 -332262.137980491 3707.80445701957 -424.317711728906 99.7616379929062 99.7616379929062 99.7616379929062 992866.17117823
572000 485.930846023832 -332275.370965978 3709.20701445948 131.203892962543 99.7532488753939 99.7532488753939 99.7532488753939 992615.717073346
573000 487.509008154522 -332295.517301446 3721.25344059811 101.98507695179 99.7518305798497 99.7518305798497 99.7518305798497 992573.378529548
574000 485.129083450128 -332286.151714728 3703.08700090889 94.4972656777711 99.7497580407201 99.7497580407201 99.7497580407201 992511.511862646
575000 486.398186497153 -332304.751869904 3712.77431745324 -29.6493290965477 99.7516986289512 99.7516986289512 99.7516986289512 992569.439631131
576000 485.41330097161 -332310.223855039 3705.25648990705 -120.884506473367 99.7586211762792 99.7586211762792 99.7586211762792 992776.100345707
577000 483.697138129189 -332306.354810686 3692.15667682634 70.6866733630881 99.7500191576917 99.7500191576917 99.7500191576917 992519.306235799
578000 485.226920371713 -332276.598210023 3703.83380963443 -556.313787241685 99.7709206483739 99.7709206483739 99.7709206483739 993143.350634542
579000 482.929933962729 -332320.561598946 3686.30045448721 -223.587330911329 99.7581982746833 99.7581982746833 99.7581982746833 992763.474525129
580000 485.530176498084 -332328.931030793 3706.1486240989 413.262223810265 99.739806128599 99.739806128599 99.739806128599 992214.476497837
581000 482.220159486957 -332301.701713543 3680.8826044253 241.551087553891 99.7454042129391 99.7454042129391 99.7454042129391 992381.555589963
582000 482.640235521926 -332307.258257579 3684.0891285393 257.090319559676 99.7453967794586 99.7453967794586 99.7453967794586 992381.333719637
583000 483.206767700573 -332335.866329591 3688.41358159296 -311.768094743502 99.7537108505937 99.7537108505937 99.7537108505937 992629.508081852
584000 481.864305877987 -332344.099539359 3678.16630289122 -175.540888767445 99.7462263358331 99.7462263358331 99.7462263358331 992406.094053486
585000 479.628878526743 -332317.501958018 3661.10284030308 147.246719894633 99.7475855470122 99.7475855470122 99.7475855470122 992446.664245092
586000 478.482426230513 -332332.288811408 3652.35174138907 -268.728977223888 99.7537275968509 99.7537275968509 99.7537275968509 992630.007998048
587000 478.638958185071 -332326.360198278 3653.54658100171 -349.299708665683 99.7579915959143 99.7579915959143 99.7579915959143 992757.304123759
588000 480.453123465617 -332353.995639411 3667.3944662287 548.636848931097 99.7309579923514 99.7309579923514 99.7309579923514 991950.435376876
589000 478.39755297244 -332363.584238398 3651.70388689134 212.323900592634 99.7340217984784 99.7340217984784 99.7340217984784 992041.858458989
590000 478.397508917743 -332350.868880463 3651.70355061306 308.202261439423 99.7329449894403 99.7329449894403 99.7329449894403 992009.726150879
591000 477.760112347634 -332351.517289906 3646.83817553307 57.0140030978852 99.738992419322 99.738992419322 99.738992419322 992190.19228568
592000 472.597265756497 -332350.967060408 3607.42913832722 -73.2730245953981 99.7418795063159 99.7418795063159 99.7418795063159 992276.355848669
593000 478.558936725313 -332366.237971913 3652.93576124769 218.452757799857 99.742007428453 99.742007428453 99.742007428453 992280.173731654
594000 475.030732801199 -332361.430463077 3626.00427737329 -199.28726599003 99.7452185504403 99.7452185504403 99.7452185504403 992376.014050543
595000 473.586021096383 -332380.21931657 3614.97650493772 -409.136747072767 99.7490526101838 99.7490526101838 99.7490526101838 992490.454879942
596000 477.527215042844 -332373.767476409 3645.06042397923 309.916198603922 99.7383239692698 99.7383239692698 99.7383239692698 992170.243463516
597000 475.92275904993 -332410.801637389 3632.81329154876 121.616761516107 99.7296138102578 99.7296138102578 99.7296138102578 991910.327147633
598000 474.911857237258 -332384.517885511 3625.09687649675 171.389324904737 99.7322695765179 99.7322695765179 99.7322695765179 991989.57197863
599000 473.189699542575 -332415.87571279 3611.9513035137 -242.135562488031 99.7356187178759 99.7356187178759 99.7356187178759 992089.512295397
600000 473.767876750001 -332384.261300263 3616.36464539338 -163.541339866497 99.7395855747262 99.7395855747262 99.7395855747262 992207.894283474
601000 470.533038233219 -332395.741357055 3591.67247815339 -11.721351466817 99.7386073495861 99.7386073495861 99.7386073495861 992178.700462944
602000 473.718222565921 -332403.126476416 3615.98562510809 102.083321682283 99.734187444773 99.734187444773 99.734187444773 992046.801456209
603000 470.885070310971 -332411.90837926 3594.35960917788 -68.1173174366953 99.7388297112101 99.7388297112101 99.7388297112101 992185.336497823
604000 472.093993019339 -332407.736617102 3603.58755720076 542.051952707736 99.7213066813093 99.7213066813093 99.7213066813093 991662.479782944
605000 470.954842197395 -332453.26861445 3594.89219189547 528.192206825127 99.7144891520908 99.7144891520908 99.7144891520908 991459.106222176
606000 471.639043358313 -332427.446173849 3600.11483574726 158.403117163011 99.7296248042918 99.7296248042918 99.7296248042918 991910.655187521
607000 469.299008543444 -332426.888401044 3582.25288353654 214.258771778054 99.7265701394744 99.7265701394744 99.7265701394744 991819.512908141
608000 467.401037358205 -332427.421565219 3567.76529113294 179.979222255246 99.728890633379 99.728890633379 99.728890633379 991888.749161353
609000 466.72385182991 -332420.235926395 3562.59619900348 -221.28907262642 99.7344489361226 99.7344489361226 99.7344489361226 992054.604567973
610000 469.580763806828 -332434.528003776 3584.4035776278 -86.6191799310686 99.7316116616214 99.7316116616214 99.7316116616214 991969.940206065
611000 468.13740646714 -332456.308943328 3573.38614333123 -301.813636632873 99.7369891492935 99.7369891492935 99.7369891492935 992130.408697382
612000 465.933452641137 -332434.63885733 3556.56292443528 -401.360818804714 99.7412215981493 99.7412215981493 99.7412215981493 992256.720493435
613000 466.964150109738 -332450.248475863 3564.43044367511 -60.1907641586005 99.7332130428128 99.7332130428128 99.7332130428128 992017.724879904
614000 466.220893166386 -332471.891169118 3558.75701526367 19.35905923429 99.7261410262956 99.7261410262956 99.7261410262956 991806.709871035
615000 467.060080576493 -332449.720482957 3565.16270005089 -29.6885495014457 99.7310750987151 99.7310750987151 99.7310750987151 991953.929693401
616000 463.770171428313 -332465.277919751 3540.05016770351 399.730592053964 99.7145037154004 99.7145037154004 99.7145037154004 991459.540630301
617000 465.180214034209 -332489.179648945 3550.81330399599 198.966045977862 99.719409540524 99.719409540524 99.719409540524 991605.883426335
618000 464.728535983365 -332473.746078306 3547.36555539518 -134.672162883627 99.7316912415081 99.7316912415081 99.7316912415081 991972.314806771
619000 464.437819620714 -332468.768412925 3545.14645944689 -175.80985377163 99.7324051133622 99.7324051133622 99.7324051133622 991993.616346198
620000 463.786200287373 -332480.321039778 3540.17251917995 -90.6694970248834 99.7225698349438 99.7225698349438 99.7225698349438 991700.163944153
621000 461.640487379674 -332496.08358845 3523.79386482331 -168.628802656886 99.7243120035528 99.7243120035528 99.7243120035528 991752.140314644
622000 463.554056916191 -332489.993268714 3538.40052255164 -40.6245542075544 99.7233664881038 99.7233664881038 99.7233664881038 991723.931303403
623000 461.879932440783 -332483.049382189 3525.62159670638 100.700080457577 99.7206946209709 99.7206946209709 99.7206946209709 991644.220288525
624000 459.519821621484 -332519.014415899 3507.60640035184 -420.718360860478 99.7345855048528 99.7345855048528 99.7345855048528 992058.67990477
625000 461.10471307368 -332491.240585855 3519.70419274297 -79.0524502464456 99.7261839652226 99.7261839652226 99.7261839652226 991807.990993531
626000 457.853824581629 -332517.733880763 3494.8895128423 -35.8504831342489 99.7131521059966 99.7131521059966 99.7131521059966 991419.224091849
627000 459.309850477644 -332504.27470457 3506.0036487547 -6.63761728012638 99.7127173095727 99.7127173095727 99.7127173095727 991406.25498062
628000 460.924808550533 -332496.206569917 3518.33094565514 -20.4661009670121 99.7171738953985 99.7171738953985 99.7171738953985 991539.191420156
629000 458.471820620056 -332519.091500553 3499.60679979661 -448.783995699165 99.7202466594197 99.7202466594197 99.7202466594197 991630.856468023
630000 455.404765620558 -332515.502862338 3476.19535759046 -153.456075686804 99.7214533382509 99.7214533382509 99.7214533382509 991666.855008411
631000 457.455928174961 -332518.545311421 3491.85229025247 106.336785773364 99.7163627964078 99.7163627964078 99.7163627964078 991514.996092582
632000 458.353770052046 -332527.362395649 3498.70569627847 202.839654353481 99.7032919477198 99.7032919477198 99.7032919477198 991125.143011189
633000 456.461489224035 -332517.960933002 3484.26153950592 405.796463171802 99.7031832214803 99.7031832214803 99.7031832214803 991121.900554795
634000 456.030986565033 -332546.721521479 3480.9754268922 -671.578120031429 99.7270662786953 99.7270662786953 99.7270662786953 991834.315874126
635000 453.666120380209 -332552.989480291 3462.92393188467 -180.45392568205 99.7218081794248 99.7218081794248 99.7218081794248 991677.441059999
636000 455.745455628083 -332537.937329105 3478.79591233196 -267.736757790835 99.7251396911977 99.7251396911977 99.7251396911977 991776.83442754
637000 452.082257209863 -332539.312790604 3450.83398857388 -491.001393499404 99.7295327773783 99.7295327773783 99.7295327773783 991907.909291544
638000 455.369531928029 -332539.256158868 3475.92641179181 -308.096645757094 99.7238679822115 99.7238679822115 99.7238679822115 991738.89307896
639000 454.932990039503 -332570.085716579 3472.59420053526 404.123628308866 99.6987293550849 99.6987293550849 99.6987293550849 990989.082508465
640000 454.020436777804 -332573.92150617 3465.62849957789 -208.262923381008 99.7148068339166 99.7148068339166 99.7148068339166 991468.582363866
641000 455.910346536616 -332558.771667315 3480.05455750659 -25.3772148481484 99.7078933776596 99.7078933776596 99.7078933776596 991262.374289062
642000 452.293923278875 -332585.874667856 3452.44967787273 -413.117071226108 99.7157165921852 99.7157165921852 99.7157165921852 991495.719907396
643000 450.554089066024 -332563.926282722 3439.16917650281 -493.175733668087 99.7191619329666 99.7191619329666 99.7191619329666 991598.496845262
644000 452.678930549913 -332579.072289522 3455.38851512095 -490.316456111016 99.7212379137624 99.7212379137624 99.7212379137624 991660.428240962
645000 451.510763737495 -332600.870111483 3446.47166497625 91.1347691967377 99.6997711739026 99.6997711739026 99.6997711739026 991020.149359654
646000 450.26925396792 -332587.577918895 3436.99497341919 272.720402899803 99.698619208335 99.698619208335 99.698619208335 990985.797989994
647000 449.978834557437 -332601.504264212 3434.77814416599 255.012282158118 99.6982759295139 99.6982759295139 99.6982759295139 990975.561641651
648000 449.705250797685 -332586.656134097 3432.68982479088 209.328086739608 99.6988020616991 99.6988020616991 99.6988020616991 990991.250585647
649000 451.115694308627 -332588.823749428 3443.4560212715 -169.757164542144 99.7114317596502 99.7114317596502 99.7114317596502 991367.910248759
650000 446.059043677227 -332597.256549215 3404.85759899571 279.751919455701 99.6950144690248 99.6950144690248 99.6950144690248 990878.310554387
651000 448.145407106883 -332596.829970324 3420.78322695556 -11.4185274155916 99.6957543721932 99.6957543721932 99.6957543721932 990900.372623791
652000 445.364715393086 -332632.215807042 3399.5576527936 361.727181582577 99.6880116019022 99.6880116019022 99.6880116019022 990669.518717289
653000 447.913781184016 -332614.760757179 3419.01518011338 -13.0591247251555 99.6982451259929 99.6982451259929 99.6982451259929 990974.64310439
654000 444.600351835241 -332639.695676088 3393.72311338628 -338.069748882001 99.7024429225514 99.7024429225514 99.7024429225514 991099.823395076
655000 445.508051441969 -332611.131017714 3400.65176542771 -787.943137309185 99.7213722483727 99.7213722483727 99.7213722483727 991664.435847549
656000 445.072716091955 -332653.141165448 3397.32876392014 -417.461799132137 99.7085911066746 99.7085911066746 99.7085911066746 991283.184196979
657000 444.288881261252 -332618.953135294 3391.34559640564 -25.1382455108442 99.7016875587969 99.7016875587969 99.7016875587969 991077.297310762
658000 441.550312469686 -332640.87478639 3370.44155490596 -255.653346643896 99.7033092962121 99.7033092962121 99.7033092962121 991125.660382167
659000 444.280594237412 -332640.903171823 3391.28233990071 -439.813991791299 99.7082211346419 99.7082211346419 99.7082211346419 991272.149670572
660000 441.997809344323 -332640.613554356 3373.8573877553 -300.206260041434 99.702527961609 99.702527961609 99.702527961609 991102.359409172
661000 441.803987492827 -332642.847801177 3372.37790692586 380.035963044232 99.687599873829 99.687599873829 99.687599873829 990657.243878193
662000 440.973808614854 -332647.292482854 3366.0409860602 113.800513665351 99.6947159026783 99.6947159026783 99.6947159026783 990869.408142389
663000 440.156067663461 -332656.635910326 3359.79900636755 -227.93957470266 99.6979908282797 99.6979908282797 99.6979908282797 990967.060164215
664000 438.653733761903 -332658.325158509 3348.33139221768 -75.3257628731793 99.6940337177818 99.6940337177818 99.6940337177818 990849.067500066
665000 443.015010949183 -332667.168738295 3381.62189037689 -125.948131602759 99.695970175817 99.695970175817 99.695970175817 990906.807411974
666000 438.689526806047 -332662.113710232 3348.60460765871 -170.37824494802 99.6981323564514 99.6981323564514 99.6981323564514 990971.280408398
667000 440.300667781086 -332660.86547795 3360.90276789036 -469.364774319887 99.7057854357774 99.7057854357774 99.7057854357774 991199.506268399
668000 437.983344396387 -332681.612908895 3343.21417655348 -418.002552538422 99.7001576575837 99.7001576575837 99.7001576575837 991031.674399148
669000 440.759917248927 -332672.145858963 3364.4083106264 -370.407365909721 99.6957972008566 99.6957972008566 99.6957972008566 990901.649677874
670000 439.472310947113 -332682.23348212 3354.57975504977 -269.303833973009 99.6908517773911 99.6908517773911 99.6908517773911 990754.195562688
671000 439.652040239168 -332689.095406428 3355.95166456373 -535.282679323384 99.6999672325482 99.6999672325482 99.6999672325482 991025.99586606
672000 435.682139120784 -332691.303943934 3325.64861795637 80.6184114885019 99.6900628345191 99.6900628345191 99.6900628345191 990730.673576649
673000 439.89089546368 -332688.78033317 3357.77489410648 121.286644555782 99.6854527473899 99.6854527473899 99.6854527473899 990593.233292636
674000 438.218926749873 -332706.700686006 3345.01242361926 -50.5636108210722 99.6902474823218 99.6902474823218 99.6902474823218 990736.178736609
675000 433.403360750721 -332696.766637729 3308.25424839988 420.021591304435 99.6760176552359 99.6760176552359 99.6760176552359 990311.985018328
676000 436.287729408518 -332703.749281155 3330.27120934263 641.960066818881 99.6745716824097 99.6745716824097 99.6745716824097 990268.887085232
677000 435.154590231151 -332707.719518733 3321.62173211878 268.349303216015 99.6864268866959 99.6864268866959 99.6864268866959 990622.274197045
678000 431.772696198157 -332711.727712809 3295.8070608091 -78.1500443196422 99.685740775917 99.685740775917 99.685740775917 990601.819899603
679000 435.675880342112 -332713.565846524 3325.60084345112 -453.921774384638 99.6963599048398 99.6963599048398 99.6963599048398 990918.42834261
680000 431.380543577533 -332727.008286374 3292.81368168312 -27.4955263696389 99.6869675973789 99.6869675973789 99.6869675973789 990638.394033074
681000 432.246474378776 -332723.875594116 3299.42350410598 55.1438565384947 99.676223806053 99.676223806053 99.676223806053 990318.129546929
682000 434.724480458171 -332726.264509291 3318.33861848239 -407.575833840788 99.6961580674307 99.6961580674307 99.6961580674307 990912.409948255
683000 430.870105378562 -332748.811668931 3288.91740515826 -101.591404832113 99.6815013216275 99.6815013216275 99.6815013216275 990475.439762308
684000 428.614893373124 -332743.95552687 3271.70292236073 -35.9794163002261 99.6760704787481 99.6760704787481 99.6760704787481 990313.559472832
685000 431.495035366842 -332740.207056911 3293.68762033402 206.748149375812 99.6726546480576 99.6726546480576 99.6726546480576 990211.750858875
686000 427.242821832567 -332762.637640315 3261.22962677923 52.9094731905884 99.677850319926 99.677850319926 99.677850319926 990366.610289863
687000 429.263311267404 -332748.556942882 3276.65242540514 311.534696602843 99.6708069942588 99.6708069942588 99.6708069942588 990156.684564273
688000 426.517558262703 -332789.575157728 3255.69354537448 195.138661800139 99.667865540109 99.667865540109 99.667865540109 990069.023554256
689000 429.036429293946 -332757.070575866 3274.92059007447 -247.788450265307 99.6812941678404 99.6812941678404 99.6812941678404 990469.264685411
690000 428.071795023247 -332772.729769104 3267.55734439344 -343.498033249212 99.6821895725426 99.6821895725426 99.6821895725426 990495.956116662
691000 426.07923686948 -332778.760676132 3252.34775080384 39.7308011648296 99.6675539778855 99.6675539778855 99.6675539778855 990059.738701798
692000 427.511060228786 -332771.43450478 3263.27714392894 492.183311268211 99.6680407251364 99.6680407251364 99.6680407251364 990074.24426124
693000 424.654023957317 -332798.392812453 3241.46881653953 559.787024077579 99.6555434707271 99.6555434707271 99.6555434707271 989701.858342109
694000 425.388746288711 -332765.224997341 3247.07709855658 118.857460256164 99.6725392938021 99.6725392938021 99.6725392938021 990208.312854515
695000 426.114425818164 -332783.054475229 3252.61635506381 -301.745446663745 99.6771716938272 99.6771716938272 99.6771716938272 990346.382604838
696000 426.441850800282 -332803.882472546 3255.11565522209 -513.980469836702 99.6798632479884 99.6798632479884 99.6798632479884 990426.61089162
697000 422.881303792753 -332788.475949309 3227.93729014462 -127.245069432176 99.6710456730735 99.6710456730735 99.6710456730735 990163.797880507
698000 422.688095987949 -332807.953815278 3226.46249645598 61.2393037830075 99.6652596908328 99.6652596908328 99.6652596908328 989991.368539347
699000 422.127002861811 -332789.645003439 3222.17956077437 -48.0105351444543 99.6720413504033 99.6720413504033 99.6720413504033 990193.472300646
700000 422.633346253316 -332807.170232919 3226.04458081757 71.8423364018301 99.6643281180193 99.6643281180193 99.6643281180193 989963.608402251
701000 423.142300255111 -332808.432224481 3229.92952816953 -174.711262474689 99.6702309724676 99.6702309724676 99.6702309724676 990139.517595891
702000 421.492162805066 -332809.414310559 3217.33370007051 269.982300142487 99.6620879968791 99.6620879968791 99.6620879968791 989896.85667861
703000 425.01726020926 -332816.341797479 3244.2414712591 13.4571938493659 99.6683106799869 99.6683106799869 99.6683106799869 990082.289249378
704000 420.690355908809 -332830.644201861 3211.21334819704 -183.634545258354 99.6691697725707 99.6691697725707 99.6691697725707 990107.891560016
705000 422.168910419023 -332815.849821067 3222.49944951253 -371.430680205509 99.6677178770449 99.6677178770449 99.6677178770449 990064.62304638
706000 420.66952681882 -332843.905413413 3211.05435560103 -446.953638108825 99.6736313155634 99.6736313155634 99.6736313155634 990240.859658699
707000 418.869225011424 -332820.92128905 3197.31229302818 -574.748303308618 99.6769902233265 99.6769902233265 99.6769902233265 990340.973593217
708000 418.400345851229 -332833.012138702 3193.73324493078 -228.073672432762 99.6701373411442 99.6701373411442 99.6701373411442 990136.72715429
709000 418.297449848101 -332827.522901452 3192.94781922734 -47.9761736468205 99.6719679826226 99.6719679826226 99.6719679826226 990191.285682118
710000 418.796404157735 -332847.140560355 3196.75643693567 187.366554303808 99.6544387888518 99.6544387888518 99.6544387888518 989668.946166405
711000 415.644470823828 -332867.860307194 3172.6971014831 232.198387389022 99.6560393795756 99.6560393795756 99.6560393795756 989716.633366184
712000 417.953274011356 -332864.285038873 3190.32065645653 -311.398442596748 99.6695202942639 99.6695202942639 99.6695202942639 990118.337784741
713000 415.742282562636 -332850.379116218 3173.44371798347 18.2536799284467 99.6605488440006 99.6605488440006 99.6605488440006 989850.994332242
714000 417.842170748119 -332883.137215981 3189.47258310062 23.1471700474897 99.6553737792296 99.6553737792296 99.6553737792296 989696.802616198
715000 416.58190712514 -332873.966108546 3179.85273964209 -109.702836952975 99.6591826690537 99.6591826690537 99.6591826690537 989810.2874194
716000 414.830108709451 -332889.348493461 3166.48091312693 -116.486823121461 99.6561604169044 99.6561604169044 99.6561604169044 989720.239554142
717000 414.181777935492 -332874.474002999 3161.5320750893 -96.2028058626936 99.6567314271331 99.6567314271331 99.6567314271331 989737.252359455
718000 413.590932495923 -332896.430579206 3157.02203406835 -247.307318352998 99.6651498243278 99.6651498243278 99.6651498243278 989988.094576921
719000 412.678954864158 -332887.805643607 3150.06072700902 -369.784096431538 99.6655548256951 99.6655548256951 99.6655548256951 990000.163434348
720000 413.541704777711 -332875.2185997 3156.64626908206 -137.097750981583 99.6601788923408 99.6601788923408 99.6601788923408 989839.971043794
721000 411.368768356094 -332893.412723595 3140.05981221687 383.556140532279 99.6499483347406 99.6499483347406 99.6499483347406 989535.167998732
722000 414.658929465251 -332888.331724562 3165.17426783262 256.646036647426 99.6492476875039 99.6492476875039 99.6492476875039 989514.295628464
723000 410.67593449126 -332896.452223408 3134.77127321523 24.5013801619211 99.65621904016 99.65621904016 99.65621904016 989721.986179432
724000 409.341579131941 -332913.53364353 3124.58587276357 -6.91432507151468 99.6538202202509 99.6538202202509 99.6538202202509 989650.51725316
725000 408.254617358898 -332915.368238179 3116.28887687206 143.919657130588 99.6486294186994 99.6486294186994 99.6486294186994 989495.877565939
726000 409.42517087805 -332906.679342964 3125.22394522502 -22.8349237593796 99.6515889546413 99.6515889546413 99.6515889546413 989584.043422492
727000 408.068685919988 -332903.65838634 3114.86962513479 -271.496418312314 99.6575707061775 99.6575707061775 99.6575707061775 989762.258379191
728000 408.726553886034 -332932.020462409 3119.89126246078 4.10434393141347 99.6459279928504 99.6459279928504 99.6459279928504 989415.405492446
729000 409.926478717878 -332919.969373572 3129.05052789848 -277.579579967097 99.6544057777887 99.6544057777887 99.6544057777887 989667.962667416
730000 407.673986935687 -332930.743067729 3111.85680910726 -216.710900443938 99.6577902861076 99.6577902861076 99.6577902861076 989768.800754393
731000 407.936440994926 -332944.500842619 3113.86017325973 95.0564066475009 99.6441468768334 99.6441468768334 99.6441468768334 989362.350676386
732000 404.190060755165 -332935.129992661 3085.26330607614 -83.3454109369896 99.6420546948027 99.6420546948027 99.6420546948027 989300.032434848
733000 407.224954559515 -332943.579941518 3108.42925546862 -280.337856791063 99.6524031314348 99.6524031314348 99.6524031314348 989608.299020056
734000 403.441625577019 -332943.32693601 3079.55035116627 -276.126618501408 99.6482275453496 99.6482275453496 99.6482275453496 989483.905988762
735000 407.182680369821 -332945.112713115 3108.10656815163 234.803779704182 99.6351554740502 99.6351554740502 99.6351554740502 989094.549114928
736000 404.242712667053 -332968.328155006 3085.66520861535 481.003873617162 99.6282034977548 99.6282034977548 99.6282034977548 988887.523329956
737000 404.745662764359 -332971.170732743 3089.50432696751 47.507402562671 99.6370575929173 99.6370575929173 99.6370575929173 989151.198135392
738000 405.095907024258 -332952.716685209 3092.17781122195 29.06438048297 99.6401639016397 99.6401639016397 99.6401639016397 989243.715062193
739000 403.801441843998 -332976.012448078 3082.29690045886 80.91231154907 99.6376621553447 99.6376621553447 99.6376621553447 989169.203703572
740000 402.483430955398 -332935.333372216 3072.23626061035 -236.821693740421 99.6508827452774 99.6508827452774 99.6508827452774 989563.004664177
741000 400.798324751815 -332974.257241847 3059.3735090448 -444.093718130453 99.6502011530679 99.6502011530679 99.6502011530679 989542.699560914
742000 402.641371534545 -332987.716954838 3073.44185253528 18.0315988862468 99.6398147678186 99.6398147678186 99.6398147678186 989233.316326949
743000 400.866451302538 -332976.226091296 3059.893532587 133.303848447568 99.632821469098 99.632821469098 99.632821469098 989025.04059197
744000 400.574870129318 -332995.191256325 3057.66783536724 74.0524765133868 99.6317968352037 99.6317968352037 99.6317968352037 988994.527208662
745000 400.813662358737 -332983.758868946 3059.49058405588 -74.5449574174108 99.6367144192152 99.6367144192152 99.6367144192152 989140.97755529
746000 398.030908481301 -332998.547080475 3038.24926898778 -452.325264917093 99.6441583472748 99.6441583472748 99.6441583472748 989362.692344951
747000 400.35695037474 -332995.773082901 3056.00441043984 -190.061763438913 99.6382149879743 99.6382149879743 99.6382149879743 989185.668804249
748000 398.572270772256 -333015.451051355 3042.38159527126 77.9367381829668 99.6322958098545 99.6322958098545 99.6322958098545 989009.38649112
749000 399.338412759487 -332982.982013453 3048.22970978459 204.537223185006 99.6360237861033 99.6360237861033 99.6360237861033 989120.408969294
750000 399.549187181844 -333037.235890598 3049.83859296678 -3.60985900907424 99.6272086795022 99.6272086795022 99.6272086795022 988857.900587592
751000 397.516332913916 -333006.744704092 3034.32141110505 167.193251520007 99.6273823552906 99.6273823552906 99.6273823552906 988863.072095772
752000 394.955919150893 -333029.133799764 3014.77726245215 16.8116322253068 99.6335368490249 99.6335368490249 99.6335368490249 989046.344828797
753000 395.109113976312 -333021.614985452 3015.94662909283 -686.932554510306 99.6483482276747 99.6483482276747 99.6483482276747 989487.501036041
754000 395.808980643395 -333024.870423177 3021.28885087598 -291.829581002254 99.6382244500962 99.6382244500962 99.6382244500962 989185.950617694
755000 395.578356127312 -333039.618164672 3019.52844797141 158.775240532233 99.6245847048302 99.6245847048302 99.6245847048302 988779.769228287
756000 395.604628124059 -333041.910603686 3019.72898735971 231.256339827734 99.6259323873177 99.6259323873177 99.6259323873177 988819.897251188
757000 395.888776375977 -333038.575493931 3021.89794760947 115.604492029114 99.6254902174456 99.6254902174456 99.6254902174456 988806.731268701
758000 392.843345848744 -333043.931033189 2998.65156931081 121.862383805188 99.6287844514592 99.6287844514592 99.6287844514592 988904.822684953
759000 392.929549161483 -333060.273747887 2999.30957638095 19.5263818675216 99.629801948155 99.629801948155 99.629801948155 988935.121689544
760000 392.898761024949 -333047.038928037 2999.07456439739 -273.048811811471 99.6352891287559 99.6352891287559 99.6352891287559 989098.5295569
761000 389.868418329471 -333079.19995046 2975.94335452616 -666.959059781574 99.6400306484475 99.6400306484475 99.6400306484475 989239.746189558
762000 393.249713490621 -333063.106908972 3001.75345452767 -268.870264529065 99.6329408407887 99.6329408407887 99.6329408407887 989028.595496798
763000 390.882626278674 -333072.605529139 2983.68500597736 179.610703985359 99.6158404819433 99.6158404819433 99.6158404819433 988519.431325194
764000 387.941120875747 -333079.186847808 2961.23190886924 229.90743906572 99.6174992872879 99.6174992872879 99.6174992872879 988568.814694751
765000 391.402562048998 -333074.53937174 2987.65377935764 -148.307991901538 99.6283619115002 99.6283619115002 99.6283619115002 988892.240476906
766000 389.368308605562 -333091.264885717 2972.12591731035 146.841430936438 99.616755196699 99.616755196699 99.616755196699 988546.662585062
767000 389.293781351841 -333087.39772325 2971.55703592623 -263.001128087775 99.6298570177662 99.6298570177662 99.6298570177662 988936.761569429
768000 388.58461823863 -333069.491164889 2966.14385251661 149.150060619188 99.6209716392677 99.6209716392677 99.6209716392677 988672.193475341
769000 387.129975727363 -333086.679300841 2955.04027625577 -73.8165134505479 99.6220356168251 99.6220356168251 99.6220356168251 988703.87163235
770000 389.054910988237 -333111.009356001 2969.73369082379 -106.934954693853 99.6234825835009 99.6234825835009 99.6234825835009 988746.953737375
771000 390.052522410516 -333078.72059565 2977.34865767658 -92.978892231266 99.6197050287316 99.6197050287316 99.6197050287316 988634.483141618
772000 385.941993645342 -333098.674121468 2945.97217220816 470.325125953904 99.6008006373967 99.6008006373967 99.6008006373967 988071.76354477
773000 388.970349874984 -333097.722870038 2969.08821898968 607.216288805745 99.602955063608 99.602955063608 99.602955063608 988135.882720672
774000 386.915212968694 -333112.235671457 2953.40094930746 -29.0713422228386 99.6180759669684 99.6180759669684 99.6180759669684 988585.983089437
775000 384.764428475631 -333130.952915529 2936.98358252876 126.739790318221 99.614699405832 99.614699405832 99.614699405832 988485.461938923
776000 385.838652574142 -333103.60831243 2945.1833492114 -113.071635229853 99.6210975431587 99.6210975431587 99.6210975431587 988675.942018385
777000 382.912967684105 -333122.302102553 2922.85101323187 -100.119395218498 99.6187425376531 99.6187425376531 99.6187425376531 988605.827886835
778000 384.714993301899 -333108.812102545 2936.60623399312 -114.610019485559 99.6185902974712 99.6185902974712 99.6185902974712 988601.295447539
779000 383.266761794734 -333135.557240098 2925.55159420457 311.395618257693 99.6080651386107 99.6080651386107 99.6080651386107 988287.977832728
780000 383.08714762959 -333123.353204865 2924.18056347725 287.799702983535 99.6107102044147 99.6107102044147 99.6107102044147 988366.711100402
781000 384.169459736021 -333159.939092416 2932.44206753665 453.801721323368 99.5975795392663 99.5975795392663 99.5975795392663 987975.903677289
782000 379.693951677057 -333159.475674443 2898.27962236278 489.070980761365 99.5969443481901 99.5969443481901 99.5969443481901 987957.001125294
783000 380.837071077568 -333146.43024359 2907.00528061938 112.206193826637 99.6092475655194 99.6092475655194 99.6092475655194 988323.173542098
784000 379.913850797285 -333152.950732866 2899.95815618276 -105.069265960237 99.6107262603672 99.6107262603672 99.6107262603672 988367.189036103
785000 379.396530445708 -333144.234371584 2896.00934681514 -169.450003222294 99.6186801068321 99.6186801068321 99.6186801068321 988603.969217476
786000 377.613648120276 -333168.639179796 2882.40025062058 -209.775101269824 99.6104191938913 99.6104191938913 99.6104191938913 988358.04865016
787000 379.684148258345 -333157.300593079 2898.20479091352 -66.3731674666139 99.6068886395877 99.6068886395877 99.6068886395877 988252.959400066
788000 377.851316113478 -333186.966069273 2884.21441779006 -97.0040894475042 99.6091719548857 99.6091719548857 99.6091719548857 988320.922917184
789000 379.724920044949 -333163.812218245 2898.51601008822 -462.579675966241 99.6217508488549 99.6217508488549 99.6217508488549 988695.393074729
790000 375.826815461906 -333172.235964074 2868.76100074722 -293.550298199655 99.6115276598187 99.6115276598187 99.6115276598187 988391.044397631
791000 375.245242893192 -333187.782315463 2864.32174139799 280.406940373514 99.5908545256056 99.5908545256056 99.5908545256056 987775.787282972
792000 378.269412113914 -333184.119958807 2887.40582790577 382.606492714463 99.5925607102056 99.5925607102056 99.5925607102056 987826.555700947
793000 375.497641186612 -333199.627773279 2866.24834788541 74.2534421803011 99.5966139808909 99.5966139808909 99.5966139808909 987947.169871764
794000 375.286715070996 -333176.003957539 2864.63830679834 -11.2620678553086 99.6039323264135 99.6039323264135 99.6039323264135 988164.968542045
795000 375.904819435324 -333202.591172587 2869.35642062584 92.037269464147 99.5989857827845 99.5989857827845 99.5989857827845 988017.752716199
796000 376.189041445025 -333207.550513087 2871.52594388346 102.685544625634 99.6055101788135 99.6055101788135 99.6055101788135 988211.93063873
797000 375.258871136434 -333217.235546236 2864.42576849534 -282.4304652194 99.6098069506879 99.6098069506879 99.6098069506879 988339.824298224
798000 374.27117271115 -333196.015560528 2856.88646952469 -326.579002975684 99.6108199496405 99.6108199496405 99.6108199496405 988369.977877053
799000 373.855052048689 -333211.785378987 2853.71013755752 -278.959664440532 99.6115215383844 99.6115215383844 99.6115215383844 988390.862178648
800000 373.139639245384 -333228.401218111 2848.24924901759 121.581441806412 99.5957652900002 99.5957652900002 99.5957652900002 987921.914355981
