Step Temp PotEng KinEng Press Lx Ly Lz Volume
0 769.369607666438 -329446.178786245 5872.75158352127 6.21425402799519 100.171277560035 100.171277560035 100.171277560035 1005147.13262641
1000 772.380928011138 -329431.517226613 5895.73759199705 -303.516782356338 100.180542358882 100.180542358882 100.180542358882 1005426.05531435
2000 775.547342272717 -329464.339687015 5919.9074632572 -247.200603756011 100.17917825946 100.17917825946 100.17917825946 1005384.9849909
3000 773.155893401477 -329401.99751999 5901.65305730519 -35.2942118945256 100.190444446022 100.190444446022 100.190444446022 1005724.221014
4000 771.678964064316 -329466.557865566 5890.37936125958 -527.114540048815 100.188051738255 100.188051738255 100.188051738255 1005652.1678347
5000 770.308818493764 -329463.120624671 5879.92076699106 191.728949561933 100.164536993877 100.164536993877 100.164536993877 1004944.23599744
6000 770.036640761856 -329422.396119418 5877.84318010677 837.95611654844 100.157828130741 100.157828130741 100.157828130741 1004742.32076933
7000 773.680926527157 -329492.298901996 5905.66073981501 205.483813089585 100.163278585444 100.163278585444 100.163278585444 1004906.35988525
8000 771.034376090607 -329484.349272597 5885.45909276236 -354.819431144772 100.183025558267 100.183025558267 100.183025558267 1005500.82238556
9000 772.773076782308 -329441.219769095 5898.73094173938 -160.444002090276 100.187581934319 100.187581934319 100.187581934319 1005638.02072463
10000 771.46405882972 -329481.669957086 5888.73894676412 369.09802746857 100.166354343512 100.166354343512 100.166354343512 1004998.93703928
11000 769.119581788194 -329499.833784035 5870.84308615181 -376.037236022301 100.184372583119 100.184372583119 100.184372583119 1005541.38173582
12000 774.039979805553 -329477.57279976 5908.40146506366 259.816731470276 100.168711533693 100.168711533693 100.168711533693 1005069.8898874
13000 769.028125948393 -329493.500578011 5870.14498549555 391.664292865188 100.154695561548 100.154695561548 100.154695561548 1004648.04976346
14000 766.570903912272 -329496.860882462 5851.3885198646 285.772175155349 100.163579921201 100.163579921201 100.163579921201 1004915.42953035
15000 770.68871890553 -329530.409891784 5882.82062256444 153.715757736978 100.15505266936 100.15505266936 100.15505266936 1004658.79620754
16000 769.522238555527 -329519.824553269 5873.91664552354 -197.551481740305 100.166955275243 100.166955275243 100.166955275243 1005017.02513019
17000 770.866669429189 -329509.085826295 5884.17895438466 -1060.25403185073 100.201513732128 100.201513732128 100.201513732128 1006057.60248215
18000 763.964893495049 -329524.164929519 5831.49632286083 -121.334248021925 100.173861008159 100.173861008159 100.173861008159 1005224.90379522
19000 763.472026086201 -329487.024845889 5827.73416767957 219.387145332922 100.164334054736 100.164334054736 100.164334054736 1004938.12778449
20000 771.066809667271 -329553.708203069 5885.70666471843 178.537257855833 100.163079483042 100.163079483042 100.163079483042 1004900.36730368
21000 767.395973842551 -329613.624857889 5857.68644311407 499.11288799377 100.143877646144 100.143877646144 100.143877646144 1004322.54259583
22000 766.153391280207 -329561.032369852 5848.20156271596 -17.987540631944 100.162153041152 100.162153041152 100.162153041152 1004872.48358076
23000 766.07894631268 -329565.399224909 5847.63330943877 -448.878671443639 100.17219399485 100.17219399485 100.17219399485 1005174.72018274
24000 764.596675363866 -329558.650264643 5836.3188398066 -425.718880590195 100.176077734699 100.176077734699 100.176077734699 1005291.63851057
25000 767.125719371772 -329582.955621811 5855.62353686537 277.962422025288 100.161681417196 100.161681417196 100.161681417196 1004858.28900657
26000 767.649656064794 -329553.395871064 5859.62285008616 111.748458412837 100.167582466094 100.167582466094 100.167582466094 1005035.90385408
27000 762.451639059529 -329580.577626433 5819.9453500983 -266.505435050184 100.17352289209 100.17352289209 100.17352289209 1005214.72504574
28000 767.95100933611 -329579.997821996 5861.92313967868 115.855242431143 100.160397765426 100.160397765426 100.160397765426 1004819.65532236
29000 765.557132730838 -329593.561412734 5843.65020234885 55.1009965046404 100.172788867931 100.172788867931 100.172788867931 1005192.62799459
30000 768.110632483401 -329599.404169913 5863.14157498165 471.784411412677 100.150183783994 100.150183783994 100.150183783994 1004512.28345792
31000 762.478486644795 -329571.372539512 5820.15028306851 487.580565315664 100.152322606808 100.152322606808 100.152322606808 1004576.64239143
32000 767.446338979058 -329587.111370382 5858.07089024095 79.7674780732155 100.165019210347 100.165019210347 100.165019210347 1004958.75020605
33000 764.037541093893 -329603.698791364 5832.05085646457 -126.803437140532 100.174798497173 100.174798497173 100.174798497173 1005253.12661045
34000 761.025055848454 -329635.101721569 5809.05595606924 -78.14000232564 100.16744300876 100.16744300876 100.16744300876 1005031.70610578
35000 768.087257916397 -329616.019941689 5862.96315225216 666.30655686992 100.1433288377 100.1433288377 100.1433288377 1004306.03102213
36000 764.180667209302 -329633.294962381 5833.14336663463 -138.158915263809 100.163756797615 100.163756797615 100.163756797615 1004920.75320643
37000 764.475961379475 -329641.496145448 5835.3974059003 -46.1650831923484 100.160870030513 100.160870030513 100.160870030513 1004833.86882859
38000 758.313302270483 -329640.06439167 5788.35660044034 -194.387640874635 100.172356420643 100.172356420643 100.172356420643 1005179.60976014
39000 762.375942892355 -329617.279752324 5819.36754616478 -226.337608061455 100.173542036102 100.173542036102 100.173542036102 1005215.30136108
40000 767.174161920916 -329642.316205552 5855.99330849965 -62.0726945673082 100.168092319838 100.168092319838 100.168092319838 1005051.25085298
41000 760.702267572097 -329672.794346306 5806.59204881032 472.277983704905 100.14237854627 100.14237854627 100.14237854627 1004277.44076948
42000 762.804926649822 -329626.6780793 5822.6420647003 -52.1845715846278 100.163520502553 100.163520502553 100.163520502553 1004913.6411354
43000 762.079022600563 -329667.276245776 5817.10109438864 -336.381663691005 100.166186380645 100.166186380645 100.166186380645 1004993.881383
44000 762.616848751465 -329647.201112008 5821.20642861019 -302.510502774639 100.16809385968 100.16809385968 100.16809385968 1005051.29720368
45000 759.241348059574 -329629.880105143 5795.44055894762 -335.795692135693 100.173128532321 100.173128532321 100.173128532321 1005202.8532055
46000 762.506500618065 -329721.409635944 5820.36411931086 35.8136048890262 100.144035394449 100.144035394449 100.144035394449 1004327.28868011
47000 756.705400384675 -329653.957249125 5776.08316482249 -365.24435492556 100.16940061989 100.16940061989 100.16940061989 1005090.63242892
48000 760.380458662737 -329625.122994544 5804.13561725493 -242.59738156374 100.16290850444 100.16290850444 100.16290850444 1004895.2212109
49000 760.695796616145 -329691.5364095 5806.5426547136 289.303300835822 100.143888385296 100.143888385296 100.143888385296 1004322.86569816
50000 763.493771498751 -329685.628579336 5827.90015474836 253.96626508079 100.143528156 100.143528156 100.143528156 1004312.0277362
51000 761.568558414992 -329681.107304867 5813.20461950288 -155.709522132043 100.159976364532 100.159976364532 100.159976364532 1004806.9727613
52000 754.46587023261 -329631.166264449 5758.98838473783 -161.234784832918 100.160153951233 100.160153951233 100.160153951233 1004812.31743124
53000 758.193878735824 -329662.338989652 5787.44501679408 16.543932261019 100.160765031655 100.160765031655 100.160765031655 1004830.70872332
54000 758.475227176234 -329718.766563184 5789.59260552448 -116.774679477743 100.147385032016 100.147385032016 100.147385032016 1004428.07086632
55000 758.120421844169 -329675.580781538 5786.88430569699 -92.9722154895054 100.149349075099 100.149349075099 100.149349075099 1004487.16712808
56000 753.680017990234 -329672.286294832 5752.98981791787 249.253024110015 100.146261215478 100.146261215478 100.146261215478 1004394.25729617
57000 762.440335946102 -329677.779343764 5819.85907118032 -4.19445481004419 100.149563483592 100.149563483592 100.149563483592 1004493.61862405
58000 755.407738207466 -329715.417977442 5766.17785074439 279.789175945571 100.143901877685 100.143901877685 100.143901877685 1004323.27163555
59000 753.699844648923 -329703.261808887 5753.14115875595 -294.334675194918 100.159583360401 100.159583360401 100.159583360401 1004795.1449308
60000 761.317520079587 -329685.056173089 5811.28839384608 -485.634943332611 100.175029805834 100.175029805834 100.175029805834 1005260.09016701
61000 760.143226147849 -329721.384178507 5802.32477417822 -242.816290493736 100.156920065162 100.156920065162 100.156920065162 1004714.99299089
62000 761.880745215205 -329693.442033185 5815.58760358106 -177.88531779002 100.162308869429 100.162308869429 100.162308869429 1004877.17360949
63000 758.604442478184 -329709.438083112 5790.57893168239 -39.9124355021241 100.152724686947 100.152724686947 100.152724686947 1004588.74161967
64000 759.547518115447 -329755.07887639 5797.77761601686 412.661214850793 100.131251972599 100.131251972599 100.131251972599 1003942.72956315
65000 756.859832029042 -329724.784421104 5777.26197234876 111.287171908033 100.142518686749 100.142518686749 100.142518686749 1004281.65697008
66000 753.025805589667 -329740.47588498 5747.99608425189 520.395175936836 100.139146583197 100.139146583197 100.139146583197 1004180.20872151
67000 759.241455243991 -329718.400290589 5795.44137710764 -459.703494814805 100.164259660927 100.164259660927 100.164259660927 1004935.88863059
68000 752.394137879261 -329717.593705316 5743.17443870003 323.886285227857 100.142557298257 100.142557298257 100.142557298257 1004282.81861984
69000 759.860364359327 -329737.860794397 5800.16563376 191.229331955593 100.140332150151 100.140332150151 100.140332150151 1004215.87520181
70000 757.508662982848 -329753.650890244 5782.21462835887 -125.076902990344 100.155360332803 100.155360332803 100.155360332803 1004668.0547839
71000 753.288044842767 -329738.272086593 5749.99780874628 417.324908447208 100.139339825354 100.139339825354 100.139339825354 1004186.02214207
72000 755.489415992053 -329752.977948842 5766.80131355601 646.387853397937 100.126772032114 100.126772032114 100.126772032114 1003807.98434524
73000 756.536081936648 -329743.476852155 5774.79072335631 115.144731797601 100.15089196077 100.15089196077 100.15089196077 1004533.59277381
74000 755.624875328488 -329763.903661494 5767.83530167385 -554.132090799002 100.153283566018 100.153283566018 100.153283566018 1004605.55933756
75000 758.21984502353 -329807.886797576 5787.64322264433 -151.102436107567 100.143702060099 100.143702060099 100.143702060099 1004317.25985509
76000 756.645521450712 -329767.263722497 5775.62609698313 -453.290168076824 100.163215203517 100.163215203517 100.163215203517 1004904.45221424
77000 754.015103362468 -329759.058067949 5755.54759136095 -58.9506714283319 100.149182054944 100.149182054944 100.149182054944 1004482.14155406
78000 746.602820511706 -329802.653225879 5698.96815877672 -334.256725804125 100.145210043961 100.145210043961 100.145210043961 1004362.63016777
79000 752.943913502137 -329753.207922431 5747.37098562318 -382.257330113895 100.160592836474 100.160592836474 100.160592836474 1004825.52625365
80000 749.432425945911 -329805.104551249 5720.56710111715 282.417280401451 100.134576967719 100.134576967719 100.134576967719 1004042.74475696
81000 754.734606236661 -329791.828264407 5761.0397002273 100.882140278416 100.144408889192 100.144408889192 100.144408889192 1004338.52586544
82000 748.142521834362 -329816.691033992 5710.72100590075 78.8210885354509 100.136476980498 100.136476980498 100.136476980498 1004099.89974682
83000 753.763846225252 -329817.935999765 5753.62969554631 -174.506565422148 100.149007031155 100.149007031155 100.149007031155 1004476.87517166
84000 753.972408579477 -329787.814661724 5755.22169357149 -571.908550754329 100.157649850099 100.157649850099 100.157649850099 1004736.95546369
85000 749.537363295288 -329817.624310449 5721.36810882344 -710.310556163988 100.160514944981 100.160514944981 100.160514944981 1004823.18199936
86000 752.353930680942 -329832.695596525 5742.86752914024 -134.461158873165 100.137594366525 100.137594366525 100.137594366525 1004133.51326362
87000 754.811625204678 -329804.845865275 5761.62760136335 -45.1939327221618 100.148626694064 100.148626694064 100.148626694064 1004465.43107333
88000 751.161025487662 -329829.887923944 5733.76184600301 -98.2752638252211 100.134344772428 100.134344772428 100.134344772428 1004035.76015293
89000 750.118143683506 -329830.668765809 5725.80132130103 537.623535611763 100.1197035378 100.1197035378 100.1197035378 1003595.4065303
90000 755.207080832902 -329800.024895665 5764.64619300476 100.881636629467 100.133776073417 100.133776073417 100.133776073417 1004018.65340792
91000 749.016540616817 -329839.058808558 5717.39256549648 409.511749338465 100.116754874526 100.116754874526 100.116754874526 1003506.73733758
92000 752.070415987738 -329845.447624511 5740.70340497043 720.593357179552 100.113186184366 100.113186184366 100.113186184366 1003399.43031472
93000 748.187854982923 -329854.816502336 5711.06704286055 -114.648784165603 100.138059720333 100.138059720333 100.138059720333 1004147.5123874
94000 750.350663775294 -329864.580688144 5727.57619351283 114.822712119131 100.126102800976 100.126102800976 100.126102800976 1003787.85660949
95000 746.460908781671 -329819.460463272 5697.8849182523 -263.801454774611 100.143548374681 100.143548374681 100.143548374681 1004312.63603916
96000 750.276474497111 -329874.763254406 5727.00989196336 -744.861909526172 100.145636601455 100.145636601455 100.145636601455 1004375.46413851
97000 754.382466006345 -329829.188999774 5758.35174365272 -231.935433813876 100.143196908433 100.143196908433 100.143196908433 1004302.06179566
98000 750.215994567967 -329896.485373529 5726.54823660798 -121.039361207632 100.132228999049 100.132228999049 100.132228999049 1003972.11763589
99000 747.26797315923 -329859.409745924 5704.04540152859 -111.26324007857 100.137977114374 100.137977114374 100.137977114374 1004145.02736322
100000 744.226301087737 -329856.742381813 5680.82771227181 558.143679220078 100.115318156359 100.115318156359 100.115318156359 1003463.53570745
101000 746.095645798346 -329873.747975901 5695.09679308808 -372.785039754173 100.134824884623 100.134824884623 100.134824884623 1004050.20231435
102000 746.596637933052 -329884.404504126 5698.9209659214 104.26845743259 100.132380049408 100.132380049408 100.132380049408 1003976.66114539
103000 743.483244408598 -329874.514029733 5675.15581251702 186.416170359574 100.126516514442 100.126516514442 100.126516514442 1003800.29938687
104000 749.46302512407 -329869.147749263 5720.80067074376 -249.776492830456 100.137837353014 100.137837353014 100.137837353014 1004140.82294998
105000 743.532643260336 -329883.998285177 5675.53288379964 -31.5401797798329 100.128011772676 100.128011772676 100.128011772676 1003845.27138219
106000 745.064340635874 -329889.938842484 5687.22463519979 -24.6508296274691 100.124534396688 100.124534396688 100.124534396688 1003740.68647681
107000 747.420856029166 -329891.756161564 5705.21238695089 -37.506778124973 100.129714738241 100.129714738241 100.129714738241 1003896.4921038
108000 744.370958027365 -329905.047484902 5681.93190752829 763.181975142515 100.111477571792 100.111477571792 100.111477571792 1003348.05671382
109000 752.007359917267 -329906.294102456 5740.22208541476 -102.699233247846 100.12632403622 100.12632403622 100.12632403622 1003794.51043108
110000 742.689471206279 -329891.177198753 5669.09678343084 -55.9911027921923 100.130783949396 100.130783949396 100.130783949396 1003928.6520513
111000 742.243600934612 -329890.793210147 5665.69336676623 -219.429612522125 100.13589097777 100.13589097777 100.13589097777 1004082.27174985
112000 747.815427623445 -329920.019912009 5708.22423058498 575.473529456946 100.109867268333 100.109867268333 100.109867268333 1003299.64062118
113000 744.090494440337 -329947.63990011 5679.79107306014 241.731763936921 100.11765917789 100.11765917789 100.11765917789 1003533.93007019
114000 746.839503868956 -329946.942877041 5700.77481002371 84.540530043599 100.126773214698 100.126773214698 100.126773214698 1003808.01991276
115000 744.852441049414 -329940.237043352 5685.60716341571 -89.2642649922967 100.125013183548 100.125013183548 100.125013183548 1003755.085949
116000 740.705473990438 -329955.443143002 5653.95253718699 -406.507596846172 100.128414885228 100.128414885228 100.128414885228 1003857.39578928
117000 745.031563894516 -329914.229665874 5686.97444379919 -283.625051868931 100.127408396761 100.127408396761 100.127408396761 1003827.12384091
118000 743.279494033876 -329990.652186709 5673.60054529062 397.478996338994 100.104769412766 100.104769412766 100.104769412766 1003146.37652194
119000 745.33929504317 -329943.03303258 5689.32341700083 587.244385149091 100.11137476348 100.11137476348 100.11137476348 1003344.96558732
120000 745.866476092453 -329976.476592763 5693.34749503969 695.555967484357 100.103467024595 100.103467024595 100.103467024595 1003107.22347307
121000 744.034879870962 -329927.820777594 5679.36655596574 557.27270465672 100.10714805038 100.10714805038 100.10714805038 1003217.88695294
122000 744.349217497841 -329971.924917415 5681.76595773261 67.0032421230272 100.120999136029 100.120999136029 100.120999136029 1003634.36808968
123000 741.445389429269 -329955.265429942 5659.60045922832 -30.9577884810484 100.126481631316 100.126481631316 100.126481631316 1003799.25024381
124000 741.550791640079 -329967.741820156 5660.40501531459 -111.786720465361 100.110652671242 100.110652671242 100.110652671242 1003323.25469619
125000 745.035868198891 -329934.640751956 5687.00729941252 -581.607647010275 100.135831443884 100.135831443884 100.135831443884 1004080.48087698
126000 742.22696993077 -329972.195444081 5665.56641899863 -47.2991199150514 100.118912407324 100.118912407324 100.118912407324 1003571.61594936
127000 740.023664229808 -329956.187297975 5648.74814737032 263.077686821518 100.108697907515 100.108697907515 100.108697907515 1003264.48308029
128000 738.580014595402 -329956.454995442 5637.7284819299 256.148360181213 100.117457411203 100.117457411203 100.117457411203 1003527.86282961
129000 744.055586881327 -329956.307825229 5679.52461670365 426.502848297334 100.111126983676 100.111126983676 100.111126983676 1003337.51564456
130000 742.175342561613 -329976.181969511 5665.17233699832 963.542808345586 100.09948269086 100.09948269086 100.09948269086 1002987.4507521
131000 738.581930360052 -330028.430101916 5637.74310534337 -19.3422367390193 100.115154531772 100.115154531772 100.115154531772 1003458.61565003
132000 738.645661195189 -329995.94886002 5638.22957551224 -338.578941348364 100.121848691366 100.121848691366 100.121848691366 1003659.91668114
133000 739.930793696648 -329978.159774911 5648.03924807764 -30.2378666841261 100.118443776814 100.118443776814 100.118443776814 1003557.52364454
134000 738.967485558359 -330008.921332492 5640.68612502965 -68.1910979052907 100.111183034053 100.111183034053 100.111183034053 1003339.2008961
135000 740.101753374833 -330021.751252364 5649.34421738079 -203.933935522629 100.106480883959 100.106480883959 100.106480883959 1003197.82917966
136000 738.016483734362 -330002.227036657 5633.42693853183 -116.184374271928 100.116574972979 100.116574972979 100.116574972979 1003501.3276909
137000 738.200002083706 -330048.078752889 5634.82777067541 607.902789121562 100.081802118357 100.081802118357 100.081802118357 1002456.07157406
138000 737.616242344874 -330054.702858892 5630.37181622067 601.834310571121 100.084740052273 100.084740052273 100.084740052273 1002544.35643963
139000 740.285397447378 -330017.974970932 5650.74600919463 -266.034860683773 100.118995210194 100.118995210194 100.118995210194 1003574.10594878
140000 734.551450520944 -330043.048961013 5606.97764928478 -72.1992317142329 100.108118925524 100.108118925524 100.108118925524 1003247.07594021
141000 735.777137231149 -330034.155734705 5616.33356027546 338.344595467052 100.10443582557 100.10443582557 100.10443582557 1003136.34795867
142000 738.413925387842 -330015.770994885 5636.46068989993 357.693082619456 100.099716098383 100.099716098383 100.099716098383 1002994.46693308
143000 735.612154230916 -330054.913016772 5615.07421214653 158.233422481674 100.09689535387 100.09689535387 100.09689535387 1002909.67813869
144000 737.603069657738 -330029.032413255 5630.27126647388 -230.451163863135 100.120366049062 100.120366049062 100.120366049062 1003615.32961146
145000 736.26568613957 -330045.638838809 5620.06275148209 39.3890407948381 100.097302142796 100.097302142796 100.097302142796 1002921.90551721
146000 735.023586613582 -330034.960197369 5610.58155819676 43.6369320282749 100.105156419759 100.105156419759 100.105156419759 1003158.01111735
147000 738.822377724608 -330057.281290726 5639.57848800845 -45.9291420573633 100.103380755072 100.103380755072 100.103380755072 1003104.63003121
148000 734.467605939243 -330068.095214104 5606.33764687885 219.0062725961 100.0930327181 100.0930327181 100.0930327181 1002793.57887421
149000 738.683171593011 -330115.821063843 5638.51589985624 316.723882274645 100.088622735734 100.088622735734 100.088622735734 1002661.03896486
150000 736.176500758902 -330088.997754375 5619.381981693 -155.694431885697 100.107333333427 100.107333333427 100.107333333427 1003223.45737267
151000 732.756300696913 -330051.776200757 5593.27491282797 -958.075358425048 100.129130069537 100.129130069537 100.129130069537 1003878.90661175
152000 735.688717658244 -330131.876722103 5615.65863604968 -41.7310171168446 100.099468134789 100.099468134789 100.099468134789 1002987.01320074
153000 736.814139629795 -330098.919363328 5624.24920630317 -19.7683363902998 100.101765664564 100.101765664564 100.101765664564 1003056.07786599
154000 731.43473592837 -330104.007530155 5583.18714550541 -454.457688310376 100.105744234872 100.105744234872 100.105744234872 1003175.68278154
155000 733.431354047881 -330085.898249877 5598.42772962285 32.802897569126 100.105211959737 100.105211959737 100.105211959737 1003159.6808237
156000 733.823291433256 -330091.87153376 5601.41946581527 340.653224001362 100.093894407798 100.093894407798 100.093894407798 1002819.47790966
157000 736.686069569643 -330093.261706876 5623.2716220042 467.502014779984 100.085596962732 100.085596962732 100.085596962732 1002570.10756112
158000 736.634648417789 -330124.556340602 5622.87911410167 51.965848151163 100.09051109919 100.09051109919 100.09051109919 1002717.79139491
159000 727.829429421819 -330107.344697093 5555.66712224943 -294.842133727917 100.113144878574 100.113144878574 100.113144878574 1003398.18833473
160000 735.457922816403 -330080.892827467 5613.89693301464 -560.103560160087 100.118606163368 100.118606163368 100.118606163368 1003562.40679612
161000 732.652365993759 -330135.663744612 5592.48155852017 146.211404636402 100.101313236838 100.101313236838 100.101313236838 1003042.47745664
162000 735.80811299176 -330097.193565912 5616.57000443099 0.588638072809349 100.108362130787 100.108362130787 100.108362130787 1003254.38790144
163000 727.787997802811 -330108.362766963 5555.35086644245 240.042974414908 100.093875982124 100.093875982124 100.093875982124 1002818.92410104
164000 732.711182828653 -330101.407755147 5592.93051914563 86.1499721709701 100.094595745872 100.094595745872 100.094595745872 1002840.55772918
165000 733.071365708209 -330132.90775778 5595.6798668651 436.093284473492 100.083862072436 100.083862072436 100.083862072436 1002517.97261702
166000 734.061772146093 -330125.323101053 5603.23983663575 452.041715718559 100.084165914006 100.084165914006 100.084165914006 1002527.10318673
167000 730.862431974874 -330138.785229001 5578.81863534377 525.311000173485 100.080134772097 100.080134772097 100.080134772097 1002405.97015202
168000 732.832816900676 -330122.261180046 5593.85897626424 -15.3782628662003 100.094508309273 100.094508309273 100.094508309273 1002837.92966849
169000 728.793669356101 -330144.742260867 5563.02735788198 -135.756876005084 100.097498015151 100.097498015151 100.097498015151 1002927.79314023
170000 731.423847050428 -330138.092802151 5583.10402852946 410.284214460248 100.083038421891 100.083038421891 100.083038421891 1002493.22184315
171000 732.080400554903 -330099.320080602 5588.11563230826 -172.964982279199 100.104656622541 100.104656622541 100.104656622541 1003142.98572513
172000 728.750847427749 -330138.089799362 5562.70048956663 -444.190938550757 100.104305548068 100.104305548068 100.104305548068 1003132.43147104
173000 730.766874977584 -330126.465521709 5578.08922973487 18.324370303718 100.095335257204 100.095335257204 100.095335257204 1002862.78522598
174000 730.782818166094 -330141.821670757 5578.21092727092 171.575888375017 100.088380601166 100.088380601166 100.088380601166 1002653.76206452
175000 729.821652643294 -330100.848067426 5570.87415923407 522.949451376219 100.084036974487 100.084036974487 100.084036974487 1002523.22849202
176000 729.876573481903 -330167.22057264 5571.29338094324 397.355977255133 100.077039060632 100.077039060632 100.077039060632 1002312.95278126
177000 732.559045751906 -330161.497412946 5591.7692265114 -235.161953379595 100.087992607315 100.087992607315 100.087992607315 1002642.10171045
178000 724.819528427596 -330187.9198812 5532.69194795878 147.494702096409 100.087661249746 100.087661249746 100.087661249746 1002632.14351441
179000 727.71170958171 -330142.11764453 5554.76854324329 438.041836321194 100.078080111606 100.078080111606 100.078080111606 1002344.23277535
180000 728.193446893129 -330179.397738487 5558.44574017216 667.385534888174 100.075035162034 100.075035162034 100.075035162034 1002252.74436617
181000 732.038885389527 -330171.167245009 5587.7987387752 81.3097765867902 100.094311534029 100.094311534029 100.094311534029 1002832.01525937
182000 728.505693379381 -330166.570592036 5560.82917984577 184.234982663991 100.082680257182 100.082680257182 100.082680257182 1002482.45908816
183000 727.37314294564 -330186.704878904 5552.18419661939 -90.1900327376687 100.087873375296 100.087873375296 100.087873375296 1002638.51845644
184000 726.929220600725 -330192.026447811 5548.79564886797 -441.470438765409 100.099331833696 100.099331833696 100.099331833696 1002982.91603492
185000 731.713679420721 -330186.524673361 5585.31637678787 -565.439694914459 100.096903351551 100.096903351551 100.096903351551 1002909.91853435
186000 728.862776830468 -330213.688928526 5563.5548690099 -255.318279046354 100.095132111911 100.095132111911 100.095132111911 1002856.6792539
187000 725.019064882959 -330210.41779349 5534.2150494987 -229.313646208333 100.096388685119 100.096388685119 100.096388685119 1002894.44868269
188000 728.283277005362 -330217.385791478 5559.13143132581 -157.141628341996 100.090139871337 100.090139871337 100.090139871337 1002706.63443143
189000 727.402907422108 -330218.709173857 5552.41139480159 568.490907301521 100.078885045963 100.078885045963 100.078885045963 1002368.41872493
190000 725.251244320664 -330258.732631944 5535.98732142997 72.4663177875898 100.079350146335 100.079350146335 100.079350146335 1002382.3938234
191000 724.503349357364 -330243.888569804 5530.27849008771 -499.687232673101 100.102825364873 100.102825364873 100.102825364873 1003087.93395008
192000 724.868967539625 -330227.932560089 5533.06932655622 112.2711095999 100.087188000508 100.087188000508 100.087188000508 1002617.92120225
193000 725.081080984706 -330272.693782145 5534.68843076579 -22.5603550611135 100.090578695651 100.090578695651 100.090578695651 1002719.82296272
194000 723.559916517276 -330234.448547462 5523.07707915288 -197.687119336439 100.104652650057 100.104652650057 100.104652650057 1003142.86630104
195000 724.061083460346 -330275.759545438 5526.9025863333 -754.40826407636 100.106179849922 100.106179849922 100.106179849922 1003188.7789429
196000 726.23237701498 -330267.86400959 5543.47650286731 185.520064390181 100.074597016372 100.074597016372 100.074597016372 1002239.58032074
197000 722.148879103046 -330262.307369192 5512.30634929008 354.493894609778 100.07450024954 100.07450024954 100.07450024954 1002236.67298586
198000 724.98581388769 -330302.438586387 5533.96123802346 -103.434340199078 100.083834538059 100.083834538059 100.083834538059 1002517.1451999
199000 729.753782646563 -330292.866759886 5570.35609401963 265.367713477236 100.076837698338 100.076837698338 100.076837698338 1002306.90261335
200000 722.50301096747 -330285.592411195 5515.00950840482 453.427239073391 100.082759604958 100.082759604958 100.082759604958 1002484.84346124
201000 718.112240289413 -330294.293661357 5481.4938805512 -121.905436775619 100.094534462662 100.094534462662 100.094534462662 1002838.71575408
202000 720.582239371208 -330323.881946414 5500.34787591879 -183.392481664014 100.095613708496 100.095613708496 100.095613708496 1002871.15472337
203000 724.247715801355 -330303.816097314 5528.32718819601 30.6422131563331 100.086129154966 100.086129154966 100.086129154966 1002586.10075729
204000 722.97924695183 -330336.453113843 5518.64471260761 404.617481975498 100.068267746258 100.068267746258 100.068267746258 1002049.43085146
205000 725.212879065294 -330323.596310916 5535.6944717879 19.9217211768493 100.087311803048 100.087311803048 100.087311803048 1002621.64176233
206000 719.572450072387 -330368.388973204 5492.63995290678 -281.43970086559 100.083377234186 100.083377234186 100.083377234186 1002503.40313416
207000 721.238193212393 -330368.88404937 5505.35490234815 -637.642185577329 100.093812240345 100.093812240345 100.093812240345 1002817.00825691
208000 728.410769396804 -330380.877596035 5560.10460616436 -518.742947987476 100.100179567825 100.100179567825 100.100179567825 1003008.3988239
209000 719.306625421345 -330378.04652084 5490.61086035517 -79.4564616138723 100.074315770865 100.074315770865 100.074315770865 1002231.13038652
210000 720.520931442866 -330430.119791952 5499.87990028047 72.6541590227566 100.069087256719 100.069087256719 100.069087256719 1002074.04994604
211000 724.01065825326 -330419.893378855 5526.51768067572 321.143886894772 100.067583080193 100.067583080193 100.067583080193 1002028.86295628
212000 718.46445641167 -330441.628407761 5484.1824164241 863.787405550019 100.04336404655 100.04336404655 100.04336404655 1001301.48561021
213000 721.082126496145 -330418.393790061 5504.16361399228 -6.63583087429825 100.075855322669 100.075855322669 100.075855322669 1002277.38632555
214000 717.09877814499 -330434.767877211 5473.75792197655 54.7602212784631 100.064409172766 100.064409172766 100.064409172766 1001933.52001266
215000 715.32720806469 -330475.422950993 5460.23517440409 229.532198120134 100.063087972933 100.063087972933 100.063087972933 1001893.83346678
216000 720.186478067174 -330445.632346396 5497.32695099298 208.537519778729 100.061624424628 100.061624424628 100.061624424628 1001849.87224377
217000 719.060519752598 -330486.232068781 5488.73228672627 -346.491940651345 100.071551788201 100.071551788201 100.071551788201 1002148.08990988
218000 715.951821630992 -330482.461228641 5465.00297426781 -284.332681215171 100.070855114939 100.070855114939 100.070855114939 1002127.15993809
219000 716.681089748003 -330447.223877125 5470.56962317923 -57.087069350479 100.068903899524 100.068903899524 100.068903899524 1002068.54163707
220000 718.193248317558 -330500.014709776 5482.11223097839 270.675176835535 100.06016549278 100.06016549278 100.06016549278 1001806.05096715
221000 720.04510941068 -330464.704580063 5496.24785585715 -51.1764370272852 100.072006070057 100.072006070057 100.072006070057 1002161.73793728
222000 716.186170439103 -330508.081066589 5466.79180543585 176.806289193495 100.061808331914 100.061808331914 100.061808331914 1001855.3962745
223000 715.703804871361 -330480.724294865 5463.10981290123 193.194457471095 100.066187639125 100.066187639125 100.066187639125 1001986.94370478
224000 718.421445361242 -330500.370048527 5483.85410450224 -192.229893089324 100.068577523116 100.068577523116 100.068577523116 1002058.73687899
225000 718.449179030326 -330509.51909378 5484.06580112686 -643.174529377499 100.078780389525 100.078780389525 100.078780389525 1002365.27407963
226000 717.502881066701 -330517.190397592 5476.84252013293 -188.532708278443 100.066055723101 100.066055723101 100.066055723101 1001982.98098882
227000 719.844817593316 -330476.344990978 5494.71898848851 250.294299949817 100.056368894216 100.056368894216 100.056368894216 1001692.02024126
228000 717.556115202268 -330494.001072939 5477.24886690155 822.625799763807 100.045265328251 100.045265328251 100.045265328251 1001358.57462527
229000 711.44840949512 -330523.686540852 5430.62753171244 187.214150272823 100.06313407353 100.06313407353 100.06313407353 1001895.21823092
230000 716.55513283896 -330505.163079314 5469.60816898391 70.3945443359292 100.060941962613 100.060941962613 100.060941962613 1001829.37328156
231000 712.695426156592 -330526.913867576 5440.1462584731 521.48002008309 100.054288785609 100.054288785609 100.054288785609 1001629.54790994
232000 714.569391504247 -330502.854739487 5454.45060953304 503.15270963262 100.051968957705 100.051968957705 100.051968957705 1001559.87910328
233000 718.897042518577 -330545.691705576 5487.48443241099 -233.86221109303 100.063689773149 100.063689773149 100.063689773149 1001911.91036897
234000 710.124544955519 -330530.285890847 5420.52220977895 -300.11690827881 100.072293768655 100.072293768655 100.072293768655 1002170.38135417
235000 714.926814105495 -330549.745030615 5457.17888749794 23.6123925307121 100.062750841725 100.062750841725 100.062750841725 1001883.70679929
236000 710.292999040761 -330557.664017644 5421.8080533917 196.25096066499 100.051612578588 100.051612578588 100.051612578588 1001549.1766526
237000 709.079930583714 -330515.835967849 5412.54846004273 185.241522703044 100.055859982064 100.055859982064 100.055859982064 1001676.7357375
238000 712.032684581826 -330516.927211074 5435.08741992023 245.406355929237 100.055244691089 100.055244691089 100.055244691089 1001658.25649405
239000 713.304178877009 -330559.358826223 5444.79298933845 614.258454801528 100.038094067223 100.038094067223 100.038094067223 1001143.25741934
240000 713.984550084619 -330539.691815203 5449.98639839316 211.647845767975 100.053602178134 100.053602178134 100.053602178134 1001608.92745608
241000 711.19970877679 -330564.981911672 5428.72914955276 13.9320445032359 100.059408078537 100.059408078537 100.059408078537 1001783.30136173
242000 713.339530020202 -330553.024681901 5445.06283166143 -230.824867494597 100.065104316811 100.065104316811 100.065104316811 1001954.40135189
243000 711.546256307072 -330546.342932299 5431.37441593311 93.6281354166393 100.059643780018 100.059643780018 100.059643780018 1001790.38082685
244000 708.265742553873 -330574.627454919 5406.33360050853 506.138127089111 100.04037412619 100.04037412619 100.04037412619 1001211.71287254
245000 713.241228880875 -330592.981277715 5444.31247946934 744.559276469056 100.030934232306 100.030934232306 100.030934232306 1000928.31407679
246000 711.206072189354 -330586.37968388 5428.77772274936 1.77173357177102 100.05528201936 100.05528201936 100.05528201936 1001659.37758026
247000 714.993633353995 -330580.679734366 5457.68893214168 -361.473045956719 100.064828644058 100.064828644058 100.064828644058 1001946.12042014
248000 710.524261494982 -330587.981426136 5423.57332580524 -165.354488156616 100.062266323987 100.062266323987 100.062266323987 1001869.15308955
249000 709.573432049172 -330573.254915786 5416.31545510448 -144.328307416474 100.058499054905 100.058499054905 100.058499054905 1001755.99848916
250000 709.992192683707 -330557.395684184 5419.51193850475 466.093527754392 100.045515133611 100.045515133611 100.045515133611 1001366.07559085
251000 709.070585125429 -330584.476647393 5412.47712429669 524.841901642746 100.039395096345 100.039395096345 100.039395096345 1001182.31854356
252000 709.23541515232 -330583.068830475 5413.73530474962 173.938988842526 100.057547777172 100.057547777172 100.057547777172 1001727.42702975
253000 712.331052287882 -330624.018815077 5437.36492009797 102.319636602842 100.057667622429 100.057667622429 100.057667622429 1001731.02653104
254000 709.606179900162 -330594.633262558 5416.56542597913 -168.867592476343 100.054758554939 100.054758554939 100.054758554939 1001643.65636217
255000 712.548387996499 -330624.609225727 5439.02388688614 -32.0641853528905 100.049879509216 100.049879509216 100.049879509216 1001497.1317902
256000 708.265244391279 -330565.863628981 5406.32979793414 16.2020889682235 100.053623738983 100.053623738983 100.053623738983 1001609.5749753
257000 708.182900085633 -330619.55780751 5405.70124743441 235.121611026603 100.04207271908 100.04207271908 100.04207271908 1001262.71268097
258000 707.62746968156 -330624.978074807 5401.46153643913 105.444000099139 100.04876296911 100.04876296911 100.04876296911 1001463.60253739
259000 707.292215797835 -330604.601918574 5398.90247671425 -799.962026927578 100.080462015764 100.080462015764 100.080462015764 1002415.80323465
260000 708.224592712896 -330617.806034432 5406.01949556943 -450.43716959773 100.064014694191 100.064014694191 100.064014694191 1001921.67045239
261000 706.431524480123 -330638.66812574 5392.33264831364 -100.540598928559 100.055062005605 100.055062005605 100.055062005605 1001652.76988244
262000 708.833992828478 -330640.210223455 5410.67116813112 344.301886605512 100.039894078812 100.039894078812 100.039894078812 1001197.2998891
263000 707.370166360276 -330667.205558847 5399.49748889624 244.689049807323 100.028529576741 100.028529576741 100.028529576741 1000856.13150649
264000 706.908360807468 -330650.035615398 5395.97243505409 69.7473116585281 100.038555026451 100.038555026451 100.038555026451 1001157.09679787
265000 706.727889999229 -330652.662808003 5394.59486539927 -270.168529191422 100.046759526192 100.046759526192 100.046759526192 1001403.44182399
266000 709.783273955739 -330696.251708431 5417.91722020776 -93.036787498998 100.042224801575 100.042224801575 100.042224801575 1001267.2790027
267000 708.028548849719 -330643.924058803 5404.52305368189 -57.3216431757802 100.04391032063 100.04391032063 100.04391032063 1001317.88813844
268000 705.870273139895 -330669.553262271 5388.04850495233 19.6536323871855 100.047131879933 100.047131879933 100.047131879933 1001414.62292691
269000 705.197841533787 -330640.59099265 5382.91570045858 65.5121610437412 100.036713228455 100.036713228455 100.036713228455 1001101.80126147
270000 705.693528147039 -330691.91194746 5386.69937518904 70.933338951968 100.036610725717 100.036610725717 100.036610725717 1001098.72392416
271000 708.013726619405 -330677.499385482 5404.4099126432 580.367337814782 100.020999814656 100.020999814656 100.020999814656 1000630.1267466
272000 703.179263460584 -330688.798156998 5367.50749163705 116.483867917369 100.036473721175 100.036473721175 100.036473721175 1001094.61078346
273000 701.162806978783 -330677.17812779 5352.11547734562 -798.693647827353 100.059989818527 100.059989818527 100.059989818527 1001800.77440519
274000 703.521536300836 -330677.88678126 5370.12012845628 -606.167183441796 100.061289358428 100.061289358428 100.061289358428 1001839.80789869
275000 705.150860556882 -330704.975037165 5382.55708529655 -119.235263682732 100.043340636397 100.043340636397 100.043340636397 1001300.78269655
276000 705.153667925137 -330687.782994348 5382.57851449807 -165.850857378995 100.033816407796 100.033816407796 100.033816407796 1001014.83533737
277000 702.284315467923 -330750.275684844 5360.67617520774 -45.3956592097307 100.022599362036 100.022599362036 100.022599362036 1000678.13409197
278000 706.488564424331 -330704.308236947 5392.76804557827 -6.86715994104429 100.029555907117 100.029555907117 100.029555907117 1000886.93930482
279000 703.028903013868 -330701.558519051 5366.35976037402 -65.8905629102685 100.036225291512 100.036225291512 100.036225291512 1001087.15247443
280000 707.861634484755 -330683.043128749 5403.24896306096 -71.5603166466136 100.043083802023 100.043083802023 100.043083802023 1001293.07100486
281000 702.840899914046 -330719.455028104 5364.92469523603 -178.094261046882 100.039856780854 100.039856780854 100.039856780854 1001196.18005783
282000 701.424786559118 -330731.058301541 5354.11521970603 -582.061143484128 100.045741050411 100.045741050411 100.045741050411 1001372.85928114
283000 700.915512567815 -330699.196375213 5350.22782981036 -517.93593520155 100.047399067322 100.047399067322 100.047399067322 1001422.64612763
284000 700.196513533378 -330722.853251085 5344.73956685331 -780.313275481517 100.04799028093 100.04799028093 100.04799028093 1001440.39945855
285000 702.731422111161 -330725.787940636 5364.08902934301 -12.1562919762678 100.024964298045 100.024964298045 100.024964298045 1000749.11592175
286000 703.283454205086 -330712.47853915 5368.3028003595 168.745282980388 100.028587108072 100.028587108072 100.028587108072 1000857.85843233
287000 700.589311148623 -330714.541049162 5347.73786935181 528.690393679871 100.023239666013 100.023239666013 100.023239666013 1000697.35201757
288000 700.149607949211 -330734.48062961 5344.38152717908 316.372879996064 100.022207240116 100.022207240116 100.022207240116 1000666.36516287
289000 701.337741652793 -330734.364536348 5353.45078858428 387.352545881093 100.019898428533 100.019898428533 100.019898428533 1000597.07164812
290000 695.502742378236 -330752.446871476 5308.91107595717 -103.075219785242 100.03392205871 100.03392205871 100.03392205871 1001018.00701217
291000 699.990908319718 -330714.740018233 5343.17014127155 -212.054885035419 100.037504380489 100.037504380489 100.037504380489 1001125.55344099
292000 699.696880170596 -330741.496529282 5340.92576579694 84.3501066174674 100.026789594464 100.026789594464 100.026789594464 1000803.90315785
293000 699.13686193288 -330738.82137087 5336.65103495291 139.839152682257 100.027671641817 100.027671641817 100.027671641817 1000830.37899164
294000 699.350734893888 -330756.358865776 5338.2835698983 -89.4954184319425 100.028736872464 100.028736872464 100.028736872464 1000862.35393999
295000 703.696786678434 -330727.194717751 5371.45784952337 578.724413532775 100.010397442216 100.010397442216 100.010397442216 1000311.95569964
296000 697.765585208901 -330754.627930348 5326.1838063648 237.380456553585 100.019000487149 100.019000487149 100.019000487149 1000570.12292687
297000 694.137660591238 -330736.757189451 5298.49113455794 487.423325303337 100.012188661542 100.012188661542 100.012188661542 1000365.70441711
298000 696.642583869975 -330770.78132328 5317.61171328267 320.529315487294 100.007280170516 100.007280170516 100.007280170516 1000218.42101612
299000 700.30156382996 -330781.679571611 5345.54143670813 -251.174257824271 100.030440726349 100.030440726349 100.030440726349 1000913.49981003
300000 697.697894838128 -330756.442562742 5325.66711227111 -414.83793936092 100.035181392714 100.035181392714 100.035181392714 1001055.81314407
301000 691.785150205849 -330787.175739941 5280.53395383053 -521.638562945442 100.030763840204 100.030763840204 100.030763840204 1000923.19915939
302000 696.613768106574 -330745.657410698 5317.39175681643 -251.467260821533 100.035466872869 100.035466872869 100.035466872869 1001064.3836004
303000 695.375973205612 -330747.45796755 5307.94342159202 8.36125416845471 100.017752555223 100.017752555223 100.017752555223 1000532.67120826
304000 696.940727561579 -330782.500031697 5319.88750351345 249.807929835363 100.017280381289 100.017280381289 100.017280381289 1000518.50102729
305000 697.362076365985 -330753.736373737 5323.10374293028 599.084407918934 100.015163908912 100.015163908912 100.015163908912 1000454.98625408
306000 693.62116472227 -330792.93505702 5294.54861863044 437.873760374678 100.00653859495 100.00653859495 100.00653859495 1000196.17067473
307000 697.686198944063 -330766.635571814 5325.57783518022 222.166912895412 100.014607299528 100.014607299528 100.014607299528 1000438.28300093
308000 693.470297399579 -330828.683893242 5293.39701828204 -239.166599037367 100.021767242689 100.021767242689 100.021767242689 1000653.15943485
309000 695.748503542699 -330802.825291614 5310.78701991621 -766.668957059243 100.03464235128 100.03464235128 100.03464235128 1001039.63060771
310000 694.304387501 -330757.307248838 5299.76379429594 -160.439813622093 100.034410224081 100.034410224081 100.034410224081 1001032.66198222
311000 694.03488499647 -330780.70334928 5297.70662795552 -132.434799575214 100.028244803417 100.028244803417 100.028244803417 1000847.58345571
312000 697.233638236524 -330827.475988825 5322.12334908491 7.53331048330983 100.016097624061 100.016097624061 100.016097624061 1000483.00646604
313000 697.636426494396 -330775.520660203 5325.19791215014 278.360028717976 100.016335117462 100.016335117462 100.016335117462 1000490.13357905
314000 695.487384441366 -330813.482369738 5308.79384576355 -93.0530271394607 100.017287305283 100.017287305283 100.017287305283 1000518.70881894
315000 698.60361605166 -330782.720148192 5332.5806628429 -762.609096962111 100.045117162336 100.045117162336 100.045117162336 1001354.12562943
316000 692.124818350178 -330805.511707361 5283.12670848655 -97.9957924701123 100.022981634082 100.022981634082 100.022981634082 1000689.60748124
317000 695.384573799983 -330817.793878882 5308.00907164332 487.965091203226 100.007802361393 100.007802361393 100.007802361393 1000234.08910532
318000 693.410772900269 -330842.229879376 5292.94265591303 333.859057914168 100.012213897745 100.012213897745 100.012213897745 1000366.46168796
319000 695.105996332411 -330795.68813744 5305.88263430097 43.3273895425826 100.012888547393 100.012888547393 100.012888547393 1000386.70625834
320000 689.240999993854 -330807.099859079 5261.11394810463 -725.760904668677 100.040354037872 100.040354037872 100.040354037872 1001211.10973639
321000 693.592109338358 -330835.9242025 5294.32683309306 -648.195070428645 100.031484278759 100.031484278759 100.031484278759 1000944.82577192
322000 694.338556193172 -330798.431678625 5300.02461073457 558.103947246558 100.007108350666 100.007108350666 100.007108350666 1000213.26567892
323000 697.597291028321 -330836.27488941 5324.89918333622 797.313105987993 99.9922670717859 99.9922670717859 99.9922670717859 999768.030092568
324000 694.315124091661 -330855.614573557 5299.84574883272 392.916731874499 100.00028056169 100.00028056169 100.00028056169 1000008.4168743
325000 691.04036239786 -330830.702060147 5274.84884002415 224.657980435651 100.010291649637 100.010291649637 100.010291649637 1000308.78126562
326000 692.362687004663 -330797.060787323 5284.94240734361 468.89777715095 100.015623744078 100.015623744078 100.015623744078 1000468.78555658
327000 689.171709971311 -330821.983250948 5260.58504355011 -42.3315438351422 100.020028152216 100.020028152216 100.020028152216 1000600.96491257
328000 689.309369208415 -330833.358739246 5261.63582394828 -281.08204796254 100.022849084702 100.022849084702 100.022849084702 1000685.62917718
329000 690.731483142507 -330800.192462792 5272.49110309522 275.841877850646 100.01551634392 100.01551634392 100.01551634392 1000465.56254841
330000 689.851721520672 -330841.752324996 5265.77570726171 149.986886432917 100.012856735352 100.012856735352 100.012856735352 1000385.75165138
331000 689.162347118937 -330848.934644348 5260.51357503152 286.888792301812 100.006206054823 100.006206054823 100.006206054823 1000186.19319947
332000 690.098561034529 -330846.41303051 5267.65988247663 294.868575178928 100.003269966879 100.003269966879 100.003269966879 1000098.10221421
333000 687.954051393861 -330821.635691823 5251.2904128971 95.2993877685409 100.007637691106 100.007637691106 100.007637691106 1000229.14823392
334000 689.303374633477 -330849.852098048 5261.59006616281 136.809803619354 100.01117126471 100.01117126471 100.01117126471 1000335.17538184
335000 690.304152110301 -330848.04290408 5269.22920014107 16.4362501444141 100.014396938738 100.014396938738 100.014396938738 1000431.97034667
336000 690.586288056282 -330847.203057589 5271.38280005849 -155.074117425768 100.018141677553 100.018141677553 100.018141677553 1000544.3490687
337000 688.020754582793 -330877.717432885 5251.79957163502 -499.411180610699 100.020743162215 100.020743162215 100.020743162215 1000622.42395902
338000 691.227110227181 -330879.152269829 5276.27432343217 -650.895055925982 100.02967860738 100.02967860738 100.02967860738 1000890.62249347
339000 690.711619053973 -330866.258770566 5272.33947654768 -423.223724471804 100.020740737669 100.020740737669 100.020740737669 1000622.35119244
340000 684.772859516282 -330887.083447819 5227.00774114821 324.277305372755 99.9977795557836 99.9977795557836 99.9977795557836 999933.388152609
341000 691.638669044689 -330871.536808372 5279.41583392745 464.613551443086 99.9930521538625 99.9930521538625 99.9930521538625 999791.579097309
342000 686.258413083723 -330881.005333136 5238.34726766272 571.794267461377 99.984365486031 99.984365486031 99.984365486031 999531.037908516
343000 686.631938034098 -330911.264855724 5241.19845806841 2.58808537368127 99.9946946518546 99.9946946518546 99.9946946518546 999840.847999503
344000 686.133943621334 -330854.843576624 5237.39716744424 -262.418475410836 100.015746747087 100.015746747087 100.015746747087 1000472.47680452
345000 684.399826126874 -330900.349128183 5224.16030292539 -313.270818550178 100.005495388043 100.005495388043 100.005495388043 1000164.87070125
346000 688.241895555948 -330883.45619947 5253.48758476594 0.333787468342561 100.004339537329 100.004339537329 100.004339537329 1000130.19176941
347000 687.310770638357 -330930.794774989 5246.38012265703 10.7454630072419 100.002881593563 100.002881593563 100.002881593563 1000086.45029798
348000 685.181489934731 -330882.999319131 5230.12689858972 -498.271304487437 100.018964851103 100.018964851103 100.018964851103 1000569.05343957
349000 684.383989209891 -330892.345539975 5224.03941658108 366.328223718662 99.9981607828789 99.9981607828789 99.9981607828789 999944.824501178
350000 684.08935994993 -330883.862831432 5221.79045270761 245.563291242728 100.005013010607 100.005013010607 100.005013010607 1000150.39785742
351000 685.804131595978 -330908.157638675 5234.87964650908 409.820479043176 99.9931622645265 99.9931622645265 99.9931622645265 999794.881961864
352000 687.441355796737 -330902.267977125 5247.37690520214 527.380272735725 99.9978643669884 99.9978643669884 99.9978643669884 999935.932377922
353000 683.199941886396 -330871.783231128 5215.00134732967 -419.435606796994 100.016599731254 100.016599731254 100.016599731254 1000498.07460752
354000 685.46120213608 -330889.19526315 5232.26199758119 -71.7345491303189 100.007413520114 100.007413520114 100.007413520114 1000222.4220919
355000 682.560181668115 -330909.020637759 5210.11793005201 -267.669499007486 100.007306557414 100.007306557414 100.007306557414 1000219.21273855
356000 684.957646551955 -330891.740917218 5228.41825742745 3.63701092256486 100.003720330865 100.003720330865 100.003720330865 1000111.61407827
357000 682.180626054092 -330939.95550831 5207.22070638854 -792.766221155523 100.016085249432 100.016085249432 100.016085249432 1000482.63510771
358000 684.057010244996 -330902.196725534 5221.54352096117 -404.363016197924 100.016287935462 100.016287935462 100.016287935462 1000488.71765722
359000 677.080741519055 -330920.706176398 5168.29227110792 311.224897361694 99.9931679327108 99.9931679327108 99.9931679327108 999795.051984149
360000 683.181747739887 -330942.982453534 5214.86246778249 -34.4390133089105 99.9980761822076 99.9980761822076 99.9980761822076 999942.286576542
361000 679.551479790751 -330908.847465015 5187.15190885938 -306.522536962088 100.011004828256 100.011004828256 100.011004828256 1000330.18118088
362000 683.554804021948 -330911.51379051 5217.71008074951 -42.976118356141 100.00423198644 100.00423198644 100.00423198644 1000126.96496619
363000 679.742495259157 -330922.83921357 5188.60996800726 79.3554721002172 100.001017012611 100.001017012611 100.001017012611 1000030.51068862
364000 678.202523163623 -330938.923731497 5176.85505401988 218.40152863632 99.9948857571524 99.9948857571524 99.9948857571524 999846.580561083
365000 684.995347470622 -330933.497528554 5228.70603605503 289.174708056209 99.9920272502415 99.9920272502415 99.9920272502415 999760.836576161
366000 681.262442497747 -330956.041764065 5200.21202826978 43.5333487340466 99.9980709525488 99.9980709525488 99.9980709525488 999942.129692825
367000 687.185275660416 -330946.026845786 5245.4221944739 77.0951172642393 99.9983671438967 99.9983671438967 99.9983671438967 999951.015116764
368000 681.594587622482 -330947.853565199 5202.74735821758 169.011369465174 99.9943819537372 99.9943819537372 99.9943819537372 999831.468080672
369000 679.298328031852 -330920.93592537 5185.21955101976 228.737797889167 100.006164110691 100.006164110691 100.006164110691 1000184.93471984
370000 678.298209322317 -330948.622561384 5177.58544554353 41.1022629863629 99.9951683493055 99.9951683493055 99.9951683493055 999855.057482506
371000 682.359112866635 -330897.266626278 5208.58313180871 -179.750424765124 100.012772128792 100.012772128792 100.012772128792 1000383.21280401
372000 678.050824722563 -330953.413841877 5175.69710957929 -93.3139948337416 100.00440598393 100.00440598393 100.00440598393 1000132.18534179
373000 680.231837454272 -330932.335798405 5192.34521452936 -264.857538149431 100.003724914747 100.003724914747 100.003724914747 1000111.75160496
374000 677.88522565225 -330976.413842592 5174.43305886463 75.3080697526771 99.9967440983175 99.9967440983175 99.9967440983175 999902.326129761
375000 681.339570059828 -330935.691680657 5200.80075832596 51.1923493014616 100.002304788766 100.002304788766 100.002304788766 1000069.1452566
376000 679.206644868789 -330937.976882246 5184.51971515972 713.204787896905 99.9846459564599 99.9846459564599 99.9846459564599 999539.449414173
377000 678.063820672434 -330958.804909024 5175.79631025531 440.622189960972 99.9863582317941 99.9863582317941 99.9863582317941 999590.802780635
378000 677.830607174815 -330952.982768265 5174.01614513857 -56.1295171477295 99.9994853911119 99.9994853911119 99.9994853911119 999984.561812805
379000 678.992008356182 -330909.51846797 5182.88135187278 85.5468893554138 100.005769246884 100.005769246884 100.005769246884 1000173.08739199
380000 681.684343717214 -330998.328675438 5203.4324843809 341.368649787326 99.9837048149599 99.9837048149599 99.9837048149599 999511.224104385
381000 678.334497923057 -330949.207760785 5177.86244366684 73.8878774521017 99.9977010002115 99.9977010002115 99.9977010002115 999931.031591954
382000 676.080197240377 -330966.01608617 5160.65491717759 -233.610925375587 100.005400007268 100.005400007268 100.005400007268 1000162.00896623
383000 677.097775394313 -330950.792712544 5168.42229407334 -546.310563030991 100.011118312256 100.011118312256 100.011118312256 1000333.58645412
384000 675.043378115326 -330986.325238873 5152.74067011377 232.479454606115 99.9886253643519 99.9886253643519 99.9886253643519 999658.799743787
385000 678.354967440442 -330981.152066514 5178.01869157348 -34.3828802058353 99.9959782291629 99.9959782291629 99.9959782291629 999879.351727213
386000 673.70436842182 -330969.19777022 5142.51974220145 -511.569640193747 100.005249307665 100.005249307665 100.005249307665 1000157.48749668
387000 679.123865491831 -330970.73944113 5183.88784367394 30.8675335947023 100.0009514119 100.0009514119 100.0009514119 1000028.54262856
388000 678.906290468378 -330971.930848477 5182.22705014793 301.850907190357 99.9937946694714 99.9937946694714 99.9937946694714 999813.851635742
389000 678.178709652791 -331014.654541611 5176.67328074464 -145.923248185638 99.9916058342817 99.9916058342817 99.9916058342817 999748.196166465
390000 672.232050751304 -330991.152962078 5131.28124792664 119.696401719626 99.9869883708098 99.9869883708098 99.9869883708098 999609.70191284
391000 675.409769848215 -330991.307063604 5155.53741124842 152.77186456793 99.9839619432859 99.9839619432859 99.9839619432859 999518.935460231
392000 674.536691614224 -331000.948420648 5148.87303104661 -21.5288286681414 99.9872511707255 99.9872511707255 99.9872511707255 999617.583879486
393000 675.851910490643 -330960.335079785 5158.91235890958 -613.280042790122 100.007413438967 100.007413438967 100.007413438967 1000222.41965713
394000 674.638318421468 -330975.147071279 5149.64876872487 -464.051730109915 100.006798071082 100.006798071082 100.006798071082 1000203.95599692
395000 675.027679193543 -331011.583624008 5152.62083711433 -134.967448984418 99.9925860674219 99.9925860674219 99.9925860674219 999777.598512167
396000 676.218341526868 -331006.12544503 5161.70940005443 466.260285433138 99.981466394675 99.981466394675 99.981466394675 999444.094882241
397000 672.222659193001 -330957.312145688 5131.20956028998 196.055477689502 99.9910559035094 99.9910559035094 99.9910559035094 999731.701103624
398000 673.344492934284 -331021.830151316 5139.77274086654 -375.089307622701 99.9969867885094 99.9969867885094 99.9969867885094 999909.606379089
399000 670.390382373966 -331038.100961471 5117.2234260793 -112.424938990475 99.9845069892661 99.9845069892661 99.9845069892661 999535.281684277
400000 672.083848116778 -330990.740035195 5130.1499876742 119.383854718425 99.986880876219 99.986880876219 99.986880876219 999606.477917735
401000 673.975808839929 -331035.53895826 5144.59170102254 208.198517052008 99.9759061559922 99.9759061559922 99.9759061559922 999277.358819774
402000 672.139031096331 -330998.057601717 5130.57121035745 310.044521868192 99.9834218890491 99.9834218890491 99.9834218890491 999502.739117046
403000 668.580637635957 -331000.296440299 5103.40928373471 90.0761375642065 99.9810779235789 99.9810779235789 99.9810779235789 999432.445114083
404000 671.436354346761 -330990.837622588 5125.20753865451 -154.152837144087 99.9944513821843 99.9944513821843 99.9944513821843 999833.550701507
405000 671.802179830165 -331057.960341199 5127.99995749396 -215.356937986129 99.9887744957127 99.9887744957127 99.9887744957127 999663.272673551
406000 671.513033671662 -331013.792225563 5125.79284722694 -892.335183345194 100.006498654156 100.006498654156 100.006498654156 1000194.97229472
407000 668.598025385039 -331058.708959217 5103.54200788957 285.211857019024 99.9729127767481 99.9729127767481 99.9729127767481 999187.603397867
408000 670.418087956298 -331010.932257654 5117.43490831215 555.725184362448 99.9716856919311 99.9716856919311 99.9716856919311 999150.811245244
409000 669.114381826187 -331034.712094744 5107.48345953673 400.587279714495 99.9727124233635 99.9727124233635 99.9727124233635 999181.596064139
410000 672.596417861834 -331015.467934041 5134.06253471523 21.8104047593397 99.9900916717535 99.9900916717535 99.9900916717535 999702.779604123
411000 672.629630898401 -331039.087787404 5134.31605644413 146.811250308434 99.9787606071552 99.9787606071552 99.9787606071552 999362.953538618
412000 667.856878220615 -331040.76719615 5097.88468384126 -229.438205893393 99.9881108232387 99.9881108232387 99.9881108232387 999643.367101236
413000 673.163585452621 -331024.792157158 5138.39183799642 -33.2734121567094 99.9962400289702 99.9962400289702 99.9962400289702 999887.205110268
414000 667.116637922331 -331035.581538379 5092.23428208297 -408.679097783259 99.9906168188232 99.9906168188232 99.9906168188232 999718.530977097
415000 668.712792444663 -331042.640285261 5104.41804773366 -638.845054104147 99.9948039826382 99.9948039826382 99.9948039826382 999844.127578583
416000 671.060771136584 -331048.043613172 5122.34063714146 -177.306614349735 99.9900234926049 99.9900234926049 99.9900234926049 999700.734636365
417000 669.895193202579 -331022.159291091 5113.44354842177 289.148472562848 99.981168190024 99.981168190024 99.981168190024 999435.152085162
418000 670.194120840873 -331089.491493596 5115.7253226739 -435.136001280931 99.9862007916755 99.9862007916755 99.9862007916755 999586.080873083
419000 670.289880741341 -331075.130150291 5116.45627708321 2.82250883898224 99.9752017569686 99.9752017569686 99.9752017569686 999256.237179665
420000 671.901609149671 -331057.092742142 5128.75892131027 359.972145336604 99.9675988833163 99.9675988833163 99.9675988833163 999028.281415182
421000 665.597629218805 -331093.719103515 5080.63938584568 938.894340129184 99.9518026715228 99.9518026715228 99.9518026715228 998554.776928465
422000 666.230518338387 -331041.671736727 5085.47035465726 218.561368205063 99.9763883103467 99.9763883103467 99.9763883103467 999291.816550803
423000 666.682388306913 -331074.02858142 5088.919568204 388.666866241376 99.9658377432589 99.9658377432589 99.9658377432589 998975.482375833
424000 666.637460246894 -331036.545356336 5088.57662336579 234.080523758828 99.9741781800011 99.9741781800011 99.9741781800011 999225.545412732
425000 665.555198894551 -331093.430259494 5080.31550672247 -327.999209634096 99.9826891928149 99.9826891928149 99.9826891928149 999480.765678473
426000 666.341996458693 -331054.080115242 5086.32128937191 -753.931550874549 99.9943676548077 99.9943676548077 99.9943676548077 999831.039161047
427000 662.401578602307 -331058.671650021 5056.24329438063 -854.373398807235 100.000512332509 100.000512332509 100.000512332509 1000015.370054
428000 665.785192814864 -331076.865664129 5082.07109616383 -385.148697642666 99.9946972052789 99.9946972052789 99.9946972052789 999840.924594107
429000 663.722218195788 -331025.425968435 5066.32399965752 73.5517894795849 99.9834248909142 99.9834248909142 99.9834248909142 999502.829143145
430000 664.329419815348 -331086.613964526 5070.95889066082 -163.7314139061 99.9843152000577 99.9843152000577 99.9843152000577 999529.529801757
431000 666.666873263754 -331080.464791153 5088.80113878675 -396.279966370648 99.9876889164027 99.9876889164027 99.9876889164027 999630.71295905
432000 666.032012397076 -331076.76832072 5083.95511923653 -527.659854250791 99.9912030220137 99.9912030220137 99.9912030220137 999736.113875777
433000 663.010587235099 -331119.660518035 5060.89197867615 -185.560342739326 99.9775089791495 99.9775089791495 99.9775089791495 999325.421116915
434000 663.693720347413 -331051.955002284 5066.10646990003 290.66742916416 99.9736029485034 99.9736029485034 99.9736029485034 999208.297478005
435000 663.977267671717 -331109.945346825 5068.27084314953 139.520319508951 99.9699756722567 99.9699756722567 99.9699756722567 999099.540578712
436000 665.753987070363 -331092.717863171 5081.83289649542 -59.7130360261115 99.9770360999139 99.9770360999139 99.9770360999139 999311.24118752
437000 661.942992648813 -331090.465485692 5052.74281638186 -91.4878843160749 99.9810594250536 99.9810594250536 99.9810594250536 999431.890368427
438000 665.28691548153 -331106.700867862 5078.26764595055 438.25861543161 99.9696929977015 99.9696929977015 99.9696929977015 999091.065457524
439000 664.252215433507 -331133.769889871 5070.3695742241 557.461909528146 99.9547563227348 99.9547563227348 99.9547563227348 998643.303686531
440000 663.624016869416 -331112.424801936 5065.5744093576 460.107227422274 99.9620359689376 99.9620359689376 99.9620359689376 998861.511393707
441000 663.154398975763 -331096.559359901 5061.98972236046 -180.244074027295 99.9771045997694 99.9771045997694 99.9771045997694 999313.295240885
442000 661.155995689434 -331147.966350653 5046.73551170883 29.5506709859281 99.9629044575657 99.9629044575657 99.9629044575657 998887.546499706
443000 658.921850767777 -331122.484659485 5029.68183816138 -571.880887775474 99.9807470807114 99.9807470807114 99.9807470807114 999422.523616676
444000 662.463373324405 -331137.395816089 5056.71498581274 -443.953537712211 99.9856115316218 99.9856115316218 99.9856115316218 999568.408054082
445000 659.10285290815 -331137.37989 5031.0634635803 4.68019433171001 99.9688541568806 99.9688541568806 99.9688541568806 999065.915695267
446000 665.055941942835 -331128.564239665 5076.5045788868 531.471748357856 99.9587398297451 99.9587398297451 99.9587398297451 998762.705542606
447000 662.71106559715 -331139.615141458 5058.60567030624 248.467927459403 99.9666615808026 99.9666615808026 99.9666615808026 999000.180822083
448000 657.163755959913 -331132.460743108 5016.26195002962 19.6847345441834 99.9723572132096 99.9723572132096 99.9723572132096 999170.945612264
449000 661.456651409319 -331128.009438809 5049.03047675223 -663.643154566985 99.9932943950753 99.9932943950753 99.9932943950753 999798.845341498
450000 662.226725537304 -331119.133613943 5054.90860607979 -404.62601234926 99.9819874156797 99.9819874156797 99.9819874156797 999459.719800506
451000 660.0269533188 -331144.818132203 5038.11730622745 -284.400511394485 99.9751593522599 99.9751593522599 99.9751593522599 999254.965669801
452000 663.549909328347 -331112.905905693 5065.00873172383 -248.882969352907 99.9774578597113 99.9774578597113 99.9774578597113 999323.888224311
453000 660.793560512025 -331160.896835205 5043.96897175087 49.3158947521915 99.9685218836664 99.9685218836664 99.9685218836664 999055.953740342
454000 664.124297852982 -331123.751942913 5069.39315383252 47.3883460664761 99.9762134639542 99.9762134639542 99.9762134639542 999286.573644955
455000 660.261147157661 -331163.741014806 5039.9049544843 74.9336309333241 99.9675288678094 99.9675288678094 99.9675288678094 999026.182312374
456000 658.022399717901 -331156.587128984 5022.81614899869 50.0876376377163 99.965861180677 99.965861180677 99.965861180677 998976.185018218
457000 659.43678472287 -331128.694408676 5033.61243168892 254.9491022822 99.9685017916795 99.9685017916795 99.9685017916795 999055.351360274
458000 656.785599104439 -331139.87888123 5013.37540336898 322.981393379116 99.9604520367652 99.9604520367652 99.9604520367652 998814.030253522
459000 658.556036647959 -331145.241438392 5026.88950606244 -340.324831082304 99.9758260359278 99.9758260359278 99.9758260359278 999274.95637787
460000 655.684762391583 -331156.61790957 5004.972497296 -270.555261649451 99.9746211986463 99.9746211986463 99.9746211986463 999238.829168112
461000 659.726806984919 -331150.183518324 5035.82622942896 -464.005719601456 99.9789057263795 99.9789057263795 99.9789057263795 999367.305272513
462000 653.843695525013 -331158.362510053 4990.91926690026 -431.81278679051 99.9729864371068 99.9729864371068 99.9729864371068 999189.812013266
463000 658.24014594524 -331152.644262191 5024.47824935809 -278.866446914395 99.9755243885948 99.9755243885948 99.9755243885948 999265.911359847
464000 656.111013423684 -331181.789243269 5008.22615639406 -170.672094228029 99.9694151008053 99.9694151008053 99.9694151008053 999082.733626365
465000 654.112873994103 -331179.001827809 4992.97395981358 8.93913549240292 99.9639255053843 99.9639255053843 99.9639255053843 998918.155525331
466000 656.467605842645 -331166.923568182 5010.94809741208 -364.148778768504 99.9784074411982 99.9784074411982 99.9784074411982 999352.363097456
467000 656.281575437361 -331206.46537444 5009.52809024474 169.902317613108 99.9586235021282 99.9586235021282 99.9586235021282 998759.218597382
468000 655.489103304072 -331181.858488698 5003.47899247782 106.916697897867 99.960220067458 99.960220067458 99.960220067458 998807.0766937
469000 655.046426130804 -331204.022514864 5000.09994936981 181.347314068613 99.951125946635 99.951125946635 99.951125946635 998534.494884234
470000 656.345354182156 -331170.272531992 5010.01492611759 173.054490770952 99.9588388323659 99.9588388323659 99.9588388323659 998765.673173757
471000 652.203557877342 -331181.423436326 4978.39976928615 -133.806096125751 99.9683443548152 99.9683443548152 99.9683443548152 999050.631236696
472000 655.397068947013 -331188.083881198 5002.77647588402 -325.674842867895 99.9710769001227 99.9710769001227 99.9710769001227 999132.557943197
473000 650.216177700966 -331200.747594773 4963.22970023016 -516.442614478513 99.9785740920327 99.9785740920327 99.9785740920327 999357.360472004
474000 657.040564699833 -331201.513333604 5015.32160658415 -692.614452953346 99.9673486159867 99.9673486159867 99.9673486159867 999020.778278655
475000 652.508513694559 -331159.59153185 4980.72755782968 32.6095269975968 99.9636807329316 99.9636807329316 99.9636807329316 998910.817666787
476000 651.563559952376 -331216.271229942 4973.51453754598 137.74348105451 99.95449988569 99.95449988569 99.95449988569 998635.617554623
477000 656.970884612086 -331207.70126512 5014.78972458416 328.012261560857 99.9504434215721 99.9504434215721 99.9504434215721 998514.039281799
478000 654.12923185611 -331233.891986611 4993.0988226351 561.046500074915 99.9445766917816 99.9445766917816 99.9445766917816 998338.222106129
479000 656.09468784633 -331198.530084965 5008.10154000772 203.041181035432 99.9489023691608 99.9489023691608 99.9489023691608 998467.854231774
480000 650.909565651706 -331208.097414692 4968.52246867998 -520.904758186308 99.9703824554854 99.9703824554854 99.9703824554854 999111.736798264
481000 653.024970127396 -331174.99430162 4984.66977273333 88.2003972791053 99.961078494292 99.961078494292 99.961078494292 998832.809234879
482000 653.598130477356 -331246.41723759 4989.0448199399 36.4488286475202 99.9437618346713 99.9437618346713 99.9437618346713 998313.803681644
483000 653.172191797442 -331202.846173742 4985.79354508835 135.312728860763 99.9509707992431 99.9509707992431 99.9509707992431 998529.845018191
484000 651.637126517633 -331249.549478174 4974.07608580354 -416.773157950481 99.9607433309281 99.9607433309281 99.9607433309281 998822.762193165
485000 654.614438244565 -331254.248764747 4996.80249972052 -552.214820482924 99.9640883602617 99.9640883602617 99.9640883602617 998923.037655298
486000 655.474097561867 -331218.147665534 5003.36445065629 51.5639256551813 99.9595634066118 99.9595634066118 99.9595634066118 998787.392667661
487000 650.405236305245 -331245.783369308 4964.67282224408 850.903957672546 99.9330328583143 99.9330328583143 99.9330328583143 997992.330828528
488000 653.633951979573 -331223.441048006 4989.31825260707 623.996273465257 99.9417325093713 99.9417325093713 99.9417325093713 998252.993613456
489000 651.457247002147 -331239.11818278 4972.70302960417 482.111889110283 99.9387608008213 99.9387608008213 99.9387608008213 998163.948866831
490000 651.18584838273 -331239.03459265 4970.63138984083 415.007278166064 99.9474540475884 99.9474540475884 99.9474540475884 998424.449605704
491000 653.039507256826 -331277.815456203 4984.78073754014 -103.865306136588 99.9525848192915 99.9525848192915 99.9525848192915 998578.218931954
492000 651.969820027421 -331249.864221162 4976.61560168377 -83.6560644940252 99.9592632388276 99.9592632388276 99.9592632388276 998778.394942341
493000 649.972900554099 -331256.045979139 4961.37271727261 -252.52929254021 99.9597238761827 99.9597238761827 99.9597238761827 998792.20286999
494000 649.836819976449 -331238.231929286 4960.33398709674 -776.737237056362 99.9702734442204 99.9702734442204 99.9702734442204 999108.46840078
495000 650.10950250367 -331221.360785771 4962.41542718429 -437.204617985141 99.9695534832201 99.9695534832201 99.9695534832201 999086.882565493
496000 649.56322400107 -331277.170687071 4958.24557447732 -289.657136189721 99.9493558595633 99.9493558595633 99.9493558595633 998481.445105694
497000 650.962683268728 -331218.183023773 4968.92792603932 -167.825192212866 99.9573566594476 99.9573566594476 99.9573566594476 998721.245242232
498000 649.629069122405 -331277.355888551 4958.74818341421 -146.479189955776 99.9621804642912 99.9621804642912 99.9621804642912 998865.842969825
499000 647.711939677454 -331254.421007391 4944.11435219517 -10.399085189559 99.9573824659143 99.9573824659143 99.9573824659143 998722.018776287
500000 652.935742007209 -331245.023186843 4983.98867670497 -101.960033823977 99.9535955160183 99.9535955160183 99.9535955160183 998608.511393463
501000 646.218404651445 -331260.561991907 4932.71390161636 94.405470177433 99.947896007746 99.947896007746 99.947896007746 998437.694538729
502000 647.529719803909 -331263.607942917 4942.7234315762 -279.222464730588 99.9620537683769 99.9620537683769 99.9620537683769 998862.044971617
503000 646.200949431414 -331258.337095542 4932.58066244229 28.6889288098756 99.9526749586263 99.9526749586263 99.9526749586263 998580.920550658
504000 643.525277141434 -331271.378921298 4912.15672247717 -83.0733152005942 99.9468939718582 99.9468939718582 99.9468939718582 998407.665081041
505000 646.049084059439 -331265.619245628 4931.42144378476 -121.120947593533 99.9497751718093 99.9497751718093 99.9497751718093 998494.011787594
506000 648.84741220994 -331276.434928669 4952.78164038378 -386.543887396969 99.9546228427566 99.9546228427566 99.9546228427566 998639.302915181
507000 642.608835830496 -331292.799610421 4905.16134326492 -98.6356349317921 99.9481057751462 99.9481057751462 99.9481057751462 998443.981017806
508000 647.44137822003 -331293.022937003 4942.0491026562 -153.361092118054 99.9495408303296 99.9495408303296 99.9495408303296 998486.988619754
509000 645.379333651158 -331274.665571507 4926.3091054085 -64.5954713081215 99.9517848760829 99.9517848760829 99.9517848760829 998554.243579854
510000 643.030760732828 -331275.06464282 4908.38198015206 452.886412383716 99.9399199737927 99.9399199737927 99.9399199737927 998198.68187978
511000 644.484163743726 -331279.321326909 4919.4760950595 -112.768098871357 99.9471393301433 99.9471393301433 99.9471393301433 998415.018031719
512000 644.641111899856 -331276.426575828 4920.67411162171 813.499796967678 99.9257353006075 99.9257353006075 99.9257353006075 997773.71318231
513000 644.254114342901 -331275.163943609 4917.72008212434 353.275432022484 99.9386682299647 99.9386682299647 99.9386682299647 998161.175144042
514000 648.85178254548 -331322.115428613 4952.81500002615 -232.001632246181 99.9452297032385 99.9452297032385 99.9452297032385 998357.790868479
515000 646.088265534315 -331285.719551646 4931.72052379303 -92.5512317456999 99.9473680837893 99.9473680837893 99.9473680837893 998421.873403463
516000 642.56127548898 -331304.761746515 4904.79830569732 -349.751785330031 99.9545721258404 99.9545721258404 99.9545721258404 998637.782788988
517000 640.748506550708 -331328.663184696 4890.96107902926 -130.164761503843 99.9438485192251 99.9438485192251 99.9438485192251 998316.401296345
518000 641.766989264287 -331282.803814897 4898.73536060909 -125.929978148256 99.9511256480645 99.9511256480645 99.9511256480645 998534.485935872
519000 643.774299613356 -331323.089564335 4914.05756064617 586.06877922306 99.9382477980684 99.9382477980684 99.9382477980684 998148.577706904
520000 643.919436475593 -331298.999401454 4915.16541924759 404.000084769222 99.9349843961824 99.9349843961824 99.9349843961824 998050.799719271
521000 640.460204780344 -331326.068810723 4888.76041414522 314.437229455632 99.9352207019254 99.9352207019254 99.9352207019254 998057.879693163
522000 644.590637704056 -331344.012183959 4920.28883202351 -21.8501670955598 99.9320386521476 99.9320386521476 99.9320386521476 997962.544873971
523000 646.206376212158 -331283.208017709 4932.6220861415 136.411065343604 99.9421920047022 99.9421920047022 99.9421920047022 998266.762477182
524000 640.803176870889 -331335.452097189 4891.37838848133 12.3315026162783 99.9447038052474 99.9447038052474 99.9447038052474 998342.03128909
525000 642.309307316128 -331300.672400211 4902.87498240593 12.1524726378512 99.9475048337213 99.9475048337213 99.9475048337213 998425.971589721
526000 637.270680059715 -331334.067390816 4864.41413614424 -150.739780783343 99.9499327550837 99.9499327550837 99.9499327550837 998498.734545709
527000 642.492852827443 -331291.790582478 4904.27602188225 -205.643536734268 99.9536312292402 99.9536312292402 99.9536312292402 998609.58179638
528000 638.958255884741 -331319.859467778 4877.29573882256 -88.5594631185127 99.9433655332198 99.9433655332198 99.9433655332198 998301.92805379
529000 641.482452782246 -331325.464852533 4896.5634369214 21.6865224775878 99.9455701452528 99.9455701452528 99.9455701452528 998367.992979055
530000 641.524613661929 -331329.956163113 4896.88525932048 -63.9017054047485 99.9408355718973 99.9408355718973 99.9408355718973 998226.117078685
531000 639.509954105409 -331344.142105843 4881.50696131792 -113.60797456514 99.9351102032302 99.9351102032302 99.9351102032302 998054.569029392
532000 643.88195608962 -331336.37254327 4914.87932399002 334.049614560053 99.9329387218096 99.9329387218096 99.9329387218096 997989.510517208
533000 640.632022562239 -331341.948937146 4890.07193352504 329.315963783962 99.9247276569081 99.9247276569081 99.9247276569081 997743.529058446
534000 636.057398392936 -331368.54544678 4855.15291532289 166.316938637666 99.9330698482534 99.9330698482534 99.9330698482534 997993.439041342
535000 638.973988755856 -331327.942567588 4877.41583096401 -313.501117843833 99.9521092272149 99.9521092272149 99.9521092272149 998563.964764443
536000 639.288972221288 -331331.352305017 4879.82016254531 -859.690833883931 99.9647155815429 99.9647155815429 99.9647155815429 998941.840899415
537000 639.184426184653 -331366.984066081 4879.02214180718 54.8026743261717 99.9328473540968 99.9328473540968 99.9328473540968 997986.773163436
538000 638.591152884198 -331349.693687729 4874.49356844012 -276.59620400418 99.9444773413506 99.9444773413506 99.9444773413506 998335.244899041
539000 640.164793867954 -331338.838871434 4886.50548376295 -25.7294514308129 99.9374528111042 99.9374528111042 99.9374528111042 998124.757733684
540000 635.555966471537 -331385.272725773 4851.32538551007 -117.275085425996 99.930603524418 99.930603524418 99.930603524418 997919.550159583
541000 636.50288277553 -331344.625891796 4858.55338641928 -691.204526351659 99.9547299694723 99.9547299694723 99.9547299694723 998642.513804094
542000 636.545843541331 -331356.507112043 4858.88131450856 -212.196570866975 99.9379463032048 99.9379463032048 99.9379463032048 998139.544055581
543000 640.445441502903 -331352.586384608 4888.64772310556 -268.893659305637 99.9422786876093 99.9422786876093 99.9422786876093 998269.359960939
544000 638.302687461832 -331402.796608734 4872.29165436773 331.435152556818 99.9220386170474 99.9220386170474 99.9220386170474 997662.981430744
545000 636.406689210178 -331390.015981009 4857.81912175947 124.152901005319 99.9293863534403 99.9293863534403 99.9293863534403 997883.086137234
546000 639.007795048158 -331358.081739379 4877.67388113219 502.581405057257 99.9236172285692 99.9236172285692 99.9236172285692 997710.266709766
547000 635.544708353773 -331389.760650199 4851.23945005295 181.403067342613 99.9288075795781 99.9288075795781 99.9288075795781 997865.747534731
548000 635.502862510381 -331363.851716496 4850.92003238867 128.200058497038 99.9336163218837 99.9336163218837 99.9336163218837 998009.811401788
549000 633.621683260078 -331399.714494677 4836.56061617179 574.204279347064 99.91678338186 99.91678338186 99.91678338186 997505.578381185
550000 635.104599621962 -331372.070631569 4847.88001237058 -268.700227285902 99.9419008189592 99.9419008189592 99.9419008189592 998258.037027111
551000 636.492106913432 -331377.282110517 4858.4711321158 -305.326415903998 99.9398400024624 99.9398400024624 99.9398400024624 998196.285623729
552000 633.272744009384 -331375.110114171 4833.89709331276 252.610019808614 99.9348489856154 99.9348489856154 99.9348489856154 998046.74268832
553000 633.466000903425 -331372.891739473 4835.37226170932 324.279097849039 99.9184429803499 99.9184429803499 99.9184429803499 997555.284332253
554000 632.166178518334 -331387.232976989 4825.45045833384 -187.970702007398 99.9335900777392 99.9335900777392 99.9335900777392 998009.025122622
555000 633.491208030734 -331400.690768829 4835.56467273692 -216.066502176051 99.9341816026795 99.9341816026795 99.9341816026795 998026.747413684
556000 634.162369621431 -331379.483114618 4840.68778294987 76.3501863883031 99.9272497712628 99.9272497712628 99.9272497712628 997819.08053158
557000 636.275925711008 -331403.891468196 4856.82097790356 99.009463995173 99.9285847502168 99.9285847502168 99.9285847502168 997859.072183646
558000 634.23468972712 -331378.293243133 4841.23981673308 276.46565329169 99.9334275656114 99.9334275656114 99.9334275656114 998004.156240005
559000 630.963786224713 -331412.226360816 4816.27235826852 -526.007419948616 99.9451436249959 99.9451436249959 99.9451436249959 998355.211351365
560000 634.836209876434 -331386.286639238 4845.83133994143 -44.7535918097998 99.940370873137 99.940370873137 99.940370873137 998212.192671921
561000 634.254750105042 -331405.450047897 4841.39294159665 -275.426355677496 99.9343552411021 99.9343552411021 99.9343552411021 998031.949720494
562000 633.338934490082 -331430.520877447 4834.40233844651 -173.746541843608 99.9312155463979 99.9312155463979 99.9312155463979 997937.885456813
563000 635.265321364452 -331410.408593926 4849.10683346971 190.266733347266 99.9194346388041 99.9194346388041 99.9194346388041 997584.985874419
564000 631.114357240366 -331447.058385548 4817.42169684623 364.2120381736 99.9106403543931 99.9106403543931 99.9106403543931 997321.605462121
565000 635.88086601775 -331424.126713532 4853.80540851266 -0.453328422240704 99.9256587892532 99.9256587892532 99.9256587892532 997771.421251426
566000 628.957534140474 -331423.198975769 4800.95823617784 -429.975968484263 99.9369590666319 99.9369590666319 99.9369590666319 998109.963996205
567000 633.051732176391 -331421.262589814 4832.21006593443 -241.416635034319 99.9381295637314 99.9381295637314 99.9381295637314 998145.035060371
568000 630.843803645877 -331453.005194014 4815.35650732661 1.66077823485185 99.9269271449701 99.9269271449701 99.9269271449701 997809.415851562
569000 629.584948630107 -331414.139471459 4805.7474160477 5.00853530331516 99.925932726249 99.925932726249 99.925932726249 997779.627169454
570000 631.172146498311 -331445.866910199 4817.86281377199 54.6596787994454 99.9206875139324 99.9206875139324 99.9206875139324 997622.512060195
571000 627.60022909719 -331452.786752837 4790.59765621363 -183.078616392743 99.9252373296947 99.9252373296947 99.9252373296947 997758.796310019
572000 631.920969579853 -331458.164538268 4823.5787296258 -149.004155732493 99.9237886172176 99.9237886172176 99.9237886172176 997715.400526338
573000 628.431689216517 -331488.089398967 4796.94435704994 350.220846204006 99.9039222393985 99.9039222393985 99.9039222393985 997120.435575891
574000 628.138389055755 -331439.521519106 4794.7055384556 502.642024831808 99.9152551345445 99.9152551345445 99.9152551345445 997459.80793539
575000 631.587098812459 -331482.438508936 4821.03022750359 -51.9379422516513 99.9186258279986 99.9186258279986 99.9186258279986 997560.760827878
576000 632.013272166357 -331496.685283179 4824.28329366844 245.504086399512 99.9073275204992 99.9073275204992 99.9073275204992 997222.401275624
577000 633.592058396848 -331498.483943799 4836.33448368525 208.077565655354 99.9133344821713 99.9133344821713 99.9133344821713 997402.287087797
578000 625.941597416991 -331470.121172238 4777.93698996258 17.5131146360228 99.9167457309262 99.9167457309262 99.9167457309262 997504.450732724
579000 629.568270184589 -331450.885745949 4805.62010614833 153.482066149685 99.9205885886079 99.9205885886079 99.9205885886079 997619.549009133
580000 628.186455683768 -331497.934356497 4795.07244060896 109.163214169985 99.9108716630625 99.9108716630625 99.9108716630625 997328.532341986
581000 631.698670975163 -331492.746920814 4821.8818800626 229.461377699041 99.910250221626 99.910250221626 99.910250221626 997309.922432659
582000 629.062232850713 -331470.364962344 4801.75742230402 84.0170170462859 99.9162637919506 99.9162637919506 99.9162637919506 997490.016697141
583000 624.900521468963 -331503.033276677 4769.9902497204 56.8203466477618 99.9166541620225 99.9166541620225 99.9166541620225 997501.708240324
584000 625.092656725225 -331457.467631531 4771.45685643221 -144.991347555944 99.9311269750836 99.9311269750836 99.9311269750836 997935.231973877
585000 624.296966722842 -331508.937521293 4765.38319602904 27.2298919786204 99.9124817660893 99.9124817660893 99.9124817660893 997376.750144719
586000 625.723344786594 -331465.084826659 4776.27102412769 -87.6932212383743 99.9220231625809 99.9220231625809 99.9220231625809 997662.518519449
587000 625.195462338319 -331500.257905427 4772.2415921705 -93.0142543340774 99.9181122408988 99.9181122408988 99.9181122408988 997545.378359384
588000 626.848072819824 -331487.957986667 4784.85629741164 -656.514432817111 99.9349538890231 99.9349538890231 99.9349538890231 998049.885694448
589000 625.05491162004 -331517.962122392 4771.16874052012 356.059197681321 99.9059522733889 99.9059522733889 99.9059522733889 997181.220862282
590000 624.473710143598 -331505.251320824 4766.73231379218 83.3068862058533 99.914662945521 99.914662945521 99.914662945521 997442.072468031
591000 626.440280576411 -331523.433933363 4781.74353792727 85.7512415824188 99.9210019868869 99.9210019868869 99.9210019868869 997631.931319428
592000 626.175478116815 -331495.206898289 4779.72224796674 486.618959669814 99.9110498980754 99.9110498980754 99.9110498980754 997333.869874669
593000 622.568495386014 -331526.652111474 4752.18942975691 730.080329310798 99.8932975671052 99.8932975671052 99.8932975671052 996802.341421061
594000 627.306636056641 -331513.139971897 4788.35660200949 70.0666530673887 99.9145347071147 99.9145347071147 99.9145347071147 997438.231884061
595000 623.420922376872 -331536.797832025 4758.69617490321 -350.731531776269 99.9205008032335 99.9205008032335 99.9205008032335 997616.919631247
596000 625.05591480558 -331494.799682027 4771.17639803532 -193.046269825852 99.9266668811759 99.9266668811759 99.9266668811759 997801.619364806
597000 622.847469598986 -331535.340742625 4754.31889553599 -235.438586965864 99.9140247085689 99.9140247085689 99.9140247085689 997422.958146781
598000 624.966435419216 -331498.855720931 4770.49338404214 42.6969073357895 99.9158521241359 99.9158521241359 99.9158521241359 997477.687387742
599000 622.026114143825 -331526.102327459 4748.04932561555 243.085596577167 99.9073067411795 99.9073067411795 99.9073067411795 997221.779051029
600000 622.014696493229 -331513.429769244 4747.96217241253 -219.866090367355 99.9232769518545 99.9232769518545 99.9232769518545 997700.074031846
601000 622.919539953146 -331570.705170271 4754.86902291599 -89.1104741401732 99.9111051413758 99.9111051413758 99.9111051413758 997335.524227567
602000 621.701174975346 -331548.071075552 4745.56900016831 693.280900428221 99.8936581859191 99.8936581859191 99.8936581859191 996813.136949425
603000 619.267393822775 -331535.164711805 4726.99146347426 611.351400042278 99.901749974789 99.901749974789 99.901749974789 997055.394215493
604000 625.107637081679 -331551.664329184 4771.57120447925 -520.136491507471 99.9222172476099 99.9222172476099 99.9222172476099 997668.332004671
605000 621.334502992129 -331560.023802794 4742.77011982703 -1017.30776974563 99.93650083724 99.93650083724 99.93650083724 998096.234504264
606000 622.288701771816 -331550.79479722 4750.05370932493 -44.8331464069211 99.9181231556786 99.9181231556786 99.9181231556786 997545.70526676
607000 621.175053010444 -331573.579578398 4741.55300633164 135.2605554614 99.9102862557863 99.9102862557863 99.9102862557863 997311.001518292
608000 622.524931699549 -331572.113225715 4751.85689945402 428.028673111349 99.8982967554242 99.8982967554242 99.8982967554242 996952.004675742
609000 623.809745151318 -331551.522308305 4761.66413664954 99.0518490863138 99.8979735026422 99.8979735026422 99.8979735026422 996942.326839078
610000 617.461754713822 -331569.064549122 4713.20866021467 -141.867165430146 99.9049387303942 99.9049387303942 99.9049387303942 997150.872046284
611000 620.333267287862 -331585.196889675 4735.12748810735 -469.096159524678 99.9123703733205 99.9123703733205 99.9123703733205 997373.414212152
612000 623.018131788242 -331578.305882088 4755.62159404684 -445.800406661504 99.9229730214089 99.9229730214089 99.9229730214089 997690.970131884
613000 619.530168565379 -331577.008222759 4728.99727546678 -168.091527992142 99.9175024850715 99.9175024850715 99.9175024850715 997527.11574267
614000 621.741040396243 -331581.258057064 4745.87330087289 86.683033841407 99.9038109800129 99.9038109800129 99.9038109800129 997117.104208686
615000 620.649030528459 -331580.130504562 4737.53777186792 561.486228720459 99.897351393757 99.897351393757 99.897351393757 996923.701752037
616000 615.801409311804 -331573.675240161 4700.53491278336 412.569156532064 99.9009276807997 99.9009276807997 99.9009276807997 997030.774048893
617000 616.379462575093 -331533.946291891 4704.94730857273 -224.069537637531 99.9207168954977 99.9207168954977 99.9207168954977 997623.392109771
618000 617.558669334012 -331599.853947042 4713.9484288298 -176.523638549361 99.9084134309084 99.9084134309084 99.9084134309084 997254.918588905
619000 615.189490301644 -331609.101887571 4695.86401299723 600.009942648914 99.889300723843 99.889300723843 99.889300723843 996682.696657668
620000 616.040352924409 -331597.531419325 4702.35881701004 539.828359040774 99.8857146754572 99.8857146754572 99.8857146754572 996575.357111641
621000 616.758071363569 -331598.070204857 4707.83730492806 125.196317987614 99.8987292416177 99.8987292416177 99.8987292416177 996964.952939873
622000 616.992653735438 -331577.717165423 4709.62791893482 -415.764134833604 99.9201806663981 99.9201806663981 99.9201806663981 997607.330821209
623000 615.599726127158 -331616.23886044 4698.99542483089 -605.802942858452 99.9186209417485 99.9186209417485 99.9186209417485 997560.614478855
624000 618.003436866674 -331576.492662383 4717.34342806777 -160.518032700145 99.9147386405436 99.9147386405436 99.9147386405436 997444.339446327
625000 620.239503922465 -331622.434610254 4734.41177364823 -252.378434733747 99.900859082193 99.900859082193 99.900859082193 997028.720167817
626000 618.798485309225 -331627.193491735 4723.41219131685 560.740097324888 99.8882824476611 99.8882824476611 99.8882824476611 996652.216278959
627000 613.45249250982 -331594.3403766 4682.60516259443 25.2992690323152 99.9020895088722 99.9020895088722 99.9020895088722 997065.560266832
628000 618.62886481617 -331629.869495136 4722.11744428076 -197.934628523087 99.9040592377303 99.9040592377303 99.9040592377303 997124.537637769
629000 619.855385043808 -331602.287130667 4731.47971767615 -469.058140019759 99.9150848941934 99.9150848941934 99.9150848941934 997454.709386074
630000 613.766953500418 -331598.867627865 4685.00550602117 189.002104031068 99.8984521274297 99.8984521274297 99.8984521274297 996956.65636686
631000 618.161646297744 -331601.902250419 4718.55107219302 396.767126326344 99.8931054263511 99.8931054263511 99.8931054263511 996796.589504071
632000 612.091114395758 -331608.963949527 4672.21349206903 -385.683169032256 99.9130109116016 99.9130109116016 99.9130109116016 997392.596820242
633000 616.189846485371 -331621.123476565 4703.4999311613 -613.831172355139 99.9177177266525 99.9177177266525 99.9177177266525 997533.562354246
634000 614.109039691113 -331646.773315169 4687.61671810712 -411.112134276617 99.9033291596712 99.9033291596712 99.9033291596712 997102.677462132
635000 615.590849322846 -331637.126703948 4698.92766641405 -177.518593167228 99.9016225380428 99.9016225380428 99.9016225380428 997051.578626682
636000 611.768465075523 -331657.939835265 4669.75064548989 260.754279711676 99.891233859165 99.891233859165 99.891233859165 996740.563510257
637000 617.454288728363 -331665.018320404 4713.15167085938 -143.741770648857 99.9008671997593 99.9008671997593 99.9008671997593 997028.963212196
638000 613.263766221741 -331629.567729025 4681.16457721632 751.747750374491 99.888015233009 99.888015233009 99.888015233009 996644.217762326
639000 614.34101896129 -331677.224800257 4689.38746211975 314.964081240204 99.8896767871737 99.8896767871737 99.8896767871737 996693.953635831
640000 615.247690640649 -331634.095554813 4696.30826778666 -49.5740515311396 99.9080949781479 99.9080949781479 99.9080949781479 997245.382528071
641000 612.722218609661 -331658.273805805 4677.03083633976 -38.1440254843185 99.9060309921994 99.9060309921994 99.9060309921994 997183.577988548
642000 617.101543441369 -331656.27031563 4710.45909576656 363.696888542713 99.8830799854478 99.8830799854478 99.8830799854478 996496.499052043
643000 610.43873365752 -331664.439016903 4659.60054050405 -39.9695924265312 99.8977625809393 99.8977625809393 99.8977625809393 996936.012106501
644000 611.457065595411 -331654.093160986 4667.37367118299 -344.901266593987 99.9075559576143 99.9075559576143 99.9075559576143 997229.241708702
645000 608.351604540858 -331664.540392207 4643.66906790264 183.443639599251 99.8904237696868 99.8904237696868 99.8904237696868 996716.313860002
646000 612.403333658825 -331658.496060889 4674.59672394265 -44.4251716817991 99.897898833257 99.897898833257 99.897898833257 996940.091327817
647000 613.552601303751 -331686.525118395 4683.36931297446 -113.407591922982 99.9003465752811 99.9003465752811 99.9003465752811 997013.375510313
648000 611.454268254873 -331679.96140477 4667.35231852504 158.888253884811 99.8925036906899 99.8925036906899 99.8925036906899 996778.576115483
649000 612.025710100997 -331668.215857212 4671.71424804925 698.604882679319 99.8841308455878 99.8841308455878 99.8841308455878 996527.951510296
650000 615.940773622567 -331710.181023444 4701.59870834867 -2.49807356999377 99.8935790345801 99.8935790345801 99.8935790345801 996810.767458705
651000 614.485350592639 -331682.342265245 4690.48917423329 -56.7995475122454 99.8936187502832 99.8936187502832 99.8936187502832 996811.95639567
652000 609.95764740285 -331711.264637858 4655.92831322112 -130.994317916649 99.8876870888259 99.8876870888259 99.8876870888259 996634.395505047
653000 612.779049118823 -331687.450068996 4677.46463494494 646.179726530676 99.8805047411882 99.8805047411882 99.8805047411882 996419.424264424
654000 609.465046905064 -331712.524977361 4652.16819542522 464.481586840962 99.8776628641156 99.8776628641156 99.8776628641156 996334.374004968
655000 611.657185655261 -331705.640240462 4668.9012274923 -174.59999336247 99.8924459834377 99.8924459834377 99.8924459834377 996776.848618904
656000 609.200646290637 -331714.668113077 4650.14997282896 -63.4493937875444 99.8910480700766 99.8910480700766 99.8910480700766 996735.001965892
657000 606.58076905853 -331697.264810121 4630.15192766293 -47.9917349785379 99.8969362466943 99.8969362466943 99.8969362466943 996911.272947246
658000 608.485083262293 -331677.157526934 4644.68793759136 -457.452069611105 99.9088978251549 99.9088978251549 99.9088978251549 997269.423880414
659000 606.853549544712 -331714.395958275 4632.23411549076 -187.773984582922 99.8994666783955 99.8994666783955 99.8994666783955 996987.031420406
660000 616.654898580135 -331736.3322259 4707.04976650537 -128.76071996883 99.8938280654549 99.8938280654549 99.8938280654549 996818.222510732
661000 608.108538186891 -331730.595442053 4641.81369396931 239.353732207849 99.882322929742 99.882322929742 99.882322929742 996473.840630539
662000 608.903759817085 -331709.926613677 4647.8837791942 -92.2288867102854 99.8988429019368 99.8988429019368 99.8988429019368 996968.355850534
663000 605.132995790304 -331726.026238597 4619.10078570356 -157.165290828854 99.8904204638534 99.8904204638534 99.8904204638534 996716.21490223
664000 608.405980583219 -331709.572266036 4644.08413107345 -593.980420645537 99.9051421711515 99.9051421711515 99.9051421711515 997156.963683322
665000 604.34828792768 -331719.099582969 4613.11095416238 187.536590451359 99.8916652684074 99.8916652684074 99.8916652684074 996753.47770498
666000 607.463196693448 -331722.871092394 4636.88767370576 167.105512768483 99.8854990490088 99.8854990490088 99.8854990490088 996568.903109438
667000 602.01742950407 -331726.458297605 4595.31904717538 -156.50040145863 99.8928852718628 99.8928852718628 99.8928852718628 996789.998996392
668000 606.75271007149 -331700.057215852 4631.46438769004 -596.32617811258 99.9131173433315 99.9131173433315 99.9131173433315 997395.784222911
669000 605.456840078516 -331740.011605764 4621.57275371147 -119.944575625082 99.8927373632939 99.8927373632939 99.8927373632939 996785.5712467
670000 605.090365775848 -331777.886783748 4618.77538230523 183.620998279968 99.8806410783688 99.8806410783688 99.8806410783688 996423.504616264
671000 606.501387176875 -331736.020214407 4629.54598993606 551.647546058154 99.8714885591634 99.8714885591634 99.8714885591634 996149.60920964
672000 604.231892383577 -331768.227550662 4612.22248377164 259.277503604389 99.8771587337667 99.8771587337667 99.8771587337667 996319.287152338
673000 604.305811050049 -331712.879712726 4612.78671968796 262.001672732418 99.8862007724057 99.8862007724057 99.8862007724057 996589.906777703
674000 604.191991970196 -331747.23857941 4611.91791596244 -64.8311226812098 99.8870062982404 99.8870062982404 99.8870062982404 996614.017777547
675000 601.227157338614 -331778.062568878 4589.28674220148 -302.501208975599 99.8877684206828 99.8877684206828 99.8877684206828 996636.829985043
676000 604.267797242394 -331748.191122733 4612.49655271636 39.0237896981691 99.8884192215537 99.8884192215537 99.8884192215537 996656.310338437
677000 604.105023816783 -331770.753454402 4611.25407071098 179.524835650936 99.8800231889285 99.8800231889285 99.8800231889285 996405.012271416
678000 601.846737557529 -331755.450266248 4594.01612152124 759.159701135859 99.8627193598209 99.8627193598209 99.8627193598209 995887.231999691
679000 608.199869778803 -331750.940135746 4642.51084621666 247.859380926149 99.879745265968 99.879745265968 99.879745265968 996396.69460033
680000 601.214409403246 -331758.263873144 4589.18943466961 111.282611514921 99.8773201584117 99.8773201584117 99.8773201584117 996324.118009037
681000 605.271004726319 -331790.128361025 4620.15423542323 152.957423525192 99.8778721092782 99.8778721092782 99.8778721092782 996340.636023289
682000 602.476711975907 -331776.053349604 4598.82484183751 459.25885911178 99.8752668075719 99.8752668075719 99.8752668075719 996262.669797301
683000 601.31250897918 -331767.832032187 4589.93824828814 20.15911222726 99.878272346347 99.878272346347 99.878272346347 996352.613873196
684000 600.019445596312 -331791.910901495 4580.06803772399 -538.194427612649 99.8988663454722 99.8988663454722 99.8988663454722 996969.057734593
685000 600.694870815399 -331773.482856779 4585.22369306235 -507.757807959097 99.894822843527 99.894822843527 99.894822843527 996848.002812589
686000 604.59955455933 -331769.14056461 4615.02892244992 -131.58332086452 99.8881498938928 99.8881498938928 99.8881498938928 996648.24855136
687000 601.428937990673 -331789.13169873 4590.82697414214 -278.926945629411 99.8920881292445 99.8920881292445 99.8920881292445 996766.136112258
688000 602.586150314477 -331764.626472499 4599.66020649155 -22.42078302161 99.888097082788 99.888097082788 99.888097082788 996646.667761228
689000 601.479695987547 -331802.779219289 4591.21442005051 -172.363339990811 99.8848202614627 99.8848202614627 99.8848202614627 996548.586227515
690000 601.857649235582 -331780.104105511 4594.09941253499 480.690356723688 99.869441935361 99.869441935361 99.869441935361 996088.369457887
691000 600.96528088366 -331807.179121484 4587.28778701766 494.269063287264 99.8710937346677 99.8710937346677 99.8710937346677 996137.794945589
692000 597.642726771739 -331811.778830074 4561.92606915451 74.7718453808398 99.8740384686663 99.8740384686663 99.8740384686663 996225.911953658
693000 599.865962438484 -331786.610433748 4578.89647018454 7.7775230517776 99.8820192780216 99.8820192780216 99.8820192780216 996464.75253365
694000 597.53728352977 -331821.337908573 4561.12119986922 235.200945356725 99.8721968918681 99.8721968918681 99.8721968918681 996170.804758887
695000 598.610858773788 -331781.323042475 4569.31601371618 403.19661620556 99.8730413667969 99.8730413667969 99.8730413667969 996196.074505887
696000 597.413336786316 -331799.979775041 4560.17508966856 20.9972257496137 99.8807994185272 99.8807994185272 99.8807994185272 996428.243495709
697000 598.671439988114 -331798.042608239 4569.77844220156 162.7365766959 99.8737121845925 99.8737121845925 99.8737121845925 996216.148107355
698000 598.860157753537 -331811.243578101 4571.21896252453 194.529089018695 99.8683914123985 99.8683914123985 99.8683914123985 996056.936338486
699000 600.70672868916 -331815.163269108 4585.31420657655 52.2767102389895 99.8758649885551 99.8758649885551 99.8758649885551 996280.570594115
700000 593.702825135662 -331824.950187431 4531.85201457576 69.2896715595526 99.8722566914259 99.8722566914259 99.8722566914259 996172.594164083
701000 598.758263506832 -331807.575881397 4570.44118342757 176.793743095416 99.8795452213491 99.8795452213491 99.8795452213491 996390.707698862
702000 597.640599466275 -331827.548273242 4561.90983100784 207.564341109385 99.8755620214964 99.8755620214964 99.8755620214964 996271.504161142
703000 600.218017749285 -331802.514684807 4581.58377855153 247.341408729306 99.8770009258475 99.8770009258475 99.8770009258475 996314.564546272
704000 595.873041106136 -331819.431161586 4548.41770569507 147.449900387081 99.8732197217862 99.8732197217862 99.8732197217862 996201.411587499
705000 600.103269964539 -331816.138484426 4580.70788583644 489.184382847517 99.8651666436078 99.8651666436078 99.8651666436078 995960.450867158
706000 594.808902318681 -331828.172904349 4540.29492220215 758.744745926228 99.8570977706362 99.8570977706362 99.8570977706362 995719.056515021
707000 597.991737825102 -331855.099158584 4564.59014009763 -152.805605496101 99.8748157833686 99.8748157833686 99.8748157833686 996249.172865713
708000 594.157778955775 -331827.955688438 4535.3247677764 -43.7250316486733 99.8802316484825 99.8802316484825 99.8802316484825 996411.251073869
709000 597.036642368262 -331823.372764784 4557.29970608428 -208.909118677698 99.8813533591881 99.8813533591881 99.8813533591881 996444.822213063
710000 596.030768366012 -331822.915656468 4549.62166931148 271.671438151275 99.8718383523416 99.8718383523416 99.8718383523416 996160.076087519
711000 594.878027950531 -331841.296383317 4540.82257192974 209.88800874306 99.8769517034621 99.8769517034621 99.8769517034621 996313.091505788
712000 595.673246177396 -331849.50444829 4546.89263117634 100.036145237912 99.8716585985217 99.8716585985217 99.8716585985217 996154.697296273
713000 594.551617049267 -331837.096760407 4538.33101245277 -183.593113341999 99.8842373705453 99.8842373705453 99.8842373705453 996531.139860938
714000 594.205155510853 -331835.482989822 4535.68640246549 -317.822741749875 99.8882087716322 99.8882087716322 99.8882087716322 996650.010935501
715000 592.550896936169 -331845.777534596 4523.05911700057 -324.854658672438 99.8774185345539 99.8774185345539 99.8774185345539 996327.062059383
716000 594.10857419494 -331866.988231072 4534.94917802834 -563.215049990711 99.8874928799706 99.8874928799706 99.8874928799706 996628.582330636
717000 596.872155294511 -331836.999429983 4556.04414346104 -223.496399570817 99.8808823914645 99.8808823914645 99.8808823914645 996430.726755174
718000 594.661927723572 -331872.799767958 4539.17303581937 59.585297710964 99.8651438449341 99.8651438449341 99.8651438449341 995959.768750272
719000 594.054920788608 -331866.462184545 4534.53963088239 395.324087261976 99.8637415241892 99.8637415241892 99.8637415241892 995917.813107519
720000 596.104203645629 -331861.451644928 4550.18221543958 112.745346112152 99.8765494066038 99.8765494066038 99.8765494066038 996301.052331423
721000 593.00376508885 -331827.340062877 4526.51594988594 47.0188169246397 99.8784577851512 99.8784577851512 99.8784577851512 996358.163512049
722000 593.316489870321 -331871.977537502 4528.90304048231 -491.667035897286 99.888223372377 99.888223372377 99.888223372377 996650.447979116
723000 588.997590243724 -331869.541597477 4495.93601869145 246.167135173689 99.8684559887487 99.8684559887487 99.8684559887487 996058.868534317
724000 591.101689564222 -331877.349225088 4511.99702824162 400.414390467379 99.858043150994 99.858043150994 99.858043150994 995747.337193236
725000 595.011459858755 -331883.527901497 4541.84108428389 233.538356040619 99.8605603768856 99.8605603768856 99.8605603768856 995822.641617935
726000 592.504806597406 -331884.597085623 4522.70730025703 174.897410775075 99.8621136619777 99.8621136619777 99.8621136619777 995869.111030411
727000 591.617618159758 -331866.564605891 4515.93521405793 166.760459578783 99.8557558239815 99.8557558239815 99.8557558239815 995678.913632941
728000 592.889872997763 -331869.589954617 4525.64658885112 89.6103534334619 99.8644914193567 99.8644914193567 99.8644914193567 995940.248865043
729000 590.37624936757 -331892.645099163 4506.45959860937 -257.225953476247 99.8717912463067 99.8717912463067 99.8717912463067 996158.666527129
730000 592.390442794541 -331883.600939216 4521.83433855217 -195.063653806446 99.8721959615247 99.8721959615247 99.8721959615247 996170.77691988
731000 591.833714725288 -331892.281299266 4517.58472221989 147.571441523752 99.8670255302613 99.8670255302613 99.8670255302613 996016.068219438
732000 590.60296037664 -331873.539205795 4508.19012893479 -184.846013629699 99.872261115997 99.872261115997 99.872261115997 996172.726562313
733000 589.028813174524 -331895.447450918 4496.1743495463 -436.727354312932 99.8736565108142 99.8736565108142 99.8736565108142 996214.482110824
734000 591.668242284958 -331881.084452476 4516.32163809713 -490.417729938332 99.8821038877333 99.8821038877333 99.8821038877333 996467.28484129
735000 590.767690473374 -331912.042559567 4509.4475466009 295.379376454515 99.8572239425305 99.8572239425305 99.8572239425305 995722.830866201
736000 590.948624023728 -331925.366525509 4510.82864845852 480.936774544576 99.8477071232242 99.8477071232242 99.8477071232242 995438.168100675
737000 589.268162924351 -331895.939556427 4498.00135389935 -119.86035150548 99.8680512662068 99.8680512662068 99.8680512662068 996046.75882942
738000 588.899277657224 -331933.329918212 4495.18557912079 383.565695105735 99.8556864667202 99.8556864667202 99.8556864667202 995676.838914841
739000 586.931626818941 -331884.994821384 4480.16610803538 246.806096187989 99.8567250793608 99.8567250793608 99.8567250793608 995707.907750585
740000 589.138390332755 -331915.001366035 4497.01077383849 200.017638322691 99.8584944231801 99.8584944231801 99.8584944231801 995760.837010402
741000 587.218095673544 -331904.219257618 4482.35278190803 461.065279475282 99.8474845802895 99.8474845802895 99.8474845802895 995431.512147006
742000 587.492460939629 -331941.139473927 4484.44706667677 264.171050081316 99.8472466611172 99.8472466611172 99.8472466611172 995424.396343997
743000 588.671876768113 -331929.084587665 4493.4497828035 225.479327259873 99.855352587121 99.855352587121 99.855352587121 995666.851449406
744000 588.085552737148 -331905.71219125 4488.97425459574 -258.672658883653 99.8639222115672 99.8639222115672 99.8639222115672 995923.218976591
745000 585.374404891451 -331918.507933667 4468.27952264205 -107.837695645518 99.8672203838857 99.8672203838857 99.8672203838857 996021.898303546
746000 588.915999208381 -331916.054840622 4495.3132180541 124.497442938929 99.856052163226 99.856052163226 99.856052163226 995687.778207953
747000 584.98843554254 -331931.376594039 4465.33334166164 351.094199200096 99.8419449318043 99.8419449318043 99.8419449318043 995265.838427068
748000 584.60414218965 -331929.902225434 4462.39995389296 445.931406442674 99.8491968708105 99.8491968708105 99.8491968708105 995482.725169946
749000 589.661326686877 -331931.467794765 4501.00245127304 203.98103082345 99.8578883223074 99.8578883223074 99.8578883223074 995742.705517855
750000 587.279328768558 -331960.349164348 4482.82018632865 -628.882389946354 99.8723070522733 99.8723070522733 99.8723070522733 996174.101132774
751000 587.396232201575 -331925.960363396 4483.71253353671 -568.573536573598 99.8744153104716 99.8744153104716 99.8744153104716 996237.188787759
752000 585.255802562605 -331958.404698407 4467.37420742346 -59.1012344133389 99.8559383495108 99.8559383495108 99.8559383495108 995684.373623244
753000 587.510557501794 -331944.418867571 4484.58520134319 481.685990945867 99.8439673384535 99.8439673384535 99.8439673384535 995326.320212244
754000 584.717550852605 -331947.908374861 4463.26562482449 380.704898918911 99.8406815555046 99.8406815555046 99.8406815555046 995228.057331285
755000 586.887326587359 -331941.033663154 4479.82795553679 -112.765951161118 99.8651587867569 99.8651587867569 99.8651587867569 995960.215796841
756000 584.809062851071 -331952.493865531 4463.96415415103 -116.299890969181 99.8650900747639 99.8650900747639 99.8650900747639 995958.15999384
757000 582.10892215493 -331910.616769746 4443.35344196409 -489.1594388942 99.8745291995019 99.8745291995019 99.8745291995019 996240.596886312
758000 584.588706869539 -331975.823776424 4462.28213301764 -439.689940690904 99.8669536604331 99.8669536604331 99.8669536604331 996013.917856438
759000 580.386135100332 -331973.888893237 4430.20306495134 239.467254944006 99.846124132108 99.846124132108 99.846124132108 995390.823654618
760000 585.331797281649 -331966.80526902 4467.95429026292 -83.5131929027322 99.8566211546714 99.8566211546714 99.8566211546714 995704.798940618
761000 582.139761533846 -331965.720808312 4443.58884509096 391.277262503869 99.8445312960427 99.8445312960427 99.8445312960427 995343.186278895
762000 580.827929911006 -331996.228984148 4433.57537280978 615.88929598546 99.8352726432043 99.8352726432043 99.8352726432043 995066.315356859
763000 584.089755360214 -331964.977758325 4458.47353668463 284.50224389267 99.8526874314167 99.8526874314167 99.8526874314167 995587.130043532
764000 581.159508874211 -331963.314694916 4436.10638113376 14.4600222616257 99.8547558445918 99.8547558445918 99.8547558445918 995649.001033108
765000 577.075288617045 -331952.105505253 4404.93071375138 -154.899302671942 99.8646479664336 99.8646479664336 99.8646479664336 995944.932565234
766000 582.219745633792 -331989.418025221 4444.19937967009 -560.086563337383 99.8714704306825 99.8714704306825 99.8714704306825 996149.066752243
767000 579.802011407848 -331948.552947315 4425.74433236583 -584.45614953591 99.877218512094 99.877218512094 99.877218512094 996321.076099985
768000 577.703814999038 -331983.430883781 4409.72838091727 -51.564391130172 99.8592895928276 99.8592895928276 99.8592895928276 995784.62482445
769000 581.72981239898 -331943.649292494 4440.45962162416 -187.058273207086 99.8595253426325 99.8595253426325 99.8595253426325 995791.677445779
770000 579.297931294415 -331988.037081205 4421.89658837531 3.18793372040345 99.8522537255948 99.8522537255948 99.8522537255948 995574.157231176
771000 579.759677659501 -332006.386751084 4425.42119042577 189.293574748531 99.8506225159306 99.8506225159306 99.8506225159306 995525.366234588
772000 583.181814280151 -331995.704645484 4451.5430414291 97.5687274899676 99.8497185939486 99.8497185939486 99.8497185939486 995498.329774727
773000 580.264080695257 -331983.917260832 4429.27139934675 258.88864054919 99.8501521377363 99.8501521377363 99.8501521377363 995511.297081896
774000 581.114381659268 -331980.180732084 4435.76191610632 -117.615346790918 99.8554075741029 99.8554075741029 99.8554075741029 995668.496290985
775000 579.219098478689 -332002.397282794 4421.29484177813 -319.859530057752 99.8577906833436 99.8577906833436 99.8577906833436 995739.784671262
776000 582.962807727099 -331994.440477736 4449.87132075229 -176.94786321748 99.8584684012169 99.8584684012169 99.8584684012169 995760.058559496
777000 578.841125904047 -331998.648056235 4418.40970176982 -41.7516816958851 99.8471541002235 99.8471541002235 99.8471541002235 995421.627996664
778000 577.443979220163 -332004.64120339 4407.74500262076 19.2910452983512 99.8504982173157 99.8504982173157 99.8504982173157 995521.648412896
779000 576.274985882267 -332002.626169925 4398.82184344233 -165.185207013939 99.8513914321951 99.8513914321951 99.8513914321951 995548.365035833
780000 578.06563478341 -331980.264569584 4412.49022345751 -87.5904400084324 99.8553024642087 99.8553024642087 99.8553024642087 995665.352109734
781000 575.516355289009 -332021.361346221 4393.03106489653 551.207901970903 99.8366702644915 99.8366702644915 99.8366702644915 995108.106558414
782000 578.171317868525 -332006.368900749 4413.29692351334 473.423436356266 99.8366579590376 99.8366579590376 99.8366579590376 995107.738599763
783000 576.712928183457 -332002.076265772 4402.16474432791 230.535048897534 99.8425530954536 99.8425530954536 99.8425530954536 995284.025818898
784000 574.508407105095 -332018.040361938 4385.33719548162 481.469930506686 99.8349237908155 99.8349237908155 99.8349237908155 995055.884272565
785000 575.73859219069 -331992.933308573 4394.72744346836 -17.8835188712129 99.8498244891246 99.8498244891246 99.8498244891246 995501.497092097
786000 575.44738593975 -332030.570533346 4392.5046081051 -97.2405899720301 99.8495767707198 99.8495767707198 99.8495767707198 995494.087862318
787000 576.108404111468 -332008.817784265 4397.55029157896 -321.577759003507 99.8577776093049 99.8577776093049 99.8577776093049 995739.393564908
788000 574.964608778869 -332021.280686969 4388.819473798 206.603838314535 99.8455986231805 99.8455986231805 99.8455986231805 995375.106950068
789000 575.282849696397 -332017.206652925 4391.24867016049 131.646051299746 99.8484374693558 99.8484374693558 99.8484374693558 995460.011959311
790000 578.138040368906 -331994.254470392 4413.04290972513 326.439046358018 99.8484839371634 99.8484839371634 99.8484839371634 995461.40177172
791000 574.207443988584 -332024.969722235 4383.0398840185 487.194328136061 99.8390111206338 99.8390111206338 99.8390111206338 995178.104672381
792000 578.84649357166 -332022.570574969 4418.45067424672 212.535273050092 99.844885814897 99.844885814897 99.844885814897 995353.788837924
793000 575.114591944937 -332005.986912275 4389.96432520264 -38.5087695954136 99.8537902186966 99.8537902186966 99.8537902186966 995620.116625372
794000 574.549811624463 -332041.35856791 4385.65324443164 -250.86473665991 99.8542663660261 99.8542663660261 99.8542663660261 995634.359373272
795000 573.177188098598 -332028.060372213 4375.17573543625 -141.94969895559 99.8532805887202 99.8532805887202 99.8532805887202 995604.872478933
796000 574.494357059763 -332062.676904508 4385.22994868482 -170.675944112933 99.8478978071407 99.8478978071407 99.8478978071407 995443.871218446
797000 571.670881449376 -332049.414998292 4363.67779651153 -89.9798338362807 99.8500224424767 99.8500224424767 99.8500224424767 995507.417881143
798000 568.534923913329 -332044.826794528 4339.74040750869 518.426637757532 99.8288022653271 99.8288022653271 99.8288022653271 994872.855541544
799000 574.921333383701 -332038.941334977 4388.48914408005 372.563167437614 99.83720630197 99.83720630197 99.83720630197 995124.135281212
800000 571.045418150544 -332046.8999385 4358.90351047001 -455.624339394601 99.8563878564117 99.8563878564117 99.8563878564117 995697.820064764
801000 574.418782001199 -332045.394058805 4384.65306919747 -143.905708783291 99.8465772256989 99.8465772256989 99.8465772256989 995404.374723919
802000 569.119837234306 -332068.643539489 4344.2051674859 189.248426129229 99.8331082249108 99.8331082249108 99.8331082249108 995001.597958289
803000 573.314833963103 -332050.936068572 4376.22641375872 378.627736111611 99.8369383923688 99.8369383923688 99.8369383923688 995116.124161771
804000 568.977534259229 -332055.615596847 4343.11894051008 -392.969190761361 99.8541013059019 99.8541013059019 99.8541013059019 995629.422000076
805000 572.398946574969 -332029.541338743 4369.23526274964 -445.390303255238 99.8546583820714 99.8546583820714 99.8546583820714 995646.085647689
806000 572.418035202322 -332081.341317401 4369.3809700474 -130.683603074674 99.8449056934665 99.8449056934665 99.8449056934665 995354.383346493
807000 571.78496120306 -332056.803297493 4364.54859001237 5.50976856407113 99.8409750590732 99.8409750590732 99.8409750590732 995236.834430175
808000 572.589233850768 -332089.869091671 4370.68776345819 54.3925419632019 99.8304095551827 99.8304095551827 99.8304095551827 994920.910053597
809000 572.500629498908 -332073.684710176 4370.01142877781 264.546833617731 99.8334557285971 99.8334557285971 99.8334557285971 995011.988336778
810000 570.671679213569 -332076.576068723 4356.05068666196 -363.286375570453 99.848627981512 99.848627981512 99.848627981512 995465.710023292
811000 566.037885974457 -332063.776545755 4320.68001915504 -36.4033421112535 99.8391491685921 99.8391491685921 99.8391491685921 995182.232793061
812000 568.538201902485 -332015.399274343 4339.76542905336 -380.162305692297 99.856233571353 99.856233571353 99.856233571353 995693.204804914
813000 571.649629089053 -332084.970277215 4363.51557300869 -376.304001096604 99.8412901640958 99.8412901640958 99.8412901640958 995246.257568764
814000 569.775075829209 -332069.042485763 4349.20673429781 362.265653716077 99.8363894926353 99.8363894926353 99.8363894926353 995099.710918904
815000 570.869176650525 -332091.613103415 4357.55822396791 275.790295429415 99.8296105805674 99.8296105805674 99.8296105805674 994897.022236458
816000 567.613396044061 -332079.8712945 4332.70620158273 275.844686750761 99.8321252119034 99.8321252119034 99.8321252119034 994972.206209406
817000 569.385903136105 -332077.403292575 4346.23610155262 101.95843166224 99.8390371716494 99.8390371716494 99.8390371716494 995178.883688725
818000 566.455617523671 -332090.875171887 4323.86864734191 520.112971374267 99.8209015099025 99.8209015099025 99.8209015099025 994636.662433011
819000 567.696243434356 -332099.872628958 4333.33859222787 104.966729427048 99.8341947933128 99.8341947933128 99.8341947933128 995034.086651141
820000 568.832720101736 -332106.411421056 4342.01354517829 158.685049270117 99.8286957953021 99.8286957953021 99.8286957953021 994869.672371283
821000 569.579822639055 -332100.309735817 4347.71632777508 -264.710457406187 99.8392693376857 99.8392693376857 99.8392693376857 995185.826281943
822000 563.523005205166 -332104.269363784 4301.48343291995 -67.0471393856793 99.8329846529431 99.8329846529431 99.8329846529431 994997.90316739
823000 566.864104267926 -332091.446893422 4326.98670808965 -27.3007294830198 99.8328154726975 99.8328154726975 99.8328154726975 994992.844707857
824000 566.83392209096 -332122.713627908 4326.75632151627 599.21349949498 99.8166506854159 99.8166506854159 99.8166506854159 994509.599490175
825000 566.932168593169 -332099.316817963 4327.50625665236 351.429636183283 99.831303982083 99.831303982083 99.831303982083 994947.65216562
826000 566.403782905085 -332115.852116161 4323.47298336539 196.084371946691 99.8263181744301 99.8263181744301 99.8263181744301 994798.589606684
827000 565.40192852162 -332136.52505349 4315.82562914406 -22.7594065346961 99.8304721550192 99.8304721550192 99.8304721550192 994922.781685464
828000 565.916802245145 -332119.788614951 4319.75576291204 -13.3842175781535 99.8296366763004 99.8296366763004 99.8296366763004 994897.802443063
829000 566.194408805615 -332134.598859433 4321.87478912694 -27.9642188211949 99.8317473917324 99.8317473917324 99.8317473917324 994960.909670976
830000 569.246655990311 -332145.725222985 4345.17320033088 372.316987028577 99.8189917235223 99.8189917235223 99.8189917235223 994579.57497396
831000 565.990328577005 -332098.439027833 4320.31700406006 76.7263547503845 99.8362503455856 99.8362503455856 99.8362503455856 995095.550161589
832000 565.801804681542 -332118.825103534 4318.87796358513 -206.230526524629 99.8384133298575 99.8384133298575 99.8384133298575 995160.228752247
833000 562.37873703088 -332151.858641442 4292.74900584414 -173.218410004573 99.8316619642401 99.8316619642401 99.8316619642401 994958.355465175
834000 563.810639534537 -332124.227814826 4303.67900309384 -441.699548066394 99.841843110018 99.841843110018 99.841843110018 995262.79342502
835000 558.979503325551 -332136.532117176 4266.80197735898 -445.274969280888 99.8355107905366 99.8355107905366 99.8355107905366 995073.436275571
836000 563.735611792817 -332131.797881335 4303.10630138506 274.44631727645 99.8228896253112 99.8228896253112 99.8228896253112 994696.09362917
837000 563.150309226638 -332155.3021249 4298.63857022163 183.354700885487 99.8244551676328 99.8244551676328 99.8244551676328 994742.894415848
838000 564.717763527627 -332124.823022904 4310.60326136163 -405.668150349677 99.8416932041288 99.8416932041288 99.8416932041288 995258.310469016
839000 564.458409954907 -332156.11189586 4308.62356384082 -248.215981162516 99.8305891924874 99.8305891924874 99.8305891924874 994926.280919039
840000 560.669998180581 -332170.251774572 4279.70586157521 -665.102771656896 99.8438796716094 99.8438796716094 99.8438796716094 995323.698410156
841000 561.592923312292 -332141.854762815 4286.75073308393 -446.159905158084 99.8407286775335 99.8407286775335 99.8407286775335 995229.466491962
842000 561.872799554628 -332172.181032532 4288.88708423297 77.1462858489173 99.8212105266509 99.8212105266509 99.8212105266509 994645.899787134
843000 561.744063979685 -332136.673557905 4287.90441992694 121.919695469981 99.8277740961732 99.8277740961732 99.8277740961732 994842.116305257
844000 560.780511287335 -332166.077860403 4280.54943014905 -234.635747209394 99.828590119698 99.828590119698 99.828590119698 994866.512958806
845000 562.491402474699 -332131.302704302 4293.60900363584 -686.937053583765 99.8448943374169 99.8448943374169 99.8448943374169 995354.043720981
846000 559.830874888017 -332157.999349405 4273.30066620998 -318.490078456104 99.8351439812182 99.8351439812182 99.8351439812182 995062.468208248
847000 562.769223884061 -332145.811511841 4295.72966983517 -90.3788764923736 99.8317089901942 99.8317089901942 99.8317089901942 994959.761498706
848000 560.282868117849 -332161.698884239 4276.75082063483 -140.971930553686 99.8259881550271 99.8259881550271 99.8259881550271 994788.72341837
849000 556.061170564244 -332149.409797116 4244.52576164364 70.6062091500575 99.8226436038953 99.8226436038953 99.8226436038953 994688.739125434
850000 557.469022112048 -332180.515822936 4255.27217315293 396.370614370343 99.8098067049854 99.8098067049854 99.8098067049854 994305.046316447
851000 560.337703596981 -332163.687028439 4277.1693907781 424.428734510416 99.8218833610287 99.8218833610287 99.8218833610287 994666.01284114
852000 559.978161532886 -332196.956081306 4274.42493453078 427.782254427086 99.8093603582831 99.8093603582831 99.8093603582831 994291.706861886
853000 559.43576499303 -332169.217752892 4270.28471361928 394.020414248848 99.8178893530774 99.8178893530774 99.8178893530774 994546.623839069
854000 560.843281616098 -332203.666905538 4281.0285685813 115.969763881644 99.8169523378475 99.8169523378475 99.8169523378475 994518.615936134
855000 557.426888087524 -332182.578337807 4254.95055574463 357.707643635011 99.809615317452 99.809615317452 99.809615317452 994299.326521018
856000 562.804468713045 -332195.311650601 4295.9987006406 -198.860049431584 99.8188226551603 99.8188226551603 99.8188226551603 994574.521276707
857000 555.17784768381 -332211.64781691 4237.78318201333 -526.528704002223 99.8287654586877 99.8287654586877 99.8287654586877 994871.755120258
858000 559.181045710631 -332181.228943276 4268.3403905603 -203.042022014262 99.830070518144 99.830070518144 99.830070518144 994910.773446074
859000 557.513966542047 -332196.474914587 4255.61524294646 120.757252857727 99.8171350848004 99.8171350848004 99.8171350848004 994524.078302249
860000 561.7741265967 -332184.806484796 4288.13389387537 36.8517823300756 99.8228059038047 99.8228059038047 99.8228059038047 994693.590874964
861000 556.849033426153 -332181.867797928 4250.53967592329 72.7612178875392 99.8249585096941 99.8249585096941 99.8249585096941 994757.941784634
862000 553.702283063578 -332217.216386148 4226.51990312409 525.524109929378 99.8029807969705 99.8029807969705 99.8029807969705 994101.061231414
863000 558.449240446242 -332185.711801988 4262.75437509719 449.521018946842 99.812187894673 99.812187894673 99.812187894673 994376.212231494
864000 557.276605867641 -332219.513876313 4253.8034216026 178.391979993489 99.8103169963551 99.8103169963551 99.8103169963551 994320.296958487
865000 557.436084725658 -332191.296009438 4255.02075551679 11.6687684361628 99.8216069366125 99.8216069366125 99.8216069366125 994657.749646699
866000 553.83289193881 -332214.343882712 4227.51686670466 -415.109180354584 99.8274459365515 99.8274459365515 99.8274459365515 994832.305430208
867000 556.527401645449 -332208.157186356 4248.08459642623 -540.767926868199 99.8268755186601 99.8268755186601 99.8268755186601 994815.251996714
868000 555.010219720551 -332226.44681406 4236.50364435437 -441.101038894362 99.8291856465339 99.8291856465339 99.8291856465339 994884.317675079
869000 555.263462666844 -332192.198850227 4238.43669824555 111.5281635356 99.8155521994136 99.8155521994136 99.8155521994136 994476.766004654
870000 555.513292331145 -332213.295469866 4240.34369787488 829.14051688318 99.7951649800986 99.7951649800986 99.7951649800986 993867.52802423
871000 554.620285661648 -332215.194356015 4233.52719995226 331.269169560842 99.8084931654333 99.8084931654333 99.8084931654333 994265.790399816
872000 555.004932014834 -332232.528277436 4236.46328224257 185.22574902942 99.8056039484313 99.8056039484313 99.8056039484313 994179.448054205
873000 556.466660638042 -332187.155270041 4247.62094820842 -231.072470514741 99.8225943351701 99.8225943351701 99.8225943351701 994687.266302628
874000 554.675622148693 -332226.008246567 4233.9495943888 -129.113669673708 99.81683927236 99.81683927236 99.81683927236 994515.236381797
875000 555.84413939625 -332215.580300127 4242.86911947476 159.447609179543 99.8124497197803 99.8124497197803 99.8124497197803 994384.037528592
876000 553.944738303244 -332218.705004566 4228.37061230014 -13.3786287716561 99.8155637872673 99.8155637872673 99.8155637872673 994477.112359074
877000 553.910681089586 -332215.996856802 4228.11064679923 141.535214265264 99.8090154513139 99.8090154513139 99.8090154513139 994281.399102589
878000 556.898340449332 -332260.698623748 4250.91604626021 -459.832065227862 99.8218478992179 99.8218478992179 99.8218478992179 994664.952773619
879000 553.800557770268 -332232.266876585 4227.2700535506 -288.161667351828 99.8169534746851 99.8169534746851 99.8169534746851 994518.64991652
880000 554.702972234071 -332250.027972405 4234.15836304253 -274.268226234714 99.8182388615153 99.8182388615153 99.8182388615153 994557.070974035
881000 553.745733294618 -332235.170455885 4226.8515673991 -214.214931976346 99.8190603927118 99.8190603927118 99.8190603927118 994581.627599993
882000 550.737079660885 -332269.667043459 4203.88591445972 -401.667347050565 99.8200633956614 99.8200633956614 99.8200633956614 994611.609198476
883000 555.056154013934 -332251.34910791 4236.85426997243 152.727229013413 99.8077592788041 99.8077592788041 99.8077592788041 994243.858208046
884000 552.902686888744 -332278.644963471 4220.41642612793 113.382498158502 99.7962701442703 99.7962701442703 99.7962701442703 993900.547628362
885000 557.756545980604 -332226.165372021 4257.4669001574 -253.164965059035 99.8178461025803 99.8178461025803 99.8178461025803 994545.331046239
886000 551.5824507126 -332268.687023171 4210.338800216 172.211711585501 99.8077359669723 99.8077359669723 99.8077359669723 994243.16153956
887000 553.127154338113 -332253.240563219 4222.12983091491 175.975226796963 99.8102638218741 99.8102638218741 99.8102638218741 994318.707770942
888000 546.797778642408 -332243.950130575 4173.81644451485 251.667891774714 99.80587423533 99.80587423533 99.80587423533 994187.525188058
889000 551.683960234332 -332250.359782484 4211.11364263056 26.0337051752644 99.8094621784174 99.8094621784174 99.8094621784174 994294.749833547
890000 551.307701700012 -332225.583979007 4208.24158623371 -375.064609195522 99.8280955659897 99.8280955659897 99.8280955659897 994851.727240051
891000 550.13418401672 -332264.955525075 4199.28389182498 -691.26043069009 99.8299884922191 99.8299884922191 99.8299884922191 994908.321026409
892000 552.585244361881 -332241.377849003 4217.99332404054 -40.9145050372791 99.8086074152146 99.8086074152146 99.8086074152146 994269.204781965
893000 547.792303400816 -332256.418234981 4181.40785024701 297.994379788275 99.8024305251722 99.8024305251722 99.8024305251722 994084.618152514
894000 546.593760604447 -332273.266181446 4172.25913416159 195.335993557686 99.8050302370642 99.8050302370642 99.8050302370642 994162.303663038
895000 550.512546837805 -332266.595337921 4202.17201066218 498.343772407311 99.7972356002524 99.7972356002524 99.7972356002524 993929.393691779
896000 551.804562574197 -332301.808025763 4212.03422433195 171.1220156237 99.7965329911314 99.7965329911314 99.7965329911314 993908.400957756
897000 550.626620294952 -332281.512408544 4203.04275610029 165.511688816971 99.8044816761647 99.8044816761647 99.8044816761647 994145.911035269
898000 549.24615907914 -332283.759262262 4192.50542045515 417.812540253899 99.7955042595062 99.7955042595062 99.7955042595062 993877.664785843
899000 546.432549442566 -332283.104449399 4171.02857722669 501.92852535924 99.7914916703767 99.7914916703767 99.7914916703767 993757.783763307
900000 548.163498463164 -332246.884642498 4184.24125615293 263.051061350962 99.7997978557227 99.7997978557227 99.7997978557227 994005.951916971
901000 548.210850360749 -332292.580447608 4184.60270262646 -228.284166450215 99.811371628507 99.811371628507 99.811371628507 994351.816342448
902000 544.386956130931 -332292.925221519 4155.41415570491 19.1732670020132 99.807197563723 99.807197563723 99.807197563723 994227.071578517
903000 549.564391387236 -332279.235462075 4194.93455110013 -49.9271874555126 99.8130637640999 99.8130637640999 99.8130637640999 994402.389937368
904000 546.694237111435 -332288.106803068 4173.02609136868 -3.48777247579096 99.8077667521881 99.8077667521881 99.8077667521881 994244.081548398
905000 549.641436004337 -332302.57912565 4195.52264802074 -115.884753590631 99.8057586937166 99.8057586937166 99.8057586937166 994184.072388354
906000 545.199971698993 -332280.021334086 4161.62006560463 352.586914711076 99.7958513896596 99.7958513896596 99.7958513896596 993888.036178088
907000 544.063675489536 -332328.759546543 4152.94649012552 29.418099670478 99.7939653020473 99.7939653020473 99.7939653020473 993831.685404212
908000 548.332657752687 -332306.385726064 4185.53248273053 -330.828948026902 99.8147714970736 99.8147714970736 99.8147714970736 994453.431436582
909000 547.21017599205 -332311.902968504 4176.96435569306 -194.701662726999 99.8110440466509 99.8110440466509 99.8110440466509 994342.025958668
910000 545.818394630203 -332319.067251431 4166.34061111664 -922.815603647578 99.8292050399058 99.8292050399058 99.8292050399058 994884.897490447
911000 545.227225337952 -332272.192675265 4161.82809806362 -61.7055940092768 99.8114266427713 99.8114266427713 99.8114266427713 994353.460550805
912000 543.122940038866 -332290.680036764 4145.76566890181 205.332332876032 99.7972112821026 99.7972112821026 99.7972112821026 993928.667102975
913000 546.568972263505 -332324.382543417 4172.0699198138 101.582930205392 99.7978911231804 99.7978911231804 99.7978911231804 993948.979839097
914000 543.240813801722 -332315.771079432 4146.66542283097 868.360258504977 99.777125110194 99.777125110194 99.777125110194 993328.644199858
915000 546.100499387253 -332328.490578524 4168.49397296273 449.42020867633 99.7811834627865 99.7811834627865 99.7811834627865 993449.8576096
916000 543.219334150021 -332317.478965502 4146.50146436773 170.26440303167 99.7990513824469 99.7990513824469 99.7990513824469 993983.647463101
917000 546.241018397094 -332324.392374541 4169.56658257628 163.019002599211 99.7970561802139 99.7970561802139 99.7970561802139 993924.032906129
918000 541.910113955661 -332310.218222542 4136.50792564071 306.41094936245 99.7893068968235 99.7893068968235 99.7893068968235 993692.515026823
919000 546.887385423486 -332303.331791734 4174.50043093728 47.8453916604142 99.8126368150738 99.8126368150738 99.8126368150738 994389.629363755
920000 542.095173279895 -332316.842215414 4137.92052035281 -640.851162464989 99.819060440668 99.819060440668 99.819060440668 994581.629033477
921000 544.056169375012 -332321.456518724 4152.88919445706 -782.79437360147 99.8178823621855 99.8178823621855 99.8178823621855 994546.414875501
922000 541.029367158267 -332316.08923459 4129.78500976576 -150.581547901821 99.8037032596479 99.8037032596479 99.8037032596479 994122.649948733
923000 541.464884380854 -332337.145837882 4133.10939954294 -298.976938171685 99.8011671718285 99.8011671718285 99.8011671718285 994046.867642167
924000 541.637888731927 -332312.401619697 4134.42997624184 -179.185458801244 99.8053200644074 99.8053200644074 99.8053200644074 994170.964636994
925000 541.435105906073 -332346.910531323 4132.88209450882 67.1735802905214 99.7950793024986 99.7950793024986 99.7950793024986 993864.968217506
926000 540.739182447969 -332288.690643702 4127.56997202586 -123.636815842019 99.8079420890142 99.8079420890142 99.8079420890142 994249.321458484
927000 542.167935477666 -332350.688756123 4138.475928713 72.9671389161324 99.7933332853245 99.7933332853245 99.7933332853245 993812.803072052
928000 540.047226779981 -332339.292591479 4122.28813647581 839.569958270681 99.7744605479126 99.7744605479126 99.7744605479126 993249.065377963
929000 542.294378356941 -332335.060912449 4139.44109241598 271.529232723531 99.7919581053236 99.7919581053236 99.7919581053236 993771.71858434
930000 539.843125560258 -332331.950800406 4120.73019117958 -19.1880261549645 99.7994664241269 99.7994664241269 99.7994664241269 993996.048774123
931000 539.194082016539 -332335.408320616 4115.77591242829 -79.5614694860739 99.803334843189 99.803334843189 99.803334843189 994111.640844388
932000 539.835837442087 -332344.781224638 4120.67455952075 31.4462037291588 99.7980517912129 99.7980517912129 99.7980517912129 993953.780424028
933000 539.66920833668 -332349.180611928 4119.40264634288 35.4609239097879 99.7927725151872 99.7927725151872 99.7927725151872 993796.049525736
934000 539.887020119855 -332351.293102553 4121.06524710304 -304.97921048032 99.8045601180323 99.8045601180323 99.8045601180323 994148.255100042
935000 539.423137740299 -332359.375473613 4117.52434042833 -412.746765166863 99.7969106847628 99.7969106847628 99.7969106847628 993919.6857474
936000 538.47553635852 -332358.512609807 4110.29111018381 -525.158134907952 99.8029361848822 99.8029361848822 99.8029361848822 994099.72813783
937000 537.212883254893 -332363.476185254 4100.65302734316 -507.546792911801 99.8044582526262 99.8044582526262 99.8044582526262 994145.211074429
938000 537.731571388707 -332373.054107634 4104.61227726525 261.961917671792 99.7802826034385 99.7802826034385 99.7802826034385 993422.950216441
939000 536.872752196911 -332362.185645307 4098.05673917495 444.959993200278 99.7831219617547 99.7831219617547 99.7831219617547 993507.759476588
940000 540.358303003061 -332379.184808535 4124.66264329735 -47.449560955812 99.7894036840649 99.7894036840649 99.7894036840649 993695.406424316
941000 538.310959680587 -332390.669575127 4109.03486359399 -278.992136748164 99.7896832958409 99.7896832958409 99.7896832958409 993703.759507079
942000 539.15571533553 -332357.617653453 4115.48305190403 -597.218960743093 99.8101779144418 99.8101779144418 99.8101779144418 994316.140320755
943000 537.290063200686 -332385.98451586 4101.24215725466 -580.524962234848 99.8008957211439 99.8008957211439 99.8008957211439 994038.756495481
944000 537.159586568563 -332399.341850603 4100.2462031121 -142.20234271546 99.7906653276893 99.7906653276893 99.7906653276893 993733.096958934
945000 536.932107594323 -332354.875314744 4098.50981075546 35.705155542398 99.7923130146069 99.7923130146069 99.7923130146069 993782.321645032
946000 537.530615916345 -332388.057393634 4103.07834408571 -108.588089417136 99.7864411328396 99.7864411328396 99.7864411328396 993606.906462247
947000 538.932776739617 -332374.50622877 4113.78131716025 -425.062724023307 99.7999624963401 99.7999624963401 99.7999624963401 994010.871386563
948000 535.62664479071 -332404.306438408 4088.54495294102 -218.095355469622 99.7897414534039 99.7897414534039 99.7897414534039 993705.496903794
949000 537.832827175822 -332378.004865118 4105.3851828729 250.182883995479 99.7854555949917 99.7854555949917 99.7854555949917 993577.466764937
950000 537.054040648994 -332363.238115679 4099.44055006823 255.258624831102 99.7860726167761 99.7860726167761 99.7860726167761 993595.898190499
951000 537.792426481347 -332386.340919337 4105.07679631839 95.2442719985638 99.7883766179678 99.7883766179678 99.7883766179678 993664.724398343
952000 536.021840379753 -332384.647097721 4091.56155965153 645.849061918447 99.7725836062931 99.7725836062931 99.7725836062931 993193.011892061
953000 533.156819277135 -332403.469119334 4069.69228245426 561.490836740855 99.764795905111 99.764795905111 99.764795905111 992960.460431488
954000 535.4834043477 -332397.900981932 4087.45157008559 211.187762301089 99.7822465846576 99.7822465846576 99.7822465846576 993481.61217958
955000 533.983449265335 -332386.461353563 4076.00211393682 239.32295067843 99.7833135856591 99.7833135856591 99.7833135856591 993513.483296343
956000 536.465943836343 -332391.107387775 4094.95148986446 360.912122151232 99.7795087713633 99.7795087713633 99.7795087713633 993399.837335986
957000 529.722096905919 -332395.439383219 4043.47436190798 -14.5530475941768 99.7932820775568 99.7932820775568 99.7932820775568 993811.273183008
958000 532.420244352594 -332390.669174072 4064.06985922441 -361.5728224539 99.7896977822931 99.7896977822931 99.7896977822931 993704.192274585
959000 533.047757876127 -332423.040963373 4068.85979503977 -375.069746996099 99.7908463288948 99.7908463288948 99.7908463288948 993738.504294805
960000 533.340579510562 -332412.660017086 4071.09496094726 62.464283131726 99.7838641887407 99.7838641887407 99.7838641887407 993529.929972176
961000 534.013519346972 -332433.909780465 4076.23164486421 195.284127933992 99.7753176777592 99.7753176777592 99.7753176777592 993274.663634109
962000 533.944183805861 -332407.416612448 4075.70239285738 60.5157900487525 99.7817672560591 99.7817672560591 99.7817672560591 993467.294947481
963000 531.32313197239 -332422.589660304 4055.69538172498 174.995660287664 99.7787898004531 99.7787898004531 99.7787898004531 993378.363374618
964000 533.599879385902 -332446.336573641 4073.07424858526 -124.997434887496 99.7861141121764 99.7861141121764 99.7861141121764 993597.137732519
965000 531.190205836888 -332414.587395982 4054.68073003484 -90.9861804054548 99.7852581423279 99.7852581423279 99.7852581423279 993571.568586849
966000 534.976512785349 -332408.2211586 4083.58236574504 491.93535518178 99.7726316619066 99.7726316619066 99.7726316619066 993194.447011433
967000 532.131766019572 -332436.339884359 4061.8678466024 134.847203103757 99.775105684157 99.775105684157 99.775105684157 993268.332386119
968000 531.585894482151 -332420.32748719 4057.70110034178 -45.2152138273561 99.7836000751299 99.7836000751299 99.7836000751299 993522.040798364
969000 530.061647110748 -332451.160045067 4046.06621630829 283.400008794062 99.7757863403373 99.7757863403373 99.7757863403373 993288.660468056
970000 530.015046158117 -332426.623113535 4045.7105019473 136.934285736219 99.781012854416 99.781012854416 99.781012854416 993444.761741849
971000 528.698226758769 -332451.956517139 4035.65895697376 445.158614499783 99.7689867394786 99.7689867394786 99.7689867394786 993085.599993806
972000 529.315384956603 -332442.831681767 4040.3698485238 301.596246944917 99.7754303299438 99.7754303299438 99.7754303299438 993278.028033932
973000 530.940182958609 -332429.196124818 4052.77225556471 225.698588321311 99.7774369135363 99.7774369135363 99.7774369135363 993337.956679814
974000 529.529744887675 -332435.544142803 4042.00610060876 356.171310151152 99.7766723093504 99.7766723093504 99.7766723093504 993315.120719211
975000 530.4004786841 -332440.857730768 4048.65258525128 102.726900754287 99.7778860584031 99.7778860584031 99.7778860584031 993351.371175104
976000 528.208025435652 -332431.888718767 4031.91715255636 26.7293414996358 99.7801341711598 99.7801341711598 99.7801341711598 993418.516801071
977000 526.953658921051 -332429.780990396 4022.34232290162 -384.080260553341 99.788774958273 99.788774958273 99.788774958273 993676.624129647
978000 527.464665028309 -332479.622350722 4026.24293438366 -439.520187159901 99.7829150760715 99.7829150760715 99.7829150760715 993501.579811091
979000 528.649907395467 -332434.740629417 4035.29012564157 -119.122777498346 99.7840173187072 99.7840173187072 99.7840173187072 993534.50404153
980000 522.876777754821 -332442.482454741 3991.22267626335 458.367430714021 99.7731624974797 99.7731624974797 99.7731624974797 993210.299828175
981000 530.773689660706 -332459.161005749 4051.50137903259 459.932333887072 99.7663002690708 99.7663002690708 99.7663002690708 993005.379977753
982000 526.899535939667 -332480.346791366 4021.9291913957 295.343887789789 99.7703669307864 99.7703669307864 99.7703669307864 993126.815218674
983000 526.892066769734 -332453.423464089 4021.87217773268 -239.181492216905 99.7879477029109 99.7879477029109 99.7879477029109 993651.911405155
984000 529.243270240392 -332473.140223663 4039.81938251942 202.371440131211 99.7750739931562 99.7750739931562 99.7750739931562 993267.38592786
985000 526.918544624577 -332434.389580329 4022.07428847686 -588.934752626203 99.7918685903601 99.7918685903601 99.7918685903601 993769.044299927
986000 525.624785591461 -332473.760720534 4012.19876787568 -415.839973849089 99.7860119609501 99.7860119609501 99.7860119609501 993594.086294061
987000 525.131000542658 -332478.815814511 4008.42960816573 -202.087947534158 99.7753636864581 99.7753636864581 99.7753636864581 993276.037700271
988000 527.741523014524 -332472.34830358 4028.35624658205 125.580117527573 99.7716472494254 99.7716472494254 99.7716472494254 993165.049068921
989000 526.500674909087 -332482.776271885 4018.88460563925 189.603708868118 99.7672713211129 99.7672713211129 99.7672713211129 993034.37581958
990000 526.440754426107 -332490.594357764 4018.42722064796 212.900900743761 99.7651569881511 99.7651569881511 99.7651569881511 992971.242064715
991000 525.67922647409 -332466.126233376 4012.61432598518 296.135844638197 99.7701231886141 99.7701231886141 99.7701231886141 993119.536515485
992000 519.298646543774 -332475.391099575 3963.91008745515 510.351157989533 99.7673113173145 99.7673113173145 99.7673113173145 993035.570127649
993000 524.531170485973 -332454.049558418 4003.85098577132 12.165966875263 99.7755260700468 99.7755260700468 99.7755260700468 993280.887354058
994000 522.559272767401 -332482.723145472 3988.79909740207 -108.136930107209 99.7745686897778 99.7745686897778 99.7745686897778 993252.295019767
995000 524.286171802343 -332497.360829603 4001.98086198048 -393.194779392406 99.7812963332924 99.7812963332924 99.7812963332924 993453.228926042
996000 525.82835743152 -332509.812096158 4013.75267231141 -135.42489534271 99.7722593961748 99.7722593961748 99.7722593961748 993183.329808089
997000 525.018486826781 -332470.519614213 4007.57076854366 141.842725989242 99.7744445686606 99.7744445686606 99.7744445686606 993248.58816041
998000 523.953442219548 -332513.481289616 3999.4410707478 -68.2756461467365 99.7705956238519 99.7705956238519 99.7705956238519 993133.644553178
999000 520.199196595334 -332468.989641567 3970.78416551677 358.921702359282 99.7661646524127 99.7661646524127 99.7661646524127 993001.330477438
1000000 520.095599258866 -332505.985410481 3969.99338639613 478.742302427383 99.7595274763415 99.7595274763415 99.7595274763415 992803.158494822
1001000 523.315040111684 -332496.93617821 3994.56802019768 289.100480365657 99.7672116224061 99.7672116224061 99.7672116224061 993032.593185905
1002000 522.419248257741 -332507.886683157 3987.73026240698 -26.5641757177593 99.7729359488127 99.7729359488127 99.7729359488127 993203.534182396
1003000 523.412057730138 -332511.266713213 3995.30857501909 97.9548928245049 99.7675695189003 99.7675695189003 99.7675695189003 993043.280188765
1004000 520.689874971299 -332510.181580941 3974.52961137366 378.014907959435 99.7530107984075 99.7530107984075 99.7530107984075 992608.609984688
1005000 522.190387835501 -332492.225332955 3985.98332518237 346.940920849019 99.757253815186 99.757253815186 99.757253815186 992735.277864662
1006000 522.305227819488 -332525.809154519 3986.85992167265 94.6202344649308 99.7653452941758 99.7653452941758 99.7653452941758 992976.864753812
1007000 520.207632653732 -332514.06130139 3970.84855963219 0.0177010466435904 99.7708971258137 99.7708971258137 99.7708971258137 993142.64818732
1008000 519.544619747417 -332527.200010824 3965.78764995151 -68.9669380732209 99.7687995950519 99.7687995950519 99.7687995950519 993080.01158123
1009000 521.773657440862 -332498.398895445 3982.80233900794 28.1546825175493 99.7730134691888 99.7730134691888 99.7730134691888 993205.849246213
1010000 517.674268314536 -332518.275357904 3951.51088462346 -450.616259190692 99.7765550339832 99.7765550339832 99.7765550339832 993311.618159264
1011000 517.530343271178 -332509.87556952 3950.4122760771 -518.927587174001 99.779211971398 99.779211971398 99.779211971398 993390.97258518
1012000 517.794011034231 -332546.80817999 3952.42490467272 -213.493450057452 99.7666985526173 99.7666985526173 99.7666985526173 993017.272749629
1013000 520.034342040569 -332528.28884637 3969.5257978377 183.384474830879 99.7611716672618 99.7611716672618 99.7611716672618 992852.248087086
1014000 520.135924507951 -332555.520448566 3970.30119706094 127.081659248374 99.758716277724 99.758716277724 99.758716277724 992778.939635095
1015000 518.861062523494 -332513.188173116 3960.56992139918 92.3702285361677 99.764528803309 99.764528803309 99.764528803309 992952.485048513
1016000 519.610464197367 -332530.825719256 3966.29025376359 -170.894679585691 99.7716694648887 99.7716694648887 99.7716694648887 993165.712492666
1017000 519.688984172788 -332554.060654923 3966.88961238836 118.449984920225 99.766935481971 99.766935481971 99.766935481971 993024.347520153
1018000 518.95134978465 -332542.865045383 3961.25910206169 157.97979753625 99.760873435083 99.760873435083 99.760873435083 992843.343833085
1019000 519.322075078231 -332541.639197267 3964.08892212896 24.3232467535474 99.7622081744706 99.7622081744706 99.7622081744706 992883.195273877
1020000 515.671286355294 -332553.968256282 3936.22172404876 -347.189362996843 99.7714825158528 99.7714825158528 99.7714825158528 993160.129614514
1021000 519.794065350249 -332548.635289 3967.69171796308 -614.88243146324 99.774271267784 99.774271267784 99.774271267784 993243.412570024
1022000 517.140091674421 -332567.471480328 3947.43340784525 -459.892337389151 99.7734522784557 99.7734522784557 99.7734522784557 993218.953887407
1023000 519.20658377513 -332554.26806047 3963.20735399004 -693.518251045211 99.7832662547301 99.7832662547301 99.7832662547301 993512.069516058
1024000 517.130765760214 -332567.410100843 3947.36222128305 -447.136679139221 99.7710713574105 99.7710713574105 99.7710713574105 993147.851221568
1025000 515.597485973616 -332569.355688267 3935.65839102384 -245.171186823214 99.7691049998064 99.7691049998064 99.7691049998064 993089.131434935
1026000 517.533088781078 -332581.000595969 3950.43323310146 -338.328886147649 99.7736944060975 99.7736944060975 99.7736944060975 993226.184859411
1027000 516.65354564289 -332571.99388924 3943.71950499718 -16.6193965943404 99.7616834051293 99.7616834051293 99.7616834051293 992867.527058553
1028000 513.088644866452 -332570.305331652 3916.50790673374 91.4314151128345 99.7577887048906 99.7577887048906 99.7577887048906 992751.246830518
1029000 515.162419326021 -332568.689212665 3932.3374405754 46.036013236623 99.753859833282 99.753859833282 99.753859833282 992633.955580565
1030000 514.056340403809 -332592.179149949 3923.89451967342 95.3302907347709 99.7449209202095 99.7449209202095 99.7449209202095 992367.130610563
1031000 516.537529004998 -332588.618541935 3942.83392687309 -265.066961624303 99.7651676739096 99.7651676739096 99.7651676739096 992971.561133586
1032000 512.724996254373 -332582.672055243 3913.73210438705 -407.689779030752 99.7722702764516 99.7722702764516 99.7722702764516 993183.654731392
1033000 515.456334143361 -332584.128680115 3934.58095096592 -297.382315398282 99.7640322666266 99.7640322666266 99.7640322666266 992937.65909129
1034000 515.772961730798 -332595.303623836 3936.99783245822 -67.9875785894159 99.7599435316984 99.7599435316984 99.7599435316984 992815.580249583
1035000 515.065251586771 -332604.247482293 3931.59573985203 468.548411871542 99.7485277322053 99.7485277322053 99.7485277322053 992474.78755392
1036000 514.149952133635 -332623.264933797 3924.60907666799 870.667566447058 99.7307567565924 99.7307567565924 99.7307567565924 991944.430757049
1037000 513.288880191571 -332584.333120924 3918.03634288582 310.424001926262 99.7491901712806 99.7491901712806 99.7491901712806 992494.561032137
1038000 513.996197230731 -332600.293145776 3923.43543484421 391.330570609966 99.7539459001036 99.7539459001036 99.7539459001036 992636.524892372
1039000 515.228467839134 -332605.675439816 3932.84160204227 345.977816488107 99.745677864507 99.745677864507 99.745677864507 992389.723410298
1040000 511.874919271229 -332610.077525433 3907.24329731808 224.637644616654 99.7492195630127 99.7492195630127 99.7492195630127 992495.438366864
1041000 511.250726758766 -332601.196691013 3902.47871144225 245.275099934402 99.7502226786707 99.7502226786707 99.7502226786707 992525.381389911
1042000 510.383465331597 -332605.964645201 3895.85873208644 -221.398417901084 99.7544297023721 99.7544297023721 99.7544297023721 992650.967693425
1043000 510.874807579978 -332585.422457942 3899.60924541382 -354.352091165951 99.76053881623 99.76053881623 99.76053881623 992833.353253357
1044000 510.897617310577 -332606.943275506 3899.78335663443 -322.582493329187 99.7623153578513 99.7623153578513 99.7623153578513 992886.39550452
1045000 513.755993592596 -332615.646595821 3921.60191259148 -27.3533772650314 99.7532158797931 99.7532158797931 99.7532158797931 992614.732084642
1046000 512.238140463247 -332615.977873083 3910.01583708225 118.441652767729 99.7498649531111 99.7498649531111 99.7498649531111 992514.703205504
1047000 511.503138153403 -332599.752976266 3904.40541793387 -69.7878158893123 99.7568078633483 99.7568078633483 99.7568078633483 992721.964242079
1048000 512.56403177999 -332618.769153224 3912.50343046699 -390.752956348893 99.7627088252399 99.7627088252399 99.7627088252399 992898.143526506
1049000 509.856836369868 -332614.481407605 3891.83886824193 -414.356980688054 99.760452088214 99.760452088214 99.760452088214 992830.763861006
1050000 510.350628477845 -332622.8129966 3895.60808183596 83.3873348797928 99.750077121841 99.750077121841 99.750077121841 992521.036478195
1051000 513.609377308046 -332625.228170182 3920.48276126463 164.0872697477 99.746680820071 99.746680820071 99.746680820071 992419.659528559
1052000 508.870297353079 -332618.343929481 3884.30841926744 -53.799764926616 99.7484320770335 99.7484320770335 99.7484320770335 992471.932316131
1053000 506.321212856587 -332632.727469954 3864.85074916437 -387.900990031189 99.7591008916128 99.7591008916128 99.7591008916128 992790.422482561
1054000 510.230899962684 -332621.837689355 3894.69417021273 -180.502356313816 99.7620575896289 99.7620575896289 99.7620575896289 992878.699194576
1055000 509.251549213559 -332603.966680343 3887.21859071826 100.00254561316 99.7490643102449 99.7490643102449 99.7490643102449 992490.804122365
1056000 507.959097013964 -332629.171939493 3877.35304543786 294.64427963151 99.7456307217419 99.7456307217419 99.7456307217419 992388.316312534
1057000 509.760862940126 -332611.021844253 3891.10628392111 179.1122045569 99.7464598245196 99.7464598245196 99.7464598245196 992413.063223537
1058000 507.538118116323 -332630.418292526 3874.1396295931 87.7282604457214 99.7429440408181 99.7429440408181 99.7429440408181 992308.127568705
1059000 510.182499999171 -332653.284135703 3894.32472364306 -87.4466945757805 99.7561133450149 99.7561133450149 99.7561133450149 992701.230054041
1060000 509.772102352744 -332622.33302162 3891.19207659812 181.843888833238 99.7489022449273 99.7489022449273 99.7489022449273 992485.966540865
1061000 507.174202790078 -332625.283149158 3871.36179136401 -455.748031577215 99.7656306828568 99.7656306828568 99.7656306828568 992985.386305081
1062000 504.600553125776 -332662.073663599 3851.71661043816 -165.092304614713 99.7471706802879 99.7471706802879 99.7471706802879 992434.281046583
1063000 510.391497452077 -332650.773659318 3895.92004286321 264.744908952191 99.7433253377186 99.7433253377186 99.7433253377186 992319.507786025
1064000 506.905324459194 -332667.534150173 3869.30938946545 331.354411646304 99.7297898245433 99.7297898245433 99.7297898245433 991915.579068974
1065000 506.86561069803 -332664.388062643 3869.00624640984 -42.9519553896286 99.7455579917682 99.7455579917682 99.7455579917682 992386.145500948
1066000 507.007556900393 -332662.655298259 3870.08975006841 -275.001696572613 99.7587606048985 99.7587606048985 99.7587606048985 992780.263041403
1067000 503.564238955278 -332670.749473926 3843.8062177931 -242.243481512797 99.7477832666833 99.7477832666833 99.7477832666833 992452.565940333
1068000 504.89365845039 -332648.743727246 3853.95394180934 -104.904963646076 99.7498232845544 99.7498232845544 99.7498232845544 992513.459395159
1069000 506.028952907932 -332681.226682089 3862.6198707164 5.83925456599962 99.7449120963287 99.7449120963287 99.7449120963287 992366.867242911
1070000 506.841959236364 -332658.966495751 3868.82571008819 39.9922307304827 99.7382218341435 99.7382218341435 99.7382218341435 992167.195427658
1071000 504.56943977839 -332665.427594953 3851.47911605535 -426.316614043931 99.7617597424505 99.7617597424505 99.7617597424505 992869.806277469
1072000 502.834974361677 -332639.207961857 3838.23959577658 -114.506664450693 99.7484829397876 99.7484829397876 99.7484829397876 992473.450531924
1073000 504.281639140352 -332677.958957491 3849.28227641425 -252.31022237155 99.7479951928677 99.7479951928677 99.7479951928677 992458.891708952
1074000 503.51899160489 -332656.384809614 3843.46083574786 -63.0612308391596 99.743051786121 99.743051786121 99.743051786121 992311.343334682
1075000 507.044674997122 -332662.131769422 3870.37307989996 -109.9969340217 99.7413655454917 99.7413655454917 99.7413655454917 992261.01659855
1076000 502.149784441525 -332673.260266321 3833.00940452846 -286.172719325099 99.7499008478816 99.7499008478816 99.7499008478816 992515.774668616
1077000 504.249226228282 -332706.213755923 3849.03486219514 -198.26991529574 99.7514629951527 99.7514629951527 99.7514629951527 992562.405695124
1078000 501.060568275472 -332649.690514211 3824.6952004057 -528.260967837253 99.7562361260391 99.7562361260391 99.7562361260391 992704.895544398
1079000 503.825253395033 -332685.397996431 3845.79859304307 -474.041681766469 99.7586135943738 99.7586135943738 99.7586135943738 992775.873985303
1080000 503.493977765457 -332698.845297006 3843.26990012514 352.372928288275 99.7354179995385 99.7354179995385 99.7354179995385 992083.522554944
1081000 503.700928425918 -332669.406932322 3844.84959577054 542.24168648939 99.7307191657996 99.7307191657996 99.7307191657996 991943.309098152
1082000 502.292994583023 -332707.769000871 3834.10255608641 340.830877498188 99.7287027662941 99.7287027662941 99.7287027662941 991883.143677457
1083000 505.141926086537 -332689.326524991 3855.84901816639 37.9140987520005 99.7354666000976 99.7354666000976 99.7354666000976 992084.972867329
1084000 501.16972722193 -332709.36717355 3825.52843240406 -25.6585927514069 99.7362385214144 99.7362385214144 99.7362385214144 992108.008327789
1085000 502.49035359771 -332690.849758667 3835.60903678759 -41.3147901503911 99.744699253728 99.744699253728 99.744699253728 992360.514513042
1086000 502.63765257049 -332680.408665437 3836.73339920979 -622.722638628249 99.761071307548 99.761071307548 99.761071307548 992849.251662758
1087000 500.437133450686 -332670.827184374 3819.93639811094 -575.904121140034 99.7576362055068 99.7576362055068 99.7576362055068 992746.69399137
1088000 500.637346271358 -332717.103739059 3821.46466248209 -238.489271716147 99.7425775999969 99.7425775999969 99.7425775999969 992297.190829086
1089000 500.72387908577 -332712.4435409 3822.12518470418 -184.442514126982 99.7313227747125 99.7313227747125 99.7313227747125 991961.320081667
1090000 502.295814290983 -332724.849027847 3834.12407947936 309.286347131096 99.7283046636508 99.7283046636508 99.7283046636508 991871.26536016
1091000 502.377272437369 -332691.216426476 3834.74586574881 620.359456818298 99.7267299197115 99.7267299197115 99.7267299197115 991824.280145517
1092000 500.232407423938 -332716.910882649 3818.37368353814 -94.2748835110798 99.7357988635168 99.7357988635168 99.7357988635168 992094.888135829
1093000 499.194309480546 -332722.123393601 3810.449674999 -462.461542806466 99.748732809515 99.748732809515 99.748732809515 992480.908981951
1094000 500.362215032617 -332685.529464693 3819.36453089139 -299.979070272325 99.7500144407301 99.7500144407301 99.7500144407301 992519.165433562
1095000 496.960883317444 -332704.056772686 3793.40148787887 -63.721392416041 99.7399834279604 99.7399834279604 99.7399834279604 992219.767844772
1096000 496.347462066578 -332689.053665331 3788.71912118997 303.699326926277 99.7326618817984 99.7326618817984 99.7326618817984 992001.278248218
1097000 499.084810843759 -332749.804581094 3809.61385007665 431.033426357292 99.7196155177685 99.7196155177685 99.7196155177685 991612.028127865
1098000 501.036291360504 -332734.123882397 3824.50988987433 175.813183091179 99.7301012302505 99.7301012302505 99.7301012302505 991924.87085042
1099000 495.748134591929 -332737.139523242 3784.14433510443 -129.44889689781 99.7342549750077 99.7342549750077 99.7342549750077 992048.816608699
1100000 498.576588669083 -332735.968312459 3805.73448890697 -280.108243094371 99.7427047930351 99.7427047930351 99.7427047930351 992300.987004958
1101000 496.535507015663 -332716.913688704 3790.15450577172 -139.9006494032 99.739794163196 99.739794163196 99.739794163196 992214.119401356
1102000 498.015810231394 -332723.44539985 3801.45395530501 -289.413624495248 99.7419375829534 99.7419375829534 99.7419375829534 992278.089165952
1103000 498.378039395735 -332740.911944588 3804.21892272416 -274.669923366275 99.7431023615597 99.7431023615597 99.7431023615597 992312.852811463
1104000 496.628379550595 -332729.477774627 3790.86342034432 -372.785283693475 99.7393718141249 99.7393718141249 99.7393718141249 992201.514835425
1105000 497.832155717883 -332727.281773353 3800.0520837932 -41.4873829615562 99.7366793796956 99.7366793796956 99.7366793796956 992121.164457533
1106000 497.355836689896 -332760.390993271 3796.41624570186 -104.793602209323 99.7276207141426 99.7276207141426 99.7276207141426 991850.85835894
1107000 496.749386810094 -332738.572102296 3791.78709287798 12.8735151151512 99.7337796658846 99.7337796658846 99.7337796658846 992034.633088523
1108000 495.490102761296 -332775.388194957 3782.17472670445 -197.089032423892 99.7337778694144 99.7337778694144 99.7337778694144 992034.579480988
1109000 497.725656517499 -332756.751070967 3799.23915416683 -9.02406764621167 99.7270067802664 99.7270067802664 99.7270067802664 991832.540652499
1110000 493.684556100308 -332781.929063845 3768.39262911861 -15.3436998151885 99.7309430229187 99.7309430229187 99.7309430229187 991949.988707155
1111000 495.345150813851 -332740.374621867 3781.06827959449 -517.939382131665 99.7512799939773 99.7512799939773 99.7512799939773 992556.942925511
1112000 495.081955650394 -332769.190707723 3779.0592584458 -368.309599806946 99.7359735710117 99.7359735710117 99.7359735710117 992100.101711642
1113000 496.543236538451 -332754.383202251 3790.21350675999 23.7645213016119 99.7295963621375 99.7295963621375 99.7295963621375 991909.806530927
1114000 492.509337853828 -332749.347817419 3759.42195397207 508.970164895364 99.7103203329343 99.7103203329343 99.7103203329343 991334.759972612
1115000 494.291271958512 -332757.614997512 3773.02381220865 -218.421104241782 99.7309838513731 99.7309838513731 99.7309838513731 991951.206979043
1116000 491.98914764729 -332731.569525443 3755.45123842945 -594.773042860157 99.74703935143 99.74703935143 99.74703935143 992430.361083095
1117000 494.587439168805 -332767.793239563 3775.28451556358 -228.97499219068 99.7361857369146 99.7361857369146 99.7361857369146 992106.433136125
1118000 494.980042946029 -332738.564153002 3778.28133845782 -125.724152532865 99.7346051183539 99.7346051183539 99.7346051183539 992059.265190639
1119000 493.128329269769 -332776.749336517 3764.14683884136 76.7767409759688 99.7240141869443 99.7240141869443 99.7240141869443 991743.255037699
1120000 493.927356378106 -332777.666870321 3770.2459720395 277.707449147872 99.7173987201322 99.7173987201322 99.7173987201322 991545.898079458
1121000 490.962721849124 -332770.116286823 3747.61632570157 19.0735856417189 99.7228745981657 99.7228745981657 99.7228745981657 991709.256208663
1122000 493.496346116607 -332784.866795799 3766.95598479474 308.763632104026 99.7148569677922 99.7148569677922 99.7148569677922 991470.077814416
1123000 496.358407848786 -332780.344822361 3788.80267252753 -214.696753401591 99.7282892532689 99.7282892532689 99.7282892532689 991870.805557517
1124000 492.202542113546 -332786.783100356 3757.08012092901 547.458504629239 99.7089183165078 99.7089183165078 99.7089183165078 991292.943396245
1125000 490.927389368978 -332790.262537553 3747.34662583734 536.844527373719 99.7083729495633 99.7083729495633 99.7083729495633 991276.67758605
1126000 492.826402823486 -332789.920078169 3761.84217409005 135.587410751563 99.7207160418358 99.7207160418358 99.7207160418358 991644.859329844
1127000 490.94218336099 -332773.281688782 3747.45955132745 -319.557720222649 99.7350671354567 99.7350671354567 99.7350671354567 992073.052295031
1128000 493.009642152057 -332759.345232592 3763.24087641245 -277.792139924298 99.7382953278547 99.7382953278547 99.7382953278547 992169.388712288
1129000 490.243241502841 -332787.725400071 3742.12438879525 97.136843341002 99.7173218476334 99.7173218476334 99.7173218476334 991543.604922405
1130000 490.091433834603 -332779.361379152 3740.96561060184 202.944898733437 99.7236693283444 99.7236693283444 99.7236693283444 991732.966342127
1131000 490.957117815704 -332808.284540837 3747.57354899735 15.0499116392627 99.7225587374598 99.7225587374598 99.7225587374598 991699.832864375
1132000 490.577478796323 -332792.774516655 3744.67568868415 203.091014264466 99.7154966409647 99.7154966409647 99.7154966409647 991489.158849014
1133000 488.294302243208 -332795.421524008 3727.24774691968 -3.93646798955501 99.7236765157356 99.7236765157356 99.7236765157356 991733.180773868
1134000 489.644367241562 -332796.100147447 3737.55306217771 206.250152365422 99.7168021239043 99.7168021239043 99.7168021239043 991528.101315473
1135000 488.035543099139 -332811.579504168 3725.27258679126 64.3947259744097 99.7189034806653 99.7189034806653 99.7189034806653 991590.786785001
1136000 489.395376366046 -332812.247646724 3735.65246519038 166.111569891375 99.7150475639078 99.7150475639078 99.7150475639078 991475.763146948
1137000 488.423727211491 -332825.648614111 3728.23567350251 29.6892505817567 99.7166205373661 99.7166205373661 99.7166205373661 991522.684540455
1138000 489.087109763643 -332808.310819776 3733.29940476355 2.51460153512358 99.7235901082815 99.7235901082815 99.7235901082815 991730.60285853
1139000 488.146876499754 -332813.856902401 3726.12241683166 173.243016883026 99.7170406356939 99.7170406356939 99.7170406356939 991535.216215946
1140000 493.417784857852 -332796.246120529 3766.35631104605 222.105769572771 99.7200641081019 99.7200641081019 99.7200641081019 991625.410537204
1141000 485.855630581292 -332803.788195436 3708.63287999292 -310.590398222804 99.7319566522108 99.7319566522108 99.7319566522108 991980.234479038
1142000 488.745570493148 -332799.266002561 3730.6923674285 180.539903283715 99.7203466216108 99.7203466216108 99.7203466216108 991633.838581361
1143000 486.281046231316 -332829.538854483 3711.88016245306 600.878749034933 99.6992480787039 99.6992480787039 99.6992480787039 991004.550673037
1144000 487.437145836407 -332803.839811945 3720.70490119871 1131.20129814081 99.6934593810711 99.6934593810711 99.6934593810711 990831.942772701
1145000 484.537433698084 -332817.162861553 3698.57082041049 -47.95947305224 99.7182834155008 99.7182834155008 99.7182834155008 991572.289376998
1146000 488.981928057361 -332812.845268373 3732.49653183229 112.029577804518 99.7121686600061 99.7121686600061 99.7121686600061 991389.89001834
1147000 485.645266688512 -332839.383995495 3707.02713046484 -380.103586342528 99.7206161390896 99.7206161390896 99.7206161390896 991641.878967805
1148000 486.021412270612 -332826.274027803 3709.89832467487 -203.122085025739 99.7214037579368 99.7214037579368 99.7214037579368 991665.375874443
1149000 487.054881979392 -332833.243847907 3717.78700497662 213.09028050169 99.7079587836649 99.7079587836649 99.7079587836649 991264.325023926
1150000 484.421089757131 -332842.734623059 3697.68274391688 577.317350908545 99.6983924843783 99.6983924843783 99.6983924843783 990979.037223033
1151000 486.714246956372 -332852.597858146 3715.18686994281 225.168581587189 99.7120684881999 99.7120684881999 99.7120684881999 991386.90214181
1152000 484.300158165764 -332839.777483544 3696.75964897315 -103.56256485243 99.7209636312419 99.7209636312419 99.7209636312419 991652.245599652
1153000 485.434793700685 -332801.327481695 3705.4205481925 -464.303504432434 99.7307934278992 99.7307934278992 99.7307934278992 991945.524980527
1154000 484.657638460413 -332847.866793791 3699.48836732329 -253.617447690315 99.7215542909118 99.7215542909118 99.7215542909118 991669.866742772
1155000 481.170230441118 -332822.809288403 3672.86828672274 150.511258132853 99.7041879524035 99.7041879524035 99.7041879524035 991151.864117392
1156000 480.486135922173 -332844.514848077 3667.64645689038 223.993431841486 99.7006212034794 99.7006212034794 99.7006212034794 991045.497570903
1157000 484.865002506825 -332854.382714624 3701.07121842606 75.578347620839 99.7053820817598 99.7053820817598 99.7053820817598 991187.476795367
1158000 482.921823084537 -332871.904880018 3686.23854253713 -376.733453028291 99.7173286620328 99.7173286620328 99.7173286620328 991543.808200264
1159000 483.90397022433 -332834.156573449 3693.73546743902 -575.048682518749 99.7306143978247 99.7306143978247 99.7306143978247 991940.182966602
1160000 479.834135326002 -332848.39283299 3662.66960636826 -262.49358039102 99.7160057163518 99.7160057163518 99.7160057163518 991504.344411578
1161000 484.930667243014 -332848.441793116 3701.57245044717 -324.341234106235 99.723424091695 99.723424091695 99.723424091695 991725.649864306
1162000 481.563747502702 -332868.797470801 3675.87208089855 -35.5203645244616 99.7093872791279 99.7093872791279 99.7093872791279 991306.93055598
1163000 485.787756426111 -332860.112731224 3708.11478303621 -344.252851694937 99.7196017785325 99.7196017785325 99.7196017785325 991611.618258961
1164000 480.934452503374 -332863.945634598 3671.06854672333 -607.15612049521 99.725485392771 99.725485392771 99.725485392771 991787.148577058
1165000 482.289031380673 -332846.883452504 3681.40831731914 -142.745578039109 99.7159851509598 99.7159851509598 99.7159851509598 991503.730949239
1166000 479.782298139474 -332865.18231635 3662.27392279013 363.439533458336 99.7018740220767 99.7018740220767 99.7018740220767 991082.857894745
1167000 481.462119738843 -332870.133356926 3675.09633591826 505.745762846018 99.6985690374943 99.6985690374943 99.6985690374943 990984.301924169
1168000 480.552714827169 -332857.65791762 3668.15466694424 -48.5776592857107 99.7162235809744 99.7162235809744 99.7162235809744 991510.843293785
1169000 477.163307978128 -332873.422113583 3642.28264881204 -52.775048384652 99.709191148273 99.709191148273 99.709191148273 991301.080791021
1170000 482.693085955677 -332877.240318996 3684.49254643547 -299.121334535262 99.7190891317426 99.7190891317426 99.7190891317426 991596.325060117
1171000 477.283076131272 -332884.014905454 3643.1968629999 301.579412822666 99.7008856215142 99.7008856215142 99.7008856215142 991053.382707262
1172000 480.011358686734 -332873.635896166 3664.02238760891 473.901952941088 99.6968405001075 99.6968405001075 99.6968405001075 990932.758845856
1173000 482.561471206917 -332883.202409388 3683.48790482175 324.398028085946 99.7046697087303 99.7046697087303 99.7046697087303 991166.23149749
1174000 478.973149328395 -332897.42988437 3656.09752861727 -39.4290670956572 99.7119087807937 99.7119087807937 99.7119087807937 991382.13847841
1175000 477.412684141415 -332857.506241938 3644.18618677773 -508.940527136937 99.7208677223669 99.7208677223669 99.7208677223669 991649.384370987
1176000 479.097310315691 -332910.64013846 3657.04527418388 268.525359751572 99.7018785616068 99.7018785616068 99.7018785616068 991082.993269856
1177000 481.855249882982 -332893.760154389 3678.0971766761 205.227288289971 99.69895929775 99.69895929775 99.69895929775 990995.939301858
1178000 477.863076471331 -332898.247408971 3647.6241212144 -73.4509554088902 99.7021629887542 99.7021629887542 99.7021629887542 991091.475308013
1179000 477.454705571734 -332878.595913124 3644.50694473202 204.595438312851 99.6968691218969 99.6968691218969 99.6968691218969 990933.612301495
1180000 477.683284793524 -332891.566407475 3646.25173549754 414.26909247555 99.6943044046168 99.6943044046168 99.6943044046168 990857.138510425
1181000 478.366165990216 -332886.116111964 3651.46430379926 -187.132206794264 99.7115961545365 99.7115961545365 99.7115961545365 991372.813681015
1182000 477.167201529877 -332912.236363558 3642.3123690687 -309.393503995222 99.7143739246081 99.7143739246081 99.7143739246081 991455.669112706
1183000 477.952552807642 -332882.828790946 3648.30711192591 -713.438159850956 99.7269230500181 99.7269230500181 99.7269230500181 991830.0424431
1184000 473.873326996213 -332888.472176172 3617.16956814344 -242.479968923791 99.7120665757798 99.7120665757798 99.7120665757798 991386.845099119
1185000 477.493510347762 -332908.122990965 3644.80314932289 -290.112046288226 99.7109527064346 99.7109527064346 99.7109527064346 991353.621544992
1186000 477.95826169586 -332898.05462648 3648.3506890077 -39.0142491815345 99.7103450232548 99.7103450232548 99.7103450232548 991335.496397256
1187000 476.141922448877 -332923.001336611 3634.48620946154 -111.123562181354 99.6990124690786 99.6990124690786 99.6990124690786 990997.524852978
1188000 476.491674958624 -332893.302616348 3637.15594008905 -5.92428451024011 99.7043013767431 99.7043013767431 99.7043013767431 991155.246749831
1189000 476.149833036201 -332907.579673547 3634.5465925515 334.220961173183 99.6937402942514 99.6937402942514 99.6937402942514 990840.31860412
1190000 475.002365680125 -332930.499888613 3625.78774548335 224.024811992696 99.6926037940483 99.6926037940483 99.6926037940483 990806.432503065
1191000 473.82723377582 -332903.446870721 3616.81772940384 -165.959637110503 99.7084315951056 99.7084315951056 99.7084315951056 991278.426706735
1192000 472.48690978981 -332924.663681754 3606.58676923484 -131.251516452278 99.7046204351685 99.7046204351685 99.7046204351685 991164.762009654
1193000 472.877728651197 -332898.938824285 3609.56996751069 -137.465238988616 99.7043733401224 99.7043733401224 99.7043733401224 991157.392903954
1194000 473.025497290969 -332925.177987787 3610.69791499467 101.283244280274 99.6924220687328 99.6924220687328 99.6924220687328 990801.014218966
1195000 473.276316806283 -332934.51434995 3612.6124703541 126.16492699086 99.691172340408 99.691172340408 99.691172340408 990763.753114949
1196000 473.573889509627 -332927.231853118 3614.88390211766 -27.3770624179219 99.7002009255352 99.7002009255352 99.7002009255352 991032.964665786
1197000 472.518153163563 -332920.927314167 3606.82525613484 52.5120002426308 99.6993529112939 99.6993529112939 99.6993529112939 991007.676765311
1198000 471.021293084561 -332925.010507627 3595.39942476371 99.5638366434846 99.699749860358 99.699749860358 99.699749860358 991019.513787051
1199000 473.43577055688 -332943.696041062 3613.82961261834 -104.174458296362 99.7004127253551 99.7004127253551 99.7004127253551 991039.280632474
1200000 472.874923500974 -332947.648773922 3609.54855523986 295.544689867017 99.6893496242468 99.6893496242468 99.6893496242468 990709.409845293
1201000 472.617463368154 -332955.561585667 3607.58331072325 -7.47197326759009 99.6961832098525 99.6961832098525 99.6961832098525 990913.159644469
1202000 472.596295452967 -332950.967073937 3607.42173180695 -58.8278403198814 99.6935528348531 99.6935528348531 99.6935528348531 990834.729226688
1203000 470.750267936572 -332946.145164144 3593.33063578223 -29.135584149159 99.7012699358443 99.7012699358443 99.7012699358443 991064.843312132
1204000 471.655079261847 -332903.622814078 3600.23724099557 -547.997327134906 99.708231761275 99.708231761275 99.708231761275 991272.466611936
1205000 471.674513924949 -332957.717009196 3600.38558965319 -839.865941119133 99.7150721814937 99.7150721814937 99.7150721814937 991476.497471798
1206000 472.124058824882 -332935.732988118 3603.81705548786 -66.0444944702209 99.7010275836861 99.7010275836861 99.7010275836861 991057.616138798
1207000 471.690883180972 -332954.401497548 3600.5105394475 223.202413435741 99.6903749512365 99.6903749512365 99.6903749512365 990739.979155311
1208000 472.643068111401 -332962.793937755 3607.77875683257 339.031576389239 99.6885469850355 99.6885469850355 99.6885469850355 990685.480233355
1209000 469.429063148665 -332965.332543908 3583.24561626363 -42.397085111865 99.7008597386999 99.7008597386999 99.7008597386999 991052.610861241
1210000 470.304442120942 -332959.390576026 3589.92755845941 -47.5348027896011 99.6962199604163 99.6962199604163 99.6962199604163 990914.2554727
1211000 471.67114898927 -332958.165974395 3600.35990442837 -217.524166242693 99.7059322283472 99.7059322283472 99.7059322283472 991203.884176951
1212000 471.981922411179 -332981.6598362 3602.73209990822 -304.111837913196 99.7028971556872 99.7028971556872 99.7028971556872 991113.369475348
1213000 466.683229596425 -332978.153804279 3562.28612139754 -287.446189942181 99.697050700152 99.697050700152 99.697050700152 990939.02668388
1214000 469.917626636243 -332965.355692218 3586.97491875587 191.593791680951 99.6896133669705 99.6896133669705 99.6896133669705 990717.273065098
1215000 470.308302776011 -332967.802684563 3589.95702760915 410.806738335344 99.6847491180683 99.6847491180683 99.6847491180683 990572.257147001
1216000 470.078044938286 -332966.288365685 3588.19942363358 325.392774451898 99.685347211295 99.685347211295 99.685347211295 990590.087099449
1217000 466.422256316804 -332978.142751429 3560.29406033108 -117.405581305886 99.6935631707164 99.6935631707164 99.6935631707164 990835.037405094
1218000 468.272558581278 -332984.780308086 3574.41778636004 -288.233338459314 99.7011401260024 99.7011401260024 99.7011401260024 991060.972254024
1219000 468.366564046124 -332988.568100105 3575.1353488125 -10.4589728443108 99.691519629816 99.691519629816 99.691519629816 990774.107581081
1220000 467.068666493095 -332983.662355475 3565.22823806386 -0.407235409519782 99.6902037851805 99.6902037851805 99.6902037851805 990734.875931543
1221000 467.936885281643 -332966.553023604 3571.8555251499 81.6819307803485 99.696775733857 99.696775733857 99.696775733857 990930.82762244
1222000 466.94255823151 -332989.474322345 3564.26562856441 -193.225557132336 99.702308067312 99.702308067312 99.702308067312 991095.801783792
1223000 467.205510888595 -332969.218185853 3566.27279861363 -183.687943477326 99.6993441949279 99.6993441949279 99.6993441949279 991007.416844319
1224000 467.415290541718 -332997.670157583 3567.87408852396 166.157085655166 99.6896283958667 99.6896283958667 99.6896283958667 990717.721137535
1225000 469.28325917557 -332986.863168319 3582.13266547204 154.294236945227 99.6850520443472 99.6850520443472 99.6850520443472 990581.287754461
1226000 463.413136939744 -333012.519671721 3537.32485228005 403.414921710169 99.6779571611509 99.6779571611509 99.6779571611509 990369.794911969
1227000 466.881229699448 -332998.645070865 3563.79749565379 -194.245332656071 99.6997275644855 99.6997275644855 99.6997275644855 991018.848921599
1228000 465.752442061885 -332999.891685692 3555.18123460072 79.0100418075122 99.6924690375393 99.6924690375393 99.6924690375393 990802.41462921
1229000 465.172743202702 -332980.912887333 3550.75627764984 36.4288004228129 99.6922615811303 99.6922615811303 99.6922615811303 990796.229170513
1230000 465.118170482822 -332992.430072089 3550.33971320033 13.6700900513911 99.6909870461396 99.6909870461396 99.6909870461396 990758.228578543
1231000 466.443970957407 -333004.133539142 3560.45981251146 -343.593227541584 99.6985361042107 99.6985361042107 99.6985361042107 990983.319873277
1232000 463.853957988849 -333002.101207502 3540.68972722232 -615.663655928818 99.701572254659 99.701572254659 99.701572254659 991073.858797816
1233000 467.917200701883 -332999.952870169 3571.70526882862 -635.951986828963 99.7013754251894 99.7013754251894 99.7013754251894 991067.989116351
1234000 462.328953586401 -332997.878089736 3529.04906461996 -406.617640138222 99.6921986477732 99.6921986477732 99.6921986477732 990794.35277331
1235000 462.144328537198 -333020.766308274 3527.63978481574 164.51800246086 99.6824068537149 99.6824068537149 99.6824068537149 990502.433199256
1236000 464.170484324377 -333017.813938593 3543.10583583861 -69.6920311016052 99.6865606536757 99.6865606536757 99.6865606536757 990626.262083813
1237000 463.10253591848 -333001.190853929 3534.9539727687 410.453608368936 99.6730251090809 99.6730251090809 99.6730251090809 990222.792088485
1238000 462.28154280378 -333016.275775364 3528.68716866522 279.36290328974 99.6778568980423 99.6778568980423 99.6778568980423 990366.806363931
1239000 461.518616907643 -333025.403182417 3522.86360321631 123.169065492915 99.6802340602626 99.6802340602626 99.6802340602626 990437.664188594
1240000 462.109725064411 -333016.030277199 3527.37564961001 -5.57870751812471 99.6853454371838 99.6853454371838 99.6853454371838 990590.034210524
1241000 461.558087415458 -333016.895294484 3523.16488947062 -89.6330046065674 99.6941172150256 99.6941172150256 99.6941172150256 990851.557114508
1242000 465.484214634077 -333023.186023581 3553.13380117508 -636.807402269876 99.705651662006 99.705651662006 99.705651662006 991195.516640787
1243000 461.77336022025 -333032.652879814 3524.80810970265 -500.025460644428 99.697023800888 99.697023800888 99.697023800888 990938.224588236
1244000 464.150855674054 -333022.992635748 3542.95600643787 -121.291633696784 99.6907176181018 99.6907176181018 99.6907176181018 990750.195635989
1245000 459.516036709386 -333016.983982207 3507.5775093633 77.0827201582454 99.6857996323686 99.6857996323686 99.6857996323686 990603.574513917
1246000 462.974449097116 -333045.761697636 3533.97626052806 88.4003015037444 99.6782832678967 99.6782832678967 99.6782832678967 990379.515235402
1247000 460.598239099164 -333024.296729856 3515.8381759336 268.104174792603 99.6760741179193 99.6760741179193 99.6760741179193 990313.667941816
1248000 461.843125798065 -333049.132862175 3525.34064426537 -268.825667730992 99.6822615049316 99.6822615049316 99.6822615049316 990498.100395159
1249000 460.880289141735 -333034.983247045 3517.99112013316 73.2792984412052 99.6781830824535 99.6781830824535 99.6781830824535 990376.528982797
1250000 461.818709454898 -333054.460068527 3525.15426945076 329.126638209615 99.6748257095261 99.6748257095261 99.6748257095261 990276.458398154
1251000 463.49101773508 -333053.596774118 3537.91933191582 310.224222495123 99.6726499987514 99.6726499987514 99.6726499987514 990211.612291358
1252000 458.676224369194 -333055.847542847 3501.16705436017 846.34598801434 99.6588986889091 99.6588986889091 99.6588986889091 989801.826011429
1253000 460.977437262671 -333080.010462289 3518.73267110604 312.015444767658 99.6680419633251 99.6680419633251 99.6680419633251 990074.281160692
1254000 459.887901971796 -333050.175581476 3510.4160310399 113.155628512221 99.6777934295229 99.6777934295229 99.6777934295229 990364.91455736
1255000 458.905475187242 -333066.785568385 3502.9169715538 -160.015061179526 99.679350230587 99.679350230587 99.679350230587 990411.318831984
1256000 457.775722317907 -333058.005056291 3494.2933426942 -267.452213002542 99.6860845901531 99.6860845901531 99.6860845901531 990612.069635825
1257000 458.560774128912 -333051.643165029 3500.28579966193 35.8996970101563 99.6823250372745 99.6823250372745 99.6823250372745 990499.994273892
1258000 458.961952236751 -333060.850299536 3503.34807213099 68.1520164919493 99.6798438598895 99.6798438598895 99.6798438598895 990426.032966909
1259000 455.894004117663 -333067.719435471 3479.92981256498 401.447698183695 99.6700600343123 99.6700600343123 99.6700600343123 990134.423226266
1260000 457.939755782184 -333049.238131823 3495.5454428259 -91.6923292240867 99.6844255599338 99.6844255599338 99.6844255599338 990562.611538999
1261000 458.087576755711 -333079.225162975 3496.67378978385 -248.516447645568 99.6825546574032 99.6825546574032 99.6825546574032 990506.839196299
1262000 457.702243193735 -333067.070268295 3493.73246189187 351.059583096368 99.6739789679482 99.6739789679482 99.6739789679482 990251.221299766
1263000 458.679097532071 -333069.53136098 3501.18898578515 434.6296559068 99.6658769707426 99.6658769707426 99.6658769707426 990009.763280989
1264000 456.411677643338 -333077.788694097 3483.88131778089 57.5745063478137 99.6730504995643 99.6730504995643 99.6730504995643 990223.548830094
1265000 459.547717188229 -333055.268705494 3507.81933277358 -280.02560606182 99.6854397092407 99.6854397092407 99.6854397092407 990592.84460501
1266000 457.299895303341 -333095.286982364 3490.66126023938 -115.933035016585 99.6759468581399 99.6759468581399 99.6759468581399 990309.874846859
1267000 452.656658037083 -333059.635329824 3455.21850459065 -507.880846604424 99.6884203268769 99.6884203268769 99.6884203268769 990681.704125372
1268000 458.150082079751 -333077.412270338 3497.15090538223 -351.971031245646 99.6819586230991 99.6819586230991 99.6819586230991 990489.071618213
1269000 455.787650287658 -333081.299230126 3479.1179925797 -261.770591640634 99.6817977277593 99.6817977277593 99.6817977277593 990484.275419762
1270000 455.664284629641 -333105.010230449 3478.17631792001 -423.851331292848 99.6821264900074 99.6821264900074 99.6821264900074 990494.075651656
1271000 456.999616951017 -333066.67629659 3488.3691757178 -352.252349528287 99.6800263059861 99.6800263059861 99.6800263059861 990431.471369121
1272000 455.384608504887 -333099.207499552 3476.04149430837 376.48493129515 99.6662588551721 99.6662588551721 99.6662588551721 990021.143427549
1273000 456.944802601739 -333079.455647725 3487.95076686292 435.939510024658 99.6621860109905 99.6621860109905 99.6621860109905 989899.77726631
1274000 454.474588411099 -333097.397320755 3469.09512952664 115.619057624189 99.6700535712252 99.6700535712252 99.6700535712252 990134.230611013
1275000 453.449542662837 -333095.271531692 3461.27075099478 -132.610712226158 99.6784972162073 99.6784972162073 99.6784972162073 990385.892466388
1276000 454.190745195272 -333092.153716553 3466.92849767816 -244.81652807059 99.680322978637 99.680322978637 99.680322978637 990440.314709626
1277000 454.848439803301 -333057.831708128 3471.94881172785 145.117813558722 99.6815962460605 99.6815962460605 99.6815962460605 990478.269386896
1278000 452.839377545964 -333101.206744448 3456.61323902573 124.831123068227 99.6632605201477 99.6632605201477 99.6632605201477 989931.795463557
1279000 456.50982621473 -333083.284439237 3484.63050539152 131.444889667222 99.679882715885 99.679882715885 99.679882715885 990427.191195184
1280000 453.494019786954 -333101.3248407 3461.61025374936 20.8998534291077 99.6748643823844 99.6748643823844 99.6748643823844 990277.611051368
1281000 452.457881089283 -333137.333359754 3453.70120052336 -49.9965133041831 99.6712790256929 99.6712790256929 99.6712790256929 990170.752493711
1282000 452.252572921168 -333103.304079743 3452.13404234946 -323.02222307648 99.6835298399065 99.6835298399065 99.6835298399065 990535.909510312
1283000 451.129652736053 -333110.599181219 3443.56256873055 -755.483494404674 99.6858229519772 99.6858229519772 99.6858229519772 990604.269713026
1284000 456.390677408325 -333112.498427601 3483.72101880079 -404.590228180159 99.6811457968366 99.6811457968366 99.6811457968366 990464.84188869
1285000 452.655007035066 -333110.62167832 3455.20590216314 -164.366422431359 99.6771818245039 99.6771818245039 99.6771818245039 990346.684566056
1286000 449.872712522612 -333120.74621676 3433.96809351952 176.786741751957 99.6625926387755 99.6625926387755 99.6625926387755 989911.893869777
1287000 450.047388637211 -333120.846810822 3435.30143112266 288.751389125505 99.6646305484353 99.6646305484353 99.6646305484353 989972.620533875
1288000 448.695661801067 -333115.914702005 3424.98343072551 -69.9502002183277 99.6715237235024 99.6715237235024 99.6715237235024 990178.045262843
1289000 452.410420184196 -333123.147086134 3453.33892197385 290.133913856642 99.664151792659 99.664151792659 99.664151792659 989958.354103613
1290000 449.319050312746 -333128.936723363 3429.7418795031 6.1782992279167 99.669143433242 99.669143433242 99.669143433242 990107.106600023
1291000 451.587239265341 -333122.272460554 3447.05541792514 -225.040768454217 99.676042350791 99.676042350791 99.676042350791 990312.721092385
1292000 451.231107324484 -333119.004668215 3444.33699182828 59.3053783775967 99.6687763488166 99.6687763488166 99.6687763488166 990096.166858377
1293000 448.382921934902 -333139.957227363 3422.59622498468 440.830924351778 99.6532927762587 99.6532927762587 99.6532927762587 989634.803381206
1294000 451.243747468242 -333128.79380795 3444.4334765653 135.475011309911 99.6585893754024 99.6585893754024 99.6585893754024 989792.609831211
1295000 449.372325742661 -333131.08076021 3430.14854147971 551.525247217893 99.6545037170696 99.6545037170696 99.6545037170696 989670.880575453
1296000 447.545866282049 -333138.652246148 3416.20681232552 298.672737458934 99.6511736284812 99.6511736284812 99.6511736284812 989571.67036054
1297000 446.371949885459 -333126.277985725 3407.24607445871 60.703271593295 99.6674047730685 99.6674047730685 99.6674047730685 990055.292276002
1298000 449.772238815095 -333148.185759726 3433.20115768135 160.207960482365 99.6631777154078 99.6631777154078 99.6631777154078 989929.328025416
1299000 447.70795142745 -333170.763510749 3417.44404055086 318.818367537741 99.6550906180624 99.6550906180624 99.6550906180624 989688.36625512
1300000 449.997323099967 -333150.107428095 3434.91927089668 333.210875259712 99.6540337825818 99.6540337825818 99.6540337825818 989656.879854929
1301000 447.38478407754 -333145.336665463 3414.97723974795 445.284099300632 99.6577003788623 99.6577003788623 99.6577003788623 989766.121968142
1302000 445.393416461314 -333166.922490825 3399.77673376873 -150.07898800255 99.6671615520999 99.6671615520999 99.6671615520999 990048.044120398
1303000 445.224706800039 -333145.537275762 3398.48893929318 -198.976273199491 99.6672062230006 99.6672062230006 99.6672062230006 990049.375341944
1304000 448.002305864251 -333147.031550835 3419.69090664437 -477.445159996327 99.6773116889178 99.6773116889178 99.6773116889178 990350.555390559
1305000 447.194663777366 -333154.500131956 3413.52601359763 -524.123695904723 99.677975809958 99.677975809958 99.677975809958 990370.350778658
1306000 445.082394496632 -333156.906914847 3397.40264111236 -181.890398723696 99.6684911562757 99.6684911562757 99.6684911562757 990087.667690115
1307000 444.819811453289 -333150.491060156 3395.39829239851 165.748191048572 99.6617983330404 99.6617983330404 99.6617983330404 989888.225417841
1308000 444.502834101428 -333172.646440288 3392.97874108464 -47.7965953004349 99.663092964633 99.663092964633 99.663092964633 989926.802603045
1309000 443.835507636343 -333172.440594958 3387.88490514999 -10.4916498189891 99.6623164125267 99.6623164125267 99.6623164125267 989903.662931247
1310000 445.239519977566 -333181.466414688 3398.60201123014 320.88947940431 99.6525982556469 99.6525982556469 99.6525982556469 989614.112133787
1311000 445.319580912456 -333166.68676753 3399.21313230572 340.706982222292 99.6510598691281 99.6510598691281 99.6510598691281 989568.281351647
1312000 443.685684107429 -333191.071890726 3386.74127228758 206.336632130308 99.6562687406396 99.6562687406396 99.6562687406396 989723.466960534
1313000 446.612638944167 -333170.611031513 3409.08330202343 -96.5179418764548 99.6630860439122 99.6630860439122 99.6630860439122 989926.596378063
1314000 444.262792020203 -333184.046218892 3391.14645202802 4.13965044845293 99.6602954510552 99.6602954510552 99.6602954510552 989843.4440842
1315000 443.726392248928 -333168.583647618 3387.0520056465 -229.601394620564 99.6651048955119 99.6651048955119 99.6651048955119 989986.755724591
1316000 448.088747957413 -333192.888882837 3420.35073637307 26.4356856216149 99.6578984967518 99.6578984967518 99.6578984967518 989772.024896796
1317000 441.777140954624 -333180.655868731 3372.17298194809 414.232343672425 99.6442602172803 99.6442602172803 99.6442602172803 989365.726737161
1318000 442.826825471995 -333195.060933346 3380.18543311612 1039.90923455852 99.6265337954414 99.6265337954414 99.6265337954414 988837.804875079
1319000 443.478386841685 -333164.505489013 3385.15893093495 397.571082593231 99.6557147507577 99.6557147507577 99.6557147507577 989706.961413651
1320000 442.449327669392 -333172.068071897 3377.30391713743 19.3059197636929 99.6568061987287 99.6568061987287 99.6568061987287 989739.480135382
1321000 441.572843629789 -333217.921828968 3370.61353974245 -22.3516012081533 99.6541153633797 99.6541153633797 99.6541153633797 989659.310375629
1322000 442.026041115723 -333198.407143675 3374.07288649419 -439.926689691311 99.6701500972538 99.6701500972538 99.6701500972538 990137.10731713
1323000 445.452385291149 -333188.582184838 3400.22685460186 -274.237496946023 99.6661779057456 99.6661779057456 99.6661779057456 990018.731129355
1324000 442.287467074149 -333189.773277199 3376.06840294821 202.40663719661 99.6536554636662 99.6536554636662 99.6536554636662 989645.608725741
1325000 440.611343687831 -333218.233403408 3363.27421901751 361.664531726383 99.6484077287778 99.6484077287778 99.6484077287778 989489.273538062
1326000 442.081200858169 -333202.231591401 3374.49393180397 113.994905750294 99.6500118483657 99.6500118483657 99.6500118483657 989537.060092209
1327000 440.225983232306 -333219.515575195 3360.3326858417 -269.808039879991 99.6552820587971 99.6552820587971 99.6552820587971 989694.069938618
1328000 439.378803437481 -333197.60413613 3353.8659935887 -172.25653460963 99.656415675103 99.656415675103 99.656415675103 989727.844749389
1329000 439.819935284454 -333223.392699855 3357.23324091305 61.3691299092898 99.6500309643102 99.6500309643102 99.6500309643102 989537.629563466
1330000 442.534302075466 -333204.387802464 3377.95254371801 52.3202116647443 99.6572377868985 99.6572377868985 99.6572377868985 989752.339117635
1331000 440.273619590657 -333218.209587067 3360.69630366095 -59.6317405023232 99.6615003554866 99.6615003554866 99.6615003554866 989879.34648143
1332000 438.58592342502 -333194.852075407 3347.81378239876 -589.014295799602 99.6697268628187 99.6697268628187 99.6697268628187 990124.493961796
1333000 438.738832613937 -333223.414757253 3348.98096871909 -449.9354018964 99.6606548620382 99.6606548620382 99.6606548620382 989854.153320611
1334000 439.908353641864 -333216.254186098 3357.90815586072 -152.17421288229 99.6609662445677 99.6609662445677 99.6609662445677 989863.431533371
1335000 437.852343261216 -333210.04543686 3342.2142187746 -171.874786836647 99.6565533793309 99.6565533793309 99.6565533793309 989731.947542857
1336000 439.074081818373 -333223.084084156 3351.53999272603 -312.066628061213 99.6588931696739 99.6588931696739 99.6588931696739 989801.661562027
1337000 440.313556289611 -333214.089049469 3361.00114844515 268.473341555695 99.6453837527387 99.6453837527387 99.6453837527387 989399.193793062
1338000 438.845486493392 -333239.829684542 3349.79507904164 305.178507816041 99.6389518967747 99.6389518967747 99.6389518967747 989207.616558403
1339000 438.441088184742 -333248.914735894 3346.70822613787 -71.351708572316 99.6494509337055 99.6494509337055 99.6494509337055 989520.35032843
1340000 437.676051164271 -333215.766333428 3340.86854605608 -69.371431474667 99.6584521772409 99.6584521772409 99.6584521772409 989788.521948564
1341000 437.549171532365 -333236.504097435 3339.90004853321 -309.521996441633 99.6562063572126 99.6562063572126 99.6562063572126 989721.608302654
1342000 433.904562695491 -333240.53696534 3312.08002275524 -97.1905618386395 99.6483073376612 99.6483073376612 99.6483073376612 989486.282948393
1343000 438.43838921456 -333244.898581785 3346.68762436045 283.073101703499 99.6406883031172 99.6406883031172 99.6406883031172 989259.334173271
1344000 434.517347732296 -333248.220657308 3316.75753309539 326.432820622427 99.6403468159053 99.6403468159053 99.6403468159053 989249.16307972
1345000 437.709989178616 -333252.297215296 3341.12760168487 118.973293233022 99.6465252745358 99.6465252745358 99.6465252745358 989433.197385856
1346000 435.839027626148 -333258.327906838 3326.84617919238 -161.683837881416 99.6501768991303 99.6501768991303 99.6501768991303 989541.977024457
1347000 436.749892165123 -333243.141881806 3333.79898979256 -330.822895595649 99.6553594076345 99.6553594076345 99.6553594076345 989696.374434983
1348000 434.427929166335 -333254.19884307 3316.07498335648 187.415901003131 99.6422835042749 99.6422835042749 99.6422835042749 989306.847681847
1349000 435.603612097295 -333261.847141409 3325.04920553229 184.969303709884 99.6449546544802 99.6449546544802 99.6449546544802 989386.412037597
1350000 436.767118213234 -333262.315708887 3333.93047965168 -275.732725068253 99.6563910288358 99.6563910288358 99.6563910288358 989727.110433669
1351000 432.471388433616 -333260.209737575 3301.14031792154 -612.807223064527 99.6613072913924 99.6613072913924 99.6613072913924 989873.593714659
1352000 432.830720998275 -333253.497100354 3303.88317501791 -151.174773789122 99.6561996908733 99.6561996908733 99.6561996908733 989721.409685232
1353000 433.211103771335 -333264.598708543 3306.7867125512 -243.127239452443 99.6462594403446 99.6462594403446 99.6462594403446 989425.278661001
1354000 434.649312336595 -333256.231492744 3317.76484522619 -295.484993550046 99.655157638814 99.655157638814 99.655157638814 989690.36303328
1355000 434.159181946867 -333266.022406328 3314.02358225748 -550.223986164807 99.6588783095095 99.6588783095095 99.6588783095095 989801.218793316
1356000 432.086583044668 -333254.632698411 3298.20302167956 -201.985356673342 99.6549506013393 99.6549506013393 99.6549506013393 989684.194685168
1357000 433.504395208689 -333291.354711644 3309.02546455802 -336.168185110203 99.6529038316588 99.6529038316588 99.6529038316588 989623.215858117
1358000 432.829907116383 -333263.592058074 3303.87696249518 -365.485613831172 99.6566034759722 99.6566034759722 99.6566034759722 989733.440137259
1359000 432.664304063195 -333272.162128896 3302.61288137844 312.558659314518 99.6335360522997 99.6335360522997 99.6335360522997 989046.321101902
1360000 435.16306056833 -333266.15687879 3321.68638789097 502.73733286794 99.6271772044654 99.6271772044654 99.6271772044654 988856.963363833
1361000 432.239156902242 -333284.579481191 3299.36764834891 107.537588117224 99.6395628853699 99.6395628853699 99.6395628853699 989225.814209021
1362000 433.348516463937 -333276.982230879 3307.83561102604 -79.1013758411983 99.6473025670932 99.6473025670932 99.6473025670932 989456.351782582
1363000 433.799254043937 -333272.4231281 3311.27618082542 -42.5459381486952 99.6472638053571 99.6472638053571 99.6472638053571 989455.197119185
1364000 432.67425720206 -333285.474673833 3302.68885567148 173.12220584306 99.6388935819103 99.6388935819103 99.6388935819103 989205.879723365
1365000 431.427230976152 -333269.322722384 3293.17005590358 148.972399171441 99.6420650862874 99.6420650862874 99.6420650862874 989300.341951667
1366000 431.892323602441 -333313.088386282 3296.72020063285 555.632241679812 99.6231580793428 99.6231580793428 99.6231580793428 988737.291814975
1367000 433.686395870515 -333298.204043698 3310.41471189024 382.848908778981 99.6326763732965 99.6326763732965 99.6326763732965 989020.719631172
1368000 430.901385022623 -333313.533629336 3289.15616891674 -69.1925961245422 99.6419940589351 99.6419940589351 99.6419940589351 989298.226359207
1369000 432.361121380941 -333291.411504031 3300.29862752755 -260.698993366035 99.649791195447 99.649791195447 99.649791195447 989530.486773664
1370000 429.786569080235 -333304.887718335 3280.64655659809 -165.515480403231 99.6469425974417 99.6469425974417 99.6469425974417 989445.628773662
1371000 428.697797253656 -333303.403177821 3272.33574420712 142.853742416087 99.6381471076115 99.6381471076115 99.6381471076115 989183.647102944
1372000 429.055932381505 -333288.127132401 3275.0694610296 204.343501596928 99.6368807804657 99.6368807804657 99.6368807804657 989145.932204959
1373000 429.284450686559 -333290.019310776 3276.81378680554 -465.578555782905 99.6562309249776 99.6562309249776 99.6562309249776 989722.340276751
1374000 429.373245900108 -333305.229740037 3277.49157837123 -470.293369048066 99.6531006678982 99.6531006678982 99.6531006678982 989629.080035362
1375000 427.61196519362 -333313.392968406 3264.04737164018 -269.328600309167 99.6430447793792 99.6430447793792 99.6430447793792 989329.52300806
1376000 429.438272385169 -333292.473232538 3277.98793849425 114.856156951203 99.6394942804313 99.6394942804313 99.6394942804313 989223.770872192
1377000 427.044337052441 -333310.393037132 3259.71455288604 11.7465196956743 99.6375596856582 99.6375596856582 99.6375596856582 989166.151852944
1378000 430.269364117337 -333317.348223643 3284.33182735795 390.059533969412 99.6275048869806 99.6275048869806 99.6275048869806 988866.720707516
1379000 426.611458519163 -333305.877818899 3256.41030475037 111.251172983211 99.6346871143018 99.6346871143018 99.6346871143018 989080.600728107
1380000 425.608979156616 -333303.177229072 3248.75817993912 -343.453475042727 99.6428403768867 99.6428403768867 99.6428403768867 989323.434645163
1381000 426.188136553985 -333306.823849383 3253.17900380402 318.721656655833 99.6289442295598 99.6289442295598 99.6289442295598 988909.580514383
1382000 427.198587131669 -333326.074724639 3260.89197448942 332.211926830295 99.6301945682484 99.6301945682484 99.6301945682484 988946.813291525
1383000 427.678810365525 -333336.770835287 3264.55761416243 108.389571166405 99.6318958941281 99.6318958941281 99.6318958941281 988997.477135333
1384000 427.858788708455 -333328.255349468 3265.93142473138 310.63980221002 99.6277391185056 99.6277391185056 99.6277391185056 988873.695417106
1385000 424.382127674679 -333344.275588939 3239.39337801362 243.617454570918 99.6302763833719 99.6302763833719 99.6302763833719 988949.249627391
1386000 426.727570756833 -333328.120790949 3257.29661260662 24.3196025961158 99.630598846824 99.630598846824 99.630598846824 988958.852160859
1387000 424.324344631789 -333357.210006366 3238.95230852861 -81.9582142059791 99.6316029172826 99.6316029172826 99.6316029172826 988988.752444115
1388000 426.871901614981 -333323.943917451 3258.39831881817 -638.181800126977 99.6545835769599 99.6545835769599 99.6545835769599 989673.259847891
1389000 424.905839134954 -333325.443981639 3243.39097198795 -159.29308502968 99.6424592173451 99.6424592173451 99.6424592173451 989312.08143736
1390000 425.764099946053 -333333.317445945 3249.94224784709 -140.292341778437 99.6375571313375 99.6375571313375 99.6375571313375 989166.075777792
1391000 424.879881561239 -333356.138944757 3243.19283265333 -109.254097089336 99.6361549049157 99.6361549049157 99.6361549049157 989124.313956439
1392000 425.232680593064 -333334.931567184 3245.88581799116 -338.454838072566 99.6445420667163 99.6445420667163 99.6445420667163 989374.122191958
1393000 423.745432448762 -333349.134256075 3234.53335643366 -115.191390850445 99.6321514085406 99.6321514085406 99.6321514085406 989005.086257544
1394000 426.635559795494 -333316.66217108 3256.59427459701 -163.431321800701 99.6440464568962 99.6440464568962 99.6440464568962 989359.359483986
1395000 423.556299064345 -333345.347638889 3233.08966360805 -14.3986725415975 99.6308193694189 99.6308193694189 99.6308193694189 988965.419066735
1396000 423.245459033538 -333341.83012084 3230.71695968921 3.99789126852309 99.6307602819691 99.6307602819691 99.6307602819691 988963.659508492
1397000 426.690355585074 -333363.025488004 3257.01254178202 426.247852632586 99.6200024184572 99.6200024184572 99.6200024184572 988643.337131358
1398000 420.191690196376 -333354.201737659 3207.40693340868 410.237738678564 99.6221412342722 99.6221412342722 99.6221412342722 988707.016252584
1399000 422.261184540544 -333341.752387422 3223.20379627627 -7.65712700509269 99.6285341333608 99.6285341333608 99.6285341333608 988897.368810428
1400000 420.950639500133 -333373.350499171 3213.20014473525 -85.5959847455588 99.6305739893653 99.6305739893653 99.6305739893653 988958.111936531
1401000 420.570407193777 -333342.106709067 3210.2977557443 452.470113294097 99.6201368926523 99.6201368926523 99.6201368926523 988647.340760948
1402000 423.750381790775 -333361.884813101 3234.57113574786 330.769464663987 99.618518026022 99.618518026022 99.618518026022 988599.143813103
1403000 423.17947178058 -333346.859604238 3230.21326583331 -155.116036192916 99.6394074417834 99.6394074417834 99.6394074417834 989221.184464648
1404000 421.265935296624 -333361.420778508 3215.60686040178 -128.655854841454 99.633671989936 99.633671989936 99.633671989936 989050.369401537
1405000 423.766730715435 -333370.399739022 3234.69593034883 42.3873122481154 99.6306226423976 99.6306226423976 99.6306226423976 988959.56076391
1406000 421.161231515058 -333373.660239474 3214.80763556515 63.2264618515111 99.6252035099087 99.6252035099087 99.6252035099087 988798.19437139
1407000 422.402060050962 -333370.985492504 3224.27912712979 127.731001548305 99.6228794944097 99.6228794944097 99.6228794944097 988728.997160981
1408000 419.968592070697 -333370.604516605 3205.70398094239 46.6675648329029 99.6252783156906 99.6252783156906 99.6252783156906 988800.421755876
1409000 419.892423752121 -333398.352525682 3205.1225729831 -311.330832459488 99.6331766843418 99.6331766843418 99.6331766843418 989035.618974223
1410000 420.91410578023 -333369.505478934 3212.92127556849 -482.183399206229 99.6428352822382 99.6428352822382 99.6428352822382 989323.282895529
1411000 418.61827562209 -333381.892303545 3195.39674631447 -340.742345051755 99.6375308455187 99.6375308455187 99.6375308455187 989165.292909338
1412000 420.461120387616 -333382.27302263 3209.46354776735 -234.597314370275 99.6347477878211 99.6347477878211 99.6347477878211 989082.407660185
1413000 418.798291364793 -333359.671316621 3196.77084236334 -41.0222180322328 99.6344109169659 99.6344109169659 99.6344109169659 989072.37525932
1414000 421.511152868922 -333402.273266022 3217.47865501345 63.4724894332774 99.6169240084783 99.6169240084783 99.6169240084783 988551.688203597
1415000 420.106249739214 -333391.608971077 3206.75474936723 26.7146160929044 99.625621373864 99.625621373864 99.625621373864 988810.636549964
1416000 417.506385607194 -333403.145867571 3186.90946818362 136.889910670979 99.6172929854293 99.6172929854293 99.6172929854293 988562.672907527
1417000 417.487421464568 -333383.459665084 3186.7647111026 1.22585978038827 99.6256979830368 99.6256979830368 99.6256979830368 988812.917650613
1418000 417.949078885787 -333391.107027822 3190.28863422679 -126.503707346427 99.6281723627484 99.6281723627484 99.6281723627484 988886.596212676
1419000 420.931378150207 -333373.27594787 3213.05311901165 -282.787010630301 99.6344840068537 99.6344840068537 99.6344840068537 989074.551954339
1420000 418.981334971997 -333405.037737089 3198.16805070553 -160.451026983426 99.6290031721594 99.6290031721594 99.6290031721594 988911.33569516
1421000 417.826668788165 -333396.338725577 3189.35425355009 10.7218091090738 99.6265984912844 99.6265984912844 99.6265984912844 988839.731281664
1422000 417.187891814184 -333399.86816576 3184.47834157217 57.6463783200104 99.6231894125555 99.6231894125555 99.6231894125555 988738.224740398
1423000 416.431760862133 -333402.334899407 3178.70664328599 -182.53906168816 99.6220407183751 99.6220407183751 99.6220407183751 988704.023524123
1424000 418.546768889246 -333390.67542351 3194.85092116833 -54.682822938676 99.6248985834622 99.6248985834622 99.6248985834622 988789.115048502
1425000 418.712150307496 -333409.628935151 3196.1133105014 114.642189140942 99.6161044062443 99.6161044062443 99.6161044062443 988527.28835847
1426000 415.672189781476 -333434.461796975 3172.9086858124 502.43711779548 99.6087686768051 99.6087686768051 99.6087686768051 988308.919005999
1427000 416.078003498932 -333405.538799393 3176.00634281373 203.49977376674 99.6207249215264 99.6207249215264 99.6207249215264 988664.847962773
1428000 414.308634690018 -333421.926735518 3162.50039798456 165.404929049429 99.6121845911572 99.6121845911572 99.6121845911572 988410.599644373
1429000 417.943011144468 -333423.957130156 3190.24231794774 135.205590805603 99.6221601085131 99.6221601085131 99.6221601085131 988707.578208923
1430000 416.129580639253 -333431.987438772 3176.40004140733 -179.56121571821 99.6261402212083 99.6261402212083 99.6261402212083 988826.085721703
1431000 415.677414351156 -333443.079935454 3172.94856599425 -80.192594510242 99.6204765536176 99.6204765536176 99.6204765536176 988657.453356617
1432000 414.964085839588 -333412.578170688 3167.50358726863 -146.153585836216 99.6296322578559 99.6296322578559 99.6296322578559 988930.068610821
1433000 414.007887499731 -333435.23671351 3160.20473472935 26.2077563282606 99.6206882364053 99.6206882364053 99.6206882364053 988663.755741962
1434000 412.999613920689 -333410.279568838 3152.50838150857 416.409017884593 99.6101811077978 99.6101811077978 99.6101811077978 988350.961628151
1435000 415.557085381478 -333419.368347494 3172.03007098199 86.2951132901866 99.6132892320783 99.6132892320783 99.6132892320783 988443.482697012
1436000 413.468791894399 -333431.06440658 3156.08971050909 279.094076054613 99.6093471686621 99.6093471686621 99.6093471686621 988326.138332866
1437000 413.895581559114 -333431.939350648 3159.34748109725 51.804377629013 99.6166571135289 99.6166571135289 99.6166571135289 988543.742603534
1438000 413.848292649197 -333434.613849973 3158.98651542116 -176.614353478907 99.6182804700025 99.6182804700025 99.6182804700025 988592.071419673
1439000 411.250653858615 -333436.786468678 3139.15822071236 -348.036713263898 99.6240897292041 99.6240897292041 99.6240897292041 988765.0313163
1440000 411.445782873905 -333432.084366765 3140.6476793836 44.84310897303 99.6165708038678 99.6165708038678 99.6165708038678 988541.173129595
1441000 414.235807357588 -333448.127756471 3161.94449243853 228.996720803799 99.6112384037835 99.6112384037835 99.6112384037835 988382.434031404
1442000 413.35336653143 -333463.016940272 3155.20864570434 233.70208854007 99.6161669470708 99.6161669470708 99.6161669470708 988529.150206597
1443000 412.713181479121 -333442.595802075 3150.32198558386 517.844414692332 99.6019929530665 99.6019929530665 99.6019929530665 988107.248426678
1444000 411.735927148348 -333442.590063511 3142.86240846857 -18.5379909621241 99.6205605843016 99.6205605843016 99.6205605843016 988659.955180589
1445000 411.311165583249 -333430.633807379 3139.62011876906 -99.7313495932896 99.6220939832906 99.6220939832906 99.6220939832906 988705.609416082
1446000 411.259809204999 -333439.080871955 3139.22810529635 -68.9926040696758 99.6171329450014 99.6171329450014 99.6171329450014 988557.908381181
1447000 409.979380385911 -333459.076724379 3129.45433687614 -352.402774297227 99.6202212060212 99.6202212060212 99.6202212060212 988649.850984115
1448000 410.144285615598 -333444.1267165 3130.71309136699 -417.732552331968 99.6244525025847 99.6244525025847 99.6244525025847 988775.832888697
1449000 410.939524913122 -333474.853966659 3136.78331145013 78.2998615854483 99.6117329800798 99.6117329800798 99.6117329800798 988397.156254272
1450000 411.435124341745 -333449.651659465 3140.56632068293 450.582724847892 99.6059940891882 99.6059940891882 99.6059940891882 988226.333707234
1451000 409.86791143444 -333465.900281968 3128.60347214904 428.335278845159 99.6033726259818 99.6033726259818 99.6033726259818 988148.31036685
1452000 410.582872491352 -333462.996116518 3134.0609124187 328.990273882396 99.6098318173623 99.6098318173623 99.6098318173623 988340.564488316
1453000 409.487031978291 -333470.618297729 3125.69614333473 65.8490648679159 99.6076929071765 99.6076929071765 99.6076929071765 988276.898293853
1454000 407.461698794584 -333459.362463644 3110.23637140813 -654.146101538547 99.6285807082031 99.6285807082031 99.6285807082031 988898.755695046
1455000 411.142029649293 -333459.512148871 3138.32907046916 -409.147978828505 99.6225247571695 99.6225247571695 99.6225247571695 988718.435197245
1456000 409.081239131125 -333474.501736664 3122.59864564047 358.024204067634 99.6014574446868 99.6014574446868 99.6014574446868 988091.310888151
1457000 408.497277033862 -333451.850334336 3118.14114654349 -19.0943498169576 99.6102914490972 99.6102914490972 99.6102914490972 988354.246113199
1458000 409.156963768239 -333485.971386045 3123.17666689072 68.6697728791142 99.6047860725293 99.6047860725293 99.6047860725293 988190.378660356
1459000 407.622728777994 -333479.63755528 3111.46554537165 593.685928449588 99.5949437980091 99.5949437980091 99.5949437980091 987897.468640521
1460000 408.933602662809 -333485.068813627 3121.47170704756 627.328351086622 99.5973707580383 99.5973707580383 99.5973707580383 987969.690562743
1461000 407.15751967129 -333474.784664866 3107.91451152415 209.334555204628 99.607676489635 99.607676489635 99.607676489635 988276.409624538
1462000 405.935559072271 -333481.516592099 3098.58704268293 120.949907867404 99.6067499255899 99.6067499255899 99.6067499255899 988248.830639603
1463000 409.12806636783 -333490.602570568 3122.95608727291 177.673726237671 99.6069372978419 99.6069372978419 99.6069372978419 988254.407694091
1464000 406.860717036499 -333481.84766017 3105.64895784735 -18.7497722452786 99.6094276453035 99.6094276453035 99.6094276453035 988328.533807832
1465000 406.425893477199 -333481.915075683 3102.32986294032 -126.979350492612 99.6147987004819 99.6147987004819 99.6147987004819 988488.417870617
1466000 408.563734264616 -333480.437491207 3118.64842783359 -182.227573430808 99.613306348821 99.613306348821 99.613306348821 988443.992235523
1467000 405.067619756588 -333495.442840888 3091.96188886897 285.020089554792 99.6062441549247 99.6062441549247 99.6062441549247 988233.776698051
1468000 407.969446475916 -333500.283011683 3114.11211067553 271.048152848935 99.6009040580058 99.6009040580058 99.6009040580058 988074.841444417
1469000 406.328549409842 -333504.966712806 3101.58681626936 285.12578411165 99.6010617308036 99.6010617308036 99.6010617308036 988079.533955177
1470000 406.273232069397 -333502.562925316 3101.16456798263 288.036172522445 99.6022808056278 99.6022808056278 99.6022808056278 988115.81542466
1471000 402.125401573691 -333494.519996957 3069.50335096924 131.435723787677 99.6021040955285 99.6021040955285 99.6021040955285 988110.556215755
1472000 404.699440633595 -333529.633645026 3089.15150422934 -19.3460014040491 99.6049378155561 99.6049378155561 99.6049378155561 988194.89504657
1473000 404.955868481265 -333505.501930408 3091.10886910763 233.411472678166 99.6069253355292 99.6069253355292 99.6069253355292 988254.051640371
1474000 404.863848254804 -333509.729499132 3090.40646037549 780.716042346437 99.5876051797135 99.5876051797135 99.5876051797135 987679.106101968
1475000 403.872957986444 -333519.085280655 3082.84279743037 457.349669610193 99.5946396901947 99.5946396901947 99.5946396901947 987888.41919249
1476000 404.872224368496 -333505.523409168 3090.47039692102 -171.746472589132 99.6077856013829 99.6077856013829 99.6077856013829 988279.657346655
1477000 403.115422486405 -333514.655331795 3077.06037794941 -289.278446155662 99.6123675624023 99.6123675624023 99.6123675624023 988416.046298846
1478000 402.142997227286 -333520.418253073 3069.6376621007 53.1045261224543 99.5997239823644 99.5997239823644 99.5997239823644 988039.721605441
1479000 401.244738476127 -333493.027368186 3062.78107399179 -122.844656920135 99.6130483435788 99.6130483435788 99.6130483435788 988436.311843803
1480000 401.80725727706 -333514.42055503 3067.07489213332 -54.9818087594924 99.6035261641459 99.6035261641459 99.6035261641459 988152.880052813
1481000 403.029002672603 -333521.630989062 3076.40071828351 310.503297471023 99.5923799042436 99.5923799042436 99.5923799042436 987821.175642279
1482000 401.795219517933 -333517.268898195 3066.98300551826 226.88375923552 99.5982609807205 99.5982609807205 99.5982609807205 987996.182855134
1483000 401.815938793333 -333539.086148394 3067.14115987762 364.421801572372 99.5894828356847 99.5894828356847 99.5894828356847 987734.973191065
1484000 400.657111175039 -333531.210514105 3058.29559766338 293.747127315626 99.5889953904175 99.5889953904175 99.5889953904175 987720.469720388
1485000 400.627820409745 -333550.735957786 3058.07201541299 -22.5140041506216 99.6012942949537 99.6012942949537 99.6012942949537 988086.455339634
1486000 402.487942682779 -333530.638740178 3072.27069952483 -389.821027027081 99.6126138296011 99.6126138296011 99.6126138296011 988423.377167253
1487000 398.975770922216 -333555.155771165 3045.4615923507 -650.02536190323 99.6094805583789 99.6094805583789 99.6094805583789 988330.108825317
1488000 401.008906851319 -333533.091067729 3060.98092418832 87.2702032028582 99.6040473114981 99.6040473114981 99.6040473114981 988168.390827523
1489000 402.398537134736 -333553.870506287 3071.58824915427 -29.720015018188 99.6031433062984 99.6031433062984 99.6031433062984 988141.485256515
1490000 400.71135006224 -333537.190472156 3058.70961390151 110.24965251189 99.5996531003157 99.5996531003157 99.5996531003157 988037.612134842
1491000 402.701859285149 -333548.42167751 3073.90356759343 -63.1505458686037 99.6013816476969 99.6013816476969 99.6013816476969 988089.055069047
1492000 400.117836553488 -333557.716735866 3054.17920697663 -254.449862192824 99.6053972282473 99.6053972282473 99.6053972282473 988208.568807533
1493000 402.201012900806 -333552.293699161 3070.08050730167 -106.202961689425 99.6039230990825 99.6039230990825 99.6039230990825 988164.693910585
1494000 398.422781890036 -333570.451236021 3041.24051683375 -20.2250778910088 99.597793559374 99.597793559374 99.597793559374 987982.272722539
1495000 400.249928733047 -333544.790429369 3055.18749291482 -272.7386372049 99.6119505497452 99.6119505497452 99.6119505497452 988403.632771701
1496000 398.172664219989 -333542.678859019 3039.33131879916 -487.239125445769 99.6091591710715 99.6091591710715 99.6091591710715 988320.542394715
1497000 399.179389317262 -333568.513800465 3047.01585214993 8.19206487850933 99.5953786877491 99.5953786877491 99.5953786877491 987910.409910415
1498000 399.635482632587 -333565.068415897 3050.49730334467 107.479035722449 99.5940853152489 99.5940853152489 99.5940853152489 987871.92259562
1499000 399.906403377844 -333566.930667537 3052.56529539928 132.444022317042 99.5898240597844 99.5898240597844 99.5898240597844 987745.126074346
1500000 396.663258108323 -333573.435679364 3027.80972105974 -138.084941838029 99.6027126914414 99.6027126914414 99.6027126914414 988128.669198185
1501000 399.524252754684 -333557.389381508 3049.64826351377 -142.894367355197 99.6024481459969 99.6024481459969 99.6024481459969 988120.795790827
1502000 397.302943209872 -333574.61568944 3032.69256495641 -153.642237299071 99.600358630759 99.600358630759 99.600358630759 988058.609061962
1503000 399.142871598968 -333559.116460196 3046.73710512664 -51.965307923205 99.5991268125454 99.5991268125454 99.5991268125454 988021.949750042
1504000 396.940791653762 -333562.739492416 3029.92818993636 220.0653138041 99.5895008718931 99.5895008718931 99.5895008718931 987735.50984403
1505000 397.562832014266 -333591.203236203 3034.67634800729 408.476165999154 99.5821747591611 99.5821747591611 99.5821747591611 987517.543211332
1506000 399.635186744054 -333570.490590236 3050.49504476851 323.212187264947 99.5874930208929 99.5874930208929 99.5874930208929 987675.769036116
1507000 396.651718896713 -333580.200125342 3027.72163995726 529.963955637881 99.5837922160663 99.5837922160663 99.5837922160663 987565.663058587
1508000 394.721634730764 -333568.651933853 3012.98892277042 -329.214213450288 99.6084707491207 99.6084707491207 99.6084707491207 988300.051000373
1509000 397.266567422207 -333567.542924405 3032.41490131792 -205.932528046853 99.5983491480956 99.5983491480956 99.5983491480956 987998.806669234
1510000 396.828411519145 -333599.209792129 3029.07036996667 -498.969737393967 99.6073609526104 99.6073609526104 99.6073609526104 988267.01767341
1511000 392.669620324958 -333582.874135367 2997.32548775684 -25.1926168157536 99.5953167324 99.5953167324 99.5953167324 987908.566261732
1512000 394.645648935861 -333575.338564296 3012.40890805071 -148.411167373081 99.5944457086565 99.5944457086565 99.5944457086565 987882.646841411
1513000 393.888163082388 -333601.709814863 3006.62686753189 -258.706002867178 99.5950101459033 99.5950101459033 99.5950101459033 987899.442986543
1514000 393.68116324238 -333581.242218075 3005.0467964892 423.718710646742 99.581875448622 99.581875448622 99.581875448622 987508.638800862
1515000 393.113330831711 -333596.003422662 3000.71241850533 429.226203581264 99.5772918453487 99.5772918453487 99.5772918453487 987372.284485248
1516000 397.70544437979 -333593.493056317 3035.76493662206 -110.614549852674 99.596566196655 99.596566196655 99.596566196655 987945.74788734
1517000 395.288087209761 -333611.95404514 3017.31276746076 296.142766324264 99.5862900977518 99.5862900977518 99.5862900977518 987639.978888637
1518000 394.952761124252 -333605.010235666 3014.75315660527 -409.535719689228 99.6034388656028 99.6034388656028 99.6034388656028 988150.281824583
1519000 391.844833124418 -333603.710744368 2991.02972263982 -347.860732963166 99.6033514939812 99.6033514939812 99.6033514939812 988147.681425911
1520000 394.138890047083 -333575.872000346 3008.54071643399 -184.27596716372 99.6007845230077 99.6007845230077 99.6007845230077 988071.283965184
1521000 394.32841003439 -333612.768296875 3009.98736027653 234.066954175625 99.5825962787506 99.5825962787506 99.5825962787506 987530.083399947
1522000 392.561931324595 -333596.65794082 2996.50347615005 698.80764482017 99.5691975578671 99.5691975578671 99.5691975578671 987131.524006312
1523000 389.05799769753 -333607.532832759 2969.75725229112 392.38548643361 99.5740576295892 99.5740576295892 99.5740576295892 987276.079681145
1524000 392.10637603391 -333609.630310429 2993.02613180464 291.776658706429 99.5809314100477 99.5809314100477 99.5809314100477 987480.554250168
1525000 390.358179960648 -333617.920400587 2979.68180268733 100.412271090732 99.5847921135201 99.5847921135201 99.5847921135201 987595.411101464
1526000 392.029385119877 -333605.083368989 2992.43844481025 31.4498493460713 99.5878031162269 99.5878031162269 99.5878031162269 987684.99533327
1527000 391.965724336587 -333625.831059455 2991.95250936109 -269.317506656419 99.599370069136 99.599370069136 99.599370069136 988029.189073689
1528000 392.008958901842 -333621.270648366 2992.28252741617 58.1378840175933 99.591780285477 99.591780285477 99.591780285477 987803.333537814
1529000 390.509791137808 -333613.179474789 2980.83908102517 -1.03539683051749 99.5888889217725 99.5888889217725 99.5888889217725 987717.30186593
1530000 392.653558220369 -333621.927886695 2997.20288251065 36.3992735591334 99.5887362201398 99.5887362201398 99.5887362201398 987712.758412891
1531000 391.038670436544 -333625.7851042 2984.87612214065 -27.3664268095013 99.5849263993411 99.5849263993411 99.5849263993411 987599.406297013
1532000 388.41361955294 -333632.359522374 2964.83858546141 20.3674559674098 99.5843652639206 99.5843652639206 99.5843652639206 987582.711785939
1533000 391.175782992689 -333634.986564561 2985.92272961408 -219.21036600596 99.5899485808401 99.5899485808401 99.5899485808401 987748.831128176
1534000 387.288098459479 -333634.309635081 2956.24725859062 24.4855465408731 99.5819348406635 99.5819348406635 99.5819348406635 987510.405694347
1535000 390.163758024366 -333635.417567456 2978.1977412911 -22.7878370089631 99.5829007770158 99.5829007770158 99.5829007770158 987539.142275532
1536000 388.734548388761 -333634.339009315 2967.28829924004 197.149749799207 99.5836987443434 99.5836987443434 99.5836987443434 987562.882203129
1537000 387.637437928737 -333626.668074213 2958.91383639774 -45.1968303517275 99.5839632373713 99.5839632373713 99.5839632373713 987570.751087113
1538000 389.372352881724 -333630.947590714 2972.15678807649 -11.5497665680324 99.5894637709681 99.5894637709681 99.5894637709681 987734.405935874
1539000 388.534147811633 -333643.318508758 2965.75860168643 -285.476806619096 99.58769839712 99.58769839712 99.58769839712 987681.879608894
1540000 387.476728052819 -333627.667467701 2957.68710587851 -331.579133214807 99.5921830349531 99.5921830349531 99.5921830349531 987815.31762574
1541000 387.634462767127 -333653.822540397 2958.89112639609 -266.062238660325 99.5904270670259 99.5904270670259 99.5904270670259 987763.068301149
1542000 386.900111826655 -333645.989922217 2953.28567927998 -160.224798508827 99.584979072002 99.584979072002 99.584979072002 987600.973387075
1543000 387.638704619422 -333646.115966619 2958.92350530024 -445.033422244198 99.5927615028122 99.5927615028122 99.5927615028122 987832.53050471
1544000 386.208505434949 -333669.624758225 2948.00650982541 -422.292248047086 99.593702134105 99.593702134105 99.593702134105 987860.520339077
1545000 385.964287623998 -333642.310746108 2946.14234659138 25.4476454942162 99.5837762047198 99.5837762047198 99.5837762047198 987565.186708375
1546000 383.862683367862 -333672.711771933 2930.10038236486 138.048178561755 99.5801894100425 99.5801894100425 99.5801894100425 987458.480592896
1547000 386.741305774808 -333658.532196832 2952.07348102941 179.073747375696 99.5791087732007 99.5791087732007 99.5791087732007 987426.33346282
1548000 384.09719434937 -333678.01446175 2931.89045143476 492.333935373578 99.5705755099488 99.5705755099488 99.5705755099488 987172.50772807
1549000 387.422691204654 -333661.427829548 2957.27463184462 208.634191525616 99.571232203063 99.571232203063 99.571232203063 987192.039813545
1550000 384.541412956756 -333649.879438484 2935.28126061667 -62.6039793985587 99.5803288899341 99.5803288899341 99.5803288899341 987462.629936122
1551000 384.889483707509 -333660.720495328 2937.93815404253 -252.166297040772 99.5846816077865 99.5846816077865 99.5846816077865 987592.123405661
1552000 383.774557373749 -333654.314479013 2929.42769908453 -202.917057392532 99.5873422538729 99.5873422538729 99.5873422538729 987671.28327081
1553000 384.591585483203 -333662.01136029 2935.66423751257 -128.529649525795 99.5874758145387 99.5874758145387 99.5874758145387 987675.25709544
1554000 384.699554994241 -333672.519026365 2936.48839031325 -42.2822662943581 99.5821771894923 99.5821771894923 99.5821771894923 987517.615513268
1555000 385.871066529001 -333685.771547986 2945.43077139033 177.080305438704 99.5715950529397 99.5715950529397 99.5715950529397 987202.83220229
1556000 385.506166150962 -333661.388316057 2942.64541406454 -47.0475086437468 99.582137926027 99.582137926027 99.582137926027 987516.44743231
1557000 382.994719277541 -333688.193426133 2923.47503944115 91.1920248782083 99.573948205698 99.573948205698 99.573948205698 987272.824873389
1558000 384.641491488714 -333676.003744969 2936.04518000103 -179.87279000454 99.5803330425464 99.5803330425464 99.5803330425464 987462.753471051
1559000 381.529067422277 -333684.38805012 2912.28742666295 471.057451637319 99.5649568674183 99.5649568674183 99.5649568674183 987005.402443349
1560000 385.346836908837 -333689.648833606 2941.42922219828 342.108994321301 99.5688244329836 99.5688244329836 99.5688244329836 987120.426539514
1561000 382.729018797658 -333691.348640398 2921.44689471276 358.11169447549 99.5669487830119 99.5669487830119 99.5669487830119 987064.64228577
1562000 382.836340414794 -333684.882150645 2922.26610201013 115.871458394373 99.5753489029488 99.5753489029488 99.5753489029488 987314.489078013
1563000 381.189488633256 -333687.775637847 2909.6953540738 292.798935993833 99.5719854809434 99.5719854809434 99.5719854809434 987214.444946128
1564000 383.663292893165 -333692.50344421 2928.57839512447 395.167716074403 99.5682768990648 99.5682768990648 99.5682768990648 987104.141956069
1565000 380.233585361803 -333687.153653951 2902.39875385048 513.793899937241 99.5605441470375 99.5605441470375 99.5605441470375 986874.175976785
1566000 382.42059149797 -333693.613709711 2919.09260765152 196.54481292749 99.5693692747439 99.5693692747439 99.5693692747439 987136.631231402
1567000 382.266185932922 -333706.171122134 2917.91399919389 -349.678310079301 99.580379573404 99.580379573404 99.580379573404 987464.137705535
1568000 379.448826027098 -333710.408226008 2896.40852941264 151.296195040881 99.5673721931744 99.5673721931744 99.5673721931744 987077.234867433
1569000 380.728699311674 -333692.955634898 2906.17805732718 -36.1686890214764 99.5767283620355 99.5767283620355 99.5767283620355 987355.522692043
1570000 379.719939994299 -333709.668792954 2898.47799636887 125.164898662656 99.572955716822 99.572955716822 99.572955716822 987243.303671892
1571000 382.432415473757 -333701.121958245 2919.18286241572 172.58471045902 99.572127588206 99.572127588206 99.572127588206 987218.671753755
1572000 378.921587306003 -333708.238395445 2892.38401115334 -128.009842562488 99.5711593581641 99.5711593581641 99.5711593581641 987189.873168114
1573000 381.845113927319 -333701.988220253 2914.69987263749 -149.914429195226 99.5768228622151 99.5768228622151 99.5768228622151 987358.333751345
1574000 379.103878859874 -333713.050016096 2893.77547892253 -219.141833550043 99.576300536112 99.576300536112 99.576300536112 987342.796391019
1575000 379.961395136726 -333706.147386773 2900.32107160334 41.479129336973 99.5720557272941 99.5720557272941 99.5720557272941 987216.534336856
1576000 379.256372716503 -333718.65528825 2894.93949492871 408.964218219326 99.559529329053 99.559529329053 99.559529329053 986843.998737522
1577000 379.047359777911 -333709.765485865 2893.34405750324 371.078359360068 99.5594735656738 99.5594735656738 99.5594735656738 986842.340541897
1578000 379.551060023868 -333718.44851542 2897.18890188959 -242.253410636818 99.5813132366527 99.5813132366527 99.5813132366527 987491.913286115
1579000 381.544523901198 -333726.605271267 2912.40540904769 -92.2225484919938 99.5758092632206 99.5758092632206 99.5758092632206 987328.182903029
1580000 379.488508012543 -333720.555238404 2896.71142991785 25.896221192053 99.5732336073964 99.5732336073964 99.5732336073964 987251.569361276
1581000 379.514722794695 -333724.617410786 2896.91153257574 120.722729301898 99.5690837208615 99.5690837208615 99.5690837208615 987128.13826139
1582000 377.642700519065 -333724.919071059 2882.62201337191 174.059627779354 99.5641104804855 99.5641104804855 99.5641104804855 986980.231497666
1583000 377.673407956134 -333759.409100667 2882.85640936037 99.936464436388 99.5693996531982 99.5693996531982 99.5693996531982 987137.534753069
1584000 377.25611825814 -333728.046791568 2879.67115391193 283.206483098822 99.5598908385634 99.5598908385634 99.5598908385634 986854.74873168
1585000 376.488758171578 -333746.813915468 2873.81374140358 488.301074205475 99.5523654037559 99.5523654037559 99.5523654037559 986630.985436645
1586000 377.363053437266 -333733.96533949 2880.48741145094 -163.3511640239 99.5714432477977 99.5714432477977 99.5714432477977 987198.316991775
1587000 375.80825205045 -333739.657916105 2868.61930252709 -466.207981937572 99.5816650788798 99.5816650788798 99.5816650788798 987502.380387933
1588000 375.314246319808 -333745.095791198 2864.84845830867 -104.137922369162 99.5710222033482 99.5710222033482 99.5710222033482 987185.793744122
1589000 378.16555081969 -333760.21428255 2886.61303394297 -62.1728080412781 99.5724175774554 99.5724175774554 99.5724175774554 987227.297168588
1590000 377.805114059436 -333740.270925404 2883.86174830152 -155.079101690759 99.5735473481467 99.5735473481467 99.5735473481467 987260.90144821
1591000 373.789642070858 -333744.764733278 2853.21085015773 -387.735293351254 99.5807133575022 99.5807133575022 99.5807133575022 987474.067400506
1592000 374.35335605592 -333769.301182774 2857.51379137798 -572.059519984359 99.5787729724435 99.5787729724435 99.5787729724435 987416.344096685
1593000 374.923412313826 -333739.118621205 2861.86514443111 -330.282425732588 99.5771371223344 99.5771371223344 99.5771371223344 987367.681960639
1594000 373.768000674139 -333756.82783773 2853.04565706252 12.5586862667525 99.5675735044861 99.5675735044861 99.5675735044861 987083.222076203
1595000 374.059537301204 -333738.68016576 2855.27101425261 -263.228447425204 99.5735861039348 99.5735861039348 99.5735861039348 987262.054226939
1596000 373.15770638255 -333767.291379445 2848.38715907712 95.3345033465737 99.5623388181758 99.5623388181758 99.5623388181758 986927.544905476
1597000 374.583685153715 -333747.234687165 2859.27193929586 -345.804520703879 99.5724918326877 99.5724918326877 99.5724918326877 987229.505817793
1598000 372.784094642762 -333763.380333274 2845.53530619055 -582.688672719724 99.5843287591208 99.5843287591208 99.5843287591208 987581.625727021
1599000 374.595888460782 -333761.645571272 2859.36508957134 -392.62106170773 99.5747809460013 99.5747809460013 99.5747809460013 987297.594868819
1600000 374.237695983045 -333747.61483597 2856.63093498573 -450.792481541271 99.5763636250304 99.5763636250304 99.5763636250304 987344.673055292
