Frequency_THz,VDOS_0.25Kps,VDOS_0.5Kps,VDOS_1.0Kps,VDOS_2.0Kps,VDOS_5.0Kps
0.0,0.0077031172752191224,0.004211082631613657,0.012333094114136915,0.0038982848201328697,0.01860643074740857
0.01999000499750125,0.008189812123359003,0.005493558194399208,0.01225960643416522,0.005955066789854682,0.018758432521231112
0.0399800099950025,0.00950478692089467,0.008393297879668839,0.0119695083427877,0.01011136939504743,0.019182209693181376
0.05997001499250375,0.01129100635936012,0.01199260576419496,0.01127431002981774,0.01512590644118603,0.019829732742498503
0.079960019990005,0.013092017581647627,0.015819926760313706,0.009984374252955414,0.020610463211055696,0.02072176848793432
0.09995002498750626,0.014429778613121134,0.019461411777003466,0.00826480347146501,0.026198208132427157,0.02196150115946841
0.1199400299850075,0.014909426760471795,0.0225379079245189,0.007418318325262522,0.031511465890389806,0.02364235287484645
0.13993003498250875,0.014388711630461492,0.024761429028301824,0.009467909988820158,0.036222432008163774,0.025717218343512708
0.15992003998001,0.013251073385192174,0.025970322409532967,0.013684344058053613,0.04007865023455621,0.027928381143380736
0.17991004497751126,0.012763299859537525,0.026129002458071992,0.017996665452304578,0.042882626391689674,0.029832008682793957
0.1999000499750125,0.014665333850053818,0.025304725108665025,0.020822622136485325,0.04445667372394961,0.030886374846076155
0.21989005497251377,0.01924084222253573,0.023642076276898145,0.021019379231333672,0.04463657900247744,0.030574442907034458
0.239880059970015,0.025307972535623315,0.021352749591854785,0.017924183811730762,0.04331716942461399,0.02854794272676122
0.25987006496751625,0.03167595764246057,0.018726535086500132,0.011480289660889653,0.040533680173548574,0.024775741188545395
0.2798600699650175,0.03746498101639304,0.01615241281075972,0.0025903031263068785,0.03653449252052953,0.019684387036335346
0.29985007496251875,0.04201202170742747,0.014115131298478837,0.008997831198040136,0.03179811352475682,0.014359979906956213
0.31984007996002,0.04485621969455149,0.013107469563095747,0.019997801661485855,0.02695939024802143,0.010998277379347129
0.33983008495752126,0.04586471816146418,0.013465411398697712,0.02949737457257148,0.02262778579808426,0.011929107791137388
0.3598200899550225,0.04548578976086964,0.015345945049469104,0.035982035628100144,0.01915638334564248,0.015732163981903295
0.37981009495252377,0.044993049501679844,0.018884200695287807,0.0385492750541067,0.01664657700867556,0.02016541720195215
0.399800099950025,0.04626403660812745,0.024154855932285075,0.037357518908463824,0.01559510296958263,0.024515813000585814
0.4197901049475263,0.0505664765830689,0.03095881818243916,0.03439099558175835,0.017606712254777526,0.028566519071044783
0.43978010994502753,0.05730418600128233,0.038749434114376216,0.03420461666768124,0.02390660739104878,0.031959789398765724
0.4597701149425288,0.06442259981870924,0.04673559118296568,0.0411321899269986,0.033715658035972505,0.034241648876839975
0.47976011994003,0.0696813730280914,0.054054694655576406,0.05392866523913005,0.045388858875515276,0.035370442762366526
0.49975012493753124,0.07145738052103943,0.05994291713640266,0.06840824166367548,0.0572201613403088,0.03635495826555802
0.5197401299350325,0.0690733691012079,0.0638598534179702,0.08110993516397808,0.06767453567035024,0.03935926212388678
0.5397301349325337,0.06294837649244422,0.06554202181970813,0.08969734369962501,0.07571899589366832,0.04629873403956774
0.559720139930035,0.054723721880755895,0.06498766357686998,0.09281538713772047,0.08125082271451924,0.057084589235744325
0.5797101449275363,0.04735220389053721,0.06240887525131407,0.09003013896692648,0.08539724549480034,0.07012745412898101
0.5997001499250375,0.04435629484283656,0.05820288375160302,0.0817538030569034,0.09027618103497131,0.0838521533562451
0.6196901549225388,0.04687457995076839,0.05296780509008308,0.06909272517355546,0.09784970520731456,0.09744134278734636
0.63968015992004,0.05197609254109461,0.0475126116272229,0.053620396445693046,0.10845588952394754,0.11087420294674549
0.6596701649175413,0.055592036711664815,0.04271365547301925,0.0371131051574344,0.1205019945181704,0.12453368824361052
0.6796601699150425,0.05482248685734712,0.039076855236424346,0.02130739880310497,0.1315274915624034,0.13859521360494373
0.6996501749125438,0.04835343807723969,0.03622148253900534,0.00788495961620981,0.13944054392875826,0.15253364755976276
0.719640179910045,0.037052584657158126,0.03291190236756113,0.004889730102239441,0.14322860096923312,0.1650236759721174
0.7396301849075463,0.027473545561403773,0.027743350904115942,0.011672128684316043,0.14315692537141314,0.1742109901096745
0.7596201899050475,0.03528754091096635,0.01983446252405172,0.016149483534274832,0.14058639729069536,0.1781245316241787
0.7796101949025488,0.0578963512645319,0.009177806221963614,0.019081482701730327,0.13748680554113107,0.17503468833104166
0.79960019990005,0.08373946969603195,0.004393891664152986,0.022405015393713736,0.13574722598881875,0.1636927343072355
0.8195902048975513,0.10729078047491405,0.017732818252667086,0.0275713873456475,0.13652829368109035,0.14347677198519287
0.8395802098950526,0.12532881615138383,0.030564316738905348,0.034319650536459814,0.13999486960665092,0.1145044593119168
0.8595702148925538,0.13589918003237056,0.04099632268766647,0.04117037919147721,0.14552603788914,0.07781958354307852
0.8795602198900551,0.13823903546977132,0.047696794875927824,0.0465745944464704,0.1521051309711449,0.0364768231621159
0.8995502248875563,0.13273906417103964,0.049864089160906885,0.04984738972827683,0.15857304556608295,0.023375365923933623
0.9195402298850576,0.12075712016979112,0.04733290765688953,0.052183376093477105,0.16371615034476605,0.06659053004077872
0.9395302348825588,0.10425017805528335,0.04061456901934148,0.057380497683482586,0.1663197533113255,0.11146367570450469
0.95952023988006,0.08525324830958074,0.030978750304095526,0.06989662921574065,0.16527048199583358,0.15040046214910222
0.9795102448775612,0.0653246247522113,0.021084720585399706,0.09051537026118468,0.1597083758762078,0.17972268512637554
0.9995002498750625,0.04526426448100193,0.017353519949430556,0.11601181159119077,0.14921700793747691,0.19704287947248203
1.0194902548725637,0.025960589290989877,0.02422770807222336,0.14184114925246347,0.1340950063185393,0.2015010488968689
1.039480259870065,0.016432025241574773,0.03487088480239965,0.1637251329321716,0.11585074459685638,0.19397666562376406
1.0594702648675662,0.03257471800178,0.04478169497589809,0.17839307244036137,0.09815600401136085,0.17702071016053528
1.0794602698650675,0.05655196296091643,0.0524866816223191,0.1841269555109826,0.08786965297173908,0.15444499737822673
1.0994502748625687,0.08070845654054479,0.05775395199545701,0.18111288491980945,0.0920846285058665,0.13060254998931395
1.11944027986007,0.10205994413347955,0.06139241070429552,0.17142437569377508,0.10967645765661962,0.10949684302754054
1.1394302848575713,0.11857505848297005,0.06537950458880538,0.15845360858717603,0.1325719100963222,0.09400763550181673
1.1594202898550725,0.1293961657798883,0.07252668607880637,0.14569082749079704,0.15330347407492345,0.08562771874260879
1.1794102948525738,0.13527385868377506,0.08508381381070058,0.13517630008183548,0.16685522801009403,0.0847193047692923
1.199400299850075,0.1386768396759333,0.1032792630026238,0.12672805320212627,0.17024778942785956,0.09064728481695251
1.2193903048475763,0.14319695076110991,0.12539592968833174,0.11888502674625005,0.16226978529442324,0.10187654351364887
1.2393803098450775,0.1520436374430909,0.1487458879608534,0.11074393861987478,0.14333134689539018,0.11691469181864055
1.2593703148425788,0.1664145086344658,0.17038919140734787,0.10298512347964775,0.11522274707819105,0.13566667095977453
1.27936031984008,0.18525977026320933,0.18753098261692097,0.09734741914357557,0.08070469490474495,0.1598298211047454
1.2993503248375813,0.20646978978338607,0.19782766433333918,0.09506981326695842,0.04297649377415443,0.19153950655950777
1.3193403298350825,0.2280554832590185,0.1996814888011266,0.09598407243488306,0.006067460595479124,0.23111436274642547
1.3393303348325838,0.2485860273654539,0.19249817386244283,0.09955750603359868,0.0317884359488336,0.2758970172163308
1.359320339830085,0.2671066062434038,0.17685068181603203,0.1064801689488572,0.06503048134911502,0.32088231629678116
1.3793103448275863,0.28292711202909593,0.15449231677869651,0.11838652957828708,0.09584221153685321,0.36020532810380734
1.3993003498250876,0.2955020074887995,0.12817130484565417,0.1356507908856104,0.1257532884762933,0.3886068608653839
1.4192903548225888,0.3044324680436247,0.10119745141936674,0.15590716268276766,0.15709388886297274,0.4025443368932435
1.43928035982009,0.30949673645669606,0.07667919408565513,0.17481775656264723,0.19219478775380266,0.4008404411404896
1.4592703648175913,0.31058810075268806,0.05636514394547076,0.18772876494528584,0.2326018043518039,0.3848117247855461
1.4792603698150926,0.30751508700041863,0.039526031017871756,0.19092609550756504,0.27854196633949274,0.35786825752401596
1.4992503748125938,0.29975040256506374,0.023331163252241542,0.18232340451460974,0.3287327827063346,0.32465894282241675
1.519240379810095,0.2863125970948392,0.006307979450127855,0.16171684197381297,0.38046246079974,0.2899649407970041
1.5392303848075963,0.2659370826977008,0.018835664094672144,0.13069164517738677,0.4298595815407203,0.2577264954527649
1.5592203898050976,0.23754566270033287,0.04316732299552354,0.09223901139477518,0.4723250849733762,0.23073188816377588
1.5792103948025988,0.20088649027228284,0.06804848004379088,0.05015583200073339,0.5031123430608827,0.2112647882389546
1.5992003998001,0.15727076509870153,0.09084843094926108,0.008322629393091708,0.5180090990041852,0.2020834932210518
1.6191904047976013,0.11093415523115124,0.10966227852612472,0.03003466559955132,0.5140346121104592,0.20609678573848147
1.6391804097951026,0.07436047447490265,0.12366011993754183,0.06295442368652095,0.4900422050140965,0.2241452313942248
1.6591704147926039,0.07613493940792589,0.1331403243391132,0.09010955920974326,0.4471226320064352,0.253531858516957
1.679160419790105,0.11417664800891096,0.13912465616643574,0.11271802196441802,0.38874249893622703,0.2892862181007131
1.6991504247876064,0.16067884578974068,0.14261886386755246,0.13287720619926463,0.32063178425921424,0.3261850251059936
1.7191404297851076,0.20446172043328426,0.14392574543689618,0.15244354824776551,0.2505709270808953,0.35978816863312024
1.7391304347826089,0.24143016449418556,0.14245076785057614,0.17205036978430197,0.18838332505672628,0.386687312148541
1.7591204397801101,0.26949950959321234,0.1370894346969339,0.19090446182548687,0.14581028059076487,0.40450637022037056
1.7791104447776114,0.2874553369097444,0.12686989345324026,0.20737692781060163,0.13155085078113,0.4118998920326819
1.7991004497751126,0.29484184188370066,0.11150332622638834,0.21987843620452316,0.13997835726196178,0.4085932620466597
1.8190904547726139,0.29225763458016096,0.09181865775958652,0.22758620535928428,0.1572299720866161,0.3954214851189895
1.8390804597701151,0.2817457135584269,0.07053887795533614,0.23087143592490464,0.17565939141396963,0.3743038365111783
1.8590704647676164,0.26691565743566514,0.05453435553854826,0.23138680738163386,0.19380250480940533,0.3481137510355782
1.8790604697651176,0.25233069759823035,0.055401290738482614,0.23172198752278278,0.2119283221365362,0.3204278710081486
1.899050474762619,0.24179484774818172,0.07344399743002146,0.23452180036953696,0.22954428139242286,0.2951148599437567
1.91904047976012,0.23610728754733168,0.09716603019598452,0.24126427666064387,0.24509688619875317,0.2756557089994703
1.9390304847576212,0.23219848785787964,0.11896384648137809,0.2514297637085375,0.25684312585219476,0.26415059256188445
1.9590204897551224,0.22472628923265126,0.13507252517533264,0.26273174643837066,0.2637911230208748,0.26040556119600966
1.9790104947526237,0.20862117829841417,0.14375290445357658,0.27218196836122965,0.2662031055781487,0.2618828870787078
1.999000499750125,0.18078222075781708,0.14474498418261003,0.27721195396853976,0.2656947887391789,0.26470436351489773
2.0189905047476264,0.14063351536358037,0.13895317489961823,0.2763737791020547,0.2651013678619684,0.2649243726383344
2.0389805097451275,0.08996706863210094,0.1280000032555549,0.26956889804095346,0.2680709344861715,0.2593380390635339
2.058970514742629,0.03241715206416555,0.113698281185842,0.25790992780915123,0.27808331271716014,0.24573638071759252
2.07896051974013,0.027357028517407036,0.0977222219592349,0.24334367590941217,0.2968905918965641,0.22283993867247492
2.0989505247376314,0.08432278877231493,0.08177960468014231,0.22818719831668596,0.3233188553701044,0.1901396479349776
2.1189405297351325,0.13437714437343984,0.06820647534304676,0.21473695398334583,0.35346068551094734,0.14781295240257378
2.138930534732634,0.17513907689535127,0.05985115225815752,0.20501058293485047,0.38198789691032586,0.09694385498016661
2.158920539730135,0.2070477116074526,0.05730243191133614,0.2004583817260477,0.4035976348228446,0.042317983863048206
2.1789105447276365,0.2340293693070297,0.05609314056102028,0.20141420553099618,0.4140625868800621,0.04333316479797891
2.1989005497251375,0.2629646276437117,0.049289506748214154,0.2064763129364893,0.41083846479431785,0.10885989056442988
2.218890554722639,0.30092700150155527,0.031244501775875122,0.21245843346136825,0.39330235929201957,0.18123607859672625
2.23888055972014,0.3511843704440489,0.00610035570024048,0.21519155050399083,0.36269386966679573,0.25463859366535724
2.2588705647176415,0.4113596489279171,0.0510390953225118,0.21079165981942236,0.32184176160725436,0.3268663502902324
2.2788605697151425,0.4748932218489661,0.11311025075379265,0.19698724590384972,0.2747817814736986,0.396523452009474
2.298850574712644,0.5335576032742902,0.18520144285773804,0.17453237443752734,0.22637979475523098,0.4625980123705201
2.318840579710145,0.5793486172928162,0.2618253343647247,0.14917708405233923,0.182027786253812,0.5240898092121474
2.3388305847076465,0.6056709784012289,0.3368255195235411,0.13387977276622376,0.14723139043038214,0.5796203326946648
2.3588205897051475,0.6081247988866728,0.4041426380323953,0.14318242828649025,0.12624127475351452,0.6271523933904853
2.378810594702649,0.5850479764730468,0.4585175393368592,0.1752840760523708,0.11921728065793277,0.6639592693421205
2.39880059970015,0.5378479307820254,0.49598895487901007,0.2152238468661919,0.12161654000078118,0.6869275819626663
2.4187906046976515,0.47115021070018914,0.5141520735342895,0.2502287837128515,0.1284288081087526,0.6931841763906479
2.4387806096951525,0.3928883718081374,0.5122156018645112,0.2725302978503845,0.1373972000240407,0.6809328662419972
2.458770614692654,0.3146234513883819,0.49093180644061873,0.27827156300417316,0.14845258586112658,0.6502995241747115
2.478760619690155,0.25205090897006,0.45246791381281276,0.2668821700848831,0.1617479625677938,0.6039349659620642
2.4987506246876565,0.22188121320005907,0.4002511722177702,0.2407725959473786,0.17628656764320663,0.5471208354874486
2.5187406296851576,0.22749255535018933,0.3387871185179022,0.20507232766570363,0.18989136607845475,0.4871561302999296
2.538730634682659,0.2523890385049133,0.2734606894941265,0.16737099737820624,0.20015726575159704,0.4318935828476211
2.55872063968016,0.27849020991151163,0.21041408670770312,0.13712263943852576,0.20562142570976147,0.3876204706711272
2.578710644677661,0.29633484062285587,0.15672428443665878,0.12252692920103525,0.2066697624190174,0.35727221218380356
2.5987006496751626,0.3029514191480385,0.12066000693262258,0.12357789165747717,0.20589137557648404,0.34050374808477013
2.6186906546726636,0.29888468174591004,0.10842705168948467,0.13209860674778306,0.20743416679884055,0.33557323958529944
2.638680659670165,0.28690782425451017,0.11555319331115395,0.14110545841878122,0.21497230563255876,0.3405096157747668
2.658670664667666,0.27214566699214093,0.13069657694780037,0.14873916372941234,0.2292220921515466,0.3519940677703178
2.6786606696651676,0.26267768427112,0.1467856193713858,0.1563580221090071,0.24731348307562004,0.3638416322152528
2.6986506746626686,0.26811598854070956,0.16156529363814692,0.16559208945919482,0.2644973791509516,0.36750728247642794
2.71864067966017,0.293870002970608,0.17470347184650017,0.17647919919551266,0.27622121849268005,0.3544177769444301
2.738630684657671,0.3362268352238495,0.18603959312434656,0.1876505873778773,0.2792708886252193,0.31848649792333406
2.7586206896551726,0.3849708893429863,0.19485394673431372,0.19782908261047288,0.27206992044681144,0.2577879228790381
2.7786106946526736,0.42884393216056554,0.19974253363202482,0.20703601853770195,0.2545409977756143,0.1751762052576655
2.798600699650175,0.4586071012691008,0.1988673887173197,0.21661015569391812,0.22779171178159238,0.07814174634108433
2.818590704647676,0.46823372546158476,0.19042245251769815,0.2281013335885509,0.19377115588764968,0.028533970552693282
2.8385807096451776,0.45540841420485567,0.17316560466556494,0.24189064548181374,0.15499859078300735,0.12147176707313719
2.8585707146426786,0.42158707020436953,0.14686939633606588,0.2566822488716337,0.11448989698792358,0.19888611503941273
2.87856071964018,0.3715451580404134,0.11256788712721486,0.27019773846997336,0.07630410870957743,0.2503665949632668
2.898550724637681,0.3123705132096656,0.0725476245748929,0.28033123580682456,0.048697326497984784,0.271315597905435
2.9185407296351826,0.2520029698865196,0.03037735713502613,0.28594270315205955,0.04780602914258985,0.2618392444026173
2.9385307346326837,0.1977201555994503,0.016250828717866917,0.2870311908492543,0.06862731550404665,0.2265933669882884
2.958520739630185,0.15559940824600582,0.05315709200379567,0.2844407854526051,0.09339558424982622,0.17396288059972048
2.978510744627686,0.13224413651840267,0.08643547501481283,0.27935849014553604,0.11638841296180237,0.11471130679600557
2.9985007496251876,0.13528820969383507,0.11433927912060635,0.272796067104749,0.13623180058399742,0.06049768550844661
3.0184907546226887,0.16468402727213424,0.138329900748272,0.2651346606195013,0.15216551146304652,0.02378396977413325
3.03848075962019,0.2097181240309301,0.16153285870821282,0.2557825565410147,0.16317064863832886,0.0169034593896016
3.058470764617691,0.2576576553281778,0.1878052496027584,0.24309444782176678,0.16821553514004559,0.020989410453712623
3.0784607696151927,0.29743662325248865,0.22042032671504444,0.22477821272948345,0.16726630124232966,0.04697651080767608
3.0984507746126937,0.3202520237756836,0.2609252739158792,0.19895153537404675,0.16277848292908836,0.09975599879287185
3.118440779610195,0.32043990415568574,0.30870055831122023,0.16606878267227992,0.16087721790338438,0.16859875752474074
3.138430784607696,0.29649152169798004,0.3611353974770576,0.13282452171898934,0.169738467631067,0.2433966338304129
3.1584207896051977,0.251883023412682,0.4140730544464658,0.11898095084672129,0.19328765813965393,0.31421453885043266
3.1784107946026987,0.1960424935696284,0.46239149480360187,0.14576794735501908,0.22712651636407075,0.37211579630564123
3.1984007996002,0.14678275579825706,0.5007300458299062,0.2021465521843321,0.2622820588952587,0.41025501102144035
3.218390804597701,0.13017403840786493,0.5243200242587296,0.2671306415314656,0.2899308299683924,0.4247356643432827
3.2383808095952027,0.15160766089263117,0.5297872870066185,0.3277285950672196,0.30336591421126513,0.41506493527030763
3.2583708145927037,0.18536635667921705,0.5157659447728896,0.3760126293405157,0.2986136704380866,0.38414796856926997
3.278360819590205,0.21497384115984827,0.483200535686549,0.4071182768367316,0.27469594749284787,0.33784889221668774
3.2983508245877062,0.23960354210133894,0.43529024996139015,0.4187568460046873,0.2338297415067383,0.28425555846885414
3.3183408295852077,0.26608934675104345,0.3771098193344828,0.41105187470842547,0.18201206315652207,0.2329471347906608
3.3383308345827087,0.30055094010031624,0.3149938465236938,0.38634588134434666,0.1316028516260624,0.1946006552399974
3.35832083958021,0.3419793928522143,0.25575159900295147,0.3489547575870349,0.10740078816041675,0.1800223885656509
3.3783108445777112,0.38249177954601266,0.20562326052024787,0.3049611968115761,0.1274353028018116,0.19547364301245845
3.3983008495752127,0.4121803356489792,0.16865308458587636,0.2620966509449288,0.1670186283492447,0.2384994091275515
3.4182908545727138,0.42350287192945957,0.1446646075329063,0.22927659219112673,0.2007894058554151,0.302240457243033
3.4382808595702152,0.4137716139711811,0.12907213667514658,0.21414565101347105,0.21717147471450512,0.3794121592260877
3.4582708645677163,0.38627632851002075,0.11616840414905547,0.21803253487954508,0.21141387283323654,0.4622722590340405
3.4782608695652177,0.35032568222358934,0.10261403783617248,0.23438290291749544,0.18345232173027798,0.5426192130542957
3.4982508745627188,0.31933883394162754,0.08817224327320572,0.2539600049569743,0.13891028399344993,0.6127603346636736
3.5182408795602202,0.3047208563417258,0.07450720502752006,0.26932842194151396,0.09633959658663493,0.6667892995180391
3.5382308845577213,0.30705535939709694,0.06330870298749851,0.27564821740831785,0.10085357165595614,0.7015872331454195
3.5582208895552228,0.3153247714794616,0.0546024114956874,0.27028374921163695,0.1553707541574645,0.7171823717115973
3.578210894552724,0.31608654578968015,0.04668215185579743,0.25269901053264643,0.2182683116741134,0.7162806060389219
3.5982008995502253,0.3007719728567611,0.03815539342582805,0.2249102193698644,0.26995578843068,0.7030123145612387
3.6181909045477263,0.26746081429260504,0.031008082218638655,0.19260241931282981,0.3023120515691318,0.6812904260054979
3.6381809095452278,0.22050985120925443,0.0330674819494757,0.16670938959506768,0.31285946492120437,0.6535243055280229
3.658170914542729,0.17066126372368237,0.04842229171888649,0.1614643844339722,0.30346333005884846,0.6204311883265485
3.6781609195402303,0.13650736278820286,0.07206851447226226,0.181565621668507,0.2791513429088758,0.5820841206264027
3.6981509245377313,0.13661806920568248,0.10045399030575079,0.21603413424629103,0.2461246786720376,0.5394902153958523
3.718140929535233,0.16316286756277068,0.1321618460169217,0.25160479872233055,0.20911225437528988,0.49557096641630494
3.738130934532734,0.19389301514627783,0.16625965332466003,0.28048642040107924,0.1693865629651629,0.45461410909755484
3.7581209395302353,0.21613662232862052,0.20146900218844294,0.3002330669271549,0.12576760102005388,0.4199983848868464
3.7781109445277363,0.22564499831584767,0.23585742161810452,0.3123974482173973,0.08201401150054279,0.3914297816580124
3.798100949525238,0.22247176591387063,0.2669131058623255,0.32074820204554955,0.07263093737241656,0.3642285543430519
3.818090954522739,0.2088386108237471,0.29188187132732873,0.3287298751348568,0.1267645391359906,0.3319339450644631
3.83808095952024,0.18781231387750627,0.30823756241284317,0.3370399953153406,0.20314482045440205,0.2905711219680358
3.8580709645177413,0.1622303952322965,0.3141786761173405,0.3430934489372248,0.27912496178412044,0.24280852874059808
3.8780609695152424,0.1338078482136529,0.309066089797345,0.3429491999713112,0.34333091253324877,0.20247379704106744
3.898050974512744,0.10268920930031478,0.29372643110890073,0.3343662626399713,0.3884524381287507,0.19488536514774815
3.918040979510245,0.06797466604666394,0.27055366281639437,0.3194403562372199,0.4110665382493754,0.23143689188896932
3.9380309845077464,0.031949545504751854,0.24336021528923996,0.3057626258817112,0.4118473742961208,0.2921288047072599
3.9580209895052474,0.03951934425195695,0.21694841937791862,0.3042403545387115,0.39501530211035485,0.3540997029369254
3.978010994502749,0.09471283173647319,0.19635246074476112,0.3219510013652023,0.36682666582810125,0.4039991101141648
3.99800099950025,0.16276695950806502,0.18567102685145845,0.35585476027649704,0.3333209999122272,0.4353776084887839
4.017991004497751,0.23945120762851044,0.18671237808393026,0.3958384758152242,0.2980878456321399,0.44632273888010054
4.037981009495253,0.32258258023554015,0.19834856750066351,0.43202820259583236,0.2613041808741633,0.43809310823056036
4.057971014492754,0.40960154350259886,0.21706963262301923,0.4586844492090157,0.22081936774572625,0.41398718664398015
4.077961019490255,0.4969621113918571,0.23791326156689124,0.4746111700951796,0.1745707086632707,0.37819828403308503
4.097951024487756,0.5797737970821726,0.2552195626284769,0.4817715533737744,0.12313195696752786,0.334663833564927
4.117941029485258,0.6518694663353689,0.26353498265303565,0.4829947198602345,0.07445192881575255,0.28604970589586615
4.137931034482759,0.7064508456024093,0.2589048890859573,0.47972760028648465,0.06314266637862591,0.23315238335070948
4.15792103948026,0.7372237124511685,0.2404891264028952,0.4711078385283888,0.10625990351740176,0.17515820453438882
4.177911044477761,0.7397339977885173,0.21245079363650216,0.45503453139088107,0.16174027764858565,0.11172040457986035
4.197901049475263,0.7125549838920517,0.18582370343802915,0.43059972237267086,0.21323823916248516,0.056625148073433204
4.217891054472764,0.6580656928660121,0.17651358488386182,0.40051516822187766,0.2552163475295129,0.08986021549495789
4.237881059470265,0.5827774592146837,0.19109576202357456,0.3721650458814437,0.28505135218961186,0.18024422353537975
4.257871064467766,0.49746501981214775,0.21671341589002843,0.35555772845871697,0.30198039035651547,0.2810768287618051
4.277861069465268,0.4175002847969772,0.23494779883382005,0.35696472694821346,0.30688552682785913,0.3795276451123397
4.297851074462769,0.3624525719773414,0.23311366700129607,0.37279863957617343,0.3019124918492634,0.4649227955088299
4.31784107946027,0.34912586709147275,0.20562322589928342,0.3915653722143097,0.28971435312357663,0.5268455406554585
4.337831084457771,0.376542963538489,0.1533932344233813,0.40102647441098915,0.272572563357955,0.5562345322416432
4.357821089455273,0.4259459212988426,0.08410180999624527,0.39285829473581585,0.2520785493075873,0.5468510743374024
4.377811094452774,0.4770528366466083,0.035344576373834924,0.3637649449778137,0.2300863725727048,0.4966512528039952
4.397801099450275,0.5153854771947988,0.09340638074589266,0.31492505230097545,0.2109175727963654,0.40908183655719105
4.417791104447776,0.5316225793477003,0.1574130248621658,0.25083926507317694,0.20296772694024975,0.29554354904941493
4.437781109445278,0.5205508046543778,0.20019096217780774,0.1779780044029824,0.21501203077501885,0.18757703228394637
4.457771114442779,0.48100153099551113,0.2149735276571956,0.10355689527434939,0.24733301425034612,0.17681863404559184
4.47776111944028,0.416275377031012,0.20125274248359598,0.03646242711569088,0.2907837880485637,0.28333303293756856
4.497751124437781,0.3349209783405103,0.16434947527077756,0.038197469913221385,0.3343632455917299,0.4118589298064614
4.517741129435283,0.2529734005995641,0.11581457641409756,0.08722289819075216,0.3700414001116089,0.5237147777450498
4.537731134432784,0.19926888807936757,0.07732417906909364,0.12914526347304467,0.39392434629809864,0.6047055374523886
4.557721139430285,0.20499130499482898,0.07792118091841899,0.16457621038465406,0.40613313675356205,0.6487861907225785
4.577711144427786,0.2563582654129483,0.1011868887118093,0.19685676035417782,0.4100178115442497,0.6549194263522643
4.597701149425288,0.3175221173183821,0.11561007233381847,0.22842716850091216,0.4107513715816141,0.6258326067445834
4.617691154422789,0.3696838486012634,0.11118350165341538,0.2590973543391644,0.41359432674275937,0.5670058107192024
4.63768115942029,0.4062848741722731,0.08843808493361274,0.28588317499431654,0.42247181975737647,0.4857888713410393
4.657671164417791,0.4261962086292917,0.053483666146213214,0.30424564250523906,0.43936991077840304,0.3909804632157504
4.677661169415293,0.4308666454755575,0.020564002480648554,0.3098669975346797,0.4642927225233347,0.2938123968393082
4.697651174412794,0.42318191052526755,0.034904818445304395,0.30028295373631275,0.4950964116938793,0.21307953031261925
4.717641179410295,0.4071114049924419,0.06037444962502702,0.2761070164890225,0.5271469410580933,0.18399846551593374
4.737631184407796,0.3875563052197335,0.07331711811804889,0.2417937984618422,0.5534603431325213,0.2254379934699247
4.757621189405298,0.3696839277479367,0.07166276776044037,0.205811272968626,0.5657544727225372,0.3025910659260617
4.777611194402799,0.3571882574511502,0.057920484389641404,0.17912071706613386,0.5561557091447182,0.3848125694468789
4.7976011994003,0.35004424767378217,0.03842382598763294,0.16909736650821267,0.5189866113875689,0.4581996454575277
4.817591204397801,0.3437478388074495,0.027945982550870354,0.17193900133430365,0.45217891371601027,0.5154591708568287
4.837581209395303,0.3312920450722826,0.04182723552194769,0.17639859480099568,0.35817651670771045,0.5522551309157968
4.857571214392804,0.30681987814465206,0.0656132241724887,0.17371686560752966,0.24495424117514003,0.5665697427492031
4.877561219390305,0.26984036009387385,0.09185994922097991,0.16115060870801776,0.13299853477012605,0.5588456607936257
4.897551224387806,0.23120525329019084,0.12031653930305114,0.14106457112665216,0.10847733839770875,0.5321806315320826
4.917541229385308,0.22000573040525406,0.15075983485987596,0.11919745499386604,0.2035202840627189,0.49229034530572074
4.937531234382809,0.2646659699112432,0.18144613666656878,0.10263327665697894,0.3088793141776255,0.44702549350370796
4.95752123938031,0.3533055311508785,0.20993452574302982,0.09691518742163245,0.39565593943392774,0.40508353419462345
4.977511244377811,0.4567368852732616,0.23458538970302098,0.10379050846488719,0.4557323220628562,0.37352090647393094
4.997501249375313,0.5532807167476369,0.25556796513696894,0.12321053343595947,0.4866727845977101,0.3547473944051886
5.017491254372814,0.6286011591357912,0.2747824723371636,0.15567990544173574,0.48971247697602,0.34576781227395575
5.037481259370315,0.6737891046916187,0.2946218894512865,0.2007327205494787,0.46908495549432094,0.3415141998903992
5.057471264367816,0.6848709686710184,0.31626728786297315,0.25551421866301016,0.4315163255176935,0.3396622596099862
5.077461269365318,0.6625720634239285,0.3387925268335639,0.315353939162006,0.3856579706459646,0.3430372728053522
5.097451274362819,0.6117911009782727,0.35976637346633894,0.3748974002017621,0.3413506884300642,0.35765388862554287
5.11744127936032,0.5407310900672816,0.37678614774188773,0.4289333111188843,0.30866105141064365,0.38697126593723064
5.137431284357821,0.4599050821258649,0.38897188944008254,0.4728501007181024,0.2965840295704836,0.4273477373131223
5.157421289355322,0.38138914147585457,0.39790113045083475,0.5028327201398008,0.3112279890444059,0.46940281736190415
5.177411294352824,0.3184783259530681,0.4077885861841688,0.5159194776357955,0.35396178879742357,0.502824178903934
5.197401299350325,0.28425014817952976,0.42457763973960827,0.5100319723147759,0.4208235289558083,0.5203209073749799
5.217391304347826,0.28549747916176615,0.4536163996047996,0.4840744416019031,0.5033192795745356,0.5197289434768474
5.237381309345327,0.316831570639354,0.49668334318371354,0.4381754751222502,0.5898248508122322,0.5046908352282322
5.257371314342829,0.3663454357132913,0.5504124036604272,0.3741498081200211,0.6674449007621771,0.48390996436594463
5.27736131934033,0.4237132681797357,0.6071476591899243,0.29642242050887746,0.7242922745054032,0.4683171180689516
5.297351324337831,0.48156735034717774,0.6571292912138907,0.21455413536049855,0.7517843598426652,0.4658947548822402
5.317341329335332,0.5344318626066299,0.6906873297070225,0.151903492644509,0.7463877308192238,0.47691891799631464
5.337331334332834,0.5783025766347953,0.7000203775605267,0.1518814129649592,0.7102978544497713,0.49426258074028306
5.357321339330335,0.6108968238530115,0.6805410214524011,0.20953581736891644,0.6507172802644733,0.5082250644995717
5.377311344327836,0.6320049314076931,0.6317255120502993,0.2784795824005538,0.5776703556507556,0.510884825980526
5.397301349325337,0.6435071395639788,0.5573519363296424,0.3354018375296951,0.500752444662721,0.49776926136182953
5.417291354322839,0.6487840661515403,0.4650871113340633,0.3710448408547697,0.4259889652401632,0.46779320785567896
5.43728135932034,0.6514447734853472,0.3655827073679855,0.3825676866061448,0.3546905257102844,0.42274135683892716
5.457271364317841,0.6536702576778987,0.27157241567133944,0.3719432521015862,0.2854584435711893,0.3670874530571849
5.477261369315342,0.6549415465881642,0.19775064027468892,0.3457264360644176,0.21796670348532873,0.30879484451995687
5.497251374312844,0.6519920256166191,0.1597224065430622,0.31484664378537086,0.1555571931475684,0.2616027485000368
5.517241379310345,0.6401688282602384,0.16160629299660875,0.29300521383563216,0.10467702236133457,0.24558222752273856
5.537231384307846,0.615571042859392,0.18687498524767618,0.2911331252783409,0.07086817496122517,0.27367387192636583
5.557221389305347,0.5770977862144896,0.21898165911079664,0.3099339124167406,0.05771975903774597,0.3363962558019281
5.577211394302849,0.5277993862943903,0.24947574381849236,0.34063670033633797,0.07968690650708694,0.41557024679920107
5.59720139930035,0.47511752303110094,0.2725584620493265,0.37316831187050703,0.14204051876422402,0.4975571996830594
5.617191404297851,0.4293923349401737,0.28257393747165854,0.4010743543340932,0.23227569943560647,0.5733313683975878
5.637181409295352,0.39985329424239957,0.2746874778179129,0.42176059987103853,0.33642629665470414,0.6366661642460882
5.657171414292854,0.38936078978927513,0.24645822522097816,0.4351410621646914,0.43953731978132454,0.6835182749342472
5.677161419290355,0.3932224610417402,0.19942146495723084,0.4422264659714103,0.5269620965121603,0.7121054419505841
5.697151424287856,0.4043596353069132,0.14195806651967915,0.44410564910366485,0.5867589116121421,0.7230687225827976
5.717141429285357,0.41860728419170895,0.10113991502716305,0.4414423636810567,0.6117162615494258,0.7193222948465436
5.737131434282859,0.43512713209891773,0.1248524817536946,0.43440890321631603,0.6003300740369346,0.7053636554625707
5.75712143928036,0.4532636223513619,0.19131831090003684,0.4228425461372053,0.5564345971739812,0.686016593353083
5.777111444277861,0.4697064300147179,0.26079510811166773,0.40642835798266963,0.4875147626816013,0.6648863830705337
5.797101449275362,0.4786383606067075,0.3171923513081359,0.38484394920926185,0.4020989852184689,0.6431502733539433
5.817091454272864,0.47447959882648927,0.3525230059503696,0.357909326655711,0.3070669895360548,0.6193504027414538
5.837081459270365,0.4550590942950504,0.3623397962437057,0.3257818634930352,0.20605952499257021,0.5903374147810981
5.857071464267866,0.423572289391587,0.3448635877230786,0.28915885046609024,0.10000998607634735,0.5528075396116113
5.877061469265367,0.3885508268812918,0.3007962274051745,0.24939666738220767,0.014744804433464489,0.5046542843107993
5.897051474262869,0.361090075283402,0.23325300943561986,0.2084904381430515,0.12539159947590894,0.4456791357048988
5.91704147926037,0.3491706229716447,0.1478683164061727,0.16897290633388756,0.2351092828168953,0.377617859539727
5.937031484257871,0.3530269725754103,0.056414386153646696,0.1339249011006989,0.3322368430067141,0.30365726092113177
5.957021489255372,0.3676829927664393,0.06704684886742181,0.10725841559377512,0.40648369568881115,0.22767336909549396
5.977011494252874,0.3897675185394271,0.16002864443440065,0.093509369279811,0.44901952225239883,0.15342473867519338
5.997001499250375,0.4201175357439819,0.2446799318647347,0.0946960856279734,0.4551811689570386,0.08394043212658807
6.016991504247876,0.4602696978013168,0.31008315297661404,0.10704321090822273,0.4275102633976622,0.021599706827605453
6.036981509245377,0.5075023985272618,0.34990471942020357,0.12467379843282204,0.38006414580549547,0.03455504469294952
6.056971514242879,0.5536149316775094,0.3602833434896971,0.14369768702340452,0.3442618501205447,0.08060689498330598
6.07696151924038,0.5878148236469846,0.34003614395797527,0.16242699699881977,0.36154324412734373,0.11720437056112543
6.096951524237881,0.6006249531182485,0.29097584606491866,0.18071810574406674,0.4410532195666082,0.14337020541091505
6.116941529235382,0.5867420364942643,0.21840536316539774,0.19969265062504699,0.5511466408674633,0.15967153687078045
6.136931534232884,0.5466085140106867,0.13368474027335545,0.2216533751793019,0.6580242407806386,0.1706115856409982
6.156921539230385,0.4872152728589845,0.07802440056003399,0.24962738700079956,0.7389496696414026,0.18700112661689644
6.176911544227886,0.42273754378398226,0.13080083822694302,0.286045709018768,0.7803933848806459,0.22271315500229033
6.196901549225387,0.3742908827192008,0.21869540650178118,0.33093808410787184,0.7761845872791747,0.28389341909208615
6.216891554222889,0.362882386565333,0.2973731540874702,0.380864525656276,0.7265001544575928,0.36497982639154214
6.23688155922039,0.3919006709575998,0.3549862896240701,0.4293021612822784,0.6368661133782609,0.4548591372346684
6.256871564217891,0.4431442138366925,0.3864131182942384,0.46819194098578537,0.5168407214927232,0.541986708070833
6.276861569215392,0.49416122311210575,0.39087881679929287,0.4901611267945893,0.37842243962974503,0.6166299622889982
6.296851574212894,0.5285839583391277,0.3721995480130649,0.49127953911086103,0.23456994476508933,0.6722428061604719
6.316841579210395,0.5364660744008142,0.33958704631698794,0.4744925926848273,0.1003393347498094,0.7065265196068315
6.336831584207896,0.5130658910354062,0.30819221860402407,0.45356657337484063,0.06010712134093278,0.7219492733242896
6.356821589205397,0.4583539825111792,0.2959191572531037,0.4539498501817392,0.15432231180497027,0.7252830641041439
6.376811594202899,0.3769476903938387,0.3117150546629241,0.4999073649452984,0.23974941558157922,0.7256845467631634
6.3968015992004,0.27816367257929736,0.3467875273463677,0.592350486110203,0.3068339761870517,0.7312900009924461
6.416791604197901,0.1771030908814731,0.3839776723465265,0.7099228088368039,0.35725297339673207,0.7456168257394069
6.436781609195402,0.1038644866915268,0.40957299800729297,0.8269431180498831,0.39429898519399537,0.7661671270864905
6.4567716141929035,0.1092857533755807,0.41679339549857897,0.9226257493931036,0.42125339715920723,0.7862774058012658
6.476761619190405,0.15550236835863868,0.40566240448189134,0.9828211410957511,0.4406229582667394,0.7985148844584459
6.496751624187906,0.1910678654995766,0.3823001906462418,1.0,0.4538922519757072,0.797319539552596
6.5167416291854074,0.2081964517284809,0.35757532261285524,0.9728332924033165,0.46164485289367396,0.7800503029847332
6.5367316341829085,0.21460802172498838,0.34366063168278294,0.9053426927250341,0.4638638818938338,0.7468033778756311
6.55672163918041,0.22281226797644726,0.3477021128435196,0.805616898072275,0.4602436092230071,0.6996849574080826
6.576711644177911,0.23943337709711635,0.3672951259728616,0.6843825857534134,0.45043406947407527,0.642094073042621
6.5967016491754125,0.2588298155286406,0.3937010193982737,0.5541729640115299,0.43426973032823263,0.5782980772208597
6.6166916541729135,0.26867635180396615,0.4184002034443088,0.4307190757191889,0.4121638170015625,0.5132603518297149
6.636681659170415,0.2589221583592361,0.43636491552552076,0.3392081221371006,0.38591640985445436,0.45243543191881996
6.6566716641679164,0.2273862676916996,0.4460899100149487,0.3178804386395569,0.3600508975175601,0.40127080843101753
6.6766616691654175,0.18552311113041453,0.4485024945983767,0.38052982798220364,0.3430693704722458,0.36457882782955603
6.6966516741629185,0.16872522615504013,0.4458523492535224,0.49331565081647993,0.3461633313574882,0.3464654127812101
6.71664167916042,0.21339857305540133,0.44086093084314737,0.6222226863466913,0.37671954693584486,0.350959091885396
6.7366316841579215,0.2987188432214415,0.43603596212585227,0.7470798650091741,0.4320020695723783,0.38161260534576114
6.7566216891554225,0.39034207744647825,0.43299414687884774,0.8547631595665114,0.5015641970743413,0.4389192454346928
6.7766116941529235,0.46848295487687974,0.43187768707831053,0.9359895563566364,0.5736767591217937,0.5183589232628119
6.7966016991504254,0.5226440582562308,0.431235014172405,0.9848020471233373,0.638852524014321,0.6114641326410163
6.8165917041479265,0.5487649271397926,0.4286289845432353,0.9985936678911197,0.6907289471883841,0.7083287916307077
6.8365817091454275,0.5486936555727603,0.4217574377404596,0.9778541262123821,0.7259284045142441,0.7997127220834807
6.8565717141429285,0.5303218425116984,0.409542468085349,0.9255211314522396,0.743470601437247,0.8783211123407508
6.8765617191404305,0.5075668082681007,0.39272204024983776,0.8461457652048764,0.7439212354248047,0.9393119961525099
6.8965517241379315,0.4982281717920663,0.3737392247531344,0.7451681865559491,0.7284985692208873,0.9801444214755257
6.9165417291354325,0.5165787462149141,0.3559626163232714,0.6284934725306255,0.6984114433628152,1.0
6.936531734132934,0.5636780627021051,0.3425241432435194,0.5023451098069367,0.6546218603330134,0.9991294043687727
6.9565217391304355,0.6266452676742614,0.33537075046024833,0.3731952024822257,0.5980371331234866,0.9784543972235276
6.9765117441279365,0.6868985378811711,0.3351754030596851,0.24754073039480048,0.5299605562788501,0.9395656545505247
6.9965017491254375,0.7269853384192704,0.34211895924637337,0.13142786802676665,0.452569941097373,0.8850030376112605
7.016491754122939,0.7333063477920816,0.3566937216977272,0.02997690670825903,0.3692545079082808,0.8185437517646904
7.0364817591204405,0.6971237000883947,0.37963337084348947,0.05468923862669355,0.2847533547792201,0.7452331917582553
7.0564717641179415,0.6152667078592748,0.4109535601338001,0.11998822130808909,0.2051524847052693,0.6710296864924026
7.076461769115443,0.49087326291250766,0.4489666181878015,0.16753210306237043,0.13790657001244006,0.6020977761675701
7.096451774112944,0.3350423567925538,0.49011195976345967,0.1997269255044666,0.09166137695344172,0.543905787644184
7.1164417791104455,0.17894690393802967,0.5296699753104833,0.2200829585239316,0.0713690031379963,0.5003520518924844
7.1364317841079465,0.16085989918989999,0.5628769026226293,0.2327241559009096,0.06680957683675667,0.47315873742553516
7.156421789105448,0.30966052977123865,0.5859983336628323,0.2421598483446784,0.0658254958621524,0.4616774766390174
7.176411794102949,0.46948349468111406,0.597150577047237,0.25316887779171493,0.07514999585879073,0.46303908433042723
7.1964017991004505,0.6027639151876881,0.596782487302931,0.27044955730928905,0.10696069657523116,0.4724675859027334
7.216391804097952,0.6986337506368386,0.5877373284816644,0.2976965716324114,0.156810232175769,0.4837273306799962
7.236381809095453,0.7549624018104629,0.5747639630740572,0.3362874895032511,0.21359155223879117,0.4898278792286151
7.256371814092954,0.77538374054125,0.5633235927205562,0.38436431360333156,0.26805596571049245,0.48404184179867765
7.2763618190904555,0.7671125265690864,0.5577456919847371,0.43686459627205737,0.313638501740054,0.46114586576256344
7.296351824087957,0.7385094366515158,0.559383399177508,0.4863736160443377,0.34672581402339947,0.4187761286234711
7.316341829085458,0.6968843607853895,0.5658981911038168,0.5244721497078164,0.36686300127322335,0.35897408132424935
7.336331834082959,0.6472499130563734,0.5722141182515774,0.5433553830771419,0.3765889259465345,0.2905263763741384
7.356321839080461,0.5923076744664212,0.5724238682229171,0.5374817001072543,0.3808290318248164,0.23323223649259497
7.376311844077962,0.5331887970389143,0.5615233020820246,0.5049323715084775,0.38591283705870943,0.21736424470535687
7.396301849075463,0.4700787997336375,0.5364301975728837,0.44817737542102865,0.3982976365456672,0.2514702862555436
7.416291854072964,0.4022737667856319,0.4963233976894672,0.3740887954362577,0.42311921267527325,0.3059544310070388
7.436281859070466,0.32805684823566117,0.4425433172146794,0.2932818401799351,0.4629374816476158,0.3519524412042543
7.456271864067967,0.24528186837253269,0.37833391318271903,0.2190182292842101,0.5172248977567955,0.37448780650416935
7.476261869065468,0.1538886725307443,0.30879179421675407,0.16503511249325203,0.5827588663883874,0.36907412954360147
7.496251874062969,0.0720723429108085,0.24164466292338735,0.13820227307628796,0.6545202302080211,0.34024422936434034
7.516241879060471,0.11298007462951255,0.1896440115376975,0.12844013650204275,0.7266406790542501,0.3017771966280285
7.536231884057972,0.2280677903239723,0.17086268691147372,0.11762240071333789,0.7931834468350909,0.2749297833408464
7.556221889055473,0.35021204499136105,0.1913310438661227,0.09485302808064948,0.8486986213856855,0.2759961212049598
7.576211894052974,0.46588803818659363,0.23323446566169317,0.05742662098108481,0.8885590124277812,0.29819115377119854
7.596201899050476,0.5674781242031527,0.27748074548385865,0.015833762296092332,0.9091401294147028,0.3186562788418834
7.616191904047977,0.6504252859783919,0.3131255735389129,0.06288572543851406,0.907966139487514,0.318359178909126
7.636181909045478,0.7134983498204022,0.3343568361839285,0.13140647484986154,0.8839808185290736,0.2898959793748422
7.656171914042979,0.758890200463775,0.338455495091799,0.1994493959136004,0.8381120290142056,0.24020603413148855
7.67616191904048,0.7916560825617933,0.32527179278327584,0.25753081039851283,0.7742819573247103,0.1978428856792595
7.696151924037982,0.8182833965045703,0.2972527770176667,0.29588134709575364,0.7009129510694293,0.2106169627989505
7.716141929035483,0.8444286138476375,0.2595840113044363,0.30613371651891474,0.6324214969628952,0.28079697362590256
7.736131934032984,0.8724229797610472,0.22021417629795148,0.28435106019579487,0.588154139807201,0.36569326213815445
7.756121939030485,0.8997035678993484,0.18904238236275356,0.23643485182646443,0.5836304512843754,0.4359371194814051
7.776111944027987,0.9190678492778441,0.17406478743726678,0.19195734445005122,0.6167059014616898,0.4778831658806472
7.796101949025488,0.9206024935809419,0.17470868011662144,0.21413591652999878,0.6664916924896782,0.48793426311902893
7.816091954022989,0.8944307444382164,0.18212170672422734,0.3125108543486207,0.7066760925449314,0.4699906209545226
7.83608195902049,0.8336325763111363,0.1878737806779426,0.43510464987130854,0.7159470782912666,0.43332182054273155
7.856071964017992,0.7373859882019964,0.18997588244271843,0.5455255461324724,0.6813567197234044,0.38987044124914044
7.876061969015493,0.6154094773287875,0.1953492982497977,0.6220412788731202,0.5988283458281971,0.3508881666790181
7.896051974012994,0.49663940819848357,0.21952998023192513,0.6516369157921674,0.4729940455846303,0.32346650156870654
7.916041979010495,0.43997121821481977,0.2769643251618567,0.6291759510131957,0.3176082186731965,0.3086242140238367
7.936031984007997,0.4959649100747871,0.3692601177173746,0.5573629328617722,0.16570233512037194,0.3024024291795695
7.956021989005498,0.6292515962915765,0.4878875386557155,0.44640249240423635,0.14805621521986717,0.2984965668998449
7.976011994002999,0.7735896643063603,0.6205451901795722,0.31422347703406994,0.278391933279464,0.28998267873388434
7.9960019990005,0.885493457595545,0.753105006599745,0.19355797997356236,0.4085906731461949,0.2703753818383873
8.015992003998,0.9403757693322661,0.8702971572694589,0.15989250592257298,0.5048004512666359,0.23563552004647537
8.035982008995502,0.9263937235095532,0.9569788247328933,0.23314180500695408,0.557861027016417,0.18868335213052922
8.055972013993005,0.8424161829955489,1.0,0.3220620326722696,0.5668825879397711,0.1507798988727896
8.075962018990506,0.6970555357113883,0.9902282347546997,0.39033697448012983,0.5376181705483699,0.1684260930598753
8.095952023988007,0.5077065020855941,0.9242557120231321,0.43083836271695214,0.4836750496058961,0.24561116845221223
8.115942028985508,0.301445663948825,0.805390395451036,0.44526983275241533,0.42983101988906236,0.34312583530969226
8.135932033983009,0.14252108220089713,0.6436787556936602,0.43887916255193,0.41167370030874656,0.435814500400686
8.15592203898051,0.20160056049531958,0.4549172740065716,0.41779070086616293,0.4530385555561889,0.510409822236895
8.17591204397801,0.3379062226843008,0.2590174761251201,0.3871617373540466,0.5392619700286865,0.5607896153930901
8.195902048975512,0.43844356600513745,0.08231830786949083,0.35005014349479374,0.6365526038904422,0.5869068978868984
8.215892053973015,0.4877553040172388,0.09557489015628728,0.30708477464007283,0.7172958286525338,0.5938820282938124
8.235882058970516,0.4894413137958696,0.20122658904176705,0.25701874362340643,0.7645854617368982,0.5901477356581522
8.255872063968017,0.4579242497096336,0.26109565685651176,0.1983516842711804,0.7707620708888832,0.5845675940910037
8.275862068965518,0.4148433502574079,0.2733318151820519,0.13348632959412668,0.735800637601051,0.5833473417231505
8.295852073963019,0.38140324748465165,0.24895255506871966,0.08772470927504511,0.6653764187086214,0.5883323755964747
8.31584207896052,0.36487154744693834,0.2114379154869776,0.12786274900724456,0.5682726585152206,0.5976903473336416
8.335832083958021,0.3518993328844278,0.19677616926334193,0.22163811549299106,0.4534976770060294,0.6080319768272973
8.355822088955522,0.3200638293061559,0.22621259629905663,0.3249590203912772,0.3281372272350591,0.616127722987265
8.375812093953025,0.252338295031369,0.2787810078239174,0.4212746660467511,0.19776326628392626,0.6194267753598941
8.395802098950526,0.14314849756769998,0.326748061312021,0.49986380933163044,0.08134795611046806,0.615837907592951
8.415792103948027,0.040451450276873586,0.35612433672014127,0.5532298563547383,0.12245611866723063,0.6035258073916117
8.435782108945528,0.19673669270069397,0.36357889901943113,0.5776296164093822,0.2552315054189233,0.5810920498350824
8.455772113943029,0.3857127595286727,0.35238798791363485,0.5735161126990608,0.3874556028774745,0.5480574482689945
8.47576211894053,0.566886306867742,0.3294059574977296,0.5452573946198395,0.5035703819375222,0.50537985767526
8.495752123938031,0.7189297371062068,0.30230527127273127,0.5000389211956769,0.5947155241182598,0.4558313179678742
8.515742128935532,0.8236671071476849,0.2771095301727714,0.446126522391678,0.6570245947189463,0.40422955116894554
8.535732133933035,0.867737454821674,0.25662641208808606,0.3908837570378343,0.6931207555065977,0.3575148283226916
8.555722138930536,0.8441260790005306,0.24043925073313716,0.3391360880836348,0.7121353029861864,0.3241485527878506
8.575712143928037,0.7530163626163193,0.2262112704027921,0.29252814960188894,0.7266051296144809,0.31142085117249135
8.595702148925538,0.6019774709039365,0.2111407103096805,0.2501291975341515,0.7460601206363545,0.3207730280758054
8.615692153923039,0.40619864051842436,0.19282819037091314,0.20976649413560408,0.7707998012784703,0.34627455315099026
8.63568215892054,0.1958727879977017,0.16976281257711956,0.16924783275807484,0.7913448922885631,0.3788537186948447
8.655672163918041,0.14465604204741986,0.1418411222081807,0.12731226453151806,0.7941196312706097,0.4108593825512302
8.675662168915542,0.3371069984152687,0.11114099577822674,0.08551609813489597,0.7685878135527088,0.437807730205934
8.695652173913045,0.5305151914143306,0.08344651285953501,0.05657648577849804,0.7122543463143107,0.4585057196379466
8.715642178910546,0.6836405052767951,0.07038161612607857,0.07099073665482397,0.6331341419126543,0.47451614751374677
8.735632183908047,0.7832192053587064,0.08059438898193552,0.1135513329034419,0.5500482981249133,0.4889233278964327
8.755622188905548,0.8248516207582647,0.10507515408093379,0.15790681443563828,0.48867326523813515,0.5043481347903592
8.775612193903049,0.8117916844791201,0.13370108472807476,0.19392148668706854,0.4674455976208664,0.5209447537636817
8.79560219890055,0.7548280167782803,0.16369090487821472,0.21673916578226182,0.4799432727891261,0.5356860715586717
8.815592203898051,0.6721377711796376,0.196210098208994,0.22507709757343936,0.501125839523495,0.5435382143835354
8.835582208895552,0.5884596595246456,0.23339979909099984,0.2216705936320331,0.5093009137436941,0.5397735924258448
8.855572213893055,0.5305822936549563,0.2762800174093186,0.2134145971255176,0.49578382126983833,0.5222106324209234
8.875562218890556,0.5141127698309299,0.32365896310852166,0.2095488898358637,0.46363639244079424,0.4926345909756481
8.895552223888057,0.5302173410687601,0.3721943906886829,0.21637903651878304,0.42348858848996057,0.457106572136905
8.915542228885558,0.5538421120811692,0.4172212230249694,0.23219006865929911,0.3888015149948747,0.4248467559252838
8.935532233883059,0.5622848564279042,0.4538727745888188,0.24925911102914106,0.3712121329160886,0.4051708999410546
8.95552223888056,0.5428646777471399,0.47822363273136614,0.2600355475935622,0.37734995625647183,0.40300245049755506
8.975512243878061,0.4922903772062175,0.488291281738907,0.2610536575804569,0.4083474956169373,0.4163994443275901
8.995502248875562,0.4143287963448861,0.48472807350311276,0.25411609779021965,0.46052862954877705,0.4389027315647768
9.015492253873063,0.3177262027128531,0.47099689923125,0.24563483231399894,0.5255995476333839,0.463689957100404
9.035482258870566,0.21477492037016566,0.4527791040646887,0.2432742529231642,0.5915666925619674,0.4856102282345557
9.055472263868067,0.12204322622947453,0.4363890123135495,0.24985373404842384,0.6452639042182049,0.5011722982468623
9.075462268865568,0.0715845629933265,0.42638254050930285,0.2598285951734386,0.6755079880648112,0.5081358848317474
9.095452273863069,0.08777161795933948,0.4235404029044913,0.26273564057287424,0.675666882302238,0.5054794170540619
9.11544227886057,0.10962954774687513,0.42484588929241407,0.2489333436577247,0.6449649674381837,0.4934658112565809
9.135432283858071,0.10684334735945153,0.42555513864547295,0.21314770184274415,0.5883190610676491,0.47312929556733924
9.155422288855572,0.07863352654113541,0.42171260491887513,0.15699171126963893,0.5148793455832613,0.4448791146372299
9.175412293853073,0.05357394589304974,0.41178203209992875,0.09868726250203164,0.4357980128221958,0.40685259290184345
9.195402298850576,0.1024327935936814,0.3972322048493734,0.10771655469337733,0.3619960433831627,0.3543715851561919
9.215392303848077,0.1886786746531885,0.38226820709894554,0.1918008837300545,0.30257372977503594,0.2813614154512249
9.235382308845578,0.2803527732584284,0.37256229356864756,0.2898369219580781,0.2635416776458675,0.18320882611799325
9.255372313843079,0.3646888258102616,0.3727727038631184,0.3794986888574043,0.24550239309490018,0.06119026775644886
9.27536231884058,0.43331786702345587,0.38380101825129004,0.4505022664171843,0.24147959968679145,0.09277656732625074
9.295352323838081,0.4811123095160449,0.4020192386011583,0.49738609856367966,0.23924818464081482,0.24974664433503974
9.315342328835582,0.5062365387664572,0.42114387585285956,0.518606953069832,0.2268074669923984,0.40634192826229526
9.335332333833083,0.510017632585689,0.4348197453163784,0.516171241267495,0.19627806904868667,0.5461284537859374
9.355322338830586,0.49649607738334844,0.4382338272774437,0.4950097608326512,0.14585192800003025,0.6548670623562236
9.375312343828087,0.47170381354969293,0.42866237671595747,0.4619851170239169,0.08276591493224343,0.7222001176211261
9.395302348825588,0.4426847468211917,0.4054557424896815,0.42454805076858504,0.05254575306015269,0.7434549361630167
9.415292353823089,0.4161581478267334,0.36987560885801885,0.3891506548786119,0.1084008415412083,0.7204497415472211
9.43528235882059,0.39680074505289,0.3250717264927058,0.35977293332515053,0.1708786348343216,0.6610902538097746
9.455272363818091,0.38573420553874693,0.2764718433131501,0.3372442544132042,0.2125857896635058,0.5778438832380128
9.475262368815592,0.3804220896508946,0.23279553156472507,0.31984872336808134,0.22419721243305932,0.4854303505146025
9.495252373813093,0.37638865000933447,0.20660467077064829,0.30474529156112146,0.20291603344392686,0.39824169861203423
9.515242378810596,0.36952026578813096,0.20890534086433765,0.2891542909274795,0.15162951673829914,0.32799288795271914
9.535232383808097,0.357415351453671,0.2379016133477885,0.2708895851285524,0.07888604285715173,0.28176647705958313
9.555222388805598,0.3391843205132511,0.28156275023890304,0.2486937307865015,0.030971880738819534,0.2603574762381858
9.575212393803099,0.31395794019791406,0.32929817701063396,0.22300176268628386,0.10790279299393989,0.25788568557360747
9.5952023988006,0.27905518311912364,0.37526276930342245,0.19733031461613398,0.18790600666710996,0.2641321802998236
9.615192403798101,0.2292202351180734,0.4168934621845805,0.17942233153777662,0.25241611174343354,0.26814660023699394
9.635182408795602,0.1577909851777365,0.45315650557654563,0.1784881042914485,0.2959127129276166,0.2609833587276147
9.655172413793103,0.059345300933619984,0.483210410615473,0.1960911818662239,0.3167423166950867,0.23757027074779785
9.675162418790606,0.06885149488464057,0.5056216448094165,0.22284747828096027,0.3162279757879049,0.1981570339063011
9.695152423788107,0.22190696058122286,0.5183059896681756,0.24641203666076725,0.2979351589377943,0.1497913336591991
9.715142428785608,0.3917605329522678,0.5191659142286901,0.2573498105681439,0.2673203686809616,0.10934681229398592
9.735132433783109,0.5649675071785946,0.5071087886175057,0.2502462969732089,0.2325413339607108,0.10157621505191283
9.75512243878061,0.7259104353950553,0.4829997097626465,0.2235299228824649,0.20711271549588745,0.12291417925837318
9.775112443778111,0.8593679910248873,0.45014057243101635,0.1793174788558595,0.21035656287726834,0.1446595668976359
9.795102448775612,0.9531361422382589,0.4139357074414099,0.12461575112928396,0.2537113895448571,0.15227518390598802
9.815092453773113,1.0,0.3804447400300131,0.08230497884354386,0.3297814484574285,0.145074183342046
9.835082458770616,0.9985337032688272,0.3538392427192685,0.10613272821500773,0.4251194801736639,0.1323913660603198
9.855072463768117,0.9524641742593596,0.33389722302246017,0.1800756406383557,0.5285338478667141,0.13115170293986697
9.875062468765618,0.8687435069657525,0.31565527173234226,0.2680734387465986,0.6305352982145782,0.1533328865352212
9.89505247376312,0.754982674904367,0.2917756652155838,0.3597912403856198,0.7223343786672072,0.19433005764127922
9.91504247876062,0.617316915110432,0.25561305247167726,0.4504350511919083,0.7959255850545393,0.24506431373388535
9.935032483758121,0.459757156963106,0.20330307957498867,0.5356363590274772,0.8447728893417624,0.3011303683162546
9.955022488755622,0.28548911697609375,0.13554239193789216,0.6106061155219613,0.8646095445138005,0.3609299060352072
9.975012493753123,0.1020083909945729,0.06792142097432881,0.6704563560818583,0.8540183037915245,0.42229867722832193
9.995002498750626,0.11132448453481864,0.09072833361014634,0.7109260802479496,0.8145960061764372,0.48113070104385
10.014992503748127,0.30184702847737505,0.1838297453574805,0.7290910618868935,0.7506425099250348,0.5321886122991047
10.034982508745628,0.4847591440015522,0.2817983911803285,0.7238086008509317,0.6684451114108739,0.5709461520826428
10.05497251374313,0.6468662865459291,0.3691430620732956,0.69581931820902,0.5753419564497687,0.5951662759854266
10.07496251874063,0.7804557545823302,0.4372809657589853,0.6475758654408286,0.4788314844546755,0.6054137211596655
10.094952523738131,0.8817219474257885,0.4811825219374714,0.5829653146851979,0.3860507821679121,0.6042692865385552
10.114942528735632,0.9503177164733437,0.4996165683466236,0.5071313219148438,0.3039694900625225,0.5945971835687125
10.134932533733133,0.9879781103904215,0.49514154370892516,0.4265997048790642,0.24043848646055827,0.5778020017920379
10.154922538730636,0.9968285894230261,0.47328949972899265,0.3498566905438002,0.20455306294226408,0.5531864764730966
10.174912543728137,0.9783384632375985,0.44092569120982855,0.2880702901561688,0.20109238087705258,0.5188473216886734
10.194902548725638,0.9335256541774911,0.4041780015786486,0.2533720312497779,0.22257503668067727,0.4734599589975768
10.21489255372314,0.8642401736733691,0.3667851173408093,0.24996951663101677,0.2556056764227046,0.41782728125993757
10.23488255872064,0.7747383567649215,0.329813503827982,0.26676633285044216,0.29068238878530456,0.3554558543281295
10.254872563718141,0.672702850193266,0.292904458019863,0.2865286808406554,0.3233496007089394,0.292063929080422
10.274862568715642,0.5692011649568384,0.2560243102488391,0.2964507780721842,0.35252350931968585,0.23432704779030203
10.294852573713143,0.4772860936037876,0.22045310514560038,0.28972918389436725,0.379180914627412,0.18829696852411879
10.314842578710644,0.40866364866316207,0.18867108485281972,0.2641796934084266,0.4053077710009197,0.1579762490732959
10.334832583708147,0.36832098639579053,0.16381362447753542,0.22107989607800996,0.4328612071934301,0.14462342307985157
10.354822588705648,0.3512012043509189,0.14943058891966374,0.16431106290656958,0.4629019497503689,0.1470129204308866
10.37481259370315,0.34674341905947526,0.14876842167439372,0.09951361703590553,0.4952127657364641,0.1618799255737726
10.39480259870065,0.34688824924460393,0.1620226754457875,0.03335016334687624,0.5285065750172294,0.18428439811309985
10.414792603698151,0.34940282479727525,0.1843104871310774,0.030315931858792975,0.5610151656305882,0.20865022021339288
10.434782608695652,0.3566664264387176,0.2076333614759884,0.0830105466698114,0.5911700419132019,0.23027114135396448
10.454772613693153,0.3730266385552383,0.22391280764074553,0.12428376507557638,0.6182306964197687,0.24653704483399172
10.474762618690654,0.40201369589810176,0.22686310477572247,0.15364575288346508,0.6428369452325221,0.2574608761815738
10.494752623688157,0.443895229880936,0.21312304640191082,0.1734535105221665,0.6673903983560535,0.2652482874708012
10.514742628685658,0.4943536562751276,0.18309550765323562,0.18811565289340296,0.695926880405158,0.27283595242844333
10.53473263368316,0.5447228192537599,0.1419728759432944,0.2027873989847015,0.7329875457756576,0.281961501263974
10.55472263868066,0.5833712499244982,0.1028718254306089,0.22145074563491482,0.781398948104431,0.2920626461629151
10.574712643678161,0.597630662398862,0.09184191232584869,0.24535354512700275,0.8399002893549599,0.30087087725056405
10.594702648675662,0.5759321993908638,0.11879793362831001,0.27293081617709836,0.9021299203837518,0.3060634549339724
10.614692653673163,0.509958126978729,0.15801523829124992,0.30095892039001676,0.9576111640573892,0.3066857602520364
10.634682658670664,0.39674059470860523,0.19251195392715978,0.32584314162988964,0.9940616271693594,0.3036668622150129
10.654672663668167,0.24188419862304003,0.2177079272921164,0.34449604930234184,1.0,0.29947206822326106
10.674662668665668,0.09377281601795645,0.23545541365698072,0.3548439350377607,0.9670140531626329,0.29728305042828906
10.69465267366317,0.21803721889196176,0.2513671135775444,0.35606297395024056,0.8914075272958182,0.300187630865122
10.71464267866067,0.43544420383740867,0.2718933927440447,0.3485531823470214,0.7750888326065914,0.31066790350369444
10.734632683658171,0.6435603791577519,0.30063102939233066,0.33363133930119476,0.6256805923358574,0.3302320736169177
10.754622688655672,0.8166256928390385,0.33623337122812874,0.312971089425774,0.4561571063229355,0.35889026067871577
10.774612693653173,0.9361768854687997,0.37349463748871015,0.28789910347806974,0.285791367532704,0.39466641262876867
10.794602698650674,0.9897270904350286,0.4058774947346889,0.25874477849086563,0.15491189867784935,0.43370126327789627
10.814592703648177,0.9717982580378821,0.4274916879272556,0.22451233202009024,0.16276427770005703,0.4711015745903508
10.834582708645678,0.884431981457023,0.43421029989105764,0.18317647325035338,0.2591512896802796,0.5021407022415757
10.85457271364318,0.7368215484249202,0.424275576240518,0.13313042117663051,0.34770016444851004,0.5233085855992041
10.87456271864068,0.5441075595283341,0.3986142599428243,0.07958956227849873,0.41002974977425327,0.532884871607955
10.894552723638181,0.32558959272139343,0.3609019558356289,0.07332849809651654,0.44551714333327486,0.5309193464475331
10.914542728635682,0.10351612043918222,0.31732497408703575,0.15040747728239934,0.45800962969056314,0.518721676079842
10.934532733633183,0.1097231501907856,0.2758322596991154,0.25530411165099215,0.4525336512527927,0.4981988623370067
10.954522738630684,0.2828037672287179,0.24427749705434465,0.36862430814586583,0.43455182923801206,0.47154519502392367
10.974512743628187,0.4094710817755977,0.22694247561400838,0.4795574189087052,0.41083196589357407,0.44171378418290036
10.994502748625688,0.48010622380354784,0.22165926009291856,0.5779610314662811,0.39063172581562744,0.4136376560635284
11.01449275362319,0.4920242737560076,0.22173428248291327,0.6546250057747688,0.38455622328339417,0.3952059482946595
11.03448275862069,0.4491017708299179,0.2209282850940081,0.7025943459271756,0.39908551258341374,0.3956833627009602
11.054472763618191,0.36255816231205745,0.21637397303916128,0.7185064099841424,0.43118734020515065,0.42015076940751
11.074462768615692,0.2554516640583582,0.20889850241651933,0.7035609056456247,0.47034264243519874,0.4647259223337594
11.094452773613193,0.18471136191914428,0.20226212260092194,0.6638862244704913,0.5051090396923634,0.5186333335598163
11.114442778610695,0.23168601203050335,0.20150145136537032,0.6100619449357577,0.5273077221806316,0.5697702000870504
11.134432783608197,0.34444660702934465,0.209935847304127,0.5553401023932245,0.5327615371389761,0.6083602909692929
11.154422788605698,0.453839306745796,0.22644313603589855,0.5118687634843285,0.5201747137445505,0.628324812850265
11.1744127936032,0.5338842954843892,0.24586151259081035,0.4853479282193426,0.48945647128303205,0.6275593228993805
11.1944027986007,0.5745359716515791,0.261764619749628,0.4719794026209278,0.44052889117006094,0.6076546473604716
11.214392803598201,0.5740832658520292,0.2689165376284102,0.46165035432585083,0.3734640380452269,0.5731808047573957
11.234382808595702,0.5370529360347032,0.26474315223936684,0.4443960959930714,0.2904943207907682,0.5306045645457851
11.254372813593204,0.4726462743507839,0.25033063277049233,0.4145621105958031,0.20158264523568756,0.48698025071749784
11.274362818590705,0.39286180250501235,0.23121358680455115,0.37155887470830684,0.1432761801018836,0.4486223140399345
11.294352823588207,0.3102986998474836,0.21724382654210034,0.31878793154845714,0.17738654755726563,0.4199972832339608
11.314342828585708,0.2358081046414809,0.2188263572272243,0.26196296811592523,0.26588789477542013,0.4030414526103655
11.33433283358321,0.1761602875567541,0.23892464239863054,0.20730642454070686,0.35195362148145326,0.39701076400227475
11.35432283858071,0.13229096731003928,0.2706914278817472,0.15977704245985594,0.4116527200416734,0.39883878877494067
11.374312843578211,0.09991982805709128,0.30429814433178676,0.12162121156841546,0.4331906348451112,0.403888049920533
11.394302848575713,0.07364341730742315,0.3323902358787601,0.09230089097610392,0.41174119217545596,0.4069365138051922
11.414292853573214,0.05125311169287913,0.351120103955693,0.07145119733217442,0.3487621518241524,0.4032047837791822
11.434282858570715,0.03501445685580733,0.3595341521240095,0.0640322479928891,0.25226782965324923,0.38921672468136453
11.454272863568217,0.029121272424132028,0.3587296364905451,0.07616271950836527,0.1425593318085205,0.36333513866031597
11.474262868565718,0.030726101263716204,0.35108532862270503,0.10182925909838508,0.1092931601835036,0.3259144811492896
11.49425287356322,0.03211187717961391,0.33963873590326105,0.13081978604274477,0.2175958280853017,0.2791249244020206
11.51424287856072,0.030611076161465002,0.32764585465782636,0.15609105070210044,0.3495080291235799,0.2265951407046089
11.534232883558222,0.029416377457001167,0.31830249585971115,0.17314651831444167,0.47077698299365595,0.1730936338063417
11.554222888555723,0.03665567044075702,0.3144968043148875,0.17937074662471833,0.57092333224533,0.12456639716439726
11.574212893553224,0.05634370898129129,0.31837413743311077,0.17382660088849106,0.6446375256486326,0.08881084235735894
11.594202898550725,0.08635348989069419,0.33063422440139983,0.15707830048792257,0.6893535035104128,0.07405982995366593
11.614192903548226,0.12527306424041626,0.34989338608372106,0.13093263543947528,0.704692752632642,0.07801512822204133
11.634182908545728,0.1729592569739605,0.37263889291619634,0.09817478217785364,0.6924933701348613,0.08805597467430401
11.65417291354323,0.22925169307168253,0.39390572897666837,0.06261396910935624,0.6571018945624382,0.09736506361262749
11.67416291854073,0.2926945989053631,0.40834132135581985,0.03161551832628851,0.6055738044448177,0.10624576598040032
11.694152923538232,0.35958293305492295,0.41127976641987596,0.03010620742369547,0.5472864840622895,0.11737807030419663
11.714142928535733,0.423744571066774,0.39960615594652743,0.05256140350738837,0.4923117095318642,0.132010595750006
11.734132933533234,0.47721475572402616,0.3722924485546456,0.07161160033690928,0.4480993409438018,0.14875686204795344
11.754122938530735,0.5116069076320856,0.33053711267073516,0.08104972446836767,0.4156458804469171,0.16508866188334814
11.774112943528236,0.5197761125152783,0.2775065823282635,0.07931762029664982,0.38864288970631466,0.1792336160581559
11.794102948525738,0.4973305131042225,0.21777206826028286,0.06756839524775872,0.3573071671077317,0.19086492070830335
11.81409295352324,0.44364113710658015,0.15666397399561377,0.05156453579790287,0.31350570429682106,0.20045432977185035
11.83408295852074,0.36224452700674686,0.10006077145048181,0.046873013199981675,0.2535625217781848,0.2079200399246081
11.854072963518242,0.26115320875213516,0.05661890798368141,0.06508696149162135,0.17854531299227527,0.21166866423821407
11.874062968515743,0.15677037023862425,0.04529943826689587,0.09272406468928307,0.0933693621007815,0.20886596806102734
11.894052973513244,0.10681151927027088,0.06333934789293408,0.118049992810841,0.014406392563341856,0.19673163779097563
11.914042978510745,0.1787009306091515,0.08256314688464954,0.1362133848828567,0.08409564009641946,0.17400136589474477
11.934032983508246,0.28721062666516406,0.09409955183221028,0.14639917391686602,0.15908558567885075,0.14195747948468185
11.954022988505749,0.3938360502056061,0.09644444273580145,0.150745876901801,0.21941604505601814,0.10512247797641086
11.97401299350325,0.49009348123519275,0.09005884592284458,0.15276567855460793,0.26230600530196874,0.07282770894161085
11.99400299850075,0.5730602249927181,0.0767547161864124,0.15469887702847687,0.28766583429333414,0.061458975452482724
12.013993003498252,0.6415833724363351,0.06034942445343835,0.15542420132736184,0.29759005828086577,0.07598057232836031
12.033983008495753,0.6953455735695627,0.048472324573013995,0.15105904643075876,0.29566385558681285,0.09972641278129266
12.053973013493254,0.7345173613055804,0.05063754803242752,0.13760389944174736,0.28603817676533533,0.12453518535191743
12.073963018490755,0.7595001194281955,0.06423134397120085,0.11338979978245488,0.2724175360757019,0.1510032467441487
12.093953023488256,0.7705993469052621,0.07863253991504013,0.08067404345950444,0.2572161783759696,0.18095346925975853
12.113943028485759,0.7676625707349408,0.08683258672286034,0.04890254416764599,0.2412029625818294,0.21347215696356048
12.13393303348326,0.7498433456115382,0.0849859667010761,0.044860446545472506,0.2238089147237618,0.2445235797499234
12.15392303848076,0.7156650635670494,0.07121341731541135,0.06975103932790504,0.20392278441145673,0.26879561764703075
12.173913043478262,0.6634564171421073,0.0460897878978946,0.09369353350990378,0.18078077171975251,0.281849012863365
12.193903048475763,0.5920813662016882,0.024922269120153155,0.10688441222569926,0.15468840787769705,0.2817584884538052
12.213893053473264,0.5017763600697478,0.059787043884296245,0.10915410967402614,0.1276132787749335,0.27017564992068477
12.233883058470765,0.3948937962238767,0.11836958996587513,0.10644645800469968,0.10381912081770697,0.25266393146025035
12.253873063468266,0.2765048920950579,0.18469746953634478,0.10863059453616143,0.08979488877331901,0.23743614081716993
12.273863068465769,0.15580473755101462,0.2540152127577871,0.12158826752669077,0.08981138233618083,0.23102267807566798
12.29385307346327,0.06437867932600608,0.32254095956481765,0.1406765246651234,0.09934985967533358,0.2324845624317514
12.31384307846077,0.11212072155953687,0.3869218943942018,0.1563751171838526,0.10922746807581492,0.23291584608559773
12.333833083458272,0.1967417088092645,0.44431574803862905,0.16116497441577246,0.11225102207956221,0.2211734142021481
12.353823088455773,0.2608565950960998,0.4925060462133635,0.15181390546466128,0.10408905560847898,0.18932505374390285
12.373813093453274,0.2958080969372271,0.5299806305944603,0.1306858814733798,0.08276533671563126,0.13636558433208792
12.393803098450775,0.29962095499638025,0.5559697062762712,0.10911504822306374,0.05015927871521812,0.08129227567486094
12.413793103448276,0.27422815546547485,0.5704474883018906,0.10993300271514023,0.03636928923519772,0.10830126568756085
12.433783108445779,0.2248148650162445,0.5740947633621908,0.14349840269396838,0.08892103766563901,0.20608163666941848
12.45377311344328,0.15934502020743588,0.5682115106967306,0.1926702134297857,0.16502446668818788,0.31432316988958675
12.47376311844078,0.0894011427515894,0.5545675347404416,0.24062656861845932,0.25220966619123103,0.4128173070752363
12.493753123438282,0.04711283581041899,0.5351905798451186,0.2777889297426169,0.3459994248238903,0.489774786597018
12.513743128435783,0.08258116267306496,0.5121161781107595,0.2993847696312967,0.4424500883639223,0.5379503777553554
12.533733133433284,0.12999436381716525,0.48715193290502345,0.3044918409689348,0.537477002028613,0.5550415291195249
12.553723138430785,0.16319879605522514,0.4617193755261138,0.2956932888596971,0.6267769402841256,0.5441008483080063
12.573713143428286,0.17839250769761694,0.4368070107314793,0.2784877175597429,0.7059093834383069,0.5131869502944143
12.593703148425789,0.1766498593219543,0.41300374154601477,0.25997438289108615,0.770510906521386,0.4737297864149505
12.61369315342329,0.16204029101234152,0.3905308328490073,0.24656791326639416,0.8166422386410254,0.43698743209496177
12.63368315842079,0.14134024683285656,0.36921364719848404,0.2415195140222802,0.8412323320241156,0.4089139938154566
12.653673163418292,0.12430244533687751,0.34843705581132295,0.24448142184386315,0.8425439419844333,0.3867488538171164
12.673663168415793,0.1219447295615088,0.3272281453592482,0.2539518682377479,0.8205636850511758,0.36128122536381696
12.693653173413294,0.13856254722040853,0.3046034034502854,0.26986276702804357,0.7772260745229025,0.322913403898053
12.713643178410795,0.16827253474943166,0.28020316707180576,0.29366160689088455,0.7164159540895221,0.2662721201186561
12.733633183408296,0.20329496243971854,0.25512027518584857,0.3263539723081168,0.6437515424215061,0.19161357862115824
12.753623188405799,0.23852312650430585,0.23272929847849497,0.36687822262806014,0.5662201912087778,0.10415413363905207
12.7736131934033,0.27105604355934465,0.21891207936481494,0.41229117276172456,0.49179114760984377,0.012498947313985759
12.7936031984008,0.2992888732509724,0.22013752278866103,0.45909909628703616,0.4290638357269326,0.07324662065508915
12.813593203398302,0.3224430561217834,0.23895989771048634,0.504432828612854,0.3866068141339313,0.14333296824596697
12.833583208395803,0.34032584478846184,0.2717069556628365,0.5465248193141483,0.37103677174614186,0.19002689487819427
12.853573213393304,0.35315550387934563,0.31135278294487934,0.5845996548387915,0.38394859410726195,0.20882214285545725
12.873563218390805,0.3614180620649408,0.3508757036483353,0.6184678534913503,0.4209907175948254,0.19912669564557603
12.893553223388306,0.365790792729231,0.38440146470977044,0.6480499231509318,0.4746559313677563,0.16443153518639617
12.913543228385807,0.36716717870853083,0.4072547205054666,0.6729384618039186,0.5372137035967304,0.11247355712072926
12.93353323338331,0.3667525986005238,0.41591359116316057,0.692042315888597,0.6017208416001919,0.059927446212983126
12.95352323838081,0.36609373751905416,0.40810219444209833,0.7033882070474474,0.6621475767379691,0.06117237939125441
12.973513243378312,0.36683234756769617,0.3829853821118831,0.7042116169637058,0.713567811786019,0.11182266468021523
12.993503248375813,0.37007295565678483,0.34138646376448406,0.6914379026923234,0.7525204151668916,0.16139561071402705
13.013493253373314,0.37560026917405614,0.2859618464011118,0.6625163321830575,0.7773074033243702,0.19987802477869906
13.033483258370815,0.3815192698602796,0.2213094649604514,0.6164259168977329,0.7879603435176239,0.22689518106406656
13.053473263368316,0.3847439563886397,0.15414219774632573,0.5546418724233072,0.7856981211323092,0.2455380435971856
13.073463268365817,0.3821694360389386,0.09436906709456085,0.4819733134809619,0.7719126755987207,0.2596625999067847
13.09345327336332,0.3719509346010908,0.0596998543476775,0.40736781261217314,0.7470476354079276,0.27142927472862277
13.11344327836082,0.35436528287428193,0.06276852030843302,0.34452276211247507,0.7100104934001715,0.2800947143328035
13.133433283358322,0.33198752452438224,0.07307116186395224,0.3097081347842565,0.658701584487576,0.28274342820677695
13.153423288355823,0.309164187556641,0.06827453992656184,0.31121927065532407,0.591812963895815,0.2760631518943242
13.173413293353324,0.29101809905338305,0.04520611747005434,0.3391961774694141,0.5116748495748838,0.25778224283894713
13.193403298350825,0.2824368577956816,0.02679997765329411,0.3745981989364425,0.42806704288939335,0.2271703263048677
13.213393303348326,0.28731822757945846,0.07141781071346956,0.4019782550200411,0.36250842098463754,0.18476461160285176
13.233383308345827,0.3076610141187618,0.1348311302866876,0.4121237197463592,0.3444206825233078,0.13179444731111473
13.25337331334333,0.3421798504104053,0.19929877554225098,0.40076168648538174,0.3821123880498986,0.07002114752130999
13.27336331834083,0.3854590672227885,0.2574495613225091,0.36751631622868236,0.4482827951733804,0.01779809067389176
13.293353323338332,0.4286839006769913,0.30480737151427184,0.31548714821558344,0.5105579747832525,0.0831810335791138
13.313343328335833,0.4615354139709465,0.33965099561010753,0.25131690394818235,0.5483281565233467,0.16483956101169936
13.333333333333334,0.474370235617329,0.3626509776954103,0.1864051684613351,0.5516371231944485,0.2483862974854924
13.353323338330835,0.4601866195726088,0.37583898095625723,0.1410741504160422,0.5184330843699122,0.32897227632539344
13.373313343328336,0.4161262513927479,0.381222634638891,0.14088579637742304,0.4526177606130657,0.40144825504426357
13.393303348325837,0.3444149669121245,0.3797494869878434,0.17958475383261088,0.362238637974202,0.46073444030419397
13.41329335332334,0.2531311487419582,0.3712587377603131,0.2310267833332208,0.2575708415820075,0.5025103111786744
13.43328335832084,0.15967342392892567,0.35542874013535936,0.28321362666410466,0.14928662475402524,0.523852310406416
13.453273363318342,0.11081564725065272,0.33303137495312546,0.33369632396610355,0.04840170581022479,0.5236917790201209
13.473263368315843,0.15439223284281778,0.3065767514729992,0.3824767554459366,0.05251069132889124,0.5030378644613397
13.493253373313344,0.22565069296690388,0.27963477873706527,0.4287159961600282,0.12867398872832148,0.464951677337636
13.513243378310845,0.28388810011274507,0.2546924235300883,0.4697654725358904,0.19297587528350715,0.4142889506733163
13.533233383308346,0.3193507698171618,0.23070913379088004,0.501736293007613,0.2467346109936675,0.3572658815583452
13.553223388305847,0.3316340531909766,0.20270819333480805,0.5207513539241354,0.29390683363612896,0.300948081154043
13.57321339330335,0.32506809698525585,0.16425439416743767,0.5241488327162616,0.3383588399745486,0.252739382838497
13.593203398300851,0.30691738491061615,0.11088302795589915,0.5112637945105484,0.3824346362169925,0.2195960307424607
13.613193403298352,0.28599704633154416,0.04384960984135638,0.4836984016492505,0.4262440260750105,0.20603181597058118
13.633183408295853,0.2711359423075379,0.048867287201497904,0.44512062681330505,0.4677654485822644,0.21126055861157864
13.653173413293354,0.26902483082222395,0.1351641634581269,0.4006639835327671,0.5035546805702749,0.2292823169314204
13.673163418290855,0.28200952459219514,0.22114467206357644,0.35599714846321995,0.529728707709894,0.2523003552361261
13.693153423288356,0.3078657023830346,0.2958686769914034,0.31615789945413064,0.54297372984923,0.27304808730084906
13.713143428285857,0.3417853436327299,0.3517388625734104,0.2844106196173727,0.5414236563296616,0.2853316220236579
13.73313343328336,0.37821240705348863,0.3844481395308583,0.26169838122598493,0.5252928573945574,0.2843545094961307
13.753123438280861,0.41146767611613744,0.39372625905585057,0.247244321466059,0.4971409340707144,0.2673395295546492
13.773113443278362,0.4358686115217077,0.38340068694058993,0.23999701813855975,0.4616118046797952,0.23437460925197684
13.793103448275863,0.44603065296806416,0.36064353780251135,0.23974685154996203,0.424439028060516,0.18977509257531802
13.813093453273364,0.4375455427075516,0.33449711267864285,0.2471010567590479,0.3905862230585058,0.14561028948800653
13.833083458270865,0.40799609599962,0.3139340895341982,0.2626113830884569,0.361950886695607,0.12786418562125945
13.853073463268366,0.358294760285269,0.30592656277958785,0.2859714580296273,0.3360305190743039,0.1559281563058255
13.873063468265867,0.29471481916902964,0.3141775691315646,0.3158473143949145,0.30685714303400113,0.20865807009622644
13.89305347326337,0.23297706612537095,0.33880286260659037,0.35014921926488485,0.26760427324822944,0.26122545604146885
13.913043478260871,0.20323817962090626,0.3765255571671153,0.38633494874989815,0.21311372666414277,0.30050077722995877
13.933033483258372,0.22900871295645406,0.4211129911685103,0.4216222872718588,0.14196144525656912,0.31990439842020607
13.953023488255873,0.2893501058633897,0.46434430594777487,0.4531915094754781,0.06560343939343999,0.31749271660941636
13.973013493253374,0.3519463905106316,0.4975457509583493,0.4784254911234473,0.08966780142332256,0.29623014875174125
13.993003498250875,0.3982829431956789,0.5133009822477339,0.4951406350462215,0.19934668693893823,0.2651219165451644
14.012993503248376,0.4199121383354913,0.5069310908890442,0.5017303078485491,0.31968028710482077,0.2398982870220274
14.032983508245877,0.41471139070678603,0.47753992949714186,0.4971822443595903,0.43575502368555996,0.2377024536493625
14.05297351324338,0.3851754663443902,0.4286555991642372,0.48099870763098185,0.5372563936610826,0.26182185760143534
14.072963518240881,0.33717446843840726,0.36874407447358776,0.45309635715814184,0.6152866692785219,0.29798858122570854
14.092953523238382,0.27868537466208393,0.3118670562470733,0.41376470627909645,0.6629930852343833,0.3292595739054095
14.112943528235883,0.21850549452309825,0.27677847490204327,0.36372046218965925,0.6763935791423789,0.344802913321178
14.132933533233384,0.1650446579825778,0.2773696881167588,0.30424056154029977,0.6548485276784444,0.340428206934288
14.152923538230885,0.12496556500946322,0.30816983007753107,0.23733637104340868,0.6009917015960402,0.3173325492540025
14.172913543228386,0.1008501281756238,0.3508906421686189,0.16603412270238635,0.5201478144397769,0.280658032271575
14.192903548225887,0.08910805132363434,0.3903269024187848,0.09565196297305373,0.41948165457841197,0.23781432194169952
14.212893553223388,0.08355601044694184,0.4181012182073425,0.04708635486740798,0.30737492351455775,0.19647135032429447
14.232883558220891,0.08239402423728659,0.4306792853327306,0.07709858307908789,0.1942785116714435,0.16232500614692968
14.252873563218392,0.09015174360503714,0.4273876032387818,0.13340376577198287,0.10278651292584443,0.1374687233006398
14.272863568215893,0.11268048074475226,0.40906369456143993,0.1850167975779577,0.10442066729428377,0.1212277183434235
14.292853573213394,0.1511876550117326,0.3771243695449043,0.2271498392508465,0.1756270940556032,0.11364997351142726
14.312843578210895,0.20344701736310689,0.33298583257828185,0.2587402995148134,0.24214297852667196,0.1173283021681651
14.332833583208396,0.26662859599249006,0.2778848219230414,0.28025298559053474,0.2863113330328297,0.13384772962327515
14.352823588205897,0.3376391332653973,0.21314730342976826,0.2932504945257083,0.3033604180386048,0.16039596243331564
14.372813593203398,0.4126208001011404,0.14101226434196906,0.30020989264621617,0.29408281596154867,0.1920846071051569
14.392803598200901,0.48663091613786436,0.06809708363314446,0.304335841351329,0.2644618367288649,0.225003574823119
14.412793603198402,0.5536949556371452,0.04925863218124602,0.30911898643813956,0.2258409495771578,0.2569474539941444
14.432783608195903,0.6072399830513775,0.11613492141621058,0.3173816535637203,0.19391020457331,0.2868836292925097
14.452773613193404,0.6408589692294426,0.18681981631941166,0.329964557374994,0.18213246132112568,0.31409303631070284
14.472763618190905,0.649295753102182,0.24714473948897703,0.34486108299514445,0.18967233425129718,0.3374341164519085
14.492753623188406,0.6294817245847081,0.29233203600280944,0.3575392179466161,0.20396542807561205,0.3549892338660574
14.512743628185907,0.5814283779975513,0.3205755500541508,0.3622645699999565,0.2160695847532597,0.3641511591414045
14.532733633183408,0.5088137890577581,0.33295278725509764,0.35367730885165816,0.22618050030026163,0.3620406276850962
14.552723638180911,0.4192286610392355,0.33336021757848,0.3281156314175967,0.24007808036460562,0.34611288449618954
14.572713643178412,0.32432976869827607,0.32776217567775445,0.2845714803815651,0.26218169487959475,0.31489177405555396
14.592703648175913,0.24055234674376308,0.3224363459434941,0.2254435502290995,0.2906069614181524,0.2689406322771743
14.612693653173414,0.18926672195424296,0.3214966502891945,0.15798374991226477,0.3186241573810833,0.2126713690988745
14.632683658170915,0.18344790260466082,0.3251570486143869,0.10137664856711177,0.33932726882751535,0.15937480497498924
14.652673663168416,0.2067833834524211,0.3302932540151197,0.10057558105674475,0.34880301674624736,0.1410325961546083
14.672663668165917,0.23716179578473756,0.3327600105518521,0.15180462906190625,0.34701338370558144,0.18098970220031665
14.692653673163418,0.2679671146744232,0.3295150798647296,0.20907512952057455,0.337125014101219,0.25139246966092527
14.712643678160921,0.30205136743921884,0.31953943153759806,0.2554104837008704,0.32381532080576514,0.32439197703512673
14.732633683158422,0.34237227826733574,0.3037242524445762,0.28612939965061873,0.3110823463271607,0.3863911179112926
14.752623688155923,0.3867746189694494,0.284170684443928,0.3011449441583472,0.30053373141717554,0.4304785082329001
14.772613693153424,0.4282728074862442,0.2632308343515113,0.30272049311551463,0.2912067831853944,0.45376481506802524
14.792603698150925,0.45826576082376536,0.24257260577397674,0.29393292374045354,0.28084843237253687,0.45666467426515583
14.812593703148426,0.4694606786690329,0.2226260743626375,0.27735549327952325,0.26735603651358536,0.4424049339133602
14.832583708145927,0.45748959121887106,0.20275202407688764,0.25431133343480855,0.24935396457055833,0.4163456407791804
14.852573713143428,0.4214650194899179,0.18217307760761042,0.22501078354504675,0.22606055133033007,0.3851204500118053
14.872563718140931,0.3638757028079945,0.16133771208505326,0.1894352685482114,0.19739344026030017,0.3557279243186719
14.892553723138432,0.290204663994566,0.14321802235053277,0.14852901840841826,0.16554433152318465,0.33459986798457214
14.912543728135933,0.208953440814884,0.13345121943083088,0.1057524373379675,0.1395252713288723,0.3264228667787989
14.932533733133434,0.13460263908373882,0.13689178586894912,0.07144132619925327,0.13957531537407106,0.33266861859120517
14.952523738130935,0.10051818032338754,0.15201736607150176,0.06950659386573387,0.17858093714373496,0.3507295472998917
14.972513743128436,0.13201208544730864,0.17168469948930629,0.10092980297707227,0.24333479648256945,0.3746533394845792
14.992503748125937,0.18635201410335087,0.18845055128188495,0.14108188163553365,0.3163434635160556,0.3969658117200685
15.012493753123438,0.23575118285274854,0.19716824371689798,0.17898509306172622,0.38543913061315566,0.41043772660879535
15.032483758120941,0.272697109148512,0.19526221156343065,0.21075526973200284,0.4422246166941413,0.40937633676796287
15.052473763118442,0.2956375743408477,0.1824761523699934,0.23453499089297705,0.481387179046426,0.3904923434533622
15.072463768115943,0.30529914644877093,0.160543924769336,0.24909100054168584,0.5009050653920022,0.35338581151188536
15.092453773113444,0.3034369037576187,0.13286352100376703,0.2532750227963481,0.5023143914705591,0.30067392799007403
15.112443778110945,0.29216136720688324,0.10436453476547965,0.24580183899607816,0.49062154536793984,0.2379269666187997
15.132433783108446,0.27364868967421235,0.08177721937142082,0.22527634787845408,0.4734987580052629,0.17401951850879674
15.152423788105947,0.2503940898562546,0.07264131472884099,0.19047702483313292,0.4592907272078696,0.12345786472122235
15.172413793103448,0.22617741993592844,0.0783805398816812,0.14088545256308044,0.45377491149835925,0.10736932044853899
15.192403798100951,0.20747654275855318,0.09174395730449356,0.07760203447365228,0.4572399916901536,0.1270710503434512
15.212393803098452,0.2033622485936611,0.10604290354053075,0.01854496323765672,0.4644489388225046,0.1573287932195984
15.232383808095953,0.22027217976389318,0.11839571544105076,0.0873830695108585,0.46764402589770154,0.1826780119498254
15.252373813093454,0.2556331724517888,0.12817485614846436,0.17268723135508443,0.4600338882516898,0.19863891718697427
15.272363818090955,0.3003729734474036,0.1358149392877734,0.2534308922983135,0.4379809859159241,0.20508453644592908
15.292353823088456,0.3452294253581059,0.1423157055752587,0.3216095785573381,0.40192798484248277,0.20338646332444882
15.312343828085957,0.383554387235339,0.14905545863113748,0.370354009659234,0.3566226280986102,0.19515823243076003
15.332333833083458,0.4118517800001698,0.1575610279857667,0.3946426121899328,0.3108073306306634,0.18175567984171653
15.35232383808096,0.42966336469571176,0.16894272146797246,0.3920637784201783,0.27548434170579766,0.164313090773085
15.372313843078462,0.4389016409347954,0.18306112773656774,0.36322768982280257,0.2586561885173462,0.1441014616047117
15.392303848075963,0.4424413186090379,0.19797353830952466,0.31171961965758427,0.2583417208244057,0.12293881100573512
15.412293853073464,0.4422246609729442,0.21013287368283287,0.24360791577540752,0.26336124330335686,0.10340842980238461
15.432283858070965,0.43780206196958055,0.21523636403494695,0.16664509488860094,0.26172435175575065,0.08859545802623837
15.452273863068466,0.42632001691827376,0.20931757547350036,0.08962716173320552,0.2461319072488398,0.08085756290348703
15.472263868065967,0.40406106714561335,0.18976566122508076,0.02817266451883389,0.21499523669954398,0.08000432660616896
15.492253873063468,0.3686706758019055,0.15608414675595397,0.05188963055213988,0.1724769503651284,0.08341802501806458
15.51224387806097,0.3212337373005593,0.11025775336214538,0.09269128431980625,0.130367210672308,0.08838380198073302
15.532233883058472,0.2681613188665386,0.056654395319828715,0.1182018512052845,0.11217342375735487,0.09344806587332521
15.552223888055973,0.22328961495985988,0.0035535103190632252,0.12852025371822812,0.1340736290751357,0.09808749015216318
15.572213893053474,0.20656862884138935,0.04909332599476112,0.12856922022724435,0.1767288900337915,0.10184545255071656
15.592203898050975,0.22721877489053796,0.08760652598695604,0.12791578916210705,0.2199762423829767,0.10369854824063572
15.612193903048476,0.27082710694494827,0.10970929088118933,0.13905462842229097,0.25614427226785,0.10193192762126556
15.632183908045977,0.3182127620901194,0.11306229425333561,0.16896758561196623,0.2845519705194026,0.09448549472905907
15.652173913043478,0.35764528675983415,0.09830510785025387,0.21407806059326503,0.30834638868878006,0.07956497832296354
15.67216391804098,0.3833725706831816,0.06891272319374082,0.2663934671589739,0.33233715947601516,0.05633366722603868
15.692153923038482,0.3929525012079478,0.030572157824260548,0.3184295144290558,0.3607047353345958,0.025873964486305287
15.712143928035983,0.3857763982294316,0.011338157406560126,0.3640052913782042,0.3950449438947761,0.015913504963262628
15.732133933033484,0.36243902777735737,0.04777766519990518,0.3981666526210428,0.4336675685031363,0.05276349360856455
15.752123938030985,0.3246295956547718,0.07597439693510404,0.4172629788222004,0.47223140827861126,0.0882062482020016
15.772113943028486,0.27528312650497844,0.09312529183102894,0.41913766398291225,0.5049657649524347,0.1151767154475665
15.792103948025987,0.21879809438746456,0.09981493419568667,0.403282511549851,0.5258896639029852,0.1287181205339003
15.812093953023489,0.16136645714447503,0.09955885378855397,0.3708623143485029,0.5299154783850207,0.12581258707169374
15.83208395802099,0.11203748002355725,0.09812403601660276,0.32457641056686964,0.5138571391694816,0.1066640644228309
15.852073963018492,0.08451859683987191,0.10200189393545761,0.268366201732039,0.4772643631944379,0.07765207761132151
15.872063968015993,0.08666483414020888,0.11620186422027404,0.20699816796170337,0.4229305672114174,0.0625006418248653
15.892053973013494,0.1025414002993201,0.14318490948607773,0.14555476263471934,0.35696372489732303,0.09112676044535659
15.912043978010995,0.11614993870852873,0.18345718024912844,0.08887242318811711,0.2884241713160776,0.1408808953991556
15.932033983008496,0.1230549760123561,0.2356598055418011,0.04117812355146366,0.22849446469415435,0.18984798495624805
15.952023988005998,0.12550229500822735,0.2960679308842008,0.01316405568747934,0.1882299829919562,0.22916972120953294
15.972013993003499,0.12946904083543875,0.3586981137726507,0.03336907985260164,0.1727622684610509,0.2553396157484843
15.992003998001,0.14147458736897703,0.4161713789611194,0.05923059113387788,0.17695245059389353,0.2685035953446482
16.011994002998502,0.1640282046908562,0.4609446436296816,0.08864144692006479,0.19291648697318486,0.27164276724796016
16.031984007996,0.19428773689031137,0.4865847956638675,0.12493118134412003,0.21799331244085024,0.2693628904340981
16.051974012993504,0.2269698116725275,0.48887911709667115,0.1673650918056924,0.252581945394613,0.2662756252620872
16.071964017991004,0.2569820194591389,0.46666569235324046,0.21208584137529127,0.2952630650230708,0.2656002658635795
16.091954022988507,0.28039384442193427,0.42237051810205267,0.2540889135048101,0.34153543427954314,0.26884691038179664
16.11194402798601,0.29467042521444675,0.36239028964082975,0.2886590665371748,0.3855380676874206,0.2766477716811398
16.13193403298351,0.2986751274961015,0.29764443383990014,0.3122671151569909,0.4220133643096051,0.2896140742718984
16.15192403798101,0.2925051946979725,0.24422275384973052,0.3230634716272055,0.44737126181779746,0.30813598588015734
16.17191404297851,0.2771483220759883,0.21991804733374667,0.3210067357590991,0.4599278729184502,0.33135105137254356
16.191904047976013,0.25403144671204453,0.22872275009421603,0.3076521254065943,0.4596206728917063,0.35646173916691254
16.211894052973513,0.2246878210334118,0.25369297566379306,0.28567047765949843,0.44745892901529977,0.3791116050537947
16.231884057971016,0.190972591031602,0.2752994924819274,0.2582309481618673,0.424919992034059,0.3944736858691177
16.25187406296852,0.15658099562974664,0.28212915043522807,0.2284294704801369,0.39346148696668093,0.3983714909025888
16.271864067966018,0.1309618690965864,0.2696315667661093,0.19894873637990418,0.3542689769545713,0.3880726846320208
16.29185407296352,0.13160409119895525,0.2376409606958453,0.17205471690992802,0.3082898504004889,0.36271629384990367
16.31184407796102,0.16637098324594152,0.18884942067151225,0.14983890644034772,0.2565214980540395,0.32346507290592535
16.331834082958522,0.2221206888560632,0.12805247627869473,0.13432109353304886,0.20045519880486767,0.2735282857902161
16.35182408795602,0.2839415594124019,0.06379375183376712,0.12686708829872378,0.1426055646925502,0.21831019621131348
16.371814092953525,0.34152498084277155,0.04292380732552888,0.12705819269582813,0.08750563884046017,0.1662242930073769
16.391804097951024,0.3874530495813549,0.10023746995339176,0.13241943057612612,0.04700864863651719,0.13046979053403873
16.411794102948527,0.4164880051547015,0.16264459022411426,0.13959028039843324,0.05009706690813222,0.12492987758381043
16.43178410794603,0.4256574039738898,0.2170443093247314,0.1455607910691656,0.07682293803901857,0.14539816236705613
16.45177411294353,0.4144166239362319,0.25964741460469243,0.14811078509909595,0.09734033693917718,0.174440870302644
16.47176411794103,0.38459935443470655,0.2883865549894467,0.1457767913141352,0.1054097282705173,0.20133295520346337
16.49175412293853,0.3401068068725152,0.30222289601636493,0.13777600405442983,0.10071236594419387,0.22285093729084973
16.511744127936034,0.28643464522461787,0.3010109447523755,0.12407421672345056,0.08551013232293826,0.23974489124480153
16.531734132933533,0.23025706400632556,0.2854739619097228,0.10569536952700692,0.06411592118111968,0.25457679379683634
16.551724137931036,0.17936438983682806,0.25720578103220815,0.08551545255985411,0.04393062820081268,0.27006266203023893
16.57171414292854,0.1428052679566539,0.21866017654888908,0.07001127044950366,0.038394020005331445,0.28765794183322235
16.591704147926038,0.1283330975366235,0.17311050968057748,0.06927736956568288,0.051804071101574777,0.30682753680117725
16.61169415292354,0.13439508321007332,0.12461602873286981,0.08590235429827553,0.07119623971184529,0.3252950768028557
16.63168415792104,0.15044097834958592,0.07826280460698992,0.1114095500757417,0.09042923205989507,0.33993899688547824
16.651674162918543,0.16752264322408472,0.04238114522692873,0.1384398246420719,0.10922351613070015,0.3477688018631525
16.671664167916042,0.1815266606068105,0.03463218375158457,0.16332869265076358,0.1292322365023737,0.34667519973608696
16.691654172913545,0.191397957090759,0.04757466345843474,0.1846028189207808,0.152151043932977,0.3359198058070978
16.711644177911044,0.19755119452185993,0.05540663932504999,0.20212361054323671,0.17845338832736976,0.31640948022847026
16.731634182908547,0.20089200922129202,0.05121343621954391,0.21661798672668164,0.2068051044044231,0.29076179671490804
16.75162418790605,0.2021368393752416,0.03445168754336265,0.22926977837933168,0.23419631606522862,0.263075047137691
16.77161419290355,0.20142503403244982,0.006938943323017265,0.2412920711061283,0.25653102605444555,0.23817049137217855
16.79160419790105,0.19835196942337036,0.02825230213525675,0.253511463736674,0.26942186845768434,0.22003198510290226
16.81159420289855,0.1923945985421203,0.06685508083346235,0.26604212177818576,0.2690446431652496,0.20983293284930235
16.831584207896054,0.18346602749551538,0.1045179069034728,0.27813014904174743,0.25293226764681087,0.20524721187817152
16.851574212893553,0.17226785443312745,0.13703248505370438,0.2882097803241555,0.22057862530727332,0.20213920895146942
16.871564217891056,0.1602194794141685,0.16091294401896722,0.2941553273743839,0.17375781421748557,0.19704423006649643
16.891554222888555,0.14892969439925116,0.17376036177725349,0.2936694528203886,0.11663940312785885,0.18851677642189962
16.911544227886058,0.13942419622008878,0.17445248364520635,0.2847323740046451,0.057117046597197546,0.17715413068570954
16.93153423288356,0.13160051040465515,0.16314893679115788,0.26604293025842635,0.0344840713094631,0.16482737907376271
16.95152423788106,0.12430876590217499,0.14116165791131757,0.23740998639307218,0.0800609700054307,0.15350318144277303
16.971514242878563,0.11590837850124676,0.11083494927271455,0.2001231230250109,0.12493041447632723,0.14405828290889958
16.991504247876062,0.10481436208377551,0.07591375591343771,0.15753418096190683,0.1571281447970445,0.13573618866845683
17.011494252873565,0.08992997604047688,0.04522353593740845,0.1167137799358855,0.17444531604098767,0.12663680419379963
17.031484257871064,0.0716197872470245,0.04537937852823568,0.0924695659854558,0.17736785451700024,0.11475950164354448
17.051474262868567,0.05537670535081528,0.07622859697607898,0.10105691166447711,0.16813658887246977,0.09879459594060465
17.07146426786607,0.05854227031890513,0.11137994601260999,0.13257588130673775,0.1500737991594382,0.07837137832251997
17.09145427286357,0.08935959260535117,0.14233135566641997,0.16816980419273905,0.12697093759329522,0.05395008883530361
17.11144427786107,0.13437184994769275,0.16575055334300667,0.1982267349028896,0.10273758427291783,0.026792627316148905
17.13143428285857,0.18348086958704893,0.17980528071644591,0.21838652355018753,0.08161365272718046,0.009375919047629687
17.151424287856074,0.23032010548892387,0.1836854866340394,0.22661319187536524,0.06882548036266889,0.03609447338813445
17.171414292853573,0.26991384428727466,0.17754497293749646,0.22223739217681285,0.06897944670546967,0.06596522788984581
17.191404297851076,0.29851263494138025,0.16243820481913626,0.2056079151400092,0.08074885959799567,0.09439674294873489
17.211394302848575,0.3139089294135939,0.14017724182444652,0.17792183825423558,0.0983027594205767,0.1197511377159065
17.231384307846078,0.3156631307420917,0.11312466454890094,0.14109839271189137,0.11676580838864345,0.14037502371572882
17.25137431284358,0.3050766458684325,0.08398475775887401,0.09763750819317615,0.1329931034348172,0.15451324527041535
17.27136431784108,0.28489390445942364,0.055753244235693784,0.05044241220774768,0.1448511054610099,0.16044197856086553
17.291354322838583,0.25878582366536934,0.03255048592518535,0.003975675158192107,0.15091156240556056,0.15672504053931596
17.311344327836082,0.230698252820604,0.023462534143615828,0.04367863370978119,0.1504674561907717,0.14254447375480092
17.331334332833585,0.20415744973452313,0.03192786192342534,0.08500148348482457,0.14368458503994605,0.11806054885294881
17.351324337831084,0.1816443147353472,0.0440009212552846,0.12009037733648,0.1318276951987027,0.08485645986715852
17.371314342828587,0.16421091491240125,0.05412227561126185,0.1479453047676731,0.11755683636992731,0.047472353610305267
17.39130434782609,0.1515407217294997,0.06144966769915953,0.16836863767491686,0.10514719970050451,0.029236821965937868
17.41129435282359,0.14246311323326458,0.06572312547643727,0.18181553838250747,0.09972284422808092,0.060267497979276254
17.43128435782109,0.13560750379067532,0.06651299624862714,0.18917446085189998,0.10411260311732137,0.09857005732632834
17.45127436281859,0.12984596299625448,0.06353985662995604,0.19151489792405085,0.11613495680687444,0.1302597680671584
17.471264367816094,0.12445671646258452,0.05757501421237486,0.1898569672974135,0.1308904788271446,0.15086910946476065
17.491254372813593,0.11913448444983163,0.05167828242322827,0.18501037267219392,0.1441395942726161,0.15812516836543883
17.511244377811096,0.11394400433905905,0.051415706756837376,0.17751620159620546,0.15325038640448108,0.15144861510086335
17.531234382808595,0.10924058805224726,0.06004500980876007,0.16770753706835353,0.15693636238617495,0.1318475184336191
17.551224387806098,0.10557614197148793,0.07406833284624467,0.1558812564309728,0.15484705328984405,0.10171466016029196
17.5712143928036,0.10361272821161598,0.08788753357253072,0.14254112631309185,0.1472417322765104,0.06453220181605165
17.5912043978011,0.1039937402012805,0.09754458139515285,0.1286317061964763,0.13479815727107008,0.024972907385046088
17.611194402798603,0.10705124598001621,0.10110932894404824,0.11562598795896965,0.11862860348849216,0.01867697399859027
17.631184407796102,0.11237663645010267,0.09852098093421316,0.10525323482862878,0.10061434196064116,0.05189216388007502
17.651174412793605,0.11857512621544411,0.09140833010462512,0.09870013375809564,0.0841707195870616,0.0781138962500279
17.671164417791104,0.12348617623803178,0.08276565177170045,0.09566093236537133,0.07489836988653466,0.09376523207880025
17.691154422788607,0.12477945626755639,0.07621434396119439,0.0942541473675268,0.07780458601587179,0.09737845800282371
17.71114442778611,0.12066310429805538,0.07446209970307473,0.09204910020715949,0.0911088865128914,0.08897794405981557
17.73113443278361,0.11056811870538989,0.07769494885145475,0.08717050430435382,0.10824148271949598,0.07041727326409711
17.75112443778111,0.09587961723132209,0.08402399484478798,0.0787736919234143,0.12368773938989722,0.04679977610643072
17.77111444277861,0.08096068746053744,0.09139900285584941,0.06699959435453937,0.13424303718782504,0.034066737124623755
17.791104447776114,0.07377742476985828,0.09857070668023979,0.05268797308037533,0.1386296418192143,0.05113830426179313
17.811094452773613,0.08076018481827846,0.10496728974938055,0.03702065198777261,0.13719854488671612,0.07820115778521634
17.831084457771116,0.09822630007634904,0.1103553490396412,0.021210785514916133,0.13160354101282298,0.10141017378830754
17.851074462768615,0.11778687579498182,0.11467359886835557,0.0066514747314268775,0.12414966939102325,0.1165222038621649
17.871064467766118,0.13338089677024023,0.11802828156753588,0.009013702273748992,0.11670516701438889,0.12313261824864084
17.89105447276362,0.1416351491597667,0.12071890466988577,0.021298100653763537,0.10959472800324925,0.12397746183490667
17.91104447776112,0.14110360590907725,0.12319652219210303,0.032770919738457235,0.10141674791959553,0.12430635373037036
17.931034482758623,0.13195055423790586,0.12593826590499677,0.04361173381226092,0.09020456925712553,0.12938511089527938
17.951024487756122,0.11604099164064556,0.1292833080516219,0.05422256364730371,0.07534103554983355,0.14053164686501807
17.971014492753625,0.09757730744504121,0.1332953929414063,0.06476847610164424,0.06013756151863049,0.15409434145318365
17.991004497751124,0.08429284201922976,0.13770415031851352,0.07493256998899293,0.05525623701700831,0.1645265319444136
18.010994502748627,0.08556401526301538,0.14194915055426616,0.08388151465541985,0.07015591438512588,0.1673653354967033
18.030984507746126,0.10231848368033307,0.14532059087557592,0.09049729632180635,0.09709797923463084,0.1603885432240924
18.05097451274363,0.12618779913210557,0.14716504605003436,0.09380949987834211,0.12565800875853436,0.14371605993226833
18.07096451774113,0.14943558613926117,0.1471061922114027,0.09349212971752101,0.1498804309768462,0.11947878448436779
18.09095452273863,0.1675351171120044,0.14521841828618873,0.09025991841112052,0.1665905939398446,0.09130809878025734
18.110944527736134,0.1782632685361577,0.14208321607958477,0.08592310453640747,0.17457171175033145,0.06388098940988449
18.130934532733633,0.1810271055175591,0.13865865346130607,0.08272195285650538,0.17429155612993819,0.042906941655419806
18.150924537731136,0.17644656085950985,0.13593251623225394,0.08182214554467634,0.16764717685638345,0.034367667474395486
18.170914542728635,0.16595329514858495,0.13445885723198767,0.08212174842118104,0.15760604777249468,0.03704041493292075
18.190904547726138,0.15136213755407157,0.1340469720304978,0.08088631837279538,0.14771639092745065,0.043171674551306646
18.21089455272364,0.1345026706366862,0.13385306293178253,0.07552520318420028,0.1413776623025203,0.04969756264185597
18.23088455772114,0.11705083832296236,0.13282867403475163,0.06499304602100266,0.14076527057691796,0.056735199423944796
18.250874562718643,0.10064798605349057,0.1302309482166405,0.05080782852202476,0.14583861393662664,0.06376087644477947
18.270864567716142,0.087194246409708,0.1259431325100604,0.03902213136359223,0.15433645045917013,0.0687316252485235
18.290854572713645,0.07881592349628087,0.12052049438496222,0.040589946981204564,0.16277067315283444,0.0691040001895358
18.310844577711144,0.07679077105998203,0.11497581479713558,0.055216422310497705,0.16751661166117587,0.06305352324869447
18.330834582708647,0.08012549291775714,0.11036830552185142,0.07234225039174551,0.165561278079026,0.05037111433877906
18.350824587706146,0.08607380893469935,0.10734791842905053,0.0858336601111219,0.15500891229278974,0.0338997887875124
18.37081459270365,0.0920575770453587,0.10590166483514364,0.09323087748005982,0.13543306839809843,0.02602857630661364
18.390804597701152,0.096742932211659,0.10545888648842648,0.0941464398238745,0.10806736479630896,0.04116928355195468
18.41079460269865,0.10008510396050399,0.10522536537694017,0.0896941693899671,0.07594110410546247,0.06418574401787028
18.430784607696154,0.10290273830772607,0.10447265029434713,0.08209444900047368,0.044990204715770934,0.0847985804762656
18.450774612693653,0.1062233327568455,0.10265618598443978,0.0741693579104894,0.031486565334895855,0.09905856152603006
18.470764617691156,0.11060853093180482,0.09942574545098894,0.06853069148851239,0.047245125130458664,0.10531609018810427
18.490754622688655,0.11579439465385157,0.09464308181294773,0.06647429454107426,0.06856450533962712,0.10376920198989913
18.510744627686158,0.12082285642840795,0.08847179055462202,0.0674333803075317,0.08555448865794099,0.09650334276087104
18.53073463268366,0.12446866980099035,0.08153636480719322,0.06977430262416805,0.09695430407851303,0.08740576154038578
18.55072463768116,0.12565693377342058,0.07508025252065355,0.07194373497500037,0.10357259411903938,0.08124919424181266
18.570714642678663,0.12374654042860185,0.07091765929496122,0.07287068470468783,0.1065848862032257,0.08091784877341512
18.590704647676162,0.11871032584804793,0.07079494947906625,0.07182662385993974,0.10671543784860583,0.08474849988571727
18.610694652673665,0.11126219916420849,0.07521257643103088,0.06825810932906572,0.10405574855993349,0.08821961663341284
18.630684657671164,0.10291348809834266,0.08294732221208165,0.06180177691241207,0.0984383533670688,0.08742091861594181
18.650674662668667,0.09579851559333745,0.09188001423904746,0.05246140250638085,0.09002720761171035,0.08047329779847251
18.670664667666166,0.09195342367237967,0.09995498136031318,0.04088171044821752,0.07987036380837585,0.0675165631289079
18.69065467266367,0.09205196593938293,0.10557082782499891,0.028844295654561897,0.07049814190621878,0.05037592204221566
18.710644677661172,0.09467233477473835,0.10763877222252057,0.020683884688093228,0.06643488118225442,0.03243134751836681
18.73063468265867,0.09703267252892123,0.10556822338359453,0.02244955072104524,0.07245913889351119,0.01985554093005668
18.750624687656174,0.0963002078172486,0.09925796956464639,0.030829803483662405,0.08895144054396999,0.02050291064100063
18.770614692653673,0.09038023951523681,0.08909677836729761,0.03992929967593158,0.11195373067396645,0.02686455167181072
18.790604697651176,0.07817435868728334,0.07596977056994146,0.04835546593494168,0.13682428517655568,0.030399035210805017
18.810594702648675,0.05967088169315838,0.061293069516291473,0.05697018712506232,0.15948733144426638,0.03003632930660914
18.830584707646178,0.03645373880618458,0.04716223505416011,0.06702568755012961,0.17651495857962024,0.02801891843880746
18.85057471264368,0.01880849307398861,0.036688701175060755,0.07868905478242265,0.1853275365887931,0.028046549027520448
18.87056471764118,0.03766811768577827,0.03342189082947226,0.09053888662140731,0.18450339694046905,0.0317772039035428
18.890554722638683,0.07015007703637992,0.037471078421759695,0.10014597928465091,0.17399788652283743,0.03701580371298855
18.910544727636182,0.10373251280830087,0.045210854418107065,0.1049677702518903,0.1551657168889853,0.04093074899792697
18.930534732633685,0.1355677419578691,0.054276817066945274,0.10304902008146782,0.13060288987993313,0.0421533083200138
18.950524737631184,0.16405393674700205,0.06443244335299002,0.0934533104470583,0.10395592634114113,0.04087831990215712
18.970514742628687,0.18817304889352165,0.07630595243265516,0.0764585682415648,0.07996922495808587,0.03847915682296731
18.990504747626186,0.207383428700457,0.0903191596222408,0.0535654373315686,0.06463826896978712,0.036757475227522096
19.01049475262369,0.221554074097095,0.10615115309788548,0.02760816696362943,0.06251606973516345,0.036732188287218005
19.030484757621192,0.23088914977045466,0.1227472955766399,0.010717154556315856,0.07070191992163231,0.03790650421846935
19.05047476261869,0.23584545302155344,0.13861943666992046,0.030363882703750726,0.0823171006322519,0.039034860947366745
19.070464767616194,0.2370507956939074,0.15217517433551594,0.05152085932786655,0.09290329173782903,0.03934653626213623
19.090454772613693,0.23522683904216174,0.16196924748542257,0.06758993378244457,0.1003744592740764,0.03909881364456838
19.110444777611196,0.23111525915489275,0.16686721072309724,0.07787984938162415,0.10371513915770135,0.039525778634114425
19.130434782608695,0.2254056508566694,0.1661348767991214,0.08310435048675457,0.1023821218091036,0.042258508533205764
19.150424787606198,0.21866861496285828,0.15946739174978153,0.08483388449084137,0.09614502352382925,0.04831674462558821
19.1704147926037,0.21130536493252114,0.14697249868524592,0.08485409685729126,0.08510123009869362,0.05762234792490448
19.1904047976012,0.2035296216204612,0.12912598573569525,0.0844722540384693,0.06974860024251778,0.06950350152692274
19.210394802598703,0.1953923491982112,0.10672181232550712,0.08419643600058581,0.05108780318543597,0.08324912212920826
19.230384807596202,0.18684498143200584,0.0808502511391556,0.08408233063352843,0.030896621909901285,0.09818418529406582
19.250374812593705,0.17782043963528174,0.053008702580106905,0.08443823817999196,0.014218575707487151,0.11348332959710959
19.270364817591204,0.16830393399748655,0.026247236024247278,0.08619195203636823,0.019188514968258078,0.12799517633819815
19.290354822588707,0.15837126539535015,0.01870625323109063,0.09044539814603116,0.034159946167385664,0.1402237461537018
19.310344827586206,0.1481865895885331,0.04032598740387343,0.09748212207302351,0.04608907120548627,0.14850467463842357
19.33033483258371,0.13796662977536597,0.06352521137245687,0.10622805003905647,0.05270993076008039,0.15132803237325315
19.350324837581212,0.12792856722331733,0.08296309778375735,0.11468898812456979,0.0536060197478703,0.14770824701460666
19.37031484257871,0.11824208816823588,0.09709301617609119,0.12078086777277101,0.04947893655392828,0.13748976856076373
19.390304847576214,0.10900217272170402,0.10520705329108031,0.12292121435298693,0.042112701440838916,0.12149822378104008
19.410294852573713,0.10022957828418302,0.10723605640759494,0.12027587967282241,0.03447022863402221,0.10149222151554602
19.430284857571216,0.09189417250865728,0.10372431505348845,0.11277691683434064,0.03044385610397562,0.07993347183566037
19.450274862568715,0.08394756067720201,0.09575087250321289,0.10102262882229956,0.0321828463889196,0.05966616846214257
19.470264867566218,0.07634982040831409,0.08475815139845236,0.08614303914713078,0.03747013777353798,0.04364217844119666
19.490254872563717,0.06908047074045295,0.07229987575436765,0.06970660102388535,0.0431603795149019,0.03452993177747681
19.51024487756122,0.06213233264283622,0.0597597360160448,0.05375213634067112,0.04769291219470019,0.03311845579828464
19.530234882558723,0.055494514884858,0.04813127106578647,0.04098165134800872,0.05060162770424461,0.03707295160143091
19.550224887556222,0.049135002470741,0.03796657130647191,0.03443346331582858,0.051702495916867305,0.04357417834946449
19.570214892553725,0.04299352098654477,0.02954260293343947,0.03460982896078897,0.05065220784589055,0.05077796731274782
19.590204897551224,0.03699170474529141,0.02313558622497993,0.03780897718813429,0.046951506719746905,0.05711639487635128
19.610194902548727,0.03106166223606593,0.01913711128404021,0.04031047200444289,0.040352167260985124,0.06104188542757422
19.630184907546226,0.025190076675571237,0.017839677690318755,0.040584826598455644,0.03174542047977398,0.0612863771896215
19.65017491254373,0.019482345591111967,0.019328946233448652,0.038858111601315595,0.025389672371914272,0.05714403678961317
19.670164917541232,0.014294622499768695,0.023813738014857498,0.03658137219963508,0.02970460892197435,0.04859363304451774
19.69015492253873,0.010595476441769986,0.031397610123168794,0.03572602907804313,0.044221850667879155,0.03627126424493211
19.710144927536234,0.01019264215916296,0.04144484391616702,0.037383094077239214,0.062048671520466545,0.021438977471736495
19.730134932533733,0.013346341418561038,0.05253798438725947,0.040824547007565964,0.07904639629567153,0.007741604736414837
19.750124937531236,0.018310353695519543,0.06282966484243041,0.044502460709868887,0.09272584013962647,0.015228627689205613
19.770114942528735,0.024031647394025225,0.07044952964968455,0.04749351279269442,0.10140734764845452,0.030338521821435174
19.79010494752624,0.03003241671541811,0.07390437763355692,0.0500317806824881,0.10409283149853457,0.044084816909441195
19.810094952523738,0.03584831879703557,0.07245073150583496,0.0532232258592367,0.10050122959131304,0.055449130705898735
19.83008495752124,0.04082971436564515,0.06642876196143632,0.058103782574685466,0.09114298558183541,0.06428552703054065
19.850074962518743,0.0441649778837666,0.057601310901449716,0.06462341437752189,0.07746234879325396,0.07105104316445604
19.870064967516242,0.0450554097048631,0.049499252019307605,0.07152086834712111,0.06220751639985988,0.07670975836573442
19.890054972513745,0.04302716512459255,0.046754274264845914,0.07703206782346562,0.050218582552362834,0.08246223623239883
19.910044977511244,0.03846023124494305,0.05111669305823781,0.07961419346019387,0.04775724639105783,0.08926034235360791
19.930034982508747,0.033600824200635655,0.05912707682840235,0.07832740691545642,0.05554179650195745,0.09733080202113395
19.950024987506247,0.033535940680983034,0.06633718332266826,0.07293326177598902,0.06724274226441904,0.10604917220820427
19.97001499250375,0.04211454917983691,0.06999771722683937,0.06380971254086194,0.07736171697949658,0.11422617139521364
19.990004997501252,0.05659126816324258,0.06896447840487142,0.051748322354526435,0.08304343269527299,0.12055234152192053
20.00999500249875,0.0723469925979727,0.063233548814927,0.0376933763345658,0.08308907410628336,0.1239642516028952
20.029985007496254,0.08593537709246234,0.05360082347253865,0.022493303796994893,0.07737158756190939,0.12385864058204839
20.049975012493753,0.09494161197100884,0.04142510016980413,0.006781113686488138,0.06656593084038481,0.12016848858880495
20.069965017491256,0.0978312325062555,0.028597481388141832,0.009543463998105368,0.05198849256632738,0.11333207884950838
20.089955022488756,0.09399109477037777,0.01836619093142664,0.025866266795273905,0.0355442013951057,0.10418758861987598
20.10994502748626,0.08378437239313115,0.017014636876918912,0.042446196856649916,0.02025118854692224,0.09382811702240522
20.129935032483758,0.06856786184666064,0.024320359297009944,0.05903459706700122,0.013910113717841784,0.08344767185611547
20.14992503748126,0.05077821152639813,0.033634602896871306,0.07514553521373671,0.02094425755593343,0.07418609814249268
20.169915042478763,0.0345902899054895,0.04267822318514585,0.09003659806336571,0.02922293126666128,0.06694587535597696
20.189905047476262,0.02749173955414432,0.051133109782813865,0.10280396115630891,0.03427196761755829,0.062162769542413496
20.209895052473765,0.03290989189044128,0.05900592331791649,0.11253303379032364,0.03570050753327876,0.059637867118164135
20.229885057471265,0.04203418319715272,0.06613011425941108,0.11846422450583201,0.03461811100241728,0.058641838194692826
20.249875062468767,0.048755440554549084,0.0720613286458167,0.12013314398181839,0.03323521460453574,0.05830110795652053
20.269865067466267,0.05157308314513341,0.07619135867444753,0.1174448570425544,0.03403847806488432,0.05799951117324226
20.28985507246377,0.05120983131867567,0.07795443454611477,0.11065175220874623,0.03792429624280718,0.05758360430479116
20.309845077461272,0.0498335789978066,0.07702113484615662,0.10023172855845396,0.04356284506078714,0.05734037258699728
20.32983508245877,0.050225340089711606,0.07342089905112191,0.08670672808639018,0.04899144350794125,0.057777946160118464
20.349825087456274,0.053965993459605746,0.0675747134703331,0.07048460292108173,0.05279979147793868,0.05928773532800462
20.369815092453774,0.06007856607815592,0.06024530862217535,0.05181831951465212,0.054284171948113136,0.06188021909539087
20.389805097451276,0.06602408973725044,0.05242655098728307,0.0309442796692666,0.053282163973061875,0.06518664353862182
20.409795102448776,0.06934195488108917,0.04519698257686732,0.008871780412606079,0.05001943463037505,0.06869055724324112
20.42978510744628,0.06836277857672853,0.039549550896679,0.01723202077908696,0.04507421126734573,0.07197874991780853
20.449775112443778,0.06232917726999673,0.03619099794143491,0.041402262753014604,0.03950565332927293,0.07486921113937132
20.46976511744128,0.05134302683262774,0.0353493400685284,0.06471263882819714,0.03505455411822628,0.0774062650083001
20.489755122438783,0.03625027659239743,0.036743485908442605,0.08547323138244037,0.033800581619305374,0.0797697517664888
20.509745127436283,0.01850990519167026,0.039772900931170196,0.10232563202563962,0.03648029990679537,0.08214695587812533
20.529735132433785,0.0031798370126446362,0.04372237862375532,0.11430758771437884,0.041522972149133267,0.08460565184263391
20.549725137431285,0.018956372624312597,0.04785327882632797,0.12097231750632409,0.04668929598577245,0.08699919621861191
20.569715142428787,0.03440290961786809,0.051452512766548865,0.12240692844643883,0.05055059285625692,0.08892927141631604
20.589705147426287,0.04607429944400126,0.05390082113756761,0.11914608819222292,0.05284161908037698,0.08978222927893116
20.60969515242379,0.0530267938890477,0.054752024113665275,0.11201345895778304,0.054395767993262546,0.08883765572015806
20.62968515742129,0.05490136653716531,0.053796211956450575,0.10194311425113448,0.05670954260515237,0.08542802510328612
20.64967516241879,0.05189323809710692,0.0510887055814249,0.08984231307880985,0.060963734306062424,0.0791149451681926
20.669665167416294,0.044719565516837416,0.04693660891253472,0.07656090955757221,0.06706459935407207,0.06984586304694347
20.689655172413794,0.034631129230774126,0.04184104276663672,0.06304373813408912,0.07368752041593131,0.05806850880280558
20.709645177411296,0.02375676734978572,0.03639918463501267,0.0507757641875469,0.07912751711115144,0.04482065921764744
20.729635182408796,0.016891910354353265,0.031183030513006763,0.04251010705992776,0.08205924124730458,0.031928519581326094
20.7496251874063,0.020475497874489768,0.026639996601528392,0.04177941631438891,0.0819023046516256,0.022652686474860344
20.769615192403798,0.029831233953915206,0.02309450978809788,0.04881391308975915,0.07889340952753233,0.021162462632304008
20.7896051974013,0.039106047697471724,0.020895154351452568,0.0597220662273283,0.07394461163649675,0.025736186702494918
20.809595202398803,0.046261760062457705,0.02053198842025735,0.07065914002997783,0.0682876953599494,0.03085493321081626
20.829585207396303,0.050565955757240835,0.022348154107842595,0.07910912716472394,0.06292416839989202,0.03386110590242928
20.849575212393805,0.05183924640576791,0.026069841358664615,0.0835433888279314,0.058096302761462285,0.034020270095433756
20.869565217391305,0.0502692535405632,0.030921285193034973,0.08322999612719362,0.05320385046650531,0.03145668683560641
20.889555222388807,0.04635510840760881,0.03607693360742413,0.07821479535565638,0.047340039006695575,0.02714465955966408
20.909545227386307,0.040917418325850344,0.0409200153317934,0.06932914272571532,0.04009660295965224,0.0240378015880674
20.92953523238381,0.035178596253863256,0.045129921854748865,0.05817401786205419,0.032321975672660486,0.027706564395390137
20.94952523738131,0.030839073634755496,0.04869716106279475,0.047074672311843986,0.02683335187014163,0.03999670891482696
20.96951524237881,0.029651354370551115,0.05187170660029366,0.03881949286807068,0.027304348195526747,0.057580525307593375
20.989505247376314,0.03202588775646087,0.055028252796196823,0.03535700697002091,0.032954672285263935,0.07731827712039971
21.009495252373814,0.03655551417342689,0.0584693023111967,0.03569941180723374,0.039379860830753725,0.09679114804527555
21.029485257371316,0.041447431137618986,0.06224821164432102,0.03681650405301949,0.043372728988835665,0.1139130125768008
21.049475262368816,0.04547697050358846,0.06610734269919014,0.0364187962467514,0.043431558564674885,0.12695882036086412
21.06946526736632,0.048052041981495236,0.06955182403493637,0.033707342806643524,0.039292649207098,0.13473879658693877
21.089455272363818,0.04910201381763343,0.07199473782004351,0.02895445234490498,0.03167140056584215,0.13674132468968606
21.10944527736132,0.048978074559762164,0.07289886563869229,0.023041588178036535,0.022040127888297876,0.13316633866009267
21.129435282358823,0.04830968058583016,0.07188014449441095,0.017089634822497132,0.012359470956693389,0.12482859049706893
21.149425287356323,0.04775684560936446,0.06877108779155588,0.01210636178186879,0.0049543659452935705,0.11295431657314453
21.169415292353825,0.047703450440260114,0.06365263178018016,0.008574617068076254,0.003495687655747904,0.09892933708145443
21.189405297351325,0.04808892218918151,0.05686108324535079,0.006228160149140552,0.006035371662733472,0.08407564511043016
21.209395302348828,0.048546325072921115,0.04897340705654463,0.004914614608880263,0.01210947727228608,0.06952770834379658
21.229385307346327,0.04874537722887788,0.04077175403117469,0.005834824067590745,0.02334927574293084,0.05624164731277655
21.24937531234383,0.0486772435259522,0.0331798992607793,0.008997079350705558,0.03847910813051383,0.04509943681155242
21.26936531734133,0.048703569117051315,0.027126694575655304,0.012908723417565033,0.05536701203826976,0.036958395071130946
21.28935532233883,0.04933629840100787,0.023227203284285826,0.016630948830942942,0.07164358438320897,0.03236754952233705
21.309345327336334,0.05087960765333979,0.021339466257609064,0.019769838231995823,0.08504419316562223,0.03096305616995845
21.329335332333834,0.05322864103669209,0.02059669843940347,0.022335675015702515,0.09374493769088106,0.03149116900564919
21.349325337331337,0.05600936640103282,0.020089383329621416,0.024543764758883042,0.09662667211554161,0.032737699653005624
21.369315342328836,0.05887988290410649,0.019342308814928388,0.02648707299868905,0.09341174032670922,0.034125541390848814
21.38930534732634,0.06167968388786231,0.018280843865388405,0.027879608334498866,0.08464912602322439,0.035630604361637015
21.409295352323838,0.06430660034583013,0.017014850752973567,0.028088757090784667,0.07155598469560931,0.037490383404328226
21.42928535732134,0.06644600650232067,0.01566608187248616,0.026410007596494388,0.05575263968486418,0.03998364986111869
21.449275362318843,0.06739946670515569,0.014307214600933774,0.022381161195980746,0.03894985275992905,0.04331638910542263
21.469265367316343,0.06617712583086754,0.012999995382271458,0.016035805439203726,0.02266044558409061,0.04753571896198231
21.489255372313846,0.06181587252829695,0.01187475573592296,0.008392973526902759,0.008056046364682167,0.052417597178650084
21.509245377311345,0.05379020418578977,0.01120927787122787,0.006514010261772685,0.005078638221257426,0.05738353033263025
21.529235382308848,0.042504495462777174,0.011479845246270458,0.014610023180500236,0.015129665944673857,0.06153357483909084
21.549225387306347,0.030373537889162527,0.013244991405453333,0.023031839164526977,0.02324559873177425,0.06380758789313858
21.56921539230385,0.024971080691486774,0.01679856335910874,0.029401571218667596,0.029587826505186793,0.06322287478503066
21.58920539730135,0.033755156230719216,0.021997766969311546,0.032727158549306044,0.03456341552742361,0.05914257841446286
21.60919540229885,0.04915935120476008,0.02837763540863017,0.032590696283656385,0.038696048492826214,0.05158897062848415
21.629185407296355,0.06406117953827485,0.035255955161515085,0.029137948712217622,0.042602841353190736,0.04177017501099132
21.649175412293854,0.0753071711215787,0.04179553550383157,0.023128322200132927,0.04682738104716932,0.03333953191178292
21.669165417291357,0.08133507407430043,0.047089709539488996,0.01622411345053624,0.05154762948510524,0.033223705122902
21.689155422288856,0.08159741676504527,0.050278560474512284,0.01230466210344588,0.05638376035793499,0.04354449330944371
21.70914542728636,0.07647339509342674,0.05067495925901404,0.015676356796776,0.06048118890583854,0.05830488097773019
21.729135432283858,0.06726240846792214,0.04787666224504088,0.022723275130507366,0.06278947135579936,0.07258612609068611
21.74912543728136,0.05621327651203922,0.04184496906836891,0.029792337181552036,0.062354110972428656,0.08379745297548041
21.76911544227886,0.046532448834482654,0.032936555187514004,0.035790241017379605,0.05851965136480674,0.09068593965667342
21.789105447276363,0.04165449152286223,0.0218822866628909,0.04055868467164032,0.05103015581411266,0.09300196573777876
21.809095452273866,0.0425449715239182,0.009722790985392122,0.044277800412272306,0.0400578985245145,0.09136746545549815
21.829085457271365,0.046485150379102495,0.00268914132394266,0.047181109815105926,0.026269053314728973,0.08706937066847222
21.849075462268868,0.05047603450132022,0.013405545480981431,0.049397282613202795,0.011963704278930462,0.0816603758606926
21.869065467266367,0.0535916899363565,0.022067549427266218,0.05092100179719867,0.013981216313396428,0.0763741028989257
21.88905547226387,0.05690021476730732,0.027982627427298817,0.05168194040999983,0.031177310385978152,0.07160685664356148
21.90904547726137,0.06235790066748803,0.03127149495753792,0.0516336758388986,0.04957809167240582,0.06691189704147722
21.929035482258872,0.07105775578909511,0.03294284246596222,0.050797528949978375,0.06701604097937083,0.06166020372594806
21.949025487256375,0.08216889560753657,0.03482425356673618,0.04925169042027078,0.08235473037086033,0.05599398464840347
21.969015492253874,0.09351375942540702,0.03869603573115018,0.04710451739840196,0.09469041538527993,0.051574439477886355
21.989005497251377,0.10268146565914696,0.04492024128548676,0.044500574813388635,0.10334094284569717,0.05131415992775304
22.008995502248876,0.10772579313844116,0.05226757529974915,0.04167331351463547,0.10791623027419434,0.05693314628512969
22.02898550724638,0.1074673566656463,0.058958481424338016,0.03899909745024898,0.10838102541862335,0.06681940565460137
22.048975512243878,0.10158580484979723,0.06348677861957419,0.03695886641510023,0.10507263171303581,0.07765048626209252
22.06896551724138,0.09057955142628348,0.06493356781673829,0.03593332865361994,0.09865503056161294,0.0864775604548997
22.08895552223888,0.07562254520996636,0.06303732791024043,0.0359232676914343,0.09000974458724306,0.09127839699424409
22.108945527236383,0.05835226544428058,0.05814852264900784,0.03647215928816146,0.08008323101768532,0.09094519767210481
22.128935532233886,0.04065343974723093,0.05109773368517123,0.0368996083134415,0.06972676668621233,0.08524712551044365
22.148925537231385,0.024608850499229708,0.04299202181998514,0.036610784730644684,0.059572494333740664,0.07487450686458681
22.168915542228888,0.01340383841387315,0.03496046778789343,0.03526015243580072,0.04998205573629523,0.061696709565660125
22.188905547226387,0.012580628974599939,0.02787800955503879,0.03275891669731509,0.041078749524416876,0.04957009483231683
22.20889555222389,0.017474846063574915,0.022127804819082227,0.029224475788794942,0.03284091058045802,0.045132951123623345
22.22888555722139,0.021136380422772348,0.01753455299991173,0.025018789757482316,0.025219201319170634,0.05262966225636872
22.248875562218892,0.022336563279787593,0.013581436268228317,0.021106625590597092,0.01826534824195338,0.06754751983579195
22.268865567216395,0.021320819166660142,0.00976020078931385,0.019796187957964728,0.012338305122865736,0.08390597054986838
22.288855572213894,0.01865592577626599,0.005764629453670054,0.023763584977154174,0.008579411905200344,0.09830522036480763
22.308845577211397,0.014924549496228014,0.0016919955342671812,0.03257431474348069,0.00857973403646602,0.10905081667876594
22.328835582208896,0.010597392747287096,0.0038233952527986443,0.0439398546627007,0.010949269550444736,0.11544992734884058
22.3488255872064,0.006096059104302744,0.009008496628699729,0.05590866740427399,0.013375398606139458,0.1175312740938551
22.368815592203898,0.0035653356079202512,0.014499229010801543,0.06690107536938161,0.015247872495585377,0.11588950049228737
22.3888055972014,0.007937150741570474,0.019852844954745052,0.075579537121166,0.017182248564472032,0.11152684716683595
22.4087956021989,0.01526492951579735,0.02454892505642596,0.0809113663041652,0.020447140091747137,0.10564187056743729
22.428785607196403,0.02434566591135303,0.02806706595034016,0.08229532380988683,0.025854861702377628,0.09934901183878098
22.448775612193906,0.035035925149429874,0.030018817352718413,0.0796651874187573,0.03302912464551331,0.09336348839319977
22.468765617191405,0.04706202282010738,0.030250258449433142,0.0735235131884834,0.04084953552139012,0.08776830869075916
22.488755622188908,0.0599323444186773,0.028878707217581026,0.06487865904457822,0.04807306347706611,0.08201392298927208
22.508745627186407,0.07297573164849352,0.02625050734593082,0.05506473462060513,0.053653270080861876,0.07518362981595529
22.52873563218391,0.0854129189049257,0.022831614094612603,0.04542091590468284,0.0568986638039891,0.06638103651527759
22.54872563718141,0.0964375019334258,0.019071376750727488,0.03683256098414833,0.05754937492111668,0.05506017885581186
22.568715642178912,0.10529544636188312,0.015309571504866873,0.029303392005464366,0.05577190338527106,0.04121781780923607
22.588705647176415,0.11135679052148627,0.011808316422198189,0.021973091381411774,0.05206459152873547,0.025461504216597465
22.608695652173914,0.11417578039668058,0.008954563007708609,0.01374906109008888,0.047085936166020255,0.009141904451555266
22.628685657171417,0.11353707605190416,0.007483080116162931,0.004185119005385807,0.041449247716908756,0.008098501315918754
22.648675662168916,0.10948610143718121,0.007855944288237398,0.007714888179291573,0.03556219478199426,0.021464519096470618
22.66866566716642,0.10234138863992467,0.009205888761152822,0.019642490413939846,0.029597158074627317,0.03134293559719038
22.688655672163918,0.09268622475494154,0.010378290180812051,0.03126677651018272,0.023616305860352,0.03628421084470578
22.70864567716142,0.08133592933918002,0.010808026234745943,0.04126349930459684,0.017770512974143934,0.03568143842742165
22.72863568215892,0.06927442208472956,0.010475138693842905,0.048512860854422524,0.01245097442827017,0.02969518248380805
22.748625687156423,0.05754667389177189,0.009782954076354017,0.052237697977196344,0.00834107835743602,0.019328824602161763
22.768615692153926,0.04708227456113408,0.009325699321333078,0.052122450176739686,0.006326809687435035,0.007264453935937095
22.788605697151425,0.03843483415771941,0.009407027742188255,0.04835615478004242,0.006876741078439072,0.011201714107753244
22.808595702148928,0.03152998441764229,0.009816647927798544,0.04159470909901718,0.009846194047312413,0.02412377886366213
22.828585707146427,0.02571523991277783,0.010461938153698109,0.03284882729870066,0.015310331910824737,0.03463013957719812
22.84857571214393,0.020365551205023355,0.012190595476838699,0.023311260994194973,0.023058672203561895,0.04077746621900659
22.86856571714143,0.016040769613652712,0.016434741277008513,0.014140338585734302,0.03231663753826241,0.04167693279343815
22.888555722138932,0.0157271159414857,0.023682253945405244,0.00621873382194468,0.04195002579905539,0.03725935353814557
22.908545727136435,0.021399055742645605,0.03336218782419332,0.0006056671640431097,0.0507032154950984,0.02821231009922322
22.928535732133934,0.030402961304159003,0.044581889308491426,0.00538066637852638,0.05742826906006392,0.015832829525083778
22.948525737131437,0.040063098811325415,0.05641515480655603,0.01031966818057947,0.0612955635611303,0.00185673833912361
22.968515742128936,0.048733511098437605,0.0679861690267852,0.01590658935578912,0.0619574295437167,0.012156601238023335
22.98850574712644,0.05527680344948146,0.07853005470692588,0.0222906556525082,0.05963664530521523,0.024343600228605537
23.008495752123938,0.058902535805139794,0.08743929701520245,0.028967614845220483,0.05511784549772521,0.03359958128642575
23.02848575712144,0.05914221951995607,0.09428572048467189,0.03516517757034508,0.0496155847852068,0.039315359646336694
23.04847576211894,0.055832429590334305,0.09881669299156014,0.04017087890365063,0.044468419949438794,0.04161614931392286
23.068465767116443,0.04907912426200447,0.100932301818247,0.043520138792737674,0.04062943988501342,0.041443908587282446
23.088455772113946,0.039213260085498275,0.10065399514133101,0.04506814589089459,0.03818047567648727,0.04052212953860944
23.108445777111445,0.026770957552029236,0.09809500243433646,0.04496837866280508,0.03638910115130614,0.04089266269916084
23.128435782108948,0.01268380934032275,0.09343996936730865,0.04358025671785041,0.03434593161761309,0.04374620411906181
23.148425787106447,0.0064484843974309935,0.08693710897519856,0.04133653936453609,0.03153876580807887,0.04852700596030221
23.16841579210395,0.021056219680758072,0.07890205039001633,0.03860854246330409,0.028004411387624918,0.05353762861357192
23.18840579710145,0.03650058067611948,0.06972944694375,0.03560609284209218,0.024178027810613144,0.05704682829805645
23.208395802098952,0.05047873796240132,0.05990703432385801,0.03233556226767853,0.020608733546389132,0.05782442983627623
23.22838580709645,0.06190345926834211,0.050027318525212604,0.028618950111058434,0.017651466505364474,0.05525027566591369
23.248375812093954,0.06993679282165186,0.04079162698354693,0.024162700459173757,0.015302415688473882,0.049288446899497844
23.268365817091457,0.07404314202937143,0.03298652245016233,0.018661229609052997,0.013354569272032955,0.04042458109870339
23.288355822088956,0.07406653074065427,0.02735263635111843,0.011918843620965828,0.011760194260683327,0.02961168563879317
23.30834582708646,0.070264081639099,0.024212321206864194,0.003998745592395432,0.010827607324975447,0.018420827021163547
23.328335832083958,0.06327768707070977,0.023063836926898416,0.005095329756282322,0.010968975254776303,0.010788604646757613
23.34832583708146,0.05404524927973211,0.022835970807605157,0.0142922629819798,0.012227427147519239,0.014062747206050247
23.36831584207896,0.04366750091414492,0.02261178325080621,0.02302874989584459,0.01440416301015823,0.022177857642619533
23.388305847076463,0.033256341800265724,0.021968664296130504,0.030332819563642043,0.017575315015010164,0.029557826537607232
23.408295852073966,0.023794383589337026,0.020912470996651458,0.03531954794416955,0.02211568435648273,0.03509793067522733
23.428285857071465,0.01603126046985216,0.01971151244168791,0.03733762298979059,0.028270813617111642,0.0386977896946001
23.448275862068968,0.010421067290178155,0.01873495998753607,0.036118640103813916,0.03583441656482528,0.04062381865430184
23.468265867066467,0.00703450042053056,0.018296051842245142,0.031892075270017285,0.04416959042948275,0.04134388847913656
23.48825587206397,0.005366792294077691,0.018524977733935365,0.02549473458415861,0.05239491210138409,0.04145412670637381
23.50824587706147,0.004514722636179184,0.019340430865317292,0.018643214794675792,0.059572349070628514,0.041610275713711974
23.528235882058972,0.00390137511995686,0.020530081417711753,0.01462118536409985,0.06486164925501386,0.04239116123621468
23.54822588705647,0.003399559347620589,0.021857339531155363,0.01636758014367019,0.06764226977784088,0.04408402713690485
23.568215892053974,0.0029791616705514097,0.023139796999176974,0.02110718590691995,0.06760205757157435,0.04652434559598166
23.588205897051477,0.002729178720095572,0.024313260904043035,0.02532782730319671,0.06479238382135279,0.049145499922207084
23.608195902048976,0.0033912583961238727,0.025492467339691096,0.027728238484239973,0.05965804409545147,0.05120484999487064
23.62818590704648,0.005713506628183064,0.02698696080982449,0.028285352997355483,0.053064348386612364,0.05202854158918199
23.64817591204398,0.00951438526961548,0.029192939539603523,0.027747733144614414,0.04634698115840765,0.0511805119767885
23.66816591704148,0.014454745526225169,0.032350767942617285,0.02725041276340618,0.04131709106332136,0.04854517189192911
23.68815592203898,0.020192694820095742,0.03633386592390569,0.027663638917213174,0.03980898796861224,0.044337506366611074
23.708145927036483,0.026326396201702656,0.0406513597628437,0.028940978328345326,0.04243358931866444,0.03905112709986121
23.728135932033986,0.03240550345770538,0.044625069097152095,0.030209358363082674,0.048006970276558376,0.03335091045886061
23.748125937031485,0.03797759272968499,0.04758888942345976,0.030446651652136062,0.054671997007208026,0.02791955065018021
23.768115942028988,0.042645431396145204,0.04903281655267031,0.028980090402557983,0.06087706806620594,0.023290304343837307
23.788105947026487,0.04612008824750424,0.048683323387911204,0.025636092806091786,0.06553097095854034,0.019763471150366696
23.80809595202399,0.048258939497233436,0.0465278196701117,0.020721171210395715,0.0679271684888345,0.017550605581710572
23.82808595702149,0.04908168797933874,0.04279390695341417,0.014984174035373487,0.06772249387201505,0.017063290666468205
23.848075962018992,0.04876159759767101,0.03790392979727857,0.009773539908686502,0.06498274740738998,0.01876228019038144
23.86806596701649,0.04759183997345282,0.03244164777561045,0.007610439603410585,0.060255928829129814,0.022465024463601692
23.888055972013994,0.045927726452817126,0.02718031554252973,0.00944728372027798,0.05462657074663883,0.02726474112203071
23.908045977011497,0.044107568332646785,0.023175418350899007,0.012099113121843632,0.04964506861636896,0.03204604720085414
23.928035982008996,0.04236428386529778,0.021630095548258548,0.01374416892370586,0.046876643150726864,0.03579874917854068
23.9480259870065,0.04075797596328897,0.022985028005443577,0.013984149642895124,0.04695367945001775,0.03773171013730579
23.968015992004,0.03916970362503701,0.026254730457263297,0.012942599225224661,0.04899568432565071,0.03734051139609621
23.9880059970015,0.03737552466427417,0.029917348023248826,0.01097452734179515,0.051281794922782224,0.03445570136522007
24.007996001999,0.03517923869217652,0.03274167061194582,0.008548917553519535,0.052279064375114856,0.029263861056334026
24.027986006996503,0.03256327360947806,0.03390316930619698,0.006269531336724255,0.0511087371590291,0.02230991613614022
24.047976011994006,0.029826536807231893,0.03294055352855113,0.005118166906201347,0.047601534243800335,0.014570845998297841
24.067966016991505,0.027660847461804236,0.029741105588499742,0.005995263199091918,0.04224119240218005,0.008257656275359687
24.087956021989008,0.026999592115332722,0.02453533864918386,0.008220310722322408,0.03609575007182661,0.008838091104248567
24.107946026986507,0.028443401864987557,0.01788587266457702,0.010789825807443244,0.03068241152677434,0.01420009314117782
24.12793603198401,0.03171523098237714,0.010761301817924505,0.013135819591050977,0.027464180675101948,0.01919675119552534
24.14792603698151,0.03590735962167918,0.005649356947599196,0.014868166079964804,0.02674534204489042,0.02259043344408433
24.167916041979012,0.04007952998978272,0.007892729770784292,0.015686399660347586,0.027227158815720832,0.024200734488521093
24.18790604697651,0.04354813175543002,0.012745014634618565,0.015398304544331472,0.027204761299018283,0.024275880396807663
24.207896051974014,0.04591916790536334,0.016566651515354577,0.013950395170610376,0.02562295065330913,0.02334693679501027
24.227886056971517,0.04704493174414541,0.01880280478776295,0.011442287430303202,0.022212361776076772,0.022125477682342652
24.247876061969016,0.04696669777980236,0.019554625845230853,0.00814182817397546,0.01729208552687764,0.02134724779971599
24.26786606696652,0.04585485243880599,0.01919865497910682,0.004682645728465132,0.011542139451718798,0.021517122207387954
24.28785607196402,0.04395035213372589,0.018182171478865267,0.003701147302276033,0.0057875648416080535,0.022686243680549476
24.30784607696152,0.04151198720194647,0.01682099360621352,0.00697967042706964,0.0008068711580900005,0.024505907345124478
24.32783608195902,0.038773626706059446,0.015174962905886732,0.011181948661856941,0.002896049020613856,0.026486187071802808
24.347826086956523,0.035914253198014855,0.013098553032164683,0.01526229156366907,0.005098201258067696,0.028185212375856594
24.367816091954023,0.03304231836292114,0.01043187263197717,0.018878960122347917,0.006092881718075739,0.029268559710231595
24.387806096951525,0.03019483698604681,0.0071911328095208005,0.021791534729414044,0.006602616842192241,0.029515684119875932
24.407796101949028,0.027349715652390305,0.0037267562522727824,0.02379288908135845,0.0074486457556848145,0.02882167280678107
24.427786106946527,0.024447117704075323,0.0019385275079497604,0.024726501968696968,0.008843939044742477,0.02720073341884773
24.44777611194403,0.021415128881362,0.004160052781811372,0.024535107662736762,0.01036204546287829,0.02478291941633894
24.46776611694153,0.018201857479287684,0.006260995682342074,0.023325573214796464,0.011579879580783643,0.02179404639367134
24.487756121939032,0.014838936397599185,0.0072160695414114516,0.021443768779648247,0.012459328534974771,0.018509689278334206
24.50774612693653,0.011627629199711609,0.006894818729096807,0.01954096520628324,0.013391089411299082,0.015177443841165665
24.527736131934034,0.009653070738578394,0.0055711335577178734,0.018516110035690387,0.014950132608601058,0.011919228794272214
24.547726136931537,0.01086363511708558,0.0041309931617338,0.0190741075393578,0.017433053922427742,0.008671772380881296
24.567716141929036,0.015414513945146003,0.00429264933812845,0.021110496292297082,0.020644509890560818,0.0052979398406392
24.58770614692654,0.021824747226575618,0.006103721839542221,0.02383149058121685,0.024127537258970648,0.002664998718559389
24.60769615192404,0.029044137734314898,0.007992365342549403,0.02638058621811564,0.027443766284556432,0.005314431994411818
24.62768615692154,0.03635755334900889,0.009146879931844164,0.02815939159547216,0.030288283882950268,0.010425359438483401
24.64767616191904,0.04312943411810256,0.009298290215349078,0.028865362774874913,0.032494879929326495,0.01584347123952166
24.667666166916543,0.04875804939683904,0.008487109841275608,0.02845969384082362,0.03400763383748835,0.020705125050005043
24.687656171914043,0.05271220567428015,0.006977042688178205,0.027126543776078597,0.034861213488520656,0.024188299288725644
24.707646176911545,0.05458992975165523,0.005208022560358649,0.02522149625602315,0.03518533586148091,0.025550558743037015
24.727636181909048,0.05417143634242852,0.0038236456051694906,0.023194433497377594,0.03521954983534004,0.024274157490175956
24.747626186906547,0.05145066906090977,0.0035890950384721153,0.021469781971463105,0.03529620292305538,0.020235033358069743
24.76761619190405,0.046637280946481605,0.004459508069291411,0.020292641289881397,0.03574517955742092,0.014016619646231628
24.78760619690155,0.04012844985504398,0.005743840315044779,0.01962285681488102,0.03672919438978712,0.008669514080781109
24.807596201899052,0.0324585989869692,0.00712292493904781,0.01918120794496593,0.0381160037304419,0.012560565460648987
24.82758620689655,0.02424793749279896,0.008529985145189989,0.018614118346303422,0.03950340114432248,0.022040945798683327
24.847576211894054,0.01620818460716239,0.009951655634809813,0.017636644102415413,0.040381467672313834,0.031612058581031124
24.867566216891557,0.009477550106546623,0.011390331298232647,0.016089404364914295,0.04031813934967752,0.03939720837643234
24.887556221889056,0.007186436525441576,0.012877787882647622,0.013938450788813792,0.03908584417177508,0.04436548350028063
24.90754622688656,0.010627163291067854,0.014465489890692575,0.011260817593883676,0.03671008348122145,0.04597369176904648
24.92753623188406,0.015230272536332058,0.016177022993109174,0.008248023114173324,0.03344618955849609,0.04414280280184881
24.94752623688156,0.019175658405976154,0.017958878955776924,0.005307756681626166,0.029691488218143096,0.03924389506645399
24.96751624187906,0.021999922309449176,0.01967141908390552,0.0036518652460191645,0.02584276964821279,0.032074798864377585
24.987506246876563,0.02351133166255577,0.021124003129186768,0.004940760235320054,0.022132845795291,0.02391333097318032
25.007496251874063,0.02362300648481359,0.022126592352370817,0.007626878686571728,0.01852680455486334,0.016941995359384072
25.027486256871565,0.022352937327140176,0.022531744963002774,0.010492275211464949,0.014768314285425974,0.014859364565122494
25.04747626186907,0.019871368194016224,0.022258087156893702,0.01331649079264818,0.010571566313701826,0.018650785749420605
25.067466266866568,0.016597136949666073,0.021298548935627905,0.016120983426639788,0.005891144249232869,0.02439757681204996
25.08745627186407,0.013422655055625125,0.019719169656967805,0.01894002289187037,0.002483701468020946,0.029593360337065226
25.10744627686157,0.012024258342693488,0.017650313661484347,0.02171514269236622,0.00646691748254722,0.033402257995147594
25.127436281859072,0.013850637837458112,0.015266931034873,0.024260653924130265,0.011875115858375435,0.035620405126430485
25.14742628685657,0.01807899138347404,0.01275425402975553,0.02629208615302301,0.016772069360180473,0.036285703182225286
25.167416291854074,0.02313610348866552,0.010266962043126661,0.027489267898790894,0.020591898980734314,0.03551530602708825
25.187406296851577,0.028046070168032185,0.007919838892769562,0.027563173294562517,0.0229985784247516,0.03342985736757678
25.207396301849077,0.03224231557708324,0.00590332575125866,0.026308597820552948,0.023888762377182623,0.030137097977697813
25.22738630684658,0.035345471728379214,0.004857817003982598,0.023637679115135726,0.023432701931295017,0.025764534796772303
25.24737631184408,0.037080345627516456,0.005748012933341678,0.01959776995762721,0.02209761570919806,0.02053279678623161
25.26736631684158,0.03726147456241939,0.008188530390741496,0.014386593214919616,0.02061687486302887,0.014895709673730067
25.28735632183908,0.03581718485963038,0.011187923401084902,0.008431349976743123,0.019799953519990372,0.009961217656103508
25.307346326836583,0.03284390866078281,0.014137269659204185,0.0035798535201789854,0.020097714420582745,0.00846368063148107
25.327336331834083,0.028695953913357056,0.016666008289938618,0.007078862443985791,0.02126182057022639,0.011523905771690027
25.347326336831586,0.02413374066883108,0.018560800315558953,0.01325702772159348,0.022575257965807023,0.015884940647154993
25.36731634182909,0.020514046123187978,0.019753827323605547,0.018916864005148477,0.0233247189042366,0.019633955761673535
25.387306346826588,0.01953084848768483,0.02029437476423077,0.02341460868517685,0.02304053427026985,0.022117699957792895
25.40729635182409,0.02161663002965924,0.020285349152020273,0.026389683187053092,0.021533027248743883,0.023182249617071445
25.42728635682159,0.025246917466736553,0.01980936741789074,0.02764445669343404,0.018870236522324255,0.023005533124580382
25.447276361819092,0.028651295730096126,0.018893714758015354,0.027133616845981458,0.015368671711290274,0.022051210374026898
25.46726636681659,0.030727876639121677,0.01755248832794757,0.024950342603430674,0.011659575173056127,0.02100072770289938
25.487256371814095,0.03099029990450347,0.015902053000195673,0.02130092234947734,0.008929298025663494,0.020565873317400736
25.507246376811597,0.029430217808467475,0.01430437843496578,0.016474447784030857,0.008734098592504957,0.02115358033344192
25.527236381809097,0.026418221166750574,0.01341718422186437,0.01081642971867019,0.010796226959125702,0.022646373315351433
25.5472263868066,0.022589341677447382,0.013864041850637327,0.004711739558123271,0.013352101538892222,0.024582067732157226
25.5672163918041,0.01866629295175944,0.015599950930896847,0.0014536741198873803,0.015341116345805986,0.02649441195902311
25.5872063968016,0.015191542714313229,0.017935398336465683,0.0072084842824867434,0.01638176499474941,0.02809365724076397
25.6071964017991,0.012241048551192239,0.020124047357974174,0.012189412602201768,0.01648085464396735,0.029285623085932872
25.627186406796604,0.009397612527088687,0.021656733129984805,0.016039081373971403,0.015916164347122418,0.030121686332342162
25.647176411794103,0.006138485817736178,0.02227875412512184,0.018513930451819618,0.015124850286645595,0.030723710960829355
25.667166416791606,0.002440128803915906,0.021942559126001723,0.01951993127330733,0.014496031543621354,0.03120121122671157
25.68715642178911,0.0031206179035744765,0.020753214915965493,0.01913732659899252,0.014109550753673874,0.03158366575743068
25.707146426786608,0.007571496562131178,0.018913423812221893,0.017614776848290204,0.013661280871549497,0.031797963488505096
25.72713643178411,0.011667887826368444,0.016672074831683117,0.015328968895621986,0.012686923123814278,0.031704682909198874
25.74712643678161,0.014650679176377244,0.014280817894463652,0.01271780903280853,0.010854315280953233,0.031174591483675535
25.767116441779113,0.016074539219176225,0.011959917566395082,0.010212833925142092,0.008139289208104543,0.03016790287345191
25.787106446776612,0.015793308689242794,0.00987013829351175,0.00821814048058756,0.0049719805690889,0.028784618581246715
25.807096451774115,0.013989203847492537,0.008088889390946118,0.007153991693428664,0.003058262016412478,0.027271287930900688
25.827086456771614,0.011144187443365927,0.006606774987930679,0.0073530010674539925,0.004685910765641001,0.025984636288007817
25.847076461769117,0.007953448740070524,0.005393524701881823,0.008670440934665031,0.006840853177734594,0.025322949619375583
25.86706646676662,0.005202115607971242,0.004598143272680061,0.010533704766077578,0.00773874869380093,0.02564253147897222
25.88705647176412,0.0036365394634262816,0.004764059781338919,0.012331678277006373,0.006808179845641103,0.027177673287210227
25.90704647676162,0.0037719370895199374,0.006302541948124718,0.013550442639074881,0.0038967287235283114,0.029978706089458743
25.92703648175912,0.005699195996005974,0.008881682803946815,0.013807057641850685,0.0011035986867775165,0.033879755680852816
25.947026486756624,0.009259941438108687,0.011982502825697652,0.012904610746500721,0.007141188347103801,0.03850617509699186
25.967016491754123,0.014026951388578898,0.015164596192905644,0.010917225812860261,0.014098975548983596,0.0433237776001421
25.987006496751626,0.01931425042521147,0.018032752331130792,0.008375404316726022,0.0210963663800204,0.047720437393001344
26.00699650174913,0.024316950971085115,0.0202357999929313,0.0067776280506951,0.02737216464830497,0.051103357706086226
26.026986506746628,0.028265244661321506,0.021498971517056684,0.008097231054858642,0.032266327592137954,0.05299337230249587
26.04697651174413,0.030563849874291046,0.021660417531961493,0.011446567180824005,0.03530144215245802,0.05309918573059019
26.06696651674163,0.030900504084304975,0.020694878819292068,0.015041397563693175,0.036237976423679895,0.05135866105330387
26.086956521739133,0.02931598458229212,0.018716621138391946,0.0180345638717228,0.035093811258212884,0.047940508150634206
26.106946526736632,0.026245935270341303,0.01596183332314146,0.020119628030767406,0.032126082475408234,0.04320695179129009
26.126936531734135,0.02256355974771281,0.012759822862228416,0.02131666248024497,0.027779040429928435,0.03764497256893029
26.146926536731634,0.019604814157319725,0.009515950460595394,0.021871340566073823,0.022607689689618887,0.03177964995723871
26.166916541729137,0.0188095962777678,0.006755292429362155,0.022133812696902105,0.01719555155066967,0.026087785864093518
26.18690654672664,0.020545955413543898,0.005232930478517533,0.02240609553221154,0.012103677110719498,0.02093361732952787
26.20689655172414,0.023756685318100202,0.0054346871605378275,0.022822426728901116,0.007946182249289738,0.01655016726995681
26.22688655672164,0.027204318722475796,0.006596700448522004,0.02334042429945415,0.005748924537185368,0.013083705403333815
26.24687656171914,0.03014622847320785,0.007803409731603742,0.023832258185856964,0.00635368198093683,0.010686745708323652
26.266866566716644,0.03226449471792839,0.008639783327191593,0.024179575819043796,0.00835456271373185,0.00955120946446238
26.286856571714143,0.03349646375691847,0.008930973457232804,0.024301989695696233,0.010288621796688963,0.009710183564853614
26.306846576711646,0.033916263245703425,0.008595574085712869,0.024128242489013164,0.011485862224146201,0.010835856164995777
26.32683658170915,0.033656702878713245,0.007636052666842515,0.02356295106961534,0.011549118632233681,0.012446493605750297
26.346826586706648,0.032856931333036944,0.006235933371564811,0.022492868572879937,0.01024737479294973,0.014154855382510906
26.36681659170415,0.03162968014219136,0.005064640686084562,0.02083983969999018,0.007610935978065665,0.015693037308290646
26.38680659670165,0.030045742558955982,0.005484875611468773,0.01864092106400581,0.004410081678265527,0.016871857015162525
26.406796601699153,0.028133898701027945,0.007748840926565189,0.01614055148457261,0.00475986483082742,0.017569427430245175
26.426786606696652,0.02589349293874526,0.010692059548456168,0.013891191549874213,0.009453316405727856,0.017751158617970657
26.446776611694155,0.023315790743484683,0.013424234063618234,0.012752952522059586,0.014690179870834319,0.01749958030348186
26.466766616691654,0.020410443432016596,0.01539148068743112,0.013378958281099612,0.019243436259894737,0.017029193191455818
26.486756621689157,0.017235894420077,0.016256192032155246,0.015459062517008269,0.022496526675618602,0.016663469449052032
26.50674662668666,0.013939042677433072,0.015901192057014797,0.018082193598538455,0.024145672290894236,0.016760771721476306
26.52673663168416,0.010823584601561903,0.01445210584789371,0.02047097987636598,0.024221966589328854,0.01761012701231949
26.54672663668166,0.008469110397710292,0.012270372293943827,0.02214951681354865,0.023120313986034223,0.019362115050900897
26.56671664167916,0.007672178074098174,0.00989233735983981,0.022896684556779994,0.021578105591288105,0.022027790436444847
26.586706646676664,0.008531405819806177,0.007879464170583524,0.02270723660394009,0.020508710552371842,0.02549064857278935
26.606696651674163,0.01008653063766237,0.006559761774165512,0.021762590902252493,0.020563280093155407,0.02949190515089398
26.626686656671666,0.0114459641731883,0.005927634734369858,0.020380535509945324,0.021669379984596494,0.03362472484645797
26.64667666166917,0.01215983897896753,0.006133361592738074,0.01892216315266935,0.023156976797240058,0.03737530996500325
26.666666666666668,0.012116194759057152,0.007724278408745738,0.01766561836749479,0.0242884604732019,0.040206381915449584
26.68665667166417,0.011526658079640227,0.010735751703373738,0.016718731872207515,0.024568331724708688,0.04165563482115659
26.70664667666167,0.01098408120376466,0.01449786121835989,0.016069347844854785,0.02377478629774795,0.04142234711047537
26.726636681659173,0.011331715907543874,0.018187091315457007,0.015759857370366014,0.021887045336616777,0.03942452267566941
26.746626686656672,0.012997082530576881,0.021066653465536853,0.016008935228268226,0.018996761678660483,0.03582030012801603
26.766616691654175,0.015537979133551202,0.022587126219066205,0.017087738293938975,0.015235691732038956,0.031000512713986964
26.786606696651674,0.01814405588931879,0.0224682704478701,0.01900567527619587,0.010749727701523914,0.025575297248700852
26.806596701649177,0.020132024554873146,0.0207519223008977,0.02137048850843515,0.005848443784037454,0.0203935649860232
26.82658670664668,0.021077788986543396,0.017812886596978817,0.02355874333889997,0.003382974806558977,0.01658972645446082
26.84657671164418,0.020835791044479204,0.014325424991471398,0.02495092477144745,0.008312914888003868,0.015281241756684882
26.86656671664168,0.01953631631565329,0.011159129866271057,0.025080236622529617,0.0148892245639227,0.016445453924414568
26.88655672163918,0.017553744511611517,0.009039973189346866,0.023710790968868085,0.02163228875867187,0.018793124917457618
26.906546726636684,0.015418554731580802,0.007860637622465255,0.020879805253540103,0.028004572551958193,0.02110942871042626
26.926536731634183,0.013633827400295432,0.0066157418557214265,0.016928320392485846,0.033539021459178385,0.022712286226951716
26.946526736631686,0.01241294621343056,0.004412393725617066,0.012574519367588953,0.03783980873677942,0.023274474734663608
26.966516741629185,0.011564798098819119,0.0018043240112186035,0.00916387325679383,0.0406439943709373,0.022679203763672065
26.986506746626688,0.01075029726689602,0.005116402574702496,0.008561649888376864,0.04187380694071715,0.02097536222526197
27.00649675162419,0.00988853769719891,0.010825544532931186,0.01046589160992724,0.04165780323607213,0.01840045144049426
27.02648675662169,0.009377708365026782,0.01679570139889162,0.012700364975182751,0.04031082268959479,0.015478876146983055
27.046476761619193,0.009877792425733029,0.02219773622433609,0.014127698021811285,0.038270498418386,0.01321280097465952
27.066466766616692,0.011557697560220353,0.02634166515656238,0.014557382939774027,0.03599705538286362,0.01298610434479866
27.086456771614195,0.013856596887791632,0.02872913291731253,0.014356221546978982,0.033857986654293515,0.015257781182484127
27.106446776611694,0.01605638804262821,0.029129303387111526,0.014234038367973026,0.0320393646582859,0.018963276782094682
27.126436781609197,0.01762804580840162,0.02762263108525563,0.014853955721065511,0.030529643162016888,0.0228848688271777
27.1464267866067,0.01827989006287068,0.02460205974059966,0.016318393419041434,0.029183232948178203,0.02622733270043327
27.1664167916042,0.017951111842595832,0.020732020672797474,0.018140047285021138,0.02781622141708649,0.02851102097155739
27.186406796601702,0.01681037659134068,0.016863668251299566,0.019690762436176252,0.026278414392446325,0.029473062875247365
27.2063968015992,0.015252490323245065,0.01385996410234671,0.020524421972165294,0.024485592352871243,0.029029504133865867
27.226386806596704,0.013847753913983761,0.012219745113747354,0.020455888438990908,0.022429425377084308,0.027256370231938703
27.246376811594203,0.013131109164968135,0.011719201331708956,0.019537616619682854,0.020184081386202087,0.02436789096656759
27.266366816591706,0.013218438833404268,0.011761997940728448,0.018009492493684266,0.01791077806659957,0.020685610882884457
27.286356821589205,0.013678781535773317,0.012041441957413253,0.016241722515185103,0.0158403143351656,0.01660114552931332
27.306346826586708,0.013899667291290971,0.012605643468514924,0.014663300001638048,0.014199390741764654,0.012542272612081394
27.32633683158421,0.013466359748152938,0.013483483308936691,0.013642714956894859,0.013072389312528323,0.008959090790833577
27.34632683658171,0.01231983811106764,0.014421259282752934,0.01331715818548195,0.012294798018265753,0.00633823480490768
27.366316841579213,0.010845100735721324,0.014976508944747268,0.013507402020982861,0.011521021363735059,0.0050901714083063125
27.386306846576712,0.009953161309788485,0.01476091163798598,0.013848561749667886,0.010431444733366182,0.004983599143322059
27.406296851574215,0.010679388224765265,0.013602285711357557,0.014000856007291906,0.008935566045777672,0.005171947298239808
27.426286856571714,0.01303783791691223,0.011594330551573172,0.013773937478323253,0.0073829527349011095,0.005069314420563925
27.446276861569217,0.016138280760583476,0.009074615999614458,0.013169141927636439,0.00681743185287309,0.0044725893990464555
27.46626686656672,0.019171029020368487,0.0065681000672768814,0.012382648028429805,0.00825035121177889,0.003366844587054319
27.48625687156422,0.021633965273046795,0.004699776083110697,0.011756891436932143,0.011123707651955497,0.0018913404720863503
27.506246876561722,0.023243029078879106,0.003886368861623752,0.011622273001556768,0.014372996521449488,0.0013242465559448597
27.52623688155922,0.02385286826505886,0.003830897764652792,0.012063676552621746,0.01731047217782007,0.0032946599958166836
27.546226886556724,0.023405877295572967,0.004133934863000622,0.012858202610502875,0.019532769505663163,0.005859657726322712
27.566216891554223,0.02189919016590183,0.00505644219559092,0.013673988257693706,0.02082562698628977,0.008508973434553204
27.586206896551726,0.01936785688561082,0.006888680709801216,0.014279704304782422,0.021131786154232966,0.010986788424622322
27.606196901549225,0.01588577036129926,0.009381544734044187,0.014616312702220887,0.020532875170971812,0.013052585517783282
27.626186906546728,0.011589067046857096,0.012066487064619054,0.014765244636288569,0.019230523363449232,0.014487776576981859
27.64617691154423,0.006766864647025832,0.014546430864975157,0.01486543868809402,0.01752898015612146,0.015124790428236124
27.66616691654173,0.0028642739863186718,0.01658365939410401,0.015027207019465494,0.0158231792806346,0.014874249953964814
27.686156921539233,0.005720916716878948,0.018125454574551423,0.01529914020732079,0.014573788423863858,0.013740330542598107
27.706146926536732,0.010683871586693568,0.01928930150156904,0.01571049051745496,0.014201755398281102,0.011821570228590202
27.726136931534235,0.015116548016597621,0.02029547096726352,0.016337308257079967,0.01487519691834778,0.009308201114867
27.746126936531734,0.018374547338200008,0.02135051408148729,0.017304823687926456,0.016400145439171936,0.0065309110826577595
27.766116941529237,0.020019765414824274,0.022528144122117448,0.018690723928316628,0.01838093608934355,0.004325628600496013
27.78610694652674,0.019764214800581433,0.023719226771675213,0.020403283076939376,0.020427596128990783,0.004675380638826393
27.80609695152424,0.017505883963676378,0.02467550649764396,0.022150069572644798,0.02224052953402621,0.007359984502226186
27.826086956521742,0.013358681273446834,0.025100113270613855,0.023515649410580465,0.023620067583166104,0.010554896313553448
27.84607696151924,0.007669766386097348,0.024728002400231288,0.024076050194306826,0.02445848501964026,0.013484665974229306
27.866066966516744,0.001543202021718131,0.02337538736177887,0.023492397284796254,0.02472847280124368,0.0157177680759528
27.886056971514243,0.00665836438398344,0.020963437429148662,0.0215694091598407,0.024466697172040797,0.016927599266092594
27.906046976511746,0.013609615609069942,0.017526999320536404,0.01828218897748646,0.023751508151560383,0.016899300114411257
27.926036981509245,0.019747513593120214,0.013218202990471153,0.013776968730596773,0.02267716078596087,0.015577678621974761
27.946026986506748,0.02452375100627424,0.00832994559982944,0.008353747281657251,0.021329178410835304,0.013101598861224324
27.96601699150425,0.027604302602911104,0.0036239121763552524,0.002498676583754953,0.019766452058702803,0.009803167362459167
27.98600699650175,0.028873164940281484,0.003987645838125995,0.0037978601998338484,0.018015906631014617,0.006167373911169348
28.005997001499253,0.028425670209461906,0.008508498145527385,0.009359635272532814,0.016085203637866502,0.0027849424099860446
28.025987006496752,0.02653422226615142,0.012785396616765476,0.014130397523331189,0.013997995510208583,0.001058806938913291
28.045977011494255,0.02359525641914993,0.016184330026775787,0.01772933156057594,0.011856225669878146,0.0024491842822945737
28.065967016491754,0.020076654907168104,0.018463633931069465,0.01993859075298893,0.009933130910900832,0.003638113705045134
28.085957021489257,0.016496861154640455,0.01953915893415502,0.02070794726043192,0.008747202081874189,0.004925201436028677
28.10594702648676,0.013476064685970943,0.019470481948424073,0.020187320241676583,0.008825756917764244,0.007052036904029966
28.12593703148426,0.011820439754995441,0.018460966288231507,0.018771516817117556,0.010067970592284425,0.010009495475886747
28.145927036481762,0.012228732048814868,0.016854805055563703,0.017152067366203966,0.011798084870474389,0.013242679806024673
28.16591704147926,0.014546272558130994,0.015122342794240032,0.01627129145250785,0.01338332079544272,0.016126198708646095
28.185907046476764,0.017987550329774924,0.013796348659610394,0.016888495856581066,0.01443807092267474,0.01815957298849307
28.205897051474263,0.021851194269600326,0.013285664679887371,0.018930187105095697,0.01479282137493605,0.01904931084647484
28.225887056471766,0.025632729623457473,0.013623895277947117,0.02161224743991509,0.01445029220775932,0.018747535236750885
28.245877061469265,0.028938221564477166,0.0144696327473673,0.024085459287878332,0.013543496132578315,0.017450492002966046
28.265867066466768,0.031453414440611734,0.015391017567827832,0.025737619957423113,0.01228352511526906,0.01555360762100613
28.28585707146427,0.03295866371604969,0.016080315689593158,0.0262155009641704,0.010903086805278435,0.013554803200442464
28.30584707646177,0.033354717405599435,0.01639152008452675,0.02539331671777177,0.009625124196199935,0.011888384680013546
28.325837081459273,0.03267731421932737,0.016301255348235726,0.023343470309970873,0.008693992824367282,0.010717717652717784
28.345827086456772,0.031088800262211724,0.015858328418338133,0.02030740861823736,0.008439309848333472,0.009866175613439408
28.365817091454275,0.028843318934113234,0.015140898081362946,0.01666147005858715,0.00918127208992433,0.009033901317804025
28.385807096451774,0.026231181533044105,0.014226601958241922,0.012878200638377676,0.010937604714207492,0.008114992265288883
28.405797101449277,0.023518387795787257,0.013176733943346373,0.009484997709321215,0.013387175144940526,0.007398191354945508
28.425787106446776,0.020905789446979926,0.01203097536966754,0.00699249179663305,0.0161126961677225,0.0075110343559307
28.44577711144428,0.018530264182925093,0.010806246448615778,0.005661735322147443,0.018759438054514143,0.00880284664212932
28.465767116441782,0.016508838153309554,0.00949673991163073,0.005182448298300876,0.021088886334120763,0.010881802584911109
28.48575712143928,0.014991307922417922,0.008082763571924499,0.005037326413515261,0.022997315587258125,0.013093095595069807
28.505747126436784,0.014159669649271569,0.006570759955997329,0.005187941773470352,0.02450833891322844,0.014897451765910218
28.525737131434283,0.014133904767340853,0.0051164515241696,0.005969093047255801,0.025730973745140898,0.015913350114667595
28.545727136431786,0.014855068510810832,0.004319439234967839,0.007418365113087826,0.02678829770625277,0.015919943975899336
28.565717141429285,0.01608606111900772,0.005096341847965727,0.009109257323282723,0.02774533413689849,0.014900152716998379
28.58570714642679,0.017514686962055548,0.007236049288512537,0.010505853568542695,0.02857577880620402,0.013140167491919154
28.60569715142429,0.01883057000661799,0.009909863420418023,0.011165378007136609,0.02918615053473868,0.01141223449592447
28.62568715642179,0.019745020695708958,0.012579914873117437,0.010791019603526115,0.029477848056059047,0.011025062600844165
28.645677161419293,0.019997615801675056,0.014904344927923958,0.009249179843023333,0.029408969447454584,0.012789474526612834
28.665667166416792,0.01937908970635745,0.01665698103913224,0.00657166942117538,0.029028163955128566,0.015951949606282073
28.685657171414295,0.01777081602691298,0.01772378982924889,0.0029436722057704675,0.028472715357550724,0.019295579215285328
28.705647176411794,0.015188591060634892,0.01811061604346149,0.001380431721756801,0.027936361879607966,0.021972040578809582
28.725637181409297,0.011825899620046649,0.01793721951959936,0.005929121035143931,0.027617171789455882,0.023500126827038715
28.745627186406796,0.008139467544330103,0.017410191101283813,0.01036777657535899,0.027657279679336455,0.02367874517805318
28.7656171914043,0.005244358888735425,0.01677622797332609,0.014297107952800092,0.028089684609326333,0.02253434408877294
28.785607196401802,0.005376620124159385,0.016264954703418405,0.01739185355784738,0.02881087363322826,0.020273745027636503
28.8055972013993,0.00786292923775472,0.016038012456459888,0.01941899284082204,0.0295924732112986,0.01723137792005768
28.825587206396804,0.010399490188615069,0.016161944437122353,0.020256273660327395,0.03012921664494781,0.013821114605341583
28.845577211394303,0.012181978601887598,0.016608747543022908,0.019898629616738644,0.03010732846457977,0.010523775082202329
28.865567216391806,0.013011550424718708,0.017271397834693007,0.018451714965682944,0.02927510666442543,0.00796198326790248
28.885557221389305,0.012939433034907548,0.01798353363889736,0.016112631793498058,0.02750120550307835,0.006947688686593533
28.90554722638681,0.012167654416332285,0.018545284642856708,0.013139265364523213,0.024810648909588878,0.00776494561513141
28.92553723138431,0.010987246053681666,0.018758694427130296,0.009812721831159676,0.021393972301193238,0.009615876234488141
28.94552723638181,0.009716532465554102,0.018467616874133903,0.006405062767992167,0.01759245860416328,0.011680030241321198
28.965517241379313,0.008629631223454046,0.017592208355473996,0.0032089611704836617,0.013871303714764945,0.013490901141556617
28.985507246376812,0.007879198817883385,0.016151007770309783,0.0015217674573159735,0.010790303800596791,0.014748978044724925
29.005497251374315,0.007456975771963175,0.014270036233628875,0.0035541761788083267,0.008907840436357312,0.015231294467317007
29.025487256371814,0.007246170605115734,0.012183972327552375,0.005999312446831759,0.008421871522046907,0.014789565589696602
29.045477261369317,0.007127273217271177,0.01023224818450816,0.008183113348016392,0.008871193065665495,0.013375928227332336
29.065467266366817,0.007043431481471255,0.008819908759941255,0.01000176813563268,0.009604116361353693,0.011072354040945745
29.08545727136432,0.0070002563017551485,0.008242228995628218,0.01140923471845543,0.010224915080441894,0.008135956619146728
29.105447276361822,0.007030016288799903,0.008410182117758654,0.01241163036793279,0.010555198274973141,0.005194678876524388
29.12543728135932,0.00715005186466553,0.0088998278432308,0.013080738932166554,0.01051636280501797,0.0041023298402100535
29.145427286356824,0.007336306587164757,0.009303642333924361,0.01353211770714749,0.010094277314526126,0.006148325662249847
29.165417291354323,0.007522767795502594,0.009419083631766936,0.013855683381823353,0.009358599305314047,0.009029869479742846
29.185407296351826,0.007621826052282254,0.009267799756426272,0.01403334877246675,0.008482689454065412,0.01150541290247386
29.205397301349326,0.007552823438332822,0.009079240784747795,0.013910104827893361,0.007708534160118941,0.013146093337339373
29.22538730634683,0.007272475882695258,0.009221648057775481,0.013250251125361566,0.007210970147500203,0.01375721020234602
29.24537731134433,0.006810595149465754,0.00999041595235442,0.011845189942110665,0.0069289435817949194,0.013270025466804112
29.26536731634183,0.006316801594122445,0.011367132696157469,0.00963155455255596,0.006575304746887116,0.011716385850881715
29.285357321339333,0.0060939565669941975,0.013043102461626686,0.006866207256794357,0.005833580982962994,0.009220469949905217
29.305347326336832,0.006493019525341641,0.01462038583629485,0.004774631597573971,0.004518647576126606,0.005995785447612382
29.325337331334335,0.007617836615819537,0.015741854713231376,0.006024783634174299,0.0026266931131809553,0.0023647585495390412
29.345327336331835,0.009245344645429556,0.016137049238170335,0.009661934665897464,0.000541779183530417,0.0016673905723116273
29.365317341329337,0.011056215753066777,0.015645291770219956,0.013593253956275026,0.0024333193134653927,0.005110611003640998
29.385307346326837,0.012788474827575792,0.014242614995600032,0.016993576925320032,0.004963633852900946,0.008017041768478566
29.40529735132434,0.014268092028980031,0.012081438103290744,0.01945796497375264,0.007251790146811654,0.010023883539503006
29.425287356321842,0.015408769541686683,0.009563280119009879,0.0207835866856744,0.00914452645449514,0.010935021145670961
29.44527736131934,0.016207179502516905,0.007481071619476282,0.02092802128359298,0.010606138294828007,0.010694600373332136
29.465267366316844,0.01673144136499028,0.006926949928266598,0.01998356334935437,0.011687310760938631,0.009393940896625427
29.485257371314344,0.01709843765241119,0.007974097412170469,0.018142400413494728,0.012464516097774462,0.0072588840926792525
29.505247376311846,0.017438540361783824,0.00938685406098647,0.015652577191423465,0.01297251250230114,0.0046187195704182945
29.525237381309346,0.017852147297394823,0.010177679539773906,0.012770721221028953,0.01317502349171351,0.0018868158173854066
29.54522738630685,0.018371380432013296,0.009917879990443914,0.009718923734366683,0.012997579482301815,0.0010165603217717517
29.565217391304348,0.01894555943432981,0.008592827539231584,0.0066535062248376815,0.012403253153959043,0.0029019027690829397
29.58520739630185,0.01946129321768011,0.006654988222286531,0.003656070073489511,0.011472241367995241,0.004172442384882077
29.605197401299353,0.019791696736059804,0.005463427599280001,0.0008530647499569942,0.01045272839398367,0.004636757188432347
29.625187406296853,0.019858782538863747,0.006798608061364443,0.0023335749144686242,0.009737124935220037,0.0043747399903302725
29.645177411294355,0.0196907746916887,0.009828317342770098,0.005226494773861136,0.009677124805059494,0.003736748018093209
29.665167416291855,0.019451213031648217,0.013026444274689263,0.00811463465559226,0.010299765631633335,0.0035341986437515804
29.685157421289357,0.019404909818117353,0.015633391412050293,0.010876705723257189,0.01129931550784325,0.004539823019268535
29.705147426286857,0.01979313793898777,0.01727280315834254,0.013342340226210359,0.012323511974853537,0.006363915948796649
29.72513743128436,0.02066774255531342,0.017778401348196214,0.01530826984847279,0.013171837138042236,0.008318329462376815
29.745127436281862,0.021824520003863142,0.017138408148584108,0.016580854656464916,0.013831750705005821,0.009967210630083165
29.76511744127936,0.022898593948054373,0.015462136986150014,0.01702219098829308,0.014449622277980053,0.011039453341920032
29.785107446276864,0.023521084898303877,0.012949632396484854,0.016587732775475348,0.015267521670637177,0.011378277121157113
29.805097451274364,0.023430219919211688,0.009862107031339204,0.015346067095383028,0.016513489004852642,0.010932207103223074
29.825087456271866,0.022515869669638502,0.006494040405593409,0.013475609647347057,0.018269205284860927,0.009751535880644122
29.845077461269366,0.020816882279159073,0.0031601075515261326,0.011240364320951891,0.020398835322635752,0.00797926105794882
29.86506746626687,0.01849140208472052,0.0008361187513063853,0.008960445123154198,0.02258439696746766,0.005842846939122763
29.885057471264368,0.015775949342492893,0.0029608543857920135,0.007015801969930733,0.02442111474783584,0.0036988999854448723
29.90504747626187,0.012947731350193331,0.0051784796909373106,0.005908963738936604,0.025515186143615615,0.002408400794202485
29.925037481259373,0.010304269692481518,0.007021249277873418,0.006125262424513914,0.025563568636050235,0.00318495284410232
29.945027486256873,0.008168088446934809,0.008623811377334744,0.00755937103035665,0.024411779379292255,0.004870990648941656
29.965017491254375,0.0068796005032715855,0.010162215333620737,0.009644796745222478,0.02208470457006097,0.006529436902747992
29.985007496251875,0.006638533321468865,0.01173749497939342,0.01186681070048137,0.0187850685446292,0.00796474317992261
