# Time-averaged data for fix out_rdf
# TimeStep Number-of-rows
# Row c_rdf_all[1] c_rdf_all[2] c_rdf_all[3] c_rdf_all[4] c_rdf_all[5] c_rdf_all[6] c_rdf_all[7]
1000 200
1 0.02 0 0 0 0 0 0
2 0.06 0 0 0 0 0 0
3 0.1 0 0 0 0 0 0
4 0.14 0 0 0 0 0 0
5 0.18 0 0 0 0 0 0
6 0.22 0 0 0 0 0 0
7 0.26 0 0 0 0 0 0
8 0.3 0 0 0 0 0 0
9 0.34 0 0 0 0 0 0
10 0.38 0 0 0 0 0 0
11 0.42 0 0 0 0 0 0
12 0.46 0 0 0 0 0 0
13 0.5 0 0 0 0 0 0
14 0.54 0 0 0 0 0 0
15 0.58 0 0 0 0 0 0
16 0.62 0 0 0 0 0 0
17 0.66 0 0 0 0 0 0
18 0.7 0 0 0 0 0 0
19 0.74 0 0 0 0 0 0
20 0.78 0 0 0 0 0 0
21 0.82 0 0 0 0 0 0
22 0.86 0 0 0 0 0 0
23 0.9 0 0 0 0 0 0
24 0.94 0 0 0 0 0 0
25 0.98 0 0 0 0 0 0
26 1.02 0 0 0 0 0 0
27 1.06 0 0 0 0 0 0
28 1.1 0 0 0 0 0 0
29 1.14 0 0 0 0 0 0
30 1.18 0 0 0 0 0 0
31 1.22 0 0 0 0 0 0
32 1.26 0 0 0 0 0 0
33 1.3 0 0 0 0 0 0
34 1.34 0 0 0 0 0 0
35 1.38 0 0 0 0 0 0
36 1.42 0 0 0 0 0 0
37 1.46 0 0 0 0 0 0
38 1.5 0 0 0 0 0 0
39 1.54 0 0 0 0 0 0
40 1.58 0 0 0 0 0 0
41 1.62 0 0 0 0 0.02338 9.6494e-05
42 1.66 0 0 0 0 0.675391 0.00302348
43 1.7 0 0 0 0 12.1932 0.0584432
44 1.74 0 0 0 0 58.5466 0.337215
45 1.78 0 0 0 0 120.043 0.935381
46 1.82 0 0 0 0 132.94 1.62792
47 1.86 0 0 0 0 100.628 2.17543
48 1.9 0 0 0 0 61.8884 2.52679
49 1.94 0 0 0 0 32.2681 2.71779
50 1.98 0 0 0 0 17.1581 2.82358
51 2.02 0 0 0 0 8.25021 2.87652
52 2.06 0 0 0 0 4.53514 2.90679
53 2.1 0 0 0 0 2.47652 2.92396
54 2.14 0 0 0.00105193 7.57576e-06 1.54521 2.93509
55 2.18 0 0 0.00481468 4.35606e-05 1.02855 2.94278
56 2.22 0 0 0.0178378 0.000181818 0.722075 2.94838
57 2.26 0 0 0.0631901 0.000689394 0.632677 2.95346
58 2.3 0 0 0.184171 0.00222159 0.494879 2.95757
59 2.34 0.000222506 1.89394e-06 0.434154 0.00596023 0.470623 2.96163
60 2.38 0.00215075 2.08333e-05 0.795567 0.0130473 0.411609 2.96529
61 2.42 0.0114409 0.000125 1.26054 0.0246572 0.356212 2.96858
62 2.46 0.0416704 0.000517045 1.75818 0.0413902 0.452875 2.97289
63 2.5 0.120848 0.00169129 2.20953 0.063108 0.494127 2.97774
64 2.54 0.299855 0.00469886 2.49327 0.0884053 0.564292 2.98347
65 2.58 0.57101 0.010608 2.62028 0.115835 0.709764 2.9909
66 2.62 0.96207 0.020875 2.59229 0.14382 0.858083 3.00016
67 2.66 1.35742 0.0358068 2.45483 0.171136 0.939428 3.01061
68 2.7 1.85642 0.0568466 2.26948 0.197155 0.998775 3.02206
69 2.74 2.23035 0.0828788 2.07522 0.221657 1.01613 3.03406
70 2.78 2.50617 0.112991 1.80946 0.24365 1.03475 3.04664
71 2.82 2.59995 0.145134 1.61795 0.263884 0.918157 3.05812
72 2.86 2.59952 0.178191 1.41386 0.282072 0.897645 3.06967
73 2.9 2.51034 0.211013 1.23178 0.298364 0.902241 3.0816
74 2.94 2.28465 0.241714 1.06544 0.312847 0.792662 3.09238
75 2.98 2.08861 0.270549 0.994987 0.326742 0.861357 3.10441
76 3.02 1.85586 0.296864 0.866206 0.339167 0.93063 3.11775
77 3.06 1.62616 0.320536 0.791365 0.35082 0.875889 3.13065
78 3.1 1.41828 0.341725 0.74463 0.362074 1.07477 3.1469
79 3.14 1.25276 0.360928 0.679366 0.372608 1.11809 3.16423
80 3.18 1.10435 0.37829 0.659049 0.383089 1.26407 3.18434
81 3.22 0.9597 0.393759 0.617921 0.393165 1.41038 3.20733
82 3.26 0.890329 0.40847 0.608059 0.403328 1.55112 3.23326
83 3.3 0.806006 0.422116 0.582905 0.413311 1.71658 3.26266
84 3.34 0.74925 0.43511 0.572157 0.423348 1.89204 3.29585
85 3.38 0.691421 0.44739 0.572926 0.433642 2.27359 3.3367
86 3.42 0.665969 0.4595 0.570723 0.44414 2.47079 3.38215
87 3.46 0.66175 0.471816 0.558307 0.454652 2.86331 3.43606
88 3.5 0.631396 0.483841 0.578555 0.465797 3.2457 3.49858
89 3.54 0.63704 0.496252 0.584004 0.477307 3.58404 3.56922
90 3.58 0.64066 0.509017 0.589538 0.489189 3.83633 3.64654
91 3.62 0.635596 0.521966 0.620326 0.501973 4.15624 3.7322
92 3.66 0.67571 0.536038 0.628238 0.515208 4.41858 3.82528
93 3.7 0.689033 0.550703 0.647364 0.529146 4.80611 3.92876
94 3.74 0.710864 0.566161 0.667601 0.543831 4.93489 4.03731
95 3.78 0.745093 0.582712 0.705549 0.559686 4.94551 4.14844
96 3.82 0.791603 0.60067 0.724689 0.576316 5.34846 4.27118
97 3.86 0.814855 0.619545 0.749512 0.593879 5.35074 4.39656
98 3.9 0.861261 0.639911 0.760347 0.612066 5.31685 4.52374
99 3.94 0.892362 0.661447 0.790913 0.631375 5.16992 4.64995
100 3.98 0.941191 0.684625 0.814707 0.65167 4.82121 4.77005
101 4.02 0.961906 0.708792 0.846341 0.67318 4.73586 4.89041
102 4.06 0.990712 0.73418 0.848962 0.695187 4.58097 5.00917
103 4.1 1.01591 0.760729 0.871094 0.718216 4.31559 5.12326
104 4.14 1.00753 0.787576 0.90163 0.742519 4.44741 5.24313
105 4.18 1.02194 0.815335 0.898174 0.767199 4.49497 5.36665
106 4.22 1.00376 0.843125 0.918352 0.792919 4.44002 5.49099
107 4.26 0.988554 0.871015 0.940539 0.819761 4.62412 5.62297
108 4.3 0.946067 0.89821 0.954583 0.847519 4.87036 5.76459
109 4.34 0.926187 0.925331 0.982909 0.876634 5.04919 5.91415
110 4.38 0.890232 0.951883 1.01005 0.907108 5.40089 6.0771
111 4.42 0.8813 0.97865 1.0374 0.938981 5.68885 6.25188
112 4.46 0.870157 1.00556 1.07367 0.972568 5.96253 6.4384
113 4.5 0.856863 1.03253 1.09904 1.00757 6.06305 6.63149
114 4.54 0.84579 1.05964 1.10973 1.04354 6.52625 6.84304
115 4.58 0.862155 1.08775 1.11012 1.08016 6.70233 7.06414
116 4.62 0.869947 1.11662 1.12698 1.11799 6.7727 7.29148
117 4.66 0.88167 1.14638 1.10428 1.1557 7.06566 7.53278
118 4.7 0.901855 1.17736 1.10508 1.19409 6.96999 7.77491
119 4.74 0.901068 1.20883 1.07836 1.2322 7.16599 8.02811
120 4.78 0.922733 1.24161 1.05691 1.27017 7.13431 8.28446
121 4.82 0.917759 1.27475 1.02622 1.30767 7.3069 8.55143
122 4.86 0.932425 1.30899 1.0148 1.34536 7.37329 8.82531
123 4.9 0.936897 1.34396 0.988772 1.3827 7.42885 9.10582
124 4.94 0.940009 1.37963 0.970752 1.41995 7.50767 9.39395
125 4.98 0.958026 1.41656 0.949637 1.45699 7.49561 9.6863
126 5.02 0.918262 1.45254 0.939389 1.49422 7.60225 9.98758
127 5.06 0.933828 1.48971 0.934991 1.53187 7.40824 10.2859
128 5.1 0.924856 1.52711 0.917788 1.56941 7.46785 10.5913
129 5.14 0.915498 1.56471 0.903378 1.60694 7.33037 10.8959
130 5.18 0.916487 1.60294 0.874667 1.64385 7.17796 11.1988
131 5.22 0.897353 1.64095 0.883898 1.68173 6.93327 11.4959
132 5.26 0.875437 1.67861 0.859975 1.71915 6.77206 11.7906
133 5.3 0.88296 1.71717 0.849099 1.75666 6.53915 12.0794
134 5.34 0.860851 1.75533 0.837357 1.79421 6.1195 12.3539
135 5.38 0.840018 1.79313 0.821914 1.83162 6.12143 12.6325
136 5.42 0.83322 1.83118 0.817288 1.86938 5.7919 12.9001
137 5.46 0.821917 1.86928 0.785806 1.90622 5.73138 13.1688
138 5.5 0.816328 1.90767 0.763667 1.94255 5.39679 13.4255
139 5.54 0.793111 1.94551 0.754798 1.97898 5.44177 13.6882
140 5.58 0.78538 1.98353 0.739606 2.0152 5.41788 13.9535
141 5.62 0.7796 2.02181 0.73087 2.0515 5.21476 14.2125
142 5.66 0.769192 2.06012 0.720389 2.08779 5.1477 14.4719
143 5.7 0.774182 2.09922 0.703123 2.12372 5.16572 14.7358
144 5.74 0.754407 2.13786 0.705566 2.16028 5.06789 14.9984
145 5.78 0.75775 2.17722 0.702142 2.19717 5.118 15.2673
146 5.82 0.741507 2.21627 0.686514 2.23374 5.09439 15.5387
147 5.86 0.749229 2.25626 0.68475 2.27072 5.14241 15.8164
148 5.9 0.745298 2.2966 0.685945 2.30827 5.08936 16.095
149 5.94 0.740162 2.3372 0.683872 2.34622 5.27495 16.3877
150 5.98 0.747975 2.37878 0.678086 2.38435 5.39907 16.6913
151 6.02 0.741194 2.42054 0.687183 2.42352 5.48333 17.0038
152 6.06 0.733764 2.46243 0.690341 2.46338 5.58604 17.3264
153 6.1 0.747745 2.50569 0.689894 2.50376 5.74169 17.6624
154 6.14 0.735288 2.54878 0.689304 2.54462 5.88033 18.0111
155 6.18 0.735114 2.59243 0.705383 2.58699 6.0042 18.3717
156 6.22 0.737938 2.63681 0.706332 2.62997 6.20847 18.7494
157 6.26 0.734787 2.68158 0.711963 2.67384 6.18732 19.1307
158 6.3 0.731993 2.72675 0.731049 2.71947 6.38418 19.5292
159 6.34 0.737637 2.77284 0.749057 2.76682 6.5079 19.9406
160 6.38 0.733655 2.81927 0.755583 2.81519 6.58232 20.362
161 6.42 0.731664 2.86615 0.77413 2.86537 6.70303 20.7965
162 6.46 0.743912 2.91441 0.772479 2.91607 6.7526 21.2396
163 6.5 0.741475 2.96312 0.78914 2.9685 6.7472 21.6879
164 6.54 0.740977 3.01239 0.797931 3.02217 6.75338 22.1422
165 6.58 0.742998 3.0624 0.812682 3.07751 6.86944 22.6099
166 6.62 0.751559 3.1136 0.819351 3.13398 6.85436 23.0823
167 6.66 0.747666 3.16516 0.82135 3.19127 6.87233 23.5617
168 6.7 0.748156 3.21737 0.840115 3.25058 6.94269 24.0518
169 6.74 0.759227 3.27099 0.841707 3.31071 6.95374 24.5486
170 6.78 0.761373 3.3254 0.847915 3.37201 6.96314 25.052
171 6.82 0.768131 3.38095 0.863424 3.43517 6.85047 25.5531
172 6.86 0.772117 3.43743 0.857991 3.49866 6.98334 26.0699
173 6.9 0.782715 3.49537 0.875619 3.56423 6.91249 26.5875
174 6.94 0.795522 3.55493 0.86023 3.62938 6.86786 27.1077
175 6.98 0.796957 3.6153 0.868245 3.69591 6.86325 27.6335
176 7.02 0.80172 3.67672 0.863364 3.76282 6.82221 28.1623
177 7.06 0.804516 3.73906 0.869845 3.831 6.83334 28.6979
178 7.1 0.815172 3.80295 0.869938 3.89997 6.80444 29.2373
179 7.14 0.820617 3.86798 0.866856 3.96947 6.7914 29.7818
180 7.18 0.821046 3.93379 0.866967 4.03975 6.78337 30.3318
181 7.22 0.834223 4.00139 0.872426 4.11127 6.65272 30.8772
182 7.26 0.834208 4.06975 0.866769 4.18312 6.60289 31.4245
183 7.3 0.829229 4.13845 0.877456 4.25666 6.59905 31.9775
184 7.34 0.840205 4.20882 0.872365 4.33057 6.62412 32.5388
185 7.38 0.835282 4.27955 0.857075 4.40398 6.58707 33.103
186 7.42 0.835395 4.35105 0.86105 4.47853 6.50137 33.6659
187 7.46 0.840798 4.42379 0.856233 4.55347 6.49174 34.234
188 7.5 0.835839 4.49689 0.859607 4.62951 6.42922 34.8028
189 7.54 0.834087 4.57061 0.857669 4.7062 6.32414 35.3682
190 7.58 0.836778 4.64535 0.844597 4.78251 6.28213 35.9358
191 7.62 0.833702 4.72061 0.839486 4.85917 6.222 36.504
192 7.66 0.833531 4.79664 0.836427 4.93635 6.06551 37.0637
193 7.7 0.838578 4.87394 0.836454 5.01434 6.0392 37.6268
194 7.74 0.82979 4.95122 0.832575 5.09278 6.08654 38.2002
195 7.78 0.834645 5.02976 0.821787 5.17101 5.97039 38.7685
196 7.82 0.841886 5.1098 0.821161 5.24998 5.89576 39.3355
197 7.86 0.833357 5.18984 0.821304 5.32977 5.82101 39.9011
198 7.9 0.8339 5.27075 0.814995 5.40977 5.81759 40.4721
199 7.94 0.8341 5.3525 0.809174 5.48999 5.78215 41.0454
200 7.98 0.831037 5.43477 0.803447 5.57045 5.76608 41.6228
2000 200
1 0.02 0 0 0 0 0 0
2 0.06 0 0 0 0 0 0
3 0.1 0 0 0 0 0 0
4 0.14 0 0 0 0 0 0
5 0.18 0 0 0 0 0 0
6 0.22 0 0 0 0 0 0
7 0.26 0 0 0 0 0 0
8 0.3 0 0 0 0 0 0
9 0.34 0 0 0 0 0 0
10 0.38 0 0 0 0 0 0
11 0.42 0 0 0 0 0 0
12 0.46 0 0 0 0 0 0
13 0.5 0 0 0 0 0 0
14 0.54 0 0 0 0 0 0
15 0.58 0 0 0 0 0 0
16 0.62 0 0 0 0 0 0
17 0.66 0 0 0 0 0 0
18 0.7 0 0 0 0 0 0
19 0.74 0 0 0 0 0 0
20 0.78 0 0 0 0 0 0
21 0.82 0 0 0 0 0 0
22 0.86 0 0 0 0 0 0
23 0.9 0 0 0 0 0 0
24 0.94 0 0 0 0 0 0
25 0.98 0 0 0 0 0 0
26 1.02 0 0 0 0 0 0
27 1.06 0 0 0 0 0 0
28 1.1 0 0 0 0 0 0
29 1.14 0 0 0 0 0 0
30 1.18 0 0 0 0 0 0
31 1.22 0 0 0 0 0 0
32 1.26 0 0 0 0 0 0
33 1.3 0 0 0 0 0 0
34 1.34 0 0 0 0 0 0
35 1.38 0 0 0 0 0 0
36 1.42 0 0 0 0 0 0
37 1.46 0 0 0 0 0 0
38 1.5 0 0 0 0 0 0
39 1.54 0 0 0 0 0 0
40 1.58 0 0 0 0 0 0
41 1.62 0 0 0 0 0 0
42 1.66 0 0 0 0 0.764202 0.00331296
43 1.7 0 0 0 0 12.3448 0.0594403
44 1.74 0 0 0 0 58.0944 0.336153
45 1.78 0 0 0 0 120.802 0.938308
46 1.82 0 0 0 0 133.987 1.63654
47 1.86 0 0 0 0 101.51 2.18903
48 1.9 0 0 0 0 61.1084 2.53609
49 1.94 0 0 0 0 32.295 2.72731
50 1.98 0 0 0 0 15.4782 2.82277
51 2.02 0 0 0 0 8.71835 2.87874
52 2.06 0 0 0 0 4.36503 2.90788
53 2.1 0 0 0.000273 1.89394e-06 2.55447 2.9256
54 2.14 0 0 0 1.89394e-06 1.53575 2.93667
55 2.18 0 0 0.00329289 2.65152e-05 0.94646 2.94374
56 2.22 0 0 0.0180766 0.000166667 0.721836 2.94934
57 2.26 0 0 0.0601054 0.000649621 0.516391 2.95349
58 2.3 0.000230183 1.89394e-06 0.187749 0.00221212 0.413532 2.95693
59 2.34 0.000222381 3.78788e-06 0.421251 0.00584091 0.466743 2.96095
60 2.38 0.00214965 2.27273e-05 0.767452 0.0126799 0.443955 2.96491
61 2.42 0.010189 0.00011553 1.28478 0.024517 0.37704 2.96838
62 2.46 0.0412537 0.000503788 1.78464 0.0415076 0.432437 2.9725
63 2.5 0.133083 0.00179735 2.17179 0.0628617 0.438361 2.97681
64 2.54 0.292958 0.00473674 2.50287 0.0882652 0.586282 2.98276
65 2.58 0.565328 0.010589 2.6145 0.115644 0.734091 2.99045
66 2.62 0.94223 0.0206477 2.60176 0.143741 0.825022 2.99936
67 2.66 1.4017 0.036072 2.44872 0.170998 0.950651 3.00994
68 2.7 1.85662 0.0571212 2.28357 0.197188 1.04891 3.02197
69 2.74 2.24046 0.0832803 2.06167 0.221538 1.06754 3.03458
70 2.78 2.47538 0.113032 1.80572 0.243492 0.986771 3.04657
71 2.82 2.63796 0.145657 1.61801 0.263735 0.946121 3.05841
72 2.86 2.60414 0.178784 1.43972 0.282261 0.859839 3.06948
73 2.9 2.45098 0.210841 1.23065 0.298544 0.948137 3.08202
74 2.94 2.27965 0.241485 1.08346 0.313277 0.846786 3.09353
75 2.98 2.07061 0.270081 0.975536 0.326905 0.902517 3.10614
76 3.02 1.83466 0.296104 0.875416 0.339466 0.914623 3.11927
77 3.06 1.63341 0.31989 0.791994 0.351133 1.01533 3.13422
78 3.1 1.42274 0.341153 0.74437 0.362386 0.982921 3.14908
79 3.14 1.25493 0.360396 0.672174 0.372813 1.19442 3.16761
80 3.18 1.10012 0.377697 0.642157 0.383028 1.26565 3.18775
81 3.22 1.00248 0.393862 0.632341 0.393343 1.40006 3.21058
82 3.26 0.89174 0.4086 0.599244 0.403362 1.60445 3.23741
83 3.3 0.804946 0.422233 0.582706 0.413345 1.65218 3.26571
84 3.34 0.739826 0.435068 0.57272 0.423396 1.86207 3.29839
85 3.38 0.703446 0.447566 0.557027 0.433407 2.22451 3.33837
86 3.42 0.677714 0.459894 0.555295 0.443625 2.42099 3.38292
87 3.46 0.651045 0.472015 0.566462 0.454294 2.90333 3.4376
88 3.5 0.627006 0.48396 0.567841 0.465237 3.28128 3.50084
89 3.54 0.627298 0.496186 0.584188 0.476754 3.63829 3.57256
90 3.58 0.632176 0.508786 0.601455 0.488881 3.89882 3.65117
91 3.62 0.640491 0.521839 0.605326 0.50136 4.00503 3.73374
92 3.66 0.677115 0.535945 0.637103 0.514786 4.40339 3.82654
93 3.7 0.683283 0.550492 0.650751 0.528801 4.75069 3.92885
94 3.74 0.708445 0.565903 0.681316 0.543794 5.00193 4.03892
95 3.78 0.754643 0.582672 0.703874 0.559616 5.2443 4.1568
96 3.82 0.770636 0.600161 0.724193 0.576241 5.23453 4.27697
97 3.86 0.817848 0.619112 0.744733 0.593697 5.2817 4.40077
98 3.9 0.850236 0.639223 0.781064 0.612386 5.33251 4.52837
99 3.94 0.916924 0.66136 0.80856 0.632133 5.14708 4.65407
100 3.98 0.950018 0.684763 0.819215 0.652547 5.01964 4.77916
101 4.02 0.968362 0.7091 0.840019 0.673903 4.71655 4.89907
102 4.06 0.992812 0.734551 0.845314 0.695824 4.5608 5.01734
103 4.1 1.01302 0.761034 0.880106 0.719098 4.29834 5.13101
104 4.14 1.001 0.787716 0.89493 0.743229 4.41129 5.24995
105 4.18 1.0165 0.815337 0.909372 0.768225 4.3729 5.37015
106 4.22 1.00471 0.843163 0.913981 0.793831 4.36156 5.49234
107 4.26 0.971306 0.870576 0.93186 0.820436 4.56284 5.62261
108 4.3 0.953977 0.898008 0.949308 0.848049 4.81671 5.76272
109 4.34 0.929687 0.925241 0.976377 0.876981 5.03772 5.912
110 4.38 0.909353 0.952371 1.03048 0.908081 5.33297 6.07295
111 4.42 0.886054 0.979292 1.04272 0.940129 5.70573 6.24831
112 4.46 0.875188 1.00637 1.05739 0.973218 5.90705 6.43316
113 4.5 0.856391 1.03334 1.0939 1.00807 6.16397 6.62953
114 4.54 0.858618 1.06086 1.10363 1.04385 6.53598 6.84146
115 4.58 0.864239 1.08905 1.11692 1.08071 6.69809 7.0625
116 4.62 0.86657 1.11782 1.11921 1.11829 6.94469 7.29569
117 4.66 0.893594 1.14799 1.11526 1.15639 6.95404 7.53326
118 4.7 0.878835 1.17819 1.10176 1.19468 7.09719 7.7799
119 4.74 0.896803 1.20952 1.07708 1.23275 7.17083 8.03335
120 4.78 0.925085 1.24239 1.05096 1.27053 7.11486 8.2891
121 4.82 0.922113 1.27571 1.02338 1.30793 7.23575 8.55355
122 4.86 0.918542 1.30945 1.01573 1.34567 7.46251 8.83085
123 4.9 0.944542 1.34472 0.989688 1.38305 7.55492 9.11621
124 4.94 0.934997 1.3802 0.964204 1.42007 7.53196 9.40537
125 4.98 0.936389 1.41632 0.956739 1.4574 7.46584 9.69665
126 5.02 0.946028 1.45339 0.950629 1.49509 7.29948 9.98604
127 5.06 0.938264 1.49075 0.92823 1.53248 7.51753 10.2888
128 5.1 0.926791 1.52824 0.901182 1.56935 7.23106 10.5847
129 5.14 0.924035 1.56621 0.910134 1.60718 7.21101 10.8844
130 5.18 0.907233 1.60407 0.887337 1.64463 7.04599 11.1819
131 5.22 0.891282 1.64184 0.881435 1.68242 6.96394 11.4804
132 5.26 0.877073 1.67957 0.870822 1.72032 6.687 11.7714
133 5.3 0.866399 1.71742 0.847052 1.75775 6.39643 12.0541
134 5.34 0.863676 1.75572 0.840068 1.79544 6.26225 12.335
135 5.38 0.853703 1.79415 0.820181 1.83279 6.03669 12.6099
136 5.42 0.82618 1.8319 0.804223 1.86995 5.87554 12.8814
137 5.46 0.826293 1.8702 0.780651 1.90656 5.76438 13.1518
138 5.5 0.818866 1.90873 0.776102 1.9435 5.59976 13.4183
139 5.54 0.796768 1.94676 0.755951 1.98 5.42192 13.6801
140 5.58 0.779165 1.98449 0.740708 2.01628 5.42851 13.946
141 5.62 0.782071 2.0229 0.733784 2.05274 5.23112 14.2059
142 5.66 0.766688 2.0611 0.724126 2.08923 5.17911 14.4669
143 5.7 0.761249 2.09956 0.704329 2.12523 5.11929 14.7286
144 5.74 0.759955 2.1385 0.700318 2.16153 5.18221 14.9972
145 5.78 0.749107 2.17742 0.691093 2.19786 5.07891 15.2641
146 5.82 0.750277 2.21695 0.689943 2.23462 5.21155 15.5418
147 5.86 0.736809 2.25629 0.696122 2.27223 5.11384 15.8181
148 5.9 0.746654 2.29671 0.684258 2.3097 5.17044 16.1012
149 5.94 0.752992 2.33803 0.681933 2.34755 5.21636 16.3908
150 5.98 0.745439 2.37949 0.688865 2.3863 5.42981 16.6962
151 6.02 0.746857 2.42158 0.682133 2.4252 5.495 17.0095
152 6.06 0.740281 2.46386 0.687582 2.46492 5.54015 17.3296
153 6.1 0.750076 2.50727 0.691728 2.50541 5.77325 17.6675
154 6.14 0.729674 2.55005 0.69338 2.54653 5.86588 18.0154
155 6.18 0.734098 2.59365 0.700477 2.58862 6.01768 18.377
156 6.22 0.742314 2.63831 0.712782 2.632 6.18576 18.7535
157 6.26 0.737054 2.68323 0.726036 2.67676 6.1273 19.1312
158 6.3 0.725608 2.72802 0.72998 2.72234 6.36241 19.5285
159 6.34 0.730719 2.7737 0.741673 2.76924 6.43653 19.9355
160 6.38 0.73804 2.82041 0.751539 2.81737 6.54844 20.3548
161 6.42 0.733719 2.86745 0.760314 2.86667 6.69479 20.7889
162 6.46 0.734496 2.91511 0.779805 2.91786 6.7439 21.2317
163 6.5 0.738916 2.96366 0.784285 2.96999 6.85814 21.6875
164 6.54 0.74155 3.01299 0.803655 3.02407 6.85053 22.1485
165 6.58 0.741534 3.06292 0.798781 3.07847 6.82083 22.6131
166 6.62 0.752635 3.11422 0.820443 3.13504 6.8203 23.0833
167 6.66 0.752959 3.16616 0.826553 3.19271 6.94235 23.5677
168 6.7 0.745949 3.21823 0.837765 3.25188 6.96539 24.0596
169 6.74 0.762319 3.27209 0.844891 3.31226 6.90996 24.5534
170 6.78 0.766757 3.3269 0.852892 3.37394 6.95498 25.0564
171 6.82 0.769257 3.38255 0.855985 3.43657 6.90573 25.5617
172 6.86 0.767532 3.43872 0.860359 3.50027 6.89148 26.0719
173 6.9 0.787922 3.49706 0.862121 3.56484 6.91785 26.59
174 6.94 0.79467 3.55658 0.862908 3.63022 6.93386 27.1154
175 6.98 0.79786 3.61703 0.865184 3.69653 6.90666 27.6448
176 7.02 0.800361 3.67837 0.868712 3.76388 6.83274 28.1745
177 7.06 0.814577 3.74151 0.876553 3.83261 6.85808 28.7123
178 7.1 0.821996 3.80595 0.866679 3.90134 6.73315 29.2462
179 7.14 0.825878 3.87143 0.870789 3.97118 6.77062 29.7892
180 7.18 0.823838 3.93748 0.866624 4.04147 6.70611 30.3331
181 7.22 0.826182 4.00446 0.879173 4.11356 6.70614 30.883
182 7.26 0.835286 4.07293 0.873006 4.18595 6.72982 31.4411
183 7.3 0.831484 4.14184 0.862968 4.2583 6.59758 31.9942
184 7.34 0.824253 4.2109 0.86818 4.33188 6.60023 32.5536
185 7.38 0.833566 4.2815 0.864454 4.40595 6.53226 33.1133
186 7.42 0.831063 4.35266 0.861217 4.48054 6.43341 33.6705
187 7.46 0.839067 4.42528 0.857195 4.55559 6.33964 34.2255
188 7.5 0.839429 4.49871 0.856446 4.63138 6.40087 34.792
189 7.54 0.839008 4.57289 0.846345 4.70707 6.3022 35.3556
190 7.58 0.835985 4.64759 0.851978 4.78408 6.27501 35.9228
191 7.62 0.830482 4.72258 0.834887 4.86035 6.27938 36.4964
192 7.66 0.829821 4.7983 0.84355 4.93821 6.13104 37.0623
193 7.7 0.832664 4.87508 0.830565 5.01568 6.1061 37.6319
194 7.74 0.826945 4.95212 0.827308 5.09365 6.04864 38.2019
195 7.78 0.842889 5.03146 0.826003 5.1723 6.01632 38.7748
196 7.82 0.840027 5.11135 0.816314 5.25084 5.87367 39.3399
197 7.86 0.833841 5.19147 0.820459 5.33058 5.85179 39.9086
198 7.9 0.832483 5.27227 0.811668 5.41027 5.80578 40.4786
199 7.94 0.836365 5.35427 0.816097 5.49121 5.82592 41.0564
200 7.98 0.840566 5.43751 0.809864 5.57234 5.68675 41.6261
3000 200
1 0.02 0 0 0 0 0 0
2 0.06 0 0 0 0 0 0
3 0.1 0 0 0 0 0 0
4 0.14 0 0 0 0 0 0
5 0.18 0 0 0 0 0 0
6 0.22 0 0 0 0 0 0
7 0.26 0 0 0 0 0 0
8 0.3 0 0 0 0 0 0
9 0.34 0 0 0 0 0 0
10 0.38 0 0 0 0 0 0
11 0.42 0 0 0 0 0 0
12 0.46 0 0 0 0 0 0
13 0.5 0 0 0 0 0 0
14 0.54 0 0 0 0 0 0
15 0.58 0 0 0 0 0 0
16 0.62 0 0 0 0 0 0
17 0.66 0 0 0 0 0 0
18 0.7 0 0 0 0 0 0
19 0.74 0 0 0 0 0 0
20 0.78 0 0 0 0 0 0
21 0.82 0 0 0 0 0 0
22 0.86 0 0 0 0 0 0
23 0.9 0 0 0 0 0 0
24 0.94 0 0 0 0 0 0
25 0.98 0 0 0 0 0 0
26 1.02 0 0 0 0 0 0
27 1.06 0 0 0 0 0 0
28 1.1 0 0 0 0 0 0
29 1.14 0 0 0 0 0 0
30 1.18 0 0 0 0 0 0
31 1.22 0 0 0 0 0 0
32 1.26 0 0 0 0 0 0
33 1.3 0 0 0 0 0 0
34 1.34 0 0 0 0 0 0
35 1.38 0 0 0 0 0 0
36 1.42 0 0 0 0 0 0
37 1.46 0 0 0 0 0 0
38 1.5 0 0 0 0 0 0
39 1.54 0 0 0 0 0 0
40 1.58 0 0 0 0 0 0
41 1.62 0 0 0 0 0 0
42 1.66 0 0 0 0 0.660237 0.00286266
43 1.7 0 0 0 0 12.2866 0.0587327
44 1.74 0 0 0 0 57.46 0.332454
45 1.78 0 0 0 0 119.182 0.9266
46 1.82 0 0 0 0 134.663 1.62843
47 1.86 0 0 0 0 102.586 2.18684
48 1.9 0 0 0 0 61.3336 2.53522
49 1.94 0 0 0 0 31.9492 2.72441
50 1.98 0 0 0 0 15.8729 2.82232
51 2.02 0 0 0 0 8.63226 2.87774
52 2.06 0 0 0 0 4.34039 2.90672
53 2.1 0 0 0 0 2.55877 2.92448
54 2.14 0 0 0.000525403 3.78788e-06 1.38382 2.93445
55 2.18 0 0 0.00405247 3.40909e-05 1.09257 2.94262
56 2.22 0 0 0.0180742 0.000174242 0.754933 2.94847
57 2.26 0 0 0.0558551 0.000623106 0.480313 2.95233
58 2.3 0 0 0.181128 0.00213068 0.405765 2.95571
59 2.34 0.000444812 3.78788e-06 0.400101 0.00557765 0.425606 2.95938
60 2.38 0.00257963 2.65152e-05 0.779276 0.0125227 0.36451 2.96262
61 2.42 0.0122672 0.000138258 1.28279 0.0243428 0.390959 2.96623
62 2.46 0.0434621 0.000547348 1.77309 0.0412254 0.422239 2.97025
63 2.5 0.117093 0.00168561 2.20948 0.0629527 0.520066 2.97536
64 2.54 0.287643 0.00457197 2.48394 0.0881667 0.690761 2.98237
65 2.58 0.568924 0.0104621 2.66576 0.116085 0.669528 2.98939
66 2.62 0.938396 0.0204811 2.59814 0.144146 0.851746 2.99858
67 2.66 1.39346 0.0358163 2.44708 0.171388 1.04594 3.01023
68 2.7 1.85258 0.056822 2.29058 0.197661 1.04881 3.02226
69 2.74 2.2042 0.0825606 2.04109 0.221771 1.1273 3.03557
70 2.78 2.51386 0.112778 1.80942 0.243773 1.04747 3.04831
71 2.82 2.59816 0.144915 1.61783 0.264015 0.886886 3.05941
72 2.86 2.60847 0.1781 1.38555 0.281847 0.887225 3.07083
73 2.9 2.47258 0.210443 1.23609 0.298203 0.90185 3.08276
74 2.94 2.32996 0.241767 1.11035 0.313303 0.860914 3.09447
75 2.98 2.07394 0.270413 0.985721 0.327076 0.893187 3.10695
76 3.02 1.84607 0.2966 0.875981 0.339646 0.892101 3.11975
77 3.06 1.62335 0.320242 0.784322 0.351201 1.00432 3.13454
78 3.1 1.44247 0.341803 0.724755 0.362159 1.09555 3.15111
79 3.14 1.25515 0.361051 0.703111 0.373066 1.1777 3.16938
80 3.18 1.08338 0.378091 0.637443 0.383208 1.1422 3.18755
81 3.22 0.969135 0.39372 0.631224 0.393506 1.3368 3.20936
82 3.26 0.894625 0.408508 0.602918 0.403587 1.48886 3.23426
83 3.3 0.822302 0.422436 0.569265 0.413341 1.6914 3.26324
84 3.34 0.733628 0.435165 0.570388 0.423352 1.91868 3.29691
85 3.38 0.700807 0.447617 0.561285 0.433441 2.19029 3.33628
86 3.42 0.657857 0.459585 0.57314 0.443989 2.44696 3.38131
87 3.46 0.642329 0.471545 0.572937 0.45478 2.88078 3.43557
88 3.5 0.637769 0.483697 0.570725 0.46578 3.11741 3.49566
89 3.54 0.631112 0.495998 0.579417 0.477205 3.65091 3.56764
90 3.58 0.641797 0.508792 0.581194 0.488924 3.79784 3.64423
91 3.62 0.64507 0.521939 0.623628 0.501782 4.15435 3.72988
92 3.66 0.658863 0.535667 0.627685 0.515011 4.47608 3.82422
93 3.7 0.693167 0.550426 0.637929 0.528752 4.82184 3.92808
94 3.74 0.723513 0.566167 0.679602 0.543708 4.89174 4.03573
95 3.78 0.749787 0.58283 0.702364 0.559498 5.0792 4.14992
96 3.82 0.784232 0.600629 0.716773 0.575955 5.28582 4.27128
97 3.86 0.808032 0.619354 0.766703 0.593928 5.26191 4.39463
98 3.9 0.869192 0.639917 0.79237 0.61289 5.16932 4.51833
99 3.94 0.89737 0.661583 0.810794 0.632693 5.15307 4.64419
100 3.98 0.938534 0.684706 0.815475 0.653017 4.90032 4.76632
101 4.02 0.974581 0.709203 0.831655 0.674163 4.80076 4.88839
102 4.06 0.996988 0.734763 0.85442 0.696322 4.60992 5.00794
103 4.1 1.01102 0.761197 0.866259 0.719233 4.37809 5.12374
104 4.14 1.01702 0.788309 0.878609 0.742926 4.3142 5.24008
105 4.18 1.00921 0.815735 0.910716 0.767962 4.40985 5.36131
106 4.22 1.01021 0.843716 0.917669 0.793674 4.56773 5.48929
107 4.26 0.984216 0.871496 0.938322 0.820466 4.56914 5.61975
108 4.3 0.947286 0.898739 0.959294 0.848373 4.74983 5.75793
109 4.34 0.931389 0.926025 0.987322 0.877633 5.09138 5.90881
110 4.38 0.900307 0.952888 1.01154 0.908165 5.54548 6.0762
111 4.42 0.8829 0.979716 1.04193 0.940191 5.71975 6.25201
112 4.46 0.878516 1.0069 1.06223 0.973436 5.9444 6.43805
113 4.5 0.860025 1.03398 1.09812 1.00842 6.16933 6.63461
114 4.54 0.850841 1.06126 1.09381 1.04389 6.41121 6.84252
115 4.58 0.862053 1.08938 1.10594 1.08039 6.67008 7.06266
116 4.62 0.878339 1.11854 1.12066 1.11803 6.96984 7.29672
117 4.66 0.889851 1.1486 1.10921 1.15593 6.79319 7.52882
118 4.7 0.879508 1.17882 1.103 1.19426 7.11768 7.7762
119 4.74 0.897405 1.21018 1.06941 1.23206 7.14089 8.02863
120 4.78 0.908621 1.24247 1.0637 1.2703 7.15073 8.28569
121 4.82 0.917449 1.27562 1.03 1.30795 7.28952 8.55214
122 4.86 0.933547 1.30991 1.01572 1.3457 7.42622 8.82811
123 4.9 0.94114 1.34506 0.973985 1.38249 7.39062 9.1073
124 4.94 0.938332 1.38067 0.976777 1.42 7.44813 9.39328
125 4.98 0.937316 1.41683 0.95139 1.45712 7.55236 9.68797
126 5.02 0.932778 1.45339 0.94713 1.49467 7.45034 9.98337
127 5.06 0.932451 1.49052 0.933065 1.53226 7.4352 10.2829
128 5.1 0.932537 1.52825 0.916539 1.56977 7.49039 10.5894
129 5.14 0.927297 1.56635 0.905198 1.60739 7.29612 10.8927
130 5.18 0.892564 1.6036 0.888494 1.6449 7.04291 11.19
131 5.22 0.891586 1.64139 0.886284 1.6829 6.93394 11.4873
132 5.26 0.876624 1.67911 0.87825 1.72113 6.63895 11.7763
133 5.3 0.874497 1.71732 0.84623 1.75853 6.43141 12.0605
134 5.34 0.858198 1.75538 0.832756 1.79589 6.28737 12.3426
135 5.38 0.853183 1.79379 0.82545 1.83348 5.95057 12.6136
136 5.42 0.825795 1.83152 0.8002 1.87047 5.85749 12.8843
137 5.46 0.825916 1.86982 0.782948 1.90719 5.63482 13.1486
138 5.5 0.810524 1.90795 0.758226 1.94328 5.64037 13.4171
139 5.54 0.791123 1.94572 0.748453 1.97942 5.58781 13.6869
140 5.58 0.798359 1.98438 0.743177 2.01583 5.36683 13.9498
141 5.62 0.784184 2.0229 0.73229 2.05222 5.19944 14.2082
142 5.66 0.771694 2.06135 0.726561 2.08884 5.24429 14.4725
143 5.7 0.75723 2.09962 0.706621 2.12496 5.12247 14.7344
144 5.74 0.755508 2.13833 0.703563 2.16143 5.04327 14.9958
145 5.78 0.754781 2.17755 0.692708 2.19784 5.15483 15.2668
146 5.82 0.75893 2.21754 0.684178 2.2343 5.05706 15.5363
147 5.86 0.740663 2.25709 0.688122 2.27148 5.12937 15.8134
148 5.9 0.735972 2.29694 0.695697 2.30959 5.27499 16.1023
149 5.94 0.744764 2.33781 0.683255 2.34752 5.25054 16.3938
150 5.98 0.736876 2.3788 0.68337 2.38596 5.4258 16.6991
151 6.02 0.743915 2.42073 0.686342 2.4251 5.40245 17.0071
152 6.06 0.747523 2.46343 0.682425 2.46453 5.56515 17.3287
153 6.1 0.737687 2.50612 0.689583 2.5049 5.80777 17.6687
154 6.14 0.733082 2.5491 0.686851 2.54564 5.86575 18.0166
155 6.18 0.736663 2.59286 0.711366 2.58839 5.97042 18.3754
156 6.22 0.734206 2.63704 0.70172 2.6311 6.14172 18.7492
157 6.26 0.73955 2.68212 0.719504 2.67546 6.21425 19.1324
158 6.3 0.727642 2.72704 0.737543 2.72152 6.38798 19.5313
159 6.34 0.740938 2.77336 0.739704 2.7683 6.54869 19.9454
160 6.38 0.732695 2.81975 0.750982 2.81639 6.5266 20.3634
161 6.42 0.744599 2.86748 0.7649 2.866 6.58441 20.7904
162 6.46 0.736425 2.91528 0.773166 2.91676 6.71132 21.231
163 6.5 0.738025 2.96378 0.781774 2.96873 6.77945 21.6817
164 6.54 0.74497 3.01334 0.799316 3.02252 6.86123 22.1434
165 6.58 0.748904 3.06377 0.813399 3.07793 6.87722 22.6119
166 6.62 0.747271 3.1147 0.820929 3.13453 6.81207 23.0816
167 6.66 0.747437 3.16627 0.823392 3.19199 6.94204 23.5661
168 6.7 0.748171 3.2185 0.841264 3.25141 7.0015 24.0606
169 6.74 0.757409 3.27202 0.84954 3.31213 7.0217 24.5624
170 6.78 0.758804 3.32627 0.849445 3.37357 6.88883 25.0607
171 6.82 0.776344 3.38243 0.858865 3.43642 6.93836 25.5684
172 6.86 0.767603 3.43862 0.855633 3.49977 6.92066 26.0808
173 6.9 0.776938 3.49615 0.861949 3.56434 6.87026 26.5955
174 6.94 0.798221 3.55595 0.868662 3.63016 6.92206 27.12
175 6.98 0.806643 3.61707 0.860835 3.69615 6.89412 27.6485
176 7.02 0.80064 3.67844 0.867955 3.76345 6.7913 28.175
177 7.06 0.811968 3.74138 0.876841 3.83221 6.78307 28.707
178 7.1 0.816132 3.80537 0.866583 3.90094 6.75188 29.2425
179 7.14 0.825284 3.87081 0.871328 3.97083 6.76105 29.7848
180 7.18 0.824192 3.9369 0.865871 4.04106 6.75179 30.3324
181 7.22 0.82665 4.00392 0.874411 4.11278 6.6705 30.8795
182 7.26 0.826227 4.07165 0.87325 4.18519 6.66701 31.4324
183 7.3 0.822046 4.13979 0.871139 4.25823 6.64861 31.9898
184 7.34 0.824364 4.20886 0.865538 4.3316 6.57446 32.5471
185 7.38 0.840938 4.2801 0.859514 4.40525 6.53114 33.1068
186 7.42 0.835215 4.35162 0.866629 4.48032 6.43345 33.6641
187 7.46 0.827859 4.42328 0.861578 4.55576 6.43113 34.2272
188 7.5 0.835374 4.49636 0.855986 4.63152 6.46557 34.7994
189 7.54 0.837244 4.5704 0.852201 4.70775 6.25942 35.3593
190 7.58 0.841338 4.64558 0.842243 4.78388 6.30705 35.9294
191 7.62 0.838338 4.72129 0.841139 4.86073 6.08676 36.4855
192 7.66 0.836619 4.79764 0.838756 4.93816 6.15925 37.0541
193 7.7 0.836207 4.87475 0.832481 5.01582 6.07542 37.6208
194 7.74 0.835411 4.95259 0.831051 5.09415 6.07868 38.1938
195 7.78 0.839455 5.03162 0.824557 5.17267 5.98999 38.7642
196 7.82 0.832085 5.11077 0.81705 5.25128 5.88875 39.3308
197 7.86 0.836115 5.19111 0.820932 5.33108 5.88224 39.9026
198 7.9 0.836703 5.27232 0.820992 5.4117 5.86345 40.4783
199 7.94 0.837875 5.35448 0.812607 5.4923 5.79414 41.053
200 7.98 0.835652 5.43725 0.809075 5.57336 5.65819 41.6199
4000 200
1 0.02 0 0 0 0 0 0
2 0.06 0 0 0 0 0 0
3 0.1 0 0 0 0 0 0
4 0.14 0 0 0 0 0 0
5 0.18 0 0 0 0 0 0
6 0.22 0 0 0 0 0 0
7 0.26 0 0 0 0 0 0
8 0.3 0 0 0 0 0 0
9 0.34 0 0 0 0 0 0
10 0.38 0 0 0 0 0 0
11 0.42 0 0 0 0 0 0
12 0.46 0 0 0 0 0 0
13 0.5 0 0 0 0 0 0
14 0.54 0 0 0 0 0 0
15 0.58 0 0 0 0 0 0
16 0.62 0 0 0 0 0 0
17 0.66 0 0 0 0 0 0
18 0.7 0 0 0 0 0 0
19 0.74 0 0 0 0 0 0
20 0.78 0 0 0 0 0 0
21 0.82 0 0 0 0 0 0
22 0.86 0 0 0 0 0 0
23 0.9 0 0 0 0 0 0
24 0.94 0 0 0 0 0 0
25 0.98 0 0 0 0 0 0
26 1.02 0 0 0 0 0 0
27 1.06 0 0 0 0 0 0
28 1.1 0 0 0 0 0 0
29 1.14 0 0 0 0 0 0
30 1.18 0 0 0 0 0 0
31 1.22 0 0 0 0 0 0
32 1.26 0 0 0 0 0 0
33 1.3 0 0 0 0 0 0
34 1.34 0 0 0 0 0 0
35 1.38 0 0 0 0 0 0
36 1.42 0 0 0 0 0 0
37 1.46 0 0 0 0 0 0
38 1.5 0 0 0 0 0 0
39 1.54 0 0 0 0 0 0
40 1.58 0 0 0 0 0 0
41 1.62 0 0 0 0 0.0155738 6.43294e-05
42 1.66 0 0 0 0 0.77871 0.00344162
43 1.7 0 0 0 0 12.3606 0.0596655
44 1.74 0 0 0 0 58.5215 0.338533
45 1.78 0 0 0 0 118.97 0.931811
46 1.82 0 0 0 0 133.701 1.62885
47 1.86 0 0 0 0 101.49 2.18147
48 1.9 0 0 0 0 62.1577 2.53464
49 1.94 0 0 0 0 32.2431 2.72564
50 1.98 0 0 0 0 16.2068 2.82564
51 2.02 0 0 0 0 7.92332 2.87652
52 2.06 0 0 0 0 4.29085 2.90518
53 2.1 0 0 0 0 2.78509 2.92451
54 2.14 0 0 0.000262864 1.89394e-06 1.52166 2.93548
55 2.18 0 0 0.00379811 3.0303e-05 0.997631 2.94294
56 2.22 0 0 0.0192897 0.000179924 0.588817 2.94751
57 2.26 0 0 0.0596053 0.000659091 0.556168 2.95198
58 2.3 0 0 0.18653 0.00221212 0.452 2.95574
59 2.34 0 0 0.405246 0.00570455 0.410555 2.95928
60 2.38 0.00085966 7.57576e-06 0.797506 0.0128144 0.429344 2.96311
61 2.42 0.0101852 0.000100379 1.23225 0.0241723 0.366422 2.96648
62 2.46 0.0382188 0.000460227 1.78387 0.0411629 0.364712 2.96996
63 2.5 0.126598 0.00169129 2.21802 0.0629811 0.536284 2.97523
64 2.54 0.286039 0.0045625 2.49061 0.0882708 0.630347 2.98163
65 2.58 0.575508 0.0105227 2.62242 0.115744 0.742991 2.98942
66 2.62 0.961146 0.0207879 2.59836 0.143816 0.916969 2.99932
67 2.66 1.38097 0.0359905 2.46655 0.171284 0.993557 3.01039
68 2.7 1.86351 0.0571269 2.28457 0.197496 1.04846 3.02242
69 2.74 2.26966 0.0836383 2.04316 0.221638 1.02079 3.03448
70 2.78 2.45919 0.113208 1.79778 0.243506 1.02601 3.04696
71 2.82 2.60943 0.145494 1.63396 0.263956 0.917427 3.05844
72 2.86 2.56612 0.178152 1.39541 0.28192 0.896958 3.06999
73 2.9 2.50219 0.210892 1.25229 0.298496 0.85539 3.08131
74 2.94 2.29585 0.241767 1.08996 0.313324 0.957549 3.09434
75 2.98 2.06395 0.270284 0.97877 0.327004 0.899799 3.10692
76 3.02 1.83627 0.296341 0.854593 0.339271 0.941122 3.12042
77 3.06 1.65157 0.320402 0.811703 0.351233 0.993081 3.13506
78 3.1 1.39248 0.341222 0.740799 0.362438 1.03992 3.15079
79 3.14 1.26722 0.360661 0.680795 0.373002 1.11516 3.16809
80 3.18 1.09712 0.377922 0.647946 0.383314 1.19034 3.18704
81 3.22 0.987372 0.39385 0.629864 0.393593 1.32457 3.20865
82 3.26 0.882997 0.408451 0.598759 0.403608 1.41341 3.23229
83 3.3 0.806282 0.422112 0.586873 0.413667 1.71711 3.26172
84 3.34 0.749434 0.435119 0.575379 0.423769 2.006 3.29694
85 3.38 0.710709 0.447752 0.555528 0.433758 2.16274 3.33583
86 3.42 0.671388 0.45997 0.560612 0.444078 2.48811 3.38163
87 3.46 0.644563 0.471975 0.556467 0.454563 2.7894 3.43419
88 3.5 0.628919 0.483962 0.567302 0.4655 3.14643 3.49485
89 3.54 0.632762 0.496299 0.593927 0.477214 3.49644 3.56381
90 3.58 0.634178 0.508945 0.59087 0.489133 3.98805 3.64426
91 3.62 0.640399 0.522002 0.618835 0.501896 4.02984 3.72737
92 3.66 0.658376 0.535723 0.623263 0.515036 4.50366 3.82232
93 3.7 0.689213 0.550403 0.650997 0.529063 4.65611 3.92264
94 3.74 0.701701 0.565674 0.667087 0.543748 5.01434 4.03303
95 3.78 0.757811 0.582521 0.703321 0.559564 5.06041 4.14683
96 3.82 0.798336 0.600646 0.725942 0.576237 5.41015 4.27108
97 3.86 0.813082 0.619494 0.742315 0.593644 5.24788 4.39415
98 3.9 0.865079 0.639966 0.772818 0.612144 5.17569 4.51804
99 3.94 0.913316 0.662025 0.797511 0.631629 5.0751 4.64204
100 3.98 0.932707 0.685011 0.823497 0.652159 4.94136 4.76523
101 4.02 0.9696 0.70939 0.852986 0.673854 4.7461 4.88594
102 4.06 0.991357 0.734814 0.861377 0.696201 4.65801 5.00679
103 4.1 1.02106 0.761519 0.865909 0.71911 4.45576 5.12467
104 4.14 1.01456 0.788574 0.900438 0.7434 4.45948 5.24497
105 4.18 0.996145 0.815653 0.90237 0.768214 4.27397 5.3625
106 4.22 0.994915 0.84322 0.920884 0.794025 4.37462 5.48511
107 4.26 0.965791 0.870489 0.931397 0.820627 4.6397 5.61763
108 4.3 0.956204 0.897996 0.961596 0.84861 4.90856 5.76047
109 4.34 0.940464 0.925557 0.986112 0.877843 5.04859 5.91013
110 4.38 0.902617 0.952498 1.00871 0.908299 5.35835 6.07192
111 4.42 0.872518 0.979019 1.04092 0.940305 5.62168 6.24477
112 4.46 0.869611 1.00593 1.06958 0.97379 6.00006 6.43261
113 4.5 0.868948 1.03331 1.07388 1.00802 6.16437 6.62908
114 4.54 0.860494 1.0609 1.10338 1.04381 6.44587 6.83818
115 4.58 0.865837 1.08916 1.12103 1.08082 6.72834 7.06031
116 4.62 0.866992 1.11795 1.12939 1.11876 6.83257 7.28984
117 4.66 0.87897 1.14765 1.10786 1.15662 7.12797 7.53345
118 4.7 0.888706 1.17819 1.09698 1.19476 7.08581 7.7798
119 4.74 0.899343 1.20963 1.08658 1.23318 7.28145 8.03728
120 4.78 0.930497 1.24271 1.05604 1.27116 7.23882 8.29759
121 4.82 0.925961 1.27618 1.02253 1.30855 7.28542 8.56398
122 4.86 0.927271 1.31025 1.00347 1.34585 7.33213 8.83654
123 4.9 0.946517 1.34561 0.983098 1.383 7.4393 9.11766
124 4.94 0.93524 1.38112 0.976316 1.4205 7.19037 9.39382
125 4.98 0.937954 1.41731 0.950116 1.45758 7.49561 9.68639
126 5.02 0.935429 1.45399 0.938856 1.49482 7.43257 9.98118
127 5.06 0.927829 1.49095 0.922329 1.53198 7.35142 10.2774
128 5.1 0.927649 1.52849 0.908893 1.56919 7.49589 10.5843
129 5.14 0.911015 1.56594 0.911517 1.60709 7.25584 10.886
130 5.18 0.909836 1.60392 0.899829 1.64509 7.09324 11.1855
131 5.22 0.895141 1.64187 0.882288 1.68293 6.97372 11.4846
132 5.26 0.879338 1.67972 0.867227 1.72069 6.75131 11.7786
133 5.3 0.873611 1.7179 0.863223 1.75886 6.48682 12.0654
134 5.34 0.856433 1.7559 0.832066 1.7962 6.26458 12.3465
135 5.38 0.839201 1.79369 0.815753 1.83336 6.05742 12.6225
136 5.42 0.833742 1.83179 0.798225 1.87027 5.92659 12.8965
137 5.46 0.823241 1.86998 0.783102 1.90701 5.60969 13.1597
138 5.5 0.807807 1.908 0.779748 1.94413 5.52705 13.4228
139 5.54 0.790754 1.94576 0.758529 1.98077 5.44288 13.6857
140 5.58 0.790248 1.98404 0.742245 2.01714 5.41042 13.9509
141 5.62 0.784282 2.02258 0.722649 2.05307 5.19458 14.2091
142 5.66 0.767304 2.06082 0.710405 2.08888 5.25986 14.4743
143 5.7 0.761819 2.09933 0.695544 2.12445 5.04539 14.7323
144 5.74 0.761293 2.13836 0.693478 2.16041 5.08818 14.9961
145 5.78 0.741862 2.17692 0.691335 2.19676 5.12014 15.2653
146 5.82 0.759802 2.21696 0.69039 2.23357 5.16708 15.5408
147 5.86 0.751344 2.2571 0.681629 2.27041 5.09379 15.8161
148 5.9 0.743115 2.29735 0.687282 2.30806 5.2968 16.1063
149 5.94 0.737177 2.33781 0.690948 2.34643 5.25639 16.3982
150 5.98 0.746444 2.37934 0.680524 2.38473 5.42691 16.7036
151 6.02 0.742437 2.42121 0.691039 2.42414 5.35953 17.0093
152 6.06 0.747352 2.46391 0.698165 2.4645 5.51106 17.3278
153 6.1 0.740887 2.5068 0.680857 2.50437 5.65598 17.6591
154 6.14 0.733269 2.54981 0.697295 2.54574 5.87634 18.0077
155 6.18 0.743408 2.59398 0.698157 2.58771 6.07717 18.373
156 6.22 0.733091 2.63811 0.721621 2.63165 6.14926 18.7474
157 6.26 0.728754 2.68254 0.712733 2.67561 6.21124 19.1305
158 6.3 0.730786 2.72767 0.737366 2.72167 6.353 19.5274
159 6.34 0.732767 2.77349 0.739977 2.76848 6.44444 19.9351
160 6.38 0.734315 2.82 0.755652 2.81689 6.62799 20.3597
161 6.42 0.730361 2.86683 0.766232 2.86659 6.63438 20.79
162 6.46 0.745734 2.91525 0.777565 2.91766 6.70578 21.2305
163 6.5 0.739547 2.96387 0.782976 2.96973 6.77973 21.6813
164 6.54 0.743849 3.01337 0.801649 3.02369 6.81124 22.1398
165 6.58 0.745967 3.06362 0.823617 3.07981 6.82122 22.6046
166 6.62 0.754313 3.11505 0.812596 3.13586 6.81408 23.0746
167 6.66 0.751262 3.16689 0.822127 3.19325 6.93937 23.559
168 6.7 0.755551 3.21966 0.839334 3.25255 6.90228 24.0467
169 6.74 0.757704 3.27321 0.84527 3.31299 7.01587 24.5483
170 6.78 0.753929 3.32713 0.851346 3.37458 6.93464 25.05
171 6.82 0.765496 3.38253 0.855978 3.43724 6.8276 25.5498
172 6.86 0.775713 3.43933 0.848278 3.50007 6.90979 26.0616
173 6.9 0.786535 3.49759 0.852347 3.56394 6.95782 26.5829
174 6.94 0.792077 3.55694 0.867088 3.62966 6.91988 27.1075
175 6.98 0.802788 3.61779 0.869749 3.69635 6.82774 27.631
176 7.02 0.803103 3.67937 0.870805 3.76389 6.94009 28.1693
177 7.06 0.811514 3.7423 0.881874 3.83307 6.84652 28.7064
178 7.1 0.816935 3.80637 0.874304 3.90244 6.71081 29.2388
179 7.14 0.814682 3.87099 0.876434 3.97276 6.71238 29.7774
180 7.18 0.816873 3.93651 0.863193 4.0428 6.7706 30.3267
181 7.22 0.827507 4.00362 0.870668 4.11423 6.65778 30.8729
182 7.26 0.828207 4.07154 0.860484 4.18561 6.63426 31.4233
183 7.3 0.830165 4.14037 0.859166 4.25767 6.56672 31.974
184 7.34 0.82862 4.20983 0.866958 4.33118 6.61257 32.5347
185 7.38 0.830282 4.28018 0.868564 4.40563 6.51969 33.0936
186 7.42 0.833956 4.35162 0.866244 4.48069 6.52087 33.6586
187 7.46 0.841134 4.42445 0.858081 4.55585 6.39937 34.2191
188 7.5 0.841989 4.49813 0.857339 4.63175 6.33814 34.7802
189 7.54 0.841475 4.57256 0.850954 4.70789 6.40268 35.3531
190 7.58 0.83393 4.64711 0.845224 4.78432 6.29687 35.9225
191 7.62 0.831926 4.72227 0.838944 4.86099 6.30483 36.4987
192 7.66 0.836828 4.79866 0.847207 4.93922 6.13847 37.0656
193 7.7 0.842222 4.87635 0.834551 5.0171 6.0966 37.6344
194 7.74 0.832767 4.95397 0.829783 5.09534 6.02044 38.2021
195 7.78 0.836354 5.03273 0.821252 5.17357 5.93978 38.7679
196 7.82 0.841972 5.11284 0.815215 5.25203 5.944 39.34
197 7.86 0.835375 5.19314 0.811397 5.33092 5.84895 39.9087
198 7.9 0.833335 5.27405 0.813057 5.41079 5.78921 40.4774
199 7.94 0.837336 5.35618 0.818055 5.49195 5.7362 41.0465
200 7.98 0.834679 5.43888 0.809515 5.57309 5.7443 41.6222
5000 200
1 0.02 0 0 0 0 0 0
2 0.06 0 0 0 0 0 0
3 0.1 0 0 0 0 0 0
4 0.14 0 0 0 0 0 0
5 0.18 0 0 0 0 0 0
6 0.22 0 0 0 0 0 0
7 0.26 0 0 0 0 0 0
8 0.3 0 0 0 0 0 0
9 0.34 0 0 0 0 0 0
10 0.38 0 0 0 0 0 0
11 0.42 0 0 0 0 0 0
12 0.46 0 0 0 0 0 0
13 0.5 0 0 0 0 0 0
14 0.54 0 0 0 0 0 0
15 0.58 0 0 0 0 0 0
16 0.62 0 0 0 0 0 0
17 0.66 0 0 0 0 0 0
18 0.7 0 0 0 0 0 0
19 0.74 0 0 0 0 0 0
20 0.78 0 0 0 0 0 0
21 0.82 0 0 0 0 0 0
22 0.86 0 0 0 0 0 0
23 0.9 0 0 0 0 0 0
24 0.94 0 0 0 0 0 0
25 0.98 0 0 0 0 0 0
26 1.02 0 0 0 0 0 0
27 1.06 0 0 0 0 0 0
28 1.1 0 0 0 0 0 0
29 1.14 0 0 0 0 0 0
30 1.18 0 0 0 0 0 0
31 1.22 0 0 0 0 0 0
32 1.26 0 0 0 0 0 0
33 1.3 0 0 0 0 0 0
34 1.34 0 0 0 0 0 0
35 1.38 0 0 0 0 0 0
36 1.42 0 0 0 0 0 0
37 1.46 0 0 0 0 0 0
38 1.5 0 0 0 0 0 0
39 1.54 0 0 0 0 0 0
40 1.58 0 0 0 0 0 0
41 1.62 0 0 0 0 0 0
42 1.66 0 0 0 0 0.600637 0.00260534
43 1.7 0 0 0 0 12.112 0.0577034
44 1.74 0 0 0 0 58.2121 0.335124
45 1.78 0 0 0 0 120.189 0.934545
46 1.82 0 0 0 0 134.761 1.63718
47 1.86 0 0 0 0 102.844 2.19723
48 1.9 0 0 0 0 60.397 2.54043
49 1.94 0 0 0 0 32.1964 2.73117
50 1.98 0 0 0 0 15.9703 2.82972
51 2.02 0 0 0 0 8.02759 2.88128
52 2.06 0 0 0 0 4.17973 2.9092
53 2.1 0 0 0 0 2.2334 2.9247
54 2.14 0 0 0.00105117 7.57576e-06 1.38767 2.93471
55 2.18 0 0 0.00354454 3.40909e-05 0.911545 2.94152
56 2.22 0 0 0.0134284 0.000138258 0.58876 2.94609
57 2.26 0 0 0.0574776 0.000600379 0.492067 2.95005
58 2.3 0 0 0.181734 0.00211364 0.440381 2.95372
59 2.34 0.000222199 1.89394e-06 0.421909 0.00575 0.384403 2.95703
60 2.38 0.00171885 1.70455e-05 0.796996 0.0128561 0.40768 2.96066
61 2.42 0.0122625 0.000128788 1.26519 0.0245189 0.446637 2.96478
62 2.46 0.0426389 0.000530303 1.75028 0.0411913 0.472742 2.96928
63 2.5 0.111978 0.00161932 2.17851 0.0626231 0.496955 2.97417
64 2.54 0.283557 0.00446591 2.49372 0.087947 0.636622 2.98064
65 2.58 0.558992 0.0102557 2.648 0.115691 0.663119 2.98758
66 2.62 0.938885 0.0202841 2.60948 0.143886 0.851366 2.99678
67 2.66 1.39768 0.0356723 2.49912 0.17172 1.04258 3.00839
68 2.7 1.85498 0.056714 2.26188 0.197674 1.15207 3.02161
69 2.74 2.25013 0.083 2.03974 0.221778 1.06422 3.03419
70 2.78 2.49895 0.113051 1.82298 0.243955 1.04177 3.04686
71 2.82 2.62828 0.145574 1.59703 0.263945 0.907091 3.05822
72 2.86 2.57598 0.17836 1.42954 0.28235 0.884386 3.0696
73 2.9 2.5038 0.211125 1.24272 0.298801 0.821247 3.08048
74 2.94 2.31673 0.242284 1.10947 0.313896 0.789588 3.09122
75 2.98 2.10077 0.271313 0.974743 0.327521 0.881305 3.10354
76 3.02 1.83689 0.297381 0.863735 0.33992 0.956702 3.11727
77 3.06 1.6276 0.321095 0.801982 0.351741 0.914384 3.13075
78 3.1 1.43731 0.342587 0.728826 0.362765 1.08448 3.14715
79 3.14 1.24278 0.361653 0.666696 0.373112 1.16894 3.16529
80 3.18 1.09868 0.378941 0.644795 0.383375 1.33167 3.18649
81 3.22 0.998778 0.395055 0.626433 0.393598 1.41114 3.20952
82 3.26 0.878323 0.40958 0.604359 0.403708 1.52094 3.23496
83 3.3 0.783511 0.422856 0.581292 0.413672 1.75069 3.26497
84 3.34 0.746962 0.435822 0.568423 0.423653 1.88308 3.29804
85 3.38 0.696245 0.448199 0.559787 0.43372 2.20006 3.3376
86 3.42 0.668717 0.460369 0.55921 0.444015 2.45815 3.38286
87 3.46 0.636164 0.47222 0.556416 0.4545 2.8096 3.4358
88 3.5 0.631344 0.484254 0.564496 0.465384 3.08105 3.49521
89 3.54 0.620167 0.496347 0.577635 0.476778 3.68529 3.5679
90 3.58 0.627368 0.508858 0.596437 0.488811 3.81384 3.64484
91 3.62 0.657427 0.522263 0.623003 0.501661 4.24461 3.73239
92 3.66 0.668852 0.536205 0.638468 0.515123 4.42538 3.8257
93 3.7 0.686918 0.550837 0.668773 0.529534 4.75115 3.92808
94 3.74 0.701541 0.566106 0.67287 0.544348 4.9525 4.03712
95 3.78 0.734903 0.582445 0.70308 0.560161 5.14573 4.15285
96 3.82 0.781565 0.600191 0.715974 0.576606 5.24859 4.2734
97 3.86 0.839632 0.619657 0.740136 0.593964 5.31179 4.39797
98 3.9 0.864592 0.640119 0.778356 0.612598 5.2168 4.52287
99 3.94 0.895267 0.661744 0.801772 0.632189 4.96664 4.64423
100 3.98 0.940678 0.68493 0.808978 0.65236 5.08531 4.77102
101 4.02 0.982307 0.709631 0.842104 0.67378 4.6887 4.89029
102 4.06 0.989479 0.735009 0.861359 0.696129 4.50755 5.00724
103 4.1 1.01226 0.761487 0.884364 0.719528 4.56471 5.12802
104 4.14 1.01091 0.788447 0.89038 0.743549 4.31472 5.24442
105 4.18 1.02467 0.816305 0.900899 0.768326 4.2899 5.3624
106 4.22 0.992355 0.843803 0.917889 0.794055 4.40633 5.48591
107 4.26 0.967906 0.871134 0.936871 0.820816 4.51649 5.61492
108 4.3 0.949193 0.898443 0.967214 0.848966 4.63952 5.74995
109 4.34 0.927444 0.925625 0.981096 0.878053 5.13047 5.90206
110 4.38 0.907285 0.952708 1.01475 0.908695 5.40148 6.06517
111 4.42 0.888821 0.979727 1.03059 0.940386 5.64203 6.23866
112 4.46 0.871297 1.0067 1.07159 0.973938 5.95734 6.42518
113 4.5 0.862545 1.03387 1.0973 1.00891 6.40092 6.62921
114 4.54 0.85657 1.06134 1.11716 1.04516 6.40256 6.83693
115 4.58 0.85397 1.08922 1.11455 1.08196 6.75302 7.05989
116 4.62 0.864738 1.11794 1.10717 1.11915 6.98794 7.29466
117 4.66 0.88645 1.14789 1.11395 1.15723 7.03507 7.53512
118 4.7 0.892856 1.17858 1.10869 1.19578 7.15261 7.78382
119 4.74 0.903043 1.21015 1.07945 1.23395 7.16703 8.03728
120 4.78 0.91447 1.24266 1.04745 1.27162 7.20408 8.29637
121 4.82 0.928694 1.27623 1.03864 1.3096 7.41397 8.56748
122 4.86 0.930989 1.31045 1.01224 1.34724 7.32184 8.83969
123 4.9 0.939022 1.34553 0.989511 1.38463 7.32284 9.11644
124 4.94 0.93669 1.3811 0.963939 1.42166 7.49944 9.4045
125 4.98 0.939475 1.41735 0.952395 1.45884 7.54014 9.69884
126 5.02 0.936346 1.45407 0.939859 1.49612 7.3637 9.99093
127 5.06 0.943661 1.49166 0.915468 1.53301 7.45361 10.2913
128 5.1 0.942252 1.5298 0.914534 1.57045 7.18003 10.5853
129 5.14 0.906957 1.56708 0.910923 1.60833 7.22419 10.8857
130 5.18 0.900856 1.60469 0.887987 1.64584 7.03005 11.1826
131 5.22 0.895546 1.64266 0.87849 1.68352 6.93623 11.4801
132 5.26 0.879513 1.68053 0.861227 1.72102 6.76317 11.7746
133 5.3 0.869575 1.71853 0.850455 1.75862 6.52181 12.063
134 5.34 0.855066 1.75647 0.838943 1.79628 6.17868 12.3403
135 5.38 0.845803 1.79457 0.81953 1.83362 6.11046 12.6187
136 5.42 0.833777 1.83268 0.799783 1.8706 5.79103 12.8865
137 5.46 0.830018 1.87118 0.783346 1.90735 5.677 13.1528
138 5.5 0.804429 1.90904 0.771873 1.94411 5.54749 13.417
139 5.54 0.796542 1.94708 0.75465 1.98056 5.3531 13.6756
140 5.58 0.788799 1.9853 0.740275 2.01684 5.32717 13.9367
141 5.62 0.782079 2.02373 0.737548 2.05351 5.27165 14.1987
142 5.66 0.779157 2.06257 0.714389 2.08953 5.26759 14.4644
143 5.7 0.765416 2.10127 0.709506 2.12582 5.13479 14.727
144 5.74 0.754376 2.13994 0.700713 2.16216 5.01635 14.9871
145 5.78 0.74867 2.17886 0.68968 2.19842 5.07986 15.2542
146 5.82 0.757608 2.21879 0.690499 2.23524 5.08751 15.5255
147 5.86 0.737836 2.25822 0.681664 2.27208 5.15099 15.8039
148 5.9 0.742481 2.29843 0.688316 2.3098 5.28158 16.0933
149 5.94 0.741173 2.33912 0.688732 2.34805 5.33581 16.3896
150 5.98 0.738438 2.38021 0.680286 2.38634 5.45893 16.6969
151 6.02 0.734503 2.42163 0.683463 2.42532 5.49321 17.0102
152 6.06 0.7484 2.4644 0.683219 2.46482 5.66243 17.3375
153 6.1 0.739337 2.5072 0.696826 2.50563 5.81301 17.678
154 6.14 0.745008 2.55091 0.692915 2.54675 5.83183 18.0241
155 6.18 0.736321 2.59466 0.701966 2.58895 6.00539 18.3851
156 6.22 0.740316 2.63923 0.710133 2.63219 6.02347 18.7519
157 6.26 0.726877 2.68355 0.726509 2.677 6.24655 19.1372
158 6.3 0.727368 2.72847 0.715708 2.72171 6.24578 19.5274
159 6.34 0.733965 2.77438 0.744453 2.76881 6.48495 19.9377
160 6.38 0.732088 2.82074 0.762398 2.81766 6.57759 20.3591
161 6.42 0.737315 2.86803 0.770038 2.86762 6.77651 20.7987
162 6.46 0.740232 2.9161 0.778493 2.91875 6.69725 21.2386
163 6.5 0.733075 2.96429 0.787881 2.97115 6.72922 21.6861
164 6.54 0.74178 3.01366 0.801032 3.02508 6.82343 22.1455
165 6.58 0.746199 3.06393 0.80708 3.08008 6.82759 22.6108
166 6.62 0.748154 3.11495 0.832613 3.13751 6.94817 23.0901
167 6.66 0.748495 3.1666 0.825599 3.19515 6.86262 23.5692
168 6.7 0.753929 3.21927 0.830914 3.25386 6.95349 24.0605
169 6.74 0.763708 3.27325 0.840787 3.31398 6.95486 24.5578
170 6.78 0.762351 3.32778 0.852071 3.37563 6.86547 25.0546
171 6.82 0.772694 3.3837 0.854858 3.43822 6.99168 25.5665
172 6.86 0.778323 3.44069 0.863404 3.50217 6.79961 26.0701
173 6.9 0.779832 3.49846 0.864948 3.56699 6.87729 26.5855
174 6.94 0.786614 3.55741 0.860577 3.63223 6.9344 27.1112
175 6.98 0.804107 3.61837 0.871635 3.69908 6.83041 27.635
176 7.02 0.806945 3.68025 0.868103 3.76641 6.88217 28.1688
177 7.06 0.81175 3.7432 0.870992 3.83475 6.84544 28.7059
178 7.1 0.818349 3.80739 0.864739 3.90336 6.82283 29.2472
179 7.14 0.819708 3.87242 0.86964 3.97314 6.70768 29.7855
180 7.18 0.830836 3.93906 0.878206 4.0444 6.67917 30.3275
181 7.22 0.823057 4.00582 0.859155 4.1149 6.74137 30.8806
182 7.26 0.831032 4.07398 0.872041 4.18724 6.70878 31.4372
183 7.3 0.82734 4.14258 0.876916 4.2608 6.64044 31.9942
184 7.34 0.836107 4.21267 0.872964 4.33483 6.53225 32.5481
185 7.38 0.839849 4.28384 0.862865 4.4088 6.51864 33.1069
186 7.42 0.839883 4.3558 0.859378 4.48327 6.53246 33.673
187 7.46 0.839781 4.42852 0.860828 4.55868 6.3627 34.2304
188 7.5 0.838095 4.50187 0.852866 4.63419 6.34696 34.7923
189 7.54 0.835285 4.57576 0.852646 4.71049 6.37292 35.3626
190 7.58 0.834967 4.65041 0.845745 4.78698 6.25745 35.9285
191 7.62 0.83161 4.72554 0.840081 4.86375 6.25705 36.5004
192 7.66 0.832138 4.80152 0.838259 4.94117 6.14136 37.0676
193 7.7 0.832672 4.87833 0.831908 5.01881 6.01051 37.6285
194 7.74 0.835792 4.95624 0.830663 5.09714 5.99013 38.1933
195 7.78 0.834561 5.03484 0.822025 5.17545 5.90272 38.7557
196 7.82 0.834382 5.11424 0.819439 5.25433 5.89297 39.3229
197 7.86 0.837753 5.19477 0.813963 5.33348 5.79044 39.886
198 7.9 0.833679 5.27573 0.814534 5.41349 5.74832 40.4507
199 7.94 0.838254 5.35796 0.812417 5.49411 5.78134 41.0244
200 7.98 0.8366 5.44085 0.805351 5.57484 5.72254 41.598
6000 200
1 0.02 0 0 0 0 0 0
2 0.06 0 0 0 0 0 0
3 0.1 0 0 0 0 0 0
4 0.14 0 0 0 0 0 0
5 0.18 0 0 0 0 0 0
6 0.22 0 0 0 0 0 0
7 0.26 0 0 0 0 0 0
8 0.3 0 0 0 0 0 0
9 0.34 0 0 0 0 0 0
10 0.38 0 0 0 0 0 0
11 0.42 0 0 0 0 0 0
12 0.46 0 0 0 0 0 0
13 0.5 0 0 0 0 0 0
14 0.54 0 0 0 0 0 0
15 0.58 0 0 0 0 0 0
16 0.62 0 0 0 0 0 0
17 0.66 0 0 0 0 0 0
18 0.7 0 0 0 0 0 0
19 0.74 0 0 0 0 0 0
20 0.78 0 0 0 0 0 0
21 0.82 0 0 0 0 0 0
22 0.86 0 0 0 0 0 0
23 0.9 0 0 0 0 0 0
24 0.94 0 0 0 0 0 0
25 0.98 0 0 0 0 0 0
26 1.02 0 0 0 0 0 0
27 1.06 0 0 0 0 0 0
28 1.1 0 0 0 0 0 0
29 1.14 0 0 0 0 0 0
30 1.18 0 0 0 0 0 0
31 1.22 0 0 0 0 0 0
32 1.26 0 0 0 0 0 0
33 1.3 0 0 0 0 0 0
34 1.34 0 0 0 0 0 0
35 1.38 0 0 0 0 0 0
36 1.42 0 0 0 0 0 0
37 1.46 0 0 0 0 0 0
38 1.5 0 0 0 0 0 0
39 1.54 0 0 0 0 0 0
40 1.58 0 0 0 0 0 0
41 1.62 0 0 0 0 0.00777825 3.21647e-05
42 1.66 0 0 0 0 0.555958 0.00244452
43 1.7 0 0 0 0 11.5639 0.0550659
44 1.74 0 0 0 0 57.708 0.33017
45 1.78 0 0 0 0 120.525 0.931457
46 1.82 0 0 0 0 135.89 1.64021
47 1.86 0 0 0 0 103.113 2.2019
48 1.9 0 0 0 0 60.6434 2.54661
49 1.94 0 0 0 0 31.6002 2.73387
50 1.98 0 0 0 0 15.0951 2.82705
51 2.02 0 0 0 0 8.09016 2.87903
52 2.06 0 0 0 0 4.1688 2.90688
53 2.1 0 0 0 0 2.24664 2.92248
54 2.14 0 0 0.000525128 3.78788e-06 1.35159 2.93223
55 2.18 0 0 0.0048094 3.97727e-05 0.971444 2.9395
56 2.22 0 0 0.0173279 0.000174242 0.63419 2.94442
57 2.26 0 0 0.057933 0.000640152 0.491959 2.94838
58 2.3 0.000229963 1.89394e-06 0.17372 0.00208712 0.51359 2.95265
59 2.34 0 1.89394e-06 0.398041 0.00551894 0.391735 2.95603
60 2.38 0.0015035 1.51515e-05 0.759159 0.0122898 0.371474 2.95934
61 2.42 0.00810261 8.90152e-05 1.27158 0.0240152 0.331358 2.9624
62 2.46 0.0390068 0.000456439 1.77657 0.0409432 0.465829 2.96684
63 2.5 0.120512 0.00162879 2.20669 0.0626591 0.53604 2.97211
64 2.54 0.295727 0.00459848 2.50804 0.0881364 0.630121 2.97851
65 2.58 0.540176 0.0101951 2.66217 0.116038 0.699724 2.98585
66 2.62 0.969257 0.0205511 2.61112 0.144259 0.937436 2.99598
67 2.66 1.38641 0.0358201 2.48388 0.171932 1.12018 3.00846
68 2.7 1.85105 0.0568239 2.27023 0.197991 1.05922 3.02062
69 2.74 2.22833 0.0828636 2.04551 0.22217 1.09655 3.03358
70 2.78 2.50745 0.113027 1.82863 0.244422 0.92251 3.04481
71 2.82 2.64858 0.145811 1.5929 0.264367 1.00695 3.05741
72 2.86 2.61176 0.179063 1.40526 0.282466 0.864123 3.06854
73 2.9 2.48539 0.211597 1.22332 0.298665 0.906024 3.08054
74 2.94 2.31275 0.242712 1.10231 0.313667 0.784633 3.09122
75 2.98 2.06626 0.271273 0.998958 0.327634 0.901747 3.10383
76 3.02 1.83938 0.297384 0.884428 0.340335 0.907153 3.11685
77 3.06 1.618 0.320966 0.796587 0.35208 1.00573 3.13168
78 3.1 1.4309 0.342369 0.735361 0.363206 1.03731 3.14738
79 3.14 1.23029 0.36125 0.673309 0.373659 1.15816 3.16536
80 3.18 1.11494 0.378799 0.642805 0.383894 1.19593 3.1844
81 3.22 0.992711 0.39482 0.619387 0.394006 1.45599 3.20817
82 3.26 0.881601 0.409403 0.586968 0.403828 1.61844 3.23525
83 3.3 0.79365 0.422856 0.572931 0.413652 1.70518 3.26449
84 3.34 0.739531 0.435697 0.560379 0.423494 1.88066 3.29752
85 3.38 0.692736 0.448015 0.564245 0.433644 2.20297 3.33715
86 3.42 0.669024 0.460195 0.556666 0.443896 2.40848 3.38151
87 3.46 0.651003 0.472326 0.556141 0.454379 2.73194 3.433
88 3.5 0.636512 0.484462 0.57148 0.465402 3.12678 3.49331
89 3.54 0.621614 0.496587 0.578414 0.476814 3.50641 3.5625
90 3.58 0.635438 0.509263 0.596629 0.488854 3.93697 3.64194
91 3.62 0.635671 0.522229 0.612701 0.501496 4.15757 3.72773
92 3.66 0.66773 0.536152 0.644917 0.515098 4.41339 3.82081
93 3.7 0.690441 0.550864 0.645191 0.529006 4.65116 3.92107
94 3.74 0.713937 0.566407 0.67085 0.54378 4.92172 4.02946
95 3.78 0.744211 0.582958 0.706139 0.559667 5.16408 4.14564
96 3.82 0.789746 0.600896 0.736933 0.576598 5.20354 4.2652
97 3.86 0.824261 0.620011 0.738291 0.593919 5.43213 4.39263
98 3.9 0.846633 0.640055 0.780008 0.612598 5.37097 4.52126
99 3.94 0.912386 0.6621 0.797341 0.632087 5.044 4.64455
100 3.98 0.92471 0.6849 0.824065 0.65264 5.02954 4.76999
101 4.02 0.984557 0.709665 0.831493 0.673797 4.80729 4.89231
102 4.06 0.996109 0.735222 0.852621 0.695926 4.63381 5.01258
103 4.1 1.01224 0.761706 0.868983 0.718926 4.39437 5.12888
104 4.14 1.01591 0.788809 0.893119 0.743028 4.22643 5.24294
105 4.18 1.01564 0.81643 0.904956 0.767924 4.42766 5.36475
106 4.22 0.985077 0.843735 0.91497 0.79358 4.32807 5.4861
107 4.26 0.97732 0.871341 0.935247 0.820303 4.57029 5.61669
108 4.3 0.949683 0.898672 0.960021 0.848252 4.89107 5.75909
109 4.34 0.915787 0.925521 1.00007 0.877911 4.96939 5.90647
110 4.38 0.904334 0.952525 1.00634 0.908309 5.29113 6.06629
111 4.42 0.885614 0.979455 1.04387 0.940419 5.67164 6.24075
112 4.46 0.880929 1.00673 1.05347 0.973413 5.87431 6.42473
113 4.5 0.8511 1.03355 1.09102 1.0082 6.20215 6.62248
114 4.54 0.855179 1.06099 1.11185 1.04428 6.47294 6.83255
115 4.58 0.860488 1.08909 1.10812 1.08088 6.65446 7.05233
116 4.62 0.876498 1.1182 1.12575 1.11871 6.9666 7.28646
117 4.66 0.874403 1.14776 1.11382 1.1568 7.04506 7.52734
118 4.7 0.877316 1.17792 1.09772 1.19498 7.06987 7.77324
119 4.74 0.89079 1.20908 1.08479 1.23335 7.27936 8.03075
120 4.78 0.901082 1.24112 1.05481 1.2713 7.28585 8.29286
121 4.82 0.920283 1.2744 1.02226 1.30869 7.32642 8.56086
122 4.86 0.932239 1.30867 1.01731 1.34653 7.50372 8.83992
123 4.9 0.946782 1.34405 0.988949 1.38391 7.47708 9.12258
124 4.94 0.950509 1.38016 0.968267 1.42112 7.40916 9.40727
125 4.98 0.946488 1.4167 0.950786 1.45824 7.39693 9.69611
126 5.02 0.947934 1.45388 0.94037 1.49556 7.31026 9.98617
127 5.06 0.938656 1.49128 0.932188 1.53314 7.39543 10.2843
128 5.1 0.915156 1.52833 0.915175 1.57062 7.46052 10.5898
129 5.14 0.921407 1.56622 0.897482 1.60795 7.25672 10.8917
130 5.18 0.915854 1.60447 0.897301 1.64586 7.22422 11.1969
131 5.22 0.883293 1.64194 0.886027 1.68387 6.8606 11.4913
132 5.26 0.890849 1.6803 0.868822 1.72172 6.57205 11.7775
133 5.3 0.871431 1.7184 0.838589 1.75881 6.45067 12.0628
134 5.34 0.857864 1.75648 0.84016 1.79653 6.16674 12.3397
135 5.38 0.856839 1.79508 0.814618 1.83366 5.97794 12.6122
136 5.42 0.827263 1.8329 0.803748 1.87083 5.87549 12.8839
137 5.46 0.819672 1.87094 0.778743 1.90738 5.68071 13.1506
138 5.5 0.816724 1.90939 0.774254 1.94426 5.55178 13.415
139 5.54 0.796409 1.94744 0.760251 1.981 5.44991 13.6784
140 5.58 0.787927 1.98562 0.740581 2.01731 5.28418 13.9374
141 5.62 0.773092 2.02363 0.730155 2.05362 5.35924 14.2039
142 5.66 0.770216 2.06203 0.715852 2.08973 5.09822 14.4611
143 5.7 0.763901 2.10066 0.705023 2.12579 5.17277 14.7257
144 5.74 0.767841 2.14004 0.695525 2.16187 5.1412 14.9924
145 5.78 0.748508 2.17896 0.69227 2.19829 5.13514 15.2625
146 5.82 0.748784 2.21844 0.688545 2.23501 5.04611 15.5317
147 5.86 0.749612 2.25851 0.684811 2.27204 5.22557 15.8142
148 5.9 0.743608 2.2988 0.681675 2.3094 5.24766 16.1018
149 5.94 0.742458 2.33957 0.675455 2.34692 5.31787 16.3972
150 5.98 0.737556 2.38062 0.678694 2.38514 5.40693 16.7017
151 6.02 0.735376 2.42211 0.687627 2.42437 5.44018 17.0121
152 6.06 0.734453 2.46409 0.685789 2.46403 5.48872 17.3295
153 6.1 0.739042 2.50689 0.704656 2.50531 5.652 17.6606
154 6.14 0.734385 2.54998 0.694579 2.54654 5.88582 18.01
155 6.18 0.737426 2.59382 0.706373 2.58902 5.99869 18.3707
156 6.22 0.736338 2.63816 0.697505 2.63151 6.14356 18.7449
157 6.26 0.728918 2.68262 0.711948 2.67543 6.17266 19.1258
158 6.3 0.736427 2.72812 0.72433 2.7207 6.44351 19.5285
159 6.34 0.732398 2.77394 0.743559 2.76776 6.41177 19.9343
160 6.38 0.731138 2.82026 0.753981 2.81608 6.67388 20.362
161 6.42 0.740861 2.86779 0.767402 2.86588 6.68958 20.7961
162 6.46 0.732533 2.91537 0.774099 2.91674 6.62903 21.2317
163 6.5 0.736911 2.96383 0.790137 2.96931 6.79725 21.6839
164 6.54 0.74792 3.01362 0.806602 3.02363 6.83035 22.1438
165 6.58 0.748297 3.06405 0.818636 3.07943 6.85988 22.6115
166 6.62 0.742474 3.1147 0.812943 3.13553 6.76003 23.0779
167 6.66 0.753225 3.1667 0.835097 3.19385 6.79738 23.5527
168 6.7 0.75857 3.2197 0.841425 3.25332 6.89306 24.0399
169 6.74 0.762291 3.2736 0.85061 3.31416 6.98053 24.5391
170 6.78 0.762933 3.32819 0.855756 3.3761 6.89484 25.0382
171 6.82 0.759946 3.3832 0.846985 3.43813 6.93373 25.546
172 6.86 0.772338 3.43977 0.853111 3.50134 6.949 26.0609
173 6.9 0.784851 3.49794 0.862679 3.56601 6.88071 26.5766
174 6.94 0.794779 3.55752 0.874019 3.63229 6.9157 27.1011
175 6.98 0.798784 3.61809 0.868572 3.69892 6.88864 27.6295
176 7.02 0.801261 3.67955 0.865338 3.76606 6.88208 28.1635
177 7.06 0.808614 3.74228 0.865142 3.83396 6.76086 28.6941
178 7.1 0.813385 3.8061 0.875587 3.90345 6.79514 29.2335
179 7.14 0.823797 3.87147 0.873332 3.97355 6.69994 29.7712
180 7.18 0.822383 3.93746 0.863952 4.04368 6.65646 30.3115
181 7.22 0.828775 4.0047 0.868669 4.11498 6.68089 30.8599
182 7.26 0.832224 4.07298 0.874687 4.18757 6.70819 31.4166
183 7.3 0.838452 4.14252 0.869799 4.26055 6.61691 31.9718
184 7.34 0.833491 4.21242 0.860074 4.33351 6.5298 32.5257
185 7.38 0.834044 4.28312 0.87311 4.40838 6.58935 33.0908
186 7.42 0.840105 4.35512 0.861204 4.48304 6.51221 33.6553
187 7.46 0.831796 4.42717 0.863864 4.55873 6.47929 34.223
188 7.5 0.839041 4.50063 0.84832 4.63386 6.43358 34.7928
189 7.54 0.838401 4.57482 0.847595 4.70973 6.31305 35.3579
190 7.58 0.836082 4.64959 0.847383 4.78639 6.29883 35.9278
191 7.62 0.837575 4.72528 0.837764 4.86298 6.21705 36.4961
192 7.66 0.836853 4.80171 0.831969 4.93985 6.09348 37.0591
193 7.7 0.834792 4.87875 0.831604 5.01748 6.13678 37.632
194 7.74 0.834085 4.95652 0.826606 5.09545 5.97905 38.1959
195 7.78 0.825472 5.03429 0.826754 5.17424 5.93629 38.7617
196 7.82 0.836608 5.11392 0.824965 5.25367 5.87973 39.3278
197 7.86 0.837667 5.19447 0.816086 5.33305 5.828 39.8947
198 7.9 0.837822 5.27586 0.814414 5.41308 5.80087 40.4647
199 7.94 0.832837 5.35758 0.815311 5.49401 5.72603 41.0331
200 7.98 0.83953 5.4408 0.808081 5.57504 5.66237 41.6009
7000 200
1 0.02 0 0 0 0 0 0
2 0.06 0 0 0 0 0 0
3 0.1 0 0 0 0 0 0
4 0.14 0 0 0 0 0 0
5 0.18 0 0 0 0 0 0
6 0.22 0 0 0 0 0 0
7 0.26 0 0 0 0 0 0
8 0.3 0 0 0 0 0 0
9 0.34 0 0 0 0 0 0
10 0.38 0 0 0 0 0 0
11 0.42 0 0 0 0 0 0
12 0.46 0 0 0 0 0 0
13 0.5 0 0 0 0 0 0
14 0.54 0 0 0 0 0 0
15 0.58 0 0 0 0 0 0
16 0.62 0 0 0 0 0 0
17 0.66 0 0 0 0 0 0
18 0.7 0 0 0 0 0 0
19 0.74 0 0 0 0 0 0
20 0.78 0 0 0 0 0 0
21 0.82 0 0 0 0 0 0
22 0.86 0 0 0 0 0 0
23 0.9 0 0 0 0 0 0
24 0.94 0 0 0 0 0 0
25 0.98 0 0 0 0 0 0
26 1.02 0 0 0 0 0 0
27 1.06 0 0 0 0 0 0
28 1.1 0 0 0 0 0 0
29 1.14 0 0 0 0 0 0
30 1.18 0 0 0 0 0 0
31 1.22 0 0 0 0 0 0
32 1.26 0 0 0 0 0 0
33 1.3 0 0 0 0 0 0
34 1.34 0 0 0 0 0 0
35 1.38 0 0 0 0 0 0
36 1.42 0 0 0 0 0 0
37 1.46 0 0 0 0 0 0
38 1.5 0 0 0 0 0 0
39 1.54 0 0 0 0 0 0
40 1.58 0 0 0 0 0 0
41 1.62 0 0 0 0 0 0
42 1.66 0 0 0 0 0.748661 0.00324863
43 1.7 0 0 0 0 11.7321 0.056642
44 1.74 0 0 0 0 58.1466 0.333869
45 1.78 0 0 0 0 120.402 0.934609
46 1.82 0 0 0 0 135.765 1.64278
47 1.86 0 0 0 0 101.955 2.19823
48 1.9 0 0 0 0 61.333 2.5469
49 1.94 0 0 0 0 31.5528 2.7339
50 1.98 0 0 0 0 15.2343 2.82795
51 2.02 0 0 0 0 8.03418 2.87958
52 2.06 0 0 0 0 4.37528 2.90881
53 2.1 0 0 0 0 2.26017 2.92451
54 2.14 0 0 0.000787641 5.68182e-06 1.31576 2.934
55 2.18 0 0 0.00354307 3.2197e-05 0.838127 2.94027
56 2.22 0 0 0.0180592 0.000172348 0.617518 2.94506
57 2.26 0 0 0.0581631 0.000640152 0.523882 2.94928
58 2.3 0 0 0.175512 0.00210227 0.351349 2.9522
59 2.34 0 0 0.419094 0.00571591 0.343221 2.95516
60 2.38 0.00085908 7.57576e-06 0.772248 0.0126042 0.328173 2.95809
61 2.42 0.0108024 0.000106061 1.28025 0.024411 0.376694 2.96156
62 2.46 0.0422195 0.000503788 1.74436 0.0410341 0.377981 2.96517
63 2.5 0.121276 0.00168371 2.20916 0.0627765 0.565411 2.97073
64 2.54 0.28683 0.00456439 2.49862 0.088161 0.604682 2.97687
65 2.58 0.580505 0.0105795 2.61941 0.115617 0.828545 2.98556
66 2.62 0.929806 0.0205152 2.65216 0.144286 0.94325 2.99575
67 2.66 1.40516 0.0359924 2.50857 0.172237 0.995911 3.00685
68 2.7 1.86102 0.0571117 2.27065 0.198303 1.13478 3.01988
69 2.74 2.21026 0.0829432 2.05123 0.222553 1.02842 3.03204
70 2.78 2.4974 0.112989 1.82204 0.244727 1.10473 3.04548
71 2.82 2.62014 0.145424 1.58862 0.264621 0.981176 3.05777
72 2.86 2.64165 0.179061 1.40865 0.282765 0.86897 3.06896
73 2.9 2.45094 0.211148 1.23319 0.299097 0.837947 3.08006
74 2.94 2.28732 0.241924 1.09536 0.314006 0.926348 3.09267
75 2.98 2.07083 0.270551 0.977574 0.327676 0.839565 3.10441
76 3.02 1.87119 0.297117 0.88196 0.340343 0.945119 3.11798
77 3.06 1.64133 0.321042 0.790209 0.351994 0.979459 3.13242
78 3.1 1.42276 0.342326 0.727645 0.363006 1.10519 3.14915
79 3.14 1.25805 0.361634 0.672875 0.373453 1.10216 3.16626
80 3.18 1.09606 0.378888 0.658666 0.383941 1.24427 3.18607
81 3.22 0.980629 0.394716 0.605291 0.393824 1.38883 3.20875
82 3.26 0.904396 0.409678 0.587243 0.403652 1.52219 3.23422
83 3.3 0.798809 0.42322 0.588218 0.413739 1.72751 3.26385
84 3.34 0.737806 0.436032 0.567321 0.423705 1.90054 3.29723
85 3.38 0.696489 0.448419 0.554073 0.433672 2.19015 3.33664
86 3.42 0.673633 0.460684 0.558152 0.443953 2.47103 3.38215
87 3.46 0.640874 0.472627 0.571747 0.454731 2.80838 3.43509
88 3.5 0.62631 0.48457 0.567189 0.465672 3.12812 3.49543
89 3.54 0.633696 0.496932 0.578836 0.477095 3.57616 3.566
90 3.58 0.626822 0.509437 0.597872 0.489161 3.74366 3.64156
91 3.62 0.63133 0.522316 0.60465 0.501638 4.26467 3.72956
92 3.66 0.678278 0.53646 0.636667 0.515068 4.37932 3.82194
93 3.7 0.682268 0.551 0.659793 0.529292 4.68791 3.923
94 3.74 0.720808 0.566695 0.681952 0.544313 4.96348 4.03233
95 3.78 0.760054 0.5836 0.706315 0.560205 5.045 4.14583
96 3.82 0.774645 0.601197 0.719626 0.576741 5.20709 4.26549
97 3.86 0.811923 0.620028 0.752176 0.594388 5.46163 4.39363
98 3.9 0.869581 0.640617 0.773269 0.612909 5.20519 4.5183
99 3.94 0.90562 0.662502 0.782451 0.632036 5.07375 4.64233
100 3.98 0.954102 0.686028 0.819882 0.652487 4.86652 4.76372
101 4.02 0.971048 0.710456 0.832663 0.673676 4.82829 4.88659
102 4.06 1.00035 0.736125 0.859387 0.695983 4.69895 5.00856
103 4.1 1.00821 0.762508 0.859662 0.718739 4.54569 5.12888
104 4.14 1.02119 0.789754 0.895189 0.7429 4.35339 5.24638
105 4.18 0.997497 0.816884 0.906158 0.767831 4.30204 5.36475
106 4.22 1.0004 0.844617 0.904189 0.793188 4.42054 5.48871
107 4.26 0.968167 0.871968 0.934214 0.819884 4.5089 5.61756
108 4.3 0.93924 0.899002 0.966287 0.848019 4.89269 5.76002
109 4.34 0.926205 0.926159 0.99721 0.877597 4.97861 5.90769
110 4.38 0.900492 0.953051 1.0241 0.908534 5.42053 6.07144
111 4.42 0.891677 0.980169 1.04289 0.940617 5.67934 6.24616
112 4.46 0.873124 1.0072 1.08104 0.974479 5.9189 6.43155
113 4.5 0.86164 1.03437 1.09006 1.00924 6.12378 6.62683
114 4.54 0.853257 1.06174 1.12148 1.04564 6.40079 6.83458
115 4.58 0.855634 1.08968 1.14641 1.08351 6.5934 7.05236
116 4.62 0.863744 1.11838 1.11244 1.1209 6.90835 7.28456
117 4.66 0.871336 1.14784 1.11974 1.15919 7.06498 7.52615
118 4.7 0.889839 1.17843 1.08431 1.1969 7.0367 7.77092
119 4.74 0.891996 1.20963 1.07877 1.23507 7.17393 8.02473
120 4.78 0.915092 1.24218 1.04469 1.27266 7.27524 8.28649
121 4.82 0.919708 1.27544 1.04026 1.31071 7.40996 8.55757
122 4.86 0.93136 1.30968 1.01139 1.34833 7.4459 8.83451
123 4.9 0.931376 1.34449 0.986085 1.38561 7.50858 9.1184
124 4.94 0.943368 1.38033 0.973531 1.42302 7.6058 9.41068
125 4.98 0.957322 1.41729 0.952089 1.46021 7.45448 9.7018
126 5.02 0.950667 1.45458 0.937643 1.49741 7.48869 9.99897
127 5.06 0.940169 1.49205 0.927432 1.53481 7.33558 10.2947
128 5.1 0.926647 1.52957 0.914607 1.57227 7.26568 10.5923
129 5.14 0.927613 1.56772 0.896647 1.60957 7.19718 10.8917
130 5.18 0.899246 1.60528 0.8855 1.64698 7.11223 11.1922
131 5.22 0.887394 1.64292 0.880372 1.68476 6.84939 11.4861
132 5.26 0.893777 1.68142 0.860419 1.72225 6.71079 11.7785
133 5.3 0.882109 1.71999 0.849153 1.75981 6.44416 12.0636
134 5.34 0.864678 1.75837 0.825095 1.79686 6.23905 12.3437
135 5.38 0.840775 1.79626 0.822133 1.83433 5.98576 12.6165
136 5.42 0.831769 1.83429 0.806078 1.87162 5.81775 12.8857
137 5.46 0.809378 1.87185 0.788694 1.90864 5.69721 13.1531
138 5.5 0.811726 1.91008 0.770783 1.94536 5.55589 13.4178
139 5.54 0.79866 1.94823 0.752604 1.98173 5.4859 13.6829
140 5.58 0.792213 1.98663 0.753131 2.01866 5.3 13.9427
141 5.62 0.776934 2.02483 0.729537 2.05494 5.25648 14.2042
142 5.66 0.780574 2.06376 0.717912 2.09116 5.26792 14.4699
143 5.7 0.766025 2.1025 0.705873 2.12727 5.2187 14.7369
144 5.74 0.753579 2.14115 0.694282 2.16329 5.09229 15.0011
145 5.78 0.756546 2.18049 0.687975 2.19948 5.04714 15.2666
146 5.82 0.745282 2.21979 0.685979 2.23607 5.09136 15.5382
147 5.86 0.745178 2.25962 0.680604 2.27287 5.13516 15.8159
148 5.9 0.7466 2.30008 0.671335 2.30967 5.16783 16.0992
149 5.94 0.73927 2.34068 0.673745 2.34711 5.27043 16.392
150 5.98 0.743023 2.38205 0.680703 2.38544 5.52684 16.7032
151 6.02 0.737247 2.42364 0.693261 2.425 5.41197 17.0121
152 6.06 0.738375 2.46585 0.689965 2.4649 5.60048 17.3359
153 6.1 0.73631 2.5085 0.697244 2.50576 5.73696 17.6721
154 6.14 0.740336 2.55194 0.69153 2.54681 5.84556 18.0191
155 6.18 0.73008 2.59535 0.698704 2.58883 6.0713 18.3842
156 6.22 0.725719 2.63905 0.710322 2.6321 6.19087 18.7614
157 6.26 0.727529 2.68344 0.719112 2.67648 6.20691 19.1444
158 6.3 0.735271 2.72886 0.737856 2.72259 6.33312 19.5402
159 6.34 0.737369 2.775 0.750122 2.77007 6.47253 19.9499
160 6.38 0.747765 2.82238 0.749342 2.8181 6.54915 20.3697
161 6.42 0.743408 2.87008 0.764485 2.86772 6.6215 20.7995
162 6.46 0.731485 2.9176 0.773438 2.91855 6.78495 21.2453
163 6.5 0.742612 2.96644 0.793012 2.97131 6.77613 21.6961
164 6.54 0.733763 3.01529 0.803559 3.02543 6.7656 22.1518
165 6.58 0.74633 3.06559 0.814931 3.08099 6.8218 22.6169
166 6.62 0.746749 3.11654 0.818447 3.13747 6.89903 23.093
167 6.66 0.745102 3.16798 0.827869 3.19529 6.89292 23.5745
168 6.7 0.754638 3.22072 0.839374 3.25463 6.90181 24.0623
169 6.74 0.757788 3.2743 0.845853 3.31513 7.01526 24.5642
170 6.78 0.771843 3.32954 0.848357 3.37654 6.96165 25.0681
171 6.82 0.762501 3.38474 0.861967 3.43968 6.90398 25.5738
172 6.86 0.776311 3.44161 0.858945 3.50333 6.88134 26.0837
173 6.9 0.787089 3.49995 0.870444 3.56859 6.949 26.6047
174 6.94 0.794059 3.55948 0.869526 3.63453 6.78342 27.1191
175 6.98 0.792675 3.6196 0.866077 3.70098 6.89084 27.6478
176 7.02 0.798624 3.68086 0.870366 3.76852 6.82994 28.1778
177 7.06 0.816166 3.74419 0.876119 3.83728 6.86502 28.7166
178 7.1 0.810227 3.80777 0.868331 3.90621 6.813 29.2574
179 7.14 0.819264 3.87278 0.870308 3.97608 6.75615 29.7998
180 7.18 0.825195 3.93901 0.86724 4.04648 6.6553 30.3401
181 7.22 0.835638 4.00681 0.870553 4.11794 6.59978 30.8818
182 7.26 0.842678 4.07595 0.869931 4.19014 6.68343 31.4365
183 7.3 0.835321 4.14525 0.870489 4.26319 6.61767 31.9919
184 7.34 0.834325 4.21522 0.86179 4.3363 6.49079 32.5425
185 7.38 0.836451 4.28614 0.871241 4.41102 6.52638 33.1023
186 7.42 0.835564 4.35775 0.857898 4.4854 6.5122 33.6668
187 7.46 0.832867 4.4299 0.86489 4.56119 6.40148 34.2278
188 7.5 0.836333 4.50313 0.855708 4.63699 6.43759 34.798
189 7.54 0.841305 4.57759 0.851432 4.71321 6.29542 35.3616
190 7.58 0.842697 4.65296 0.84733 4.78987 6.24867 35.927
191 7.62 0.832577 4.72821 0.831498 4.8659 6.18123 36.4922
192 7.66 0.836221 4.80459 0.831284 4.94271 6.25808 37.0704
193 7.7 0.824332 4.88067 0.83462 5.02063 6.05995 37.6362
194 7.74 0.834317 4.95848 0.832839 5.0992 6.00943 38.2031
195 7.78 0.843166 5.03792 0.821257 5.17747 5.94001 38.7692
196 7.82 0.833868 5.1173 0.817025 5.25615 5.87274 39.3347
197 7.86 0.829402 5.19706 0.816555 5.33559 5.84352 39.9032
198 7.9 0.830807 5.27778 0.818771 5.41605 5.83461 40.4766
199 7.94 0.839982 5.36021 0.812203 5.49668 5.70694 41.0432
200 7.98 0.83779 5.44326 0.808446 5.57775 5.67903 41.6126
8000 200
1 0.02 0 0 0 0 0 0
2 0.06 0 0 0 0 0 0
3 0.1 0 0 0 0 0 0
4 0.14 0 0 0 0 0 0
5 0.18 0 0 0 0 0 0
6 0.22 0 0 0 0 0 0
7 0.26 0 0 0 0 0 0
8 0.3 0 0 0 0 0 0
9 0.34 0 0 0 0 0 0
10 0.38 0 0 0 0 0 0
11 0.42 0 0 0 0 0 0
12 0.46 0 0 0 0 0 0
13 0.5 0 0 0 0 0 0
14 0.54 0 0 0 0 0 0
15 0.58 0 0 0 0 0 0
16 0.62 0 0 0 0 0 0
17 0.66 0 0 0 0 0 0
18 0.7 0 0 0 0 0 0
19 0.74 0 0 0 0 0 0
20 0.78 0 0 0 0 0 0
21 0.82 0 0 0 0 0 0
22 0.86 0 0 0 0 0 0
23 0.9 0 0 0 0 0 0
24 0.94 0 0 0 0 0 0
25 0.98 0 0 0 0 0 0
26 1.02 0 0 0 0 0 0
27 1.06 0 0 0 0 0 0
28 1.1 0 0 0 0 0 0
29 1.14 0 0 0 0 0 0
30 1.18 0 0 0 0 0 0
31 1.22 0 0 0 0 0 0
32 1.26 0 0 0 0 0 0
33 1.3 0 0 0 0 0 0
34 1.34 0 0 0 0 0 0
35 1.38 0 0 0 0 0 0
36 1.42 0 0 0 0 0 0
37 1.46 0 0 0 0 0 0
38 1.5 0 0 0 0 0 0
39 1.54 0 0 0 0 0 0
40 1.58 0 0 0 0 0 0
41 1.62 0 0 0 0 0 0
42 1.66 0 0 0 0 0.696557 0.00302348
43 1.7 0 0 0 0 11.3968 0.0549051
44 1.74 0 0 0 0 57.1529 0.327469
45 1.78 0 0 0 0 121.877 0.935735
46 1.82 0 0 0 0 136.343 1.64712
47 1.86 0 0 0 0 102.807 2.20737
48 1.9 0 0 0 0 59.8906 2.54793
49 1.94 0 0 0 0 31.6149 2.73535
50 1.98 0 0 0 0 15.355 2.83017
51 2.02 0 0 0 0 7.81695 2.88041
52 2.06 0 0 0 0 4.32119 2.9093
53 2.1 0 0 0.000272822 1.89394e-06 2.09757 2.92387
54 2.14 0 0 0.000787577 7.57576e-06 1.41789 2.93409
55 2.18 0 0 0.00278279 2.84091e-05 0.910909 2.94091
56 2.22 0 0 0.0195175 0.000179924 0.667066 2.94609
57 2.26 0 0 0.0649729 0.000702652 0.427768 2.94953
58 2.3 0 0 0.174556 0.0021572 0.397592 2.95285
59 2.34 0 0 0.410412 0.00569697 0.384124 2.95616
60 2.38 0.00300679 2.65152e-05 0.772878 0.0125928 0.392954 2.95967
61 2.42 0.00809941 0.000100379 1.25754 0.0241932 0.345202 2.96285
62 2.46 0.0410004 0.000486742 1.79635 0.0413163 0.364423 2.96632
63 2.5 0.120856 0.00166288 2.1997 0.0629716 0.480282 2.97105
64 2.54 0.277702 0.00445265 2.4981 0.088358 0.642546 2.97758
65 2.58 0.580342 0.0104678 2.63188 0.115953 0.635016 2.98424
66 2.62 0.935215 0.020464 2.59854 0.144049 0.835898 2.99328
67 2.66 1.40376 0.0359299 2.51708 0.172102 1.08227 3.00534
68 2.7 1.86335 0.0570814 2.29576 0.198464 1.15685 3.01862
69 2.74 2.24303 0.083303 2.08172 0.223081 1.06893 3.03126
70 2.78 2.47311 0.113064 1.78638 0.244828 1.06746 3.04426
71 2.82 2.61253 0.145415 1.59243 0.264775 0.837122 3.05474
72 2.86 2.6103 0.178661 1.39825 0.28279 0.903711 3.06639
73 2.9 2.48991 0.211267 1.20654 0.298773 0.956666 3.07906
74 2.94 2.32046 0.242498 1.09994 0.313748 0.800905 3.08996
75 2.98 2.07519 0.271193 0.965119 0.327248 0.919802 3.10283
76 3.02 1.84587 0.297407 0.871042 0.339761 0.969448 3.11676
77 3.06 1.61971 0.321023 0.81747 0.351818 0.94211 3.13065
78 3.1 1.43439 0.342487 0.72957 0.362862 1.11561 3.14754
79 3.14 1.24795 0.361646 0.662082 0.373144 1.09562 3.16455
80 3.18 1.09793 0.378934 0.65694 0.383608 1.23176 3.18417
81 3.22 0.975548 0.394684 0.620659 0.393744 1.37271 3.20659
82 3.26 0.907012 0.409693 0.606994 0.403905 1.50638 3.23181
83 3.3 0.794907 0.423172 0.578343 0.413826 1.75889 3.26198
84 3.34 0.743495 0.436087 0.559299 0.423653 1.94579 3.29617
85 3.38 0.703641 0.448604 0.556869 0.433674 2.13419 3.33458
86 3.42 0.675108 0.4609 0.552143 0.443847 2.48614 3.38038
87 3.46 0.64191 0.472866 0.55321 0.454278 2.92873 3.43561
88 3.5 0.633878 0.484956 0.575975 0.465392 3.08552 3.49514
89 3.54 0.623131 0.497116 0.57464 0.476735 3.41713 3.56259
90 3.58 0.63737 0.509835 0.604372 0.488936 3.97045 3.64275
91 3.62 0.644715 0.522991 0.612561 0.50158 4.06089 3.72657
92 3.66 0.657487 0.536705 0.633533 0.514947 4.532 3.82219
93 3.7 0.677641 0.55115 0.659784 0.529174 4.67477 3.923
94 3.74 0.693836 0.566261 0.680127 0.544159 4.92274 4.03146
95 3.78 0.756949 0.583102 0.701748 0.559953 5.11926 4.14667
96 3.82 0.787933 0.601006 0.72585 0.576636 5.23368 4.26697
97 3.86 0.815367 0.619922 0.7589 0.594447 5.25601 4.39032
98 3.9 0.853271 0.640131 0.771324 0.612926 5.09904 4.51248
99 3.94 0.894637 0.661756 0.791916 0.63229 5.12233 4.63773
100 3.98 0.934334 0.684801 0.8179 0.652697 4.99019 4.76224
101 4.02 0.991777 0.709758 0.828196 0.673778 4.73726 4.88282
102 4.06 0.996677 0.735339 0.863237 0.696191 4.44864 4.99833
103 4.1 1.00736 0.761706 0.869224 0.719206 4.39503 5.1147
104 4.14 1.02248 0.788994 0.886809 0.743148 4.37728 5.23287
105 4.18 1.00641 0.816375 0.906393 0.768093 4.44581 5.35523
106 4.22 1.00122 0.844138 0.916502 0.793801 4.51674 5.48192
107 4.26 0.981373 0.871869 0.938204 0.820619 4.55836 5.61222
108 4.3 0.947736 0.899155 0.951586 0.848333 4.89581 5.75481
109 4.34 0.927122 0.926347 0.982005 0.877468 5.10304 5.90621
110 4.38 0.901072 0.953263 1.03491 0.908741 5.2923 6.06613
111 4.42 0.891492 0.980383 1.06008 0.941362 5.62454 6.23921
112 4.46 0.864633 1.00716 1.08165 0.975252 5.9634 6.42605
113 4.5 0.865607 1.03446 1.11132 1.0107 6.23098 6.6248
114 4.54 0.851423 1.06178 1.09153 1.04614 6.40008 6.83258
115 4.58 0.858013 1.08981 1.11422 1.08295 6.79209 7.057
116 4.62 0.862193 1.11846 1.1149 1.12043 6.77449 7.28475
117 4.66 0.872943 1.14798 1.10741 1.15831 7.11007 7.52795
118 4.7 0.886337 1.17847 1.08936 1.19622 7.04497 7.77308
119 4.74 0.903382 1.21007 1.0825 1.23452 7.21014 8.02824
120 4.78 0.914789 1.24262 1.04793 1.27224 7.1749 8.28646
121 4.82 0.916946 1.27579 1.02641 1.3098 7.36218 8.55587
122 4.86 0.924573 1.30979 1.01463 1.34755 7.35475 8.8295
123 4.9 0.946823 1.34519 0.993376 1.38512 7.5915 9.1166
124 4.94 0.936185 1.38076 0.966216 1.42226 7.29754 9.39711
125 4.98 0.938081 1.41699 0.946107 1.45921 7.44673 9.688
126 5.02 0.944137 1.45403 0.933706 1.49628 7.45094 9.98376
127 5.06 0.932404 1.49121 0.915627 1.5332 7.47795 10.2853
128 5.1 0.930649 1.5289 0.924619 1.57108 7.48201 10.5919
129 5.14 0.92709 1.56704 0.895402 1.60834 7.2439 10.8933
130 5.18 0.897817 1.60455 0.892335 1.64606 7.09972 11.1934
131 5.22 0.891299 1.64236 0.877346 1.68371 6.86687 11.4881
132 5.26 0.891552 1.68077 0.859232 1.72116 6.6249 11.7768
133 5.3 0.866545 1.71867 0.852985 1.7589 6.40377 12.0601
134 5.34 0.84994 1.75641 0.836125 1.79645 6.27533 12.342
135 5.38 0.852436 1.79483 0.819124 1.8338 5.96224 12.6138
136 5.42 0.836629 1.8331 0.808268 1.8712 5.84394 12.8842
137 5.46 0.827845 1.87153 0.789242 1.90826 5.6429 13.1492
138 5.5 0.813392 1.90984 0.765366 1.94473 5.41396 13.4072
139 5.54 0.796065 1.94788 0.756392 1.98129 5.51767 13.6739
140 5.58 0.782739 1.98583 0.748754 2.01802 5.26245 13.932
141 5.62 0.787157 2.02455 0.731284 2.0544 5.27702 14.1945
142 5.66 0.765054 2.06271 0.713962 2.09042 5.13132 14.4535
143 5.7 0.772256 2.10178 0.702166 2.12636 5.13875 14.7164
144 5.74 0.757873 2.14066 0.70212 2.16279 5.10829 14.9815
145 5.78 0.747454 2.17954 0.69157 2.19919 5.03904 15.2467
146 5.82 0.748278 2.21901 0.684513 2.23571 5.15932 15.522
147 5.86 0.748864 2.25905 0.687388 2.27289 5.18246 15.8023
148 5.9 0.745211 2.29944 0.685036 2.31045 5.26262 16.0908
149 5.94 0.736446 2.3399 0.679456 2.34821 5.35231 16.3883
150 5.98 0.739961 2.3811 0.683506 2.38671 5.42483 16.6939
151 6.02 0.736742 2.42268 0.675089 2.42524 5.47582 17.0064
152 6.06 0.737642 2.46486 0.688242 2.46505 5.60171 17.3305
153 6.1 0.738723 2.50766 0.691457 2.50558 5.78153 17.6693
154 6.14 0.736841 2.55091 0.696639 2.54695 5.82939 18.0155
155 6.18 0.739308 2.59488 0.697725 2.58892 5.98727 18.3757
156 6.22 0.736148 2.63922 0.703542 2.6318 6.06144 18.745
157 6.26 0.733536 2.68398 0.718451 2.67614 6.26511 19.1317
158 6.3 0.725202 2.7288 0.727865 2.72165 6.40295 19.532
159 6.34 0.734235 2.77476 0.741476 2.76859 6.42194 19.9386
160 6.38 0.734441 2.8213 0.7528 2.81686 6.63316 20.3639
161 6.42 0.737742 2.86865 0.751761 2.86566 6.69247 20.7984
162 6.46 0.737583 2.91658 0.776767 2.91672 6.71066 21.2395
163 6.5 0.73717 2.96508 0.795866 2.96968 6.69261 21.6849
164 6.54 0.747233 3.01484 0.80393 3.02384 6.78141 22.1417
165 6.58 0.750425 3.06543 0.82104 3.07984 6.8421 22.6084
166 6.62 0.744909 3.11626 0.816252 3.13618 6.88224 23.0834
167 6.66 0.749616 3.16804 0.827836 3.19402 6.91908 23.5668
168 6.7 0.751017 3.22053 0.8385 3.25331 6.89948 24.0547
169 6.74 0.757335 3.2741 0.846389 3.31387 6.97472 24.5537
170 6.78 0.760708 3.32855 0.856598 3.37589 6.94198 25.0564
171 6.82 0.76287 3.3838 0.865221 3.43928 6.89546 25.5616
172 6.86 0.773126 3.44045 0.855795 3.50272 6.83348 26.0681
173 6.9 0.788304 3.49889 0.86356 3.56748 6.89904 26.5855
174 6.94 0.78975 3.55812 0.8761 3.63394 6.82528 27.1032
175 6.98 0.798325 3.61868 0.861178 3.70003 6.88262 27.6314
176 7.02 0.803494 3.68034 0.868839 3.76747 6.78869 28.1584
177 7.06 0.806029 3.74289 0.877065 3.83633 6.84348 28.6957
178 7.1 0.815334 3.80689 0.869407 3.90536 6.80631 29.2361
179 7.14 0.818942 3.8719 0.868703 3.97511 6.7086 29.7748
180 7.18 0.827731 3.93834 0.865766 4.04541 6.6923 30.3182
181 7.22 0.829549 4.00567 0.863183 4.11629 6.64538 30.8638
182 7.26 0.831787 4.07394 0.873459 4.1888 6.64478 31.4155
183 7.3 0.844198 4.14399 0.863668 4.2613 6.64152 31.973
184 7.34 0.835996 4.21412 0.867066 4.33488 6.51023 32.5254
185 7.38 0.832158 4.28469 0.867624 4.40931 6.56354 33.0885
186 7.42 0.831362 4.35596 0.860675 4.48395 6.49561 33.6518
187 7.46 0.840134 4.42876 0.866706 4.55992 6.43751 34.2161
188 7.5 0.836773 4.50205 0.858894 4.63602 6.36903 34.7804
189 7.54 0.833714 4.57586 0.851097 4.71223 6.30269 35.3448
190 7.58 0.837028 4.65074 0.850385 4.7892 6.28433 35.9135
191 7.62 0.8361 4.72633 0.83953 4.86598 6.20657 36.4812
192 7.66 0.832817 4.80242 0.831319 4.94281 6.18992 37.0533
193 7.7 0.839514 4.87993 0.822055 5.01958 6.05864 37.6191
194 7.74 0.839794 4.95826 0.832308 5.09812 6.078 38.1926
195 7.78 0.832085 5.03669 0.820236 5.17632 5.89453 38.7546
196 7.82 0.833596 5.11606 0.820697 5.25537 5.87681 39.3206
197 7.86 0.825925 5.19551 0.820478 5.33521 5.85908 39.8908
198 7.9 0.836488 5.2768 0.82165 5.41598 5.80352 40.4613
199 7.94 0.837765 5.35904 0.806164 5.49603 5.75493 41.0328
200 7.98 0.83401 5.44173 0.80996 5.57728 5.72721 41.6072
9000 200
1 0.02 0 0 0 0 0 0
2 0.06 0 0 0 0 0 0
3 0.1 0 0 0 0 0 0
4 0.14 0 0 0 0 0 0
5 0.18 0 0 0 0 0 0
6 0.22 0 0 0 0 0 0
7 0.26 0 0 0 0 0 0
8 0.3 0 0 0 0 0 0
9 0.34 0 0 0 0 0 0
10 0.38 0 0 0 0 0 0
11 0.42 0 0 0 0 0 0
12 0.46 0 0 0 0 0 0
13 0.5 0 0 0 0 0 0
14 0.54 0 0 0 0 0 0
15 0.58 0 0 0 0 0 0
16 0.62 0 0 0 0 0 0
17 0.66 0 0 0 0 0 0
18 0.7 0 0 0 0 0 0
19 0.74 0 0 0 0 0 0
20 0.78 0 0 0 0 0 0
21 0.82 0 0 0 0 0 0
22 0.86 0 0 0 0 0 0
23 0.9 0 0 0 0 0 0
24 0.94 0 0 0 0 0 0
25 0.98 0 0 0 0 0 0
26 1.02 0 0 0 0 0 0
27 1.06 0 0 0 0 0 0
28 1.1 0 0 0 0 0 0
29 1.14 0 0 0 0 0 0
30 1.18 0 0 0 0 0 0
31 1.22 0 0 0 0 0 0
32 1.26 0 0 0 0 0 0
33 1.3 0 0 0 0 0 0
34 1.34 0 0 0 0 0 0
35 1.38 0 0 0 0 0 0
36 1.42 0 0 0 0 0 0
37 1.46 0 0 0 0 0 0
38 1.5 0 0 0 0 0 0
39 1.54 0 0 0 0 0 0
40 1.58 0 0 0 0 0 0
41 1.62 0 0 0 0 0 0
42 1.66 0 0 0 0 0.777918 0.00337729
43 1.7 0 0 0 0 11.2815 0.0547443
44 1.74 0 0 0 0 58.1331 0.332036
45 1.78 0 0 0 0 119.682 0.929463
46 1.82 0 0 0 0 136.471 1.64165
47 1.86 0 0 0 0 103.088 2.20354
48 1.9 0 0 0 0 61.2872 2.55211
49 1.94 0 0 0 0 31.2075 2.73715
50 1.98 0 0 0 0 15.7062 2.83416
51 2.02 0 0 0 0 7.72523 2.88382
52 2.06 0 0 0 0 3.85362 2.90959
53 2.1 0 0 0.000272654 1.89394e-06 2.26842 2.92535
54 2.14 0 0 0.000262487 3.78788e-06 1.3508 2.93509
55 2.18 0 0 0.00354137 3.0303e-05 0.88495 2.94172
56 2.22 0 0 0.0200017 0.000185606 0.666948 2.9469
57 2.26 0 0 0.0597821 0.000666667 0.471669 2.95069
58 2.3 0 0 0.171801 0.00209848 0.36279 2.95372
59 2.34 0 0 0.426581 0.00577841 0.365402 2.95687
60 2.38 0.00171754 1.51515e-05 0.785676 0.0127898 0.396471 2.96041
61 2.42 0.00955173 0.000102273 1.28828 0.0246761 0.296315 2.96314
62 2.46 0.043204 0.00050947 1.78885 0.0417311 0.435206 2.96729
63 2.5 0.129585 0.00177083 2.17792 0.0631761 0.542262 2.97263
64 2.54 0.270486 0.00448864 2.46893 0.0882708 0.550622 2.97822
65 2.58 0.574936 0.0104489 2.61656 0.11571 0.729968 2.98588
66 2.62 0.954699 0.0206553 2.63956 0.144256 0.910106 2.99572
67 2.66 1.39627 0.0360417 2.47088 0.171799 1.03875 3.0073
68 2.7 1.84564 0.0569962 2.29648 0.198174 1.07823 3.01968
69 2.74 2.22981 0.0830682 2.0693 0.22265 1.06873 3.03233
70 2.78 2.4956 0.113106 1.81046 0.244693 1.08575 3.04555
71 2.82 2.63344 0.145722 1.58199 0.264513 0.952461 3.05748
72 2.86 2.60519 0.178909 1.41003 0.282684 0.861117 3.06858
73 2.9 2.46571 0.211205 1.25019 0.299248 0.910366 3.08064
74 2.94 2.29313 0.242074 1.08094 0.313968 0.864514 3.09241
75 2.98 2.0667 0.270657 0.984561 0.327742 0.905809 3.10508
76 3.02 1.85231 0.296968 0.891039 0.340545 0.902131 3.11804
77 3.06 1.64368 0.320938 0.803833 0.352403 0.946286 3.132
78 3.1 1.43108 0.342356 0.740188 0.36361 1.10474 3.14873
79 3.14 1.26646 0.361803 0.677191 0.374129 1.08298 3.16555
80 3.18 1.11923 0.37943 0.633516 0.384222 1.26184 3.18565
81 3.22 0.997061 0.39553 0.5999 0.394021 1.28581 3.20666
82 3.26 0.888873 0.410242 0.594883 0.403981 1.51381 3.232
83 3.3 0.800229 0.423814 0.567415 0.413716 1.71731 3.26147
84 3.34 0.730051 0.436498 0.573844 0.423801 1.96924 3.29608
85 3.38 0.680938 0.448614 0.559603 0.433873 2.18561 3.33541
86 3.42 0.666146 0.460748 0.551936 0.444044 2.51529 3.38176
87 3.46 0.649814 0.472864 0.556418 0.454538 2.84973 3.43551
88 3.5 0.629187 0.484867 0.567327 0.465487 3.1533 3.49637
89 3.54 0.621748 0.497002 0.585178 0.47704 3.48158 3.5651
90 3.58 0.639718 0.509771 0.59675 0.489089 3.93149 3.64448
91 3.62 0.653035 0.523098 0.613726 0.501759 4.22525 3.73171
92 3.66 0.668615 0.537047 0.634935 0.515159 4.44277 3.82547
93 3.7 0.689769 0.551754 0.647537 0.529125 4.68578 3.92654
94 3.74 0.70309 0.56707 0.677594 0.544057 4.85754 4.03358
95 3.78 0.730246 0.58332 0.704722 0.55992 5.13398 4.14915
96 3.82 0.789204 0.601256 0.733376 0.57678 5.1879 4.26841
97 3.86 0.812029 0.620098 0.754241 0.594485 5.31526 4.39318
98 3.9 0.865254 0.640595 0.772914 0.613006 5.13833 4.51631
99 3.94 0.915932 0.662739 0.793235 0.632405 5.07268 4.64037
100 3.98 0.947975 0.686125 0.795733 0.652263 4.99186 4.76494
101 4.02 0.963669 0.710379 0.839047 0.673625 4.82857 4.88787
102 4.06 1.00594 0.736203 0.856799 0.695875 4.53571 5.00566
103 4.1 1.01953 0.762894 0.862332 0.718712 4.40028 5.12219
104 4.14 1.00993 0.789852 0.885309 0.742617 4.30492 5.23844
105 4.18 0.992925 0.816871 0.916402 0.767843 4.28135 5.35629
106 4.22 0.995292 0.844475 0.926316 0.793831 4.54111 5.48369
107 4.26 0.975013 0.872032 0.941462 0.820748 4.56983 5.61435
108 4.3 0.944789 0.899239 0.969931 0.849002 4.77674 5.75349
109 4.34 0.930233 0.926527 0.992724 0.87846 5.17141 5.90695
110 4.38 0.895063 0.953269 1.02995 0.909589 5.38709 6.06977
111 4.42 0.892568 0.980426 1.04683 0.941809 5.60983 6.24243
112 4.46 0.868071 1.00732 1.08169 0.975706 5.79393 6.42399
113 4.5 0.853908 1.03425 1.09264 1.01056 6.28728 6.62457
114 4.54 0.845299 1.06138 1.11483 1.04677 6.39587 6.83226
115 4.58 0.860691 1.0895 1.12931 1.08409 6.75183 7.05539
116 4.62 0.87052 1.11844 1.105 1.12124 6.95203 7.28916
117 4.66 0.886552 1.14842 1.11174 1.15928 7.00244 7.52872
118 4.7 0.884738 1.17886 1.10068 1.19758 7.06396 7.77456
119 4.74 0.913874 1.21084 1.07902 1.23577 7.12972 8.02692
120 4.78 0.919454 1.24355 1.05594 1.27378 7.36028 8.29186
121 4.82 0.917341 1.27674 1.02089 1.31115 7.35902 8.56121
122 4.86 0.928511 1.3109 1.0154 1.34893 7.48215 8.83963
123 4.9 0.94365 1.34619 0.997941 1.38668 7.33665 9.11714
124 4.94 0.92903 1.38149 0.970909 1.42401 7.32543 9.39878
125 4.98 0.945841 1.41803 0.956053 1.46136 7.46917 9.69061
126 5.02 0.936861 1.4548 0.938158 1.49861 7.47296 9.98729
127 5.06 0.93422 1.49205 0.916858 1.53559 7.47011 10.2886
128 5.1 0.937716 1.53003 0.91395 1.57304 7.30316 10.5879
129 5.14 0.920462 1.56791 0.904195 1.61068 7.35221 10.8939
130 5.18 0.908704 1.60588 0.883561 1.64803 7.03366 11.1912
131 5.22 0.880819 1.64326 0.870956 1.68542 6.8978 11.4873
132 5.26 0.885715 1.68142 0.864102 1.72308 6.68335 11.7786
133 5.3 0.867719 1.71938 0.851408 1.76076 6.343 12.0593
134 5.34 0.854129 1.75731 0.834612 1.79825 6.22112 12.3388
135 5.38 0.848868 1.79558 0.816143 1.83547 5.95756 12.6105
136 5.42 0.831833 1.83364 0.804019 1.87268 5.92484 12.8847
137 5.46 0.825563 1.87197 0.789579 1.90976 5.74727 13.1546
138 5.5 0.822282 1.9107 0.756436 1.94581 5.50874 13.4171
139 5.54 0.805141 1.94919 0.754485 1.98229 5.45076 13.6807
140 5.58 0.788953 1.98745 0.733436 2.01827 5.43192 13.9472
141 5.62 0.784423 2.02603 0.73247 2.05472 5.23594 14.2077
142 5.66 0.7785 2.06487 0.719004 2.09101 5.23357 14.4718
143 5.7 0.766002 2.10363 0.700919 2.12688 5.12328 14.7341
144 5.74 0.760716 2.14267 0.70567 2.16351 5.2182 15.0049
145 5.78 0.752663 2.18183 0.689027 2.19978 4.94152 15.265
146 5.82 0.738617 2.22079 0.686971 2.23644 4.98773 15.5312
147 5.86 0.747376 2.26076 0.687217 2.27361 5.18327 15.8116
148 5.9 0.73937 2.30084 0.674821 2.31062 5.23697 16.0988
149 5.94 0.736548 2.34132 0.689172 2.34893 5.29284 16.393
150 5.98 0.742165 2.38265 0.678705 2.38717 5.3998 16.6972
151 6.02 0.728174 2.42375 0.683979 2.42622 5.52828 17.0128
152 6.06 0.740946 2.46613 0.689973 2.46614 5.59955 17.3368
153 6.1 0.748254 2.50949 0.69294 2.50676 5.69094 17.6704
154 6.14 0.742342 2.55307 0.692711 2.5479 5.90462 18.0211
155 6.18 0.731938 2.59661 0.697148 2.58985 5.97007 18.3803
156 6.22 0.740534 2.64123 0.70723 2.63295 6.04131 18.7485
157 6.26 0.732901 2.68596 0.720616 2.67744 6.22173 19.1326
158 6.3 0.73024 2.7311 0.733088 2.72328 6.31528 19.5275
159 6.34 0.731039 2.77686 0.74283 2.77032 6.55127 19.9424
160 6.38 0.730716 2.82318 0.745476 2.81812 6.58526 20.3647
161 6.42 0.733293 2.87025 0.770079 2.86813 6.72239 20.8012
162 6.46 0.74018 2.91836 0.780218 2.91942 6.69908 21.2416
163 6.5 0.754241 2.96799 0.792697 2.97219 6.729 21.6895
164 6.54 0.744246 3.01756 0.797112 3.0259 6.81353 22.1486
165 6.58 0.744016 3.06773 0.816494 3.08159 6.85968 22.6165
166 6.62 0.74332 3.11846 0.822046 3.13835 6.89676 23.0927
167 6.66 0.747005 3.17007 0.827894 3.1962 6.93522 23.5773
168 6.7 0.755748 3.2229 0.847711 3.25615 6.95817 24.0694
169 6.74 0.75213 3.27611 0.847921 3.31684 6.97021 24.5683
170 6.78 0.76249 3.3307 0.855441 3.37879 6.92463 25.0697
171 6.82 0.76769 3.38631 0.862391 3.44198 6.88141 25.574
172 6.86 0.765715 3.44243 0.85765 3.50556 6.83867 26.081
173 6.9 0.784806 3.50062 0.871674 3.57095 6.79522 26.5907
174 6.94 0.789521 3.55984 0.864625 3.63655 6.8074 27.1072
175 6.98 0.804159 3.62086 0.863281 3.70281 6.91944 27.6383
176 7.02 0.800032 3.68226 0.870158 3.77037 6.92947 28.1763
177 7.06 0.808804 3.74505 0.868043 3.83853 6.77744 28.7085
178 7.1 0.81617 3.80912 0.865492 3.90727 6.78434 29.2473
179 7.14 0.824798 3.87461 0.873415 3.97741 6.80784 29.794
180 7.18 0.827192 3.94102 0.870122 4.04808 6.64349 30.3336
181 7.22 0.829064 4.00833 0.875498 4.11998 6.68054 30.8822
182 7.26 0.826897 4.0762 0.865057 4.19181 6.6319 31.4329
183 7.3 0.82975 4.14507 0.859505 4.26397 6.63834 31.9903
184 7.34 0.834116 4.21505 0.863684 4.33728 6.59272 32.5498
185 7.38 0.832088 4.28563 0.863177 4.41134 6.53307 33.1104
186 7.42 0.839021 4.35757 0.863722 4.48626 6.6004 33.6829
187 7.46 0.833677 4.42983 0.862261 4.56186 6.48944 34.2518
188 7.5 0.830601 4.50259 0.855268 4.63765 6.34455 34.8141
189 7.54 0.846668 4.57756 0.851291 4.7139 6.31871 35.38
190 7.58 0.843723 4.65305 0.850762 4.79091 6.2117 35.9423
191 7.62 0.833759 4.72845 0.83819 4.86758 6.18604 36.5082
192 7.66 0.843789 4.80556 0.840688 4.94529 6.16823 37.0784
193 7.7 0.830801 4.88227 0.831591 5.02297 6.05195 37.6436
194 7.74 0.83691 4.96035 0.832508 5.10154 5.92789 38.2031
195 7.78 0.841528 5.03968 0.823534 5.18007 5.95411 38.7709
196 7.82 0.831846 5.11891 0.81621 5.25871 5.89503 39.3388
197 7.86 0.838145 5.19955 0.814346 5.33797 5.8051 39.9038
198 7.9 0.835585 5.28076 0.812709 5.41787 5.74614 40.4688
199 7.94 0.832453 5.3625 0.811119 5.49843 5.72596 41.0375
200 7.98 0.837514 5.44556 0.806406 5.57934 5.69787 41.6091
10000 200
1 0.02 0 0 0 0 0 0
2 0.06 0 0 0 0 0 0
3 0.1 0 0 0 0 0 0
4 0.14 0 0 0 0 0 0
5 0.18 0 0 0 0 0 0
6 0.22 0 0 0 0 0 0
7 0.26 0 0 0 0 0 0
8 0.3 0 0 0 0 0 0
9 0.34 0 0 0 0 0 0
10 0.38 0 0 0 0 0 0
11 0.42 0 0 0 0 0 0
12 0.46 0 0 0 0 0 0
13 0.5 0 0 0 0 0 0
14 0.54 0 0 0 0 0 0
15 0.58 0 0 0 0 0 0
16 0.62 0 0 0 0 0 0
17 0.66 0 0 0 0 0 0
18 0.7 0 0 0 0 0 0
19 0.74 0 0 0 0 0 0
20 0.78 0 0 0 0 0 0
21 0.82 0 0 0 0 0 0
22 0.86 0 0 0 0 0 0
23 0.9 0 0 0 0 0 0
24 0.94 0 0 0 0 0 0
25 0.98 0 0 0 0 0 0
26 1.02 0 0 0 0 0 0
27 1.06 0 0 0 0 0 0
28 1.1 0 0 0 0 0 0
29 1.14 0 0 0 0 0 0
30 1.18 0 0 0 0 0 0
31 1.22 0 0 0 0 0 0
32 1.26 0 0 0 0 0 0
33 1.3 0 0 0 0 0 0
34 1.34 0 0 0 0 0 0
35 1.38 0 0 0 0 0 0
36 1.42 0 0 0 0 0 0
37 1.46 0 0 0 0 0 0
38 1.5 0 0 0 0 0 0
39 1.54 0 0 0 0 0 0
40 1.58 0 0 0 0 0 0
41 1.62 0 0 0 0 0 0
42 1.66 0 0 0 0 0.570335 0.00247668
43 1.7 0 0 0 0 10.9679 0.0524284
44 1.74 0 0 0 0 58.5492 0.331779
45 1.78 0 0 0 0 121.029 0.936089
46 1.82 0 0 0 0 136.356 1.64786
47 1.86 0 0 0 0 102.105 2.20454
48 1.9 0 0 0 0 60.6943 2.54982
49 1.94 0 0 0 0 31.8663 2.73882
50 1.98 0 0 0 0 15.1189 2.83223
51 2.02 0 0 0 0 7.90326 2.88305
52 2.06 0 0 0 0 3.93439 2.90936
53 2.1 0 0 0 0 2.20771 2.9247
54 2.14 0 0 0.000524953 3.78788e-06 1.33708 2.93435
55 2.18 0 0 0.00404576 3.40909e-05 0.863266 2.94082
56 2.22 0 0 0.0173147 0.000168561 0.612949 2.94558
57 2.26 0 0 0.0571788 0.000628788 0.483507 2.94947
58 2.3 0 0 0.178797 0.00211932 0.459142 2.9533
59 2.34 0 0 0.412856 0.00568182 0.309376 2.95597
60 2.38 0.00236125 2.08333e-05 0.794803 0.0127765 0.389154 2.95944
61 2.42 0.0120406 0.000130682 1.23398 0.0241648 0.352011 2.96269
62 2.46 0.0405807 0.000513258 1.75977 0.040947 0.411481 2.96661
63 2.5 0.118268 0.00166477 2.20927 0.0627064 0.421293 2.97076
64 2.54 0.278522 0.00446402 2.4884 0.0880057 0.613718 2.977
65 2.58 0.562364 0.0102955 2.61299 0.115415 0.772739 2.98511
66 2.62 0.963841 0.0206023 2.64078 0.143981 0.900949 2.99485
67 2.66 1.4081 0.0361231 2.50217 0.171881 1.09909 3.00711
68 2.7 1.83465 0.0569583 2.31944 0.198527 1.04712 3.01914
69 2.74 2.22647 0.0829981 2.06717 0.222983 1.14457 3.03268
70 2.78 2.47969 0.112852 1.79178 0.244805 0.974556 3.04455
71 2.82 2.64727 0.145648 1.6041 0.264907 0.947085 3.05642
72 2.86 2.60823 0.178883 1.39087 0.282835 0.898316 3.068
73 2.9 2.45899 0.211098 1.242 0.299295 0.851889 3.07929
74 2.94 2.33656 0.242561 1.10902 0.314402 0.977595 3.0926
75 2.98 2.09177 0.271498 0.981605 0.328138 0.827434 3.10418
76 3.02 1.83663 0.297593 0.877499 0.34075 0.883981 3.11689
77 3.06 1.62014 0.321225 0.774357 0.352176 1.03759 3.1322
78 3.1 1.41388 0.342392 0.736494 0.36333 1.05138 3.14812
79 3.14 1.2607 0.361756 0.680672 0.373905 1.09924 3.1652
80 3.18 1.10896 0.379225 0.652962 0.384311 1.25347 3.18517
81 3.22 0.972062 0.394926 0.606118 0.394214 1.4154 3.2083
82 3.26 0.885322 0.409583 0.590886 0.40411 1.54029 3.23409
83 3.3 0.808171 0.423294 0.576753 0.414008 1.68684 3.26304
84 3.34 0.744567 0.436233 0.556775 0.423795 1.8132 3.29492
85 3.38 0.702899 0.448742 0.563137 0.433934 2.2315 3.33509
86 3.42 0.657969 0.460731 0.57152 0.444468 2.36805 3.37874
87 3.46 0.641825 0.472701 0.555771 0.454953 2.76372 3.43088
88 3.5 0.622774 0.484585 0.567863 0.465915 3.2008 3.49267
89 3.54 0.622258 0.496733 0.562584 0.477025 3.59469 3.56365
90 3.58 0.646567 0.509642 0.600249 0.489148 3.90819 3.64259
91 3.62 0.640246 0.522712 0.609715 0.501739 4.27706 3.73091
92 3.66 0.673707 0.536771 0.622656 0.514883 4.42638 3.82435
93 3.7 0.687547 0.551434 0.655 0.529013 4.53543 3.92219
94 3.74 0.715157 0.567017 0.681718 0.54404 4.95693 4.03146
95 3.78 0.746478 0.583633 0.703701 0.559884 5.17541 4.14799
96 3.82 0.769252 0.601119 0.723296 0.576517 5.34606 4.27092
97 3.86 0.819155 0.620133 0.747997 0.59408 5.13716 4.39154
98 3.9 0.867349 0.640684 0.784088 0.612873 5.43894 4.5219
99 3.94 0.902693 0.662513 0.797517 0.632383 4.93067 4.64252
100 3.98 0.93268 0.685528 0.820336 0.65286 4.9287 4.76555
101 4.02 0.97207 0.71 0.832352 0.674057 4.80081 4.88781
102 4.06 1.00899 0.735909 0.847971 0.696083 4.55189 5.00605
103 4.1 1.00951 0.762345 0.861894 0.718915 4.4416 5.12371
104 4.14 1.02918 0.789824 0.887743 0.742892 4.37527 5.24188
105 4.18 0.999695 0.817034 0.895797 0.767557 4.36901 5.36217
106 4.22 1.0037 0.844879 0.919324 0.793356 4.45277 5.48713
107 4.26 0.967254 0.872223 0.951746 0.820574 4.58327 5.61821
108 4.3 0.958551 0.899833 0.966815 0.848744 4.84609 5.75941
109 4.34 0.925789 0.926998 0.989276 0.878108 5.03244 5.90878
110 4.38 0.903955 0.954013 1.02836 0.909197 5.31654 6.06951
111 4.42 0.882251 0.980864 1.05868 0.94179 5.64493 6.24329
112 4.46 0.85672 1.00741 1.07699 0.975549 5.97407 6.43056
113 4.5 0.864972 1.0347 1.09746 1.01057 6.19185 6.62814
114 4.54 0.852158 1.06206 1.10211 1.04637 6.34665 6.83429
115 4.58 0.859301 1.09014 1.13188 1.08378 6.88434 7.06185
116 4.62 0.868809 1.11903 1.12216 1.12153 6.7924 7.29032
117 4.66 0.88626 1.14901 1.10597 1.15937 7.00061 7.52988
118 4.7 0.882026 1.17936 1.09762 1.19758 7.05838 7.77559
119 4.74 0.893504 1.21063 1.07799 1.23575 7.11238 8.0274
120 4.78 0.915647 1.24322 1.05639 1.27378 7.24045 8.2881
121 4.82 0.911875 1.27623 1.02161 1.31119 7.20689 8.55195
122 4.86 0.927288 1.31034 1.00114 1.34845 7.45856 8.82956
123 4.9 0.944163 1.34566 0.982463 1.38562 7.41809 9.11023
124 4.94 0.939398 1.38137 0.964893 1.42273 7.51587 9.39926
125 4.98 0.940498 1.41771 0.950714 1.45988 7.47792 9.69151
126 5.02 0.938789 1.45456 0.934049 1.49698 7.44186 9.98704
127 5.06 0.927422 1.49155 0.92845 1.53444 7.40276 10.2857
128 5.1 0.937192 1.52952 0.920042 1.57215 7.37812 10.5881
129 5.14 0.918613 1.56733 0.906641 1.60989 7.09768 10.8836
130 5.18 0.903574 1.6051 0.898829 1.6479 7.22277 11.189
131 5.22 0.8871 1.64276 0.881488 1.68575 6.99337 11.4893
132 5.26 0.892511 1.68122 0.86027 1.72326 6.67793 11.7805
133 5.3 0.868961 1.71925 0.841303 1.7605 6.35151 12.0616
134 5.34 0.859276 1.75742 0.839241 1.79821 6.13217 12.3372
135 5.38 0.850873 1.79578 0.828054 1.83598 6.01168 12.6114
136 5.42 0.84308 1.83437 0.790305 1.87256 5.86703 12.883
137 5.46 0.825673 1.87271 0.788606 1.90961 5.71359 13.1514
138 5.5 0.8166 1.91119 0.767601 1.9462 5.53228 13.4151
139 5.54 0.807467 1.9498 0.755735 1.98275 5.48658 13.6805
140 5.58 0.79183 1.9882 0.740385 2.01908 5.42851 13.9468
141 5.62 0.788028 2.02698 0.726383 2.05523 5.2643 14.2088
142 5.66 0.76801 2.0653 0.725642 2.09187 5.16083 14.4694
143 5.7 0.763519 2.10395 0.703176 2.12787 5.05912 14.7284
144 5.74 0.752839 2.14259 0.69589 2.164 5.08305 14.9923
145 5.78 0.743584 2.18129 0.676795 2.19963 5.08746 15.2601
146 5.82 0.735876 2.22012 0.686293 2.23626 5.11357 15.5331
147 5.86 0.749727 2.26022 0.6834 2.27324 5.1254 15.8105
148 5.9 0.735231 2.30009 0.685554 2.31085 5.20278 16.0959
149 5.94 0.740732 2.34081 0.679827 2.34865 5.28275 16.3896
150 5.98 0.741766 2.38213 0.681989 2.38708 5.40809 16.6943
151 6.02 0.745764 2.42423 0.681542 2.426 5.43165 17.0045
152 6.06 0.737574 2.46643 0.686256 2.46572 5.60253 17.3288
153 6.1 0.745345 2.50963 0.697281 2.5066 5.70096 17.663
154 6.14 0.724445 2.55218 0.697503 2.54804 5.84459 18.0103
155 6.18 0.73216 2.59574 0.700619 2.59021 6.07434 18.3758
156 6.22 0.73066 2.63977 0.708099 2.63338 6.16686 18.7518
157 6.26 0.735748 2.68469 0.71331 2.67743 6.2232 19.1361
158 6.3 0.734125 2.73008 0.726479 2.72286 6.34346 19.5329
159 6.34 0.735595 2.77614 0.737672 2.76959 6.40332 19.9385
160 6.38 0.737811 2.82292 0.754021 2.81795 6.56547 20.3596
161 6.42 0.742983 2.87063 0.757716 2.86717 6.69739 20.7946
162 6.46 0.739227 2.91868 0.778285 2.91835 6.75116 21.2386
163 6.5 0.737236 2.96721 0.794741 2.97126 6.75476 21.6883
164 6.54 0.745132 3.01685 0.806343 3.02561 6.89766 22.1532
165 6.58 0.741941 3.0669 0.812005 3.08101 6.84277 22.6201
166 6.62 0.749537 3.11807 0.823641 3.13789 6.82976 23.0917
167 6.66 0.748616 3.16979 0.826324 3.19565 6.97665 23.5794
168 6.7 0.743092 3.22176 0.842696 3.25526 6.86178 24.0648
169 6.74 0.759266 3.27549 0.854524 3.31644 6.84569 24.5548
170 6.78 0.761075 3.32999 0.860705 3.37878 6.98454 25.0608
171 6.82 0.766835 3.38555 0.853094 3.44131 6.90242 25.5667
172 6.86 0.772153 3.44216 0.865266 3.50548 6.98609 26.0848
173 6.9 0.783988 3.5003 0.8718 3.57089 6.8813 26.6011
174 6.94 0.792014 3.55973 0.862878 3.63638 6.79969 27.1171
175 6.98 0.803476 3.62071 0.866286 3.70289 6.8066 27.6397
176 7.02 0.807766 3.68272 0.866883 3.77021 6.86801 28.1731
177 7.06 0.810836 3.74568 0.866973 3.8383 6.81048 28.708
178 7.1 0.81885 3.80998 0.873324 3.90768 6.74894 29.2441
179 7.14 0.819189 3.87504 0.868494 3.97745 6.74519 29.786
180 7.18 0.82674 3.94143 0.874231 4.04847 6.73319 30.333
181 7.22 0.825815 4.00849 0.870241 4.11996 6.58518 30.8739
182 7.26 0.832653 4.07686 0.868408 4.19209 6.61662 31.4235
183 7.3 0.830738 4.14582 0.860881 4.26438 6.6075 31.9784
184 7.34 0.836314 4.21601 0.870419 4.33828 6.57167 32.5363
185 7.38 0.83303 4.28669 0.866239 4.41262 6.52611 33.0964
186 7.42 0.833614 4.35819 0.859172 4.48716 6.56754 33.6662
187 7.46 0.838351 4.43087 0.85452 4.5621 6.48297 34.2348
188 7.5 0.830731 4.50366 0.854936 4.63789 6.42564 34.8043
189 7.54 0.833145 4.57745 0.852738 4.71428 6.2783 35.3668
190 7.58 0.843293 4.65293 0.844769 4.79077 6.27328 35.9348
191 7.62 0.840577 4.72896 0.838219 4.86747 6.14224 36.4968
192 7.66 0.83416 4.8052 0.83674 4.94483 6.16136 37.0665
193 7.7 0.836404 4.88246 0.83194 5.02256 6.14026 37.6402
194 7.74 0.831577 4.96006 0.829241 5.10085 6.03058 38.2095
195 7.78 0.834539 5.03875 0.82848 5.17987 5.92456 38.7746
196 7.82 0.836182 5.11841 0.822307 5.25911 5.86645 39.3399
197 7.86 0.842056 5.19945 0.809464 5.33792 5.78243 39.9029
198 7.9 0.83404 5.28054 0.817078 5.41827 5.74792 40.4682
199 7.94 0.839255 5.36296 0.807609 5.49851 5.71088 41.0355
200 7.98 0.834775 5.44577 0.809798 5.57977 5.7073 41.6083
11000 200
1 0.02 0 0 0 0 0 0
2 0.06 0 0 0 0 0 0
3 0.1 0 0 0 0 0 0
4 0.14 0 0 0 0 0 0
5 0.18 0 0 0 0 0 0
6 0.22 0 0 0 0 0 0
7 0.26 0 0 0 0 0 0
8 0.3 0 0 0 0 0 0
9 0.34 0 0 0 0 0 0
10 0.38 0 0 0 0 0 0
11 0.42 0 0 0 0 0 0
12 0.46 0 0 0 0 0 0
13 0.5 0 0 0 0 0 0
14 0.54 0 0 0 0 0 0
15 0.58 0 0 0 0 0 0
16 0.62 0 0 0 0 0 0
17 0.66 0 0 0 0 0 0
18 0.7 0 0 0 0 0 0
19 0.74 0 0 0 0 0 0
20 0.78 0 0 0 0 0 0
21 0.82 0 0 0 0 0 0
22 0.86 0 0 0 0 0 0
23 0.9 0 0 0 0 0 0
24 0.94 0 0 0 0 0 0
25 0.98 0 0 0 0 0 0
26 1.02 0 0 0 0 0 0
27 1.06 0 0 0 0 0 0
28 1.1 0 0 0 0 0 0
29 1.14 0 0 0 0 0 0
30 1.18 0 0 0 0 0 0
31 1.22 0 0 0 0 0 0
32 1.26 0 0 0 0 0 0
33 1.3 0 0 0 0 0 0
34 1.34 0 0 0 0 0 0
35 1.38 0 0 0 0 0 0
36 1.42 0 0 0 0 0 0
37 1.46 0 0 0 0 0 0
38 1.5 0 0 0 0 0 0
39 1.54 0 0 0 0 0 0
40 1.58 0 0 0 0 0 0
41 1.62 0 0 0 0 0.0155513 6.43294e-05
42 1.66 0 0 0 0 0.488756 0.0021872
43 1.7 0 0 0 0 10.8029 0.0513992
44 1.74 0 0 0 0 57.9424 0.327919
45 1.78 0 0 0 0 121.768 0.936057
46 1.82 0 0 0 0 136.588 1.64921
47 1.86 0 0 0 0 101.25 2.20135
48 1.9 0 0 0 0 61.0643 2.54883
49 1.94 0 0 0 0 31.5443 2.73596
50 1.98 0 0 0 0 15.4174 2.83123
51 2.02 0 0 0 0 7.66137 2.88051
52 2.06 0 0 0 0 4.14026 2.9082
53 2.1 0 0 0 0 2.34135 2.92448
54 2.14 0 0 0.000787076 5.68182e-06 1.45706 2.935
55 2.18 0 0 0.0045508 3.97727e-05 0.884503 2.94162
56 2.22 0 0 0.0158478 0.000162879 0.525843 2.94571
57 2.26 0 0 0.0588122 0.000636364 0.479414 2.94957
58 2.3 0.000229826 1.89394e-06 0.178531 0.002125 0.351024 2.95249
59 2.34 0.000887984 9.4697e-06 0.429215 0.00582955 0.339114 2.95542
60 2.38 0.00107264 1.89394e-05 0.771706 0.0127197 0.309822 2.95819
61 2.42 0.00850893 9.65909e-05 1.26241 0.0243731 0.351919 2.96143
62 2.46 0.0375598 0.000450758 1.7685 0.0412424 0.461984 2.96584
63 2.5 0.115908 0.00157955 2.17396 0.0626591 0.528946 2.97105
64 2.54 0.287682 0.00447159 2.49322 0.0880133 0.632587 2.97748
65 2.58 0.558036 0.0102595 2.66329 0.115956 0.800131 2.98588
66 2.62 0.938639 0.0202992 2.5964 0.144049 0.808555 2.99463
67 2.66 1.40554 0.0357955 2.48698 0.171786 1.13052 3.00724
68 2.7 1.86507 0.0569811 2.29236 0.198127 1.02171 3.01898
69 2.74 2.25511 0.0833617 2.06636 0.22258 1.10352 3.03204
70 2.78 2.48383 0.113273 1.82619 0.244826 1.07994 3.04519
71 2.82 2.58459 0.145299 1.62305 0.26517 0.972515 3.05738
72 2.86 2.59349 0.178354 1.38246 0.282994 0.933054 3.06941
73 2.9 2.50785 0.211218 1.25057 0.299572 0.871104 3.08096
74 2.94 2.33516 0.242669 1.09153 0.314443 0.833354 3.09231
75 2.98 2.09319 0.271633 0.987187 0.328261 0.797363 3.10347
76 3.02 1.83874 0.297763 0.856341 0.340572 0.870348 3.11599
77 3.06 1.60989 0.321252 0.779435 0.352076 1.03082 3.1312
78 3.1 1.41924 0.342504 0.722064 0.363013 1.13391 3.14838
79 3.14 1.24253 0.361593 0.68758 0.373699 1.04313 3.16459
80 3.18 1.11255 0.379123 0.648646 0.384038 1.2713 3.18485
81 3.22 0.974883 0.394873 0.611886 0.394038 1.35012 3.20692
82 3.26 0.886256 0.409549 0.593011 0.403972 1.55723 3.233
83 3.3 0.802846 0.423172 0.58015 0.41393 1.62839 3.26095
84 3.34 0.750712 0.436222 0.560417 0.423784 1.82373 3.29302
85 3.38 0.70454 0.448763 0.554176 0.433763 2.23274 3.33323
86 3.42 0.659367 0.46078 0.553818 0.443973 2.48443 3.37903
87 3.46 0.644519 0.472803 0.56999 0.454729 2.89944 3.43374
88 3.5 0.63374 0.4849 0.570183 0.465739 3.14508 3.49447
89 3.54 0.621344 0.497032 0.582782 0.47725 3.41144 3.56185
90 3.58 0.637788 0.509769 0.59683 0.489307 3.92636 3.64117
91 3.62 0.637681 0.52279 0.608373 0.501873 4.14682 3.72683
92 3.66 0.658482 0.536534 0.631391 0.515205 4.47255 3.82126
93 3.7 0.687383 0.551197 0.66187 0.529487 4.77143 3.92422
94 3.74 0.721078 0.566913 0.672967 0.544324 5.04918 4.03554
95 3.78 0.738817 0.583362 0.700505 0.5601 5.16999 4.15198
96 3.82 0.786645 0.601248 0.72585 0.576795 5.28182 4.27346
97 3.86 0.797917 0.619773 0.735236 0.594063 5.06475 4.39241
98 3.9 0.864105 0.640252 0.780431 0.612773 5.22695 4.51772
99 3.94 0.905301 0.66215 0.800196 0.632352 5.06753 4.64172
100 3.98 0.942441 0.685411 0.829328 0.653059 5.01899 4.76703
101 4.02 0.97786 0.710034 0.826803 0.674119 4.72517 4.88739
102 4.06 1.00728 0.735905 0.84799 0.696152 4.50993 5.00457
103 4.1 1.00819 0.762312 0.865473 0.719083 4.53409 5.1247
104 4.14 1.02637 0.789723 0.889217 0.743106 4.39088 5.24333
105 4.18 1.00426 0.817064 0.896278 0.76779 4.382 5.36401
106 4.22 0.999646 0.844803 0.919511 0.7936 4.45285 5.489
107 4.26 0.984574 0.872644 0.930535 0.820218 4.41914 5.61541
108 4.3 0.950896 0.90004 0.967827 0.848424 4.81077 5.75561
109 4.34 0.923123 0.927133 0.998359 0.878064 4.94784 5.90251
110 4.38 0.912043 0.954396 1.02543 0.909072 5.35468 6.06443
111 4.42 0.875453 0.981045 1.04681 0.941307 5.6718 6.23908
112 4.46 0.854076 1.00752 1.07148 0.974902 5.91524 6.42454
113 4.5 0.857745 1.03458 1.09293 1.00979 6.22568 6.62326
114 4.54 0.847121 1.06179 1.11964 1.04616 6.40551 6.83136
115 4.58 0.854928 1.08973 1.11855 1.08314 6.60353 7.04969
116 4.62 0.87003 1.11867 1.12708 1.12106 6.92852 7.28279
117 4.66 0.87788 1.14837 1.1243 1.15955 7.04031 7.52377
118 4.7 0.892387 1.17909 1.08392 1.19729 7.23232 7.77559
119 4.74 0.902492 1.21068 1.08415 1.23568 7.19431 8.03036
120 4.78 0.915592 1.24328 1.04931 1.27347 7.22802 8.29067
121 4.82 0.927404 1.27685 1.02824 1.31112 7.37378 8.56069
122 4.86 0.927638 1.31099 1.01225 1.34881 7.45422 8.83821
123 4.9 0.931742 1.34585 0.987237 1.38617 7.48432 9.12145
124 4.94 0.933497 1.38134 0.964419 1.42327 7.44972 9.40801
125 4.98 0.934291 1.41745 0.953592 1.46054 7.463 9.69974
126 5.02 0.93466 1.45415 0.941652 1.49795 7.42149 9.99453
127 5.06 0.950897 1.49209 0.920061 1.53508 7.51902 10.298
128 5.1 0.93352 1.52992 0.916636 1.57266 7.24615 10.595
129 5.14 0.924191 1.56796 0.896509 1.60999 7.31459 10.8996
130 5.18 0.902635 1.6057 0.888047 1.64755 7.07043 11.1987
131 5.22 0.897063 1.64379 0.875111 1.68513 6.86593 11.4936
132 5.26 0.880574 1.68175 0.860894 1.72268 6.79877 11.7901
133 5.3 0.874299 1.72002 0.854324 1.7605 6.31661 12.0697
134 5.34 0.855709 1.75804 0.835546 1.79806 6.22378 12.3495
135 5.38 0.83816 1.79584 0.821467 1.83554 5.96377 12.6216
136 5.42 0.844494 1.8345 0.799778 1.87257 5.79617 12.8899
137 5.46 0.813657 1.87229 0.782374 1.90933 5.66156 13.156
138 5.5 0.82075 1.91098 0.77934 1.94649 5.54581 13.4204
139 5.54 0.805134 1.94948 0.746983 1.98263 5.46665 13.6849
140 5.58 0.791839 1.9879 0.742217 2.01905 5.27256 13.9436
141 5.62 0.778761 2.02622 0.730398 2.05541 5.16747 14.2009
142 5.66 0.774433 2.06488 0.722698 2.09191 5.13735 14.4603
143 5.7 0.769439 2.10383 0.708707 2.1282 5.07551 14.7202
144 5.74 0.752664 2.14247 0.695981 2.16434 5.17537 14.989
145 5.78 0.742137 2.18111 0.686168 2.20048 5.04964 15.2549
146 5.82 0.748228 2.2206 0.676269 2.23658 5.14973 15.5298
147 5.86 0.740385 2.26021 0.687925 2.27382 5.20505 15.8115
148 5.9 0.738479 2.30027 0.686014 2.31146 5.12298 16.0926
149 5.94 0.73935 2.34091 0.680044 2.34928 5.34166 16.3897
150 5.98 0.745944 2.38248 0.676722 2.38742 5.41142 16.6947
151 6.02 0.735262 2.424 0.683873 2.42649 5.54525 17.0115
152 6.06 0.740974 2.4664 0.686818 2.46624 5.60288 17.3358
153 6.1 0.745269 2.50961 0.693209 2.5069 5.74737 17.6729
154 6.14 0.733946 2.55272 0.693737 2.54812 5.78905 18.0169
155 6.18 0.739532 2.59673 0.700298 2.59028 5.98958 18.3775
156 6.22 0.734384 2.641 0.71812 2.63407 6.05782 18.7469
157 6.26 0.730056 2.68558 0.714859 2.67823 6.21082 19.1305
158 6.3 0.740411 2.73137 0.727488 2.72374 6.38569 19.53
159 6.34 0.738568 2.77763 0.741205 2.7707 6.45509 19.939
160 6.38 0.73068 2.82397 0.758184 2.81934 6.63413 20.3646
161 6.42 0.734107 2.87112 0.76057 2.86875 6.62449 20.795
162 6.46 0.73853 2.91914 0.779745 2.92004 6.71724 21.2368
163 6.5 0.739425 2.96782 0.796539 2.97309 6.7991 21.6896
164 6.54 0.734725 3.01678 0.797081 3.02683 6.82688 22.1498
165 6.58 0.748111 3.06725 0.802992 3.08163 6.88644 22.6198
166 6.62 0.739458 3.11775 0.817414 3.13809 6.88776 23.0956
167 6.66 0.749182 3.16952 0.83431 3.19642 6.86965 23.5758
168 6.7 0.753555 3.22223 0.83637 3.2556 6.95106 24.0677
169 6.74 0.767412 3.27655 0.847133 3.31625 6.96497 24.5664
170 6.78 0.766631 3.33146 0.853185 3.37807 6.84216 25.0621
171 6.82 0.766553 3.38702 0.857986 3.44097 6.90956 25.5687
172 6.86 0.778276 3.44409 0.871113 3.50559 6.94497 26.0839
173 6.9 0.77492 3.50157 0.859 3.57005 7.00486 26.6095
174 6.94 0.787186 3.56065 0.873951 3.6364 6.79217 27.1252
175 6.98 0.802192 3.62155 0.861028 3.70252 6.83264 27.6499
176 7.02 0.800646 3.68303 0.872651 3.7703 6.77531 28.1761
177 7.06 0.816888 3.74647 0.872048 3.83881 6.78433 28.7091
178 7.1 0.815593 3.81053 0.869329 3.90789 6.71377 29.2426
179 7.14 0.813348 3.87514 0.872486 3.978 6.66478 29.7781
180 7.18 0.825271 3.94143 0.868829 4.04859 6.65009 30.3185
181 7.22 0.826438 4.00856 0.866813 4.11982 6.76879 30.8747
182 7.26 0.828399 4.07659 0.864444 4.19163 6.70797 31.4319
183 7.3 0.835519 4.14597 0.870508 4.26475 6.58449 31.985
184 7.34 0.834064 4.21599 0.863766 4.3381 6.68035 32.5523
185 7.38 0.830448 4.28646 0.86972 4.41277 6.50921 33.1111
186 7.42 0.836109 4.35819 0.85332 4.48682 6.49557 33.6748
187 7.46 0.842064 4.43121 0.865092 4.5627 6.44808 34.2404
188 7.5 0.835524 4.50444 0.857258 4.63871 6.39765 34.8076
189 7.54 0.838637 4.57873 0.844846 4.71441 6.32382 35.3743
190 7.58 0.838758 4.65382 0.847495 4.79116 6.24589 35.9399
191 7.62 0.831756 4.72907 0.845305 4.86853 6.20441 36.5078
192 7.66 0.836351 4.80554 0.830931 4.94538 6.11786 37.0736
193 7.7 0.833852 4.88257 0.836669 5.02357 5.95294 37.6299
194 7.74 0.832054 4.96024 0.818756 5.10088 6.11774 38.2076
195 7.78 0.837713 5.03925 0.827671 5.17984 5.98149 38.7783
196 7.82 0.838408 5.11913 0.819541 5.25884 5.83469 39.3407
197 7.86 0.835487 5.19956 0.814681 5.33817 5.8065 39.9061
198 7.9 0.831448 5.28041 0.812266 5.41807 5.68937 40.4657
199 7.94 0.834835 5.36242 0.815596 5.49912 5.69333 41.0315
200 7.98 0.836241 5.4454 0.811157 5.58054 5.67773 41.6014
12000 200
1 0.02 0 0 0 0 0 0
2 0.06 0 0 0 0 0 0
3 0.1 0 0 0 0 0 0
4 0.14 0 0 0 0 0 0
5 0.18 0 0 0 0 0 0
6 0.22 0 0 0 0 0 0
7 0.26 0 0 0 0 0 0
8 0.3 0 0 0 0 0 0
9 0.34 0 0 0 0 0 0
10 0.38 0 0 0 0 0 0
11 0.42 0 0 0 0 0 0
12 0.46 0 0 0 0 0 0
13 0.5 0 0 0 0 0 0
14 0.54 0 0 0 0 0 0
15 0.58 0 0 0 0 0 0
16 0.62 0 0 0 0 0 0
17 0.66 0 0 0 0 0 0
18 0.7 0 0 0 0 0 0
19 0.74 0 0 0 0 0 0
20 0.78 0 0 0 0 0 0
21 0.82 0 0 0 0 0 0
22 0.86 0 0 0 0 0 0
23 0.9 0 0 0 0 0 0
24 0.94 0 0 0 0 0 0
25 0.98 0 0 0 0 0 0
26 1.02 0 0 0 0 0 0
27 1.06 0 0 0 0 0 0
28 1.1 0 0 0 0 0 0
29 1.14 0 0 0 0 0 0
30 1.18 0 0 0 0 0 0
31 1.22 0 0 0 0 0 0
32 1.26 0 0 0 0 0 0
33 1.3 0 0 0 0 0 0
34 1.34 0 0 0 0 0 0
35 1.38 0 0 0 0 0 0
36 1.42 0 0 0 0 0 0
37 1.46 0 0 0 0 0 0
38 1.5 0 0 0 0 0 0
39 1.54 0 0 0 0 0 0
40 1.58 0 0 0 0 0 0
41 1.62 0 0 0 0 0 0
42 1.66 0 0 0 0 0.525655 0.00228369
43 1.7 0 0 0 0 11.2597 0.0535864
44 1.74 0 0 0 0 57.1224 0.326246
45 1.78 0 0 0 0 120.224 0.926793
46 1.82 0 0 0 0 135.957 1.6368
47 1.86 0 0 0 0 103.995 2.20402
48 1.9 0 0 0 0 60.6568 2.54924
49 1.94 0 0 0 0 31.5491 2.73644
50 1.98 0 0 0 0 15.7835 2.834
51 2.02 0 0 0 0 7.96486 2.88524
52 2.06 0 0 0 0 3.87506 2.91116
53 2.1 0 0 0 0 2.21599 2.92657
54 2.14 0 0 0.000262299 1.89394e-06 1.3543 2.93635
55 2.18 0 0 0.0037921 3.0303e-05 0.785583 2.94223
56 2.22 0 0 0.0160871 0.000155303 0.620935 2.94706
57 2.26 0 0 0.0550407 0.000598485 0.567226 2.95162
58 2.3 0 0 0.160325 0.00193561 0.4088 2.95503
59 2.34 0 0 0.404348 0.00542614 0.372588 2.95825
60 2.38 0.00193104 1.70455e-05 0.766461 0.0122708 0.31696 2.96108
61 2.42 0.00726298 8.33333e-05 1.24616 0.0237765 0.45638 2.96529
62 2.46 0.0363468 0.000426136 1.75267 0.0404981 0.380961 2.96893
63 2.5 0.121134 0.00160606 2.23888 0.0625587 0.496172 2.97382
64 2.54 0.275197 0.00437311 2.55119 0.0885076 0.562883 2.97954
65 2.58 0.55774 0.0101591 2.66763 0.116502 0.723334 2.98713
66 2.62 0.959698 0.0204261 2.63877 0.145059 0.948122 2.99739
67 2.66 1.40388 0.0359072 2.46917 0.172602 0.9919 3.00846
68 2.7 1.89337 0.0574186 2.24034 0.19835 1.09144 3.021
69 2.74 2.21467 0.0833314 2.08275 0.223002 1.03809 3.03329
70 2.78 2.49608 0.113396 1.81339 0.245097 1.03484 3.0459
71 2.82 2.63557 0.146061 1.60612 0.265233 1.01339 3.0586
72 2.86 2.59788 0.179178 1.39731 0.283252 0.937846 3.0707
73 2.9 2.51833 0.212186 1.21875 0.299411 0.933984 3.08308
74 2.94 2.30363 0.243218 1.07797 0.3141 0.920546 3.09563
75 2.98 2.07471 0.271932 0.969809 0.327678 0.861554 3.10769
76 3.02 1.84157 0.298108 0.872635 0.340225 0.928354 3.12104
77 3.06 1.63319 0.321941 0.805965 0.352123 0.930381 3.13477
78 3.1 1.40151 0.342932 0.737171 0.363292 0.997821 3.14989
79 3.14 1.24044 0.361992 0.697798 0.374138 1.09257 3.16687
80 3.18 1.10956 0.379479 0.642101 0.384375 1.23474 3.18656
81 3.22 0.988285 0.395449 0.611301 0.394367 1.29671 3.20775
82 3.26 0.886991 0.41014 0.582942 0.404134 1.37837 3.23085
83 3.3 0.806929 0.423835 0.580589 0.414102 1.75732 3.26102
84 3.34 0.735534 0.436623 0.55686 0.423896 1.97701 3.29579
85 3.38 0.679614 0.448723 0.561842 0.434015 2.17693 3.335
86 3.42 0.659446 0.460744 0.541898 0.444008 2.42637 3.37974
87 3.46 0.639113 0.472669 0.560446 0.454585 2.86819 3.43387
88 3.5 0.625179 0.484604 0.570955 0.465612 3.03451 3.49247
89 3.54 0.63363 0.496979 0.589664 0.477261 3.48731 3.56137
90 3.58 0.62458 0.509455 0.591742 0.489218 3.85869 3.63934
91 3.62 0.644049 0.522608 0.612475 0.501871 4.19431 3.72599
92 3.66 0.669146 0.536578 0.630998 0.515197 4.47627 3.82052
93 3.7 0.673132 0.550939 0.652706 0.529284 4.79282 3.92396
94 3.74 0.712764 0.566477 0.683823 0.544364 4.87462 4.03146
95 3.78 0.746154 0.583093 0.69944 0.560119 5.02901 4.14474
96 3.82 0.798062 0.601242 0.720269 0.576689 5.21641 4.26475
97 3.86 0.82076 0.620301 0.757427 0.594481 5.35948 4.39064
98 3.9 0.865216 0.640811 0.766609 0.612864 5.26487 4.51689
99 3.94 0.895489 0.662475 0.802821 0.632511 4.95612 4.63818
100 3.98 0.942254 0.685737 0.819604 0.652979 4.86602 4.7597
101 4.02 0.9821 0.710472 0.854665 0.674754 4.79364 4.88183
102 4.06 0.988133 0.735856 0.841842 0.696631 4.54123 4.99984
103 4.1 1.01182 0.762364 0.874094 0.719795 4.40329 5.11653
104 4.14 1.00823 0.789295 0.876143 0.74347 4.30551 5.23287
105 4.18 1.01129 0.816833 0.887919 0.767928 4.42437 5.35474
106 4.22 1.00647 0.844767 0.924594 0.793886 4.45661 5.47986
107 4.26 0.97869 0.872447 0.94968 0.821057 4.67014 5.61348
108 4.3 0.949919 0.89982 0.963729 0.84915 5.03377 5.76021
109 4.34 0.938877 0.927381 0.99363 0.878655 5.04105 5.90991
110 4.38 0.887787 0.953924 1.01301 0.909294 5.3461 6.0716
111 4.42 0.882868 0.980805 1.0573 0.941858 5.73543 6.24825
112 4.46 0.870888 1.0078 1.06892 0.975379 5.82378 6.43088
113 4.5 0.864057 1.03507 1.11022 1.01082 6.28895 6.63165
114 4.54 0.860338 1.06271 1.11528 1.04706 6.45974 6.84156
115 4.58 0.855453 1.09067 1.11965 1.08409 6.54874 7.05812
116 4.62 0.862111 1.11935 1.1273 1.12202 6.76367 7.28572
117 4.66 0.882798 1.14923 1.11036 1.16004 7.03227 7.52647
118 4.7 0.873117 1.17929 1.10453 1.1985 7.08586 7.77324
119 4.74 0.901017 1.21084 1.07025 1.23641 7.18562 8.02776
120 4.78 0.9127 1.24334 1.04732 1.27414 7.31142 8.29112
121 4.82 0.920212 1.27666 1.0267 1.31174 7.28713 8.55803
122 4.86 0.922565 1.31062 1.00753 1.34926 7.40178 8.83364
123 4.9 0.931808 1.34548 0.964923 1.38578 7.40126 9.1138
124 4.94 0.93446 1.38102 0.965112 1.42291 7.56531 9.40486
125 4.98 0.93999 1.41735 0.947833 1.45997 7.44834 9.69608
126 5.02 0.95868 1.45501 0.946323 1.49757 7.54227 9.99572
127 5.06 0.947005 1.49279 0.926873 1.53498 7.51512 10.2991
128 5.1 0.935662 1.53072 0.920009 1.57271 7.27612 10.5974
129 5.14 0.913064 1.56832 0.907114 1.61049 7.22972 10.8986
130 5.18 0.915772 1.60661 0.900544 1.64858 7.11239 11.1994
131 5.22 0.886136 1.64424 0.872333 1.68606 6.81738 11.4923
132 5.26 0.890676 1.68265 0.872535 1.72412 6.70525 11.7848
133 5.3 0.874254 1.72092 0.842694 1.76143 6.50858 12.073
134 5.34 0.855749 1.75895 0.826744 1.7986 6.13596 12.3488
135 5.38 0.842277 1.79695 0.823712 1.83619 6.06338 12.6255
136 5.42 0.825464 1.83474 0.801249 1.8733 5.80474 12.8943
137 5.46 0.835302 1.87355 0.788064 1.91033 5.6858 13.1616
138 5.5 0.806845 1.91158 0.762462 1.9467 5.55278 13.4264
139 5.54 0.80375 1.95003 0.758145 1.98338 5.31537 13.6836
140 5.58 0.785244 1.98813 0.737207 2.01957 5.33247 13.9453
141 5.62 0.778376 2.02645 0.728539 2.05584 5.1774 14.2031
142 5.66 0.767755 2.06478 0.721577 2.09229 5.15669 14.4636
143 5.7 0.76895 2.10371 0.709271 2.12862 5.1731 14.7285
144 5.74 0.763433 2.14291 0.684067 2.16415 5.05852 14.9913
145 5.78 0.751302 2.18203 0.696388 2.20083 5.06204 15.2579
146 5.82 0.746357 2.22143 0.68493 2.2374 5.17157 15.5341
147 5.86 0.741971 2.26114 0.67502 2.27395 5.07394 15.8087
148 5.9 0.742314 2.30141 0.677702 2.31114 5.15948 16.0919
149 5.94 0.729592 2.34153 0.681573 2.34905 5.27526 16.3853
150 5.98 0.738284 2.38268 0.682065 2.3875 5.26599 16.6822
151 6.02 0.736588 2.42428 0.688909 2.42686 5.516 16.9974
152 6.06 0.73871 2.46656 0.685863 2.46657 5.55343 17.3189
153 6.1 0.740746 2.50951 0.686323 2.50683 5.75442 17.6564
154 6.14 0.733252 2.55259 0.70246 2.54858 5.8783 18.0058
155 6.18 0.72637 2.59583 0.699557 2.5907 6.01935 18.3683
156 6.22 0.73201 2.63997 0.709034 2.63395 6.23222 18.7484
157 6.26 0.733537 2.68477 0.723238 2.67863 6.1544 19.1286
158 6.3 0.74149 2.73063 0.728886 2.72424 6.2708 19.521
159 6.34 0.736459 2.77677 0.739893 2.77113 6.41273 19.9273
160 6.38 0.73958 2.82368 0.74971 2.81923 6.6779 20.3559
161 6.42 0.74045 2.87124 0.767184 2.86909 6.66577 20.789
162 6.46 0.734044 2.91898 0.778613 2.92031 6.7223 21.2313
163 6.5 0.741433 2.9678 0.788338 2.97282 6.78323 21.6831
164 6.54 0.736427 3.01689 0.801531 3.02687 6.80972 22.1423
165 6.58 0.737212 3.06664 0.807991 3.08202 6.90957 22.6139
166 6.62 0.748711 3.11777 0.816459 3.13843 6.89059 23.09
167 6.66 0.751527 3.16973 0.834034 3.19675 6.90374 23.5727
168 6.7 0.755168 3.22256 0.839683 3.25617 6.93471 24.0635
169 6.74 0.758563 3.27626 0.844952 3.31669 7.00847 24.5654
170 6.78 0.764737 3.33105 0.854402 3.37861 6.97752 25.0711
171 6.82 0.776402 3.38733 0.856626 3.44142 6.87309 25.5751
172 6.86 0.780832 3.44459 0.86645 3.5057 6.94668 26.0904
173 6.9 0.781275 3.50256 0.868545 3.57089 6.87919 26.6068
174 6.94 0.790259 3.56188 0.865667 3.63662 6.81961 27.1246
175 6.98 0.798315 3.6225 0.874296 3.70378 6.83716 27.6498
176 7.02 0.798936 3.68386 0.865678 3.77103 6.78637 28.177
177 7.06 0.80975 3.74676 0.875898 3.83986 6.74775 28.7072
178 7.1 0.81266 3.8106 0.867633 3.90881 6.80146 29.2478
179 7.14 0.825677 3.8762 0.871533 3.97886 6.79472 29.7939
180 7.18 0.824448 3.94244 0.868935 4.04948 6.64319 30.3338
181 7.22 0.824569 4.00943 0.871868 4.12113 6.71929 30.886
182 7.26 0.828582 4.07749 0.867897 4.19325 6.71245 31.4437
183 7.3 0.840325 4.14728 0.864001 4.26584 6.6188 31.9998
184 7.34 0.832296 4.21717 0.872294 4.33993 6.57828 32.5585
185 7.38 0.834722 4.28802 0.861032 4.41386 6.5158 33.118
186 7.42 0.838945 4.36 0.868662 4.48926 6.53245 33.685
187 7.46 0.831263 4.4321 0.85877 4.5646 6.4413 34.2501
188 7.5 0.836935 4.50547 0.854266 4.64036 6.3612 34.8142
189 7.54 0.837806 4.5797 0.843789 4.71598 6.30105 35.379
190 7.58 0.835546 4.65452 0.843943 4.79243 6.24821 35.945
191 7.62 0.844124 4.73091 0.839448 4.86927 6.09566 36.503
192 7.66 0.837177 4.80746 0.840675 4.94704 6.0989 37.0671
193 7.7 0.832722 4.88441 0.833545 5.02495 6.04776 37.6324
194 7.74 0.838114 4.96266 0.827497 5.1031 6.00312 38.1994
195 7.78 0.835662 5.04148 0.826373 5.18196 5.98838 38.7708
196 7.82 0.837547 5.12131 0.817354 5.26076 5.8966 39.3393
197 7.86 0.830518 5.20127 0.813838 5.34002 5.80835 39.905
198 7.9 0.834983 5.28248 0.811914 5.41991 5.80653 40.4763
199 7.94 0.843632 5.36537 0.804782 5.49989 5.72911 41.0457
200 7.98 0.836266 5.44837 0.805508 5.58076 5.68144 41.6161
13000 200
1 0.02 0 0 0 0 0 0
2 0.06 0 0 0 0 0 0
3 0.1 0 0 0 0 0 0
4 0.14 0 0 0 0 0 0
5 0.18 0 0 0 0 0 0
6 0.22 0 0 0 0 0 0
7 0.26 0 0 0 0 0 0
8 0.3 0 0 0 0 0 0
9 0.34 0 0 0 0 0 0
10 0.38 0 0 0 0 0 0
11 0.42 0 0 0 0 0 0
12 0.46 0 0 0 0 0 0
13 0.5 0 0 0 0 0 0
14 0.54 0 0 0 0 0 0
15 0.58 0 0 0 0 0 0
16 0.62 0 0 0 0 0 0
17 0.66 0 0 0 0 0 0
18 0.7 0 0 0 0 0 0
19 0.74 0 0 0 0 0 0
20 0.78 0 0 0 0 0 0
21 0.82 0 0 0 0 0 0
22 0.86 0 0 0 0 0 0
23 0.9 0 0 0 0 0 0
24 0.94 0 0 0 0 0 0
25 0.98 0 0 0 0 0 0
26 1.02 0 0 0 0 0 0
27 1.06 0 0 0 0 0 0
28 1.1 0 0 0 0 0 0
29 1.14 0 0 0 0 0 0
30 1.18 0 0 0 0 0 0
31 1.22 0 0 0 0 0 0
32 1.26 0 0 0 0 0 0
33 1.3 0 0 0 0 0 0
34 1.34 0 0 0 0 0 0
35 1.38 0 0 0 0 0 0
36 1.42 0 0 0 0 0 0
37 1.46 0 0 0 0 0 0
38 1.5 0 0 0 0 0 0
39 1.54 0 0 0 0 0 0
40 1.58 0 0 0 0 0 0
41 1.62 0 0 0 0 0.00776631 3.21647e-05
42 1.66 0 0 0 0 0.451599 0.00199421
43 1.7 0 0 0 0 10.8343 0.051367
44 1.74 0 0 0 0 57.8535 0.327565
45 1.78 0 0 0 0 121.111 0.932647
46 1.82 0 0 0 0 138.113 1.65404
47 1.86 0 0 0 0 102.456 2.21296
48 1.9 0 0 0 0 60.6012 2.55793
49 1.94 0 0 0 0 30.7793 2.74059
50 1.98 0 0 0 0 15.3021 2.83519
51 2.02 0 0 0 0 7.50857 2.8835
52 2.06 0 0 0 0 3.88867 2.90952
53 2.1 0 0 0 0 2.38194 2.92609
54 2.14 0 0 0 0 1.29179 2.93541
55 2.18 0 0 0.00404281 3.0303e-05 0.875617 2.94197
56 2.22 0 0 0.0175464 0.000166667 0.54634 2.94622
57 2.26 0 0 0.058554 0.000638258 0.435327 2.94973
58 2.3 0 0 0.176188 0.00210795 0.404881 2.9531
59 2.34 0.000221709 1.89394e-06 0.406911 0.00562121 0.4582 2.95706
60 2.38 0.00193102 1.89394e-05 0.768876 0.0124886 0.342134 2.96012
61 2.42 0.010996 0.000119318 1.24985 0.0240303 0.341338 2.96327
62 2.46 0.0403561 0.0005 1.74939 0.0407235 0.411226 2.96719
63 2.5 0.110422 0.00157576 2.19965 0.0624015 0.450387 2.97163
64 2.54 0.279476 0.00438636 2.55632 0.0884072 0.509051 2.97681
65 2.58 0.552538 0.0101193 2.65182 0.116241 0.787627 2.98508
66 2.62 0.94766 0.0202595 2.63217 0.144731 0.986578 2.99575
67 2.66 1.3947 0.035642 2.48877 0.172498 0.98886 3.00679
68 2.7 1.8712 0.0569053 2.2803 0.19871 1.32908 3.02206
69 2.74 2.23565 0.0830682 2.06785 0.223189 1.12754 3.03541
70 2.78 2.55036 0.113792 1.77096 0.244771 1.05048 3.04821
71 2.82 2.65864 0.146748 1.58726 0.264674 0.954215 3.06018
72 2.86 2.59862 0.179881 1.41748 0.282956 0.942691 3.07234
73 2.9 2.46458 0.212189 1.23525 0.299337 0.785812 3.08276
74 2.94 2.30758 0.24328 1.06931 0.313911 0.762254 3.09315
75 2.98 2.07408 0.271991 0.98208 0.327663 0.87744 3.10544
76 3.02 1.81766 0.297831 0.881433 0.340339 0.970671 3.1194
77 3.06 1.61617 0.32142 0.793901 0.352061 0.925845 3.13307
78 3.1 1.44627 0.343085 0.729427 0.363114 1.09318 3.14963
79 3.14 1.24009 0.362144 0.681224 0.373705 1.09655 3.16668
80 3.18 1.11189 0.37967 0.656243 0.384169 1.3213 3.18775
81 3.22 0.966319 0.395288 0.627059 0.39442 1.31419 3.20923
82 3.26 0.879513 0.409858 0.590979 0.404324 1.49142 3.23422
83 3.3 0.820848 0.423792 0.589416 0.414445 1.73636 3.26404
84 3.34 0.73988 0.436657 0.568821 0.424451 1.86147 3.29678
85 3.38 0.694177 0.449019 0.547236 0.434309 2.1391 3.33532
86 3.42 0.656842 0.460994 0.557414 0.444589 2.37713 3.37916
87 3.46 0.635141 0.472847 0.558751 0.455136 2.77905 3.43162
88 3.5 0.627255 0.484824 0.562026 0.465992 3.34867 3.4963
89 3.54 0.619659 0.496928 0.577483 0.477403 3.62012 3.56784
90 3.58 0.63461 0.509606 0.597166 0.489472 3.92967 3.64725
91 3.62 0.645232 0.522786 0.600459 0.501879 3.88528 3.72753
92 3.66 0.661323 0.536595 0.625061 0.515081 4.58353 3.82435
93 3.7 0.67408 0.550979 0.662416 0.529381 4.68327 3.92544
94 3.74 0.712633 0.566517 0.677182 0.544316 4.89709 4.03345
95 3.78 0.750791 0.583239 0.703354 0.560163 5.10378 4.14844
96 3.82 0.7841 0.601074 0.741628 0.577227 5.25614 4.26938
97 3.86 0.827712 0.620297 0.751653 0.594886 5.21209 4.39183
98 3.9 0.873126 0.640998 0.774292 0.613456 5.29749 4.51888
99 3.94 0.907307 0.662953 0.798882 0.633011 5.02232 4.64181
100 3.98 0.930664 0.685932 0.815594 0.653383 4.76996 4.76095
101 4.02 0.970196 0.710371 0.837567 0.674725 4.75126 4.88202
102 4.06 0.985825 0.735701 0.865446 0.69722 4.54781 5.00023
103 4.1 1.0081 0.762116 0.869656 0.720271 4.31384 5.11457
104 4.14 1.01196 0.789152 0.886093 0.744218 4.3512 5.23216
105 4.18 1.00702 0.816578 0.876491 0.768366 4.41193 5.35372
106 4.22 1.0033 0.844428 0.911552 0.793962 4.4741 5.47935
107 4.26 0.971557 0.871911 0.945734 0.821025 4.61087 5.61129
108 4.3 0.958693 0.899542 0.977729 0.84953 4.80346 5.75133
109 4.34 0.931682 0.926896 0.974328 0.878468 5.17122 5.90492
110 4.38 0.895672 0.95368 1.02693 0.909532 5.37494 6.06751
111 4.42 0.881027 0.980509 1.06 0.942186 5.73963 6.24432
112 4.46 0.875438 1.00765 1.06196 0.975494 5.90173 6.42943
113 4.5 0.885086 1.03559 1.09993 1.01062 6.33924 6.63184
114 4.54 0.856709 1.06312 1.12038 1.04703 6.41203 6.84024
115 4.58 0.85293 1.091 1.12873 1.08436 6.56118 7.05725
116 4.62 0.868793 1.11991 1.11371 1.12184 6.86858 7.28842
117 4.66 0.87504 1.14953 1.1116 1.15991 7.02732 7.52904
118 4.7 0.889199 1.18015 1.09761 1.19814 7.14188 7.77781
119 4.74 0.904375 1.21182 1.06958 1.23603 7.14354 8.03088
120 4.78 0.916476 1.24446 1.04987 1.27385 7.07708 8.28585
121 4.82 0.911683 1.27747 1.03722 1.31185 7.29644 8.55314
122 4.86 0.932634 1.31181 1.00526 1.34929 7.48424 8.83188
123 4.9 0.932511 1.34671 0.99432 1.38693 7.42632 9.11303
124 4.94 0.946094 1.3827 0.956335 1.42373 7.5815 9.40476
125 4.98 0.935568 1.41887 0.959772 1.46127 7.54741 9.6999
126 5.02 0.936479 1.45565 0.934627 1.4984 7.67044 10.0047
127 5.06 0.944889 1.49336 0.930468 1.53597 7.38393 10.3028
128 5.1 0.932696 1.53118 0.916435 1.57355 7.29134 10.6018
129 5.14 0.917823 1.56897 0.899903 1.61104 7.14045 10.8993
130 5.18 0.908996 1.60699 0.888833 1.64865 7.06555 11.1982
131 5.22 0.888928 1.64475 0.885008 1.68667 6.88805 11.4942
132 5.26 0.890301 1.68314 0.872998 1.72476 6.5669 11.7807
133 5.3 0.872426 1.72134 0.85165 1.76248 6.5169 12.0693
134 5.34 0.864377 1.75976 0.836283 1.80008 6.25153 12.3504
135 5.38 0.849854 1.79811 0.81448 1.83725 5.90936 12.6201
136 5.42 0.837276 1.83645 0.798579 1.87424 5.74606 12.8863
137 5.46 0.825252 1.87479 0.784417 1.91112 5.61368 13.1501
138 5.5 0.807107 1.91285 0.763092 1.94752 5.56604 13.4156
139 5.54 0.791417 1.95071 0.759892 1.98429 5.3842 13.6762
140 5.58 0.785219 1.98882 0.735423 2.0204 5.3964 13.9411
141 5.62 0.77755 2.0271 0.721683 2.05634 5.27855 14.204
142 5.66 0.776268 2.06587 0.716613 2.09254 5.13604 14.4635
143 5.7 0.768364 2.10478 0.701977 2.1285 5.13324 14.7264
144 5.74 0.748438 2.14322 0.695214 2.16462 5.17716 14.9954
145 5.78 0.754265 2.18249 0.695652 2.20126 5.10391 15.2643
146 5.82 0.748629 2.22202 0.691976 2.23822 5.17191 15.5405
147 5.86 0.740461 2.26166 0.682209 2.27516 5.16214 15.82
148 5.9 0.736909 2.30164 0.677962 2.31237 5.28339 16.11
149 5.94 0.742208 2.34246 0.682101 2.35032 5.32809 16.4064
150 5.98 0.742544 2.38385 0.688495 2.38914 5.19941 16.6996
151 6.02 0.741153 2.42572 0.682193 2.42813 5.4982 17.0138
152 6.06 0.731895 2.46761 0.673089 2.4671 5.59186 17.3376
153 6.1 0.734416 2.51021 0.692951 2.50776 5.64158 17.6686
154 6.14 0.737214 2.55353 0.705808 2.54971 5.82536 18.0149
155 6.18 0.732287 2.59713 0.698651 2.59179 5.93014 18.372
156 6.22 0.739359 2.64171 0.702237 2.63463 6.17364 18.7486
157 6.26 0.7358 2.68666 0.716888 2.67892 6.22985 19.1336
158 6.3 0.732207 2.73196 0.724679 2.72428 6.37917 19.5328
159 6.34 0.740132 2.77833 0.747442 2.77165 6.37309 19.9367
160 6.38 0.739663 2.82526 0.759344 2.82039 6.61007 20.361
161 6.42 0.737664 2.87265 0.758016 2.86965 6.64237 20.7927
162 6.46 0.736802 2.92058 0.787313 2.92146 6.63852 21.2295
163 6.5 0.733686 2.9689 0.783276 2.97364 6.72553 21.6775
164 6.54 0.741353 3.01833 0.800292 3.02761 6.94829 22.1462
165 6.58 0.742974 3.06847 0.812738 3.0831 6.80515 22.6107
166 6.62 0.744862 3.11935 0.816612 3.13953 6.94851 23.0909
167 6.66 0.742579 3.17069 0.831213 3.19766 6.97656 23.5788
168 6.7 0.752114 3.22332 0.841702 3.25724 6.93488 24.0697
169 6.74 0.760678 3.27718 0.84869 3.31803 6.9179 24.5652
170 6.78 0.764896 3.33199 0.857573 3.38019 6.95412 25.0693
171 6.82 0.767413 3.38763 0.863731 3.44354 6.96665 25.5802
172 6.86 0.782631 3.44504 0.862293 3.50752 6.89518 26.0919
173 6.9 0.78642 3.5034 0.866627 3.57258 6.85061 26.6061
174 6.94 0.784266 3.56228 0.873598 3.63892 6.82942 27.1248
175 6.98 0.793735 3.62255 0.873061 3.70599 6.89795 27.6547
176 7.02 0.808387 3.68465 0.865259 3.77323 6.8071 28.1837
177 7.06 0.812219 3.74776 0.870805 3.84167 6.76216 28.7151
178 7.1 0.820184 3.8122 0.862833 3.91025 6.83342 29.2583
179 7.14 0.821797 3.87751 0.868366 3.98005 6.76226 29.8019
180 7.18 0.828425 3.94408 0.876329 4.05129 6.67292 30.3443
181 7.22 0.830369 4.01155 0.86992 4.12279 6.62583 30.8889
182 7.26 0.832074 4.07991 0.870002 4.1951 6.65671 31.4421
183 7.3 0.828988 4.14877 0.871582 4.26834 6.67855 32.0033
184 7.34 0.841102 4.2194 0.862285 4.34159 6.59497 32.5636
185 7.38 0.839618 4.29068 0.85526 4.41504 6.52063 33.1235
186 7.42 0.833418 4.36221 0.857344 4.48946 6.43944 33.6826
187 7.46 0.835595 4.43469 0.86069 4.56499 6.46769 34.2501
188 7.5 0.837937 4.50816 0.853178 4.64066 6.3035 34.8092
189 7.54 0.834199 4.58209 0.854334 4.71725 6.25405 35.3698
190 7.58 0.838213 4.65716 0.84045 4.79339 6.24599 35.9357
191 7.62 0.835334 4.73276 0.846463 4.87089 6.17993 36.5015
192 7.66 0.834647 4.8091 0.838542 4.94847 6.10235 37.0661
193 7.7 0.829506 4.88576 0.833399 5.02638 6.09488 37.6359
194 7.74 0.838699 4.96408 0.830738 5.10486 6.06776 38.2091
195 7.78 0.840353 5.04336 0.833054 5.18436 5.94556 38.7765
196 7.82 0.833369 5.1228 0.822596 5.26368 5.89858 39.3453
197 7.86 0.840568 5.20374 0.81502 5.34308 5.79973 39.9103
198 7.9 0.841963 5.28565 0.815586 5.42334 5.76211 40.4773
199 7.94 0.835718 5.36778 0.807219 5.50358 5.72421 41.0463
200 7.98 0.831482 5.45031 0.806596 5.58457 5.69002 41.6177
14000 200
1 0.02 0 0 0 0 0 0
2 0.06 0 0 0 0 0 0
3 0.1 0 0 0 0 0 0
4 0.14 0 0 0 0 0 0
5 0.18 0 0 0 0 0 0
6 0.22 0 0 0 0 0 0
7 0.26 0 0 0 0 0 0
8 0.3 0 0 0 0 0 0
9 0.34 0 0 0 0 0 0
10 0.38 0 0 0 0 0 0
11 0.42 0 0 0 0 0 0
12 0.46 0 0 0 0 0 0
13 0.5 0 0 0 0 0 0
14 0.54 0 0 0 0 0 0
15 0.58 0 0 0 0 0 0
16 0.62 0 0 0 0 0 0
17 0.66 0 0 0 0 0 0
18 0.7 0 0 0 0 0 0
19 0.74 0 0 0 0 0 0
20 0.78 0 0 0 0 0 0
21 0.82 0 0 0 0 0 0
22 0.86 0 0 0 0 0 0
23 0.9 0 0 0 0 0 0
24 0.94 0 0 0 0 0 0
25 0.98 0 0 0 0 0 0
26 1.02 0 0 0 0 0 0
27 1.06 0 0 0 0 0 0
28 1.1 0 0 0 0 0 0
29 1.14 0 0 0 0 0 0
30 1.18 0 0 0 0 0 0
31 1.22 0 0 0 0 0 0
32 1.26 0 0 0 0 0 0
33 1.3 0 0 0 0 0 0
34 1.34 0 0 0 0 0 0
35 1.38 0 0 0 0 0 0
36 1.42 0 0 0 0 0 0
37 1.46 0 0 0 0 0 0
38 1.5 0 0 0 0 0 0
39 1.54 0 0 0 0 0 0
40 1.58 0 0 0 0 0 0
41 1.62 0 0 0 0 0 0
42 1.66 0 0 0 0 0.562484 0.00244452
43 1.7 0 0 0 0 11.2204 0.0535864
44 1.74 0 0 0 0 56.5359 0.323545
45 1.78 0 0 0 0 121.925 0.932808
46 1.82 0 0 0 0 137.362 1.6504
47 1.86 0 0 0 0 101.972 2.20679
48 1.9 0 0 0 0 60.8899 2.55346
49 1.94 0 0 0 0 31.1312 2.73824
50 1.98 0 0 0 0 15.362 2.83323
51 2.02 0 0 0 0 7.66721 2.88257
52 2.06 0 0 0 0 4.08034 2.90987
53 2.1 0 0 0 0 2.12727 2.92467
54 2.14 0 0 0.000786811 5.68182e-06 1.36274 2.93451
55 2.18 0 0 0.00303216 2.84091e-05 0.789655 2.94043
56 2.22 0 0 0.0192497 0.00017803 0.60829 2.94516
57 2.26 0 0 0.0554865 0.000625 0.471154 2.94895
58 2.3 0 0 0.174115 0.00207765 0.420232 2.95246
59 2.34 0.000221838 1.89394e-06 0.389725 0.00544318 0.376188 2.95571
60 2.38 0.00171534 1.70455e-05 0.775527 0.0123712 0.338458 2.95873
61 2.42 0.00788215 8.90152e-05 1.28632 0.0242519 0.390048 2.96234
62 2.46 0.042557 0.00049053 1.76971 0.041142 0.374056 2.96591
63 2.5 0.110204 0.00156439 2.20734 0.0628996 0.50255 2.97086
64 2.54 0.279055 0.00437121 2.49928 0.0883295 0.569002 2.97665
65 2.58 0.549878 0.0100777 2.69228 0.116593 0.818043 2.98524
66 2.62 0.953332 0.0202803 2.6394 0.145167 0.903241 2.99501
67 2.66 1.39565 0.0356761 2.49292 0.172985 1.0348 3.00656
68 2.7 1.85187 0.0567235 2.27478 0.199138 1.22536 3.02065
69 2.74 2.249 0.0830473 2.04569 0.22336 1.24963 3.03545
70 2.78 2.53858 0.113634 1.79567 0.245246 1.03181 3.04802
71 2.82 2.65894 0.1466 1.59633 0.265267 0.959157 3.06005
72 2.86 2.61164 0.179905 1.41032 0.28346 0.942491 3.07221
73 2.9 2.49027 0.212557 1.22632 0.299725 0.843932 3.0834
74 2.94 2.2979 0.243523 1.09009 0.314585 0.875411 3.09534
75 2.98 2.06987 0.27218 0.937418 0.327714 0.916322 3.10817
76 3.02 1.86317 0.298672 0.862851 0.340125 0.910112 3.12126
77 3.06 1.60134 0.322049 0.792847 0.351833 1.01935 3.13631
78 3.1 1.41404 0.343235 0.744161 0.363112 1.0823 3.15272
79 3.14 1.24505 0.362373 0.696816 0.373947 1.11287 3.17002
80 3.18 1.10148 0.379739 0.657913 0.384439 1.22225 3.18951
81 3.22 0.971527 0.395443 0.598348 0.394223 1.3533 3.21164
82 3.26 0.881196 0.410044 0.603637 0.404341 1.46809 3.23625
83 3.3 0.803285 0.423682 0.583029 0.414354 1.70988 3.26562
84 3.34 0.743664 0.436616 0.556347 0.424142 1.75511 3.29649
85 3.38 0.703403 0.449144 0.560173 0.434235 2.17258 3.33564
86 3.42 0.667109 0.461309 0.558747 0.444542 2.50219 3.38179
87 3.46 0.647003 0.473384 0.551923 0.454962 2.72919 3.43332
88 3.5 0.628327 0.485384 0.565458 0.465886 3.28972 3.49688
89 3.54 0.617408 0.497447 0.578916 0.477328 3.4389 3.56484
90 3.58 0.612321 0.509682 0.606427 0.489585 3.84622 3.64259
91 3.62 0.647065 0.522902 0.613168 0.502258 4.20364 3.72946
92 3.66 0.655396 0.536589 0.632923 0.515629 4.3727 3.82184
93 3.7 0.686379 0.551239 0.657915 0.529833 4.58398 3.92081
94 3.74 0.699224 0.566487 0.695511 0.545176 4.73002 4.02515
95 3.78 0.750654 0.583208 0.694399 0.560824 5.08714 4.13979
96 3.82 0.781385 0.600985 0.731945 0.577669 5.23986 4.26037
97 3.86 0.823328 0.62011 0.743536 0.59514 5.29869 4.38488
98 3.9 0.849892 0.640263 0.77226 0.613665 5.28175 4.51158
99 3.94 0.901032 0.66207 0.794183 0.633108 4.93728 4.63245
100 3.98 0.945519 0.68542 0.815223 0.653473 4.9815 4.7569
101 4.02 0.971073 0.709886 0.838603 0.674847 4.69224 4.87649
102 4.06 0.998465 0.735545 0.869084 0.697439 4.74626 4.99987
103 4.1 1.01131 0.762049 0.862498 0.720305 4.44907 5.11782
104 4.14 1.02085 0.789328 0.880033 0.744093 4.3837 5.23631
105 4.18 1.02373 0.817214 0.897227 0.768816 4.36441 5.35658
106 4.22 1.00209 0.845036 0.903291 0.794186 4.28668 5.47697
107 4.26 0.973257 0.872572 0.932531 0.820875 4.61223 5.60897
108 4.3 0.962719 0.900324 0.974566 0.849294 4.94373 5.75314
109 4.34 0.916159 0.927227 0.979312 0.878384 5.10107 5.90466
110 4.38 0.903693 0.954256 1.03694 0.909758 5.37291 6.06722
111 4.42 0.891004 0.981394 1.04801 0.942047 5.65083 6.24133
112 4.46 0.866058 1.00825 1.0721 0.97568 5.85658 6.42506
113 4.5 0.865789 1.03559 1.10264 1.01089 6.1195 6.62049
114 4.54 0.867455 1.06346 1.13533 1.0478 6.50897 6.83207
115 4.58 0.868354 1.09186 1.12435 1.08499 6.6115 7.05079
116 4.62 0.871945 1.12087 1.11149 1.12241 6.8912 7.28276
117 4.66 0.890266 1.15101 1.10913 1.16039 6.79319 7.51541
118 4.7 0.890632 1.18169 1.09664 1.1986 7.13416 7.76394
119 4.74 0.896315 1.21308 1.068 1.23644 7.20295 8.01917
120 4.78 0.90908 1.24546 1.05209 1.27435 7.32578 8.28315
121 4.82 0.926572 1.27902 1.03042 1.31211 7.46104 8.55651
122 4.86 0.921211 1.31295 1.00498 1.34954 7.34566 8.83014
123 4.9 0.934969 1.34795 0.985739 1.38687 7.49881 9.11409
124 4.94 0.931836 1.3834 0.962117 1.4239 7.48403 9.40212
125 4.98 0.936328 1.4196 0.956304 1.4613 7.56579 9.69804
126 5.02 0.943157 1.45666 0.942423 1.49875 7.42949 9.99331
127 5.06 0.926597 1.49364 0.926031 1.53615 7.52202 10.297
128 5.1 0.939537 1.53174 0.908783 1.57342 7.35273 10.5986
129 5.14 0.916231 1.56948 0.917701 1.61166 7.29197 10.9025
130 5.18 0.900411 1.60715 0.892123 1.64941 6.98599 11.1981
131 5.22 0.898305 1.64531 0.873519 1.68695 6.93171 11.496
132 5.26 0.885401 1.6835 0.856512 1.72432 6.71686 11.7891
133 5.3 0.872949 1.72173 0.849446 1.76195 6.3494 12.0703
134 5.34 0.855022 1.75974 0.828559 1.79922 6.2167 12.3499
135 5.38 0.854191 1.79828 0.819723 1.83663 6.05908 12.6265
136 5.42 0.835713 1.83656 0.804402 1.8739 5.945 12.9019
137 5.46 0.825592 1.87493 0.784154 1.91077 5.60717 13.1656
138 5.5 0.811502 1.9132 0.775655 1.94777 5.44768 13.4254
139 5.54 0.792776 1.95113 0.754943 1.98431 5.47366 13.6904
140 5.58 0.7907 1.98952 0.744354 2.02087 5.26897 13.9491
141 5.62 0.781218 2.02798 0.730561 2.05726 5.30276 14.2133
142 5.66 0.778854 2.06688 0.723122 2.09379 5.20519 14.4762
143 5.7 0.759477 2.10535 0.704139 2.12987 5.09279 14.7372
144 5.74 0.756488 2.14421 0.693261 2.16589 5.08704 15.0015
145 5.78 0.752635 2.18341 0.693015 2.20241 5.05111 15.2676
146 5.82 0.748674 2.22295 0.692668 2.23941 5.02345 15.536
147 5.86 0.746091 2.26289 0.68807 2.27667 5.07445 15.8108
148 5.9 0.738771 2.30298 0.682599 2.31414 5.20802 16.0967
149 5.94 0.737116 2.34353 0.676192 2.35177 5.23586 16.3881
150 5.98 0.735375 2.38453 0.683397 2.39031 5.37587 16.6913
151 6.02 0.728515 2.42569 0.683062 2.42935 5.49434 17.0053
152 6.06 0.73385 2.46771 0.687648 2.46918 5.55702 17.3271
153 6.1 0.734605 2.51032 0.689309 2.50963 5.66192 17.6594
154 6.14 0.740657 2.55385 0.691471 2.55074 5.81077 18.0049
155 6.18 0.741413 2.598 0.704183 2.59316 5.9836 18.3653
156 6.22 0.727008 2.64185 0.706144 2.63624 6.15674 18.7409
157 6.26 0.735538 2.68679 0.716211 2.6805 6.12719 19.1196
158 6.3 0.733947 2.7322 0.731262 2.72628 6.3667 19.5181
159 6.34 0.727943 2.77782 0.748502 2.77373 6.42055 19.9251
160 6.38 0.744186 2.82505 0.757825 2.82237 6.59239 20.3483
161 6.42 0.736147 2.87235 0.756157 2.87152 6.52629 20.7725
162 6.46 0.743247 2.9207 0.769069 2.92214 6.83867 21.2226
163 6.5 0.742635 2.96962 0.786521 2.97455 6.6843 21.668
164 6.54 0.744004 3.01923 0.805964 3.02891 6.91702 22.1346
165 6.58 0.742084 3.06932 0.81586 3.08462 6.78986 22.5982
166 6.62 0.755098 3.12091 0.8211 3.14137 6.85368 23.0719
167 6.66 0.74592 3.1725 0.836662 3.1999 6.94588 23.5578
168 6.7 0.759851 3.22567 0.835422 3.25904 6.93995 24.0491
169 6.74 0.759067 3.27943 0.836193 3.31895 6.89825 24.5433
170 6.78 0.760103 3.33391 0.851801 3.3807 6.9515 25.0472
171 6.82 0.770328 3.38977 0.865694 3.4442 6.88161 25.552
172 6.86 0.780708 3.44705 0.866344 3.5085 6.87922 26.0626
173 6.9 0.777704 3.50477 0.871162 3.57391 6.90424 26.581
174 6.94 0.794542 3.56443 0.863119 3.63947 6.95271 27.1091
175 6.98 0.79743 3.625 0.868021 3.70617 6.79874 27.6315
176 7.02 0.808242 3.6871 0.873166 3.77403 6.81953 28.1615
177 7.06 0.812125 3.75021 0.871231 3.84251 6.80715 28.6966
178 7.1 0.826204 3.81514 0.8663 3.91138 6.76948 29.2348
179 7.14 0.818642 3.8802 0.872963 3.98157 6.77066 29.7791
180 7.18 0.826817 3.94666 0.864057 4.05182 6.76354 30.329
181 7.22 0.822155 4.01347 0.867369 4.12313 6.68681 30.8787
182 7.26 0.831357 4.08179 0.871031 4.19553 6.6934 31.4351
183 7.3 0.836425 4.15128 0.86753 4.26844 6.65432 31.9944
184 7.34 0.836644 4.22155 0.867259 4.34213 6.50251 32.5469
185 7.38 0.83385 4.29235 0.867563 4.41665 6.55053 33.1095
186 7.42 0.839286 4.36439 0.862376 4.49152 6.47858 33.672
187 7.46 0.832823 4.43665 0.854967 4.56656 6.4427 34.2375
188 7.5 0.835321 4.5099 0.856525 4.64255 6.35604 34.8014
189 7.54 0.833235 4.58376 0.847418 4.71852 6.34152 35.3699
190 7.58 0.834298 4.65849 0.846818 4.79526 6.26305 35.9374
191 7.62 0.840122 4.73454 0.840434 4.87222 6.19325 36.5046
192 7.66 0.837005 4.81111 0.837839 4.94975 6.14301 37.073
193 7.7 0.825911 4.88745 0.83572 5.02789 6.06348 37.64
194 7.74 0.837389 4.96566 0.828489 5.10617 5.94381 38.2015
195 7.78 0.84604 5.0455 0.822232 5.18466 5.90336 38.7651
196 7.82 0.840768 5.12565 0.820243 5.26376 5.81915 39.3263
197 7.86 0.828594 5.20546 0.8139 5.34306 5.85447 39.8967
198 7.9 0.833656 5.28657 0.818955 5.42367 5.85054 40.4725
199 7.94 0.839325 5.36907 0.809371 5.50414 5.7112 41.0404
200 7.98 0.832115 5.45168 0.807199 5.5852 5.73608 41.6164
15000 200
1 0.02 0 0 0 0 0 0
2 0.06 0 0 0 0 0 0
3 0.1 0 0 0 0 0 0
4 0.14 0 0 0 0 0 0
5 0.18 0 0 0 0 0 0
6 0.22 0 0 0 0 0 0
7 0.26 0 0 0 0 0 0
8 0.3 0 0 0 0 0 0
9 0.34 0 0 0 0 0 0
10 0.38 0 0 0 0 0 0
11 0.42 0 0 0 0 0 0
12 0.46 0 0 0 0 0 0
13 0.5 0 0 0 0 0 0
14 0.54 0 0 0 0 0 0
15 0.58 0 0 0 0 0 0
16 0.62 0 0 0 0 0 0
17 0.66 0 0 0 0 0 0
18 0.7 0 0 0 0 0 0
19 0.74 0 0 0 0 0 0
20 0.78 0 0 0 0 0 0
21 0.82 0 0 0 0 0 0
22 0.86 0 0 0 0 0 0
23 0.9 0 0 0 0 0 0
24 0.94 0 0 0 0 0 0
25 0.98 0 0 0 0 0 0
26 1.02 0 0 0 0 0 0
27 1.06 0 0 0 0 0 0
28 1.1 0 0 0 0 0 0
29 1.14 0 0 0 0 0 0
30 1.18 0 0 0 0 0 0
31 1.22 0 0 0 0 0 0
32 1.26 0 0 0 0 0 0
33 1.3 0 0 0 0 0 0
34 1.34 0 0 0 0 0 0
35 1.38 0 0 0 0 0 0
36 1.42 0 0 0 0 0 0
37 1.46 0 0 0 0 0 0
38 1.5 0 0 0 0 0 0
39 1.54 0 0 0 0 0 0
40 1.58 0 0 0 0 0 0
41 1.62 0 0 0 0 0.00777121 3.21647e-05
42 1.66 0 0 0 0 0.473503 0.0020907
43 1.7 0 0 0 0 10.173 0.0484722
44 1.74 0 0 0 0 57.2935 0.322129
45 1.78 0 0 0 0 122.488 0.934384
46 1.82 0 0 0 0 137.179 1.65124
47 1.86 0 0 0 0 102.796 2.21229
48 1.9 0 0 0 0 60.4871 2.55677
49 1.94 0 0 0 0 30.5857 2.73837
50 1.98 0 0 0 0 14.8634 2.8303
51 2.02 0 0 0 0 7.9746 2.88163
52 2.06 0 0 0 0 3.93485 2.90798
53 2.1 0 0 0 0 2.05273 2.92226
54 2.14 0 0 0.000524371 3.78788e-06 1.20651 2.93097
55 2.18 0 0 0.00277877 2.46212e-05 0.913801 2.93783
56 2.22 0 0 0.0168079 0.000155303 0.558489 2.94217
57 2.26 0 0 0.0604074 0.000642045 0.546894 2.94657
58 2.3 0 0 0.179737 0.00214205 0.458642 2.9504
59 2.34 0 0 0.394215 0.00554735 0.309053 2.95307
60 2.38 0.00150079 1.32576e-05 0.761937 0.0123561 0.305963 2.95581
61 2.42 0.00995464 0.000104167 1.25785 0.0239773 0.37599 2.95928
62 2.46 0.036323 0.00044697 1.76184 0.0407973 0.458215 2.96365
63 2.5 0.11484 0.00156629 2.21687 0.0626553 0.508897 2.96867
64 2.54 0.280099 0.00438447 2.53557 0.0884621 0.606775 2.97485
65 2.58 0.540591 0.00999621 2.66371 0.116434 0.771869 2.98295
66 2.62 0.945983 0.0201231 2.63127 0.144928 0.980157 2.99357
67 2.66 1.4397 0.0360095 2.50352 0.172873 1.12092 3.00608
68 2.7 1.85414 0.057089 2.30128 0.199339 1.26697 3.02065
69 2.74 2.23133 0.083214 2.03518 0.223443 1.27369 3.03573
70 2.78 2.51754 0.113557 1.81252 0.245542 1.09484 3.04908
71 2.82 2.66134 0.146562 1.57503 0.265301 0.987063 3.06147
72 2.86 2.59544 0.17967 1.39904 0.283354 0.892379 3.07298
73 2.9 2.50745 0.212557 1.22852 0.299653 0.83154 3.08401
74 2.94 2.3114 0.243714 1.08045 0.314386 0.839756 3.09546
75 2.98 2.0847 0.272585 0.957827 0.327805 0.872454 3.10769
76 3.02 1.82665 0.298566 0.872987 0.340366 0.954537 3.12142
77 3.06 1.61189 0.322104 0.796463 0.352131 1.01907 3.13647
78 3.1 1.40603 0.343176 0.743184 0.363398 1.07567 3.15278
79 3.14 1.2517 0.362422 0.686626 0.374078 1.15804 3.17079
80 3.18 1.10355 0.379826 0.652605 0.384489 1.25609 3.19083
81 3.22 0.971354 0.395532 0.609512 0.394458 1.30375 3.21216
82 3.26 0.87739 0.410074 0.585276 0.404271 1.48874 3.23712
83 3.3 0.8035 0.42372 0.574699 0.414144 1.63633 3.26523
84 3.34 0.747356 0.436722 0.582215 0.42439 1.86059 3.29797
85 3.38 0.682143 0.448875 0.557165 0.434432 1.95777 3.33326
86 3.42 0.672925 0.46115 0.55047 0.444589 2.35678 3.37674
87 3.46 0.643968 0.473172 0.562385 0.45521 2.71131 3.42795
88 3.5 0.610495 0.484835 0.563426 0.466098 3.20729 3.48993
89 3.54 0.6338 0.497222 0.589085 0.477744 3.60382 3.56118
90 3.58 0.627861 0.509771 0.588454 0.489642 3.8387 3.63879
91 3.62 0.6402 0.522854 0.612991 0.502314 4.10906 3.72374
92 3.66 0.657739 0.536595 0.629599 0.515619 4.36524 3.81599
93 3.7 0.678193 0.551074 0.648242 0.529619 4.77628 3.91914
94 3.74 0.712734 0.566621 0.678311 0.544587 4.95013 4.02837
95 3.78 0.741245 0.583138 0.690413 0.56015 5.09709 4.14326
96 3.82 0.78107 0.600913 0.726713 0.576879 5.33323 4.26603
97 3.86 0.81558 0.619864 0.750323 0.594515 5.37242 4.39231
98 3.9 0.861132 0.64029 0.788136 0.613426 5.10733 4.51486
99 3.94 0.905776 0.662218 0.790463 0.632784 4.92924 4.63557
100 3.98 0.927918 0.68514 0.823922 0.653373 4.8448 4.75664
101 4.02 0.991751 0.710134 0.843632 0.674881 4.78291 4.87858
102 4.06 0.990577 0.735598 0.856441 0.697152 4.35401 4.9918
103 4.1 1.01766 0.762277 0.862882 0.720034 4.55689 5.11264
104 4.14 1.02374 0.78964 0.885587 0.743979 4.34554 5.23014
105 4.18 1.01091 0.817186 0.888233 0.768462 4.42727 5.35217
106 4.22 1.00043 0.84497 0.903694 0.79385 4.31286 5.47334
107 4.26 0.981397 0.872744 0.936555 0.820663 4.67039 5.60704
108 4.3 0.957964 0.900367 0.966742 0.848862 4.86952 5.74908
109 4.34 0.92137 0.927432 0.992472 0.878352 5.06919 5.89971
110 4.38 0.893729 0.95417 1.01961 0.90921 5.42237 6.06381
111 4.42 0.88005 0.980983 1.05569 0.941746 5.64819 6.23789
112 4.46 0.875142 1.00813 1.08053 0.975653 6.01983 6.42679
113 4.5 0.864871 1.03544 1.10214 1.01086 6.14185 6.623
114 4.54 0.868672 1.06337 1.11408 1.04709 6.35458 6.82962
115 4.58 0.864741 1.09165 1.12235 1.08423 6.6271 7.04892
116 4.62 0.862913 1.12038 1.1359 1.12248 6.81177 7.27829
117 4.66 0.877752 1.1501 1.11953 1.16083 6.97045 7.51708
118 4.7 0.894926 1.18093 1.0967 1.19905 7.08678 7.76404
119 4.74 0.898643 1.21242 1.06212 1.23669 7.11739 8.01631
120 4.78 0.911623 1.2449 1.04579 1.27439 7.2272 8.27681
121 4.82 0.922955 1.27834 1.02571 1.31198 7.34733 8.54609
122 4.86 0.922015 1.3123 1.00996 1.34961 7.30285 8.81821
123 4.9 0.941876 1.34757 0.991397 1.38716 7.55268 9.10428
124 4.94 0.942209 1.38343 0.955482 1.42395 7.58708 9.39637
125 4.98 0.931642 1.41946 0.952489 1.46121 7.48537 9.68922
126 5.02 0.944174 1.45657 0.934466 1.49836 7.48067 9.98662
127 5.06 0.92594 1.49354 0.932268 1.53602 7.47837 10.2887
128 5.1 0.936219 1.53151 0.922594 1.57387 7.34584 10.5901
129 5.14 0.915225 1.56922 0.907428 1.61169 7.36855 10.8972
130 5.18 0.901324 1.60694 0.890335 1.64938 7.13969 11.1994
131 5.22 0.895809 1.645 0.881015 1.68725 6.93788 11.4977
132 5.26 0.87319 1.68268 0.851702 1.72443 6.61465 11.7864
133 5.3 0.870221 1.7208 0.843853 1.76182 6.41794 12.0708
134 5.34 0.856894 1.75891 0.83353 1.79932 6.14911 12.3474
135 5.38 0.853852 1.79745 0.821843 1.83684 5.95236 12.6192
136 5.42 0.838772 1.83588 0.803506 1.87408 5.7961 12.8878
137 5.46 0.821844 1.87408 0.791049 1.91128 5.61777 13.152
138 5.5 0.816922 1.91262 0.772166 1.94813 5.48649 13.4138
139 5.54 0.801049 1.95096 0.758986 1.98488 5.32119 13.6714
140 5.58 0.797014 1.98966 0.74197 2.02132 5.39905 13.9366
141 5.62 0.785713 2.02836 0.730115 2.0577 5.31664 14.2015
142 5.66 0.767896 2.06673 0.717847 2.09398 5.12722 14.4607
143 5.7 0.765532 2.10552 0.703632 2.13005 5.10759 14.7225
144 5.74 0.75313 2.14421 0.695608 2.1662 5.1561 14.9904
145 5.78 0.748378 2.1832 0.687631 2.20244 5.17896 15.2634
146 5.82 0.743681 2.22249 0.693168 2.23948 5.00986 15.5311
147 5.86 0.742225 2.26223 0.674159 2.276 5.18459 15.812
148 5.9 0.742665 2.30255 0.687155 2.31374 5.09695 16.0919
149 5.94 0.736998 2.3431 0.675586 2.35134 5.22158 16.3825
150 5.98 0.737432 2.38423 0.686653 2.39008 5.35322 16.6845
151 6.02 0.739158 2.426 0.689252 2.42948 5.53546 17.001
152 6.06 0.734688 2.46808 0.678679 2.4688 5.5681 17.3235
153 6.1 0.734875 2.51072 0.685005 2.50901 5.58191 17.6512
154 6.14 0.731548 2.55373 0.703783 2.55087 5.78418 17.9952
155 6.18 0.732796 2.59738 0.697372 2.59288 6.00954 18.3573
156 6.22 0.737844 2.6419 0.716051 2.63659 6.09905 18.7295
157 6.26 0.731849 2.68662 0.72044 2.68113 6.1738 19.1112
158 6.3 0.739719 2.73241 0.732103 2.72696 6.27338 19.504
159 6.34 0.742109 2.77893 0.732184 2.77339 6.46381 19.9139
160 6.38 0.731518 2.82536 0.753553 2.82178 6.5914 20.3371
161 6.42 0.73923 2.87288 0.768603 2.87176 6.74697 20.7758
162 6.46 0.738366 2.92093 0.769099 2.92239 6.66173 21.2144
163 6.5 0.738306 2.96958 0.784414 2.97467 6.72862 21.6628
164 6.54 0.741796 3.01905 0.788599 3.02788 6.82294 22.1232
165 6.58 0.748847 3.06962 0.805437 3.08289 6.87352 22.5927
166 6.62 0.748748 3.12079 0.825594 3.13997 6.87629 23.0681
167 6.66 0.747065 3.17247 0.836576 3.19851 6.9562 23.5548
168 6.7 0.74986 3.22496 0.835818 3.2577 6.9479 24.0469
169 6.74 0.759487 3.27877 0.843714 3.31816 6.91055 24.5421
170 6.78 0.763704 3.33351 0.857738 3.38036 6.77425 25.0334
171 6.82 0.771694 3.38949 0.859211 3.44341 6.96109 25.5441
172 6.86 0.776425 3.44647 0.864175 3.50756 6.93908 26.0593
173 6.9 0.786504 3.50487 0.866362 3.57263 6.88455 26.5764
174 6.94 0.789164 3.56414 0.869791 3.63872 6.85836 27.0975
175 6.98 0.801258 3.62502 0.871827 3.70573 6.86997 27.6255
176 7.02 0.811522 3.68739 0.868181 3.77322 6.82452 28.156
177 7.06 0.814731 3.75072 0.873327 3.84189 6.80226 28.6909
178 7.1 0.819621 3.81515 0.86909 3.91101 6.76951 29.2292
179 7.14 0.823996 3.88066 0.868942 3.98089 6.79464 29.7757
180 7.18 0.828081 3.94723 0.869275 4.05159 6.62703 30.3146
181 7.22 0.827177 4.01448 0.872244 4.12331 6.60971 30.8582
182 7.26 0.823573 4.08217 0.878377 4.19635 6.67055 31.4128
183 7.3 0.834373 4.15151 0.864766 4.26905 6.66651 31.9733
184 7.34 0.837184 4.22185 0.868756 4.34289 6.59176 32.5335
185 7.38 0.833261 4.29263 0.854937 4.41634 6.59392 33.1001
186 7.42 0.835973 4.3644 0.854772 4.49058 6.47373 33.6623
187 7.46 0.841303 4.43742 0.859978 4.56608 6.42943 34.2268
188 7.5 0.836433 4.51079 0.859514 4.64235 6.31173 34.7869
189 7.54 0.83305 4.58465 0.855404 4.71907 6.29874 35.3518
190 7.58 0.829969 4.65902 0.841782 4.79537 6.14442 35.9087
191 7.62 0.832779 4.73443 0.843407 4.87263 6.22893 36.4793
192 7.66 0.835325 4.81086 0.839737 4.95036 6.12864 37.0466
193 7.7 0.830315 4.88763 0.834985 5.02845 6.0775 37.615
194 7.74 0.833595 4.96551 0.828159 5.10672 5.96651 38.1789
195 7.78 0.834795 5.04431 0.824625 5.18546 5.9626 38.7482
196 7.82 0.837555 5.12419 0.819626 5.26453 5.92677 39.32
197 7.86 0.836094 5.20474 0.815755 5.34404 5.82334 39.8876
198 7.9 0.832764 5.28579 0.821329 5.4249 5.78216 40.4568
199 7.94 0.82767 5.36716 0.808885 5.50535 5.77322 41.031
200 7.98 0.836786 5.45027 0.807508 5.58647 5.63544 41.5971
16000 200
1 0.02 0 0 0 0 0 0
2 0.06 0 0 0 0 0 0
3 0.1 0 0 0 0 0 0
4 0.14 0 0 0 0 0 0
5 0.18 0 0 0 0 0 0
6 0.22 0 0 0 0 0 0
7 0.26 0 0 0 0 0 0
8 0.3 0 0 0 0 0 0
9 0.34 0 0 0 0 0 0
10 0.38 0 0 0 0 0 0
11 0.42 0 0 0 0 0 0
12 0.46 0 0 0 0 0 0
13 0.5 0 0 0 0 0 0
14 0.54 0 0 0 0 0 0
15 0.58 0 0 0 0 0 0
16 0.62 0 0 0 0 0 0
17 0.66 0 0 0 0 0 0
18 0.7 0 0 0 0 0 0
19 0.74 0 0 0 0 0 0
20 0.78 0 0 0 0 0 0
21 0.82 0 0 0 0 0 0
22 0.86 0 0 0 0 0 0
23 0.9 0 0 0 0 0 0
24 0.94 0 0 0 0 0 0
25 0.98 0 0 0 0 0 0
26 1.02 0 0 0 0 0 0
27 1.06 0 0 0 0 0 0
28 1.1 0 0 0 0 0 0
29 1.14 0 0 0 0 0 0
30 1.18 0 0 0 0 0 0
31 1.22 0 0 0 0 0 0
32 1.26 0 0 0 0 0 0
33 1.3 0 0 0 0 0 0
34 1.34 0 0 0 0 0 0
35 1.38 0 0 0 0 0 0
36 1.42 0 0 0 0 0 0
37 1.46 0 0 0 0 0 0
38 1.5 0 0 0 0 0 0
39 1.54 0 0 0 0 0 0
40 1.58 0 0 0 0 0 0
41 1.62 0 0 0 0 0.00776904 3.21647e-05
42 1.66 0 0 0 0 0.51779 0.00228369
43 1.7 0 0 0 0 10.7419 0.0512705
44 1.74 0 0 0 0 56.5059 0.321229
45 1.78 0 0 0 0 120.548 0.923931
46 1.82 0 0 0 0 139.824 1.65478
47 1.86 0 0 0 0 103.266 2.21853
48 1.9 0 0 0 0 59.5074 2.55751
49 1.94 0 0 0 0 31.3206 2.74352
50 1.98 0 0 0 0 14.6779 2.83432
51 2.02 0 0 0 0 7.26346 2.88109
52 2.06 0 0 0 0 4.03486 2.90811
53 2.1 0 0 0 0 2.14929 2.92306
54 2.14 0 0 0.000524181 3.78788e-06 1.30855 2.93252
55 2.18 0 0 0.00252534 2.27273e-05 0.814937 2.93863
56 2.22 0 0 0.018752 0.000168561 0.541795 2.94284
57 2.26 0 0 0.0629806 0.000676136 0.494854 2.94683
58 2.3 0 0 0.174255 0.00213068 0.369939 2.94992
59 2.34 0.000221878 1.89394e-06 0.395649 0.00554924 0.379719 2.9532
60 2.38 0.00214359 2.08333e-05 0.754766 0.0122955 0.33465 2.95619
61 2.42 0.0130617 0.000140152 1.24874 0.0238352 0.375902 2.95967
62 2.46 0.0327023 0.000448864 1.77552 0.0407898 0.451345 2.96398
63 2.5 0.119862 0.00161742 2.24629 0.0629432 0.466381 2.96858
64 2.54 0.277019 0.0044053 2.50354 0.0884299 0.72354 2.97594
65 2.58 0.542656 0.0100398 2.66398 0.116411 0.774747 2.98408
66 2.62 0.956543 0.0202822 2.65005 0.145116 0.959137 2.99447
67 2.66 1.40246 0.0357614 2.50394 0.173072 1.07745 3.0065
68 2.7 1.87204 0.0570492 2.31275 0.199676 1.27786 3.0212
69 2.74 2.25621 0.0834716 2.02414 0.223655 1.20548 3.03548
70 2.78 2.52574 0.11392 1.81041 0.245733 1.09457 3.04883
71 2.82 2.63079 0.146555 1.59639 0.265765 1.0074 3.06147
72 2.86 2.61487 0.179919 1.38227 0.283606 0.966925 3.07395
73 2.9 2.50093 0.212727 1.23365 0.299977 0.773201 3.08421
74 2.94 2.33235 0.244174 1.06936 0.314563 0.827736 3.0955
75 2.98 2.0719 0.272875 0.953275 0.32792 0.915869 3.10833
76 3.02 1.82675 0.298864 0.856858 0.340252 0.967757 3.12226
77 3.06 1.61747 0.322489 0.791536 0.351947 0.98832 3.13686
78 3.1 1.4014 0.343496 0.742393 0.363205 0.979956 3.15172
79 3.14 1.23687 0.362519 0.685613 0.373871 1.21562 3.17063
80 3.18 1.10209 0.379903 0.642359 0.384121 1.20942 3.18993
81 3.22 0.97932 0.395742 0.630322 0.394434 1.2838 3.21094
82 3.26 0.868497 0.41014 0.600155 0.404498 1.37143 3.23393
83 3.3 0.791157 0.42358 0.586688 0.41458 1.69213 3.26301
84 3.34 0.726065 0.436214 0.553349 0.42432 1.82539 3.29514
85 3.38 0.707918 0.44883 0.558611 0.43439 2.15538 3.334
86 3.42 0.662183 0.460911 0.552087 0.44458 2.37889 3.3779
87 3.46 0.645134 0.472958 0.556738 0.455097 2.79243 3.43065
88 3.5 0.628591 0.48497 0.583965 0.466384 3.21318 3.49276
89 3.54 0.635877 0.4974 0.584345 0.477939 3.40285 3.56005
90 3.58 0.624208 0.509879 0.595056 0.489973 3.87755 3.63847
91 3.62 0.632636 0.522811 0.618889 0.502771 4.13608 3.72399
92 3.66 0.656412 0.536527 0.621296 0.515903 4.41446 3.8173
93 3.7 0.67014 0.550837 0.657476 0.530106 4.65304 3.91782
94 3.74 0.709872 0.566326 0.678495 0.545081 4.88489 4.02564
95 3.78 0.747363 0.582983 0.696969 0.560795 5.18289 4.14249
96 3.82 0.774065 0.600602 0.728269 0.577564 5.19223 4.26205
97 3.86 0.815304 0.619551 0.754417 0.595301 5.27128 4.38598
98 3.9 0.872589 0.640254 0.771691 0.613822 5.28433 4.5128
99 3.94 0.909397 0.662275 0.781462 0.632964 5.14344 4.63879
100 3.98 0.945709 0.685642 0.820316 0.653468 4.92992 4.76201
101 4.02 0.987614 0.710538 0.845439 0.675027 4.73137 4.88266
102 4.06 0.983418 0.735824 0.851074 0.697163 4.44814 4.99836
103 4.1 1.01387 0.762409 0.860609 0.719991 4.42119 5.11563
104 4.14 1.01832 0.789634 0.88019 0.743795 4.3314 5.23278
105 4.18 1.01366 0.817261 0.885479 0.768208 4.32358 5.35198
106 4.22 1.00333 0.845133 0.904968 0.793638 4.5774 5.4806
107 4.26 0.971057 0.872621 0.941755 0.820606 4.57722 5.61168
108 4.3 0.955707 0.900186 0.968851 0.848873 4.86948 5.75375
109 4.34 0.920701 0.927237 1.0025 0.878669 4.97059 5.90148
110 4.38 0.904027 0.95429 1.01605 0.909426 5.32757 6.06275
111 4.42 0.883324 0.981208 1.05009 0.941797 5.58111 6.2348
112 4.46 0.864312 1.00803 1.07883 0.975659 5.91392 6.42042
113 4.5 0.870489 1.03552 1.10958 1.01111 6.29642 6.62161
114 4.54 0.866584 1.06338 1.12424 1.04768 6.32937 6.82747
115 4.58 0.85829 1.09147 1.11791 1.08468 6.6751 7.04841
116 4.62 0.874943 1.1206 1.13243 1.12282 6.92664 7.2817
117 4.66 0.893031 1.15085 1.11341 1.16097 7.15368 7.52683
118 4.7 0.899386 1.18184 1.09627 1.19918 7.05463 7.77272
119 4.74 0.908698 1.21369 1.0905 1.23784 7.06034 8.02303
120 4.78 0.895785 1.24561 1.03872 1.27529 7.21482 8.28315
121 4.82 0.920439 1.27897 1.02749 1.31296 7.28764 8.55031
122 4.86 0.921847 1.31293 1.00119 1.35027 7.44011 8.8276
123 4.9 0.936539 1.34801 0.977363 1.3873 7.53307 9.11299
124 4.94 0.955268 1.38437 0.969076 1.42462 7.5494 9.4037
125 4.98 0.935287 1.42055 0.956088 1.46203 7.48285 9.69653
126 5.02 0.935762 1.45734 0.930575 1.49904 7.41336 9.99132
127 5.06 0.9252 1.49429 0.922202 1.5363 7.41925 10.2911
128 5.1 0.935858 1.53226 0.917165 1.57394 7.388 10.5943
129 5.14 0.918684 1.57012 0.911665 1.61194 7.22791 10.8956
130 5.18 0.91862 1.60857 0.888829 1.64958 7.0529 11.1942
131 5.22 0.88575 1.64621 0.88645 1.68769 6.86446 11.4894
132 5.26 0.886681 1.68448 0.870588 1.7257 6.61015 11.7779
133 5.3 0.877066 1.72291 0.851128 1.76342 6.51657 12.0668
134 5.34 0.855331 1.76096 0.833881 1.80094 6.20696 12.3461
135 5.38 0.858979 1.79974 0.811865 1.83802 5.84671 12.6131
136 5.42 0.8239 1.83749 0.792366 1.87475 5.76004 12.8801
137 5.46 0.820871 1.87566 0.781726 1.91152 5.70807 13.1486
138 5.5 0.807378 1.91376 0.773848 1.94846 5.43467 13.408
139 5.54 0.793108 1.95173 0.750983 1.98483 5.37834 13.6685
140 5.58 0.793595 1.99027 0.739408 2.02116 5.3323 13.9305
141 5.62 0.776802 2.02855 0.733818 2.05773 5.33223 14.1962
142 5.66 0.768287 2.06694 0.713519 2.0938 5.17884 14.458
143 5.7 0.75952 2.10543 0.709563 2.13018 5.11516 14.7202
144 5.74 0.759215 2.14445 0.706916 2.16693 5.17533 14.9893
145 5.78 0.743765 2.18321 0.688512 2.20322 5.19421 15.2631
146 5.82 0.74501 2.22257 0.688294 2.24001 5.0725 15.5342
147 5.86 0.741062 2.26227 0.685602 2.27716 5.22852 15.8175
148 5.9 0.730033 2.30191 0.678579 2.31443 5.23453 16.105
149 5.94 0.736758 2.34246 0.680357 2.35231 5.23129 16.3963
150 5.98 0.745846 2.38406 0.681155 2.39075 5.21625 16.6906
151 6.02 0.730271 2.42534 0.676041 2.42941 5.35979 16.9971
152 6.06 0.74893 2.46824 0.691299 2.46947 5.50184 17.316
153 6.1 0.728339 2.51052 0.688808 2.50991 5.68799 17.6499
154 6.14 0.740042 2.55404 0.693814 2.55118 5.92283 18.0023
155 6.18 0.737197 2.59796 0.705411 2.59369 5.91633 18.3588
156 6.22 0.740707 2.64266 0.706388 2.63682 6.11763 18.7323
157 6.26 0.736727 2.68769 0.716347 2.68111 6.25818 19.1192
158 6.3 0.740862 2.73356 0.72969 2.72681 6.31604 19.5148
159 6.34 0.742662 2.78012 0.74718 2.7742 6.43136 19.9227
160 6.38 0.738984 2.82704 0.755442 2.82272 6.46762 20.3381
161 6.42 0.738789 2.87454 0.761259 2.87223 6.63259 20.7695
162 6.46 0.738804 2.92263 0.77642 2.92336 6.80035 21.2173
163 6.5 0.741436 2.9715 0.784963 2.97569 6.76563 21.6683
164 6.54 0.73986 3.02086 0.80152 3.02978 6.80126 22.1273
165 6.58 0.749345 3.07147 0.80694 3.08491 6.7457 22.5882
166 6.62 0.744942 3.12239 0.824142 3.1419 6.8063 23.0589
167 6.66 0.751049 3.17436 0.833589 3.20025 6.93849 23.5445
168 6.7 0.756281 3.22731 0.838105 3.25961 6.95081 24.0368
169 6.74 0.755642 3.28086 0.845891 3.32025 6.89588 24.5311
170 6.78 0.756316 3.33509 0.852466 3.38208 6.90703 25.0321
171 6.82 0.766164 3.39068 0.857491 3.44501 6.97612 25.5441
172 6.86 0.77619 3.44765 0.862618 3.50907 6.84692 26.0526
173 6.9 0.784968 3.50595 0.873396 3.57468 6.89407 26.5705
174 6.94 0.794648 3.56565 0.873252 3.64105 6.94351 27.0982
175 6.98 0.799396 3.6264 0.870217 3.70795 6.89094 27.6279
176 7.02 0.809016 3.68859 0.862399 3.77501 6.78902 28.1558
177 7.06 0.811469 3.75168 0.86968 3.84341 6.76301 28.6877
178 7.1 0.812179 3.81555 0.871619 3.91274 6.74161 29.224
179 7.14 0.831517 3.88167 0.863482 3.9822 6.73826 29.766
180 7.18 0.823716 3.94791 0.876077 4.05346 6.67687 30.3092
181 7.22 0.839792 4.01619 0.865799 4.12468 6.65507 30.8566
182 7.26 0.836207 4.08494 0.872227 4.19722 6.70494 31.4142
183 7.3 0.830098 4.15395 0.868255 4.27023 6.68176 31.9761
184 7.34 0.832569 4.22391 0.864903 4.34376 6.51343 32.5298
185 7.38 0.834003 4.29477 0.864015 4.41801 6.60136 33.0971
186 7.42 0.830282 4.36607 0.85795 4.49255 6.48999 33.6609
187 7.46 0.825612 4.43774 0.857077 4.56781 6.4081 34.2236
188 7.5 0.835115 4.51102 0.856347 4.64382 6.3479 34.7871
189 7.54 0.841504 4.58564 0.85609 4.72061 6.27248 35.3498
190 7.58 0.825166 4.6596 0.844278 4.79716 6.2739 35.9186
191 7.62 0.840133 4.73569 0.848066 4.87486 6.1864 36.4854
192 7.66 0.829769 4.81163 0.836862 4.95234 6.07857 37.0482
193 7.7 0.836816 4.88903 0.833792 5.03034 6.04233 37.6134
194 7.74 0.83966 4.96749 0.824417 5.10828 5.95968 38.1768
195 7.78 0.839912 5.04679 0.825243 5.18709 5.9484 38.7449
196 7.82 0.826598 5.12564 0.821004 5.26632 5.81468 39.306
197 7.86 0.835463 5.20615 0.823298 5.34657 5.83585 39.8749
198 7.9 0.831887 5.28714 0.805344 5.42588 5.76319 40.4425
199 7.94 0.837084 5.36945 0.807797 5.50624 5.81453 41.0209
200 7.98 0.831649 5.45206 0.807105 5.58734 5.8342 41.6071
17000 200
1 0.02 0 0 0 0 0 0
2 0.06 0 0 0 0 0 0
3 0.1 0 0 0 0 0 0
4 0.14 0 0 0 0 0 0
5 0.18 0 0 0 0 0 0
6 0.22 0 0 0 0 0 0
7 0.26 0 0 0 0 0 0
8 0.3 0 0 0 0 0 0
9 0.34 0 0 0 0 0 0
10 0.38 0 0 0 0 0 0
11 0.42 0 0 0 0 0 0
12 0.46 0 0 0 0 0 0
13 0.5 0 0 0 0 0 0
14 0.54 0 0 0 0 0 0
15 0.58 0 0 0 0 0 0
16 0.62 0 0 0 0 0 0
17 0.66 0 0 0 0 0 0
18 0.7 0 0 0 0 0 0
19 0.74 0 0 0 0 0 0
20 0.78 0 0 0 0 0 0
21 0.82 0 0 0 0 0 0
22 0.86 0 0 0 0 0 0
23 0.9 0 0 0 0 0 0
24 0.94 0 0 0 0 0 0
25 0.98 0 0 0 0 0 0
26 1.02 0 0 0 0 0 0
27 1.06 0 0 0 0 0 0
28 1.1 0 0 0 0 0 0
29 1.14 0 0 0 0 0 0
30 1.18 0 0 0 0 0 0
31 1.22 0 0 0 0 0 0
32 1.26 0 0 0 0 0 0
33 1.3 0 0 0 0 0 0
34 1.34 0 0 0 0 0 0
35 1.38 0 0 0 0 0 0
36 1.42 0 0 0 0 0 0
37 1.46 0 0 0 0 0 0
38 1.5 0 0 0 0 0 0
39 1.54 0 0 0 0 0 0
40 1.58 0 0 0 0 0 0
41 1.62 0 0 0 0 0.00776488 3.21647e-05
42 1.66 0 0 0 0 0.525097 0.00231586
43 1.7 0 0 0 0 10.5557 0.0504664
44 1.74 0 0 0 0 56.5919 0.320907
45 1.78 0 0 0 0 120.06 0.921325
46 1.82 0 0 0 0 138.556 1.64574
47 1.86 0 0 0 0 104.582 2.21682
48 1.9 0 0 0 0 60.1915 2.55979
49 1.94 0 0 0 0 30.6517 2.74188
50 1.98 0 0 0 0 15.1935 2.8359
51 2.02 0 0 0 0 7.47135 2.88401
52 2.06 0 0 0 0 3.73613 2.90904
53 2.1 0 0 0 0 2.18106 2.92422
54 2.14 0 0 0.00131003 9.4697e-06 1.01899 2.93159
55 2.18 0 0 0.00277698 3.0303e-05 0.85333 2.93799
56 2.22 0 0 0.0187468 0.000176136 0.545783 2.94223
57 2.26 0 0 0.0613164 0.000670455 0.518694 2.94641
58 2.3 0 0 0.174207 0.002125 0.469984 2.95034
59 2.34 0 0 0.387877 0.00547727 0.334943 2.95323
60 2.38 0.00150021 1.32576e-05 0.77766 0.0124299 0.370543 2.95655
61 2.42 0.00953484 0.000100379 1.24985 0.023983 0.3271 2.95957
62 2.46 0.0332955 0.000414773 1.778 0.0409659 0.370446 2.96311
63 2.5 0.114391 0.0015303 2.21344 0.0628011 0.577123 2.9688
64 2.54 0.273558 0.00428409 2.52053 0.0884678 0.641205 2.97533
65 2.58 0.5425 0.00991856 2.63949 0.116199 0.835782 2.98411
66 2.62 0.934193 0.0199242 2.65389 0.144953 0.935155 2.99424
67 2.66 1.42646 0.0356723 2.4809 0.172659 1.13189 3.00688
68 2.7 1.87885 0.0570436 2.29535 0.19907 1.22158 3.02094
69 2.74 2.25205 0.0834242 2.06804 0.223576 1.20517 3.03522
70 2.78 2.50356 0.113614 1.78383 0.245335 1.04947 3.04802
71 2.82 2.64903 0.146483 1.58028 0.26517 1.12496 3.06214
72 2.86 2.64683 0.180263 1.38675 0.283074 0.936742 3.07424
73 2.9 2.51124 0.213216 1.24103 0.299547 0.940157 3.08672
74 2.94 2.29211 0.244129 1.08311 0.314324 0.867608 3.09855
75 2.98 2.04948 0.272527 0.984099 0.328117 0.881167 3.1109
76 3.02 1.85648 0.298945 0.869661 0.340636 0.909396 3.12399
77 3.06 1.62599 0.322701 0.779533 0.352157 0.935845 3.13783
78 3.1 1.39901 0.343678 0.752558 0.363572 1.02002 3.1533
79 3.14 1.24023 0.362758 0.697604 0.374428 1.02515 3.16925
80 3.18 1.09928 0.380102 0.637208 0.384598 1.34213 3.19067
81 3.22 0.986326 0.396059 0.607244 0.394536 1.3719 3.21312
82 3.26 0.873299 0.41054 0.588027 0.4044 1.47651 3.23789
83 3.3 0.797076 0.424083 0.585647 0.414466 1.60369 3.26546
84 3.34 0.720102 0.436617 0.55503 0.424239 1.87061 3.29839
85 3.38 0.69583 0.449021 0.552578 0.434203 2.02283 3.33487
86 3.42 0.670101 0.46125 0.564659 0.444627 2.37125 3.37864
87 3.46 0.642125 0.473244 0.557292 0.455157 2.72869 3.4302
88 3.5 0.626142 0.485212 0.560399 0.465992 3.23067 3.49267
89 3.54 0.623211 0.497398 0.579789 0.47746 3.43122 3.56053
90 3.58 0.61713 0.509739 0.593773 0.489472 3.70638 3.63551
91 3.62 0.637839 0.52278 0.605359 0.501992 4.1008 3.72033
92 3.66 0.653968 0.536449 0.635196 0.515422 4.30678 3.81139
93 3.7 0.674488 0.550856 0.656948 0.529617 4.68161 3.91254
94 3.74 0.707776 0.566303 0.689298 0.544835 4.78741 4.01824
95 3.78 0.728473 0.582544 0.688724 0.560367 5.21576 4.13586
96 3.82 0.779428 0.60029 0.745507 0.577538 5.2356 4.25645
97 3.86 0.833175 0.619659 0.74793 0.595127 5.26851 4.38035
98 3.9 0.872993 0.640377 0.791053 0.614117 5.31372 4.50791
99 3.94 0.902666 0.662241 0.793703 0.633564 5.09088 4.63265
100 3.98 0.930436 0.685237 0.819109 0.654044 4.88099 4.75468
101 4.02 0.974502 0.709809 0.82435 0.67507 4.73893 4.87555
102 4.06 1.00172 0.735572 0.845827 0.697076 4.67197 4.99711
103 4.1 1.01123 0.762095 0.870443 0.72017 4.38362 5.11341
104 4.14 1.01791 0.789316 0.880239 0.743983 4.4575 5.234
105 4.18 1.01804 0.81707 0.888471 0.768485 4.3691 5.35449
106 4.22 0.99734 0.844782 0.92245 0.794413 4.50066 5.48099
107 4.26 0.978027 0.872475 0.931791 0.821102 4.66356 5.61457
108 4.3 0.959059 0.900144 0.975794 0.84958 4.78993 5.75436
109 4.34 0.931667 0.927525 0.998086 0.879252 5.21053 5.90926
110 4.38 0.895119 0.954318 1.01046 0.909848 5.29535 6.0696
111 4.42 0.887625 0.981375 1.0363 0.941803 5.58483 6.24181
112 4.46 0.867809 1.00831 1.08325 0.975812 5.84882 6.42544
113 4.5 0.861982 1.03554 1.10657 1.01118 6.18507 6.62313
114 4.54 0.863879 1.06333 1.11789 1.04755 6.29107 6.82779
115 4.58 0.861526 1.09152 1.1064 1.08418 6.54701 7.04455
116 4.62 0.867319 1.12041 1.12313 1.12202 6.77972 7.27295
117 4.66 0.885192 1.1504 1.11272 1.16015 7.06266 7.51502
118 4.7 0.89497 1.18125 1.09919 1.19848 6.95777 7.75761
119 4.74 0.90581 1.213 1.0734 1.23654 7.17824 8.01216
120 4.78 0.925297 1.24599 1.06659 1.27501 7.2316 8.27295
121 4.82 0.920923 1.27937 1.01998 1.31241 7.32434 8.54152
122 4.86 0.918473 1.31322 1.00113 1.34973 7.43034 8.81853
123 4.9 0.929217 1.34803 0.973506 1.38662 7.49287 9.10248
124 4.94 0.928556 1.38338 0.969802 1.42398 7.49226 9.39106
125 4.98 0.939884 1.41975 0.951675 1.46123 7.57539 9.68758
126 5.02 0.935463 1.45654 0.947327 1.49891 7.53278 9.9872
127 5.06 0.935144 1.49389 0.938503 1.53683 7.58366 10.2937
128 5.1 0.925535 1.53145 0.91263 1.5743 7.47685 10.6006
129 5.14 0.917568 1.56928 0.910064 1.61225 7.23139 10.9022
130 5.18 0.910463 1.6074 0.895435 1.65017 7.12016 11.2037
131 5.22 0.900038 1.64566 0.870051 1.68759 6.90605 11.5007
132 5.26 0.890439 1.6841 0.866627 1.72543 6.62752 11.7901
133 5.3 0.875923 1.72249 0.846417 1.76296 6.28554 12.0688
134 5.34 0.861615 1.76083 0.829031 1.80027 6.16887 12.3464
135 5.38 0.844955 1.79898 0.821391 1.8378 5.89652 12.6158
136 5.42 0.844053 1.83767 0.796768 1.87474 5.81328 12.8854
137 5.46 0.828069 1.87619 0.785904 1.91172 5.60267 13.149
138 5.5 0.809688 1.91441 0.766662 1.94832 5.42178 13.4078
139 5.54 0.798631 1.95265 0.756767 1.98498 5.43407 13.6711
140 5.58 0.785036 1.99079 0.738824 2.02129 5.32039 13.9326
141 5.62 0.783859 2.02942 0.725611 2.05746 5.18499 14.191
142 5.66 0.773043 2.06806 0.718949 2.09382 5.20418 14.4542
143 5.7 0.755656 2.10636 0.706751 2.13006 5.16967 14.7193
144 5.74 0.750873 2.14496 0.698538 2.16638 5.13372 14.9862
145 5.78 0.734994 2.18328 0.687429 2.20263 5.0745 15.2538
146 5.82 0.748 2.22281 0.688358 2.23943 5.1578 15.5296
147 5.86 0.733021 2.26208 0.685244 2.27657 5.13155 15.8077
148 5.9 0.73877 2.30221 0.684505 2.31418 5.15706 16.091
149 5.94 0.728406 2.34231 0.67545 2.3518 5.25591 16.3837
150 5.98 0.735567 2.38335 0.6851 2.39047 5.21091 16.6778
151 6.02 0.738818 2.42513 0.675627 2.42911 5.44663 16.9894
152 6.06 0.742582 2.46768 0.685004 2.46882 5.51091 17.3088
153 6.1 0.732227 2.51019 0.689822 2.50933 5.6952 17.6433
154 6.14 0.731151 2.5532 0.695792 2.55073 5.81207 17.9891
155 6.18 0.73532 2.59701 0.701767 2.59303 5.96437 18.3487
156 6.22 0.737282 2.64152 0.714669 2.63667 6.17921 18.726
157 6.26 0.732103 2.68628 0.727431 2.68167 6.20242 19.1096
158 6.3 0.742105 2.73224 0.725113 2.72709 6.2882 19.5035
159 6.34 0.733977 2.77827 0.734621 2.7737 6.41194 19.9103
160 6.38 0.747229 2.82573 0.747515 2.82172 6.60962 20.335
161 6.42 0.733703 2.87291 0.760826 2.87122 6.59231 20.7638
162 6.46 0.745793 2.92147 0.773483 2.92216 6.74138 21.2078
163 6.5 0.743679 2.9705 0.785608 2.97455 6.77251 21.6595
164 6.54 0.743664 3.02013 0.794435 3.02818 6.77519 22.1169
165 6.58 0.742361 3.07027 0.812714 3.08372 6.87569 22.5867
166 6.62 0.74541 3.12124 0.819402 3.1404 6.85237 23.0607
167 6.66 0.754544 3.17346 0.832396 3.19867 6.92377 23.5454
168 6.7 0.756326 3.22644 0.840505 3.25822 6.96986 24.0392
169 6.74 0.755069 3.27996 0.84754 3.31899 6.91338 24.5349
170 6.78 0.760893 3.33453 0.859212 3.38133 7.01204 25.0437
171 6.82 0.768017 3.39027 0.860433 3.4445 6.92124 25.5518
172 6.86 0.781039 3.44762 0.863994 3.50867 7.01096 26.0725
173 6.9 0.794625 3.50664 0.869709 3.57403 6.8259 26.5855
174 6.94 0.7866 3.56576 0.86547 3.63982 6.83671 27.1052
175 6.98 0.79854 3.62646 0.866464 3.70645 6.78159 27.6267
176 7.02 0.802989 3.6882 0.866504 3.77384 6.8385 28.1586
177 7.06 0.812594 3.7514 0.876864 3.84283 6.85036 28.6975
178 7.1 0.815143 3.81551 0.871556 3.91217 6.79968 29.2385
179 7.14 0.820606 3.88078 0.861631 3.9815 6.70168 29.7777
180 7.18 0.822132 3.94691 0.872145 4.05247 6.68814 30.3219
181 7.22 0.83279 4.01465 0.871021 4.12413 6.61659 30.8663
182 7.26 0.817607 4.08188 0.875593 4.19697 6.64168 31.4188
183 7.3 0.833228 4.15116 0.86267 4.26953 6.58707 31.9729
184 7.34 0.83575 4.22142 0.869661 4.34348 6.58506 32.5328
185 7.38 0.838816 4.2927 0.871495 4.4184 6.53746 33.0948
186 7.42 0.831341 4.36412 0.858421 4.49299 6.45347 33.6556
187 7.46 0.838896 4.43696 0.859589 4.5685 6.38042 34.2161
188 7.5 0.837071 4.51042 0.84833 4.64381 6.3589 34.7806
189 7.54 0.830158 4.58406 0.842037 4.71937 6.24718 35.3412
190 7.58 0.829002 4.65838 0.841192 4.79565 6.24135 35.9072
191 7.62 0.828726 4.73346 0.845196 4.87311 6.18087 36.4736
192 7.66 0.8371 4.8101 0.839869 4.95089 6.11098 37.0396
193 7.7 0.835775 4.88741 0.831548 5.02871 6.10608 37.611
194 7.74 0.840714 4.966 0.828467 5.10704 6.02917 38.1811
195 7.78 0.837767 5.04512 0.821734 5.18555 5.97576 38.7519
196 7.82 0.835092 5.1248 0.81794 5.26449 5.89148 39.3206
197 7.86 0.839288 5.2057 0.810646 5.34354 5.86763 39.8927
198 7.9 0.838453 5.28734 0.81103 5.42343 5.76361 40.4605
199 7.94 0.83126 5.36911 0.812305 5.50426 5.71668 41.0293
200 7.98 0.83347 5.45192 0.807157 5.58538 5.71263 41.6035
18000 200
1 0.02 0 0 0 0 0 0
2 0.06 0 0 0 0 0 0
3 0.1 0 0 0 0 0 0
4 0.14 0 0 0 0 0 0
5 0.18 0 0 0 0 0 0
6 0.22 0 0 0 0 0 0
7 0.26 0 0 0 0 0 0
8 0.3 0 0 0 0 0 0
9 0.34 0 0 0 0 0 0
10 0.38 0 0 0 0 0 0
11 0.42 0 0 0 0 0 0
12 0.46 0 0 0 0 0 0
13 0.5 0 0 0 0 0 0
14 0.54 0 0 0 0 0 0
15 0.58 0 0 0 0 0 0
16 0.62 0 0 0 0 0 0
17 0.66 0 0 0 0 0 0
18 0.7 0 0 0 0 0 0
19 0.74 0 0 0 0 0 0
20 0.78 0 0 0 0 0 0
21 0.82 0 0 0 0 0 0
22 0.86 0 0 0 0 0 0
23 0.9 0 0 0 0 0 0
24 0.94 0 0 0 0 0 0
25 0.98 0 0 0 0 0 0
26 1.02 0 0 0 0 0 0
27 1.06 0 0 0 0 0 0
28 1.1 0 0 0 0 0 0
29 1.14 0 0 0 0 0 0
30 1.18 0 0 0 0 0 0
31 1.22 0 0 0 0 0 0
32 1.26 0 0 0 0 0 0
33 1.3 0 0 0 0 0 0
34 1.34 0 0 0 0 0 0
35 1.38 0 0 0 0 0 0
36 1.42 0 0 0 0 0 0
37 1.46 0 0 0 0 0 0
38 1.5 0 0 0 0 0 0
39 1.54 0 0 0 0 0 0
40 1.58 0 0 0 0 0 0
41 1.62 0 0 0 0 0 0
42 1.66 0 0 0 0 0.525003 0.00228369
43 1.7 0 0 0 0 9.82101 0.0470891
44 1.74 0 0 0 0 57.2575 0.320746
45 1.78 0 0 0 0 121.96 0.930749
46 1.82 0 0 0 0 137.886 1.65175
47 1.86 0 0 0 0 103.031 2.21444
48 1.9 0 0 0 0 60.9289 2.56166
49 1.94 0 0 0 0 30.4309 2.74246
50 1.98 0 0 0 0 14.9007 2.83467
51 2.02 0 0 0 0 7.60013 2.88363
52 2.06 0 0 0 0 3.81718 2.9092
53 2.1 0 0 0 0 2.21314 2.92461
54 2.14 0 0 0.000524175 3.78788e-06 1.28578 2.9339
55 2.18 0 0 0.00201931 1.89394e-05 0.930429 2.94088
56 2.22 0 0 0.0180147 0.000159091 0.591207 2.94548
57 2.26 0 0 0.0514419 0.000573864 0.450776 2.94912
58 2.3 0 0 0.176676 0.00204924 0.431396 2.95272
59 2.34 0 0 0.38827 0.0054053 0.338624 2.95564
60 2.38 0.0010712 9.4697e-06 0.756574 0.0121705 0.359725 2.95886
61 2.42 0.00974014 9.84848e-05 1.25275 0.0237519 0.372259 2.9623
62 2.46 0.0362993 0.000441288 1.80513 0.0409962 0.430966 2.96642
63 2.5 0.117482 0.00158712 2.22447 0.0629432 0.531403 2.97166
64 2.54 0.273521 0.00434091 2.54123 0.0888239 0.619045 2.97797
65 2.58 0.551007 0.0100644 2.67645 0.116947 0.655082 2.98485
66 2.62 0.947328 0.0202121 2.66124 0.145784 0.949844 2.99514
67 2.66 1.40928 0.0357727 2.48346 0.173523 1.01653 3.0065
68 2.7 1.87045 0.0570511 2.30345 0.20003 1.18794 3.02017
69 2.74 2.25676 0.0834905 2.04204 0.224231 1.16974 3.03403
70 2.78 2.5304 0.114008 1.81169 0.246333 1.05724 3.04693
71 2.82 2.66027 0.147021 1.59711 0.266383 1.01461 3.05967
72 2.86 2.62378 0.180511 1.37248 0.284104 0.979006 3.07231
73 2.9 2.49893 0.213307 1.22375 0.30035 0.976407 3.08527
74 2.94 2.28199 0.244087 1.05575 0.314756 0.891066 3.09743
75 2.98 2.06781 0.272742 0.952491 0.328108 0.867317 3.10959
76 3.02 1.82031 0.29865 0.863889 0.340545 0.938325 3.12309
77 3.06 1.61555 0.322256 0.804672 0.352439 0.983587 3.13763
78 3.1 1.42068 0.343561 0.729607 0.363508 1.08558 3.1541
79 3.14 1.24401 0.362701 0.675851 0.374027 1.11389 3.17144
80 3.18 1.09589 0.379994 0.648754 0.384383 1.27343 3.19177
81 3.22 0.971211 0.395708 0.606469 0.394309 1.25382 3.21229
82 3.26 0.895561 0.410561 0.598337 0.404347 1.52037 3.23779
83 3.3 0.820151 0.424498 0.579621 0.414311 1.63342 3.26587
84 3.34 0.734263 0.43728 0.552276 0.424036 1.85392 3.29852
85 3.38 0.693085 0.449636 0.558597 0.43411 2.03861 3.33528
86 3.42 0.660359 0.461689 0.550637 0.444277 2.38317 3.37929
87 3.46 0.642848 0.473699 0.565537 0.454964 2.76239 3.43149
88 3.5 0.629429 0.485731 0.570998 0.466006 3.32999 3.49588
89 3.54 0.622553 0.497905 0.584596 0.47757 3.59338 3.56697
90 3.58 0.613734 0.51018 0.60372 0.489784 3.89512 3.64577
91 3.62 0.634608 0.523157 0.598416 0.502163 4.07228 3.73001
92 3.66 0.653882 0.536826 0.637798 0.51565 4.34424 3.82187
93 3.7 0.682902 0.551415 0.655023 0.529805 4.63185 3.92197
94 3.74 0.698488 0.566661 0.685255 0.544936 4.83047 4.02863
95 3.78 0.731262 0.582966 0.713909 0.561038 5.10101 4.14368
96 3.82 0.782985 0.600795 0.714822 0.577504 5.20275 4.26353
97 3.86 0.824674 0.61997 0.759834 0.595375 5.23502 4.38665
98 3.9 0.866018 0.640525 0.767599 0.613805 5.0652 4.50827
99 3.94 0.902004 0.662375 0.791585 0.633203 4.96282 4.62988
100 3.98 0.936596 0.685527 0.816502 0.653619 4.98455 4.75452
101 4.02 0.979857 0.710237 0.83716 0.674975 4.89845 4.87948
102 4.06 1.00218 0.736015 0.853353 0.69718 4.49953 4.99656
103 4.1 1.03759 0.763233 0.867405 0.720197 4.43034 5.11412
104 4.14 1.01934 0.790496 0.891114 0.744307 4.3737 5.23245
105 4.18 1.02645 0.818483 0.894676 0.768983 4.41167 5.35413
106 4.22 0.991619 0.84604 0.913166 0.794653 4.48635 5.48025
107 4.26 0.967332 0.873434 0.947533 0.821797 4.62478 5.61274
108 4.3 0.95165 0.900892 0.977421 0.850326 4.82567 5.75359
109 4.34 0.930518 0.928242 0.992608 0.879839 5.07577 5.9045
110 4.38 0.891265 0.954924 1.02353 0.910835 5.31589 6.06549
111 4.42 0.879243 0.981729 1.04108 0.942941 5.5601 6.23696
112 4.46 0.879288 1.00902 1.07575 0.97672 6.03037 6.42631
113 4.5 0.861688 1.03625 1.09362 1.01168 6.11483 6.62178
114 4.54 0.860113 1.06392 1.11407 1.04793 6.42572 6.83085
115 4.58 0.860896 1.0921 1.12644 1.08523 6.63256 7.05047
116 4.62 0.864758 1.1209 1.13429 1.12344 6.75689 7.27813
117 4.66 0.880326 1.15073 1.1113 1.16154 6.95949 7.51669
118 4.7 0.886396 1.18129 1.10208 1.19997 7.109 7.76459
119 4.74 0.901099 1.21288 1.07379 1.23805 7.18089 8.01927
120 4.78 0.914394 1.24548 1.04392 1.2757 7.2815 8.28189
121 4.82 0.930051 1.2792 1.02816 1.31341 7.37079 8.5522
122 4.86 0.928472 1.31342 0.996326 1.35056 7.4026 8.82821
123 4.9 0.943806 1.34878 0.982374 1.38779 7.42738 9.10971
124 4.94 0.935248 1.3844 0.964118 1.42493 7.37023 9.39363
125 4.98 0.934718 1.42057 0.953336 1.46225 7.59405 9.69093
126 5.02 0.943676 1.45768 0.938158 1.49957 7.50908 9.98964
127 5.06 0.922324 1.49453 0.932804 1.53727 7.43625 10.2902
128 5.1 0.919528 1.53185 0.914448 1.57482 7.37413 10.593
129 5.14 0.917396 1.56968 0.912395 1.61287 7.20187 10.8933
130 5.18 0.921834 1.60827 0.889418 1.65054 7.05543 11.1922
131 5.22 0.897781 1.64645 0.887727 1.68873 6.89235 11.4886
132 5.26 0.891683 1.68495 0.865168 1.72651 6.73343 11.7827
133 5.3 0.884104 1.7237 0.846267 1.76404 6.48641 12.0703
134 5.34 0.863847 1.76214 0.833799 1.80157 6.19807 12.3493
135 5.38 0.853517 1.80069 0.82895 1.83944 6.03241 12.6249
136 5.42 0.837791 1.8391 0.794337 1.87628 5.84032 12.8958
137 5.46 0.825068 1.87748 0.783227 1.91314 5.60669 13.1596
138 5.5 0.808695 1.91565 0.761366 1.94949 5.49984 13.4222
139 5.54 0.787335 1.95336 0.750489 1.98585 5.37296 13.6825
140 5.58 0.795267 1.992 0.735991 2.02203 5.38188 13.9471
141 5.62 0.769572 2.02993 0.73478 2.05866 5.2288 14.2078
142 5.66 0.772792 2.06856 0.715633 2.09485 5.13161 14.4673
143 5.7 0.766094 2.10741 0.705957 2.13106 5.04792 14.7261
144 5.74 0.751512 2.14604 0.700558 2.16749 5.091 14.9909
145 5.78 0.749429 2.18511 0.693086 2.20404 5.11958 15.2609
146 5.82 0.742603 2.22437 0.685115 2.24068 5.16193 15.5369
147 5.86 0.73561 2.26378 0.680965 2.27759 5.13088 15.8151
148 5.9 0.731489 2.30352 0.675969 2.31473 5.17861 16.0996
149 5.94 0.734883 2.34398 0.681786 2.35271 5.21073 16.3898
150 5.98 0.735707 2.38504 0.685717 2.39141 5.437 16.6968
151 6.02 0.735639 2.42664 0.67859 2.43023 5.35088 17.0029
152 6.06 0.738453 2.46896 0.690043 2.47024 5.59399 17.3271
153 6.1 0.734573 2.51161 0.686766 2.51058 5.74541 17.6646
154 6.14 0.742581 2.5553 0.696876 2.55205 5.85883 18.0133
155 6.18 0.732045 2.59892 0.705666 2.59459 5.96039 18.3726
156 6.22 0.740135 2.64361 0.706883 2.63776 6.05097 18.7422
157 6.26 0.735198 2.68857 0.71937 2.68226 6.13399 19.1216
158 6.3 0.734544 2.73406 0.734177 2.72826 6.30844 19.5169
159 6.34 0.735693 2.78021 0.735509 2.77493 6.44352 19.9257
160 6.38 0.738394 2.82711 0.747481 2.82296 6.50466 20.3436
161 6.42 0.738436 2.8746 0.766488 2.87283 6.61614 20.7741
162 6.46 0.741359 2.92288 0.774939 2.92387 6.69217 21.215
163 6.5 0.738325 2.97156 0.784511 2.9762 6.83094 21.6705
164 6.54 0.738148 3.02083 0.795982 3.02994 6.82149 22.1311
165 6.58 0.74605 3.07123 0.808949 3.08523 6.82116 22.5973
166 6.62 0.74894 3.12245 0.818887 3.14188 6.89937 23.0746
167 6.66 0.749493 3.17433 0.824145 3.19958 6.93526 23.5602
168 6.7 0.755954 3.22728 0.851646 3.25993 6.96847 24.054
169 6.74 0.755717 3.28085 0.85337 3.32112 6.97704 24.5543
170 6.78 0.763488 3.33562 0.849596 3.38277 6.87812 25.0534
171 6.82 0.767682 3.39134 0.862901 3.44613 7.0176 25.5686
172 6.86 0.782898 3.44883 0.862939 3.51023 6.88923 26.0804
173 6.9 0.79164 3.50765 0.869571 3.57559 6.83011 26.5937
174 6.94 0.790429 3.56705 0.867272 3.64152 6.90055 27.1184
175 6.98 0.806854 3.6284 0.867214 3.70822 6.9459 27.6526
176 7.02 0.803967 3.69022 0.873351 3.77616 6.79586 28.1812
177 7.06 0.810536 3.75327 0.878408 3.84527 6.79469 28.7158
178 7.1 0.825291 3.81819 0.873968 3.91482 6.76525 29.2542
179 7.14 0.818809 3.88332 0.877403 3.98543 6.73518 29.7962
180 7.18 0.819716 3.94927 0.869448 4.05618 6.68132 30.3399
181 7.22 0.823464 4.01625 0.867159 4.12754 6.60516 30.8834
182 7.26 0.826663 4.08424 0.870288 4.19995 6.65819 31.4374
183 7.3 0.833938 4.15359 0.871223 4.27323 6.56709 31.9898
184 7.34 0.834424 4.22374 0.860704 4.34643 6.53806 32.5458
185 7.38 0.838797 4.29503 0.863207 4.42065 6.50892 33.1054
186 7.42 0.83282 4.36659 0.856672 4.4951 6.47963 33.6686
187 7.46 0.83872 4.43942 0.858055 4.57048 6.35576 34.2269
188 7.5 0.834827 4.5127 0.853086 4.64623 6.39539 34.7948
189 7.54 0.838203 4.58706 0.83747 4.72138 6.32483 35.3624
190 7.58 0.838233 4.66222 0.844944 4.79802 6.28521 35.9325
191 7.62 0.830372 4.73746 0.843991 4.87538 6.17449 36.4984
192 7.66 0.83314 4.81374 0.833642 4.95259 6.1251 37.0657
193 7.7 0.833597 4.89087 0.838908 5.0311 6.01318 37.6285
194 7.74 0.831689 4.96862 0.82962 5.10956 5.97294 38.1933
195 7.78 0.838841 5.04785 0.827532 5.18863 5.94334 38.7612
196 7.82 0.841532 5.12815 0.819009 5.26769 5.87037 39.3279
197 7.86 0.842577 5.20938 0.815649 5.34723 5.79461 39.893
198 7.9 0.837838 5.29098 0.815692 5.42759 5.81149 40.4655
199 7.94 0.829398 5.37257 0.806905 5.50789 5.72659 41.0354
200 7.98 0.834293 5.45548 0.803981 5.58871 5.60979 41.5993
19000 200
1 0.02 0 0 0 0 0 0
2 0.06 0 0 0 0 0 0
3 0.1 0 0 0 0 0 0
4 0.14 0 0 0 0 0 0
5 0.18 0 0 0 0 0 0
6 0.22 0 0 0 0 0 0
7 0.26 0 0 0 0 0 0
8 0.3 0 0 0 0 0 0
9 0.34 0 0 0 0 0 0
10 0.38 0 0 0 0 0 0
11 0.42 0 0 0 0 0 0
12 0.46 0 0 0 0 0 0
13 0.5 0 0 0 0 0 0
14 0.54 0 0 0 0 0 0
15 0.58 0 0 0 0 0 0
16 0.62 0 0 0 0 0 0
17 0.66 0 0 0 0 0 0
18 0.7 0 0 0 0 0 0
19 0.74 0 0 0 0 0 0
20 0.78 0 0 0 0 0 0
21 0.82 0 0 0 0 0 0
22 0.86 0 0 0 0 0 0
23 0.9 0 0 0 0 0 0
24 0.94 0 0 0 0 0 0
25 0.98 0 0 0 0 0 0
26 1.02 0 0 0 0 0 0
27 1.06 0 0 0 0 0 0
28 1.1 0 0 0 0 0 0
29 1.14 0 0 0 0 0 0
30 1.18 0 0 0 0 0 0
31 1.22 0 0 0 0 0 0
32 1.26 0 0 0 0 0 0
33 1.3 0 0 0 0 0 0
34 1.34 0 0 0 0 0 0
35 1.38 0 0 0 0 0 0
36 1.42 0 0 0 0 0 0
37 1.46 0 0 0 0 0 0
38 1.5 0 0 0 0 0 0
39 1.54 0 0 0 0 0 0
40 1.58 0 0 0 0 0 0
41 1.62 0 0 0 0 0.00776241 3.21647e-05
42 1.66 0 0 0 0 0.561842 0.00247668
43 1.7 0 0 0 0 10.5028 0.0504021
44 1.74 0 0 0 0 55.5102 0.315761
45 1.78 0 0 0 0 120.547 0.918816
46 1.82 0 0 0 0 139.138 1.64651
47 1.86 0 0 0 0 104.436 2.21698
48 1.9 0 0 0 0 61.4809 2.56742
49 1.94 0 0 0 0 30.0895 2.74622
50 1.98 0 0 0 0 14.3781 2.83522
51 2.02 0 0 0 0 7.12931 2.88115
52 2.06 0 0 0 0 3.99884 2.90794
53 2.1 0 0 0 0 2.24041 2.92354
54 2.14 0 0 0 0 1.1877 2.93213
55 2.18 0 0 0.00378604 2.84091e-05 0.810166 2.93821
56 2.22 0 0 0.01436 0.000140152 0.657227 2.94333
57 2.26 0 0 0.0615312 0.000636364 0.426774 2.94677
58 2.3 0 0 0.185939 0.00218939 0.419756 2.95027
59 2.34 0.000221601 1.89394e-06 0.402868 0.00567235 0.342276 2.95323
60 2.38 0.001928 1.89394e-05 0.745421 0.012339 0.381224 2.95664
61 2.42 0.00828799 9.4697e-05 1.24165 0.0238201 0.372203 2.96008
62 2.46 0.0318815 0.000395833 1.7463 0.0405057 0.420791 2.9641
63 2.5 0.108529 0.00145455 2.21847 0.0623977 0.495434 2.96899
64 2.54 0.275539 0.00422917 2.53068 0.0881761 0.678888 2.97591
65 2.58 0.554724 0.00999242 2.67249 0.116263 0.820212 2.98453
66 2.62 0.924163 0.0198939 2.6539 0.145027 0.949676 2.99482
67 2.66 1.39974 0.0353523 2.53213 0.173314 1.09984 3.00711
68 2.7 1.8571 0.056483 2.31764 0.199991 1.15971 3.02046
69 2.74 2.23013 0.0826155 2.05314 0.224328 1.09354 3.03342
70 2.78 2.56004 0.113496 1.80233 0.24632 1.13083 3.04722
71 2.82 2.71086 0.147144 1.60871 0.266519 1.04774 3.06037
72 2.86 2.63186 0.180744 1.37822 0.284318 0.899093 3.07198
73 2.9 2.49699 0.213521 1.21523 0.300455 1.00284 3.0853
74 2.94 2.2932 0.244458 1.07692 0.315152 0.806046 3.0963
75 2.98 2.08461 0.273352 0.955676 0.328551 0.864846 3.10843
76 3.02 1.83138 0.299422 0.857927 0.340905 1.02301 3.12316
77 3.06 1.61017 0.322955 0.791064 0.3526 0.944232 3.13712
78 3.1 1.39741 0.343915 0.734332 0.363742 1.08325 3.15355
79 3.14 1.2397 0.362992 0.66793 0.37414 1.23765 3.17282
80 3.18 1.08548 0.380125 0.640319 0.384364 1.25305 3.19283
81 3.22 0.968794 0.395803 0.609354 0.394339 1.34 3.21476
82 3.26 0.870266 0.410239 0.593815 0.404303 1.45492 3.23918
83 3.3 0.808959 0.423989 0.571134 0.414123 1.64809 3.26751
84 3.34 0.768924 0.437377 0.571409 0.424188 1.84625 3.30003
85 3.38 0.696132 0.44979 0.560694 0.434301 2.05603 3.33712
86 3.42 0.657743 0.461797 0.557193 0.444591 2.43493 3.38208
87 3.46 0.64546 0.473858 0.55711 0.455121 2.65974 3.43236
88 3.5 0.640795 0.48611 0.569517 0.466136 3.12813 3.49286
89 3.54 0.597929 0.497805 0.571461 0.477443 3.57317 3.56356
90 3.58 0.619483 0.510197 0.589649 0.489375 3.87525 3.64197
91 3.62 0.625963 0.523 0.61953 0.502193 4.17561 3.72837
92 3.66 0.645328 0.536492 0.643852 0.515811 4.38141 3.82104
93 3.7 0.676922 0.550956 0.647443 0.529805 4.67409 3.92206
94 3.74 0.707543 0.566403 0.687781 0.544994 4.80475 4.02818
95 3.78 0.739442 0.582894 0.708227 0.560972 5.23257 4.14622
96 3.82 0.769109 0.600411 0.726601 0.577712 5.01048 4.26166
97 3.86 0.832982 0.619782 0.761697 0.595631 5.10953 4.38186
98 3.9 0.862654 0.640261 0.775649 0.614258 5.29724 4.50907
99 3.94 0.921909 0.662598 0.79877 0.633835 5.09969 4.63406
100 3.98 0.93442 0.685701 0.80256 0.653907 4.90124 4.75664
101 4.02 0.966677 0.710083 0.842043 0.675392 4.62644 4.87469
102 4.06 1.00286 0.735884 0.853695 0.69761 4.53202 4.99263
103 4.1 1.02078 0.762667 0.867162 0.720625 4.51431 5.11245
104 4.14 1.02621 0.790119 0.870503 0.744182 4.32528 5.2295
105 4.18 1.00771 0.8176 0.902323 0.769074 4.47959 5.35307
106 4.22 1.00198 0.845451 0.907123 0.79458 4.49689 5.47951
107 4.26 0.980313 0.873218 0.946882 0.82171 4.63846 5.61242
108 4.3 0.9449 0.900487 0.966521 0.849926 4.80157 5.75259
109 4.34 0.927949 0.927767 0.985533 0.879235 5.00226 5.90135
110 4.38 0.902032 0.954777 1.01426 0.909956 5.10883 6.0561
111 4.42 0.873544 0.981413 1.051 0.942375 5.73525 6.233
112 4.46 0.862398 1.00819 1.07246 0.976057 5.92881 6.4192
113 4.5 0.877097 1.03591 1.1059 1.01141 6.17498 6.61663
114 4.54 0.867538 1.06382 1.1188 1.04782 6.37997 6.82425
115 4.58 0.869979 1.0923 1.12611 1.08512 6.68079 7.04551
116 4.62 0.882268 1.12169 1.12788 1.12313 6.95503 7.2799
117 4.66 0.88775 1.15178 1.11429 1.16133 6.85397 7.51489
118 4.7 0.883526 1.18224 1.09443 1.1995 6.91579 7.7561
119 4.74 0.894438 1.21361 1.06381 1.23724 7.17313 8.01055
120 4.78 0.907892 1.24599 1.04986 1.27511 7.29075 8.27356
121 4.82 0.92668 1.27959 1.0277 1.31281 7.29826 8.54127
122 4.86 0.939847 1.31424 1.01065 1.3505 7.39254 8.81695
123 4.9 0.929164 1.34906 0.986974 1.38791 7.4259 9.09846
124 4.94 0.929046 1.38444 0.97784 1.42559 7.55073 9.38939
125 4.98 0.940064 1.42083 0.958615 1.46313 7.60653 9.68723
126 5.02 0.939443 1.45778 0.9394 1.5005 7.54481 9.98742
127 5.06 0.942091 1.49543 0.927465 1.538 7.41804 10.2873
128 5.1 0.923358 1.53291 0.915695 1.5756 7.40317 10.5913
129 5.14 0.914693 1.57063 0.904768 1.61334 7.20281 10.8918
130 5.18 0.90858 1.60868 0.890356 1.65106 6.98039 11.1875
131 5.22 0.884911 1.64632 0.872493 1.6886 6.88353 11.4836
132 5.26 0.897294 1.68507 0.864347 1.72635 6.6202 11.7728
133 5.3 0.872439 1.72332 0.854936 1.76427 6.35457 12.0546
134 5.34 0.866737 1.76189 0.832754 1.80176 6.16043 12.332
135 5.38 0.848489 1.80022 0.806905 1.83864 5.98048 12.6053
136 5.42 0.846874 1.83905 0.79896 1.8757 5.76839 12.8729
137 5.46 0.82287 1.87734 0.787135 1.91274 5.63977 13.1383
138 5.5 0.806011 1.9154 0.773627 1.94969 5.7338 13.4122
139 5.54 0.814143 1.9544 0.756241 1.98634 5.36655 13.6722
140 5.58 0.780921 1.99235 0.741085 2.02277 5.36447 13.9359
141 5.62 0.784598 2.03102 0.726092 2.05898 5.29806 14.2001
142 5.66 0.767109 2.06938 0.707665 2.09477 5.2476 14.4656
143 5.7 0.75821 2.10783 0.715157 2.13146 5.1623 14.7304
144 5.74 0.75302 2.14655 0.695431 2.16763 5.19943 15.0008
145 5.78 0.742052 2.18525 0.695534 2.20432 5.10576 15.2702
146 5.82 0.738837 2.22431 0.682535 2.24082 5.13566 15.5448
147 5.86 0.737549 2.26384 0.68813 2.27813 5.09189 15.8209
148 5.9 0.731207 2.30356 0.675386 2.31525 5.03772 16.0977
149 5.94 0.728167 2.34366 0.681245 2.3532 5.22125 16.3886
150 5.98 0.737121 2.38481 0.684809 2.39187 5.26044 16.6856
151 6.02 0.74102 2.42672 0.675539 2.43052 5.42405 16.996
152 6.06 0.73778 2.46901 0.678737 2.46988 5.59844 17.3206
153 6.1 0.735147 2.5117 0.700522 2.51103 5.66378 17.6533
154 6.14 0.736607 2.55505 0.696102 2.55246 5.86149 18.0022
155 6.18 0.735046 2.59886 0.702071 2.5948 5.884 18.357
156 6.22 0.728728 2.64287 0.707581 2.63802 6.1619 18.7334
157 6.26 0.727558 2.68737 0.718801 2.68249 6.13591 19.1131
158 6.3 0.743112 2.7334 0.732369 2.72839 6.29229 19.5074
159 6.34 0.747863 2.78032 0.745032 2.77567 6.36773 19.9115
160 6.38 0.734967 2.82701 0.747419 2.8237 6.48082 20.328
161 6.42 0.735906 2.87435 0.762814 2.87334 6.55354 20.7545
162 6.46 0.738772 2.92247 0.773576 2.92431 6.705 21.1962
163 6.5 0.742402 2.97143 0.791965 2.97714 6.82622 21.6516
164 6.54 0.749889 3.02149 0.798602 3.03107 6.913 22.1184
165 6.58 0.752094 3.07231 0.810394 3.08647 6.92426 22.5918
166 6.62 0.747546 3.12345 0.822062 3.14335 6.87709 23.0676
167 6.66 0.756129 3.17579 0.821683 3.2009 6.91277 23.5517
168 6.7 0.750561 3.22838 0.83849 3.26032 6.84954 24.0372
169 6.74 0.753992 3.28184 0.849242 3.32123 6.93261 24.5344
170 6.78 0.761489 3.33648 0.845776 3.38262 6.95255 25.039
171 6.82 0.768575 3.39227 0.851848 3.44518 6.92904 25.5479
172 6.86 0.781711 3.44969 0.872404 3.51 6.94068 26.0636
173 6.9 0.78557 3.50806 0.87096 3.57547 6.8613 26.5793
174 6.94 0.794983 3.56782 0.871659 3.64175 6.82388 27.0982
175 6.98 0.797379 3.62846 0.869429 3.70863 6.94744 27.6326
176 7.02 0.807993 3.69061 0.876027 3.77679 6.80772 28.1623
177 7.06 0.810256 3.75364 0.873349 3.84552 6.81909 28.699
178 7.1 0.817136 3.81793 0.874268 3.9151 6.75096 29.2363
179 7.14 0.819526 3.88314 0.873348 3.9854 6.75625 29.7801
180 7.18 0.825296 3.94955 0.873417 4.05649 6.74322 30.3289
181 7.22 0.833473 4.01736 0.867839 4.12791 6.68982 30.8795
182 7.26 0.820193 4.08483 0.862126 4.19966 6.50963 31.4213
183 7.3 0.831268 4.15397 0.873368 4.27314 6.50653 31.9687
184 7.34 0.824079 4.22327 0.863696 4.34661 6.60105 32.5302
185 7.38 0.841905 4.29484 0.858346 4.42042 6.50687 33.0897
186 7.42 0.841493 4.36715 0.85659 4.49488 6.42322 33.6481
187 7.46 0.843308 4.4404 0.855447 4.57005 6.42151 34.2123
188 7.5 0.83986 4.51413 0.857862 4.64623 6.3771 34.7787
189 7.54 0.832338 4.58799 0.850873 4.72261 6.27486 35.3419
190 7.58 0.834918 4.66286 0.84605 4.79936 6.21483 35.9057
191 7.62 0.837398 4.73875 0.833762 4.87579 6.10906 36.4657
192 7.66 0.828675 4.81464 0.838325 4.95346 6.2034 37.0404
193 7.7 0.829789 4.89143 0.827939 5.03096 6.02641 37.6046
194 7.74 0.834623 4.96947 0.832899 5.10974 6.09725 38.1813
195 7.78 0.836889 5.04853 0.818926 5.188 5.90884 38.746
196 7.82 0.836267 5.12835 0.81673 5.26686 5.86953 39.3127
197 7.86 0.834593 5.20882 0.816185 5.34647 5.82874 39.8812
198 7.9 0.835747 5.29023 0.812822 5.42656 5.78651 40.4514
199 7.94 0.834797 5.37238 0.810628 5.50725 5.7513 41.0239
200 7.98 0.835005 5.45537 0.804895 5.58818 5.66308 41.5932
20000 200
1 0.02 0 0 0 0 0 0
2 0.06 0 0 0 0 0 0
3 0.1 0 0 0 0 0 0
4 0.14 0 0 0 0 0 0
5 0.18 0 0 0 0 0 0
6 0.22 0 0 0 0 0 0
7 0.26 0 0 0 0 0 0
8 0.3 0 0 0 0 0 0
9 0.34 0 0 0 0 0 0
10 0.38 0 0 0 0 0 0
11 0.42 0 0 0 0 0 0
12 0.46 0 0 0 0 0 0
13 0.5 0 0 0 0 0 0
14 0.54 0 0 0 0 0 0
15 0.58 0 0 0 0 0 0
16 0.62 0 0 0 0 0 0
17 0.66 0 0 0 0 0 0
18 0.7 0 0 0 0 0 0
19 0.74 0 0 0 0 0 0
20 0.78 0 0 0 0 0 0
21 0.82 0 0 0 0 0 0
22 0.86 0 0 0 0 0 0
23 0.9 0 0 0 0 0 0
24 0.94 0 0 0 0 0 0
25 0.98 0 0 0 0 0 0
26 1.02 0 0 0 0 0 0
27 1.06 0 0 0 0 0 0
28 1.1 0 0 0 0 0 0
29 1.14 0 0 0 0 0 0
30 1.18 0 0 0 0 0 0
31 1.22 0 0 0 0 0 0
32 1.26 0 0 0 0 0 0
33 1.3 0 0 0 0 0 0
34 1.34 0 0 0 0 0 0
35 1.38 0 0 0 0 0 0
36 1.42 0 0 0 0 0 0
37 1.46 0 0 0 0 0 0
38 1.5 0 0 0 0 0 0
39 1.54 0 0 0 0 0 0
40 1.58 0 0 0 0 0 0
41 1.62 0 0 0 0 0.00776205 3.21647e-05
42 1.66 0 0 0 0 0.458234 0.00202638
43 1.7 0 0 0 0 9.87241 0.0470891
44 1.74 0 0 0 0 56.5625 0.317562
45 1.78 0 0 0 0 122.663 0.931393
46 1.82 0 0 0 0 137.348 1.64995
47 1.86 0 0 0 0 104.392 2.22036
48 1.9 0 0 0 0 60.2376 2.56381
49 1.94 0 0 0 0 30.4589 2.74487
50 1.98 0 0 0 0 14.8567 2.83686
51 2.02 0 0 0 0 7.6212 2.88598
52 2.06 0 0 0 0 3.6329 2.91032
53 2.1 0 0 0 0 2.04114 2.92454
54 2.14 0 0 0.000785585 5.68182e-06 1.32074 2.93409
55 2.18 0 0 0.00227073 2.27273e-05 0.882761 2.94072
56 2.22 0 0 0.0165454 0.000151515 0.512396 2.94471
57 2.26 0 0 0.0558783 0.000602273 0.430601 2.94818
58 2.3 0 0 0.171599 0.00203598 0.354186 2.95114
59 2.34 0.000442994 3.78788e-06 0.393104 0.00543561 0.342166 2.9541
60 2.38 0.000214156 5.68182e-06 0.764663 0.0122765 0.316397 2.95693
61 2.42 0.00807797 7.95455e-05 1.2769 0.0240871 0.441628 2.96102
62 2.46 0.0376851 0.000435606 1.75785 0.0408883 0.383645 2.96468
63 2.5 0.110047 0.00150947 2.18785 0.0624848 0.49529 2.96957
64 2.54 0.253079 0.00405871 2.53026 0.088267 0.703936 2.97674
65 2.58 0.544529 0.0097178 2.65634 0.116193 0.847513 2.98565
66 2.62 0.941723 0.0198106 2.68836 0.145339 0.892995 2.99534
67 2.66 1.39022 0.0351686 2.50626 0.173347 1.07648 3.00737
68 2.7 1.89496 0.0567367 2.29257 0.199742 1.23758 3.02161
69 2.74 2.26483 0.0832841 2.05809 0.224146 1.22881 3.03619
70 2.78 2.51341 0.113612 1.8165 0.246318 1.0725 3.04928
71 2.82 2.66334 0.14668 1.59358 0.266333 1.00387 3.06188
72 2.86 2.63252 0.180299 1.38937 0.284282 0.871428 3.07314
73 2.9 2.54525 0.21372 1.22355 0.300534 0.929887 3.08549
74 2.94 2.30778 0.244864 1.07686 0.315235 0.77751 3.09611
75 2.98 2.05883 0.273409 0.95484 0.328627 0.885221 3.10852
76 3.02 1.81219 0.299214 0.865026 0.341087 0.890952 3.12136
77 3.06 1.60188 0.322633 0.778268 0.352597 1.00701 3.13625
78 3.1 1.40884 0.343771 0.730607 0.363686 1.01722 3.15169
79 3.14 1.24018 0.362862 0.683533 0.37433 1.22076 3.1707
80 3.18 1.09113 0.380089 0.631347 0.384413 1.27075 3.19099
81 3.22 0.985684 0.396045 0.621421 0.394589 1.28262 3.212
82 3.26 0.884492 0.410722 0.59566 0.404587 1.51579 3.23744
83 3.3 0.78554 0.424078 0.567432 0.414347 1.62138 3.26533
84 3.34 0.741065 0.436985 0.555754 0.424138 1.77813 3.29665
85 3.38 0.692515 0.449337 0.566396 0.434358 2.09638 3.33448
86 3.42 0.65681 0.461331 0.551791 0.444551 2.35756 3.37803
87 3.46 0.653064 0.473538 0.564148 0.455218 2.83072 3.43155
88 3.5 0.634358 0.48567 0.556124 0.465977 3.19364 3.49334
89 3.54 0.611294 0.497631 0.577312 0.477403 3.52327 3.56307
90 3.58 0.621466 0.510066 0.611171 0.489775 3.90902 3.6422
91 3.62 0.634472 0.523047 0.607532 0.502348 4.1883 3.72888
92 3.66 0.65047 0.536652 0.634343 0.515769 4.45603 3.82316
93 3.7 0.683708 0.551265 0.661959 0.530081 4.54472 3.92142
94 3.74 0.702293 0.566602 0.682938 0.545169 4.88044 4.02924
95 3.78 0.752203 0.583383 0.707416 0.561133 4.9345 4.14059
96 3.82 0.782336 0.601206 0.726866 0.577884 5.28109 4.2623
97 3.86 0.834429 0.620617 0.743272 0.595375 5.32665 4.38765
98 3.9 0.850183 0.640807 0.774143 0.613972 5.27815 4.51444
99 3.94 0.908964 0.662837 0.790178 0.633345 4.99314 4.63686
100 3.98 0.936043 0.685987 0.809501 0.653597 4.82129 4.75748
101 4.02 0.961121 0.710237 0.838811 0.675006 4.72453 4.87806
102 4.06 1.01079 0.73625 0.849067 0.69711 4.63559 4.99875
103 4.1 1.01209 0.762813 0.866748 0.720121 4.35663 5.11441
104 4.14 1.0186 0.79007 0.895696 0.744367 4.41305 5.23387
105 4.18 1.00774 0.817561 0.889071 0.768902 4.42107 5.35587
106 4.22 1.00113 0.845396 0.908927 0.794466 4.44519 5.48089
107 4.26 0.975195 0.873027 0.93945 0.821392 4.6617 5.61451
108 4.3 0.948605 0.900411 0.963692 0.849534 4.83863 5.75581
109 4.34 0.931459 0.927803 0.996111 0.879167 4.92069 5.90219
110 4.38 0.899473 0.954744 1.02307 0.910165 5.34396 6.0641
111 4.42 0.884075 0.98171 1.03889 0.94222 5.57083 6.23599
112 4.46 0.876402 1.00893 1.07176 0.97589 5.82763 6.41907
113 4.5 0.861967 1.03618 1.11947 1.01169 6.13383 6.61525
114 4.54 0.864383 1.064 1.11938 1.04813 6.42342 6.82435
115 4.58 0.861436 1.09221 1.12661 1.08546 6.66611 7.04519
116 4.62 0.869546 1.12119 1.12854 1.1235 6.80976 7.27475
117 4.66 0.883398 1.15114 1.10262 1.16132 6.8903 7.51106
118 4.7 0.898405 1.18212 1.09072 1.19937 7.07774 7.75799
119 4.74 0.897883 1.21362 1.06465 1.23715 7.12283 8.01074
120 4.78 0.896939 1.24561 1.0511 1.27508 7.13162 8.26809
121 4.82 0.932291 1.27943 1.0231 1.31262 7.37227 8.5386
122 4.86 0.931798 1.31379 1.00632 1.35016 7.46263 8.81698
123 4.9 0.946809 1.34928 0.98287 1.38743 7.38371 9.09698
124 4.94 0.932137 1.3848 0.969033 1.42478 7.66102 9.39225
125 4.98 0.94075 1.42123 0.955465 1.4622 7.47112 9.68488
126 5.02 0.931111 1.45786 0.945532 1.49983 7.68064 9.99058
127 5.06 0.912706 1.49434 0.928301 1.53737 7.48568 10.2933
128 5.1 0.926476 1.53197 0.929381 1.57555 7.3954 10.5971
129 5.14 0.91863 1.56986 0.902804 1.61322 7.21291 10.898
130 5.18 0.919733 1.60839 0.892983 1.65106 6.94558 11.1924
131 5.22 0.905694 1.64692 0.885472 1.68917 6.89484 11.4891
132 5.26 0.871582 1.68457 0.865246 1.72698 6.59087 11.7771
133 5.3 0.881409 1.72323 0.842077 1.76434 6.43379 12.0625
134 5.34 0.86502 1.76174 0.842543 1.80228 6.24563 12.3438
135 5.38 0.846211 1.79998 0.812786 1.83944 5.92165 12.6145
136 5.42 0.83579 1.83831 0.798508 1.87648 5.7569 12.8816
137 5.46 0.822697 1.8766 0.778724 1.91315 5.59017 13.1448
138 5.5 0.817628 1.91522 0.765059 1.9497 5.54757 13.4098
139 5.54 0.804047 1.95375 0.758858 1.98648 5.48165 13.6756
140 5.58 0.790768 1.99219 0.737193 2.02273 5.32749 13.9375
141 5.62 0.776136 2.03046 0.727801 2.05904 5.26609 14.2002
142 5.66 0.772778 2.06911 0.718113 2.09537 5.20272 14.4635
143 5.7 0.750878 2.1072 0.701279 2.13136 5.2071 14.7307
144 5.74 0.761548 2.14637 0.696486 2.1676 5.18048 15.0002
145 5.78 0.748138 2.1854 0.692982 2.20416 5.15294 15.2721
146 5.82 0.735238 2.22428 0.690608 2.24111 5.05531 15.5426
147 5.86 0.739156 2.26391 0.688719 2.27846 5.12355 15.8204
148 5.9 0.735824 2.3039 0.671007 2.31535 5.14261 16.1032
149 5.94 0.73186 2.34422 0.682426 2.35338 5.23463 16.3949
150 5.98 0.737706 2.3854 0.677419 2.39164 5.27359 16.6927
151 6.02 0.732254 2.42684 0.688895 2.43107 5.47858 17.0063
152 6.06 0.731669 2.46879 0.685642 2.47084 5.48023 17.3241
153 6.1 0.730515 2.51123 0.688154 2.51128 5.61494 17.6541
154 6.14 0.74249 2.55493 0.69318 2.55255 5.77592 17.998
155 6.18 0.735261 2.59877 0.700941 2.59483 6.01708 18.361
156 6.22 0.739758 2.64345 0.711606 2.63831 6.08469 18.7327
157 6.26 0.735997 2.68848 0.710986 2.68232 6.13089 19.1122
158 6.3 0.74126 2.73442 0.738153 2.72859 6.22672 19.5025
159 6.34 0.734774 2.78053 0.726423 2.7747 6.44022 19.9114
160 6.38 0.738641 2.82747 0.749512 2.82289 6.56784 20.3336
161 6.42 0.746242 2.87549 0.76054 2.87239 6.53074 20.7587
162 6.46 0.741447 2.9238 0.777847 2.92366 6.73219 21.2024
163 6.5 0.740679 2.97266 0.787548 2.97621 6.79707 21.656
164 6.54 0.733259 3.02163 0.799082 3.03019 6.78134 22.1141
165 6.58 0.74435 3.07194 0.808618 3.08548 6.96348 22.5902
166 6.62 0.746484 3.12302 0.821343 3.14233 6.97953 23.0733
167 6.66 0.742602 3.17444 0.825777 3.20018 6.97721 23.5621
168 6.7 0.755082 3.22736 0.837161 3.25953 6.87781 24.0497
169 6.74 0.75042 3.28059 0.85415 3.32082 6.89101 24.5441
170 6.78 0.770486 3.33588 0.848383 3.38241 6.85025 25.0414
171 6.82 0.776395 3.39227 0.861173 3.44567 6.90191 25.5484
172 6.86 0.782857 3.44978 0.866703 3.51009 6.92725 26.0633
173 6.9 0.787312 3.50831 0.871545 3.57562 6.91093 26.583
174 6.94 0.789343 3.56766 0.87074 3.64186 6.80609 27.1007
175 6.98 0.796458 3.62825 0.874595 3.70915 6.83827 27.6269
176 7.02 0.808086 3.69042 0.873222 3.77712 6.88289 28.1626
177 7.06 0.806205 3.75316 0.870885 3.84567 6.87987 28.7041
178 7.1 0.818903 3.81761 0.867929 3.91477 6.80942 29.2463
179 7.14 0.810179 3.88209 0.873194 3.98508 6.69943 29.7857
180 7.18 0.827533 3.9487 0.865491 4.05555 6.66252 30.3281
181 7.22 0.833213 4.01651 0.872607 4.12739 6.60411 30.8719
182 7.26 0.828913 4.08473 0.875439 4.20026 6.52691 31.4152
183 7.3 0.831896 4.15394 0.874378 4.27385 6.57483 31.9685
184 7.34 0.83177 4.2239 0.86503 4.34746 6.51168 32.5226
185 7.38 0.837456 4.29512 0.859265 4.42137 6.55607 33.0866
186 7.42 0.842729 4.36755 0.853361 4.49557 6.40754 33.6437
187 7.46 0.834348 4.44005 0.856235 4.57083 6.49782 34.2148
188 7.5 0.834379 4.51333 0.847361 4.64611 6.39177 34.7827
189 7.54 0.837967 4.5877 0.848352 4.72228 6.2446 35.3434
190 7.58 0.83814 4.66289 0.845182 4.79898 6.27492 35.9128
191 7.62 0.837701 4.73883 0.843312 4.87631 6.2036 36.4817
192 7.66 0.836191 4.81543 0.833669 4.95357 6.09179 37.0462
193 7.7 0.829612 4.89223 0.83389 5.03165 5.99329 37.6074
194 7.74 0.832036 4.97005 0.829097 5.1101 5.97296 38.1725
195 7.78 0.833822 5.04885 0.828359 5.18929 5.94468 38.7408
196 7.82 0.835708 5.12864 0.823593 5.26883 5.90166 39.3108
197 7.86 0.838534 5.20952 0.809602 5.34782 5.80319 39.877
198 7.9 0.832861 5.29067 0.809456 5.42761 5.74196 40.443
199 7.94 0.835248 5.37288 0.810395 5.5083 5.78149 41.0187
200 7.98 0.837927 5.45619 0.805434 5.5893 5.69423 41.5913
21000 200
1 0.02 0 0 0 0 0 0
2 0.06 0 0 0 0 0 0
3 0.1 0 0 0 0 0 0
4 0.14 0 0 0 0 0 0
5 0.18 0 0 0 0 0 0
6 0.22 0 0 0 0 0 0
7 0.26 0 0 0 0 0 0
8 0.3 0 0 0 0 0 0
9 0.34 0 0 0 0 0 0
10 0.38 0 0 0 0 0 0
11 0.42 0 0 0 0 0 0
12 0.46 0 0 0 0 0 0
13 0.5 0 0 0 0 0 0
14 0.54 0 0 0 0 0 0
15 0.58 0 0 0 0 0 0
16 0.62 0 0 0 0 0 0
17 0.66 0 0 0 0 0 0
18 0.7 0 0 0 0 0 0
19 0.74 0 0 0 0 0 0
20 0.78 0 0 0 0 0 0
21 0.82 0 0 0 0 0 0
22 0.86 0 0 0 0 0 0
23 0.9 0 0 0 0 0 0
24 0.94 0 0 0 0 0 0
25 0.98 0 0 0 0 0 0
26 1.02 0 0 0 0 0 0
27 1.06 0 0 0 0 0 0
28 1.1 0 0 0 0 0 0
29 1.14 0 0 0 0 0 0
30 1.18 0 0 0 0 0 0
31 1.22 0 0 0 0 0 0
32 1.26 0 0 0 0 0 0
33 1.3 0 0 0 0 0 0
34 1.34 0 0 0 0 0 0
35 1.38 0 0 0 0 0 0
36 1.42 0 0 0 0 0 0
37 1.46 0 0 0 0 0 0
38 1.5 0 0 0 0 0 0
39 1.54 0 0 0 0 0 0
40 1.58 0 0 0 0 0 0
41 1.62 0 0 0 0 0.00776215 3.21647e-05
42 1.66 0 0 0 0 0.384237 0.00170473
43 1.7 0 0 0 0 10.1248 0.0479254
44 1.74 0 0 0 0 56.0107 0.315793
45 1.78 0 0 0 0 122.487 0.92882
46 1.82 0 0 0 0 140.406 1.66346
47 1.86 0 0 0 0 102.619 2.22425
48 1.9 0 0 0 0 59.7002 2.56468
49 1.94 0 0 0 0 30.4173 2.74551
50 1.98 0 0 0 0 14.9068 2.83783
51 2.02 0 0 0 0 7.41079 2.88559
52 2.06 0 0 0 0 3.73315 2.91061
53 2.1 0 0 0 0 2.14707 2.92557
54 2.14 0 0 0.000261927 1.89394e-06 1.16937 2.93403
55 2.18 0 0 0.00327985 2.65152e-05 0.779836 2.93988
56 2.22 0 0 0.0158134 0.000149621 0.537139 2.94407
57 2.26 0 0 0.0582181 0.000619318 0.394708 2.94725
58 2.3 0.000229379 1.89394e-06 0.172938 0.00206439 0.361843 2.95027
59 2.34 0 1.89394e-06 0.381451 0.00536364 0.412786 2.95384
60 2.38 0.00214097 2.08333e-05 0.76859 0.0122405 0.269628 2.95626
61 2.42 0.0082844 9.65909e-05 1.23476 0.0236629 0.330325 2.95931
62 2.46 0.0364777 0.000441288 1.82025 0.0410625 0.423976 2.96336
63 2.5 0.111201 0.00152652 2.20543 0.0628352 0.472408 2.96803
64 2.54 0.266209 0.00420833 2.54576 0.0887784 0.61545 2.9743
65 2.58 0.550289 0.00992803 2.66052 0.116752 0.783171 2.98253
66 2.62 0.908573 0.0196667 2.63791 0.145354 1.06493 2.99408
67 2.66 1.40719 0.035214 2.51019 0.173409 1.04754 3.00579
68 2.7 1.90587 0.0569091 2.31169 0.200028 1.23463 3.02001
69 2.74 2.28231 0.0836648 2.07413 0.224625 1.16086 3.03377
70 2.78 2.53445 0.11425 1.79052 0.246483 1.22256 3.0487
71 2.82 2.61285 0.146695 1.61208 0.266733 1.0396 3.06176
72 2.86 2.66437 0.180725 1.37792 0.284536 0.833968 3.07253
73 2.9 2.506 0.213634 1.21442 0.300669 0.953991 3.0852
74 2.94 2.3075 0.244778 1.07785 0.315384 0.859882 3.09694
75 2.98 2.0751 0.273553 0.970795 0.329002 0.830064 3.10859
76 3.02 1.84629 0.299847 0.862686 0.34143 0.953363 3.12232
77 3.06 1.58628 0.32304 0.776762 0.352919 0.950355 3.13638
78 3.1 1.42079 0.34436 0.730151 0.364002 1.1188 3.15336
79 3.14 1.2185 0.363119 0.676398 0.374536 1.03888 3.16954
80 3.18 1.08309 0.380222 0.641699 0.384786 1.25451 3.18958
81 3.22 0.977268 0.396044 0.591743 0.394477 1.30407 3.21094
82 3.26 0.874564 0.410557 0.593897 0.404447 1.49264 3.23599
83 3.3 0.802598 0.424205 0.563621 0.414142 1.57632 3.26311
84 3.34 0.740865 0.43711 0.560627 0.424021 1.78703 3.2946
85 3.38 0.679902 0.449239 0.558982 0.434108 2.00702 3.33081
86 3.42 0.650406 0.461117 0.557057 0.4444 2.40778 3.3753
87 3.46 0.637988 0.473044 0.568488 0.45515 2.79632 3.42818
88 3.5 0.640119 0.485288 0.563003 0.466044 3.16334 3.48939
89 3.54 0.63687 0.49775 0.578777 0.4775 3.62686 3.56118
90 3.58 0.62499 0.510258 0.592293 0.489491 3.79568 3.63802
91 3.62 0.639855 0.52335 0.617705 0.502277 4.12564 3.72342
92 3.66 0.650574 0.536958 0.639275 0.515803 4.39168 3.81634
93 3.7 0.676007 0.551409 0.652416 0.529911 4.72713 3.91856
94 3.74 0.70819 0.566877 0.679771 0.54493 4.91334 4.02711
95 3.78 0.747779 0.583561 0.707582 0.5609 5.16043 4.14358
96 3.82 0.782159 0.601383 0.74157 0.577992 5.226 4.26404
97 3.86 0.828632 0.620661 0.754121 0.595741 5.19754 4.38636
98 3.9 0.855979 0.640991 0.77397 0.614335 5.31238 4.51399
99 3.94 0.903617 0.662894 0.794795 0.633824 5.0279 4.63728
100 3.98 0.945119 0.686271 0.805168 0.65397 4.89526 4.75976
101 4.02 0.977132 0.710928 0.831215 0.675188 4.821 4.88282
102 4.06 0.990509 0.736422 0.846778 0.697235 4.3929 4.9972
103 4.1 1.01594 0.763089 0.868999 0.720309 4.45546 5.1155
104 4.14 1.01919 0.790366 0.892024 0.744458 4.29367 5.23175
105 4.18 1.02255 0.818263 0.896234 0.769193 4.2912 5.35018
106 4.22 0.999577 0.846059 0.925447 0.795225 4.51893 5.47729
107 4.26 0.969791 0.87354 0.948516 0.822415 4.57812 5.60852
108 4.3 0.950527 0.900983 0.973626 0.85085 4.70808 5.74603
109 4.34 0.938688 0.928591 0.990962 0.880333 5.15903 5.89952
110 4.38 0.899618 0.95554 1.01332 0.91104 5.29769 6.06005
111 4.42 0.87273 0.982163 1.04822 0.943386 5.53364 6.23081
112 4.46 0.873365 1.00929 1.06983 0.977 5.90578 6.41637
113 4.5 0.867076 1.03671 1.10442 1.01233 6.31409 6.61833
114 4.54 0.875111 1.06487 1.11139 1.04851 6.40585 6.82689
115 4.58 0.84647 1.0926 1.12447 1.08577 6.62744 7.04648
116 4.62 0.870066 1.12159 1.12666 1.12375 6.67442 7.2715
117 4.66 0.869267 1.15107 1.11729 1.16208 6.9213 7.50891
118 4.7 0.893412 1.18189 1.07984 1.19975 7.23449 7.76134
119 4.74 0.909813 1.2138 1.07413 1.23787 7.10565 8.01351
120 4.78 0.905214 1.2461 1.06625 1.27635 7.30901 8.27729
121 4.82 0.916362 1.27934 1.01735 1.31369 7.27229 8.54416
122 4.86 0.932605 1.31374 0.992194 1.3507 7.4169 8.82087
123 4.9 0.929771 1.3486 0.983352 1.388 7.39305 9.10125
124 4.94 0.935751 1.38425 0.961641 1.42507 7.46483 9.389
125 4.98 0.943473 1.42079 0.955639 1.4625 7.47188 9.6817
126 5.02 0.945005 1.45798 0.936377 1.49977 7.65224 9.9863
127 5.06 0.9342 1.49532 0.936385 1.53764 7.4737 10.2885
128 5.1 0.932469 1.5332 0.915571 1.57526 7.4203 10.5934
129 5.14 0.913561 1.57088 0.905008 1.61303 7.20353 10.894
130 5.18 0.908958 1.60897 0.906774 1.65146 7.04569 11.1926
131 5.22 0.887913 1.64674 0.878628 1.68927 6.95379 11.4919
132 5.26 0.894142 1.68537 0.854524 1.72662 6.72404 11.7858
133 5.3 0.877934 1.72388 0.854054 1.76451 6.44026 12.0715
134 5.34 0.859343 1.76214 0.823353 1.8016 6.10067 12.3463
135 5.38 0.850842 1.8006 0.813432 1.83879 5.90119 12.6161
136 5.42 0.839735 1.83912 0.801065 1.87596 5.70141 12.8807
137 5.46 0.822147 1.87739 0.784705 1.91291 5.68104 13.1482
138 5.5 0.818889 1.91607 0.778325 1.9501 5.53948 13.4129
139 5.54 0.795218 1.95418 0.753767 1.98664 5.45048 13.6771
140 5.58 0.790909 1.99263 0.738146 2.02294 5.48511 13.9469
141 5.62 0.784183 2.0313 0.737888 2.05976 5.2171 14.2071
142 5.66 0.762533 2.06945 0.714804 2.09593 5.24786 14.4727
143 5.7 0.758704 2.10794 0.707724 2.13225 5.15317 14.7372
144 5.74 0.755381 2.1468 0.696512 2.16849 5.07357 15.0012
145 5.78 0.742931 2.18556 0.690101 2.20491 5.04625 15.2675
146 5.82 0.740662 2.22473 0.689072 2.24178 5.11238 15.541
147 5.86 0.73949 2.26438 0.683644 2.27886 5.05824 15.8154
148 5.9 0.732072 2.30417 0.675165 2.31598 5.20754 16.1017
149 5.94 0.742154 2.34506 0.679487 2.35385 5.22131 16.3927
150 5.98 0.732935 2.38599 0.676731 2.39208 5.20007 16.6864
151 6.02 0.736548 2.42767 0.688545 2.43149 5.4009 16.9956
152 6.06 0.734291 2.46977 0.690394 2.47154 5.60209 17.3206
153 6.1 0.741377 2.51285 0.679917 2.5115 5.61152 17.6504
154 6.14 0.73973 2.5564 0.693381 2.55279 5.70878 17.9903
155 6.18 0.733616 2.60015 0.701454 2.59511 6.0334 18.3543
156 6.22 0.734749 2.64453 0.709971 2.63849 6.08872 18.7264
157 6.26 0.734485 2.68948 0.718917 2.68299 6.28134 19.1152
158 6.3 0.733685 2.73495 0.728305 2.72865 6.37527 19.5149
159 6.34 0.732331 2.78091 0.740534 2.77567 6.37714 19.9197
160 6.38 0.743561 2.82817 0.742149 2.82339 6.56555 20.3419
161 6.42 0.738708 2.87571 0.765509 2.87322 6.62283 20.773
162 6.46 0.739903 2.92392 0.776603 2.92441 6.73478 21.217
163 6.5 0.742941 2.97294 0.792018 2.97727 6.72589 21.6658
164 6.54 0.748567 3.02293 0.803022 3.03152 6.82717 22.1271
165 6.58 0.742075 3.0731 0.811567 3.08702 6.80933 22.5928
166 6.62 0.743902 3.12401 0.817057 3.14358 6.90574 23.0708
167 6.66 0.751153 3.17603 0.821759 3.20116 6.88177 23.5529
168 6.7 0.752262 3.22876 0.844721 3.26105 6.91328 24.0431
169 6.74 0.757457 3.28249 0.8418 3.32146 6.91614 24.5394
170 6.78 0.759682 3.33702 0.854015 3.38347 6.85872 25.0374
171 6.82 0.774421 3.39326 0.856017 3.44636 6.99699 25.5515
172 6.86 0.775082 3.45022 0.875313 3.51142 6.88662 26.0634
173 6.9 0.788263 3.50882 0.865699 3.57652 6.89083 26.5816
174 6.94 0.792623 3.56843 0.868194 3.64257 6.84461 27.1023
175 6.98 0.803081 3.62952 0.870651 3.70957 6.79396 27.6251
176 7.02 0.799544 3.69105 0.872948 3.77752 6.88159 28.1608
177 7.06 0.809636 3.75406 0.872392 3.84621 6.85369 28.7004
178 7.1 0.813366 3.81808 0.880741 3.91634 6.75773 29.2385
179 7.14 0.828308 3.88402 0.876262 3.9869 6.74415 29.7815
180 7.18 0.819175 3.94996 0.874923 4.05814 6.6202 30.3206
181 7.22 0.825525 4.01715 0.870108 4.12979 6.64827 30.868
182 7.26 0.830354 4.08549 0.866573 4.20193 6.59991 31.4175
183 7.3 0.834071 4.1549 0.863201 4.27459 6.59542 31.9727
184 7.34 0.832886 4.22496 0.865681 4.34826 6.56758 32.5316
185 7.38 0.833617 4.29586 0.862753 4.42248 6.54706 33.0948
186 7.42 0.836347 4.36776 0.858615 4.49715 6.47261 33.6577
187 7.46 0.839805 4.44073 0.85667 4.57245 6.44068 34.2238
188 7.5 0.830008 4.51363 0.85472 4.6484 6.40477 34.7929
189 7.54 0.84273 4.58845 0.843079 4.7241 6.30077 35.3587
190 7.58 0.838693 4.66369 0.84366 4.80067 6.26636 35.9274
191 7.62 0.836826 4.73956 0.834144 4.87717 6.15519 36.4919
192 7.66 0.829411 4.81555 0.837738 4.95482 6.15698 37.0626
193 7.7 0.836669 4.89301 0.824686 5.03205 6.03098 37.6274
194 7.74 0.836266 4.97124 0.83286 5.11086 5.92941 38.1885
195 7.78 0.837748 5.05041 0.825345 5.18977 5.91772 38.7542
196 7.82 0.830728 5.12974 0.81757 5.26874 5.83903 39.3182
197 7.86 0.836095 5.21039 0.816628 5.34843 5.81435 39.8856
198 7.9 0.832607 5.29153 0.813243 5.4286 5.79152 40.4565
199 7.94 0.834916 5.37372 0.808432 5.5091 5.69615 41.0238
200 7.98 0.828928 5.45615 0.810498 5.59063 5.65647 41.5927
22000 200
1 0.02 0 0 0 0 0 0
2 0.06 0 0 0 0 0 0
3 0.1 0 0 0 0 0 0
4 0.14 0 0 0 0 0 0
5 0.18 0 0 0 0 0 0
6 0.22 0 0 0 0 0 0
7 0.26 0 0 0 0 0 0
8 0.3 0 0 0 0 0 0
9 0.34 0 0 0 0 0 0
10 0.38 0 0 0 0 0 0
11 0.42 0 0 0 0 0 0
12 0.46 0 0 0 0 0 0
13 0.5 0 0 0 0 0 0
14 0.54 0 0 0 0 0 0
15 0.58 0 0 0 0 0 0
16 0.62 0 0 0 0 0 0
17 0.66 0 0 0 0 0 0
18 0.7 0 0 0 0 0 0
19 0.74 0 0 0 0 0 0
20 0.78 0 0 0 0 0 0
21 0.82 0 0 0 0 0 0
22 0.86 0 0 0 0 0 0
23 0.9 0 0 0 0 0 0
24 0.94 0 0 0 0 0 0
25 0.98 0 0 0 0 0 0
26 1.02 0 0 0 0 0 0
27 1.06 0 0 0 0 0 0
28 1.1 0 0 0 0 0 0
29 1.14 0 0 0 0 0 0
30 1.18 0 0 0 0 0 0
31 1.22 0 0 0 0 0 0
32 1.26 0 0 0 0 0 0
33 1.3 0 0 0 0 0 0
34 1.34 0 0 0 0 0 0
35 1.38 0 0 0 0 0 0
36 1.42 0 0 0 0 0 0
37 1.46 0 0 0 0 0 0
38 1.5 0 0 0 0 0 0
39 1.54 0 0 0 0 0 0
40 1.58 0 0 0 0 0 0
41 1.62 0 0 0 0 0.00775122 3.21647e-05
42 1.66 0 0 0 0 0.539252 0.00238019
43 1.7 0 0 0 0 9.82602 0.0472499
44 1.74 0 0 0 0 55.222 0.311418
45 1.78 0 0 0 0 121.823 0.921293
46 1.82 0 0 0 0 140.49 1.65658
47 1.86 0 0 0 0 103.862 2.22432
48 1.9 0 0 0 0 60.0779 2.567
49 1.94 0 0 0 0 30.4792 2.74825
50 1.98 0 0 0 0 14.4252 2.8376
51 2.02 0 0 0 0 7.28882 2.88459
52 2.06 0 0 0 0 3.91927 2.91087
53 2.1 0 0 0 0 2.2849 2.92679
54 2.14 0 0 0.000785136 5.68182e-06 1.04464 2.93435
55 2.18 0 0 0.00403548 3.59848e-05 0.839591 2.94066
56 2.22 0 0 0.0184842 0.000179924 0.545224 2.9449
57 2.26 0 0 0.0617235 0.00067803 0.434457 2.94841
58 2.3 0 0 0.169038 0.00209091 0.32325 2.95111
59 2.34 0.000221532 1.89394e-06 0.390976 0.00547348 0.304852 2.95375
60 2.38 0.00149884 1.51515e-05 0.778323 0.0124394 0.330633 2.95671
61 2.42 0.00869638 9.4697e-05 1.22603 0.0237841 0.358041 2.96002
62 2.46 0.0348653 0.000424242 1.76288 0.0406402 0.396944 2.96381
63 2.5 0.116018 0.00155682 2.27118 0.0630682 0.495061 2.9687
64 2.54 0.267824 0.00425568 2.54262 0.0889867 0.60581 2.97488
65 2.58 0.541394 0.00988447 2.6598 0.11696 0.770699 2.98298
66 2.62 0.950524 0.0200758 2.6375 0.145566 1.06169 2.9945
67 2.66 1.40047 0.035553 2.51999 0.173739 1.13358 3.00717
68 2.7 1.87508 0.0569034 2.29841 0.200212 1.27058 3.02181
69 2.74 2.25939 0.0833977 2.04976 0.224527 1.28255 3.03702
70 2.78 2.56638 0.114377 1.82804 0.246848 1.1274 3.05079
71 2.82 2.68194 0.147689 1.58586 0.266775 0.919006 3.06234
72 2.86 2.62079 0.181172 1.38823 0.284716 0.888526 3.07382
73 2.9 2.46739 0.213583 1.24301 0.301233 0.910111 3.08591
74 2.94 2.31738 0.244869 1.07726 0.315945 0.899673 3.0982
75 2.98 2.08723 0.27382 0.948922 0.329259 0.811512 3.10959
76 3.02 1.84762 0.30014 0.860871 0.341665 0.903999 3.12261
77 3.06 1.60565 0.323623 0.781153 0.353222 1.03489 3.13792
78 3.1 1.40084 0.34465 0.727072 0.364261 1.0528 3.15391
79 3.14 1.21742 0.363398 0.680463 0.374862 1.16039 3.17198
80 3.18 1.07187 0.380328 0.631577 0.384953 1.11124 3.18974
81 3.22 0.976172 0.396136 0.592043 0.394652 1.31551 3.21129
82 3.26 0.877066 0.410695 0.58505 0.404475 1.43089 3.23532
83 3.3 0.789456 0.424123 0.567866 0.414246 1.60761 3.26298
84 3.34 0.741424 0.437042 0.56649 0.424231 1.85773 3.29572
85 3.38 0.690231 0.449358 0.564492 0.43442 2.13831 3.33432
86 3.42 0.653438 0.461295 0.557006 0.444714 2.37225 3.37816
87 3.46 0.648036 0.473413 0.549302 0.455104 2.80237 3.43117
88 3.5 0.623017 0.485333 0.563335 0.466008 3.05609 3.49032
89 3.54 0.615309 0.497377 0.57938 0.477479 3.54789 3.56057
90 3.58 0.632387 0.510036 0.591849 0.489464 3.84711 3.63847
91 3.62 0.647998 0.523299 0.611132 0.502117 4.19593 3.72535
92 3.66 0.6637 0.537186 0.638027 0.515621 4.57734 3.82223
93 3.7 0.679007 0.551705 0.661688 0.529934 4.61132 3.92197
94 3.74 0.702364 0.567049 0.685149 0.545076 4.90181 4.0303
95 3.78 0.739339 0.583549 0.69858 0.560847 5.09489 4.14532
96 3.82 0.784017 0.601419 0.72313 0.577519 5.16736 4.26446
97 3.86 0.822703 0.620564 0.753348 0.595254 5.28355 4.38884
98 3.9 0.860611 0.641009 0.779357 0.613983 5.19978 4.5138
99 3.94 0.912506 0.663134 0.79766 0.633547 5.17342 4.64069
100 3.98 0.937814 0.686337 0.824315 0.654178 4.8399 4.76182
101 4.02 0.989249 0.711307 0.833357 0.675456 4.73903 4.88282
102 4.06 0.995378 0.736934 0.852072 0.697648 4.635 5.00354
103 4.1 1.00967 0.763443 0.871891 0.720805 4.38515 5.12001
104 4.14 1.01897 0.790722 0.886036 0.744799 4.45169 5.24056
105 4.18 1.0292 0.818809 0.901886 0.769697 4.32846 5.36005
106 4.22 0.987521 0.846277 0.898804 0.794987 4.23306 5.47916
107 4.26 0.970728 0.873792 0.949442 0.82221 4.52303 5.60885
108 4.3 0.940096 0.900941 0.96214 0.850318 4.86092 5.75085
109 4.34 0.929152 0.928277 0.976685 0.879384 4.97817 5.899
110 4.38 0.904176 0.955369 1.02704 0.910515 5.3959 6.06256
111 4.42 0.887192 0.982441 1.04511 0.942775 5.57492 6.23464
112 4.46 0.885865 1.00996 1.06524 0.976254 5.93581 6.4212
113 4.5 0.853425 1.03696 1.10908 1.01174 6.2128 6.61997
114 4.54 0.858213 1.06459 1.12417 1.04835 6.42875 6.82933
115 4.58 0.864562 1.09291 1.13165 1.08585 6.58386 7.04754
116 4.62 0.886073 1.12245 1.13129 1.12401 6.76598 7.27572
117 4.66 0.883044 1.1524 1.10527 1.16193 6.98692 7.51544
118 4.7 0.893271 1.18322 1.09403 1.20011 6.97447 7.75886
119 4.74 0.911074 1.21519 1.08349 1.23857 7.24322 8.01599
120 4.78 0.900242 1.24732 1.04858 1.27643 7.19738 8.27581
121 4.82 0.922415 1.28079 1.02909 1.3142 7.45162 8.54934
122 4.86 0.922858 1.31484 1.00628 1.35176 7.42003 8.82625
123 4.9 0.930874 1.34975 0.98198 1.38901 7.46981 9.10962
124 4.94 0.926494 1.38506 0.976799 1.42667 7.46194 9.39733
125 4.98 0.934022 1.42124 0.941497 1.46356 7.47063 9.69006
126 5.02 0.931654 1.45791 0.937402 1.50089 7.50386 9.98884
127 5.06 0.926547 1.49496 0.927557 1.53841 7.34678 10.286
128 5.1 0.923865 1.5325 0.919608 1.5762 7.55995 10.5967
129 5.14 0.924919 1.57066 0.914061 1.61436 7.26009 10.8998
130 5.18 0.911277 1.60885 0.900398 1.65253 6.97999 11.1957
131 5.22 0.892204 1.64683 0.883484 1.69056 6.86371 11.4912
132 5.26 0.893634 1.68544 0.860355 1.72817 6.62947 11.781
133 5.3 0.869919 1.72361 0.852622 1.76602 6.4471 12.0671
134 5.34 0.880622 1.76283 0.825815 1.80322 6.11463 12.3426
135 5.38 0.850021 1.80126 0.822773 1.84085 5.89046 12.612
136 5.42 0.835622 1.8396 0.791209 1.87757 5.86966 12.8844
137 5.46 0.817978 1.87769 0.774758 1.91406 5.68766 13.1523
138 5.5 0.813897 1.91614 0.758058 1.9503 5.58433 13.4192
139 5.54 0.796099 1.9543 0.754493 1.98688 5.44492 13.6833
140 5.58 0.796335 1.99303 0.736132 2.0231 5.29136 13.9436
141 5.62 0.772834 2.03116 0.736162 2.05983 5.24534 14.2053
142 5.66 0.766034 2.06949 0.715881 2.09607 5.21467 14.4693
143 5.7 0.753041 2.1077 0.709555 2.13249 5.26707 14.7397
144 5.74 0.752887 2.14645 0.693957 2.16862 5.08203 15.0042
145 5.78 0.749002 2.18553 0.703002 2.20573 5.00952 15.2686
146 5.82 0.740922 2.22473 0.688314 2.24256 5.09053 15.5411
147 5.86 0.736809 2.26425 0.680068 2.27946 5.05327 15.8152
148 5.9 0.736712 2.3043 0.681377 2.31694 5.20138 16.1013
149 5.94 0.741807 2.34518 0.678891 2.35478 5.30642 16.3971
150 5.98 0.735917 2.38629 0.672355 2.39277 5.35176 16.6995
151 6.02 0.740932 2.42823 0.678105 2.4316 5.44717 17.0114
152 6.06 0.739401 2.47064 0.684259 2.4713 5.5656 17.3344
153 6.1 0.736939 2.51347 0.689489 2.51184 5.61163 17.6643
154 6.14 0.73496 2.55674 0.696048 2.5533 5.79464 18.0094
155 6.18 0.732648 2.60045 0.704084 2.59578 5.8292 18.3612
156 6.22 0.736576 2.64496 0.704133 2.63883 6.13281 18.7361
157 6.26 0.742419 2.6904 0.71453 2.68307 6.18974 19.1193
158 6.3 0.748084 2.73677 0.727892 2.72871 6.31138 19.5151
159 6.34 0.738916 2.78316 0.739135 2.77565 6.43763 19.9239
160 6.38 0.737424 2.83005 0.752514 2.82405 6.50671 20.3424
161 6.42 0.741797 2.8778 0.764832 2.87386 6.65213 20.7756
162 6.46 0.733858 2.92563 0.780666 2.92533 6.64952 21.214
163 6.5 0.740955 2.97453 0.789783 2.97805 6.77801 21.6665
164 6.54 0.744818 3.02429 0.791925 3.03157 6.85048 22.1294
165 6.58 0.746575 3.07477 0.815413 3.08735 6.85493 22.5984
166 6.62 0.74585 3.12583 0.826537 3.14458 6.8671 23.0739
167 6.66 0.748624 3.17769 0.832181 3.2029 6.89405 23.557
168 6.7 0.75805 3.23084 0.842432 3.26265 6.89003 24.0457
169 6.74 0.754792 3.28439 0.84584 3.32336 6.92681 24.5428
170 6.78 0.763399 3.3392 0.849475 3.38506 6.88693 25.043
171 6.82 0.771991 3.39529 0.865314 3.44865 6.91802 25.5514
172 6.86 0.780613 3.45266 0.865263 3.51298 6.99589 26.0716
173 6.9 0.782208 3.51083 0.878148 3.57904 6.88549 26.5895
174 6.94 0.790266 3.57028 0.871836 3.64538 6.84987 27.1108
175 6.98 0.795416 3.63081 0.864183 3.71191 6.79711 27.634
176 7.02 0.811919 3.6933 0.872145 3.77981 6.93465 28.174
177 7.06 0.799706 3.75556 0.873354 3.84859 6.81138 28.7104
178 7.1 0.818214 3.81998 0.873716 3.91818 6.75137 29.2481
179 7.14 0.818682 3.88517 0.868964 3.98817 6.75342 29.7921
180 7.18 0.825768 3.95166 0.867868 4.05886 6.72182 30.3396
181 7.22 0.823391 4.0187 0.878558 4.13122 6.57883 30.8814
182 7.26 0.831759 4.08717 0.870497 4.20372 6.52508 31.4248
183 7.3 0.828674 4.15615 0.872342 4.27716 6.55273 31.9766
184 7.34 0.835624 4.22646 0.858167 4.35021 6.56499 32.5354
185 7.38 0.829442 4.29702 0.860707 4.42428 6.49213 33.094
186 7.42 0.834352 4.36877 0.86334 4.49938 6.40421 33.6511
187 7.46 0.838326 4.44164 0.850874 4.5742 6.42573 34.2161
188 7.5 0.837924 4.51526 0.851756 4.6499 6.35808 34.7812
189 7.54 0.843563 4.59016 0.8408 4.72542 6.28973 35.3462
190 7.58 0.836584 4.66524 0.840317 4.8017 6.24304 35.9129
191 7.62 0.832835 4.74077 0.83771 4.87856 6.18783 36.4806
192 7.66 0.833767 4.81718 0.839447 4.95638 6.15424 37.0511
193 7.7 0.8374 4.89473 0.829613 5.03409 6.02317 37.6154
194 7.74 0.832473 4.97262 0.826401 5.11232 5.958 38.1793
195 7.78 0.837834 5.05183 0.824722 5.19119 5.93929 38.7473
196 7.82 0.836426 5.13172 0.819148 5.27033 5.92395 39.3197
197 7.86 0.836512 5.21244 0.815642 5.34995 5.74617 39.8806
198 7.9 0.836144 5.29394 0.815127 5.43033 5.82643 40.4551
199 7.94 0.832183 5.37589 0.81228 5.51123 5.72493 41.0253
200 7.98 0.828965 5.45834 0.811043 5.59284 5.73865 41.6027
23000 200
1 0.02 0 0 0 0 0 0
2 0.06 0 0 0 0 0 0
3 0.1 0 0 0 0 0 0
4 0.14 0 0 0 0 0 0
5 0.18 0 0 0 0 0 0
6 0.22 0 0 0 0 0 0
7 0.26 0 0 0 0 0 0
8 0.3 0 0 0 0 0 0
9 0.34 0 0 0 0 0 0
10 0.38 0 0 0 0 0 0
11 0.42 0 0 0 0 0 0
12 0.46 0 0 0 0 0 0
13 0.5 0 0 0 0 0 0
14 0.54 0 0 0 0 0 0
15 0.58 0 0 0 0 0 0
16 0.62 0 0 0 0 0 0
17 0.66 0 0 0 0 0 0
18 0.7 0 0 0 0 0 0
19 0.74 0 0 0 0 0 0
20 0.78 0 0 0 0 0 0
21 0.82 0 0 0 0 0 0
22 0.86 0 0 0 0 0 0
23 0.9 0 0 0 0 0 0
24 0.94 0 0 0 0 0 0
25 0.98 0 0 0 0 0 0
26 1.02 0 0 0 0 0 0
27 1.06 0 0 0 0 0 0
28 1.1 0 0 0 0 0 0
29 1.14 0 0 0 0 0 0
30 1.18 0 0 0 0 0 0
31 1.22 0 0 0 0 0 0
32 1.26 0 0 0 0 0 0
33 1.3 0 0 0 0 0 0
34 1.34 0 0 0 0 0 0
35 1.38 0 0 0 0 0 0
36 1.42 0 0 0 0 0 0
37 1.46 0 0 0 0 0 0
38 1.5 0 0 0 0 0 0
39 1.54 0 0 0 0 0 0
40 1.58 0 0 0 0 0 0
41 1.62 0 0 0 0 0 0
42 1.66 0 0 0 0 0.531717 0.00231586
43 1.7 0 0 0 0 9.72456 0.0467353
44 1.74 0 0 0 0 56.0791 0.315085
45 1.78 0 0 0 0 121.221 0.922129
46 1.82 0 0 0 0 140.109 1.65564
47 1.86 0 0 0 0 103.906 2.2238
48 1.9 0 0 0 0 60.3815 2.56832
49 1.94 0 0 0 0 30.1401 2.7476
50 1.98 0 0 0 0 14.379 2.8367
51 2.02 0 0 0.000293795 1.89394e-06 7.42129 2.88456
52 2.06 0 0 0 1.89394e-06 3.8845 2.91061
53 2.1 0 0 0 1.89394e-06 2.17349 2.92576
54 2.14 0 0 0 1.89394e-06 1.1954 2.93442
55 2.18 0 0 0.0042862 3.40909e-05 0.843591 2.94075
56 2.22 0 0 0.0136151 0.000140152 0.536805 2.94493
57 2.26 0 0 0.0572467 0.000602273 0.418364 2.94831
58 2.3 0 0 0.177368 0.00208523 0.407789 2.95172
59 2.34 0 0 0.394361 0.00549811 0.301054 2.95433
60 2.38 0.00149788 1.32576e-05 0.758418 0.0122879 0.323346 2.95722
61 2.42 0.0117975 0.000121212 1.22586 0.0236345 0.375294 2.96069
62 2.46 0.0348545 0.000450758 1.74057 0.0402822 0.380016 2.96433
63 2.5 0.107063 0.00149621 2.21814 0.0621932 0.514483 2.96941
64 2.54 0.265676 0.00417424 2.55708 0.088267 0.621429 2.97575
65 2.58 0.533401 0.00972159 2.70039 0.116676 0.752139 2.98366
66 2.62 0.96031 0.0200208 2.64038 0.145322 0.97541 2.99424
67 2.66 1.41271 0.0356383 2.54616 0.173795 1.1102 3.00666
68 2.7 1.87999 0.0570511 2.33599 0.20071 1.20597 3.02055
69 2.74 2.27228 0.0837045 2.04706 0.225 1.23339 3.03519
70 2.78 2.52089 0.114144 1.825 0.247292 1.12177 3.04889
71 2.82 2.65231 0.147098 1.56323 0.266939 1.02621 3.06179
72 2.86 2.64089 0.180848 1.37214 0.284678 0.893207 3.07334
73 2.9 2.5093 0.21382 1.22768 0.300996 0.888084 3.08514
74 2.94 2.3077 0.244985 1.0725 0.315648 0.892336 3.09733
75 2.98 2.05724 0.273528 0.949311 0.328972 0.838775 3.1091
76 3.02 1.83019 0.299608 0.853905 0.34128 0.937192 3.12261
77 3.06 1.62277 0.323348 0.790132 0.352973 0.934582 3.13644
78 3.1 1.38489 0.344142 0.738326 0.364188 1.07579 3.15278
79 3.14 1.23266 0.363131 0.676125 0.374723 1.12697 3.17034
80 3.18 1.09625 0.380451 0.626157 0.384731 1.29804 3.19109
81 3.22 0.973652 0.396223 0.606195 0.394665 1.45444 3.21492
82 3.26 0.864709 0.410581 0.579341 0.404396 1.396 3.23837
83 3.3 0.798898 0.424174 0.570664 0.414218 1.5343 3.26478
84 3.34 0.737718 0.437032 0.561485 0.424117 1.90091 3.2983
85 3.38 0.69065 0.44936 0.550997 0.434066 1.97911 3.33403
86 3.42 0.656662 0.46136 0.550478 0.444242 2.46377 3.37958
87 3.46 0.632756 0.473195 0.575163 0.455125 2.74714 3.43155
88 3.5 0.627282 0.485201 0.566885 0.4661 3.20302 3.49357
89 3.54 0.626629 0.49747 0.580539 0.477598 3.5257 3.5634
90 3.58 0.632283 0.510131 0.58924 0.489534 3.89514 3.6423
91 3.62 0.637723 0.523188 0.60427 0.502049 4.13103 3.72785
92 3.66 0.660329 0.537008 0.641051 0.515621 4.34202 3.81978
93 3.7 0.696866 0.551913 0.660703 0.529917 4.56976 3.91866
94 3.74 0.690445 0.567002 0.682371 0.545002 4.8217 4.02525
95 3.78 0.740134 0.583525 0.702308 0.560862 4.97656 4.13763
96 3.82 0.778047 0.601263 0.730135 0.577701 5.28849 4.2596
97 3.86 0.809277 0.620102 0.745642 0.595259 5.19038 4.38183
98 3.9 0.878912 0.640989 0.769422 0.613756 5.12196 4.50495
99 3.94 0.902621 0.662881 0.802128 0.633436 5.23475 4.63339
100 3.98 0.934849 0.686017 0.82588 0.654112 5.00166 4.7586
101 4.02 0.979795 0.710756 0.836144 0.675468 4.72376 4.87925
102 4.06 1.00251 0.736574 0.84796 0.697559 4.64839 5.00035
103 4.1 1.00965 0.763091 0.870055 0.720674 4.36808 5.1164
104 4.14 1.02779 0.790614 0.882971 0.744593 4.40755 5.2358
105 4.18 1.01959 0.818447 0.890779 0.769191 4.53792 5.36111
106 4.22 0.997557 0.846203 0.920532 0.7951 4.4649 5.48678
107 4.26 0.966225 0.873598 0.934431 0.821902 4.45881 5.61467
108 4.3 0.950036 0.901044 0.966123 0.850134 4.68447 5.75156
109 4.34 0.933572 0.928517 0.994714 0.879746 5.0404 5.90161
110 4.38 0.906427 0.955686 1.02641 0.910867 5.24894 6.06076
111 4.42 0.880288 0.982555 1.04601 0.943165 5.5794 6.23303
112 4.46 0.867493 1.00952 1.06607 0.97668 5.89414 6.41833
113 4.5 0.855849 1.03659 1.10294 1.01198 6.17777 6.61605
114 4.54 0.86854 1.06456 1.11173 1.0482 6.36068 6.82326
115 4.58 0.872795 1.09317 1.14004 1.08599 6.66622 7.04426
116 4.62 0.875807 1.12237 1.12909 1.12408 6.81448 7.27414
117 4.66 0.887349 1.15248 1.11785 1.16245 7.05033 7.51611
118 4.7 0.881366 1.1829 1.09516 1.20068 7.12621 7.76491
119 4.74 0.899466 1.21447 1.06678 1.23856 7.1595 8.01914
120 4.78 0.898799 1.24656 1.0554 1.27667 7.15243 8.27742
121 4.82 0.937894 1.2806 1.02867 1.31444 7.28037 8.54474
122 4.86 0.92596 1.31477 1.00212 1.35185 7.44706 8.82274
123 4.9 0.933925 1.3498 0.97624 1.3889 7.36581 9.10225
124 4.94 0.929147 1.38523 0.957597 1.42583 7.39962 9.38765
125 4.98 0.926842 1.42114 0.954742 1.46325 7.53231 9.68289
126 5.02 0.926079 1.45761 0.940586 1.50072 7.43376 9.97896
127 5.06 0.946675 1.49548 0.932186 1.53844 7.60367 10.2867
128 5.1 0.923911 1.53302 0.912831 1.57596 7.30725 10.587
129 5.14 0.912206 1.57067 0.905257 1.61376 7.23553 10.8892
130 5.18 0.908471 1.60876 0.897983 1.65184 6.99451 11.1858
131 5.22 0.892198 1.64674 0.870994 1.68935 6.95199 11.4852
132 5.26 0.896819 1.68551 0.85632 1.7268 6.62894 11.775
133 5.3 0.883423 1.72428 0.855349 1.76477 6.42418 12.0602
134 5.34 0.864242 1.76278 0.819511 1.8017 6.27121 12.3429
135 5.38 0.846746 1.80108 0.820785 1.83925 5.97933 12.6164
136 5.42 0.835824 1.83944 0.7988 1.87634 5.76738 12.8842
137 5.46 0.821424 1.8777 0.787622 1.91345 5.70096 13.1528
138 5.5 0.824027 1.91664 0.763293 1.94994 5.44071 13.4129
139 5.54 0.798031 1.95491 0.746535 1.98615 5.44068 13.6768
140 5.58 0.782347 1.99297 0.74876 2.023 5.31786 13.9385
141 5.62 0.775127 2.03122 0.721256 2.059 5.29137 14.2026
142 5.66 0.767088 2.06961 0.72378 2.09565 5.18955 14.4654
143 5.7 0.746881 2.10752 0.703918 2.1318 5.1527 14.73
144 5.74 0.755934 2.14644 0.704035 2.16846 5.05146 14.993
145 5.78 0.745689 2.18536 0.692461 2.20502 5.09144 15.2619
146 5.82 0.747032 2.22489 0.695002 2.24223 5.11 15.5354
147 5.86 0.735845 2.26437 0.686385 2.27948 5.17679 15.8164
148 5.9 0.7336 2.30427 0.682206 2.31701 5.03667 16.0935
149 5.94 0.733267 2.34469 0.675967 2.3547 5.29039 16.3885
150 5.98 0.737731 2.38591 0.679387 2.3931 5.36833 16.6919
151 6.02 0.740434 2.42784 0.683452 2.43225 5.48648 17.0061
152 6.06 0.73855 2.47021 0.692372 2.47243 5.49911 17.3253
153 6.1 0.743912 2.51346 0.689957 2.51301 5.7499 17.6635
154 6.14 0.7311 2.55652 0.684396 2.55379 5.82047 18.0103
155 6.18 0.72789 2.59995 0.69618 2.59581 5.84553 18.3631
156 6.22 0.738419 2.64459 0.713862 2.63946 6.03307 18.732
157 6.26 0.738787 2.68982 0.714125 2.68369 6.22732 19.1177
158 6.3 0.741135 2.73578 0.732106 2.72961 6.21259 19.5074
159 6.34 0.740348 2.78227 0.737747 2.77648 6.45291 19.9173
160 6.38 0.734877 2.82901 0.756465 2.82515 6.45373 20.3325
161 6.42 0.737483 2.8765 0.756951 2.87445 6.64019 20.7651
162 6.46 0.733172 2.9243 0.76791 2.9251 6.66013 21.2043
163 6.5 0.741015 2.97322 0.781943 2.97732 6.83902 21.661
164 6.54 0.741051 3.02274 0.803003 3.0316 6.80369 22.1209
165 6.58 0.74892 3.0734 0.815827 3.08742 6.87117 22.5911
166 6.62 0.748004 3.12462 0.821774 3.14434 6.85618 23.066
167 6.66 0.744731 3.17623 0.829035 3.20246 6.86905 23.5475
168 6.7 0.750286 3.22885 0.836651 3.26182 6.88292 24.0359
169 6.74 0.75216 3.28223 0.841942 3.32227 6.96636 24.536
170 6.78 0.762482 3.33699 0.860116 3.38476 6.93665 25.04
171 6.82 0.774935 3.39331 0.861134 3.44806 7.07689 25.5602
172 6.86 0.780195 3.45067 0.863293 3.51227 6.93447 26.076
173 6.9 0.788386 3.50931 0.864211 3.5773 6.82739 26.5897
174 6.94 0.799335 3.56946 0.872664 3.64372 6.8499 27.1111
175 6.98 0.7953 3.63 0.875016 3.7111 6.87525 27.6405
176 7.02 0.808673 3.69227 0.871199 3.77895 6.80743 28.1707
177 7.06 0.80187 3.75471 0.876019 3.84796 6.76479 28.7036
178 7.1 0.818878 3.8192 0.868482 3.91716 6.74006 29.2406
179 7.14 0.820359 3.88455 0.877655 3.98787 6.71625 29.7818
180 7.18 0.8167 3.95033 0.870252 4.05878 6.64398 30.3231
181 7.22 0.822976 4.01735 0.867116 4.13022 6.66039 30.8718
182 7.26 0.828561 4.08558 0.863682 4.20216 6.6173 31.4231
183 7.3 0.836791 4.15525 0.873853 4.27576 6.54307 31.9741
184 7.34 0.828643 4.225 0.866489 4.34954 6.56826 32.5334
185 7.38 0.833326 4.29591 0.858707 4.42346 6.52793 33.0953
186 7.42 0.845725 4.36866 0.85583 4.49793 6.53498 33.664
187 7.46 0.841056 4.44179 0.853546 4.573 6.47313 34.2333
188 7.5 0.834374 4.51512 0.847041 4.6483 6.30187 34.7936
189 7.54 0.839787 4.58971 0.845204 4.72425 6.18295 35.3491
190 7.58 0.841939 4.66529 0.845879 4.80106 6.19647 35.9118
191 7.62 0.834186 4.74097 0.839603 4.87811 6.099 36.4715
192 7.66 0.838515 4.81784 0.834962 4.95554 6.08056 37.0354
193 7.7 0.840252 4.89567 0.827078 5.03304 6.01722 37.5992
194 7.74 0.829972 4.97336 0.831212 5.11174 5.96944 38.1644
195 7.78 0.839044 5.0527 0.82326 5.1905 5.87594 38.7265
196 7.82 0.834009 5.13239 0.81882 5.26964 5.91881 39.2986
197 7.86 0.831194 5.21262 0.809866 5.34871 5.82381 39.8672
198 7.9 0.842629 5.29478 0.817316 5.42933 5.79986 40.4393
199 7.94 0.831334 5.37666 0.816077 5.51064 5.74869 41.0121
200 7.98 0.830255 5.45927 0.809197 5.59208 5.71422 41.5872
24000 200
1 0.02 0 0 0 0 0 0
2 0.06 0 0 0 0 0 0
3 0.1 0 0 0 0 0 0
4 0.14 0 0 0 0 0 0
5 0.18 0 0 0 0 0 0
6 0.22 0 0 0 0 0 0
7 0.26 0 0 0 0 0 0
8 0.3 0 0 0 0 0 0
9 0.34 0 0 0 0 0 0
10 0.38 0 0 0 0 0 0
11 0.42 0 0 0 0 0 0
12 0.46 0 0 0 0 0 0
13 0.5 0 0 0 0 0 0
14 0.54 0 0 0 0 0 0
15 0.58 0 0 0 0 0 0
16 0.62 0 0 0 0 0 0
17 0.66 0 0 0 0 0 0
18 0.7 0 0 0 0 0 0
19 0.74 0 0 0 0 0 0
20 0.78 0 0 0 0 0 0
21 0.82 0 0 0 0 0 0
22 0.86 0 0 0 0 0 0
23 0.9 0 0 0 0 0 0
24 0.94 0 0 0 0 0 0
25 0.98 0 0 0 0 0 0
26 1.02 0 0 0 0 0 0
27 1.06 0 0 0 0 0 0
28 1.1 0 0 0 0 0 0
29 1.14 0 0 0 0 0 0
30 1.18 0 0 0 0 0 0
31 1.22 0 0 0 0 0 0
32 1.26 0 0 0 0 0 0
33 1.3 0 0 0 0 0 0
34 1.34 0 0 0 0 0 0
35 1.38 0 0 0 0 0 0
36 1.42 0 0 0 0 0 0
37 1.46 0 0 0 0 0 0
38 1.5 0 0 0 0 0 0
39 1.54 0 0 0 0 0 0
40 1.58 0 0 0 0 0 0
41 1.62 0 0 0 0 0.00775255 3.21647e-05
42 1.66 0 0 0 0 0.457828 0.00202638
43 1.7 0 0 0 0 10.0051 0.0477324
44 1.74 0 0 0 0 55.5147 0.313413
45 1.78 0 0 0 0 122.89 0.928884
46 1.82 0 0 0 0 139.853 1.66115
47 1.86 0 0 0 0 103.242 2.22573
48 1.9 0 0 0 0 59.6867 2.56632
49 1.94 0 0 0 0 29.9582 2.74455
50 1.98 0 0 0 0 14.8134 2.83635
51 2.02 0 0 0 0 7.52519 2.88488
52 2.06 0 0 0 0 3.97992 2.91158
53 2.1 0 0 0.000543435 3.78788e-06 2.12251 2.92638
54 2.14 0 0 0.00104643 1.13636e-05 1.19968 2.93506
55 2.18 0 0 0.00529439 5.11364e-05 0.813527 2.94117
56 2.22 0 0 0.0133716 0.000155303 0.487188 2.94497
57 2.26 0 0 0.0579437 0.000623106 0.434247 2.94847
58 2.3 0 0 0.170099 0.00204545 0.396195 2.95179
59 2.34 0 0 0.402194 0.00552652 0.349341 2.95481
60 2.38 0.00149785 1.32576e-05 0.764888 0.012375 0.373608 2.95815
61 2.42 0.0076574 8.33333e-05 1.25702 0.0240114 0.434319 2.96217
62 2.46 0.0324465 0.000390152 1.76116 0.040858 0.383329 2.96584
63 2.5 0.102589 0.00139205 2.20255 0.0626174 0.52093 2.97099
64 2.54 0.268464 0.00409848 2.56942 0.0888201 0.693871 2.97806
65 2.58 0.556102 0.00988258 2.66749 0.116886 0.739796 2.98585
66 2.62 0.94166 0.019983 2.69472 0.146125 0.901181 2.99563
67 2.66 1.3836 0.0352803 2.51064 0.174205 1.22228 3.0093
68 2.7 1.87695 0.056661 2.29414 0.20064 1.20863 3.02322
69 2.74 2.27088 0.0833011 2.03677 0.224811 1.13026 3.03664
70 2.78 2.56499 0.114277 1.80153 0.246818 1.08478 3.04989
71 2.82 2.64515 0.147146 1.57194 0.266578 1.05167 3.06311
72 2.86 2.66222 0.181172 1.38897 0.284536 0.935396 3.0752
73 2.9 2.51795 0.214261 1.23053 0.300894 0.897673 3.08713
74 2.94 2.31851 0.245576 1.07293 0.315553 0.852233 3.09878
75 2.98 2.04608 0.273968 0.973622 0.32922 0.813456 3.1102
76 3.02 1.82387 0.29996 0.846579 0.341424 0.847831 3.12242
77 3.06 1.60899 0.323502 0.784922 0.353042 0.951841 3.13651
78 3.1 1.39722 0.344483 0.727519 0.364093 1.04816 3.15243
79 3.14 1.22478 0.363352 0.675075 0.374614 1.10417 3.16964
80 3.18 1.08605 0.380513 0.639713 0.384839 1.16711 3.18829
81 3.22 0.960921 0.396081 0.612594 0.394879 1.30904 3.20975
82 3.26 0.859591 0.410356 0.590551 0.404799 1.44178 3.23397
83 3.3 0.806373 0.424078 0.564437 0.414515 1.6406 3.26221
84 3.34 0.735459 0.436898 0.555832 0.424316 1.86059 3.29501
85 3.38 0.706167 0.449504 0.559745 0.434424 2.10002 3.33294
86 3.42 0.658345 0.461536 0.556668 0.444716 2.25125 3.37456
87 3.46 0.654753 0.473784 0.560783 0.455328 2.84031 3.4283
88 3.5 0.631463 0.485871 0.56496 0.466267 3.11463 3.48861
89 3.54 0.625013 0.49811 0.581717 0.47779 3.56749 3.55928
90 3.58 0.620959 0.510545 0.595434 0.489852 3.97249 3.63976
91 3.62 0.632194 0.523491 0.618466 0.502663 4.17402 3.72621
92 3.66 0.660164 0.537309 0.634894 0.516106 4.47974 3.82107
93 3.7 0.691739 0.552106 0.660015 0.530388 4.64798 3.92165
94 3.74 0.712637 0.567682 0.67681 0.545352 5.01028 4.03242
95 3.78 0.742509 0.584259 0.707092 0.561322 4.90481 4.1432
96 3.82 0.786514 0.602193 0.731445 0.578193 5.17078 4.26246
97 3.86 0.813818 0.62114 0.747727 0.595803 5.21847 4.38537
98 3.9 0.866301 0.641729 0.763114 0.61415 5.16951 4.50965
99 3.94 0.910171 0.663807 0.802656 0.633845 5.06507 4.63393
100 3.98 0.937572 0.687013 0.821773 0.65442 4.93809 4.75757
101 4.02 0.973984 0.711608 0.83909 0.675854 4.70054 4.87765
102 4.06 0.996801 0.737282 0.846185 0.697902 4.71208 5.00042
103 4.1 1.00722 0.763739 0.87901 0.721258 4.35667 5.11618
104 4.14 1.01982 0.791051 0.879097 0.745074 4.35129 5.23406
105 4.18 1.00019 0.818358 0.891565 0.769697 4.42678 5.35632
106 4.22 1.0182 0.846691 0.911614 0.795358 4.41523 5.4806
107 4.26 0.966183 0.874089 0.940267 0.82233 4.56933 5.61168
108 4.3 0.9477 0.90147 0.979298 0.850951 4.73124 5.74995
109 4.34 0.938417 0.929089 0.980543 0.880144 5.11544 5.90225
110 4.38 0.891473 0.955813 1.00818 0.910716 5.3502 6.06449
111 4.42 0.892473 0.983057 1.0435 0.942939 5.55379 6.23599
112 4.46 0.872393 1.01017 1.08649 0.9771 5.82595 6.41917
113 4.5 0.854081 1.0372 1.11169 1.01268 6.08358 6.6139
114 4.54 0.85868 1.06485 1.11678 1.04907 6.38065 6.82178
115 4.58 0.86183 1.0931 1.11981 1.0862 6.649 7.04223
116 4.62 0.874684 1.12227 1.11566 1.12384 6.87375 7.27414
117 4.66 0.878654 1.15209 1.1335 1.16274 7.0955 7.51769
118 4.7 0.890372 1.18282 1.10545 1.20134 7.10324 7.76571
119 4.74 0.907021 1.21466 1.07071 1.23937 7.14689 8.01952
120 4.78 0.908032 1.24708 1.04919 1.27726 7.18276 8.27893
121 4.82 0.912902 1.28022 1.0171 1.31461 7.26289 8.54564
122 4.86 0.932523 1.31464 1.0091 1.35228 7.35489 8.82023
123 4.9 0.92337 1.34928 0.97663 1.38935 7.39464 9.10087
124 4.94 0.942004 1.3852 0.961857 1.42645 7.4188 9.38704
125 4.98 0.943597 1.42177 0.943519 1.46344 7.49209 9.68073
126 5.02 0.929004 1.45835 0.944283 1.50105 7.55889 9.98183
127 5.06 0.917025 1.49504 0.926135 1.53853 7.44621 10.2832
128 5.1 0.93117 1.53288 0.91254 1.57605 7.46913 10.5903
129 5.14 0.919165 1.57083 0.905015 1.61384 7.25168 10.8931
130 5.18 0.910987 1.60902 0.901362 1.65207 7.09763 11.1941
131 5.22 0.901482 1.6474 0.87032 1.68956 6.89965 11.4913
132 5.26 0.895621 1.68612 0.871815 1.72768 6.69069 11.7839
133 5.3 0.87581 1.72456 0.846079 1.76525 6.44878 12.0702
134 5.34 0.860445 1.7629 0.828576 1.8026 6.06428 12.3436
135 5.38 0.854817 1.80156 0.817294 1.83999 5.98075 12.6172
136 5.42 0.824917 1.83943 0.804626 1.87735 5.75564 12.8844
137 5.46 0.824704 1.87785 0.777484 1.91399 5.63954 13.1502
138 5.5 0.820928 1.91665 0.773901 1.95099 5.62039 13.4189
139 5.54 0.789094 1.95449 0.753085 1.98752 5.38238 13.68
140 5.58 0.796778 1.99326 0.74071 2.02398 5.39305 13.9454
141 5.62 0.778799 2.03169 0.727243 2.06029 5.27854 14.209
142 5.66 0.767148 2.07009 0.719132 2.0967 5.17434 14.471
143 5.7 0.759068 2.10863 0.710514 2.13319 5.27109 14.7417
144 5.74 0.751654 2.14733 0.69981 2.16963 5.1009 15.0073
145 5.78 0.741975 2.18606 0.689331 2.20604 4.97391 15.27
146 5.82 0.742904 2.22538 0.68219 2.24256 5.14187 15.5453
147 5.86 0.741374 2.26516 0.685225 2.27975 5.02512 15.818
148 5.9 0.743751 2.30562 0.676859 2.317 5.23604 16.1061
149 5.94 0.739437 2.34638 0.679457 2.35489 5.20611 16.3965
150 5.98 0.733171 2.38735 0.681722 2.39342 5.31767 16.6971
151 6.02 0.738677 2.42918 0.685552 2.4327 5.48811 17.0115
152 6.06 0.734768 2.47134 0.684953 2.47245 5.57715 17.3352
153 6.1 0.741254 2.51444 0.683019 2.51263 5.66941 17.6686
154 6.14 0.735421 2.55776 0.700814 2.55439 5.7102 18.0089
155 6.18 0.745323 2.60224 0.703726 2.59687 5.97113 18.3694
156 6.22 0.739089 2.64692 0.71313 2.64048 6.02606 18.7379
157 6.26 0.73187 2.69174 0.721414 2.68517 6.06251 19.1134
158 6.3 0.72688 2.73682 0.715088 2.73003 6.33185 19.5106
159 6.34 0.74132 2.78338 0.73814 2.77693 6.39141 19.9167
160 6.38 0.736964 2.83025 0.745338 2.82488 6.54749 20.338
161 6.42 0.736398 2.87768 0.75826 2.87428 6.65229 20.7714
162 6.46 0.736543 2.9257 0.77118 2.92515 6.63746 21.2092
163 6.5 0.74908 2.97516 0.786277 2.97766 6.71687 21.6578
164 6.54 0.733228 3.02416 0.800726 3.03179 6.77244 22.1156
165 6.58 0.75102 3.07497 0.808704 3.08714 6.89951 22.5878
166 6.62 0.742137 3.12579 0.825015 3.14429 6.89486 23.0654
167 6.66 0.752351 3.17793 0.834855 3.20282 6.90863 23.5498
168 6.7 0.744798 3.23018 0.839598 3.26239 6.81505 24.0334
169 6.74 0.757089 3.28392 0.855299 3.32381 6.89074 24.5281
170 6.78 0.759705 3.33848 0.852041 3.38572 6.93451 25.032
171 6.82 0.767158 3.39424 0.858588 3.44884 6.95972 25.5437
172 6.86 0.783069 3.45182 0.86597 3.51326 6.94494 26.0603
173 6.9 0.790614 3.51064 0.868289 3.5786 6.88774 26.5786
174 6.94 0.788799 3.57 0.873958 3.64513 6.94631 27.1074
175 6.98 0.799887 3.6309 0.863674 3.71164 6.93541 27.6415
176 7.02 0.81008 3.69327 0.876884 3.77995 6.88798 28.1781
177 7.06 0.813012 3.75659 0.873108 3.84874 6.81505 28.715
178 7.1 0.81215 3.82057 0.87908 3.91878 6.81034 29.2576
179 7.14 0.819621 3.88586 0.87175 3.98903 6.71667 29.7989
180 7.18 0.819404 3.95186 0.868317 4.05978 6.68231 30.3434
181 7.22 0.818651 4.01854 0.873317 4.13174 6.57608 30.8852
182 7.26 0.828718 4.0868 0.868744 4.20412 6.5876 31.4341
183 7.3 0.83142 4.15603 0.865479 4.27702 6.57059 31.9875
184 7.34 0.840111 4.22675 0.870505 4.35115 6.53279 32.5438
185 7.38 0.834433 4.29776 0.86193 4.42535 6.37771 33.0929
186 7.42 0.838824 4.36993 0.860321 4.50022 6.42373 33.6519
187 7.46 0.836518 4.44267 0.857407 4.57565 6.34223 34.2098
188 7.5 0.840031 4.5165 0.856382 4.65179 6.33443 34.773
189 7.54 0.837432 4.59089 0.844875 4.72771 6.32395 35.3413
190 7.58 0.835725 4.66592 0.837879 4.8038 6.2195 35.9061
191 7.62 0.837058 4.74187 0.835152 4.88045 6.23182 36.4781
192 7.66 0.841125 4.81899 0.834764 4.95788 6.07779 37.0418
193 7.7 0.833287 4.89619 0.833753 5.03601 5.99698 37.6038
194 7.74 0.838393 4.97467 0.826256 5.11425 5.98608 38.1706
195 7.78 0.8329 5.05344 0.823563 5.19305 5.9472 38.7396
196 7.82 0.833181 5.13305 0.82 5.27231 5.88685 39.3087
197 7.86 0.839122 5.21406 0.810976 5.3515 5.80601 39.8756
198 7.9 0.830083 5.29501 0.813634 5.43176 5.75193 40.443
199 7.94 0.831393 5.37691 0.812049 5.51268 5.74448 41.0155
200 7.98 0.839619 5.46045 0.805266 5.59374 5.71675 41.5909
25000 200
1 0.02 0 0 0 0 0 0
2 0.06 0 0 0 0 0 0
3 0.1 0 0 0 0 0 0
4 0.14 0 0 0 0 0 0
5 0.18 0 0 0 0 0 0
6 0.22 0 0 0 0 0 0
7 0.26 0 0 0 0 0 0
8 0.3 0 0 0 0 0 0
9 0.34 0 0 0 0 0 0
10 0.38 0 0 0 0 0 0
11 0.42 0 0 0 0 0 0
12 0.46 0 0 0 0 0 0
13 0.5 0 0 0 0 0 0
14 0.54 0 0 0 0 0 0
15 0.58 0 0 0 0 0 0
16 0.62 0 0 0 0 0 0
17 0.66 0 0 0 0 0 0
18 0.7 0 0 0 0 0 0
19 0.74 0 0 0 0 0 0
20 0.78 0 0 0 0 0 0
21 0.82 0 0 0 0 0 0
22 0.86 0 0 0 0 0 0
23 0.9 0 0 0 0 0 0
24 0.94 0 0 0 0 0 0
25 0.98 0 0 0 0 0 0
26 1.02 0 0 0 0 0 0
27 1.06 0 0 0 0 0 0
28 1.1 0 0 0 0 0 0
29 1.14 0 0 0 0 0 0
30 1.18 0 0 0 0 0 0
31 1.22 0 0 0 0 0 0
32 1.26 0 0 0 0 0 0
33 1.3 0 0 0 0 0 0
34 1.34 0 0 0 0 0 0
35 1.38 0 0 0 0 0 0
36 1.42 0 0 0 0 0 0
37 1.46 0 0 0 0 0 0
38 1.5 0 0 0 0 0 0
39 1.54 0 0 0 0 0 0
40 1.58 0 0 0 0 0 0
41 1.62 0 0 0 0 0.00775275 3.21647e-05
42 1.66 0 0 0 0 0.369156 0.0016404
43 1.7 0 0 0 0 9.24962 0.0439048
44 1.74 0 0 0 0 55.4757 0.309456
45 1.78 0 0 0 0 124 0.930621
46 1.82 0 0 0 0 140.486 1.66636
47 1.86 0 0 0 0 103.114 2.23036
48 1.9 0 0 0 0 59.223 2.56838
49 1.94 0 0 0 0 30.6218 2.7506
50 1.98 0 0 0 0 14.7532 2.84204
51 2.02 0 0 0 0 6.8854 2.88646
52 2.06 0 0 0 0 3.7586 2.91168
53 2.1 0 0 0.00027151 1.89394e-06 1.97446 2.92544
54 2.14 0 0 0.00104617 9.4697e-06 1.22609 2.93432
55 2.18 0 0 0.00327713 3.40909e-05 0.881859 2.94095
56 2.22 0 0 0.0116681 0.000125 0.639863 2.94593
57 2.26 0 0 0.0532384 0.000554924 0.450088 2.94957
58 2.3 0 0 0.15942 0.00188826 0.330745 2.95233
59 2.34 0 0 0.383731 0.00521023 0.438404 2.95613
60 2.38 0.00192552 1.70455e-05 0.750342 0.0119299 0.265788 2.95851
61 2.42 0.00910414 0.000100379 1.24877 0.0234924 0.35781 2.96182
62 2.46 0.0360431 0.000441288 1.78078 0.0405303 0.426958 2.96591
63 2.5 0.113424 0.00154924 2.25881 0.0628504 0.413401 2.96999
64 2.54 0.27761 0.00434848 2.57593 0.089125 0.589667 2.97601
65 2.58 0.542143 0.00998864 2.69177 0.117453 0.785475 2.98427
66 2.62 0.93475 0.020017 2.65311 0.146246 0.989877 2.99501
67 2.66 1.40231 0.0355246 2.51265 0.174354 1.19039 3.00833
68 2.7 1.88668 0.0570208 2.27147 0.200534 1.16371 3.02174
69 2.74 2.23746 0.0832746 2.03888 0.224735 1.26011 3.0367
70 2.78 2.53982 0.113953 1.82951 0.247089 1.22405 3.05166
71 2.82 2.64916 0.146879 1.56979 0.266826 0.982368 3.06401
72 2.86 2.67839 0.181119 1.39525 0.284869 0.86306 3.07517
73 2.9 2.48428 0.213773 1.22329 0.301134 0.897477 3.0871
74 2.94 2.32699 0.245208 1.08241 0.315926 0.757903 3.09746
75 2.98 2.05342 0.273708 0.956816 0.32936 0.902628 3.11013
76 3.02 1.84525 0.300011 0.863994 0.341818 0.901191 3.12313
77 3.06 1.62173 0.323744 0.793709 0.353568 1.01467 3.13815
78 3.1 1.40347 0.344824 0.71677 0.364458 1.03946 3.15394
79 3.14 1.21468 0.363542 0.670437 0.374909 1.16377 3.17208
80 3.18 1.08209 0.380644 0.632232 0.385017 1.18497 3.19103
81 3.22 0.972515 0.396403 0.593281 0.394742 1.2656 3.21177
82 3.26 0.871946 0.410886 0.593351 0.404712 1.44912 3.23612
83 3.3 0.802531 0.424545 0.570477 0.414534 1.66452 3.26478
84 3.34 0.727373 0.437227 0.561517 0.424438 1.81824 3.29685
85 3.38 0.692861 0.449598 0.565602 0.434653 2.09951 3.33477
86 3.42 0.663074 0.46172 0.553476 0.444888 2.3308 3.37787
87 3.46 0.635788 0.473616 0.564268 0.455568 2.73599 3.42966
88 3.5 0.622822 0.48554 0.566503 0.46654 3.25013 3.4926
89 3.54 0.618596 0.497655 0.573561 0.477903 3.49696 3.56188
90 3.58 0.623097 0.510136 0.596054 0.489981 3.80178 3.63892
91 3.62 0.647315 0.523394 0.59959 0.502403 4.16532 3.72522
92 3.66 0.647897 0.536958 0.625993 0.515661 4.57596 3.82213
93 3.7 0.683183 0.551576 0.652177 0.529777 4.63213 3.92239
94 3.74 0.717162 0.567254 0.680602 0.544828 4.86088 4.02988
95 3.78 0.748285 0.583964 0.70484 0.56075 5.11596 4.14545
96 3.82 0.782858 0.601818 0.730142 0.577595 5.19331 4.26526
97 3.86 0.828851 0.621119 0.760755 0.595515 5.21592 4.38813
98 3.9 0.861735 0.641604 0.778075 0.614225 5.23395 4.51399
99 3.94 0.901768 0.663483 0.7862 0.633521 4.98144 4.63625
100 3.98 0.944789 0.686873 0.82099 0.654081 4.98716 4.76115
101 4.02 0.976924 0.711547 0.841348 0.675578 4.75492 4.88263
102 4.06 0.989383 0.737036 0.856981 0.697911 4.53952 5.00093
103 4.1 1.01199 0.763623 0.859866 0.720763 4.5046 5.12065
104 4.14 1.00433 0.790527 0.889878 0.744877 4.35985 5.23879
105 4.18 1.02605 0.818545 0.914893 0.77015 4.50383 5.3632
106 4.22 1.00431 0.846498 0.906983 0.795686 4.3709 5.48627
107 4.26 0.98006 0.874295 0.949173 0.822919 4.52239 5.61602
108 4.3 0.947494 0.901676 0.969693 0.851265 4.62894 5.75133
109 4.34 0.921615 0.928807 0.971229 0.880187 5.13268 5.90418
110 4.38 0.912567 0.956169 1.01327 0.91092 5.43069 6.0689
111 4.42 0.892839 0.98343 1.04861 0.943309 5.63901 6.24307
112 4.46 0.874464 1.01062 1.07541 0.977129 5.8175 6.42602
113 4.5 0.854377 1.03766 1.11158 1.01272 6.02501 6.61891
114 4.54 0.853848 1.06516 1.11671 1.04911 6.49481 6.83056
115 4.58 0.870715 1.09371 1.11477 1.08608 6.60489 7.0496
116 4.62 0.859393 1.12238 1.14152 1.1246 6.78938 7.27871
117 4.66 0.879747 1.15223 1.11445 1.16286 6.99841 7.51898
118 4.7 0.887055 1.18286 1.09003 1.20093 7.06672 7.76578
119 4.74 0.893723 1.21424 1.07411 1.23908 7.13088 8.01907
120 4.78 0.915106 1.24692 1.05683 1.27726 7.26756 8.2816
121 4.82 0.924856 1.2805 1.01714 1.31462 7.33142 8.55088
122 4.86 0.927296 1.31473 0.989918 1.35158 7.35329 8.82547
123 4.9 0.935384 1.34983 0.982655 1.38888 7.49303 9.10991
124 4.94 0.937631 1.38559 0.970876 1.42634 7.4656 9.39794
125 4.98 0.932154 1.42172 0.961579 1.46404 7.5208 9.69283
126 5.02 0.938278 1.45868 0.944745 1.50168 7.48057 9.99087
127 5.06 0.929606 1.49588 0.932304 1.53942 7.51225 10.295
128 5.1 0.934047 1.53385 0.905393 1.57665 7.405 10.5995
129 5.14 0.907543 1.57132 0.904005 1.61441 7.17922 10.8993
130 5.18 0.914992 1.60969 0.894293 1.65235 7.14231 11.2023
131 5.22 0.90258 1.64813 0.885433 1.69049 6.94971 11.5017
132 5.26 0.892139 1.68671 0.870198 1.72856 6.64068 11.7922
133 5.3 0.865189 1.72469 0.845343 1.7661 6.39383 12.0761
134 5.34 0.854481 1.76277 0.830034 1.80352 6.06227 12.3494
135 5.38 0.852833 1.80135 0.813146 1.84073 5.82688 12.6161
136 5.42 0.838185 1.83983 0.801841 1.87797 5.89223 12.8897
137 5.46 0.831682 1.87858 0.772093 1.91436 5.56189 13.1519
138 5.5 0.818464 1.91728 0.768981 1.95114 5.45705 13.4129
139 5.54 0.792201 1.95528 0.754287 1.98774 5.43887 13.6768
140 5.58 0.7919 1.99381 0.733431 2.02384 5.35334 13.9403
141 5.62 0.777903 2.03221 0.730542 2.06032 5.37273 14.2086
142 5.66 0.76188 2.07036 0.715313 2.09655 5.24438 14.4742
143 5.7 0.755956 2.10875 0.707375 2.13289 5.18728 14.7407
144 5.74 0.755797 2.14766 0.705584 2.16964 5.05724 15.0041
145 5.78 0.750305 2.18684 0.693662 2.20628 5.18293 15.2778
146 5.82 0.743064 2.22618 0.68201 2.2428 5.12093 15.5521
147 5.86 0.743402 2.26608 0.689924 2.28026 5.20947 15.8349
148 5.9 0.734679 2.30605 0.67668 2.3175 5.19455 16.1208
149 5.94 0.744017 2.34707 0.673404 2.35506 5.08395 16.4044
150 5.98 0.732744 2.38803 0.682043 2.39362 5.30285 16.7042
151 6.02 0.737381 2.42979 0.684284 2.43283 5.48466 17.0184
152 6.06 0.729822 2.47168 0.682878 2.47248 5.54883 17.3406
153 6.1 0.734029 2.51437 0.686768 2.51288 5.69279 17.6755
154 6.14 0.73279 2.55754 0.690907 2.55406 5.77968 18.02
155 6.18 0.738119 2.6016 0.701537 2.59642 5.9443 18.3789
156 6.22 0.737801 2.64621 0.702884 2.63941 6.03215 18.7479
157 6.26 0.732358 2.69107 0.721716 2.68412 6.14118 19.1283
158 6.3 0.737777 2.73683 0.735037 2.73025 6.34123 19.5262
159 6.34 0.740498 2.78335 0.733925 2.77689 6.35308 19.93
160 6.38 0.741717 2.83054 0.755361 2.8255 6.56309 20.3523
161 6.42 0.737035 2.87802 0.768531 2.87558 6.68045 20.7876
162 6.46 0.739376 2.92624 0.774893 2.9267 6.64134 21.2258
163 6.5 0.741777 2.97522 0.783358 2.97903 6.68801 21.6726
164 6.54 0.739105 3.02463 0.802824 3.03332 6.68443 22.1246
165 6.58 0.749319 3.07533 0.801554 3.08818 6.8125 22.5909
166 6.62 0.743304 3.12624 0.827627 3.14553 6.87016 23.0669
167 6.66 0.752187 3.17839 0.836 3.20415 6.84018 23.5466
168 6.7 0.752522 3.23118 0.835466 3.26345 6.9038 24.0365
169 6.74 0.748497 3.28432 0.853008 3.32471 6.99003 24.5386
170 6.78 0.765869 3.33935 0.849955 3.38648 6.93654 25.0427
171 6.82 0.768741 3.39523 0.859589 3.44969 6.97571 25.5556
172 6.86 0.787792 3.45317 0.863822 3.51396 6.93049 26.0713
173 6.9 0.789735 3.51193 0.868455 3.57933 6.89524 26.5903
174 6.94 0.794214 3.57172 0.879862 3.64633 6.90216 27.1159
175 6.98 0.801978 3.63278 0.867373 3.71314 6.96104 27.652
176 7.02 0.801322 3.6945 0.865176 3.78054 6.90508 28.19
177 7.06 0.801945 3.75697 0.871262 3.8492 6.81034 28.7267
178 7.1 0.810459 3.82083 0.875256 3.91896 6.74149 29.264
179 7.14 0.814239 3.8857 0.877932 3.98972 6.76474 29.8092
180 7.18 0.829454 3.95253 0.874752 4.06101 6.6706 30.3529
181 7.22 0.820056 4.01934 0.866606 4.13243 6.61835 30.8983
182 7.26 0.825575 4.08735 0.870286 4.20495 6.53406 31.4428
183 7.3 0.834038 4.15681 0.863762 4.27773 6.51761 31.9919
184 7.34 0.821372 4.22597 0.870986 4.35191 6.58955 32.5532
185 7.38 0.839283 4.29741 0.867484 4.42661 6.44843 33.1085
186 7.42 0.847163 4.37031 0.859441 4.50142 6.44858 33.6698
187 7.46 0.8383 4.44322 0.84846 4.57607 6.34524 34.228
188 7.5 0.847691 4.51775 0.845762 4.65128 6.43004 34.7999
189 7.54 0.828042 4.59132 0.851668 4.72783 6.30865 35.3669
190 7.58 0.838602 4.66663 0.839845 4.80412 6.19052 35.9292
191 7.62 0.833871 4.7423 0.835571 4.88083 6.14114 36.493
192 7.66 0.843918 4.81969 0.835461 4.95833 6.00921 37.0504
193 7.7 0.835563 4.89711 0.832644 5.03638 6.07664 37.62
194 7.74 0.837383 4.97552 0.82244 5.11427 6.09585 38.1974
195 7.78 0.833862 5.0544 0.822001 5.19294 5.875 38.7596
196 7.82 0.833141 5.13403 0.827348 5.27292 5.8377 39.324
197 7.86 0.842102 5.21534 0.818985 5.35292 5.76359 39.8869
198 7.9 0.833205 5.29661 0.804531 5.4323 5.79669 40.4589
199 7.94 0.830676 5.37845 0.814573 5.51349 5.74293 41.0313
200 7.98 0.83023 5.46108 0.807425 5.59478 5.71742 41.6069
26000 200
1 0.02 0 0 0 0 0 0
2 0.06 0 0 0 0 0 0
3 0.1 0 0 0 0 0 0
4 0.14 0 0 0 0 0 0
5 0.18 0 0 0 0 0 0
6 0.22 0 0 0 0 0 0
7 0.26 0 0 0 0 0 0
8 0.3 0 0 0 0 0 0
9 0.34 0 0 0 0 0 0
10 0.38 0 0 0 0 0 0
11 0.42 0 0 0 0 0 0
12 0.46 0 0 0 0 0 0
13 0.5 0 0 0 0 0 0
14 0.54 0 0 0 0 0 0
15 0.58 0 0 0 0 0 0
16 0.62 0 0 0 0 0 0
17 0.66 0 0 0 0 0 0
18 0.7 0 0 0 0 0 0
19 0.74 0 0 0 0 0 0
20 0.78 0 0 0 0 0 0
21 0.82 0 0 0 0 0 0
22 0.86 0 0 0 0 0 0
23 0.9 0 0 0 0 0 0
24 0.94 0 0 0 0 0 0
25 0.98 0 0 0 0 0 0
26 1.02 0 0 0 0 0 0
27 1.06 0 0 0 0 0 0
28 1.1 0 0 0 0 0 0
29 1.14 0 0 0 0 0 0
30 1.18 0 0 0 0 0 0
31 1.22 0 0 0 0 0 0
32 1.26 0 0 0 0 0 0
33 1.3 0 0 0 0 0 0
34 1.34 0 0 0 0 0 0
35 1.38 0 0 0 0 0 0
36 1.42 0 0 0 0 0 0
37 1.46 0 0 0 0 0 0
38 1.5 0 0 0 0 0 0
39 1.54 0 0 0 0 0 0
40 1.58 0 0 0 0 0 0
41 1.62 0 0 0 0 0 0
42 1.66 0 0 0 0 0.332124 0.00144741
43 1.7 0 0 0 0 9.43019 0.0445481
44 1.74 0 0 0 0 55.5014 0.310293
45 1.78 0 0 0 0 122.709 0.925153
46 1.82 0 0 0 0 139.982 1.65844
47 1.86 0 0 0 0 103.556 2.22502
48 1.9 0 0 0 0 59.9566 2.56732
49 1.94 0 0 0 0 30.8947 2.75121
50 1.98 0 0 0 0 14.4432 2.84075
51 2.02 0 0 0 0 6.95333 2.88562
52 2.06 0 0 0 0 3.50358 2.90913
53 2.1 0 0 0 0 2.16297 2.92422
54 2.14 0 0 0 0 1.37228 2.93416
55 2.18 0 0 0.00277216 2.08333e-05 0.834542 2.94043
56 2.22 0 0 0.0153086 0.000140152 0.557134 2.94477
57 2.26 0 0 0.0539282 0.000575758 0.374319 2.9478
58 2.3 0 0 0.179755 0.00207955 0.403726 2.95117
59 2.34 0 0 0.394567 0.00549621 0.37516 2.95442
60 2.38 0.000641439 5.68182e-06 0.766209 0.0123598 0.380615 2.95783
61 2.42 0.00868816 8.52273e-05 1.21428 0.0236061 0.319503 2.96079
62 2.46 0.0316297 0.00038447 1.76071 0.0404564 0.410034 2.96472
63 2.5 0.101956 0.00138068 2.25688 0.0627633 0.540177 2.97005
64 2.54 0.275846 0.00416288 2.55575 0.088839 0.526451 2.97543
65 2.58 0.528898 0.00966667 2.69878 0.117248 0.739423 2.98321
66 2.62 0.920556 0.0195455 2.65572 0.146078 1.04887 2.9946
67 2.66 1.43173 0.0353826 2.50317 0.174087 1.13832 3.00733
68 2.7 1.85843 0.0565625 2.30043 0.200608 1.28619 3.02216
69 2.74 2.28577 0.0833902 2.07216 0.22521 1.15679 3.0359
70 2.78 2.56108 0.114333 1.80189 0.247233 1.08689 3.04918
71 2.82 2.64633 0.147233 1.576 0.267053 1.04861 3.06237
72 2.86 2.6405 0.180998 1.37645 0.284858 0.947405 3.07462
73 2.9 2.51199 0.214025 1.22638 0.301169 0.911797 3.08675
74 2.94 2.32987 0.245508 1.07104 0.315809 0.908308 3.09916
75 2.98 2.04114 0.273845 0.960606 0.329299 0.900118 3.1118
76 3.02 1.81914 0.299782 0.858778 0.341686 0.894251 3.1247
77 3.06 1.61572 0.323434 0.78813 0.353356 0.897064 3.13799
78 3.1 1.4094 0.344608 0.745108 0.36468 0.958756 3.15256
79 3.14 1.25356 0.36393 0.660542 0.374979 1.16967 3.17079
80 3.18 1.07018 0.380848 0.627683 0.385017 1.18664 3.18977
81 3.22 0.961629 0.396436 0.595437 0.39478 1.34961 3.2119
82 3.26 0.873308 0.410945 0.577871 0.404492 1.45257 3.23631
83 3.3 0.804651 0.424644 0.570769 0.414322 1.67155 3.2651
84 3.34 0.726636 0.437316 0.55524 0.424117 1.75759 3.29611
85 3.38 0.699358 0.449807 0.554757 0.43414 2.01535 3.33252
86 3.42 0.656061 0.461803 0.561622 0.444528 2.48492 3.37848
87 3.46 0.634601 0.47368 0.558814 0.455108 2.88821 3.43316
88 3.5 0.623941 0.485629 0.561072 0.465977 3.13635 3.49392
89 3.54 0.631864 0.498008 0.559361 0.477063 3.47168 3.56272
90 3.58 0.620944 0.510449 0.59683 0.489159 3.87057 3.64117
91 3.62 0.631334 0.523383 0.622552 0.502061 4.24652 3.72917
92 3.66 0.647005 0.536932 0.630208 0.515411 4.4077 3.82255
93 3.7 0.694948 0.551805 0.655761 0.529608 4.66958 3.92364
94 3.74 0.713157 0.5674 0.677167 0.544587 4.74323 4.02856
95 3.78 0.73817 0.583888 0.713707 0.560714 4.86543 4.1385
96 3.82 0.771772 0.601494 0.741678 0.57783 5.19753 4.25844
97 3.86 0.825133 0.620714 0.754203 0.5956 5.32108 4.38382
98 3.9 0.861984 0.64121 0.781015 0.614386 5.26063 4.51036
99 3.94 0.910747 0.663312 0.799339 0.634009 5.03118 4.63387
100 3.98 0.956393 0.686996 0.815479 0.654438 5.08082 4.76115
101 4.02 0.972767 0.711572 0.831792 0.675695 4.69957 4.88125
102 4.06 0.983757 0.736922 0.848039 0.697801 4.542 4.99965
103 4.1 1.01308 0.763545 0.863271 0.72075 4.44776 5.11788
104 4.14 1.01819 0.790828 0.886287 0.744773 4.30999 5.23471
105 4.18 1.01295 0.818496 0.906354 0.769816 4.33854 5.35458
106 4.22 1.00397 0.846447 0.920795 0.795748 4.49421 5.48115
107 4.26 0.961975 0.873739 0.9311 0.82247 4.64892 5.61457
108 4.3 0.962377 0.901557 0.961534 0.850585 4.84555 5.75626
109 4.34 0.92131 0.928686 0.994752 0.880216 4.93695 5.90331
110 4.38 0.903735 0.95579 1.01207 0.91092 5.23949 6.06227
111 4.42 0.888758 0.982934 1.04367 0.943165 5.44908 6.23062
112 4.46 0.873925 1.01011 1.10083 0.977794 6.08185 6.42194
113 4.5 0.882804 1.03806 1.10956 1.01333 6.11074 6.61763
114 4.54 0.86156 1.06582 1.11915 1.0498 6.45355 6.82798
115 4.58 0.861589 1.09407 1.11687 1.08685 6.51298 7.04403
116 4.62 0.859448 1.12275 1.13128 1.12504 6.77134 7.2726
117 4.66 0.874102 1.15242 1.10627 1.16303 6.92347 7.51036
118 4.7 0.886546 1.18304 1.09863 1.20141 7.13295 7.75954
119 4.74 0.887876 1.21423 1.06715 1.23933 7.23312 8.01653
120 4.78 0.911572 1.24679 1.05572 1.27747 7.17671 8.27584
121 4.82 0.918406 1.28014 1.02012 1.31495 7.30492 8.54423
122 4.86 0.926021 1.31434 1.00446 1.35247 7.36599 8.81936
123 4.9 0.928372 1.34918 0.969173 1.38927 7.50204 9.10421
124 4.94 0.939068 1.38501 0.967674 1.42661 7.47269 9.3926
125 4.98 0.930981 1.4211 0.948233 1.4638 7.53113 9.68797
126 5.02 0.944903 1.45833 0.938461 1.5012 7.50926 9.98723
127 5.06 0.935699 1.49578 0.936261 1.53911 7.46886 10.2896
128 5.1 0.924295 1.53336 0.922695 1.57706 7.29111 10.5895
129 5.14 0.92427 1.57154 0.908613 1.61503 7.41753 10.8995
130 5.18 0.908697 1.60966 0.881828 1.65245 7.06464 11.1992
131 5.22 0.901715 1.64807 0.878028 1.69028 6.8113 11.4927
132 5.26 0.883019 1.68626 0.866419 1.72819 6.61028 11.782
133 5.3 0.87125 1.72452 0.845459 1.76575 6.3791 12.0653
134 5.34 0.873371 1.76345 0.835988 1.80345 6.17616 12.3438
135 5.38 0.851806 1.802 0.8126 1.84064 5.99683 12.6183
136 5.42 0.83945 1.84055 0.788053 1.87725 5.79785 12.8877
137 5.46 0.819227 1.87873 0.780526 1.91405 5.62183 13.1527
138 5.5 0.81805 1.91741 0.771867 1.95097 5.53432 13.4175
139 5.54 0.796214 1.95562 0.759901 1.98785 5.48715 13.6838
140 5.58 0.791728 1.99415 0.73866 2.02423 5.41725 13.9505
141 5.62 0.772213 2.03228 0.729242 2.06065 5.26633 14.2136
142 5.66 0.767726 2.07073 0.714225 2.09683 5.27851 14.481
143 5.7 0.748189 2.10873 0.714448 2.13354 5.10766 14.7434
144 5.74 0.744416 2.14708 0.69733 2.16987 5.15771 15.0122
145 5.78 0.74771 2.18613 0.691583 2.20641 5.02205 15.2775
146 5.82 0.748341 2.22575 0.681506 2.24292 5.07155 15.5491
147 5.86 0.738722 2.26541 0.681163 2.27991 5.03157 15.8224
148 5.9 0.742071 2.30579 0.675917 2.31712 5.16281 16.1066
149 5.94 0.740559 2.34664 0.674513 2.35475 5.25029 16.3995
150 5.98 0.742812 2.38817 0.675866 2.39298 5.3623 16.7028
151 6.02 0.730935 2.42958 0.686049 2.43229 5.40408 17.0125
152 6.06 0.732565 2.47164 0.685569 2.47211 5.55451 17.3351
153 6.1 0.741582 2.51477 0.690833 2.51276 5.64811 17.6674
154 6.14 0.733236 2.55799 0.700603 2.55453 5.83372 18.0152
155 6.18 0.733039 2.60176 0.704703 2.59709 5.96399 18.3755
156 6.22 0.734754 2.6462 0.707461 2.64037 6.09362 18.7483
157 6.26 0.734176 2.69117 0.715014 2.68469 6.16236 19.1302
158 6.3 0.745426 2.73742 0.725125 2.7302 6.21453 19.5202
159 6.34 0.73626 2.78369 0.744044 2.77749 6.48299 19.9323
160 6.38 0.73518 2.83047 0.755512 2.82613 6.48438 20.3497
161 6.42 0.733014 2.8777 0.763941 2.87592 6.47438 20.7717
162 6.46 0.747219 2.92645 0.776233 2.92715 6.59672 21.2071
163 6.5 0.736878 2.97512 0.789812 2.97992 6.71893 21.656
164 6.54 0.746786 3.02505 0.798155 3.03391 6.88667 22.1218
165 6.58 0.743525 3.07538 0.808343 3.08925 6.7628 22.5849
166 6.62 0.745234 3.12644 0.824156 3.14637 6.83913 23.0588
167 6.66 0.748875 3.17837 0.832373 3.20476 6.87504 23.5411
168 6.7 0.756477 3.23145 0.84058 3.26443 6.85163 24.0275
169 6.74 0.758217 3.2853 0.845874 3.3252 6.99043 24.5297
170 6.78 0.765402 3.3403 0.847852 3.38683 6.8033 25.0242
171 6.82 0.769032 3.39622 0.86178 3.45022 6.8737 25.5298
172 6.86 0.782099 3.45376 0.86367 3.51449 6.92517 26.0452
173 6.9 0.785297 3.51221 0.867468 3.5798 7.08307 26.5785
174 6.94 0.7932 3.57193 0.874754 3.64643 6.83825 27.0993
175 6.98 0.799006 3.63279 0.871566 3.71358 6.90702 27.6315
176 7.02 0.803764 3.69471 0.87051 3.78142 6.86362 28.1664
177 7.06 0.812278 3.758 0.867736 3.84982 6.83544 28.7052
178 7.1 0.815146 3.82224 0.876567 3.9197 6.7316 29.2418
179 7.14 0.817876 3.88742 0.87805 3.99049 6.74896 29.7859
180 7.18 0.826389 3.95402 0.868991 4.06133 6.66409 30.3292
181 7.22 0.822928 4.02109 0.875263 4.13349 6.62478 30.8753
182 7.26 0.823122 4.08891 0.869509 4.20596 6.60102 31.4255
183 7.3 0.828064 4.1579 0.867176 4.27904 6.53497 31.9763
184 7.34 0.830777 4.22787 0.864618 4.35271 6.55003 32.5343
185 7.38 0.839482 4.29934 0.859625 4.42675 6.47584 33.0921
186 7.42 0.837432 4.37142 0.859039 4.50154 6.50488 33.6584
187 7.46 0.836876 4.44423 0.853206 4.57663 6.42618 34.224
188 7.5 0.837021 4.51784 0.855372 4.65272 6.35526 34.7893
189 7.54 0.836985 4.59222 0.85146 4.72927 6.27907 35.3538
190 7.58 0.832772 4.66702 0.846106 4.80615 6.21652 35.9187
191 7.62 0.836468 4.74295 0.836358 4.88295 6.16435 36.4847
192 7.66 0.833204 4.81938 0.829259 4.95989 6.10398 37.0511
193 7.7 0.833522 4.89664 0.83024 5.03774 6.06682 37.6199
194 7.74 0.832149 4.97457 0.820862 5.1155 5.98591 38.187
195 7.78 0.839885 5.05405 0.82028 5.19402 5.84725 38.7467
196 7.82 0.837159 5.13408 0.817041 5.27303 5.89666 39.317
197 7.86 0.834561 5.21468 0.815395 5.3527 5.80616 39.8842
198 7.9 0.843059 5.29693 0.810765 5.43272 5.75536 40.4523
199 7.94 0.841005 5.37982 0.811564 5.51363 5.76236 41.0268
200 7.98 0.832044 5.46265 0.801717 5.59436 5.64885 41.5956
27000 200
1 0.02 0 0 0 0 0 0
2 0.06 0 0 0 0 0 0
3 0.1 0 0 0 0 0 0
4 0.14 0 0 0 0 0 0
5 0.18 0 0 0 0 0 0
6 0.22 0 0 0 0 0 0
7 0.26 0 0 0 0 0 0
8 0.3 0 0 0 0 0 0
9 0.34 0 0 0 0 0 0
10 0.38 0 0 0 0 0 0
11 0.42 0 0 0 0 0 0
12 0.46 0 0 0 0 0 0
13 0.5 0 0 0 0 0 0
14 0.54 0 0 0 0 0 0
15 0.58 0 0 0 0 0 0
16 0.62 0 0 0 0 0 0
17 0.66 0 0 0 0 0 0
18 0.7 0 0 0 0 0 0
19 0.74 0 0 0 0 0 0
20 0.78 0 0 0 0 0 0
21 0.82 0 0 0 0 0 0
22 0.86 0 0 0 0 0 0
23 0.9 0 0 0 0 0 0
24 0.94 0 0 0 0 0 0
25 0.98 0 0 0 0 0 0
26 1.02 0 0 0 0 0 0
27 1.06 0 0 0 0 0 0
28 1.1 0 0 0 0 0 0
29 1.14 0 0 0 0 0 0
30 1.18 0 0 0 0 0 0
31 1.22 0 0 0 0 0 0
32 1.26 0 0 0 0 0 0
33 1.3 0 0 0 0 0 0
34 1.34 0 0 0 0 0 0
35 1.38 0 0 0 0 0 0
36 1.42 0 0 0 0 0 0
37 1.46 0 0 0 0 0 0
38 1.5 0 0 0 0 0 0
39 1.54 0 0 0 0 0 0
40 1.58 0 0 0 0 0 0
41 1.62 0 0 0 0 0 0
42 1.66 0 0 0 0 0.324694 0.00141525
43 1.7 0 0 0 0 9.28805 0.0438726
44 1.74 0 0 0 0 54.5727 0.305211
45 1.78 0 0 0 0 123.434 0.923802
46 1.82 0 0 0 0 141.047 1.66279
47 1.86 0 0 0 0 104.099 2.23242
48 1.9 0 0 0 0 59.9585 2.57478
49 1.94 0 0 0 0 29.9118 2.75285
50 1.98 0 0 0 0 14.3112 2.84159
51 2.02 0 0 0 0 6.89252 2.88607
52 2.06 0 0 0 0 3.50305 2.90959
53 2.1 0 0 0 0 2.05661 2.92393
54 2.14 0 0 0.000523055 3.78788e-06 1.21668 2.93274
55 2.18 0 0 0.00403127 3.40909e-05 0.821578 2.93892
56 2.22 0 0 0.0150645 0.000151515 0.544675 2.94317
57 2.26 0 0 0.0539189 0.000587121 0.430007 2.94664
58 2.3 0 0 0.165689 0.00197348 0.407484 2.95005
59 2.34 0.000221195 1.89394e-06 0.388598 0.00533902 0.3491 2.95307
60 2.38 0.00149686 1.51515e-05 0.750238 0.0120606 0.344656 2.95616
61 2.42 0.00848003 9.2803e-05 1.23659 0.0235152 0.368071 2.95957
62 2.46 0.0358279 0.000431818 1.74738 0.0402405 0.409966 2.96349
63 2.5 0.108532 0.00149242 2.2477 0.0624602 0.56616 2.96909
64 2.54 0.269423 0.00421023 2.52937 0.0882708 0.548458 2.97469
65 2.58 0.546643 0.00989962 2.68144 0.116502 0.785156 2.98295
66 2.62 0.940523 0.0199943 2.71008 0.145926 1.08724 2.99476
67 2.66 1.39162 0.0353902 2.51836 0.17411 1.21861 3.00839
68 2.7 1.86429 0.0566402 2.31452 0.200797 1.19669 3.02219
69 2.74 2.32219 0.0838996 2.05062 0.225148 1.25139 3.03705
70 2.78 2.54924 0.114705 1.79914 0.24714 1.17095 3.05137
71 2.82 2.64088 0.147542 1.61581 0.267464 1.04589 3.06452
72 2.86 2.64454 0.181364 1.37125 0.285205 0.967124 3.07703
73 2.9 2.48769 0.214076 1.21651 0.301386 0.841478 3.08823
74 2.94 2.30904 0.245282 1.07821 0.316127 0.962256 3.10138
75 2.98 2.0692 0.274013 0.958029 0.329583 0.870185 3.11361
76 3.02 1.80637 0.299773 0.862321 0.342023 0.833908 3.12564
77 3.06 1.58779 0.323019 0.786089 0.353665 0.992497 3.14033
78 3.1 1.39872 0.344036 0.718336 0.364583 1.04112 3.15616
79 3.14 1.24955 0.363299 0.686187 0.375284 1.07872 3.17298
80 3.18 1.09194 0.380564 0.632794 0.385405 1.25085 3.19299
81 3.22 0.975848 0.396384 0.601578 0.395271 1.27682 3.21393
82 3.26 0.861889 0.410706 0.582063 0.405055 1.37006 3.23696
83 3.3 0.794295 0.424231 0.565068 0.414788 1.58541 3.26427
84 3.34 0.739986 0.437138 0.561915 0.424703 1.77371 3.29556
85 3.38 0.70211 0.44968 0.5444 0.43454 2.10399 3.33358
86 3.42 0.664658 0.461835 0.556622 0.444837 2.47063 3.37929
87 3.46 0.641081 0.473835 0.555327 0.455352 2.84361 3.43313
88 3.5 0.635313 0.486004 0.564207 0.466284 3.10437 3.49328
89 3.54 0.616008 0.498074 0.576759 0.477716 3.54086 3.56346
90 3.58 0.62141 0.510527 0.600194 0.489883 3.78272 3.64014
91 3.62 0.627538 0.523384 0.618614 0.502705 4.15737 3.72631
92 3.66 0.648804 0.536973 0.636007 0.51618 4.34482 3.81837
93 3.7 0.676077 0.551445 0.648312 0.530218 4.73867 3.92097
94 3.74 0.70049 0.566765 0.667991 0.544996 4.91841 4.02978
95 3.78 0.748986 0.583498 0.698512 0.560782 5.1322 4.14577
96 3.82 0.801285 0.60178 0.725567 0.577528 5.20369 4.26587
97 3.86 0.821346 0.620915 0.748214 0.595161 5.11963 4.38652
98 3.9 0.860494 0.641379 0.760655 0.61346 5.12476 4.50981
99 3.94 0.905459 0.663356 0.797284 0.633036 5.12603 4.63567
100 3.98 0.949435 0.686871 0.819357 0.653564 4.94906 4.75967
101 4.02 0.957254 0.711059 0.836109 0.674936 4.74786 4.88102
102 4.06 1.00329 0.736917 0.850081 0.697098 4.45738 4.99723
103 4.1 1.0228 0.763799 0.881232 0.720528 4.39992 5.11422
104 4.14 1.01748 0.791066 0.879651 0.744375 4.41495 5.2339
105 4.18 1.00516 0.818527 0.896206 0.769142 4.41815 5.356
106 4.22 0.985928 0.845979 0.93605 0.795508 4.41583 5.48038
107 4.26 0.994332 0.874193 0.933003 0.822288 4.52385 5.61023
108 4.3 0.956398 0.901843 0.960989 0.850392 4.63581 5.7458
109 4.34 0.928624 0.929191 1.00185 0.880239 5.00854 5.89501
110 4.38 0.905744 0.95636 1.01197 0.910945 5.38499 6.05841
111 4.42 0.897918 0.983788 1.04571 0.943258 5.6429 6.23278
112 4.46 0.85905 1.01051 1.09175 0.977606 6.06043 6.42345
113 4.5 0.866393 1.03794 1.08911 1.01249 6.18612 6.62158
114 4.54 0.854724 1.06548 1.12612 1.0492 6.4585 6.83213
115 4.58 0.867979 1.09395 1.13297 1.08679 6.65057 7.05278
116 4.62 0.874127 1.12312 1.1145 1.12441 6.81791 7.28295
117 4.66 0.866771 1.15255 1.11155 1.16259 6.93549 7.52116
118 4.7 0.887065 1.18319 1.10442 1.20118 7.01405 7.76623
119 4.74 0.907361 1.21507 1.08037 1.23957 7.21205 8.02252
120 4.78 0.901039 1.24726 1.0284 1.27674 7.21199 8.28315
121 4.82 0.921393 1.28073 1.01826 1.31415 7.2635 8.55005
122 4.86 0.921572 1.31476 1.00568 1.35172 7.44409 8.82814
123 4.9 0.937055 1.34994 0.987177 1.38921 7.37213 9.10811
124 4.94 0.943833 1.38595 0.970319 1.42666 7.50488 9.39778
125 4.98 0.925993 1.42186 0.968849 1.46467 7.59722 9.69579
126 5.02 0.927161 1.45839 0.943062 1.50226 7.4532 9.99286
127 5.06 0.930162 1.49563 0.927558 1.53982 7.37235 10.2914
128 5.1 0.917345 1.53293 0.913938 1.57742 7.3823 10.5951
129 5.14 0.918441 1.57087 0.905478 1.61526 7.27396 10.8991
130 5.18 0.904314 1.60881 0.894362 1.65321 6.97942 11.1953
131 5.22 0.904997 1.64737 0.879301 1.69111 6.96838 11.4956
132 5.26 0.884809 1.68565 0.872642 1.7293 6.66069 11.7871
133 5.3 0.875381 1.72409 0.842 1.7667 6.38751 12.0709
134 5.34 0.869878 1.76288 0.826076 1.80396 6.14457 12.348
135 5.38 0.853853 1.80152 0.810944 1.84109 5.92848 12.6194
136 5.42 0.843032 1.84024 0.795794 1.87806 5.74989 12.8866
137 5.46 0.833364 1.87909 0.771206 1.91443 5.50222 13.146
138 5.5 0.806991 1.91725 0.769526 1.95124 5.526 13.4104
139 5.54 0.802485 1.95576 0.748703 1.98759 5.37696 13.6714
140 5.58 0.791797 1.99431 0.739122 2.02399 5.39745 13.9372
141 5.62 0.77347 2.03251 0.728563 2.06038 5.37242 14.2056
142 5.66 0.763257 2.07074 0.725068 2.09712 5.17233 14.4677
143 5.7 0.751839 2.10893 0.707298 2.13347 5.17507 14.7336
144 5.74 0.748672 2.1475 0.702962 2.1701 5.16371 15.0027
145 5.78 0.741682 2.18624 0.68771 2.20644 5.11441 15.2729
146 5.82 0.742395 2.22556 0.684584 2.24312 5.04733 15.5434
147 5.86 0.740866 2.26534 0.684473 2.28029 5.1664 15.824
148 5.9 0.747244 2.30601 0.670649 2.31722 5.23853 16.1124
149 5.94 0.740511 2.34686 0.672742 2.35476 5.33194 16.4099
150 5.98 0.73294 2.38784 0.680785 2.39327 5.21361 16.7048
151 6.02 0.7359 2.42954 0.680622 2.43228 5.45036 17.0172
152 6.06 0.733672 2.47167 0.684681 2.47205 5.4518 17.3339
153 6.1 0.726362 2.51393 0.695195 2.51296 5.64286 17.666
154 6.14 0.733412 2.55716 0.689028 2.55405 5.79554 18.0116
155 6.18 0.747036 2.60177 0.697036 2.59616 6.01632 18.375
156 6.22 0.728912 2.64586 0.703422 2.6392 5.97018 18.7403
157 6.26 0.740059 2.69121 0.720954 2.68388 6.25583 19.1281
158 6.3 0.736548 2.73691 0.733551 2.72993 6.26274 19.5212
159 6.34 0.736536 2.7832 0.742943 2.77717 6.43795 19.9305
160 6.38 0.750571 2.83097 0.750012 2.82545 6.43992 20.3451
161 6.42 0.732401 2.87817 0.767947 2.87552 6.62485 20.777
162 6.46 0.733838 2.92605 0.775338 2.92669 6.71994 21.2206
163 6.5 0.740974 2.975 0.783367 2.97904 6.71547 21.6693
164 6.54 0.744205 3.02477 0.807604 3.03367 6.70534 22.1229
165 6.58 0.74654 3.07531 0.81593 3.08955 6.75234 22.5853
166 6.62 0.75142 3.1268 0.817332 3.1462 6.87005 23.0615
167 6.66 0.741766 3.17824 0.823092 3.20395 6.80153 23.5387
168 6.7 0.755928 3.2313 0.836582 3.26334 6.93935 24.0314
169 6.74 0.758235 3.28516 0.849535 3.32438 6.88232 24.5259
170 6.78 0.769077 3.34043 0.853555 3.38644 6.98496 25.0337
171 6.82 0.779404 3.39711 0.862108 3.44987 6.89234 25.5408
172 6.86 0.778323 3.45438 0.866155 3.51434 6.91287 26.0553
173 6.9 0.7852 3.51283 0.865499 3.57951 6.94743 26.5785
174 6.94 0.79848 3.57296 0.871411 3.64589 6.86672 27.1016
175 6.98 0.796168 3.63361 0.872413 3.71312 6.89008 27.6325
176 7.02 0.806317 3.69574 0.87317 3.78118 6.76723 28.16
177 7.06 0.814415 3.75921 0.880526 3.85059 6.94251 28.7073
178 7.1 0.809925 3.82305 0.866667 3.9197 6.77775 29.2477
179 7.14 0.813398 3.88788 0.868189 3.9897 6.70681 29.7885
180 7.18 0.818221 3.95384 0.874779 4.06103 6.66306 30.3318
181 7.22 0.817059 4.02043 0.876115 4.13326 6.59529 30.8756
182 7.26 0.819756 4.08799 0.871305 4.2059 6.73697 31.4372
183 7.3 0.826436 4.15685 0.867464 4.27901 6.59156 31.9928
184 7.34 0.836699 4.22733 0.861079 4.35239 6.52104 32.5484
185 7.38 0.834324 4.29838 0.855333 4.42607 6.47971 33.1066
186 7.42 0.838707 4.37058 0.859839 4.50095 6.3886 33.6629
187 7.46 0.830241 4.44282 0.852517 4.57598 6.43866 34.2297
188 7.5 0.839626 4.51666 0.855388 4.65209 6.22773 34.7838
189 7.54 0.831187 4.59055 0.851813 4.72868 6.34425 35.3542
190 7.58 0.83589 4.66564 0.846139 4.80558 6.25695 35.9228
191 7.62 0.836294 4.74157 0.835939 4.88235 6.1697 36.4894
192 7.66 0.835365 4.8182 0.82713 4.95911 6.10683 37.0562
193 7.7 0.839517 4.89603 0.837016 5.0376 6.00274 37.6191
194 7.74 0.836081 4.97434 0.830049 5.11625 5.9215 38.1802
195 7.78 0.834889 5.05336 0.820484 5.1948 5.93031 38.7479
196 7.82 0.840652 5.13374 0.819595 5.27407 5.87115 39.3158
197 7.86 0.834293 5.21433 0.806371 5.35287 5.80757 39.8833
198 7.9 0.835571 5.29586 0.818101 5.43362 5.72968 40.4489
199 7.94 0.839491 5.37861 0.810375 5.51443 5.70568 41.0178
200 7.98 0.831858 5.46144 0.801219 5.59513 5.72813 41.5947
28000 200
1 0.02 0 0 0 0 0 0
2 0.06 0 0 0 0 0 0
3 0.1 0 0 0 0 0 0
4 0.14 0 0 0 0 0 0
5 0.18 0 0 0 0 0 0
6 0.22 0 0 0 0 0 0
7 0.26 0 0 0 0 0 0
8 0.3 0 0 0 0 0 0
9 0.34 0 0 0 0 0 0
10 0.38 0 0 0 0 0 0
11 0.42 0 0 0 0 0 0
12 0.46 0 0 0 0 0 0
13 0.5 0 0 0 0 0 0
14 0.54 0 0 0 0 0 0
15 0.58 0 0 0 0 0 0
16 0.62 0 0 0 0 0 0
17 0.66 0 0 0 0 0 0
18 0.7 0 0 0 0 0 0
19 0.74 0 0 0 0 0 0
20 0.78 0 0 0 0 0 0
21 0.82 0 0 0 0 0 0
22 0.86 0 0 0 0 0 0
23 0.9 0 0 0 0 0 0
24 0.94 0 0 0 0 0 0
25 0.98 0 0 0 0 0 0
26 1.02 0 0 0 0 0 0
27 1.06 0 0 0 0 0 0
28 1.1 0 0 0 0 0 0
29 1.14 0 0 0 0 0 0
30 1.18 0 0 0 0 0 0
31 1.22 0 0 0 0 0 0
32 1.26 0 0 0 0 0 0
33 1.3 0 0 0 0 0 0
34 1.34 0 0 0 0 0 0
35 1.38 0 0 0 0 0 0
36 1.42 0 0 0 0 0 0
37 1.46 0 0 0 0 0 0
38 1.5 0 0 0 0 0 0
39 1.54 0 0 0 0 0 0
40 1.58 0 0 0 0 0 0
41 1.62 0 0 0 0 0 0
42 1.66 0 0 0 0 0.413132 0.00180122
43 1.7 0 0 0 0 9.41207 0.0448376
44 1.74 0 0 0 0 56.1956 0.314024
45 1.78 0 0 0 0 123.534 0.93329
46 1.82 0 0 0 0 140.78 1.67108
47 1.86 0 0 0 0 103.005 2.2349
48 1.9 0 0 0 0 59.705 2.57591
49 1.94 0 0 0 0 29.5741 2.75201
50 1.98 0 0 0 0 14.2448 2.84037
51 2.02 0 0 0 0 6.8855 2.88482
52 2.06 0 0 0 0 3.39662 2.90762
53 2.1 0 0 0 0 1.9546 2.92126
54 2.14 0 0 0.000261452 1.89394e-06 1.19413 2.92991
55 2.18 0 0 0.00327431 2.65152e-05 0.817093 2.93606
56 2.22 0 0 0.0162743 0.000153409 0.577501 2.94056
57 2.26 0 0 0.0588273 0.000628788 0.449801 2.94419
58 2.3 0 0 0.153651 0.00191477 0.41505 2.94767
59 2.34 0.000221057 1.89394e-06 0.39461 0.00533333 0.271026 2.95002
60 2.38 0.000855077 9.4697e-06 0.755522 0.0121042 0.362484 2.95326
61 2.42 0.00641012 6.81818e-05 1.22603 0.023464 0.357557 2.95658
62 2.46 0.0336167 0.000386364 1.78427 0.0405473 0.396411 2.96037
63 2.5 0.11218 0.00148295 2.23116 0.0626098 0.494434 2.96526
64 2.54 0.257704 0.00408333 2.55648 0.0887045 0.645968 2.97186
65 2.58 0.531759 0.00961932 2.70856 0.117229 0.766617 2.97993
66 2.62 0.923855 0.0195379 2.67654 0.146297 1.08398 2.9917
67 2.66 1.40321 0.0350663 2.53218 0.174644 1.2039 3.00518
68 2.7 1.87838 0.056483 2.31896 0.20139 1.45573 3.02197
69 2.74 2.29653 0.0834489 2.04064 0.225629 1.32418 3.0377
70 2.78 2.53427 0.114081 1.8152 0.247824 1.1364 3.05159
71 2.82 2.675 0.147352 1.58044 0.267708 0.986785 3.06401
72 2.86 2.64053 0.181133 1.38989 0.285695 0.917152 3.07588
73 2.9 2.53565 0.214485 1.19538 0.3016 0.891994 3.08775
74 2.94 2.2892 0.245432 1.0743 0.316292 0.907881 3.10016
75 2.98 2.06234 0.274076 0.947651 0.329606 0.927165 3.11319
76 3.02 1.82259 0.300074 0.856436 0.341964 0.88495 3.12596
77 3.06 1.60273 0.323545 0.77781 0.353487 0.97053 3.14033
78 3.1 1.40299 0.344633 0.726103 0.364527 0.939283 3.15462
79 3.14 1.23814 0.363725 0.674205 0.375044 1.16089 3.17272
80 3.18 1.09774 0.381087 0.628826 0.385104 1.15598 3.19122
81 3.22 0.973823 0.396879 0.613878 0.395174 1.29215 3.21242
82 3.26 0.865748 0.411269 0.574011 0.404826 1.52463 3.23805
83 3.3 0.815197 0.425153 0.567324 0.4146 1.57001 3.2651
84 3.34 0.730656 0.437902 0.544807 0.424216 1.84424 3.29765
85 3.38 0.682622 0.450098 0.554515 0.434239 2.17994 3.33705
86 3.42 0.665604 0.462275 0.557691 0.444559 2.3361 3.38028
87 3.46 0.636446 0.474191 0.551871 0.455011 2.78847 3.4331
88 3.5 0.628605 0.486235 0.573437 0.466125 3.17816 3.49469
89 3.54 0.611106 0.498212 0.591302 0.477848 3.53177 3.56472
90 3.58 0.620765 0.510655 0.595262 0.489919 3.76574 3.64107
91 3.62 0.635402 0.523678 0.610949 0.502585 4.21365 3.72843
92 3.66 0.660099 0.537508 0.623227 0.515794 4.45893 3.82293
93 3.7 0.68049 0.552078 0.661332 0.530117 4.70316 3.9248
94 3.74 0.713709 0.567691 0.682094 0.545212 4.90393 4.03332
95 3.78 0.742417 0.584282 0.695969 0.560945 4.87323 4.14349
96 3.82 0.76687 0.601784 0.728718 0.577769 5.23286 4.2643
97 3.86 0.815995 0.620799 0.745833 0.59535 5.29149 4.38903
98 3.9 0.872111 0.641545 0.793733 0.614451 5.1728 4.51351
99 3.94 0.905826 0.663538 0.795902 0.633998 5.13244 4.63956
100 3.98 0.947564 0.687013 0.804243 0.654153 4.90015 4.76237
101 4.02 0.981632 0.711824 0.838092 0.675581 4.72136 4.88308
102 4.06 0.985967 0.737242 0.865017 0.69814 4.47831 4.99987
103 4.1 1.00061 0.763549 0.870016 0.721278 4.43251 5.11775
104 4.14 1.028 0.791106 0.883457 0.745235 4.31523 5.23477
105 4.18 1.01202 0.818761 0.908284 0.770343 4.47507 5.35848
106 4.22 1.00265 0.846688 0.907348 0.795907 4.4055 5.4826
107 4.26 0.959087 0.873909 0.937553 0.822826 4.54831 5.61319
108 4.3 0.966607 0.901862 0.968555 0.851159 4.77853 5.75298
109 4.34 0.918911 0.928932 0.983961 0.880481 5.03086 5.90289
110 4.38 0.902077 0.955998 1.01998 0.911439 5.34313 6.06507
111 4.42 0.890657 0.983212 1.04829 0.943841 5.5372 6.23622
112 4.46 0.870676 1.0103 1.09138 0.978187 6.02092 6.4257
113 4.5 0.855624 1.0374 1.10547 1.0136 6.20749 6.62457
114 4.54 0.859769 1.06511 1.1132 1.04991 6.42116 6.83397
115 4.58 0.860345 1.09334 1.11701 1.08698 6.66616 7.05519
116 4.62 0.885224 1.12289 1.12916 1.12511 6.84838 7.28646
117 4.66 0.886881 1.15301 1.11543 1.16343 6.76595 7.51891
118 4.7 0.889776 1.18375 1.09576 1.20172 7.06819 7.76594
119 4.74 0.904086 1.21552 1.06861 1.23971 7.23534 8.02313
120 4.78 0.906141 1.2479 1.03749 1.27721 7.30961 8.28736
121 4.82 0.921445 1.28138 1.02276 1.3148 7.20543 8.5522
122 4.86 0.920589 1.31539 0.989373 1.35178 7.49963 8.83245
123 4.9 0.935834 1.35053 0.992726 1.38949 7.50723 9.11763
124 4.94 0.939396 1.38639 0.968432 1.42688 7.40611 9.40357
125 4.98 0.934669 1.42264 0.963072 1.46466 7.48356 9.6972
126 5.02 0.924641 1.45908 0.941463 1.5022 7.50354 9.99637
127 5.06 0.928807 1.49628 0.92425 1.53964 7.4727 10.2991
128 5.1 0.930317 1.53412 0.916626 1.57736 7.36927 10.6023
129 5.14 0.908783 1.57167 0.913965 1.61556 7.19112 10.9029
130 5.18 0.91832 1.61021 0.891878 1.65342 7.15398 11.2066
131 5.22 0.894255 1.64832 0.882437 1.69147 6.79483 11.4995
132 5.26 0.897119 1.68714 0.869801 1.72954 6.64262 11.7903
133 5.3 0.871079 1.72541 0.848925 1.76727 6.32706 12.0715
134 5.34 0.870141 1.76422 0.825884 1.80453 6.09362 12.3464
135 5.38 0.861098 1.8032 0.811125 1.84167 5.9865 12.6205
136 5.42 0.839824 1.84178 0.787011 1.87825 5.81051 12.8906
137 5.46 0.820331 1.88003 0.778937 1.91499 5.62003 13.1556
138 5.5 0.814405 1.91856 0.774376 1.95205 5.44518 13.4162
139 5.54 0.800008 1.95696 0.753169 1.98862 5.40721 13.6788
140 5.58 0.77477 1.99469 0.735531 2.02485 5.29082 13.9394
141 5.62 0.772602 2.03286 0.732071 2.06143 5.26853 14.2027
142 5.66 0.763153 2.07109 0.71963 2.09791 5.24126 14.4683
143 5.7 0.759116 2.10967 0.701311 2.13396 5.25687 14.7386
144 5.74 0.75302 2.14847 0.697315 2.1703 5.16225 15.0077
145 5.78 0.736689 2.18696 0.684111 2.20646 5.10259 15.2774
146 5.82 0.743758 2.22636 0.688239 2.24335 5.10233 15.5508
147 5.86 0.744816 2.26637 0.678948 2.28023 5.20636 15.8336
148 5.9 0.728561 2.30603 0.674655 2.31739 5.12783 16.1161
149 5.94 0.739065 2.34681 0.679306 2.35531 5.25953 16.4096
150 5.98 0.739913 2.3882 0.68173 2.39388 5.20871 16.7043
151 6.02 0.737795 2.43002 0.679868 2.43286 5.3972 17.0138
152 6.06 0.741709 2.47262 0.68605 2.47272 5.59694 17.339
153 6.1 0.733511 2.5153 0.688985 2.51328 5.72486 17.676
154 6.14 0.736543 2.55873 0.699918 2.55503 5.80851 18.0225
155 6.18 0.730493 2.60237 0.700724 2.59737 5.98589 18.3841
156 6.22 0.739065 2.64709 0.71331 2.64103 6.06413 18.7553
157 6.26 0.730331 2.69185 0.712898 2.68523 6.10463 19.1338
158 6.3 0.74174 2.73789 0.740067 2.7317 6.31011 19.53
159 6.34 0.732172 2.78392 0.747199 2.77922 6.36076 19.9345
160 6.38 0.739026 2.83097 0.755709 2.82788 6.53596 20.3555
161 6.42 0.746035 2.87906 0.766506 2.87787 6.48339 20.7782
162 6.46 0.741812 2.92747 0.774343 2.92899 6.65863 21.2179
163 6.5 0.743488 2.9766 0.786406 2.98156 6.63755 21.6615
164 6.54 0.74102 3.02617 0.794976 3.03535 6.75195 22.1184
165 6.58 0.746216 3.0767 0.81103 3.09091 6.888 22.5903
166 6.62 0.74568 3.12781 0.817127 3.14756 6.91452 23.0697
167 6.66 0.744481 3.17946 0.830984 3.20588 6.85553 23.5508
168 6.7 0.747728 3.23195 0.841972 3.26567 7.01621 24.0491
169 6.74 0.760497 3.28599 0.848109 3.32663 6.91303 24.5459
170 6.78 0.766594 3.3411 0.852167 3.3886 6.91528 25.0488
171 6.82 0.779237 3.39779 0.858956 3.45181 6.94895 25.5602
172 6.86 0.777846 3.45504 0.862219 3.51601 6.97226 26.0793
173 6.9 0.783299 3.51336 0.862437 3.58097 6.85451 26.5956
174 6.94 0.79398 3.57317 0.873975 3.64757 6.94537 27.1248
175 6.98 0.802652 3.63433 0.871652 3.71475 6.84473 27.6524
176 7.02 0.803879 3.69629 0.871488 3.7827 6.83338 28.1852
177 7.06 0.81173 3.75957 0.870672 3.85136 6.75618 28.718
178 7.1 0.818175 3.82407 0.880482 3.92158 6.87867 29.2666
179 7.14 0.821172 3.88955 0.871697 3.99189 6.71128 29.8079
180 7.18 0.824427 3.95602 0.876971 4.06341 6.6888 30.3534
181 7.22 0.820568 4.02292 0.86762 4.13497 6.60354 30.898
182 7.26 0.822856 4.09075 0.86883 4.20742 6.62783 31.4507
183 7.3 0.819769 4.15907 0.860482 4.27997 6.53403 32.0016
184 7.34 0.834123 4.22936 0.868969 4.35404 6.46641 32.5528
185 7.38 0.835601 4.30054 0.865159 4.42859 6.51369 33.1141
186 7.42 0.835392 4.37247 0.855662 4.50312 6.48688 33.6791
187 7.46 0.826979 4.44445 0.850704 4.57802 6.3404 34.2373
188 7.5 0.833315 4.51776 0.844186 4.65315 6.33438 34.8011
189 7.54 0.835978 4.59209 0.842518 4.72893 6.31172 35.3688
190 7.58 0.838435 4.66743 0.844505 4.80569 6.30969 35.9423
191 7.62 0.834556 4.74322 0.840031 4.88286 6.08324 36.5012
192 7.66 0.846004 4.82086 0.84036 4.96087 6.08675 37.0662
193 7.7 0.840772 4.89882 0.834841 5.03918 6.08263 37.6368
194 7.74 0.838068 4.97734 0.824378 5.11732 6.05351 38.2105
195 7.78 0.833634 5.05626 0.823478 5.19618 5.91049 38.7765
196 7.82 0.837127 5.13633 0.824354 5.27593 5.87442 39.3449
197 7.86 0.840879 5.21757 0.811217 5.35522 5.74966 39.9069
198 7.9 0.82901 5.29849 0.80874 5.43508 5.7118 40.4708
199 7.94 0.832873 5.38061 0.805379 5.51541 5.6718 41.0365
200 7.98 0.83067 5.46334 0.811554 5.59717 5.6553 41.6063
29000 200
1 0.02 0 0 0 0 0 0
2 0.06 0 0 0 0 0 0
3 0.1 0 0 0 0 0 0
4 0.14 0 0 0 0 0 0
5 0.18 0 0 0 0 0 0
6 0.22 0 0 0 0 0 0
7 0.26 0 0 0 0 0 0
8 0.3 0 0 0 0 0 0
9 0.34 0 0 0 0 0 0
10 0.38 0 0 0 0 0 0
11 0.42 0 0 0 0 0 0
12 0.46 0 0 0 0 0 0
13 0.5 0 0 0 0 0 0
14 0.54 0 0 0 0 0 0
15 0.58 0 0 0 0 0 0
16 0.62 0 0 0 0 0 0
17 0.66 0 0 0 0 0 0
18 0.7 0 0 0 0 0 0
19 0.74 0 0 0 0 0 0
20 0.78 0 0 0 0 0 0
21 0.82 0 0 0 0 0 0
22 0.86 0 0 0 0 0 0
23 0.9 0 0 0 0 0 0
24 0.94 0 0 0 0 0 0
25 0.98 0 0 0 0 0 0
26 1.02 0 0 0 0 0 0
27 1.06 0 0 0 0 0 0
28 1.1 0 0 0 0 0 0
29 1.14 0 0 0 0 0 0
30 1.18 0 0 0 0 0 0
31 1.22 0 0 0 0 0 0
32 1.26 0 0 0 0 0 0
33 1.3 0 0 0 0 0 0
34 1.34 0 0 0 0 0 0
35 1.38 0 0 0 0 0 0
36 1.42 0 0 0 0 0 0
37 1.46 0 0 0 0 0 0
38 1.5 0 0 0 0 0 0
39 1.54 0 0 0 0 0 0
40 1.58 0 0 0 0 0 0
41 1.62 0 0 0 0 0 0
42 1.66 0 0 0 0 0.464673 0.00202638
43 1.7 0 0 0 0 9.0795 0.043551
44 1.74 0 0 0 0 55.3712 0.308845
45 1.78 0 0 0 0 124.386 0.932518
46 1.82 0 0 0 0 140.701 1.67005
47 1.86 0 0 0 0 102.925 2.23355
48 1.9 0 0 0 0 59.3093 2.57237
49 1.94 0 0 0 0 29.9944 2.75101
50 1.98 0 0 0 0 14.1641 2.83889
51 2.02 0 0 0 0 6.98866 2.88401
52 2.06 0 0 0 0 3.64496 2.90849
53 2.1 0 0 0 0 2.01409 2.92255
54 2.14 0 0 0.000261412 1.89394e-06 1.24272 2.93155
55 2.18 0 0 0.00402915 3.2197e-05 0.851106 2.93795
56 2.22 0 0 0.0128702 0.000132576 0.532021 2.9421
57 2.26 0 0 0.055066 0.000577652 0.457637 2.9458
58 2.3 0 0 0.162893 0.00194129 0.361179 2.94883
59 2.34 0.000442231 3.78788e-06 0.372889 0.00517235 0.311817 2.95153
60 2.38 0.000855116 1.13636e-05 0.73803 0.0117879 0.326523 2.95445
61 2.42 0.0115769 0.000117424 1.24109 0.0232898 0.31236 2.95735
62 2.46 0.0364103 0.000462121 1.76727 0.040214 0.369459 2.96089
63 2.5 0.103441 0.00147348 2.21825 0.0621534 0.513832 2.96597
64 2.54 0.263094 0.00412879 2.56298 0.0883201 0.671058 2.97282
65 2.58 0.534372 0.00969318 2.68785 0.116633 0.796981 2.98122
66 2.62 0.908492 0.0194489 2.70839 0.146053 1.07188 2.99286
67 2.66 1.38392 0.034767 2.52861 0.174366 1.16917 3.00595
68 2.7 1.88777 0.0562955 2.32897 0.201233 1.39688 3.02206
69 2.74 2.28475 0.0831288 2.06411 0.225756 1.22372 3.0366
70 2.78 2.57071 0.114208 1.7967 0.247729 1.18613 3.05111
71 2.82 2.6723 0.147453 1.58416 0.267665 1.04537 3.06427
72 2.86 2.65787 0.181462 1.40217 0.285814 0.93186 3.07633
73 2.9 2.50344 0.214398 1.20253 0.301818 0.899065 3.08829
74 2.94 2.32261 0.245803 1.07518 0.316525 0.848907 3.0999
75 2.98 2.05099 0.274295 0.943808 0.329788 0.830844 3.11158
76 3.02 1.81052 0.300127 0.874228 0.342405 0.993955 3.12592
77 3.06 1.6029 0.323606 0.773552 0.353867 0.911699 3.13943
78 3.1 1.40168 0.344678 0.724453 0.364884 1.02792 3.15507
79 3.14 1.22867 0.363629 0.652945 0.375072 1.09879 3.17221
80 3.18 1.106 0.381125 0.651772 0.385502 1.18391 3.19115
81 3.22 0.974659 0.396934 0.59793 0.395313 1.286 3.21225
82 3.26 0.876955 0.411513 0.569949 0.404898 1.47456 3.23705
83 3.3 0.810688 0.425324 0.567537 0.414678 1.63875 3.26529
84 3.34 0.737559 0.438195 0.557672 0.424523 1.76919 3.29653
85 3.38 0.680251 0.450352 0.542876 0.434337 2.10296 3.33454
86 3.42 0.663704 0.462496 0.546416 0.444451 2.42942 3.37951
87 3.46 0.6262 0.474223 0.569047 0.455231 2.81162 3.43278
88 3.5 0.625411 0.486208 0.580636 0.466487 3.19904 3.49479
89 3.54 0.631839 0.498595 0.578478 0.477958 3.52616 3.56472
90 3.58 0.61232 0.510871 0.592704 0.489979 3.89028 3.64362
91 3.62 0.632586 0.523839 0.612007 0.50267 4.24992 3.73175
92 3.66 0.646399 0.537384 0.626135 0.515943 4.3548 3.82406
93 3.7 0.66584 0.551644 0.652622 0.530081 4.61007 3.92393
94 3.74 0.711396 0.56721 0.681862 0.545174 4.91016 4.03261
95 3.78 0.747599 0.58392 0.699086 0.560981 5.08416 4.14757
96 3.82 0.772761 0.601561 0.71323 0.577451 5.18581 4.26732
97 3.86 0.816474 0.620591 0.751862 0.595178 5.34489 4.39334
98 3.9 0.869539 0.64128 0.775939 0.613854 5.11955 4.51656
99 3.94 0.909607 0.663369 0.798351 0.633466 5.01874 4.63985
100 3.98 0.93949 0.68665 0.819028 0.653996 4.80292 4.76024
101 4.02 0.958197 0.710873 0.833696 0.675316 4.71658 4.88086
102 4.06 0.991043 0.736428 0.862366 0.697811 4.48725 4.99791
103 4.1 1.01998 0.76325 0.876519 0.721127 4.40979 5.11521
104 4.14 1.01068 0.790348 0.889132 0.745242 4.35108 5.23323
105 4.18 1.01055 0.81797 0.896653 0.770034 4.30893 5.35236
106 4.22 1.00257 0.8459 0.917167 0.795881 4.31208 5.47388
107 4.26 0.982964 0.873805 0.934846 0.822727 4.64253 5.6072
108 4.3 0.957561 0.901502 0.958122 0.850761 4.82918 5.7485
109 4.34 0.9299 0.928902 0.977776 0.879905 5.03732 5.89865
110 4.38 0.907503 0.956136 1.02626 0.911061 5.34942 6.06105
111 4.42 0.884706 0.983174 1.06002 0.943831 5.78574 6.23992
112 4.46 0.870857 1.01027 1.08249 0.977905 5.86329 6.42448
113 4.5 0.867221 1.03774 1.09022 1.01284 6.17506 6.62235
114 4.54 0.859584 1.06546 1.12504 1.04954 6.45624 6.83294
115 4.58 0.860391 1.09369 1.13058 1.08706 6.65988 7.054
116 4.62 0.868814 1.1227 1.10929 1.12453 6.91547 7.28758
117 4.66 0.882955 1.1527 1.11546 1.16286 6.87498 7.52383
118 4.7 0.889583 1.18344 1.09515 1.20115 7.0575 7.77054
119 4.74 0.907611 1.21534 1.06247 1.23892 7.13521 8.02422
120 4.78 0.915431 1.24806 1.05618 1.27711 7.21288 8.28501
121 4.82 0.920413 1.28151 1.03084 1.31501 7.37624 8.55619
122 4.86 0.928854 1.31583 1.00548 1.35259 7.47305 8.83551
123 4.9 0.934729 1.35094 0.980355 1.38984 7.26097 9.11139
124 4.94 0.937462 1.38672 0.974893 1.42748 7.41621 9.39778
125 4.98 0.927393 1.4227 0.957413 1.46506 7.55572 9.69431
126 5.02 0.935733 1.45959 0.948389 1.50288 7.52695 9.99447
127 5.06 0.92322 1.49657 0.926348 1.54041 7.2782 10.2894
128 5.1 0.925832 1.53424 0.912748 1.57798 7.38798 10.5934
129 5.14 0.905566 1.57166 0.902042 1.61569 7.30115 10.8987
130 5.18 0.908328 1.60979 0.886292 1.65332 7.12898 11.2014
131 5.22 0.899927 1.64815 0.887958 1.69161 6.80456 11.4948
132 5.26 0.896969 1.68697 0.858455 1.7292 6.65592 11.7862
133 5.3 0.886369 1.72592 0.846738 1.76683 6.40603 12.071
134 5.34 0.867833 1.76463 0.83704 1.8046 6.12726 12.3474
135 5.38 0.846948 1.80298 0.808223 1.84162 5.77592 12.612
136 5.42 0.836015 1.8414 0.79976 1.8788 5.72283 12.878
137 5.46 0.827346 1.87998 0.787724 1.91596 5.67952 13.146
138 5.5 0.804427 1.91805 0.764042 1.95254 5.47221 13.4079
139 5.54 0.792775 1.95611 0.749578 1.98894 5.42064 13.6712
140 5.58 0.785843 1.99439 0.739369 2.02537 5.27336 13.931
141 5.62 0.782362 2.03305 0.72032 2.06137 5.3292 14.1974
142 5.66 0.755434 2.0709 0.718654 2.0978 5.25159 14.4636
143 5.7 0.762307 2.10965 0.702046 2.1339 5.2038 14.7311
144 5.74 0.75738 2.14868 0.69513 2.17014 5.1889 15.0017
145 5.78 0.745917 2.18767 0.692671 2.20676 5.14167 15.2735
146 5.82 0.732984 2.22651 0.682087 2.24332 5.14325 15.5492
147 5.86 0.739052 2.26621 0.68619 2.28061 5.10999 15.8269
148 5.9 0.738456 2.30642 0.676849 2.31789 5.1431 16.1102
149 5.94 0.739868 2.34726 0.671393 2.35538 5.21173 16.4012
150 5.98 0.73427 2.38833 0.678338 2.39377 5.27355 16.6996
151 6.02 0.729589 2.42969 0.688278 2.43324 5.44598 17.0119
152 6.06 0.740792 2.47225 0.681308 2.47283 5.52158 17.3328
153 6.1 0.731825 2.51485 0.686489 2.51325 5.63295 17.6645
154 6.14 0.735391 2.55822 0.69145 2.5545 5.80295 18.0106
155 6.18 0.737885 2.6023 0.710228 2.59743 5.99788 18.3731
156 6.22 0.728268 2.64638 0.710033 2.6409 6.0597 18.7441
157 6.26 0.738023 2.69162 0.724383 2.68582 6.23925 19.131
158 6.3 0.737893 2.73744 0.725074 2.73136 6.29086 19.5261
159 6.34 0.736021 2.78372 0.731347 2.77788 6.3781 19.9318
160 6.38 0.744696 2.83113 0.752608 2.82635 6.45917 20.3479
161 6.42 0.741057 2.87891 0.767129 2.87639 6.50616 20.7722
162 6.46 0.74885 2.9278 0.774465 2.92753 6.58902 21.2074
163 6.5 0.74376 2.97696 0.786917 2.98014 6.70735 21.6558
164 6.54 0.744173 3.02675 0.804211 3.03458 6.81801 22.1173
165 6.58 0.738452 3.07677 0.809223 3.09002 6.78746 22.5823
166 6.62 0.739529 3.12746 0.823562 3.14713 6.87498 23.0591
167 6.66 0.747293 3.17932 0.82819 3.20526 6.89485 23.543
168 6.7 0.751991 3.23212 0.846858 3.26542 6.82408 24.0278
169 6.74 0.765267 3.28651 0.841683 3.32593 6.9317 24.5261
170 6.78 0.77046 3.34191 0.860031 3.38849 6.95848 25.0323
171 6.82 0.762463 3.39739 0.867908 3.45237 6.9505 25.5438
172 6.86 0.773484 3.45433 0.864123 3.51672 6.89605 26.0574
173 6.9 0.786183 3.51288 0.869241 3.58221 7.0396 26.5877
174 6.94 0.791324 3.5725 0.862158 3.64792 6.93464 27.1163
175 6.98 0.80154 3.63359 0.872842 3.71521 6.885 27.6471
176 7.02 0.806583 3.69577 0.865304 3.78269 6.82696 28.1795
177 7.06 0.813767 3.75922 0.868708 3.85121 6.87911 28.7221
178 7.1 0.816102 3.82358 0.875211 3.92102 6.71028 29.2573
179 7.14 0.820736 3.88903 0.873157 3.99146 6.7625 29.8029
180 7.18 0.81049 3.95439 0.868794 4.06234 6.70392 30.3498
181 7.22 0.823946 4.02158 0.858527 4.13316 6.53118 30.8885
182 7.26 0.824632 4.08957 0.871712 4.20587 6.66806 31.4447
183 7.3 0.83125 4.15887 0.871145 4.27933 6.48761 31.9918
184 7.34 0.827474 4.22861 0.863964 4.35298 6.5084 32.5467
185 7.38 0.835379 4.29978 0.865677 4.42759 6.49441 33.1064
186 7.42 0.840447 4.37217 0.857348 4.50229 6.48622 33.6715
187 7.46 0.839835 4.44528 0.856351 4.5777 6.39492 34.2347
188 7.5 0.837098 4.51894 0.86256 4.65448 6.33667 34.7987
189 7.54 0.831882 4.59292 0.846844 4.73067 6.2242 35.3587
190 7.58 0.834567 4.66793 0.835533 4.80664 6.24605 35.9266
191 7.62 0.832562 4.74356 0.8374 4.88358 6.181 36.4945
192 7.66 0.840152 4.82067 0.830186 4.96066 6.19422 37.0696
193 7.7 0.838285 4.89842 0.818253 5.03743 6.05771 37.638
194 7.74 0.835261 4.9767 0.823063 5.11546 5.95282 38.2023
195 7.78 0.836075 5.05586 0.830104 5.19497 5.82025 38.7598
196 7.82 0.839641 5.13619 0.823474 5.27466 5.87788 39.3286
197 7.86 0.836956 5.21707 0.815617 5.35439 5.78592 39.8942
198 7.9 0.831588 5.29826 0.813151 5.4347 5.72164 40.4593
199 7.94 0.831564 5.38027 0.812365 5.51574 5.70089 41.028
200 7.98 0.831499 5.4631 0.80783 5.59715 5.67674 41.6001
30000 200
1 0.02 0 0 0 0 0 0
2 0.06 0 0 0 0 0 0
3 0.1 0 0 0 0 0 0
4 0.14 0 0 0 0 0 0
5 0.18 0 0 0 0 0 0
6 0.22 0 0 0 0 0 0
7 0.26 0 0 0 0 0 0
8 0.3 0 0 0 0 0 0
9 0.34 0 0 0 0 0 0
10 0.38 0 0 0 0 0 0
11 0.42 0 0 0 0 0 0
12 0.46 0 0 0 0 0 0
13 0.5 0 0 0 0 0 0
14 0.54 0 0 0 0 0 0
15 0.58 0 0 0 0 0 0
16 0.62 0 0 0 0 0 0
17 0.66 0 0 0 0 0 0
18 0.7 0 0 0 0 0 0
19 0.74 0 0 0 0 0 0
20 0.78 0 0 0 0 0 0
21 0.82 0 0 0 0 0 0
22 0.86 0 0 0 0 0 0
23 0.9 0 0 0 0 0 0
24 0.94 0 0 0 0 0 0
25 0.98 0 0 0 0 0 0
26 1.02 0 0 0 0 0 0
27 1.06 0 0 0 0 0 0
28 1.1 0 0 0 0 0 0
29 1.14 0 0 0 0 0 0
30 1.18 0 0 0 0 0 0
31 1.22 0 0 0 0 0 0
32 1.26 0 0 0 0 0 0
33 1.3 0 0 0 0 0 0
34 1.34 0 0 0 0 0 0
35 1.38 0 0 0 0 0 0
36 1.42 0 0 0 0 0 0
37 1.46 0 0 0 0 0 0
38 1.5 0 0 0 0 0 0
39 1.54 0 0 0 0 0 0
40 1.58 0 0 0 0 0 0
41 1.62 0 0 0 0 0 0
42 1.66 0 0 0 0 0.302338 0.00131875
43 1.7 0 0 0 0 9.34462 0.0440656
44 1.74 0 0 0 0 55.0498 0.30788
45 1.78 0 0 0 0 124.358 0.931554
46 1.82 0 0 0 0 140.398 1.66767
47 1.86 0 0 0 0 103.682 2.23545
48 1.9 0 0 0 0 59.6898 2.57652
49 1.94 0 0 0 0 29.264 2.75085
50 1.98 0 0 0 0 14.3681 2.84001
51 2.02 0 0 0 0 6.93228 2.88479
52 2.06 0 0 0 0 3.74466 2.90994
53 2.1 0 0 0 0 2.03208 2.92412
54 2.14 0 0 0.000783805 5.68182e-06 1.07825 2.93194
55 2.18 0 0 0.00100707 1.32576e-05 0.748283 2.93757
56 2.22 0 0 0.0121393 0.000107955 0.552506 2.94188
57 2.26 0 0 0.0569279 0.000568182 0.354094 2.94474
58 2.3 0 0 0.154261 0.00185985 0.368775 2.94783
59 2.34 0 0 0.375203 0.00511174 0.359983 2.95095
60 2.38 0.00106842 9.4697e-06 0.749057 0.0118277 0.330045 2.95391
61 2.42 0.00785392 8.14394e-05 1.22098 0.0231458 0.374749 2.95738
62 2.46 0.0330026 0.000393939 1.79276 0.0403182 0.416387 2.96137
63 2.5 0.103998 0.00141098 2.25985 0.0626742 0.51696 2.96648
64 2.54 0.273729 0.00417424 2.55775 0.0887936 0.59215 2.97253
65 2.58 0.534976 0.00974621 2.71311 0.117379 0.86701 2.98167
66 2.62 0.934728 0.019786 2.66245 0.146307 0.982824 2.99234
67 2.66 1.40173 0.0353049 2.5155 0.174479 1.16315 3.00537
68 2.7 1.88169 0.0567689 2.28297 0.200822 1.3854 3.02136
69 2.74 2.26907 0.0834242 2.07129 0.225436 1.33712 3.03725
70 2.78 2.54051 0.114146 1.80155 0.247473 1.19111 3.05182
71 2.82 2.67625 0.147447 1.62306 0.267903 1.07324 3.06533
72 2.86 2.65519 0.18143 1.38957 0.285894 0.904304 3.07703
73 2.9 2.52186 0.214616 1.20936 0.301992 0.964106 3.08987
74 2.94 2.29617 0.24567 1.06842 0.31661 0.813451 3.101
75 2.98 2.0636 0.274345 0.945211 0.329896 0.874132 3.11328
76 3.02 1.82124 0.300335 0.856313 0.342258 0.884551 3.12605
77 3.06 1.61365 0.323977 0.771458 0.353691 0.904981 3.13947
78 3.1 1.39279 0.34492 0.720798 0.364655 1.11015 3.15635
79 3.14 1.22937 0.363886 0.658742 0.374936 1.03258 3.17247
80 3.18 1.06733 0.380775 0.63896 0.385163 1.15145 3.1909
81 3.22 0.976769 0.396621 0.594794 0.394924 1.3053 3.21232
82 3.26 0.872424 0.411129 0.572631 0.404557 1.44747 3.23667
83 3.3 0.796607 0.424703 0.577953 0.414519 1.59173 3.2641
84 3.34 0.749212 0.43778 0.557435 0.424362 1.95095 3.29855
85 3.38 0.704144 0.450367 0.548509 0.43428 2.09002 3.33635
86 3.42 0.658585 0.46242 0.562555 0.444695 2.40628 3.38089
87 3.46 0.633439 0.474286 0.551824 0.455152 2.78551 3.43368
88 3.5 0.620523 0.48618 0.554228 0.465898 3.11038 3.49399
89 3.54 0.608607 0.498114 0.585409 0.477509 3.42642 3.56195
90 3.58 0.630407 0.510756 0.601905 0.48972 3.94961 3.64207
91 3.62 0.628007 0.523633 0.610953 0.502392 4.13109 3.72776
92 3.66 0.646792 0.537189 0.63662 0.51589 4.46606 3.82245
93 3.7 0.680804 0.551773 0.662086 0.530237 4.70103 3.92432
94 3.74 0.712268 0.567362 0.67238 0.545123 4.93516 4.03358
95 3.78 0.744123 0.583998 0.711739 0.56122 4.95501 4.14564
96 3.82 0.770095 0.601581 0.731513 0.578116 5.19993 4.26574
97 3.86 0.820021 0.620699 0.757068 0.59597 5.1691 4.38765
98 3.9 0.85748 0.641106 0.773715 0.614597 5.3054 4.51537
99 3.94 0.907838 0.663157 0.790227 0.634013 5.11969 4.64117
100 3.98 0.936828 0.686377 0.814006 0.654422 4.91982 4.76452
101 4.02 0.971157 0.710934 0.844238 0.676017 4.62998 4.88295
102 4.06 0.997278 0.736655 0.844526 0.698051 4.57374 5.00228
103 4.1 1.01521 0.763358 0.866353 0.721102 4.45592 5.12084
104 4.14 1.02479 0.790841 0.887184 0.74517 4.2896 5.23721
105 4.18 1.01157 0.818496 0.904594 0.770188 4.21371 5.35375
106 4.22 1.00601 0.846528 0.920787 0.796142 4.52334 5.48125
107 4.26 0.976736 0.874263 0.929752 0.822848 4.62467 5.61409
108 4.3 0.954263 0.901871 0.961135 0.850977 4.81818 5.7551
109 4.34 0.921909 0.929042 0.976217 0.880081 4.97361 5.90338
110 4.38 0.913602 0.956466 1.02352 0.911161 5.28358 6.06381
111 4.42 0.884192 0.983494 1.04881 0.943593 5.5514 6.23548
112 4.46 0.864144 1.01039 1.07869 0.977555 5.93652 6.42239
113 4.5 0.855844 1.03751 1.09511 1.01266 6.2509 6.62274
114 4.54 0.866255 1.06545 1.13383 1.04965 6.44293 6.83294
115 4.58 0.861637 1.09373 1.11469 1.08666 6.68836 7.055
116 4.62 0.866175 1.12265 1.13353 1.12495 6.89579 7.28797
117 4.66 0.880521 1.15257 1.10022 1.16277 6.8949 7.52496
118 4.7 0.902419 1.18376 1.09744 1.20114 7.12117 7.77395
119 4.74 0.897596 1.21532 1.06691 1.23908 7.03225 8.02403
120 4.78 0.915058 1.24803 1.05457 1.27722 7.34464 8.28964
121 4.82 0.927705 1.28176 1.02189 1.3148 7.26434 8.55677
122 4.86 0.930843 1.31616 0.995416 1.35201 7.46616 8.8359
123 4.9 0.931032 1.35113 0.986905 1.38952 7.42179 9.11795
124 4.94 0.929656 1.38663 0.983837 1.42752 7.49444 9.40743
125 4.98 0.922884 1.42245 0.957095 1.46509 7.5294 9.70299
126 5.02 0.931868 1.45919 0.940573 1.5026 7.39861 9.9981
127 5.06 0.941303 1.4969 0.92721 1.54018 7.38606 10.2974
128 5.1 0.919056 1.5343 0.916863 1.57793 7.30972 10.5984
129 5.14 0.92964 1.57273 0.91139 1.61604 7.16485 10.898
130 5.18 0.908796 1.61089 0.895852 1.65409 7.06144 11.1979
131 5.22 0.902119 1.64935 0.872207 1.6917 6.94616 11.4975
132 5.26 0.883288 1.68759 0.870798 1.72984 6.66613 11.7894
133 5.3 0.871728 1.7259 0.843775 1.76735 6.45087 12.0762
134 5.34 0.86309 1.76441 0.83223 1.80491 6.05029 12.3493
135 5.38 0.848214 1.80283 0.807954 1.84193 5.97961 12.6232
136 5.42 0.840849 1.84148 0.803974 1.87931 5.71735 12.8891
137 5.46 0.825935 1.88 0.778591 1.91605 5.61754 13.1541
138 5.5 0.808323 1.91826 0.774665 1.95314 5.47767 13.4164
139 5.54 0.796614 1.95652 0.751978 1.98967 5.37768 13.6776
140 5.58 0.782202 1.99463 0.740006 2.02614 5.39941 13.9437
141 5.62 0.773484 2.03285 0.727426 2.06251 5.20379 14.2039
142 5.66 0.765915 2.07124 0.717554 2.09889 5.20851 14.468
143 5.7 0.766491 2.11021 0.700926 2.13494 5.24074 14.7375
144 5.74 0.746071 2.14867 0.68687 2.17076 5.15254 15.0062
145 5.78 0.739804 2.18734 0.684452 2.20695 5.03951 15.2727
146 5.82 0.735459 2.22632 0.684403 2.24364 5.07426 15.5447
147 5.86 0.729436 2.26552 0.673036 2.28023 5.16856 15.8257
148 5.9 0.747363 2.30622 0.67738 2.31755 5.16643 16.1103
149 5.94 0.739903 2.34707 0.677886 2.35541 5.23012 16.4024
150 5.98 0.738432 2.38839 0.674602 2.39359 5.31042 16.703
151 6.02 0.737837 2.43023 0.675638 2.43234 5.35279 17.01
152 6.06 0.733666 2.47239 0.690795 2.4725 5.5806 17.3344
153 6.1 0.735526 2.51521 0.694532 2.5134 5.58303 17.6632
154 6.14 0.72562 2.55801 0.693319 2.55477 5.85173 18.0124
155 6.18 0.734481 2.60191 0.706932 2.59751 5.87467 18.3675
156 6.22 0.737799 2.64657 0.715343 2.64131 6.06879 18.7392
157 6.26 0.73393 2.69157 0.720703 2.68602 6.18388 19.1227
158 6.3 0.737203 2.73735 0.726323 2.73165 6.32885 19.5203
159 6.34 0.739765 2.78388 0.736835 2.77852 6.3372 19.9235
160 6.38 0.744435 2.83129 0.751611 2.82695 6.55603 20.3459
161 6.42 0.747053 2.87947 0.765326 2.87688 6.65505 20.7801
162 6.46 0.73519 2.92748 0.778931 2.92833 6.65956 21.2199
163 6.5 0.74886 2.97698 0.784979 2.98082 6.6548 21.665
164 6.54 0.742586 3.02668 0.805005 3.03532 6.7808 22.124
165 6.58 0.747618 3.07733 0.8097 3.09081 6.8366 22.5925
166 6.62 0.752229 3.12891 0.818594 3.14759 6.7853 23.0632
167 6.66 0.746112 3.18069 0.831908 3.206 6.92625 23.5495
168 6.7 0.762307 3.23423 0.841705 3.2658 6.94881 24.0432
169 6.74 0.756297 3.28799 0.849128 3.32686 6.95157 24.543
170 6.78 0.762777 3.34285 0.851217 3.38879 6.90117 25.0452
171 6.82 0.768325 3.39877 0.857906 3.45195 6.90785 25.5537
172 6.86 0.774721 3.45582 0.866568 3.5165 6.96743 26.0727
173 6.9 0.78768 3.51449 0.870925 3.58213 6.80323 26.5854
174 6.94 0.793278 3.57428 0.86879 3.64836 6.94315 27.1147
175 6.98 0.794174 3.63482 0.867531 3.71526 6.84962 27.6429
176 7.02 0.811898 3.69742 0.872922 3.78335 6.85839 28.1778
177 7.06 0.815377 3.76101 0.876526 3.8525 6.82778 28.7165
178 7.1 0.808232 3.82476 0.865159 3.92153 6.78935 29.2582
179 7.14 0.81943 3.89013 0.873987 3.99205 6.72745 29.8011
180 7.18 0.814082 3.95579 0.871357 4.06315 6.66453 30.3449
181 7.22 0.822038 4.02284 0.864161 4.13445 6.64351 30.893
182 7.26 0.82529 4.09091 0.872463 4.20724 6.58053 31.442
183 7.3 0.826175 4.15979 0.866722 4.28034 6.60319 31.999
184 7.34 0.835618 4.23023 0.872516 4.35475 6.57026 32.5592
185 7.38 0.82854 4.30084 0.862051 4.42906 6.48506 33.1183
186 7.42 0.834933 4.37277 0.865126 4.50445 6.44744 33.6802
187 7.46 0.837335 4.44568 0.847252 4.57908 6.33029 34.2378
188 7.5 0.837293 4.51937 0.851682 4.65491 6.3594 34.804
189 7.54 0.835331 4.59368 0.84669 4.7311 6.32892 35.3735
190 7.58 0.831784 4.66846 0.840984 4.80758 6.23047 35.9401
191 7.62 0.841523 4.74491 0.839247 4.88471 6.14773 36.5051
192 7.66 0.829395 4.82106 0.843413 4.96304 6.11244 37.0728
193 7.7 0.833722 4.89841 0.827308 5.04068 5.93668 37.6299
194 7.74 0.843049 4.97743 0.824132 5.11883 5.92465 38.1917
195 7.78 0.838762 5.05687 0.815699 5.19697 5.95387 38.7621
196 7.82 0.839506 5.1372 0.817707 5.27612 5.83928 39.3273
197 7.86 0.837293 5.21813 0.815894 5.3559 5.89678 39.9039
198 7.9 0.836322 5.2998 0.811007 5.43602 5.69817 40.4668
199 7.94 0.831737 5.38185 0.811834 5.51703 5.74566 41.0401
200 7.98 0.834559 5.465 0.806158 5.59828 5.62599 41.6072
31000 200
1 0.02 0 0 0 0 0 0
2 0.06 0 0 0 0 0 0
3 0.1 0 0 0 0 0 0
4 0.14 0 0 0 0 0 0
5 0.18 0 0 0 0 0 0
6 0.22 0 0 0 0 0 0
7 0.26 0 0 0 0 0 0
8 0.3 0 0 0 0 0 0
9 0.34 0 0 0 0 0 0
10 0.38 0 0 0 0 0 0
11 0.42 0 0 0 0 0 0
12 0.46 0 0 0 0 0 0
13 0.5 0 0 0 0 0 0
14 0.54 0 0 0 0 0 0
15 0.58 0 0 0 0 0 0
16 0.62 0 0 0 0 0 0
17 0.66 0 0 0 0 0 0
18 0.7 0 0 0 0 0 0
19 0.74 0 0 0 0 0 0
20 0.78 0 0 0 0 0 0
21 0.82 0 0 0 0 0 0
22 0.86 0 0 0 0 0 0
23 0.9 0 0 0 0 0 0
24 0.94 0 0 0 0 0 0
25 0.98 0 0 0 0 0 0
26 1.02 0 0 0 0 0 0
27 1.06 0 0 0 0 0 0
28 1.1 0 0 0 0 0 0
29 1.14 0 0 0 0 0 0
30 1.18 0 0 0 0 0 0
31 1.22 0 0 0 0 0 0
32 1.26 0 0 0 0 0 0
33 1.3 0 0 0 0 0 0
34 1.34 0 0 0 0 0 0
35 1.38 0 0 0 0 0 0
36 1.42 0 0 0 0 0 0
37 1.46 0 0 0 0 0 0
38 1.5 0 0 0 0 0 0
39 1.54 0 0 0 0 0 0
40 1.58 0 0 0 0 0 0
41 1.62 0 0 0 0 0.00774075 3.21647e-05
42 1.66 0 0 0 0 0.346514 0.0015439
43 1.7 0 0 0 0 9.46911 0.0448697
44 1.74 0 0 0 0 54.7493 0.307301
45 1.78 0 0 0 0 123.356 0.926086
46 1.82 0 0 0 0 141.791 1.66967
47 1.86 0 0 0 0 104.17 2.24024
48 1.9 0 0 0 0 58.81 2.57636
49 1.94 0 0 0 0 29.7866 2.75384
50 1.98 0 0 0 0 13.9868 2.84066
51 2.02 0 0 0 0 6.83606 2.88482
52 2.06 0 0 0 0 3.60503 2.90904
53 2.1 0 0 0 0 1.97176 2.9228
54 2.14 0 0 0.000522377 3.78788e-06 1.23773 2.93178
55 2.18 0 0 0.00327231 2.84091e-05 0.837873 2.93808
56 2.22 0 0 0.0138356 0.000136364 0.47819 2.94181
57 2.26 0 0 0.0505915 0.000545455 0.481291 2.94571
58 2.3 0 0 0.157846 0.00186742 0.395569 2.94902
59 2.34 0 0 0.379271 0.0051553 0.289417 2.95153
60 2.38 0.00128166 1.13636e-05 0.765579 0.0120208 0.322805 2.95442
61 2.42 0.00950525 9.84848e-05 1.26035 0.0237064 0.381607 2.95796
62 2.46 0.0309949 0.000392045 1.77003 0.0406648 0.308858 2.96092
63 2.5 0.108429 0.00145265 2.24271 0.0628561 0.503857 2.96591
64 2.54 0.265226 0.00413068 2.5507 0.0889091 0.655015 2.9726
65 2.58 0.530496 0.0096572 2.69024 0.117259 0.845434 2.98151
66 2.62 0.944221 0.0198011 2.68872 0.146479 0.970797 2.99206
67 2.66 1.4004 0.0353087 2.51968 0.174705 1.1744 3.00521
68 2.7 1.88145 0.0567746 2.27788 0.200994 1.35165 3.02081
69 2.74 2.27825 0.0835436 2.08709 0.225801 1.37472 3.03715
70 2.78 2.56688 0.114591 1.8058 0.247896 1.12776 3.05095
71 2.82 2.681 0.147958 1.58043 0.267794 0.937613 3.06275
72 2.86 2.64869 0.181866 1.40973 0.286049 0.996001 3.07565
73 2.9 2.51095 0.214915 1.20484 0.302091 0.9518 3.08832
74 2.94 2.2832 0.245801 1.08771 0.316975 0.919043 3.1009
75 2.98 2.01437 0.273797 0.938942 0.330176 0.933427 3.11402
76 3.02 1.83372 0.299972 0.839734 0.342301 0.995734 3.1284
77 3.06 1.59947 0.323411 0.78534 0.353943 0.95469 3.14255
78 3.1 1.41276 0.344659 0.726119 0.364991 1.00631 3.15786
79 3.14 1.23511 0.363718 0.666482 0.375394 1.04267 3.17414
80 3.18 1.09857 0.381104 0.63894 0.385623 1.15321 3.1926
81 3.22 0.970372 0.39685 0.592359 0.395347 1.35206 3.2148
82 3.26 0.880771 0.4115 0.569131 0.404922 1.46436 3.23943
83 3.3 0.798102 0.425102 0.569149 0.414735 1.53542 3.26591
84 3.34 0.748507 0.43817 0.546482 0.424386 1.803 3.29775
85 3.38 0.6988 0.450665 0.563468 0.434578 2.02199 3.33432
86 3.42 0.64913 0.462547 0.559368 0.444936 2.40402 3.37884
87 3.46 0.641182 0.474561 0.556502 0.455483 2.78317 3.43159
88 3.5 0.616631 0.486383 0.559772 0.466339 3.20422 3.49373
89 3.54 0.620449 0.498551 0.595877 0.478161 3.41758 3.56153
90 3.58 0.633195 0.511252 0.584596 0.490023 3.93611 3.6414
91 3.62 0.639784 0.524373 0.625883 0.503008 4.21083 3.72876
92 3.66 0.649181 0.537983 0.619067 0.516136 4.66833 3.82776
93 3.7 0.671466 0.552369 0.64228 0.530057 4.83952 3.93265
94 3.74 0.708307 0.567875 0.678221 0.545076 4.86871 4.04046
95 3.78 0.736846 0.584352 0.699776 0.560905 4.97096 4.15291
96 3.82 0.782865 0.602231 0.722092 0.577587 5.10689 4.27089
97 3.86 0.81107 0.621144 0.74478 0.595155 5.0425 4.38984
98 3.9 0.853237 0.641455 0.774333 0.613801 5.13329 4.51344
99 3.94 0.908729 0.663532 0.797454 0.6334 4.97464 4.6357
100 3.98 0.956256 0.687239 0.829536 0.654203 4.96362 4.76018
101 4.02 0.964134 0.711623 0.846052 0.675848 4.67803 4.87986
102 4.06 0.979372 0.736888 0.860017 0.698292 4.66639 5.00164
103 4.1 1.02521 0.76386 0.851364 0.720949 4.4066 5.11891
104 4.14 1.01348 0.791045 0.909393 0.745625 4.32782 5.23635
105 4.18 1.02527 0.819081 0.904261 0.770638 4.24536 5.35378
106 4.22 0.998657 0.846915 0.924347 0.796699 4.44931 5.47922
107 4.26 0.962784 0.874259 0.930539 0.823434 4.59008 5.6111
108 4.3 0.951501 0.901794 0.960472 0.851549 4.79186 5.75137
109 4.34 0.92685 0.929116 0.999121 0.881343 5.03834 5.90161
110 4.38 0.914413 0.95657 1.01064 0.912038 5.35126 6.06414
111 4.42 0.886167 0.983665 1.04577 0.944383 5.571 6.23644
112 4.46 0.8701 1.01075 1.06468 0.977911 5.82184 6.41978
113 4.5 0.872211 1.03839 1.09776 1.0131 6.31377 6.62219
114 4.54 0.85262 1.0659 1.11838 1.0496 6.4977 6.83422
115 4.58 0.862949 1.09423 1.12431 1.08694 6.63364 7.05452
116 4.62 0.875229 1.12346 1.1191 1.12475 6.81815 7.28491
117 4.66 0.878099 1.15331 1.11381 1.16304 6.94954 7.52383
118 4.7 0.895375 1.18426 1.10651 1.20174 6.98352 7.76806
119 4.74 0.903756 1.21604 1.07525 1.23999 7.18535 8.02364
120 4.78 0.923016 1.24905 1.04193 1.27768 7.38304 8.2907
121 4.82 0.921617 1.28255 1.02523 1.31538 7.32307 8.56005
122 4.86 0.929819 1.31693 0.99753 1.35269 7.23406 8.83056
123 4.9 0.924429 1.35166 0.988633 1.39027 7.55386 9.11769
124 4.94 0.932429 1.38727 0.967103 1.42763 7.56356 9.40991
125 4.98 0.921659 1.42305 0.960069 1.46532 7.48105 9.70363
126 5.02 0.91817 1.45926 0.945257 1.50304 7.4978 10.0028
127 5.06 0.945209 1.49713 0.928363 1.54067 7.25351 10.2968
128 5.1 0.923602 1.53473 0.91133 1.57819 7.31279 10.5979
129 5.14 0.91776 1.57268 0.908699 1.6162 7.16942 10.8978
130 5.18 0.903775 1.61063 0.887543 1.6539 7.0758 11.1984
131 5.22 0.906319 1.64928 0.877986 1.69178 6.80004 11.4917
132 5.26 0.893329 1.68796 0.866415 1.72973 6.78364 11.7888
133 5.3 0.877614 1.72654 0.839503 1.76706 6.43212 12.0749
134 5.34 0.8747 1.76558 0.830872 1.80457 6.14017 12.3521
135 5.38 0.844517 1.80384 0.813936 1.84187 5.96846 12.6256
136 5.42 0.822458 1.84165 0.806285 1.87937 5.68362 12.8899
137 5.46 0.82397 1.88009 0.777299 1.91605 5.6013 13.1543
138 5.5 0.804586 1.91818 0.771846 1.95302 5.4973 13.4175
139 5.54 0.799793 1.9566 0.756764 1.98979 5.4652 13.6831
140 5.58 0.78553 1.99488 0.737696 2.02615 5.31472 13.9451
141 5.62 0.775077 2.03319 0.732494 2.06278 5.25281 14.2077
142 5.66 0.769598 2.07177 0.715643 2.09907 5.25051 14.474
143 5.7 0.759208 2.11038 0.707291 2.13545 5.10642 14.7367
144 5.74 0.746202 2.14886 0.700192 2.17198 5.10641 15.003
145 5.78 0.747502 2.18794 0.689389 2.20844 5.13753 15.2748
146 5.82 0.739121 2.22712 0.68994 2.24544 4.99937 15.5428
147 5.86 0.736256 2.26669 0.681005 2.28246 5.09585 15.8199
148 5.9 0.724777 2.30617 0.662352 2.31896 5.22834 16.108
149 5.94 0.743171 2.34721 0.669838 2.35638 5.25144 16.4014
150 5.98 0.73692 2.38845 0.6683 2.39421 5.34278 16.7038
151 6.02 0.732067 2.42998 0.686318 2.43359 5.39479 17.0133
152 6.06 0.736901 2.47233 0.675593 2.47287 5.61427 17.3398
153 6.1 0.735139 2.51514 0.695087 2.51382 5.64733 17.6724
154 6.14 0.737788 2.55867 0.692882 2.55517 5.91135 18.0252
155 6.18 0.733721 2.60252 0.699042 2.59744 5.92075 18.3832
156 6.22 0.728254 2.64662 0.709499 2.64089 6.14466 18.7596
157 6.26 0.740593 2.69204 0.72186 2.68568 6.15454 19.1414
158 6.3 0.746587 2.73841 0.726015 2.7313 6.24093 19.5336
159 6.34 0.734695 2.78463 0.739679 2.77837 6.38081 19.9396
160 6.38 0.732856 2.83132 0.756502 2.82712 6.52866 20.3603
161 6.42 0.741282 2.87913 0.77584 2.87774 6.48452 20.7835
162 6.46 0.744484 2.92776 0.769732 2.9286 6.6956 21.2258
163 6.5 0.7438 2.97694 0.78982 2.98143 6.68702 21.6731
164 6.54 0.753431 3.02737 0.796492 3.03536 6.73608 22.1292
165 6.58 0.74399 3.07779 0.816404 3.09132 6.83979 22.5981
166 6.62 0.747786 3.12907 0.821829 3.14834 6.89046 23.0761
167 6.66 0.746823 3.18092 0.832836 3.20682 6.94442 23.5638
168 6.7 0.75578 3.23401 0.838857 3.26644 6.85272 24.0508
169 6.74 0.75091 3.2874 0.850839 3.32763 6.89327 24.5465
170 6.78 0.771061 3.34287 0.85561 3.3899 6.97967 25.0545
171 6.82 0.775805 3.39934 0.859262 3.45317 6.87925 25.561
172 6.86 0.779386 3.45675 0.861168 3.51733 6.98189 26.0812
173 6.9 0.775282 3.51451 0.875712 3.58333 6.89989 26.6013
174 6.94 0.797604 3.57463 0.869073 3.6496 6.91633 27.1287
175 6.98 0.795517 3.63529 0.86889 3.71662 6.80391 27.6535
176 7.02 0.816141 3.69824 0.874333 3.78483 6.85196 28.188
177 7.06 0.80993 3.76142 0.87007 3.85349 6.78309 28.7233
178 7.1 0.808991 3.82524 0.871021 3.923 6.67261 29.2558
179 7.14 0.819419 3.89062 0.869972 3.99322 6.70128 29.7967
180 7.18 0.826181 3.95727 0.857521 4.0632 6.61145 30.3362
181 7.22 0.817749 4.02399 0.864683 4.13456 6.7321 30.8918
182 7.26 0.824767 4.09202 0.872137 4.20734 6.65236 31.4469
183 7.3 0.822951 4.16066 0.874976 4.28116 6.58459 32.0024
184 7.34 0.836269 4.23117 0.865554 4.35498 6.57561 32.5633
185 7.38 0.831403 4.30204 0.863707 4.42946 6.57391 33.1301
186 7.42 0.828883 4.37346 0.860874 4.50449 6.39991 33.688
187 7.46 0.83215 4.44593 0.857578 4.58005 6.38987 34.2509
188 7.5 0.83799 4.5197 0.852709 4.65598 6.3414 34.8157
189 7.54 0.827103 4.5933 0.847726 4.73228 6.28895 35.3817
190 7.58 0.840366 4.66886 0.847068 4.80934 6.21284 35.9468
191 7.62 0.838006 4.74501 0.832163 4.88583 6.0708 36.5049
192 7.66 0.836144 4.8218 0.830814 4.96301 6.10487 37.072
193 7.7 0.843216 4.90004 0.825837 5.04052 5.97719 37.633
194 7.74 0.829574 4.97782 0.82503 5.11877 5.98544 38.2007
195 7.78 0.839299 5.05732 0.818467 5.1972 5.80926 38.7574
196 7.82 0.839799 5.1377 0.81708 5.27631 5.92439 39.3309
197 7.86 0.833487 5.21828 0.817788 5.35629 5.77348 39.8956
198 7.9 0.838971 5.30023 0.811578 5.43648 5.76042 40.4648
199 7.94 0.835281 5.38264 0.808526 5.51718 5.76278 41.0399
200 7.98 0.831886 5.46555 0.808745 5.59871 5.70485 41.6151
32000 200
1 0.02 0 0 0 0 0 0
2 0.06 0 0 0 0 0 0
3 0.1 0 0 0 0 0 0
4 0.14 0 0 0 0 0 0
5 0.18 0 0 0 0 0 0
6 0.22 0 0 0 0 0 0
7 0.26 0 0 0 0 0 0
8 0.3 0 0 0 0 0 0
9 0.34 0 0 0 0 0 0
10 0.38 0 0 0 0 0 0
11 0.42 0 0 0 0 0 0
12 0.46 0 0 0 0 0 0
13 0.5 0 0 0 0 0 0
14 0.54 0 0 0 0 0 0
15 0.58 0 0 0 0 0 0
16 0.62 0 0 0 0 0 0
17 0.66 0 0 0 0 0 0
18 0.7 0 0 0 0 0 0
19 0.74 0 0 0 0 0 0
20 0.78 0 0 0 0 0 0
21 0.82 0 0 0 0 0 0
22 0.86 0 0 0 0 0 0
23 0.9 0 0 0 0 0 0
24 0.94 0 0 0 0 0 0
25 0.98 0 0 0 0 0 0
26 1.02 0 0 0 0 0 0
27 1.06 0 0 0 0 0 0
28 1.1 0 0 0 0 0 0
29 1.14 0 0 0 0 0 0
30 1.18 0 0 0 0 0 0
31 1.22 0 0 0 0 0 0
32 1.26 0 0 0 0 0 0
33 1.3 0 0 0 0 0 0
34 1.34 0 0 0 0 0 0
35 1.38 0 0 0 0 0 0
36 1.42 0 0 0 0 0 0
37 1.46 0 0 0 0 0 0
38 1.5 0 0 0 0 0 0
39 1.54 0 0 0 0 0 0
40 1.58 0 0 0 0 0 0
41 1.62 0 0 0 0 0 0
42 1.66 0 0 0 0 0.405404 0.00176906
43 1.7 0 0 0 0 9.18594 0.0438083
44 1.74 0 0 0 0 54.2607 0.303956
45 1.78 0 0 0 0 123.821 0.925217
46 1.82 0 0 0 0 141.201 1.66587
47 1.86 0 0 0 0 105.087 2.24159
48 1.9 0 0 0 0 59.292 2.58054
49 1.94 0 0 0 0 29.4832 2.75626
50 1.98 0 0 0 0 14.2375 2.84464
51 2.02 0 0 0 0 6.3866 2.88591
52 2.06 0 0 0 0 3.4175 2.90888
53 2.1 0 0 0 0 1.98971 2.92277
54 2.14 0 0 0.000261234 1.89394e-06 1.33058 2.93242
55 2.18 0 0 0.00201311 1.70455e-05 0.807787 2.9385
56 2.22 0 0 0.0143187 0.000128788 0.531647 2.94265
57 2.26 0 0 0.0543254 0.000568182 0.42553 2.94609
58 2.3 0 0 0.1655 0.00195455 0.349419 2.94902
59 2.34 0 0 0.370452 0.00516667 0.322745 2.95182
60 2.38 0.0010682 9.4697e-06 0.728027 0.011697 0.286876 2.95439
61 2.42 0.00826365 8.52273e-05 1.24904 0.0232803 0.33643 2.95751
62 2.46 0.0275897 0.000346591 1.75521 0.0401004 0.426276 2.9616
63 2.5 0.101242 0.00133712 2.25751 0.0624432 0.552483 2.96706
64 2.54 0.257478 0.0039375 2.57368 0.0887367 0.629689 2.9735
65 2.58 0.530198 0.00946212 2.73203 0.117534 0.845262 2.98241
66 2.62 0.949301 0.0196629 2.66911 0.146547 1.04452 2.99376
67 2.66 1.4307 0.0355095 2.50511 0.174616 1.1081 3.00618
68 2.7 1.86161 0.0567538 2.31707 0.201364 1.24548 3.02055
69 2.74 2.29063 0.0836742 2.05333 0.225775 1.28514 3.03583
70 2.78 2.51558 0.114108 1.81174 0.247947 1.16166 3.05005
71 2.82 2.69789 0.147693 1.57045 0.267723 1.03446 3.06307
72 2.86 2.65135 0.181642 1.39261 0.285761 0.908867 3.07485
73 2.9 2.56016 0.215347 1.21822 0.301985 0.8864 3.08665
74 2.94 2.27863 0.246178 1.06006 0.316494 0.895336 3.09891
75 2.98 2.04375 0.274589 0.945058 0.329784 0.99266 3.11287
76 3.02 1.80319 0.300333 0.860263 0.342208 0.957651 3.1267
77 3.06 1.60571 0.323869 0.794362 0.353987 1.00655 3.14162
78 3.1 1.39382 0.344837 0.714008 0.364852 0.99977 3.15683
79 3.14 1.23779 0.363941 0.689987 0.375625 1.05273 3.17327
80 3.18 1.09127 0.381216 0.615022 0.385473 1.1851 3.19225
81 3.22 0.982757 0.397167 0.602376 0.395364 1.28709 3.21338
82 3.26 0.876935 0.411756 0.58915 0.405278 1.42579 3.23738
83 3.3 0.784701 0.425133 0.564192 0.415008 1.59102 3.26481
84 3.34 0.727302 0.437833 0.545608 0.424646 1.86267 3.29772
85 3.38 0.689855 0.45017 0.56104 0.434795 2.12465 3.33615
86 3.42 0.66543 0.462354 0.537154 0.444744 2.42606 3.38109
87 3.46 0.641542 0.474377 0.551378 0.455197 2.90303 3.43612
88 3.5 0.636348 0.48658 0.571657 0.466286 3.03937 3.49508
89 3.54 0.613838 0.498621 0.584005 0.477875 3.47999 3.56414
90 3.58 0.616159 0.510983 0.580175 0.48965 3.8417 3.6421
91 3.62 0.637886 0.524068 0.624282 0.502604 4.09209 3.72702
92 3.66 0.661049 0.53793 0.637234 0.516121 4.42619 3.82091
93 3.7 0.664067 0.552161 0.67044 0.530655 4.70783 3.92297
94 3.74 0.704084 0.567578 0.678153 0.545676 4.93154 4.0322
95 3.78 0.733718 0.583989 0.683632 0.561144 5.13048 4.14828
96 3.82 0.781692 0.601845 0.724635 0.577888 5.00277 4.26388
97 3.86 0.810481 0.620748 0.759784 0.595814 5.20498 4.38668
98 3.9 0.866408 0.641377 0.770145 0.614364 5.22428 4.51251
99 3.94 0.910945 0.663513 0.799896 0.634027 5.12005 4.63837
100 3.98 0.933664 0.686665 0.815985 0.654494 4.80223 4.75883
101 4.02 0.964965 0.711076 0.840832 0.676011 4.87179 4.8835
102 4.06 0.996175 0.73678 0.852644 0.698267 4.42629 4.99904
103 4.1 1.02412 0.763729 0.864762 0.721286 4.36094 5.11512
104 4.14 1.03549 0.791511 0.889648 0.745432 4.3387 5.23287
105 4.18 1.00974 0.819129 0.891324 0.770093 4.56412 5.35915
106 4.22 0.987016 0.846644 0.909633 0.795744 4.37074 5.48241
107 4.26 0.968969 0.87417 0.925323 0.822335 4.4402 5.61
108 4.3 0.966205 0.902136 0.969829 0.850731 4.88084 5.75291
109 4.34 0.936213 0.929741 0.987342 0.88018 4.98114 5.90148
110 4.38 0.89762 0.956697 1.03641 0.911665 5.3522 6.06407
111 4.42 0.876061 0.983489 1.04106 0.943871 5.61964 6.23792
112 4.46 0.875746 1.01076 1.08639 0.978091 5.85015 6.42219
113 4.5 0.873807 1.03846 1.09439 1.01318 6.24813 6.62255
114 4.54 0.859473 1.06619 1.11407 1.04955 6.42433 6.83223
115 4.58 0.857221 1.09434 1.13323 1.08719 6.70379 7.05491
116 4.62 0.874124 1.12354 1.12738 1.12529 6.85186 7.28649
117 4.66 0.874279 1.15326 1.09692 1.16301 7.07237 7.52969
118 4.7 0.876223 1.18356 1.09133 1.20119 7.04998 7.77629
119 4.74 0.900917 1.21525 1.07357 1.23938 7.14668 8.03056
120 4.78 0.909997 1.24779 1.04898 1.27733 7.2187 8.29173
121 4.82 0.927763 1.28153 1.04039 1.31561 7.20165 8.55667
122 4.86 0.931506 1.31598 0.991585 1.3527 7.3261 8.83069
123 4.9 0.929814 1.35092 0.993094 1.39045 7.47435 9.11486
124 4.94 0.934648 1.38663 0.971296 1.42799 7.48696 9.40418
125 4.98 0.931015 1.42277 0.951943 1.46537 7.59816 9.70257
126 5.02 0.925692 1.45929 0.938636 1.50283 7.36713 9.99656
127 5.06 0.929216 1.49653 0.93096 1.54057 7.40499 10.2968
128 5.1 0.940561 1.53483 0.910202 1.57806 7.41817 10.6023
129 5.14 0.919612 1.57286 0.910081 1.61613 7.22085 10.9044
130 5.18 0.909116 1.61104 0.890819 1.65398 7.04245 11.2036
131 5.22 0.900031 1.64943 0.87191 1.69161 6.82382 11.4981
132 5.26 0.894966 1.6882 0.8622 1.72938 6.708 11.792
133 5.3 0.88711 1.7272 0.848938 1.76714 6.37426 12.0755
134 5.34 0.85308 1.76528 0.830353 1.80464 6.16158 12.3537
135 5.38 0.849427 1.80377 0.813298 1.84191 5.88855 12.6236
136 5.42 0.83356 1.8421 0.793359 1.87882 5.76187 12.8916
137 5.46 0.819523 1.88034 0.787793 1.91601 5.65048 13.1584
138 5.5 0.808566 1.91863 0.77025 1.9529 5.46923 13.4204
139 5.54 0.786565 1.95642 0.754725 1.98958 5.34353 13.6801
140 5.58 0.788228 1.99484 0.744751 2.0263 5.31611 13.9422
141 5.62 0.774139 2.03312 0.718622 2.06224 5.33268 14.2089
142 5.66 0.761118 2.07128 0.719181 2.09873 5.18463 14.4719
143 5.7 0.76548 2.11022 0.698922 2.13469 5.16154 14.7374
144 5.74 0.747618 2.14877 0.698584 2.17113 5.08801 15.0029
145 5.78 0.745382 2.18776 0.701871 2.20826 5.16557 15.2762
146 5.82 0.733064 2.22663 0.68138 2.24481 5.05404 15.5472
147 5.86 0.735349 2.26615 0.680609 2.28182 5.06217 15.8225
148 5.9 0.732467 2.30607 0.669351 2.31872 5.18224 16.1082
149 5.94 0.731176 2.34645 0.682465 2.35685 5.21054 16.3993
150 5.98 0.730732 2.38736 0.668787 2.39472 5.32566 16.7009
151 6.02 0.739648 2.42932 0.678345 2.43365 5.35714 17.0083
152 6.06 0.736768 2.47167 0.68033 2.47321 5.59585 17.3337
153 6.1 0.734614 2.51446 0.68217 2.5134 5.73014 17.6713
154 6.14 0.734351 2.5578 0.690885 2.55465 5.86425 18.0214
155 6.18 0.74249 2.60219 0.708373 2.59749 5.98799 18.3836
156 6.22 0.741383 2.64709 0.70906 2.64093 6.06613 18.7552
157 6.26 0.735395 2.6922 0.719104 2.68555 6.13917 19.1362
158 6.3 0.733371 2.73776 0.731728 2.73154 6.23956 19.5283
159 6.34 0.737392 2.78416 0.742015 2.77877 6.42738 19.9374
160 6.38 0.741491 2.83141 0.755658 2.82748 6.49425 20.356
161 6.42 0.743024 2.87935 0.762433 2.87724 6.58654 20.7859
162 6.46 0.741128 2.92776 0.780908 2.92884 6.58408 21.221
163 6.5 0.747242 2.97718 0.778177 2.9809 6.77348 21.6741
164 6.54 0.74831 3.02728 0.800426 3.03512 6.81532 22.1357
165 6.58 0.752569 3.07829 0.818321 3.09122 6.80309 22.6022
166 6.62 0.748003 3.1296 0.815312 3.1478 6.83143 23.0762
167 6.66 0.744963 3.18133 0.836774 3.20657 6.89752 23.5607
168 6.7 0.754936 3.23438 0.847594 3.26682 6.93171 24.0534
169 6.74 0.752552 3.28789 0.846937 3.32775 6.91544 24.5509
170 6.78 0.760361 3.34261 0.849826 3.38961 7.03643 25.0631
171 6.82 0.77454 3.399 0.856987 3.45273 6.93973 25.5742
172 6.86 0.784689 3.45681 0.866108 3.51727 6.93929 26.0913
173 6.9 0.782859 3.51515 0.869486 3.58282 6.85953 26.6085
174 6.94 0.795189 3.5751 0.870692 3.64922 6.75495 27.1236
175 6.98 0.803608 3.63639 0.871691 3.71647 6.86326 27.6531
176 7.02 0.803732 3.69839 0.867101 3.78414 6.78075 28.1823
177 7.06 0.807928 3.76143 0.865699 3.85247 6.80398 28.7193
178 7.1 0.813131 3.8256 0.874502 3.92227 6.72188 29.2559
179 7.14 0.814347 3.89058 0.871045 3.99259 6.73604 29.7996
180 7.18 0.821586 3.95688 0.862874 4.06303 6.74434 30.3502
181 7.22 0.819098 4.02372 0.867864 4.13467 6.62852 30.8974
182 7.26 0.829195 4.09214 0.870917 4.20736 6.68285 31.4551
183 7.3 0.816522 4.16025 0.864455 4.2803 6.52251 32.0055
184 7.34 0.820247 4.22943 0.861652 4.35381 6.45838 32.5565
185 7.38 0.835395 4.30065 0.872759 4.42908 6.48517 33.1158
186 7.42 0.829309 4.37213 0.855054 4.50363 6.48037 33.6808
187 7.46 0.839835 4.44529 0.855903 4.57905 6.42349 34.2469
188 7.5 0.834193 4.51874 0.847756 4.65457 6.37607 34.8148
189 7.54 0.838282 4.59334 0.845751 4.7307 6.2686 35.3791
190 7.58 0.833837 4.66834 0.846774 4.80775 6.18742 35.9421
191 7.62 0.836421 4.74436 0.839575 4.88494 6.08137 36.5012
192 7.66 0.838822 4.82141 0.836479 4.96266 6.10833 37.0688
193 7.7 0.843334 4.89968 0.828475 5.04044 6.11289 37.6427
194 7.74 0.837466 4.97822 0.828061 5.119 5.90747 38.2031
195 7.78 0.838592 5.05767 0.827156 5.19828 5.92171 38.7707
196 7.82 0.838699 5.13796 0.81435 5.27713 5.79319 39.3317
197 7.86 0.836259 5.21883 0.814082 5.35677 5.78239 39.8973
198 7.9 0.840879 5.30098 0.808868 5.43671 5.70834 40.4615
199 7.94 0.823385 5.38224 0.805235 5.5171 5.7528 41.0358
200 7.98 0.831891 5.46516 0.806383 5.59841 5.70197 41.6107
33000 200
1 0.02 0 0 0 0 0 0
2 0.06 0 0 0 0 0 0
3 0.1 0 0 0 0 0 0
4 0.14 0 0 0 0 0 0
5 0.18 0 0 0 0 0 0
6 0.22 0 0 0 0 0 0
7 0.26 0 0 0 0 0 0
8 0.3 0 0 0 0 0 0
9 0.34 0 0 0 0 0 0
10 0.38 0 0 0 0 0 0
11 0.42 0 0 0 0 0 0
12 0.46 0 0 0 0 0 0
13 0.5 0 0 0 0 0 0
14 0.54 0 0 0 0 0 0
15 0.58 0 0 0 0 0 0
16 0.62 0 0 0 0 0 0
17 0.66 0 0 0 0 0 0
18 0.7 0 0 0 0 0 0
19 0.74 0 0 0 0 0 0
20 0.78 0 0 0 0 0 0
21 0.82 0 0 0 0 0 0
22 0.86 0 0 0 0 0 0
23 0.9 0 0 0 0 0 0
24 0.94 0 0 0 0 0 0
25 0.98 0 0 0 0 0 0
26 1.02 0 0 0 0 0 0
27 1.06 0 0 0 0 0 0
28 1.1 0 0 0 0 0 0
29 1.14 0 0 0 0 0 0
30 1.18 0 0 0 0 0 0
31 1.22 0 0 0 0 0 0
32 1.26 0 0 0 0 0 0
33 1.3 0 0 0 0 0 0
34 1.34 0 0 0 0 0 0
35 1.38 0 0 0 0 0 0
36 1.42 0 0 0 0 0 0
37 1.46 0 0 0 0 0 0
38 1.5 0 0 0 0 0 0
39 1.54 0 0 0 0 0 0
40 1.58 0 0 0 0 0 0
41 1.62 0 0 0 0 0 0
42 1.66 0 0 0 0 0.213696 0.000932776
43 1.7 0 0 0 0 9.09285 0.0425539
44 1.74 0 0 0 0 54.0286 0.30164
45 1.78 0 0 0 0 125.118 0.929527
46 1.82 0 0 0 0 141.352 1.67112
47 1.86 0 0 0 0 104.462 2.24352
48 1.9 0 0 0 0 58.6674 2.57896
49 1.94 0 0 0 0 29.267 2.75343
50 1.98 0 0 0 0 14.4368 2.84307
51 2.02 0 0 0 0 6.73372 2.88659
52 2.06 0 0 0 0 3.57957 2.91065
53 2.1 0 0 0 0 1.9571 2.92432
54 2.14 0 0 0.000261193 1.89394e-06 1.21064 2.9331
55 2.18 0 0 0.000754868 7.57576e-06 0.807611 2.93918
56 2.22 0 0 0.0150429 0.000125 0.486238 2.94297
57 2.26 0 0 0.0508035 0.000535985 0.433371 2.94648
58 2.3 0 0 0.154847 0.00183333 0.364699 2.94953
59 2.34 0.00044172 3.78788e-06 0.37365 0.00507386 0.356042 2.95262
60 2.38 0.00213556 2.27273e-05 0.758285 0.0118769 0.322664 2.95552
61 2.42 0.00805564 9.65909e-05 1.23144 0.0232992 0.343294 2.9587
62 2.46 0.0331811 0.000410985 1.76555 0.0402216 0.308743 2.96166
63 2.5 0.0967705 0.00135795 2.24541 0.0624489 0.438657 2.966
64 2.54 0.26249 0.00400947 2.57503 0.0887614 0.62009 2.97234
65 2.58 0.550082 0.00974242 2.7069 0.117299 0.832887 2.98112
66 2.62 0.925674 0.0196913 2.66598 0.146284 0.961526 2.99157
67 2.66 1.39639 0.035161 2.53199 0.174659 1.3662 3.00688
68 2.7 1.87768 0.0565928 2.32269 0.201477 1.27028 3.02155
69 2.74 2.31421 0.0837955 2.05325 0.225892 1.36604 3.03779
70 2.78 2.55657 0.114731 1.83074 0.248301 1.20874 3.05259
71 2.82 2.69038 0.148229 1.59347 0.268371 1.12874 3.06681
72 2.86 2.64832 0.182146 1.38386 0.286299 0.921114 3.07874
73 2.9 2.49911 0.215053 1.19267 0.302186 0.907969 3.09083
74 2.94 2.28855 0.246025 1.09209 0.317136 0.838762 3.10232
75 2.98 2.02797 0.274222 0.957812 0.330608 0.820968 3.11386
76 3.02 1.799 0.299911 0.82863 0.342578 0.859483 3.12628
77 3.06 1.61069 0.323525 0.782205 0.354178 0.906578 3.13972
78 3.1 1.40953 0.344733 0.718349 0.365112 1.03129 3.15542
79 3.14 1.2519 0.364059 0.657354 0.375377 1.11433 3.17282
80 3.18 1.08471 0.381233 0.632881 0.385513 1.19891 3.19202
81 3.22 0.953985 0.39672 0.592572 0.395244 1.37499 3.2146
82 3.26 0.868456 0.41117 0.572381 0.404879 1.49239 3.23972
83 3.3 0.809099 0.424966 0.562983 0.414589 1.59448 3.26722
84 3.34 0.749386 0.438055 0.56555 0.424581 1.87686 3.30039
85 3.38 0.686335 0.450331 0.552248 0.434574 1.97312 3.33609
86 3.42 0.668822 0.46258 0.553611 0.44483 2.38565 3.38028
87 3.46 0.629296 0.474375 0.55387 0.455331 2.74641 3.43236
88 3.5 0.61618 0.486193 0.570665 0.466403 3.15647 3.4936
89 3.54 0.625694 0.49847 0.57425 0.477801 3.7014 3.56706
90 3.58 0.623211 0.510975 0.595083 0.489881 3.69045 3.64197
91 3.62 0.64182 0.524144 0.603997 0.502417 4.14711 3.72805
92 3.66 0.651709 0.537813 0.638447 0.515962 4.47533 3.823
93 3.7 0.673479 0.552248 0.653453 0.530131 4.64907 3.9238
94 3.74 0.700233 0.567583 0.678536 0.545163 4.81733 4.03052
95 3.78 0.745004 0.58425 0.701998 0.561049 5.2077 4.14838
96 3.82 0.786603 0.602222 0.728839 0.577894 5.04912 4.26507
97 3.86 0.825584 0.621481 0.758913 0.595803 5.26943 4.38942
98 3.9 0.863776 0.642051 0.77448 0.61446 5.15516 4.51361
99 3.94 0.893778 0.663775 0.793422 0.633968 5.0026 4.6366
100 3.98 0.935014 0.686964 0.823606 0.654631 4.82568 4.75767
101 4.02 0.974884 0.711631 0.83823 0.676085 4.79291 4.88035
102 4.06 1.00457 0.737557 0.852623 0.698345 4.60041 5.00045
103 4.1 0.998881 0.763847 0.864241 0.721354 4.39513 5.11747
104 4.14 1.0314 0.791525 0.883272 0.745331 4.28213 5.23371
105 4.18 1.01363 0.819254 0.908331 0.770468 4.31911 5.35323
106 4.22 0.986491 0.846759 0.914763 0.796269 4.5136 5.48054
107 4.26 0.971983 0.874377 0.932917 0.823083 4.49974 5.60987
108 4.3 0.956927 0.90208 0.966931 0.8514 4.73384 5.7485
109 4.34 0.919528 0.929197 0.983471 0.880739 5.05887 5.89942
110 4.38 0.912204 0.956597 1.01919 0.911706 5.2633 6.05934
111 4.42 0.88784 0.983754 1.04404 0.944011 5.72982 6.23664
112 4.46 0.879893 1.01116 1.08473 0.978186 5.82351 6.4201
113 4.5 0.858466 1.03838 1.11266 1.01387 6.33823 6.62338
114 4.54 0.853264 1.06591 1.12076 1.05046 6.40338 6.83242
115 4.58 0.860857 1.09418 1.1325 1.08808 6.71219 7.05542
116 4.62 0.876679 1.12348 1.12643 1.12616 6.89617 7.28855
117 4.66 0.881021 1.15344 1.10855 1.16429 7.05703 7.53126
118 4.7 0.889963 1.18422 1.11179 1.20319 6.95391 7.77456
119 4.74 0.899991 1.21588 1.05463 1.24072 7.15882 8.0293
120 4.78 0.909817 1.24842 1.02899 1.27795 7.10797 8.28652
121 4.82 0.93253 1.28234 1.02758 1.31576 7.40659 8.55905
122 4.86 0.930972 1.31677 0.99985 1.35317 7.36682 8.83464
123 4.9 0.940218 1.35212 0.985532 1.39064 7.51601 9.12046
124 4.94 0.923961 1.38742 0.97557 1.42835 7.43396 9.40778
125 4.98 0.932004 1.42361 0.949688 1.46565 7.47713 9.70148
126 5.02 0.939625 1.46068 0.941681 1.50324 7.52443 10.0018
127 5.06 0.925208 1.49777 0.922931 1.54066 7.46547 10.3045
128 5.1 0.919682 1.53522 0.911958 1.57823 7.22158 10.602
129 5.14 0.911238 1.57292 0.909453 1.61629 7.20338 10.9034
130 5.18 0.921926 1.61165 0.89439 1.6543 7.18565 11.2088
131 5.22 0.894267 1.6498 0.87894 1.69223 6.86872 11.5052
132 5.26 0.891076 1.6884 0.865062 1.73014 6.69414 11.7986
133 5.3 0.874192 1.72685 0.848008 1.76786 6.33974 12.0806
134 5.34 0.858133 1.76516 0.827674 1.80524 6.11695 12.3569
135 5.38 0.847256 1.80355 0.811571 1.84245 5.97161 12.6307
136 5.42 0.845749 1.84245 0.800454 1.87969 5.80223 12.9006
137 5.46 0.819813 1.88072 0.779499 1.9165 5.65758 13.1677
138 5.5 0.801615 1.91869 0.76615 1.9532 5.41646 13.4272
139 5.54 0.794571 1.95687 0.756411 1.98997 5.33654 13.6867
140 5.58 0.783533 1.99506 0.737042 2.02632 5.32032 13.949
141 5.62 0.778583 2.03357 0.728822 2.06278 5.32074 14.2152
142 5.66 0.758101 2.07159 0.717921 2.0992 5.14944 14.4765
143 5.7 0.760981 2.1103 0.698714 2.13516 5.1993 14.744
144 5.74 0.747508 2.14886 0.700406 2.17171 5.06238 15.0082
145 5.78 0.744515 2.1878 0.682301 2.20781 5.12202 15.2792
146 5.82 0.743207 2.22722 0.681248 2.24436 5.06142 15.5507
147 5.86 0.73785 2.26689 0.681174 2.2814 5.1091 15.8286
148 5.9 0.735662 2.30698 0.669772 2.31833 5.13048 16.1115
149 5.94 0.733366 2.3475 0.673355 2.35596 5.25732 16.4052
150 5.98 0.739621 2.38891 0.678655 2.3944 5.38825 16.7104
151 6.02 0.727655 2.4302 0.677254 2.43327 5.44799 17.0231
152 6.06 0.743474 2.47295 0.683776 2.47304 5.48418 17.3421
153 6.1 0.733827 2.5157 0.691489 2.51379 5.70446 17.6783
154 6.14 0.729043 2.55873 0.68695 2.55481 5.91966 18.0317
155 6.18 0.736582 2.60277 0.705136 2.59746 5.90922 18.3892
156 6.22 0.733765 2.64722 0.710561 2.641 6.129 18.7647
157 6.26 0.744296 2.69289 0.725009 2.686 6.18308 19.1485
158 6.3 0.739081 2.73882 0.735805 2.73225 6.31305 19.5454
159 6.34 0.740318 2.78541 0.747523 2.77984 6.45694 19.9564
160 6.38 0.739001 2.8325 0.75372 2.82843 6.50945 20.3761
161 6.42 0.741269 2.88034 0.766754 2.87849 6.39756 20.7937
162 6.46 0.742986 2.92888 0.769266 2.92933 6.62224 21.2314
163 6.5 0.735671 2.97755 0.785471 2.98189 6.64963 21.6764
164 6.54 0.745026 3.02744 0.805864 3.03648 6.86862 22.1417
165 6.58 0.747957 3.07814 0.808801 3.09195 6.84918 22.6113
166 6.62 0.74234 3.12908 0.819248 3.14881 6.89452 23.0899
167 6.66 0.745748 3.18087 0.835209 3.20748 6.8289 23.5696
168 6.7 0.751314 3.23367 0.837492 3.26703 6.95887 24.0644
169 6.74 0.767853 3.28829 0.84759 3.32801 6.96144 24.5652
170 6.78 0.769606 3.34368 0.852575 3.39008 6.87558 25.0658
171 6.82 0.775224 3.40013 0.865745 3.45386 7.02265 25.5831
172 6.86 0.784356 3.45792 0.872952 3.51892 6.8931 26.0969
173 6.9 0.780167 3.51608 0.866531 3.58426 6.77718 26.6079
174 6.94 0.795866 3.57609 0.86906 3.65056 6.91093 27.1351
175 6.98 0.803279 3.63737 0.871349 3.71779 6.8553 27.6641
176 7.02 0.803576 3.69937 0.868605 3.78559 6.812 28.1958
177 7.06 0.80605 3.76227 0.875708 3.85472 6.82754 28.7348
178 7.1 0.817103 3.82677 0.873577 3.92447 6.69317 29.2692
179 7.14 0.808994 3.89134 0.860342 3.99393 6.77496 29.8162
180 7.18 0.81448 3.95708 0.867858 4.06479 6.59843 30.3549
181 7.22 0.816527 4.02372 0.866113 4.1363 6.63775 30.903
182 7.26 0.819671 4.09136 0.861293 4.2082 6.62723 31.4562
183 7.3 0.826603 4.16033 0.865589 4.28126 6.54144 32.0083
184 7.34 0.838434 4.23105 0.874203 4.35585 6.58909 32.5705
185 7.38 0.830967 4.30191 0.863985 4.43038 6.53276 33.1341
186 7.42 0.835281 4.37391 0.863144 4.50564 6.45882 33.6973
187 7.46 0.836779 4.44683 0.85677 4.58116 6.36752 34.2585
188 7.5 0.834957 4.52036 0.847445 4.65666 6.32686 34.8222
189 7.54 0.838206 4.59497 0.852841 4.73345 6.34349 35.3933
190 7.58 0.834204 4.67001 0.841097 4.80999 6.11271 35.9496
191 7.62 0.833823 4.74582 0.835028 4.88678 6.12388 36.5128
192 7.66 0.841402 4.82311 0.839536 4.9648 6.13836 37.0832
193 7.7 0.837743 4.90088 0.833479 5.04307 6.02505 37.649
194 7.74 0.837406 4.97943 0.819877 5.12086 5.94017 38.2126
195 7.78 0.836273 5.05868 0.823439 5.1998 5.82829 38.7713
196 7.82 0.832821 5.13842 0.813687 5.27861 5.85518 39.3384
197 7.86 0.839386 5.21961 0.809646 5.35783 5.77633 39.9036
198 7.9 0.83575 5.30127 0.805759 5.43748 5.74533 40.4715
199 7.94 0.834873 5.38368 0.809992 5.51835 5.77873 41.0485
200 7.98 0.832284 5.46666 0.803938 5.59944 5.71171 41.6246
34000 200
1 0.02 0 0 0 0 0 0
2 0.06 0 0 0 0 0 0
3 0.1 0 0 0 0 0 0
4 0.14 0 0 0 0 0 0
5 0.18 0 0 0 0 0 0
6 0.22 0 0 0 0 0 0
7 0.26 0 0 0 0 0 0
8 0.3 0 0 0 0 0 0
9 0.34 0 0 0 0 0 0
10 0.38 0 0 0 0 0 0
11 0.42 0 0 0 0 0 0
12 0.46 0 0 0 0 0 0
13 0.5 0 0 0 0 0 0
14 0.54 0 0 0 0 0 0
15 0.58 0 0 0 0 0 0
16 0.62 0 0 0 0 0 0
17 0.66 0 0 0 0 0 0
18 0.7 0 0 0 0 0 0
19 0.74 0 0 0 0 0 0
20 0.78 0 0 0 0 0 0
21 0.82 0 0 0 0 0 0
22 0.86 0 0 0 0 0 0
23 0.9 0 0 0 0 0 0
24 0.94 0 0 0 0 0 0
25 0.98 0 0 0 0 0 0
26 1.02 0 0 0 0 0 0
27 1.06 0 0 0 0 0 0
28 1.1 0 0 0 0 0 0
29 1.14 0 0 0 0 0 0
30 1.18 0 0 0 0 0 0
31 1.22 0 0 0 0 0 0
32 1.26 0 0 0 0 0 0
33 1.3 0 0 0 0 0 0
34 1.34 0 0 0 0 0 0
35 1.38 0 0 0 0 0 0
36 1.42 0 0 0 0 0 0
37 1.46 0 0 0 0 0 0
38 1.5 0 0 0 0 0 0
39 1.54 0 0 0 0 0 0
40 1.58 0 0 0 0 0 0
41 1.62 0 0 0 0 0 0
42 1.66 0 0 0 0 0.331548 0.00144741
43 1.7 0 0 0 0 8.45149 0.0401415
44 1.74 0 0 0 0 54.9695 0.303795
45 1.78 0 0 0 0 125.95 0.935992
46 1.82 0 0 0 0 140.518 1.67337
47 1.86 0 0 0 0 103.576 2.24104
48 1.9 0 0 0 0 60.1228 2.58488
49 1.94 0 0 0 0 28.6727 2.75584
50 1.98 0 0 0 0 14.0607 2.84317
51 2.02 0 0 0 0 6.72733 2.88665
52 2.06 0 0 0 0 3.51182 2.91026
53 2.1 0 0 0 0 1.94285 2.92383
54 2.14 0 0 0.000260999 1.89394e-06 1.1394 2.9321
55 2.18 0 0 0.00150919 1.32576e-05 0.794643 2.93808
56 2.22 0 0 0.0160103 0.000138258 0.564391 2.94249
57 2.26 0 0 0.0449408 0.000501894 0.437271 2.94603
58 2.3 0 0 0.158198 0.00182765 0.387661 2.94928
59 2.34 0.000441603 3.78788e-06 0.372264 0.00505682 0.341124 2.95224
60 2.38 0.000213554 5.68182e-06 0.741244 0.0117083 0.326175 2.95516
61 2.42 0.00743428 7.38636e-05 1.23526 0.0231686 0.305094 2.95799
62 2.46 0.0329742 0.000386364 1.76023 0.0400436 0.342221 2.96127
63 2.5 0.106617 0.00142992 2.25735 0.0623939 0.47429 2.96597
64 2.54 0.259436 0.00405114 2.56262 0.0885852 0.588513 2.97198
65 2.58 0.539245 0.00967235 2.73361 0.117411 0.790037 2.98032
66 2.62 0.92619 0.0196288 2.68787 0.14664 0.984956 2.99103
67 2.66 1.3819 0.0349413 2.54715 0.175191 1.17076 3.00415
68 2.7 1.87446 0.0563409 2.32613 0.202055 1.40091 3.02033
69 2.74 2.28212 0.0831723 2.04452 0.226371 1.26567 3.03538
70 2.78 2.57919 0.114388 1.80714 0.248496 1.20588 3.05014
71 2.82 2.68553 0.147833 1.57372 0.268322 1.08508 3.06381
72 2.86 2.6448 0.181712 1.37406 0.286127 0.940754 3.07601
73 2.9 2.50979 0.214767 1.20876 0.302231 0.914998 3.0882
74 2.94 2.31814 0.246146 1.07761 0.316987 0.838609 3.09968
75 2.98 2.04455 0.27458 0.942252 0.330242 0.928253 3.11274
76 3.02 1.81479 0.3005 0.845233 0.342455 0.939464 3.12631
77 3.06 1.58813 0.323788 0.784464 0.354091 0.997464 3.14111
78 3.1 1.41276 0.345049 0.715831 0.364989 1.04161 3.15696
79 3.14 1.23765 0.364159 0.669217 0.375441 1.10587 3.17424
80 3.18 1.08197 0.381294 0.624228 0.385441 1.15649 3.19276
81 3.22 0.99682 0.397479 0.593711 0.395193 1.38447 3.2155
82 3.26 0.873276 0.412013 0.593069 0.405178 1.40228 3.23911
83 3.3 0.787712 0.425447 0.573619 0.415074 1.54375 3.26574
84 3.34 0.726568 0.43814 0.547959 0.424758 1.89832 3.29929
85 3.38 0.676444 0.450242 0.545948 0.434638 2.01537 3.33577
86 3.42 0.661126 0.462352 0.547872 0.44479 2.37647 3.3798
87 3.46 0.620574 0.473987 0.550354 0.455227 2.76957 3.43233
88 3.5 0.637866 0.486223 0.56137 0.466121 3.06961 3.49189
89 3.54 0.622759 0.498445 0.572319 0.477483 3.52884 3.56195
90 3.58 0.623546 0.51096 0.59281 0.489519 3.87973 3.64072
91 3.62 0.635593 0.524004 0.611164 0.502206 4.13377 3.72654
92 3.66 0.64579 0.537551 0.626617 0.515504 4.42586 3.82046
93 3.7 0.676872 0.552063 0.656719 0.529746 4.67035 3.92174
94 3.74 0.699041 0.567375 0.678649 0.544784 4.94551 4.03133
95 3.78 0.753733 0.584241 0.707199 0.560792 5.08438 4.14641
96 3.82 0.778142 0.602023 0.735153 0.577786 5.13706 4.26517
97 3.86 0.827925 0.621341 0.754742 0.5956 5.30366 4.39035
98 3.9 0.850469 0.641598 0.769677 0.614146 5.29822 4.51801
99 3.94 0.916571 0.663881 0.808116 0.634019 5.03031 4.64172
100 3.98 0.924275 0.686809 0.817768 0.65454 4.99768 4.76713
101 4.02 0.974524 0.711472 0.839082 0.676021 4.60595 4.88504
102 4.06 1.01117 0.737574 0.854761 0.698341 4.55753 5.00405
103 4.1 1.01694 0.764345 0.87707 0.721697 4.31444 5.11894
104 4.14 1.01347 0.791547 0.89068 0.745881 4.20068 5.233
105 4.18 1.0285 0.819689 0.892743 0.770591 4.41931 5.35532
106 4.22 0.988316 0.847252 0.90416 0.796098 4.43284 5.48038
107 4.26 0.986834 0.875297 0.94668 0.823314 4.54355 5.611
108 4.3 0.94508 0.902663 0.956764 0.851339 4.71746 5.74918
109 4.34 0.93249 0.930169 0.982561 0.880657 4.97689 5.89768
110 4.38 0.917362 0.957729 1.01773 0.911587 5.31931 6.05934
111 4.42 0.885728 0.984828 1.05214 0.94415 5.60903 6.23294
112 4.46 0.863168 1.01172 1.08516 0.978345 5.85186 6.41734
113 4.5 0.850278 1.03868 1.10433 1.01377 6.36392 6.62149
114 4.54 0.85402 1.06625 1.11959 1.05033 6.58323 6.83644
115 4.58 0.85093 1.0942 1.13916 1.08818 6.79206 7.06214
116 4.62 0.860735 1.12297 1.11935 1.12603 6.98318 7.29826
117 4.66 0.881445 1.15295 1.11822 1.1645 6.85632 7.53413
118 4.7 0.889879 1.18373 1.08428 1.20244 7.03605 7.78035
119 4.74 0.904424 1.21555 1.06749 1.24044 7.14827 8.03477
120 4.78 0.911 1.24815 1.04896 1.2784 7.14466 8.29337
121 4.82 0.921606 1.28168 1.00641 1.31544 7.32545 8.56298
122 4.86 0.929641 1.31606 0.998771 1.35281 7.31025 8.83651
123 4.9 0.930695 1.35106 0.988607 1.39042 7.35205 9.11615
124 4.94 0.932484 1.3867 0.97423 1.42808 7.54798 9.40794
125 4.98 0.941165 1.42325 0.947026 1.46529 7.52381 9.70354
126 5.02 0.929972 1.45995 0.934981 1.50261 7.49948 10.0029
127 5.06 0.931483 1.4973 0.932724 1.54044 7.42417 10.3041
128 5.1 0.918044 1.53469 0.925 1.57856 7.30816 10.6052
129 5.14 0.922301 1.57285 0.909981 1.61664 7.20335 10.9067
130 5.18 0.919832 1.6115 0.890144 1.65448 7.16896 11.2114
131 5.22 0.902507 1.65001 0.887658 1.6928 6.93432 11.5107
132 5.26 0.880176 1.68815 0.85865 1.73043 6.51737 11.7964
133 5.3 0.876372 1.7267 0.841399 1.76787 6.3861 12.0805
134 5.34 0.861468 1.76517 0.826366 1.8052 6.03235 12.353
135 5.38 0.854095 1.80388 0.814456 1.84255 5.88334 12.6228
136 5.42 0.839392 1.8425 0.792912 1.87945 5.74015 12.8899
137 5.46 0.816752 1.88063 0.784587 1.9165 5.57529 13.1532
138 5.5 0.809514 1.91898 0.768395 1.95332 5.57975 13.4206
139 5.54 0.798895 1.95738 0.752195 1.98989 5.41478 13.6839
140 5.58 0.782353 1.99552 0.746251 2.0267 5.29439 13.945
141 5.62 0.76911 2.03357 0.730895 2.06327 5.2257 14.2065
142 5.66 0.773382 2.07237 0.70978 2.09929 5.25162 14.473
143 5.7 0.756533 2.11086 0.698969 2.13527 5.17131 14.7392
144 5.74 0.749806 2.14955 0.696991 2.17165 5.02183 15.0013
145 5.78 0.745836 2.18857 0.689167 2.20812 5.12882 15.2727
146 5.82 0.73437 2.22752 0.687279 2.245 5.08132 15.5454
147 5.86 0.735578 2.26708 0.678556 2.28191 5.07074 15.8212
148 5.9 0.740612 2.30745 0.673267 2.31904 5.12237 16.1037
149 5.94 0.729678 2.34777 0.672362 2.35662 5.33271 16.4018
150 5.98 0.730366 2.38867 0.677271 2.39499 5.31952 16.7031
151 6.02 0.734773 2.43037 0.675889 2.43379 5.39978 17.0131
152 6.06 0.726817 2.47217 0.678749 2.47328 5.58749 17.3382
153 6.1 0.746209 2.51565 0.693395 2.51415 5.76816 17.6782
154 6.14 0.738799 2.55927 0.688545 2.55527 5.79399 18.0242
155 6.18 0.736294 2.60331 0.702823 2.59779 6.00576 18.3876
156 6.22 0.729795 2.64752 0.713344 2.64151 6.0096 18.7559
157 6.26 0.739786 2.69292 0.723509 2.68643 6.24494 19.1436
158 6.3 0.725394 2.73801 0.734443 2.73261 6.39202 19.5455
159 6.34 0.744071 2.78485 0.740195 2.77974 6.39293 19.9526
160 6.38 0.740505 2.83205 0.753204 2.82831 6.45917 20.3691
161 6.42 0.746565 2.88024 0.760818 2.87798 6.49963 20.7934
162 6.46 0.742099 2.92874 0.76996 2.92888 6.73323 21.2386
163 6.5 0.742185 2.97784 0.794894 2.98209 6.78418 21.6926
164 6.54 0.749193 3.02802 0.793699 3.03587 6.66111 22.144
165 6.58 0.735168 3.07787 0.808985 3.09135 6.77122 22.6084
166 6.62 0.751368 3.12944 0.823872 3.14855 6.89441 23.087
167 6.66 0.753876 3.1818 0.837726 3.20741 6.82924 23.5669
168 6.7 0.744363 3.23413 0.837314 3.26696 6.95422 24.0614
169 6.74 0.753764 3.28775 0.847696 3.32796 6.94387 24.5611
170 6.78 0.770073 3.34319 0.849661 3.38983 7.07816 25.0766
171 6.82 0.779086 3.39994 0.865222 3.45359 6.88013 25.5835
172 6.86 0.776067 3.45713 0.867991 3.51829 6.8515 26.0943
173 6.9 0.780557 3.51533 0.872094 3.58407 6.87165 26.6126
174 6.94 0.791373 3.57502 0.864999 3.65007 6.8715 27.1369
175 6.98 0.798142 3.63591 0.879308 3.71793 6.87507 27.6675
176 7.02 0.816239 3.69891 0.862718 3.78528 6.74585 28.1941
177 7.06 0.812061 3.76229 0.867361 3.85377 6.7633 28.7281
178 7.1 0.808096 3.82609 0.86677 3.92299 6.78518 29.27
179 7.14 0.814108 3.89108 0.876293 3.99376 6.65722 29.8076
180 7.18 0.821016 3.95736 0.875623 4.06527 6.77742 30.3611
181 7.22 0.817488 4.0241 0.864046 4.13662 6.61449 30.9073
182 7.26 0.821354 4.09189 0.867299 4.20903 6.63081 31.461
183 7.3 0.829443 4.16111 0.861028 4.28172 6.54651 32.0136
184 7.34 0.830732 4.2312 0.862543 4.35534 6.52926 32.5709
185 7.38 0.832144 4.30218 0.865927 4.43005 6.50638 33.1323
186 7.42 0.834883 4.37416 0.856292 4.50473 6.43495 33.6935
187 7.46 0.833667 4.44681 0.853278 4.57996 6.41285 34.2589
188 7.5 0.842085 4.52099 0.85081 4.65577 6.36192 34.8258
189 7.54 0.833981 4.59524 0.847084 4.73206 6.30997 35.394
190 7.58 0.830635 4.66998 0.845701 4.80904 6.18525 35.957
191 7.62 0.834206 4.74584 0.83907 4.88622 6.12256 36.5202
192 7.66 0.843323 4.82333 0.83312 4.96366 6.12836 37.0898
193 7.7 0.828894 4.90029 0.82858 5.04148 6.0152 37.6548
194 7.74 0.844292 4.9795 0.831494 5.12039 5.95893 38.2203
195 7.78 0.840985 5.05921 0.8217 5.19918 5.81967 38.7784
196 7.82 0.845043 5.14014 0.81623 5.27825 5.88047 39.348
197 7.86 0.832314 5.22066 0.813477 5.35787 5.77509 39.9132
198 7.9 0.828771 5.30166 0.812177 5.43816 5.74409 40.4811
199 7.94 0.82938 5.38355 0.809798 5.51904 5.69828 41.0502
200 7.98 0.834286 5.46674 0.807726 5.60052 5.68784 41.624
35000 200
1 0.02 0 0 0 0 0 0
2 0.06 0 0 0 0 0 0
3 0.1 0 0 0 0 0 0
4 0.14 0 0 0 0 0 0
5 0.18 0 0 0 0 0 0
6 0.22 0 0 0 0 0 0
7 0.26 0 0 0 0 0 0
8 0.3 0 0 0 0 0 0
9 0.34 0 0 0 0 0 0
10 0.38 0 0 0 0 0 0
11 0.42 0 0 0 0 0 0
12 0.46 0 0 0 0 0 0
13 0.5 0 0 0 0 0 0
14 0.54 0 0 0 0 0 0
15 0.58 0 0 0 0 0 0
16 0.62 0 0 0 0 0 0
17 0.66 0 0 0 0 0 0
18 0.7 0 0 0 0 0 0
19 0.74 0 0 0 0 0 0
20 0.78 0 0 0 0 0 0
21 0.82 0 0 0 0 0 0
22 0.86 0 0 0 0 0 0
23 0.9 0 0 0 0 0 0
24 0.94 0 0 0 0 0 0
25 0.98 0 0 0 0 0 0
26 1.02 0 0 0 0 0 0
27 1.06 0 0 0 0 0 0
28 1.1 0 0 0 0 0 0
29 1.14 0 0 0 0 0 0
30 1.18 0 0 0 0 0 0
31 1.22 0 0 0 0 0 0
32 1.26 0 0 0 0 0 0
33 1.3 0 0 0 0 0 0
34 1.34 0 0 0 0 0 0
35 1.38 0 0 0 0 0 0
36 1.42 0 0 0 0 0 0
37 1.46 0 0 0 0 0 0
38 1.5 0 0 0 0 0 0
39 1.54 0 0 0 0 0 0
40 1.58 0 0 0 0 0 0
41 1.62 0 0 0 0 0 0
42 1.66 0 0 0 0 0.265193 0.00115793
43 1.7 0 0 0 0 8.19696 0.0386941
44 1.74 0 0 0 0 54.9858 0.302477
45 1.78 0 0 0 0 125.625 0.933162
46 1.82 0 0 0 0 142.478 1.68096
47 1.86 0 0 0 0 103.674 2.24928
48 1.9 0 0 0 0 58.6941 2.58501
49 1.94 0 0 0 0 29.649 2.76182
50 1.98 0 0 0 0 13.4833 2.84558
51 2.02 0 0 0 0 6.59167 2.8882
52 2.06 0 0 0 0 3.31025 2.91045
53 2.1 0 0 0 0 1.96096 2.92416
54 2.14 0 0 0.000260916 1.89394e-06 1.03723 2.93168
55 2.18 0 0 0.00251521 2.08333e-05 0.79449 2.93766
56 2.22 0 0 0.0111564 0.000107955 0.518997 2.94172
57 2.26 0 0 0.0472728 0.00049053 0.425279 2.94516
58 2.3 0 0 0.166527 0.00188636 0.425947 2.94873
59 2.34 0 0 0.367832 0.00507765 0.296568 2.9513
60 2.38 0.00149417 1.32576e-05 0.765588 0.0119489 0.315361 2.95413
61 2.42 0.00784551 8.52273e-05 1.24748 0.0235246 0.291171 2.95683
62 2.46 0.0295698 0.00036553 1.71644 0.039983 0.452854 2.96118
63 2.5 0.1006 0.00135038 2.23092 0.0620758 0.503431 2.96616
64 2.54 0.253576 0.00391288 2.5877 0.0885284 0.607264 2.97237
65 2.58 0.511165 0.00924242 2.73364 0.11736 0.850869 2.98134
66 2.62 0.912623 0.0190549 2.67796 0.146487 1.07349 2.99302
67 2.66 1.40933 0.0346742 2.54938 0.175068 1.2394 3.00692
68 2.7 1.90297 0.0564034 2.33635 0.202055 1.29484 3.02187
69 2.74 2.2941 0.0833807 2.03491 0.226261 1.26815 3.03696
70 2.78 2.56915 0.114481 1.81128 0.248441 1.18725 3.0515
71 2.82 2.70662 0.148195 1.56726 0.268189 0.970018 3.06372
72 2.86 2.64149 0.182038 1.36562 0.285888 0.920755 3.07565
73 2.9 2.49264 0.214873 1.20655 0.301966 0.936556 3.08813
74 2.94 2.31953 0.246277 1.04823 0.316322 0.789118 3.09894
75 2.98 2.0424 0.274686 0.952575 0.329725 0.864089 3.1111
76 3.02 1.79721 0.30036 0.855559 0.342089 0.970434 3.12512
77 3.06 1.60294 0.323869 0.793249 0.353858 0.999434 3.13995
78 3.1 1.38971 0.344788 0.716696 0.364771 1.10265 3.15674
79 3.14 1.25789 0.364214 0.675512 0.375324 1.0315 3.17285
80 3.18 1.09719 0.381593 0.633331 0.385472 1.26669 3.19315
81 3.22 0.963628 0.397242 0.594409 0.395237 1.37051 3.21566
82 3.26 0.865374 0.411648 0.571703 0.404864 1.36384 3.23863
83 3.3 0.793888 0.425189 0.558805 0.414506 1.59378 3.26613
84 3.34 0.744423 0.438197 0.56307 0.424458 1.83426 3.29855
85 3.38 0.692299 0.450585 0.556204 0.434527 2.14828 3.33744
86 3.42 0.651083 0.462513 0.545111 0.444629 2.44197 3.3827
87 3.46 0.642072 0.474553 0.548657 0.455036 2.71142 3.43413
88 3.5 0.621362 0.486475 0.563508 0.465973 3.0939 3.49418
89 3.54 0.619843 0.498642 0.584228 0.477574 3.64154 3.56648
90 3.58 0.622577 0.51114 0.606314 0.489886 3.80769 3.64381
91 3.62 0.633997 0.524153 0.607398 0.502498 4.06638 3.72824
92 3.66 0.658126 0.537962 0.633371 0.515941 4.43264 3.82232
93 3.7 0.673211 0.552398 0.64682 0.529972 4.58496 3.92178
94 3.74 0.692083 0.567561 0.676467 0.544964 4.84292 4.02911
95 3.78 0.735482 0.584021 0.695186 0.560703 5.00388 4.14239
96 3.82 0.779237 0.601831 0.727804 0.57753 5.278 4.26443
97 3.86 0.824037 0.621063 0.749143 0.595216 5.15961 4.38623
98 3.9 0.857306 0.641487 0.785016 0.614134 5.25988 4.51299
99 3.94 0.893576 0.663214 0.805964 0.633958 5.12352 4.63902
100 3.98 0.945626 0.686676 0.81686 0.65446 4.88267 4.76156
101 4.02 0.97127 0.711261 0.837071 0.675894 4.81991 4.88498
102 4.06 1.00915 0.737316 0.85177 0.69814 4.40152 4.99994
103 4.1 1.00495 0.763777 0.870289 0.72132 4.34622 5.1157
104 4.14 1.03028 0.791436 0.890584 0.745506 4.24724 5.23104
105 4.18 1.01266 0.81915 0.897771 0.77036 4.31972 5.35063
106 4.22 1.00348 0.84714 0.918557 0.796278 4.48443 5.47716
107 4.26 0.97172 0.874761 0.945184 0.823456 4.51249 5.60692
108 4.3 0.964128 0.902684 0.961367 0.851621 4.91198 5.75082
109 4.34 0.9302 0.930127 0.997223 0.881383 5.1743 5.90524
110 4.38 0.888765 0.956833 1.01405 0.912206 5.31936 6.06693
111 4.42 0.889465 0.984051 1.04601 0.944585 5.65164 6.24188
112 4.46 0.860511 1.01086 1.08418 0.978756 5.94159 6.42914
113 4.5 0.852623 1.03791 1.09403 1.01386 6.14917 6.62644
114 4.54 0.861133 1.06571 1.13434 1.0509 6.43528 6.8366
115 4.58 0.873253 1.0944 1.11541 1.08798 6.71044 7.05963
116 4.62 0.861879 1.12321 1.12121 1.12589 6.86867 7.29193
117 4.66 0.876709 1.15303 1.10414 1.16388 7.01303 7.53323
118 4.7 0.891247 1.18387 1.09555 1.20223 6.96671 7.77707
119 4.74 0.907374 1.2158 1.07255 1.24041 7.15054 8.03162
120 4.78 0.900718 1.24804 1.04082 1.27809 7.30497 8.29608
121 4.82 0.929397 1.28186 1.02716 1.3159 7.25506 8.56314
122 4.86 0.933716 1.3164 0.994635 1.35313 7.38022 8.83934
123 4.9 0.925333 1.3512 0.978263 1.39034 7.47241 9.12361
124 4.94 0.935283 1.38695 0.967533 1.42775 7.30283 9.40598
125 4.98 0.935186 1.42328 0.955572 1.4653 7.50275 9.7008
126 5.02 0.939197 1.46035 0.937271 1.50273 7.41751 9.99698
127 5.06 0.929229 1.49761 0.935907 1.54069 7.50761 10.3015
128 5.1 0.92024 1.5351 0.917109 1.57849 7.33339 10.6038
129 5.14 0.923731 1.57333 0.91076 1.61661 7.24039 10.9069
130 5.18 0.909569 1.61156 0.893941 1.65462 7.00571 11.2047
131 5.22 0.897764 1.64987 0.884327 1.6928 6.87191 11.5014
132 5.26 0.882239 1.68811 0.852915 1.73019 6.59464 11.7905
133 5.3 0.865401 1.72618 0.847625 1.76791 6.33575 12.0725
134 5.34 0.862024 1.76468 0.830069 1.80542 6.21415 12.3532
135 5.38 0.854936 1.80344 0.803565 1.84227 5.85347 12.6217
136 5.42 0.837261 1.84197 0.799112 1.87947 5.80818 12.892
137 5.46 0.814491 1.88 0.780548 1.91634 5.50817 13.1522
138 5.5 0.81296 1.91852 0.769673 1.95323 5.44985 13.4134
139 5.54 0.801145 1.95703 0.762802 1.99032 5.45213 13.6785
140 5.58 0.787877 1.99546 0.743771 2.02701 5.32597 13.9413
141 5.62 0.775015 2.0338 0.72565 2.06333 5.35586 14.2093
142 5.66 0.762739 2.07207 0.70621 2.09917 5.19108 14.4728
143 5.7 0.760559 2.11077 0.705755 2.13551 5.20719 14.7409
144 5.74 0.758104 2.1499 0.69196 2.17163 5.07326 15.0057
145 5.78 0.734406 2.18833 0.686498 2.20797 5.10051 15.2757
146 5.82 0.739799 2.22758 0.684222 2.24469 4.9635 15.5421
147 5.86 0.734101 2.26706 0.680097 2.28169 5.15905 15.8228
148 5.9 0.739605 2.30739 0.675749 2.31896 5.18441 16.1087
149 5.94 0.737252 2.34813 0.672031 2.35653 5.17981 16.3983
150 5.98 0.727759 2.3889 0.673769 2.39471 5.47806 16.7087
151 6.02 0.730433 2.43036 0.67718 2.43359 5.4486 17.0216
152 6.06 0.73165 2.47244 0.673054 2.47276 5.56431 17.3454
153 6.1 0.742368 2.51571 0.688961 2.51338 5.70491 17.6817
154 6.14 0.731348 2.5589 0.701069 2.55525 5.74442 18.0248
155 6.18 0.735429 2.60289 0.701816 2.59772 5.84305 18.3784
156 6.22 0.735188 2.64744 0.714045 2.64149 6.14699 18.7552
157 6.26 0.730822 2.6923 0.728435 2.68672 6.2334 19.1423
158 6.3 0.740491 2.73833 0.734935 2.73294 6.28697 19.5376
159 6.34 0.739599 2.7849 0.744661 2.78037 6.40335 19.9454
160 6.38 0.738077 2.83195 0.748511 2.82864 6.45647 20.3619
161 6.42 0.732899 2.87927 0.761834 2.87839 6.61317 20.7937
162 6.46 0.748219 2.92818 0.774054 2.92958 6.67695 21.2352
163 6.5 0.740669 2.97719 0.784872 2.98212 6.72815 21.6856
164 6.54 0.753633 3.02768 0.789244 3.0356 6.73106 22.1418
165 6.58 0.743856 3.07812 0.811316 3.09126 6.83375 22.6106
166 6.62 0.751805 3.12973 0.827374 3.14871 6.92973 23.0918
167 6.66 0.750382 3.18186 0.841611 3.20786 6.84627 23.5729
168 6.7 0.755832 3.23501 0.839606 3.26758 6.8516 24.0602
169 6.74 0.761739 3.28921 0.843772 3.32831 6.88222 24.5556
170 6.78 0.756146 3.34365 0.850074 3.39023 6.93155 25.0605
171 6.82 0.769424 3.39971 0.854035 3.45316 6.9683 25.574
172 6.86 0.773017 3.45669 0.871103 3.51812 6.89722 26.0883
173 6.9 0.790597 3.51564 0.862288 3.58316 6.95306 26.6128
174 6.94 0.792304 3.57541 0.87392 3.64986 6.8761 27.1375
175 6.98 0.800349 3.63649 0.874333 3.71735 6.81379 27.6635
176 7.02 0.800897 3.69831 0.871411 3.78539 6.84343 28.1979
177 7.06 0.812225 3.76172 0.871537 3.85422 6.75226 28.7311
178 7.1 0.809385 3.82563 0.861721 3.92305 6.7489 29.2702
179 7.14 0.823419 3.89138 0.86982 3.99331 6.6719 29.8091
180 7.18 0.818396 3.95746 0.868459 4.06425 6.62375 30.3501
181 7.22 0.820395 4.02445 0.872917 4.13634 6.55214 30.8913
182 7.26 0.81957 4.09211 0.867433 4.20879 6.58486 31.4412
183 7.3 0.832554 4.1616 0.865417 4.28186 6.61957 32.0002
184 7.34 0.825727 4.23128 0.857721 4.35508 6.53027 32.5576
185 7.38 0.830588 4.30213 0.860255 4.42931 6.50253 33.1188
186 7.42 0.831166 4.37381 0.859105 4.50426 6.45957 33.6822
187 7.46 0.833708 4.44648 0.86001 4.58009 6.43351 34.2495
188 7.5 0.838767 4.52038 0.850904 4.65593 6.3705 34.8173
189 7.54 0.833359 4.59459 0.845559 4.73209 6.24737 35.3801
190 7.58 0.832519 4.66951 0.843815 4.80891 6.30559 35.9541
191 7.62 0.837984 4.74573 0.833848 4.88563 6.11304 36.5165
192 7.66 0.839414 4.82287 0.832964 4.96306 6.06078 37.08
193 7.7 0.8403 4.90091 0.828001 5.04085 6.06025 37.6493
194 7.74 0.836421 4.97939 0.836605 5.12026 5.88972 38.2083
195 7.78 0.834955 5.05855 0.823225 5.19921 5.89637 38.7738
196 7.82 0.833593 5.1384 0.819673 5.27863 5.95341 39.3507
197 7.86 0.840084 5.21969 0.812977 5.35821 5.78188 39.9166
198 7.9 0.836869 5.30149 0.814456 5.43875 5.64541 40.4749
199 7.94 0.832831 5.38373 0.806213 5.51928 5.70172 41.0444
200 7.98 0.829991 5.46652 0.80536 5.60054 5.65393 41.6149
36000 200
1 0.02 0 0 0 0 0 0
2 0.06 0 0 0 0 0 0
3 0.1 0 0 0 0 0 0
4 0.14 0 0 0 0 0 0
5 0.18 0 0 0 0 0 0
6 0.22 0 0 0 0 0 0
7 0.26 0 0 0 0 0 0
8 0.3 0 0 0 0 0 0
9 0.34 0 0 0 0 0 0
10 0.38 0 0 0 0 0 0
11 0.42 0 0 0 0 0 0
12 0.46 0 0 0 0 0 0
13 0.5 0 0 0 0 0 0
14 0.54 0 0 0 0 0 0
15 0.58 0 0 0 0 0 0
16 0.62 0 0 0 0 0 0
17 0.66 0 0 0 0 0 0
18 0.7 0 0 0 0 0 0
19 0.74 0 0 0 0 0 0
20 0.78 0 0 0 0 0 0
21 0.82 0 0 0 0 0 0
22 0.86 0 0 0 0 0 0
23 0.9 0 0 0 0 0 0
24 0.94 0 0 0 0 0 0
25 0.98 0 0 0 0 0 0
26 1.02 0 0 0 0 0 0
27 1.06 0 0 0 0 0 0
28 1.1 0 0 0 0 0 0
29 1.14 0 0 0 0 0 0
30 1.18 0 0 0 0 0 0
31 1.22 0 0 0 0 0 0
32 1.26 0 0 0 0 0 0
33 1.3 0 0 0 0 0 0
34 1.34 0 0 0 0 0 0
35 1.38 0 0 0 0 0 0
36 1.42 0 0 0 0 0 0
37 1.46 0 0 0 0 0 0
38 1.5 0 0 0 0 0 0
39 1.54 0 0 0 0 0 0
40 1.58 0 0 0 0 0 0
41 1.62 0 0 0 0 0 0
42 1.66 0 0 0 0 0.449284 0.00196205
43 1.7 0 0 0 0 8.50435 0.0409135
44 1.74 0 0 0 0 55.1295 0.305436
45 1.78 0 0 0 0 125.275 0.934481
46 1.82 0 0 0 0 143.211 1.68627
47 1.86 0 0 0 0 104.2 2.25757
48 1.9 0 0 0 0 58.183 2.59045
49 1.94 0 0 0 0 28.4245 2.75999
50 1.98 0 0 0 0 13.4913 2.84381
51 2.02 0 0 0 0 6.61535 2.88659
52 2.06 0 0 0 0 3.36705 2.90923
53 2.1 0 0 0 0 2.07099 2.92371
54 2.14 0 0 0.00026098 1.89394e-06 1.30294 2.93316
55 2.18 0 0 0.00150884 1.32576e-05 0.619256 2.93783
56 2.22 0 0 0.0150341 0.000130682 0.568296 2.94226
57 2.26 0 0 0.0545179 0.00057197 0.500681 2.94632
58 2.3 0 0 0.147971 0.0018125 0.333801 2.94912
59 2.34 0.000220778 1.89394e-06 0.376928 0.00508333 0.300235 2.95172
60 2.38 0.000640262 7.57576e-06 0.769873 0.0119943 0.308137 2.95449
61 2.42 0.00619277 6.43939e-05 1.2254 0.0233674 0.325761 2.95751
62 2.46 0.0385559 0.000429924 1.73172 0.0399754 0.378981 2.96115
63 2.5 0.102516 0.00143371 2.2391 0.0621534 0.470874 2.96581
64 2.54 0.263461 0.00409659 2.57073 0.0884375 0.572551 2.97166
65 2.58 0.515974 0.00947727 2.73887 0.11733 0.774479 2.97983
66 2.62 0.908751 0.01925 2.68983 0.146591 0.960932 2.99029
67 2.66 1.38822 0.0346383 2.51259 0.174765 1.16461 3.00335
68 2.7 1.8837 0.0561515 2.33215 0.201708 1.28068 3.01814
69 2.74 2.28417 0.083017 2.0506 0.226106 1.37331 3.03448
70 2.78 2.56821 0.114112 1.80955 0.248269 1.25006 3.04979
71 2.82 2.71554 0.147943 1.58305 0.26822 1.11277 3.06381
72 2.86 2.63908 0.181761 1.39897 0.286354 0.990027 3.07665
73 2.9 2.52768 0.215064 1.2319 0.302773 0.943601 3.08922
74 2.94 2.31685 0.246438 1.05273 0.317193 0.889963 3.10142
75 2.98 2.04964 0.274953 0.922388 0.330174 0.850189 3.11338
76 3.02 1.81411 0.300873 0.84924 0.342449 0.805576 3.12502
77 3.06 1.61077 0.324502 0.783657 0.354078 0.971077 3.13943
78 3.1 1.40166 0.345604 0.713196 0.364939 1.08135 3.1559
79 3.14 1.22381 0.364508 0.660597 0.375261 1.10339 3.17314
80 3.18 1.07941 0.381608 0.636995 0.38547 1.16008 3.19173
81 3.22 0.961113 0.39722 0.615965 0.395591 1.31739 3.21338
82 3.26 0.866352 0.411644 0.577328 0.405314 1.5259 3.23908
83 3.3 0.801183 0.425312 0.554967 0.414892 1.59351 3.26658
84 3.34 0.730737 0.438083 0.558787 0.424771 1.81756 3.29871
85 3.38 0.692805 0.450483 0.564678 0.434994 2.08568 3.33647
86 3.42 0.651477 0.46242 0.538776 0.444981 2.42763 3.38147
87 3.46 0.641144 0.474445 0.550149 0.455419 2.75835 3.43381
88 3.5 0.619861 0.486341 0.551014 0.466116 3.1596 3.49514
89 3.54 0.620404 0.498521 0.587933 0.477792 3.38983 3.56246
90 3.58 0.621615 0.511002 0.587926 0.489733 4.01447 3.644
91 3.62 0.62788 0.523892 0.603094 0.502258 4.24684 3.7322
92 3.66 0.644014 0.537407 0.63673 0.515775 4.42118 3.82605
93 3.7 0.671847 0.551816 0.651236 0.529903 4.76493 3.92943
94 3.74 0.701029 0.567178 0.677111 0.544913 4.85947 4.03715
95 3.78 0.754209 0.584061 0.71003 0.560991 5.10235 4.15269
96 3.82 0.789281 0.602104 0.71694 0.57757 5.09758 4.27057
97 3.86 0.822666 0.621307 0.754855 0.595394 5.15732 4.39234
98 3.9 0.863504 0.641883 0.776147 0.614102 5.15614 4.51663
99 3.94 0.900809 0.66379 0.805579 0.63392 5.14872 4.64329
100 3.98 0.933468 0.686955 0.816781 0.654424 4.85486 4.76517
101 4.02 0.979768 0.711759 0.833737 0.675777 4.65573 4.8844
102 4.06 1.00126 0.737616 0.853281 0.698066 4.57306 5.00386
103 4.1 1.01289 0.76429 0.869841 0.721239 4.29833 5.11837
104 4.14 1.02459 0.791801 0.885261 0.745284 4.25832 5.23403
105 4.18 1.00645 0.81935 0.90075 0.770225 4.29102 5.35285
106 4.22 0.999075 0.847223 0.919523 0.796176 4.42889 5.47784
107 4.26 0.971609 0.874847 0.939939 0.823208 4.58434 5.60968
108 4.3 0.962963 0.902741 0.958018 0.85128 4.83092 5.75124
109 4.34 0.917314 0.929809 0.997546 0.881057 5.12266 5.90415
110 4.38 0.907064 0.95707 1.03722 0.912591 5.45592 6.07002
111 4.42 0.873889 0.983816 1.05114 0.945134 5.64018 6.24464
112 4.46 0.868555 1.01088 1.08073 0.979203 5.97109 6.43287
113 4.5 0.866556 1.03837 1.0884 1.01413 6.11497 6.62911
114 4.54 0.860562 1.06616 1.11459 1.05054 6.39962 6.83815
115 4.58 0.867609 1.09467 1.12455 1.08792 6.58243 7.05696
116 4.62 0.866643 1.12365 1.12811 1.12608 7.00905 7.29405
117 4.66 0.881115 1.15363 1.10916 1.16425 6.99396 7.53474
118 4.7 0.87559 1.18393 1.08511 1.20224 7.11612 7.78385
119 4.74 0.903438 1.21573 1.07502 1.24051 7.16272 8.03889
120 4.78 0.9142 1.24845 1.05783 1.27882 7.20328 8.29971
121 4.82 0.921886 1.282 1.01823 1.3163 7.35504 8.5705
122 4.86 0.922536 1.31614 1.01003 1.35411 7.23016 8.84114
123 4.9 0.928078 1.35105 0.98092 1.39144 7.47103 9.12541
124 4.94 0.940509 1.38701 0.962746 1.42867 7.53349 9.41676
125 4.98 0.934476 1.42331 0.943921 1.46577 7.34912 9.7056
126 5.02 0.934178 1.46019 0.936529 1.50317 7.50631 10.0054
127 5.06 0.92693 1.49737 0.928362 1.54084 7.37224 10.3045
128 5.1 0.92337 1.535 0.915187 1.57856 7.37412 10.6085
129 5.14 0.911112 1.57271 0.912942 1.61678 7.23983 10.9116
130 5.18 0.910971 1.611 0.901302 1.65511 6.93933 11.2067
131 5.22 0.907756 1.64975 0.878857 1.69306 6.83784 11.5019
132 5.26 0.888104 1.68825 0.866148 1.73104 6.66606 11.7942
133 5.3 0.885038 1.72719 0.835932 1.76825 6.35768 12.0772
134 5.34 0.866022 1.76588 0.826599 1.8056 6.00443 12.3486
135 5.38 0.850097 1.80443 0.810268 1.84277 5.99053 12.6234
136 5.42 0.843318 1.84324 0.789645 1.87953 5.62054 12.885
137 5.46 0.818193 1.88145 0.785775 1.91666 5.6086 13.15
138 5.5 0.805173 1.91961 0.769174 1.95353 5.59375 13.4181
139 5.54 0.800168 1.95808 0.759508 1.99047 5.4002 13.6808
140 5.58 0.774487 1.99586 0.744206 2.02719 5.4143 13.948
141 5.62 0.769474 2.03393 0.721842 2.06332 5.21156 14.2088
142 5.66 0.768975 2.07253 0.709775 2.09936 5.26739 14.4762
143 5.7 0.758929 2.11116 0.705918 2.1357 5.18185 14.743
144 5.74 0.747655 2.14975 0.698723 2.17219 5.04766 15.0066
145 5.78 0.747907 2.18889 0.688085 2.20862 5.0546 15.2742
146 5.82 0.740483 2.22818 0.682012 2.24523 5.10399 15.5482
147 5.86 0.734915 2.26772 0.672767 2.28184 5.11495 15.8265
148 5.9 0.73391 2.30774 0.673598 2.319 5.13502 16.1098
149 5.94 0.740263 2.34866 0.675902 2.35679 5.26227 16.4041
150 5.98 0.745031 2.3904 0.678088 2.39522 5.42648 16.7116
151 6.02 0.730093 2.43185 0.684373 2.43452 5.49073 17.0269
152 6.06 0.732963 2.47402 0.682138 2.47422 5.48425 17.3461
153 6.1 0.735504 2.51689 0.679293 2.51428 5.65857 17.6798
154 6.14 0.726978 2.55983 0.69913 2.55605 5.90755 18.0327
155 6.18 0.728993 2.60345 0.702404 2.59856 6.01785 18.3969
156 6.22 0.741334 2.64838 0.71292 2.64227 6.02674 18.7665
157 6.26 0.732598 2.69335 0.717931 2.68686 6.27055 19.1559
158 6.3 0.737549 2.73921 0.730733 2.73282 6.23108 19.5478
159 6.34 0.740333 2.78583 0.737655 2.77981 6.42991 19.9574
160 6.38 0.744415 2.8333 0.75856 2.82874 6.48019 20.3754
161 6.42 0.739741 2.88107 0.760562 2.87842 6.56515 20.8042
162 6.46 0.738405 2.92934 0.776172 2.92975 6.61982 21.242
163 6.5 0.742221 2.97847 0.786393 2.9824 6.64185 21.6867
164 6.54 0.73868 3.02797 0.805274 3.03698 6.73927 22.1435
165 6.58 0.752176 3.07898 0.817764 3.09309 6.86102 22.6143
166 6.62 0.744933 3.13013 0.818737 3.14996 6.90435 23.0938
167 6.66 0.748195 3.18212 0.826712 3.20807 6.84316 23.5748
168 6.7 0.747424 3.23468 0.842191 3.26798 6.89733 24.0655
169 6.74 0.761837 3.2889 0.842879 3.32866 6.93992 24.5651
170 6.78 0.757529 3.34345 0.859925 3.3913 6.94307 25.0709
171 6.82 0.777286 3.40009 0.86207 3.45485 6.93037 25.5817
172 6.86 0.769892 3.45685 0.86863 3.51963 7.01149 26.1046
173 6.9 0.789585 3.51574 0.865717 3.58495 6.8584 26.6221
174 6.94 0.794138 3.57566 0.863113 3.65083 6.88072 27.1473
175 6.98 0.800994 3.6368 0.864799 3.7176 6.84248 27.6756
176 7.02 0.809774 3.69932 0.874836 3.78592 6.84547 28.2102
177 7.06 0.81222 3.76274 0.866436 3.85436 6.76649 28.7447
178 7.1 0.817194 3.82727 0.870356 3.92389 6.7299 29.2823
179 7.14 0.820275 3.89279 0.871533 3.9943 6.68974 29.8228
180 7.18 0.817493 3.95881 0.867089 4.06514 6.63983 30.3652
181 7.22 0.821218 4.02587 0.864294 4.13654 6.6786 30.917
182 7.26 0.817102 4.09334 0.87305 4.20946 6.51201 31.4609
183 7.3 0.827045 4.16239 0.872951 4.28318 6.53073 32.0124
184 7.34 0.821983 4.23177 0.870803 4.35753 6.59009 32.5751
185 7.38 0.839445 4.30339 0.859787 4.43174 6.52332 33.1381
186 7.42 0.828661 4.37486 0.862157 4.50697 6.42849 33.699
187 7.46 0.838264 4.44795 0.854655 4.58234 6.3619 34.2601
188 7.5 0.83646 4.52166 0.847557 4.65789 6.35956 34.827
189 7.54 0.833075 4.59585 0.839053 4.73349 6.27655 35.3925
190 7.58 0.835562 4.67106 0.836958 4.8097 6.2239 35.9592
191 7.62 0.835016 4.74702 0.841841 4.88716 6.17201 36.5271
192 7.66 0.840412 4.82427 0.837879 4.96507 6.1091 37.0952
193 7.7 0.837778 4.90209 0.827141 5.04279 6.02286 37.6611
194 7.74 0.8402 4.98094 0.82378 5.121 5.88487 38.2198
195 7.78 0.833201 5.05995 0.826228 5.20025 5.92679 38.7883
196 7.82 0.835018 5.13995 0.813578 5.2791 5.79762 39.3501
197 7.86 0.839105 5.22116 0.816307 5.35902 5.79655 39.9177
198 7.9 0.837195 5.30301 0.813939 5.43952 5.72826 40.4842
199 7.94 0.831887 5.38517 0.816792 5.52112 5.70322 41.054
200 7.98 0.825031 5.46748 0.801174 5.60198 5.61558 41.6207
37000 200
1 0.02 0 0 0 0 0 0
2 0.06 0 0 0 0 0 0
3 0.1 0 0 0 0 0 0
4 0.14 0 0 0 0 0 0
5 0.18 0 0 0 0 0 0
6 0.22 0 0 0 0 0 0
7 0.26 0 0 0 0 0 0
8 0.3 0 0 0 0 0 0
9 0.34 0 0 0 0 0 0
10 0.38 0 0 0 0 0 0
11 0.42 0 0 0 0 0 0
12 0.46 0 0 0 0 0 0
13 0.5 0 0 0 0 0 0
14 0.54 0 0 0 0 0 0
15 0.58 0 0 0 0 0 0
16 0.62 0 0 0 0 0 0
17 0.66 0 0 0 0 0 0
18 0.7 0 0 0 0 0 0
19 0.74 0 0 0 0 0 0
20 0.78 0 0 0 0 0 0
21 0.82 0 0 0 0 0 0
22 0.86 0 0 0 0 0 0
23 0.9 0 0 0 0 0 0
24 0.94 0 0 0 0 0 0
25 0.98 0 0 0 0 0 0
26 1.02 0 0 0 0 0 0
27 1.06 0 0 0 0 0 0
28 1.1 0 0 0 0 0 0
29 1.14 0 0 0 0 0 0
30 1.18 0 0 0 0 0 0
31 1.22 0 0 0 0 0 0
32 1.26 0 0 0 0 0 0
33 1.3 0 0 0 0 0 0
34 1.34 0 0 0 0 0 0
35 1.38 0 0 0 0 0 0
36 1.42 0 0 0 0 0 0
37 1.46 0 0 0 0 0 0
38 1.5 0 0 0 0 0 0
39 1.54 0 0 0 0 0 0
40 1.58 0 0 0 0 0 0
41 1.62 0 0 0 0 0 0
42 1.66 0 0 0 0 0.191472 0.000836282
43 1.7 0 0 0 0 8.5935 0.0402059
44 1.74 0 0 0 0 54.3574 0.301094
45 1.78 0 0 0 0 125.875 0.933323
46 1.82 0 0 0 0 143.742 1.6881
47 1.86 0 0 0 0 103.487 2.25564
48 1.9 0 0 0 0 57.7515 2.58614
49 1.94 0 0 0 0 29.3713 2.76137
50 1.98 0 0 0 0 13.9121 2.84783
51 2.02 0 0 0 0 6.50914 2.88993
52 2.06 0 0 0 0 3.30394 2.91216
53 2.1 0 0 0 0 1.77143 2.92454
54 2.14 0 0 0.000521608 3.78788e-06 1.13867 2.93281
55 2.18 0 0 0.00351939 3.0303e-05 0.755702 2.9385
56 2.22 0 0 0.011394 0.000119318 0.543422 2.94275
57 2.26 0 0 0.0502917 0.000526515 0.373425 2.94577
58 2.3 0 0 0.159448 0.00186364 0.310657 2.94838
59 2.34 0 0 0.380756 0.00516856 0.340922 2.95133
60 2.38 0.00106663 9.4697e-06 0.749837 0.0119015 0.343883 2.95442
61 2.42 0.00660437 7.00758e-05 1.21141 0.0231477 0.311827 2.95732
62 2.46 0.0327539 0.000380682 1.7356 0.0397973 0.362129 2.96079
63 2.5 0.106937 0.00142803 2.23182 0.0619091 0.535677 2.9661
64 2.54 0.250656 0.00396212 2.57393 0.088233 0.556698 2.97179
65 2.58 0.519101 0.00937689 2.7473 0.117222 0.774265 2.97996
66 2.62 0.911322 0.0191799 2.655 0.146112 0.975447 2.99058
67 2.66 1.39229 0.0346174 2.56596 0.174892 1.12988 3.00325
68 2.7 1.85799 0.0558428 2.30202 0.201494 1.31931 3.01849
69 2.74 2.29933 0.0828939 2.07693 0.226212 1.44323 3.03567
70 2.78 2.57987 0.114138 1.80629 0.248341 1.26287 3.05114
71 2.82 2.69491 0.147722 1.58308 0.268297 1.02826 3.0641
72 2.86 2.66868 0.181928 1.37288 0.286098 0.925268 3.0761
73 2.9 2.49826 0.214852 1.23128 0.302513 0.902326 3.08813
74 2.94 2.2965 0.245958 1.05273 0.316938 0.927236 3.10084
75 2.98 2.04583 0.274428 0.959272 0.330441 0.811159 3.11225
76 3.02 1.84013 0.300727 0.835397 0.342519 0.905476 3.12535
77 3.06 1.62107 0.324513 0.795703 0.35433 0.942642 3.13934
78 3.1 1.40995 0.345746 0.718728 0.365278 0.96914 3.1541
79 3.14 1.22165 0.364621 0.660662 0.375604 1.20393 3.17292
80 3.18 1.071 0.381593 0.624533 0.385616 1.15373 3.19141
81 3.22 0.966328 0.397294 0.59852 0.395453 1.34053 3.21344
82 3.26 0.858951 0.411598 0.567504 0.405013 1.43384 3.2376
83 3.3 0.794422 0.425155 0.568862 0.414833 1.59867 3.2652
84 3.34 0.735421 0.438011 0.551571 0.424587 1.74797 3.29611
85 3.38 0.699073 0.450527 0.554282 0.434625 2.09403 3.33403
86 3.42 0.657501 0.462578 0.559061 0.444991 2.45994 3.37964
87 3.46 0.630883 0.474413 0.553295 0.455491 2.82374 3.43323
88 3.5 0.635779 0.486617 0.55389 0.466246 3.16703 3.49472
89 3.54 0.61908 0.498775 0.578527 0.477739 3.48612 3.56398
90 3.58 0.606834 0.510962 0.613309 0.490199 3.86453 3.64249
91 3.62 0.649388 0.524297 0.606034 0.502788 4.19609 3.72966
92 3.66 0.64691 0.537877 0.623717 0.516032 4.44426 3.82403
93 3.7 0.690909 0.552699 0.649837 0.530134 4.79628 3.92811
94 3.74 0.702218 0.568091 0.672056 0.545036 5.02211 4.03947
95 3.78 0.742167 0.584708 0.705242 0.561009 5.06403 4.15417
96 3.82 0.776561 0.602466 0.727725 0.577843 5.25607 4.27575
97 3.86 0.817341 0.621549 0.74495 0.595437 5.16546 4.39775
98 3.9 0.854289 0.641911 0.771935 0.614049 5.10808 4.52091
99 3.94 0.901117 0.663831 0.798281 0.633693 4.94477 4.64259
100 3.98 0.930624 0.686932 0.816489 0.654195 4.79846 4.76307
101 4.02 0.966267 0.711402 0.834701 0.675578 4.706 4.88363
102 4.06 0.989704 0.736966 0.868998 0.698284 4.5078 5.00142
103 4.1 1.01744 0.763767 0.863926 0.721305 4.32979 5.11679
104 4.14 1.01423 0.791008 0.879724 0.745206 4.26666 5.23271
105 4.18 1.01185 0.818712 0.909807 0.770405 4.37237 5.35381
106 4.22 1.00362 0.84672 0.928735 0.796623 4.36613 5.47707
107 4.26 0.98866 0.874835 0.93357 0.823479 4.58088 5.60885
108 4.3 0.958336 0.902602 0.964159 0.851739 4.83078 5.75043
109 4.34 0.926634 0.929953 0.997725 0.881528 5.10946 5.90299
110 4.38 0.910793 0.957333 1.01888 0.912513 5.39095 6.06693
111 4.42 0.878231 0.98422 1.0519 0.945089 5.57635 6.23963
112 4.46 0.872271 1.01141 1.06921 0.978803 6.01644 6.42933
113 4.5 0.863994 1.03883 1.11183 1.01449 6.22854 6.62927
114 4.54 0.856699 1.0665 1.10745 1.05068 6.3526 6.83683
115 4.58 0.868935 1.09506 1.13496 1.08841 6.67641 7.05883
116 4.62 0.870258 1.12417 1.11728 1.12622 6.83988 7.29025
117 4.66 0.892956 1.15455 1.10974 1.16442 6.84072 7.52573
118 4.7 0.878205 1.18495 1.09364 1.20271 7.15365 7.77623
119 4.74 0.900025 1.21664 1.07808 1.24111 7.31621 8.0368
120 4.78 0.917185 1.24948 1.03465 1.27858 7.24581 8.29923
121 4.82 0.913885 1.28275 1.03477 1.31669 7.44127 8.57327
122 4.86 0.922697 1.3169 1.00779 1.35442 7.2102 8.84323
123 4.9 0.927684 1.3518 0.986875 1.39198 7.45801 9.12708
124 4.94 0.936443 1.38762 0.956567 1.42899 7.42175 9.41418
125 4.98 0.933107 1.42388 0.959518 1.46671 7.51653 9.70968
126 5.02 0.934264 1.46077 0.943818 1.50441 7.38836 10.0048
127 5.06 0.927433 1.49798 0.922051 1.54184 7.44711 10.3071
128 5.1 0.92229 1.53557 0.913288 1.57949 7.34635 10.61
129 5.14 0.918509 1.5736 0.902565 1.61729 7.36765 10.9185
130 5.18 0.895235 1.61124 0.882448 1.65482 6.91782 11.2128
131 5.22 0.888173 1.64917 0.882 1.69292 6.79139 11.5061
132 5.26 0.89647 1.68803 0.861814 1.73072 6.6775 11.799
133 5.3 0.882822 1.72689 0.83839 1.76805 6.2549 12.0775
134 5.34 0.867741 1.76567 0.830067 1.80557 6.03628 12.3503
135 5.38 0.841727 1.80385 0.809224 1.8427 5.96366 12.624
136 5.42 0.844118 1.8427 0.797245 1.87982 5.69707 12.8893
137 5.46 0.827583 1.88137 0.777508 1.91657 5.61731 13.1547
138 5.5 0.808397 1.91969 0.765803 1.95329 5.52784 13.4198
139 5.54 0.794871 1.95791 0.755296 1.99003 5.54224 13.6894
140 5.58 0.791167 1.99652 0.745043 2.02681 5.35291 13.9536
141 5.62 0.775315 2.03489 0.733264 2.06352 5.24228 14.2161
142 5.66 0.75557 2.07282 0.720997 2.10013 5.28117 14.4843
143 5.7 0.758351 2.11143 0.699957 2.13618 5.15175 14.7496
144 5.74 0.75556 2.15044 0.690164 2.17223 5.08819 15.0153
145 5.78 0.736821 2.18901 0.694838 2.20902 5.13222 15.2871
146 5.82 0.737897 2.22818 0.678443 2.24545 4.95466 15.5532
147 5.86 0.739117 2.26795 0.682714 2.28262 5.08459 15.8299
148 5.9 0.747665 2.30874 0.674272 2.31982 5.18493 16.1161
149 5.94 0.733009 2.34927 0.675045 2.35758 5.24993 16.4097
150 5.98 0.74176 2.39083 0.679775 2.39611 5.2889 16.7095
151 6.02 0.736235 2.43264 0.673245 2.43479 5.46184 17.0233
152 6.06 0.73448 2.47491 0.683973 2.4746 5.64356 17.3518
153 6.1 0.732703 2.51763 0.689739 2.51529 5.60581 17.6824
154 6.14 0.732651 2.56091 0.688386 2.55643 5.88227 18.034
155 6.18 0.735854 2.60495 0.705656 2.59915 5.92913 18.3929
156 6.22 0.728418 2.64912 0.708163 2.64258 6.10331 18.7672
157 6.26 0.729721 2.69393 0.722433 2.68745 6.16891 19.1504
158 6.3 0.738511 2.73986 0.732913 2.73357 6.25703 19.5441
159 6.34 0.735715 2.7862 0.738649 2.78063 6.44336 19.9546
160 6.38 0.738129 2.83328 0.75325 2.82923 6.45352 20.3711
161 6.42 0.7411 2.88115 0.761518 2.87899 6.48214 20.7946
162 6.46 0.738498 2.92944 0.772991 2.93012 6.63989 21.2338
163 6.5 0.739961 2.97843 0.787571 2.98287 6.6857 21.6816
164 6.54 0.749559 3.02867 0.802796 3.0373 6.75697 22.1397
165 6.58 0.737402 3.0787 0.817051 3.09337 6.80202 22.6065
166 6.62 0.746196 3.12994 0.8186 3.15024 6.85016 23.0824
167 6.66 0.752957 3.18228 0.839129 3.20924 6.95706 23.5716
168 6.7 0.755569 3.23543 0.846835 3.2695 6.93754 24.0652
169 6.74 0.758389 3.28941 0.842311 3.33016 6.98856 24.5685
170 6.78 0.763558 3.34442 0.849168 3.39203 7.01888 25.0799
171 6.82 0.772687 3.40073 0.86086 3.4555 6.8674 25.5863
172 6.86 0.780036 3.45826 0.860071 3.51966 6.84708 26.097
173 6.9 0.786299 3.51692 0.868296 3.58519 6.82634 26.6122
174 6.94 0.799673 3.57727 0.87595 3.65207 6.86917 27.1367
175 6.98 0.794851 3.63796 0.873496 3.71953 6.86942 27.6672
176 7.02 0.797248 3.69952 0.863497 3.78698 6.92352 28.208
177 7.06 0.801719 3.76214 0.861916 3.85509 6.81802 28.7467
178 7.1 0.814651 3.8265 0.864675 3.92418 6.7929 29.2895
179 7.14 0.817355 3.89179 0.871346 3.99459 6.66211 29.8279
180 7.18 0.823113 3.95829 0.870729 4.06575 6.66795 30.3728
181 7.22 0.816683 4.025 0.874975 4.13805 6.6488 30.9222
182 7.26 0.824565 4.0931 0.867781 4.21055 6.62463 31.4757
183 7.3 0.83068 4.16247 0.872944 4.2843 6.56399 32.0302
184 7.34 0.831477 4.23267 0.869508 4.35855 6.56347 32.5907
185 7.38 0.828436 4.30337 0.860412 4.43284 6.53501 33.1549
186 7.42 0.830395 4.37501 0.859103 4.50781 6.3969 33.7132
187 7.46 0.837129 4.44802 0.844934 4.58235 6.40872 34.2786
188 7.5 0.838084 4.52189 0.852812 4.65839 6.37951 34.8474
189 7.54 0.836297 4.59639 0.844732 4.73452 6.22629 35.4085
190 7.58 0.839967 4.67202 0.840456 4.81107 6.2092 35.974
191 7.62 0.841081 4.74855 0.84176 4.88855 6.16196 36.5412
192 7.66 0.83489 4.82531 0.831445 4.96588 6.14308 37.1126
193 7.7 0.833883 4.90279 0.823175 5.04324 6.05681 37.6818
194 7.74 0.841791 4.98181 0.825094 5.1216 5.85316 38.2377
195 7.78 0.841603 5.06164 0.822871 5.20055 5.91146 38.8049
196 7.82 0.834617 5.14162 0.816603 5.27971 5.83887 39.3709
197 7.86 0.835535 5.22251 0.817385 5.35976 5.69551 39.9286
198 7.9 0.838132 5.30448 0.807749 5.43967 5.68384 40.4909
199 7.94 0.828366 5.38631 0.809978 5.52061 5.67307 41.0579
200 7.98 0.824775 5.46861 0.810715 5.60245 5.63385 41.6266
38000 200
1 0.02 0 0 0 0 0 0
2 0.06 0 0 0 0 0 0
3 0.1 0 0 0 0 0 0
4 0.14 0 0 0 0 0 0
5 0.18 0 0 0 0 0 0
6 0.22 0 0 0 0 0 0
7 0.26 0 0 0 0 0 0
8 0.3 0 0 0 0 0 0
9 0.34 0 0 0 0 0 0
10 0.38 0 0 0 0 0 0
11 0.42 0 0 0 0 0 0
12 0.46 0 0 0 0 0 0
13 0.5 0 0 0 0 0 0
14 0.54 0 0 0 0 0 0
15 0.58 0 0 0 0 0 0
16 0.62 0 0 0 0 0 0
17 0.66 0 0 0 0 0 0
18 0.7 0 0 0 0 0 0
19 0.74 0 0 0 0 0 0
20 0.78 0 0 0 0 0 0
21 0.82 0 0 0 0 0 0
22 0.86 0 0 0 0 0 0
23 0.9 0 0 0 0 0 0
24 0.94 0 0 0 0 0 0
25 0.98 0 0 0 0 0 0
26 1.02 0 0 0 0 0 0
27 1.06 0 0 0 0 0 0
28 1.1 0 0 0 0 0 0
29 1.14 0 0 0 0 0 0
30 1.18 0 0 0 0 0 0
31 1.22 0 0 0 0 0 0
32 1.26 0 0 0 0 0 0
33 1.3 0 0 0 0 0 0
34 1.34 0 0 0 0 0 0
35 1.38 0 0 0 0 0 0
36 1.42 0 0 0 0 0 0
37 1.46 0 0 0 0 0 0
38 1.5 0 0 0 0 0 0
39 1.54 0 0 0 0 0 0
40 1.58 0 0 0 0 0 0
41 1.62 0 0 0 0 0 0
42 1.66 0 0 0 0 0.287119 0.00125442
43 1.7 0 0 0 0 8.4445 0.0399485
44 1.74 0 0 0 0 53.8579 0.298488
45 1.78 0 0 0 0 125.377 0.928337
46 1.82 0 0 0 0 142.341 1.67591
47 1.86 0 0 0 0 106.592 2.2606
48 1.9 0 0 0 0 57.8299 2.59161
49 1.94 0 0 0 0 28.32 2.7606
50 1.98 0 0 0 0 13.7436 2.84603
51 2.02 0 0 0 0 6.652 2.88906
52 2.06 0 0 0 0 3.66191 2.9137
53 2.1 0 0 0.000270743 1.89394e-06 1.72043 2.92573
54 2.14 0 0 0.000260846 3.78788e-06 1.03656 2.93326
55 2.18 0 0 0.00226233 2.08333e-05 0.717132 2.93866
56 2.22 0 0 0.0138161 0.000128788 0.510407 2.94265
57 2.26 0 0 0.0484096 0.000520833 0.377313 2.94571
58 2.3 0 0 0.151064 0.00178788 0.283784 2.94809
59 2.34 0 0 0.380896 0.0050947 0.32233 2.95088
60 2.38 0.00106664 9.4697e-06 0.742939 0.011767 0.297229 2.95355
61 2.42 0.0070151 7.38636e-05 1.21138 0.0230152 0.356797 2.95687
62 2.46 0.0289522 0.000348485 1.77967 0.0400909 0.398943 2.96069
63 2.5 0.0968599 0.00129735 2.2589 0.0624754 0.464148 2.96529
64 2.54 0.248732 0.0038125 2.59194 0.0889886 0.641434 2.97186
65 2.58 0.536794 0.00941288 2.69453 0.117426 0.832002 2.98064
66 2.62 0.926465 0.0193807 2.69136 0.146718 0.987104 2.99138
67 2.66 1.38843 0.0347784 2.48897 0.17464 1.29594 3.00592
68 2.7 1.87536 0.0562064 2.32548 0.201519 1.21054 3.01991
69 2.74 2.31385 0.0834337 2.05379 0.225966 1.31594 3.03557
70 2.78 2.55999 0.114443 1.81999 0.248267 1.22849 3.05063
71 2.82 2.6898 0.14797 1.59884 0.268426 0.994892 3.06317
72 2.86 2.65854 0.182053 1.39423 0.286508 0.944925 3.07543
73 2.9 2.49331 0.214919 1.22095 0.302788 0.919077 3.08768
74 2.94 2.31648 0.246301 1.06012 0.317316 0.927088 3.10039
75 2.98 2.06583 0.275055 0.931105 0.330426 0.902368 3.11309
76 3.02 1.83062 0.301223 0.864947 0.342934 0.905297 3.12618
77 3.06 1.58602 0.3245 0.772329 0.3544 0.957626 3.1404
78 3.1 1.42024 0.345892 0.715603 0.365303 0.956258 3.15497
79 3.14 1.20989 0.364589 0.668775 0.375758 1.13163 3.17266
80 3.18 1.07604 0.381644 0.619808 0.385695 1.10938 3.19045
81 3.22 0.947849 0.397047 0.602774 0.395604 1.25026 3.211
82 3.26 0.867877 0.411504 0.582118 0.405413 1.46412 3.23567
83 3.3 0.800363 0.425165 0.558766 0.415061 1.52571 3.26201
84 3.34 0.731589 0.437956 0.552742 0.424837 1.8531 3.29479
85 3.38 0.691424 0.450337 0.540783 0.434633 2.1629 3.33397
86 3.42 0.661087 0.462456 0.558956 0.444998 2.43862 3.37919
87 3.46 0.64751 0.474606 0.551188 0.45546 2.76894 3.43175
88 3.5 0.631711 0.486735 0.567138 0.466475 3.04049 3.4908
89 3.54 0.613173 0.498778 0.58261 0.478051 3.52907 3.56092
90 3.58 0.625002 0.511333 0.601168 0.490267 3.9461 3.64111
91 3.62 0.633213 0.524339 0.601444 0.502763 4.17832 3.72792
92 3.66 0.646692 0.537917 0.632601 0.516199 4.6251 3.82615
93 3.7 0.67551 0.552411 0.661581 0.530559 4.66343 3.92737
94 3.74 0.699928 0.567756 0.674832 0.545525 4.97034 4.0376
95 3.78 0.740916 0.584348 0.699587 0.561373 4.92106 4.14908
96 3.82 0.780802 0.602206 0.725774 0.578165 5.30094 4.27173
97 3.86 0.82877 0.621561 0.767093 0.596286 5.21342 4.39489
98 3.9 0.858496 0.642027 0.772409 0.614913 5.29519 4.52258
99 3.94 0.890585 0.663695 0.783579 0.634199 5.06795 4.64731
100 3.98 0.941575 0.687072 0.814668 0.654659 4.91152 4.77067
101 4.02 0.971536 0.71168 0.834386 0.676038 4.70248 4.89115
102 4.06 1.0082 0.737727 0.849619 0.698242 4.5106 5.00904
103 4.1 0.998405 0.764032 0.866662 0.721341 4.36635 5.12541
104 4.14 1.02115 0.791464 0.878788 0.745222 4.20896 5.23979
105 4.18 1.01934 0.819379 0.892808 0.769955 4.25769 5.35774
106 4.22 0.995965 0.847178 0.910313 0.795657 4.35849 5.4808
107 4.26 0.974349 0.874892 0.941742 0.822754 4.55656 5.6119
108 4.3 0.96284 0.902795 0.965709 0.851064 4.72447 5.7504
109 4.34 0.931004 0.93028 0.99233 0.880699 4.99858 5.89968
110 4.38 0.899021 0.957313 1.03002 0.912028 5.41317 6.06433
111 4.42 0.876324 0.984146 1.05823 0.944807 5.58458 6.23731
112 4.46 0.866272 1.01115 1.07308 0.97865 6.00907 6.42683
113 4.5 0.872236 1.03884 1.09904 1.01394 6.16622 6.6248
114 4.54 0.863681 1.06674 1.1118 1.05027 6.3376 6.83191
115 4.58 0.865132 1.09518 1.11759 1.08744 6.75056 7.05642
116 4.62 0.865958 1.12415 1.11656 1.12522 6.93642 7.29115
117 4.66 0.871466 1.15381 1.11629 1.16366 7.0103 7.53252
118 4.7 0.887604 1.18454 1.10111 1.20222 7.10914 7.78151
119 4.74 0.897907 1.21616 1.06904 1.2403 7.23799 8.03934
120 4.78 0.894631 1.2482 1.06429 1.27886 7.26384 8.30248
121 4.82 0.925144 1.28189 1.03451 1.31696 7.38303 8.57443
122 4.86 0.934901 1.3165 1.0082 1.35472 7.37625 8.85066
123 4.9 0.937212 1.35177 0.981355 1.39208 7.3898 9.13197
124 4.94 0.943041 1.38784 0.969693 1.4296 7.45933 9.42059
125 4.98 0.927128 1.42388 0.965065 1.46754 7.47252 9.71441
126 5.02 0.925403 1.46043 0.931261 1.50475 7.54546 10.0159
127 5.06 0.942594 1.49825 0.925733 1.54233 7.28324 10.3115
128 5.1 0.918245 1.53569 0.9104 1.57987 7.30202 10.6127
129 5.14 0.91087 1.5734 0.901624 1.61764 7.23802 10.9159
130 5.18 0.908748 1.61162 0.87724 1.65496 6.99586 11.2135
131 5.22 0.903831 1.65022 0.880684 1.69301 6.9359 11.5131
132 5.26 0.884501 1.68858 0.857887 1.73064 6.65926 11.8052
133 5.3 0.86303 1.72657 0.839246 1.76802 6.30563 12.0861
134 5.34 0.856887 1.76487 0.836105 1.80582 6.12259 12.3629
135 5.38 0.852543 1.80355 0.815586 1.84325 5.86508 12.632
136 5.42 0.836838 1.84208 0.792327 1.88015 5.77813 12.9012
137 5.46 0.819556 1.88037 0.778317 1.91694 5.63182 13.1674
138 5.5 0.825055 1.91949 0.770554 1.9539 5.50331 13.4313
139 5.54 0.794087 1.95769 0.758805 1.99082 5.36925 13.6926
140 5.58 0.791747 1.99633 0.731659 2.02694 5.27823 13.9531
141 5.62 0.769572 2.03442 0.725707 2.06328 5.32218 14.2197
142 5.66 0.768129 2.07299 0.706572 2.09917 5.27824 14.4877
143 5.7 0.75039 2.1112 0.712059 2.13585 5.1114 14.751
144 5.74 0.750495 2.14996 0.696984 2.17226 5.15924 15.0206
145 5.78 0.752265 2.18935 0.686406 2.20862 4.99275 15.285
146 5.82 0.742776 2.22878 0.677743 2.24501 5.09925 15.5589
147 5.86 0.732179 2.26819 0.682926 2.2822 5.14328 15.8389
148 5.9 0.74433 2.3088 0.676475 2.31953 5.21712 16.1268
149 5.94 0.726014 2.34895 0.672679 2.35716 5.22703 16.4192
150 5.98 0.73482 2.39013 0.677237 2.39556 5.24982 16.7169
151 6.02 0.733759 2.43181 0.679771 2.43462 5.35326 17.0245
152 6.06 0.743285 2.47459 0.68159 2.4743 5.50269 17.3449
153 6.1 0.734381 2.51742 0.682831 2.51459 5.76387 17.6849
154 6.14 0.730549 2.56059 0.6976 2.55628 5.7945 18.0313
155 6.18 0.732891 2.60446 0.698072 2.59855 6.0347 18.3967
156 6.22 0.72715 2.64855 0.722626 2.64288 6.0874 18.7701
157 6.26 0.743883 2.69424 0.721011 2.68768 6.17185 19.1536
158 6.3 0.727375 2.73949 0.727052 2.73343 6.31099 19.5507
159 6.34 0.737977 2.78598 0.739632 2.78057 6.4224 19.96
160 6.38 0.740123 2.8332 0.752924 2.82916 6.52552 20.3811
161 6.42 0.736319 2.88077 0.760989 2.87889 6.50794 20.8064
162 6.46 0.749873 2.92982 0.774896 2.93016 6.63175 21.2452
163 6.5 0.743818 2.97907 0.78162 2.98252 6.64597 21.6904
164 6.54 0.743168 3.02889 0.800571 3.0368 6.73808 22.1473
165 6.58 0.736393 3.07886 0.814843 3.09274 6.81427 22.6151
166 6.62 0.747649 3.13022 0.821216 3.1498 6.93121 23.0967
167 6.66 0.743328 3.18189 0.824577 3.20779 6.88481 23.5809
168 6.7 0.755203 3.23503 0.834937 3.26721 6.98275 24.0778
169 6.74 0.764516 3.28946 0.854373 3.32875 6.98626 24.581
170 6.78 0.761175 3.3443 0.864486 3.39176 6.89261 25.0834
171 6.82 0.769491 3.4004 0.86714 3.4557 6.89398 25.5918
172 6.86 0.782657 3.45813 0.871779 3.52075 6.84358 26.1024
173 6.9 0.784928 3.5167 0.868375 3.5863 6.77596 26.6139
174 6.94 0.789831 3.57632 0.870817 3.6528 6.95672 27.1451
175 6.98 0.796875 3.63717 0.866188 3.7197 6.8447 27.6738
176 7.02 0.810107 3.69974 0.868708 3.78758 6.8044 28.2055
177 7.06 0.808133 3.76288 0.866179 3.85603 6.76941 28.7404
178 7.1 0.81696 3.82742 0.86953 3.92553 6.66519 29.2731
179 7.14 0.812287 3.89233 0.871623 3.99598 6.83346 29.8255
180 7.18 0.819199 3.95852 0.873638 4.06738 6.65681 30.3696
181 7.22 0.827535 4.02613 0.866869 4.13903 6.70815 30.924
182 7.26 0.821627 4.09401 0.867881 4.21156 6.46973 31.4647
183 7.3 0.825777 4.16298 0.862589 4.28444 6.6023 32.0225
184 7.34 0.824539 4.2326 0.859336 4.35784 6.51773 32.5792
185 7.38 0.837035 4.30405 0.861845 4.43226 6.47152 33.1381
186 7.42 0.831919 4.37584 0.867268 4.50797 6.52205 33.7074
187 7.46 0.834009 4.44859 0.849213 4.5829 6.3433 34.2671
188 7.5 0.833645 4.52209 0.850413 4.65874 6.32775 34.8314
189 7.54 0.841718 4.59709 0.841812 4.73462 6.32573 35.4016
190 7.58 0.837697 4.67252 0.837111 4.81088 6.27469 35.9732
191 7.62 0.839937 4.74896 0.841203 4.88832 6.04474 36.5297
192 7.66 0.837941 4.82602 0.836981 4.96618 6.09828 37.097
193 7.7 0.839284 4.90402 0.834936 5.04467 6.01698 37.6626
194 7.74 0.840354 4.98292 0.817895 5.12235 5.96206 38.2289
195 7.78 0.834709 5.06211 0.820856 5.20113 5.90192 38.7953
196 7.82 0.836488 5.14228 0.816246 5.28027 5.88348 39.3657
197 7.86 0.831399 5.22279 0.812406 5.35984 5.77187 39.9311
198 7.9 0.838568 5.30481 0.811837 5.44018 5.77795 40.5028
199 7.94 0.833149 5.38714 0.820882 5.52223 5.73822 41.0764
200 7.98 0.82645 5.46963 0.805397 5.60354 5.62031 41.6438
39000 200
1 0.02 0 0 0 0 0 0
2 0.06 0 0 0 0 0 0
3 0.1 0 0 0 0 0 0
4 0.14 0 0 0 0 0 0
5 0.18 0 0 0 0 0 0
6 0.22 0 0 0 0 0 0
7 0.26 0 0 0 0 0 0
8 0.3 0 0 0 0 0 0
9 0.34 0 0 0 0 0 0
10 0.38 0 0 0 0 0 0
11 0.42 0 0 0 0 0 0
12 0.46 0 0 0 0 0 0
13 0.5 0 0 0 0 0 0
14 0.54 0 0 0 0 0 0
15 0.58 0 0 0 0 0 0
16 0.62 0 0 0 0 0 0
17 0.66 0 0 0 0 0 0
18 0.7 0 0 0 0 0 0
19 0.74 0 0 0 0 0 0
20 0.78 0 0 0 0 0 0
21 0.82 0 0 0 0 0 0
22 0.86 0 0 0 0 0 0
23 0.9 0 0 0 0 0 0
24 0.94 0 0 0 0 0 0
25 0.98 0 0 0 0 0 0
26 1.02 0 0 0 0 0 0
27 1.06 0 0 0 0 0 0
28 1.1 0 0 0 0 0 0
29 1.14 0 0 0 0 0 0
30 1.18 0 0 0 0 0 0
31 1.22 0 0 0 0 0 0
32 1.26 0 0 0 0 0 0
33 1.3 0 0 0 0 0 0
34 1.34 0 0 0 0 0 0
35 1.38 0 0 0 0 0 0
36 1.42 0 0 0 0 0 0
37 1.46 0 0 0 0 0 0
38 1.5 0 0 0 0 0 0
39 1.54 0 0 0 0 0 0
40 1.58 0 0 0 0 0 0
41 1.62 0 0 0 0 0 0
42 1.66 0 0 0 0 0.323857 0.00141525
43 1.7 0 0 0 0 8.06349 0.0383725
44 1.74 0 0 0 0 53.7461 0.29643
45 1.78 0 0 0 0 125.544 0.927243
46 1.82 0 0 0 0 142.686 1.67678
47 1.86 0 0 0 0 105.457 2.25536
48 1.9 0 0 0 0 58.5039 2.59029
49 1.94 0 0 0 0 28.395 2.75976
50 1.98 0 0 0 0 13.6426 2.84458
51 2.02 0 0 0 0 6.4818 2.88652
52 2.06 0 0 0 0 3.34084 2.90901
53 2.1 0 0 0 0 1.83509 2.92184
54 2.14 0 0 0.000260886 1.89394e-06 1.2401 2.93085
55 2.18 0 0 0.00351851 2.84091e-05 0.857851 2.93731
56 2.22 0 0 0.0128442 0.000128788 0.567909 2.94175
57 2.26 0 0 0.0472316 0.000511364 0.472539 2.94558
58 2.3 0 0 0.150132 0.00177083 0.32207 2.94828
59 2.34 0.000220505 1.89394e-06 0.360316 0.00489962 0.259265 2.95053
60 2.38 0.00149312 1.51515e-05 0.725294 0.0114148 0.318699 2.95339
61 2.42 0.00474405 5.87121e-05 1.22337 0.0227765 0.311693 2.95629
62 2.46 0.0291454 0.000335227 1.76431 0.0397083 0.42235 2.96034
63 2.5 0.102061 0.00133523 2.30869 0.0625909 0.490045 2.9652
64 2.54 0.252421 0.00388826 2.57366 0.0889223 0.628762 2.97163
65 2.58 0.523252 0.00934848 2.77276 0.118191 0.773932 2.9798
66 2.62 0.921003 0.0192595 2.683 0.147398 1.09915 2.99177
67 2.66 1.4013 0.034803 2.54096 0.175909 1.26129 3.00592
68 2.7 1.86006 0.0560606 2.28078 0.202277 1.30482 3.021
69 2.74 2.2812 0.0829091 2.05845 0.226784 1.24007 3.03577
70 2.78 2.56979 0.114044 1.81236 0.248996 1.1758 3.05018
71 2.82 2.71615 0.147905 1.57689 0.268883 1.00739 3.06288
72 2.86 2.68621 0.18235 1.38724 0.286877 1.01916 3.0761
73 2.9 2.51221 0.215472 1.18563 0.302689 0.906805 3.0882
74 2.94 2.30539 0.24671 1.04817 0.317057 0.882296 3.10029
75 2.98 2.06964 0.275523 0.938991 0.33028 0.890737 3.11283
76 3.02 1.81992 0.301544 0.850895 0.342587 0.894018 3.12576
77 3.06 1.57873 0.324718 0.76859 0.354 0.987752 3.14043
78 3.1 1.41983 0.346108 0.707754 0.364786 0.979306 3.15536
79 3.14 1.21184 0.364839 0.672519 0.375301 1.09028 3.1724
80 3.18 1.08527 0.382044 0.613543 0.38514 1.14726 3.1908
81 3.22 0.957206 0.397602 0.613824 0.395233 1.31266 3.21238
82 3.26 0.868957 0.41208 0.587171 0.405129 1.42566 3.23641
83 3.3 0.797322 0.425691 0.560299 0.414805 1.6185 3.26436
84 3.34 0.732204 0.438496 0.558098 0.424678 1.79996 3.2962
85 3.38 0.68737 0.450807 0.544541 0.434544 2.19087 3.3359
86 3.42 0.645668 0.462646 0.558943 0.444911 2.4815 3.38192
87 3.46 0.633453 0.474534 0.560563 0.455553 2.74123 3.43397
88 3.5 0.629215 0.486617 0.56663 0.466561 3.08629 3.49392
89 3.54 0.616233 0.498723 0.572385 0.477936 3.45558 3.56259
90 3.58 0.617052 0.511121 0.595924 0.490047 3.91362 3.64214
91 3.62 0.629118 0.524045 0.609069 0.502705 4.26719 3.73081
92 3.66 0.64666 0.537625 0.624718 0.515975 4.45915 3.82554
93 3.7 0.673431 0.552078 0.652806 0.530148 4.78252 3.92937
94 3.74 0.70626 0.567564 0.683663 0.545312 4.89972 4.03805
95 3.78 0.744313 0.584237 0.704209 0.561269 5.14719 4.15468
96 3.82 0.765911 0.601758 0.721948 0.577975 5.24013 4.27594
97 3.86 0.838007 0.621331 0.764691 0.596044 5.05177 4.3953
98 3.9 0.858639 0.641805 0.769422 0.614602 5.23545 4.52158
99 3.94 0.897254 0.66364 0.806815 0.634464 4.88394 4.64181
100 3.98 0.938334 0.686941 0.819321 0.655045 4.95669 4.76632
101 4.02 0.971567 0.711555 0.840056 0.676574 4.64386 4.88533
102 4.06 0.989381 0.737121 0.842284 0.698591 4.55766 5.00447
103 4.1 1.02709 0.764187 0.881055 0.722078 4.44747 5.12303
104 4.14 1.00917 0.791303 0.885779 0.746153 4.30398 5.24001
105 4.18 1.01443 0.819089 0.887234 0.770737 4.27194 5.35838
106 4.22 1.01571 0.847445 0.913548 0.796536 4.39065 5.48237
107 4.26 0.972226 0.875104 0.930497 0.823314 4.49183 5.61164
108 4.3 0.957092 0.902847 0.959185 0.851439 4.80578 5.75256
109 4.34 0.926651 0.930208 1.00392 0.881426 5.0084 5.90216
110 4.38 0.894937 0.957123 1.02196 0.912517 5.25347 6.06198
111 4.42 0.884875 0.984223 1.04701 0.944955 5.54914 6.2339
112 4.46 0.875933 1.01154 1.07203 0.978771 5.99359 6.42297
113 4.5 0.860845 1.03887 1.09516 1.01394 6.18198 6.62149
114 4.54 0.855886 1.06652 1.10892 1.05019 6.43568 6.83184
115 4.58 0.864093 1.09494 1.12334 1.08755 6.70285 7.05481
116 4.62 0.870312 1.12406 1.12445 1.12561 6.90085 7.28839
117 4.66 0.868289 1.15362 1.11183 1.1639 7.0584 7.53146
118 4.7 0.895133 1.18461 1.09444 1.20224 7.05076 7.77845
119 4.74 0.898322 1.21625 1.08206 1.24079 7.12638 8.03236
120 4.78 0.908145 1.24878 1.04276 1.27858 7.35466 8.29884
121 4.82 0.925481 1.28249 1.02434 1.31631 7.33791 8.56919
122 4.86 0.925451 1.31676 0.991208 1.35344 7.48549 8.84957
123 4.9 0.927864 1.35168 0.9931 1.39125 7.50233 9.13522
124 4.94 0.933094 1.38738 0.972533 1.42889 7.34153 9.41933
125 4.98 0.928305 1.42347 0.947047 1.46614 7.30338 9.70656
126 5.02 0.933698 1.46035 0.939079 1.50366 7.5319 10.0076
127 5.06 0.934048 1.49784 0.9298 1.54142 7.43626 10.3095
128 5.1 0.926843 1.53564 0.926281 1.57962 7.26235 10.609
129 5.14 0.904973 1.57312 0.909573 1.61773 7.24575 10.9126
130 5.18 0.909057 1.61136 0.900303 1.65604 7.05345 11.2127
131 5.22 0.90986 1.65022 0.870783 1.69367 6.85269 11.5088
132 5.26 0.879917 1.68839 0.853048 1.73109 6.47026 11.7927
133 5.3 0.878557 1.72707 0.845836 1.76877 6.39314 12.0775
134 5.34 0.85951 1.7655 0.820234 1.80586 6.23233 12.3593
135 5.38 0.853075 1.8042 0.805185 1.84282 5.98653 12.6341
136 5.42 0.830089 1.84243 0.796558 1.87993 5.70649 12.9
137 5.46 0.821013 1.8808 0.780646 1.91684 5.58444 13.164
138 5.5 0.815267 1.91946 0.769568 1.95375 5.53304 13.4294
139 5.54 0.803023 1.9581 0.752895 1.9904 5.38473 13.6915
140 5.58 0.778122 1.99608 0.744403 2.02715 5.28171 13.9523
141 5.62 0.77883 2.03464 0.725219 2.06348 5.24473 14.215
142 5.66 0.763184 2.07297 0.709452 2.09952 5.19801 14.479
143 5.7 0.771845 2.11228 0.703535 2.13577 5.1041 14.742
144 5.74 0.751477 2.1511 0.701882 2.17244 5.15761 15.0115
145 5.78 0.737972 2.18975 0.684373 2.2087 5.09613 15.2815
146 5.82 0.736242 2.22884 0.677816 2.2451 5.19764 15.5607
147 5.86 0.733017 2.2683 0.674823 2.28185 5.16232 15.8418
148 5.9 0.741751 2.30878 0.678569 2.31931 5.21318 16.1296
149 5.94 0.731451 2.34924 0.679923 2.35735 5.19613 16.4203
150 5.98 0.727406 2.39002 0.674094 2.39558 5.35028 16.7237
151 6.02 0.732039 2.4316 0.682962 2.43483 5.39359 17.0337
152 6.06 0.740838 2.47425 0.681033 2.47449 5.54521 17.3566
153 6.1 0.73956 2.51739 0.688117 2.5151 5.58719 17.6863
154 6.14 0.735592 2.56087 0.690902 2.5564 5.73252 18.029
155 6.18 0.73025 2.60459 0.702222 2.59893 5.98306 18.3914
156 6.22 0.731813 2.64897 0.710288 2.64251 6.21933 18.7729
157 6.26 0.737689 2.69429 0.721563 2.68735 6.20219 19.1584
158 6.3 0.735173 2.74003 0.735302 2.73363 6.30101 19.555
159 6.34 0.738186 2.78655 0.743997 2.78105 6.38077 19.9617
160 6.38 0.728484 2.83303 0.750746 2.82952 6.32835 20.3702
161 6.42 0.743997 2.88111 0.761328 2.87928 6.52187 20.7965
162 6.46 0.741013 2.92958 0.768644 2.93014 6.56189 21.2307
163 6.5 0.736522 2.97837 0.787198 2.98289 6.67439 21.6779
164 6.54 0.738809 3.0279 0.80404 3.03742 6.77461 22.1374
165 6.58 0.743668 3.07838 0.814102 3.09332 6.92114 22.6126
166 6.62 0.747028 3.1297 0.818084 3.15017 6.82571 23.087
167 6.66 0.750419 3.18188 0.829288 3.2085 6.89941 23.5723
168 6.7 0.753595 3.23491 0.838459 3.26819 7.0197 24.072
169 6.74 0.762713 3.28923 0.843234 3.32894 6.83085 24.5641
170 6.78 0.767852 3.34456 0.859037 3.39156 6.98298 25.0731
171 6.82 0.767056 3.40049 0.862112 3.45515 6.91176 25.5829
172 6.86 0.778032 3.45789 0.865746 3.51976 6.93313 26.1003
173 6.9 0.780737 3.51616 0.875603 3.58586 6.79163 26.6131
174 6.94 0.790423 3.57584 0.867595 3.65213 6.85217 27.1364
175 6.98 0.804627 3.6373 0.875895 3.7198 6.84791 27.6655
176 7.02 0.806905 3.69963 0.874862 3.78817 6.77175 28.1947
177 7.06 0.812892 3.76315 0.864422 3.8565 6.81203 28.7332
178 7.1 0.802512 3.82657 0.867078 3.92581 6.80186 29.2769
179 7.14 0.82625 3.8926 0.870764 3.99621 6.67771 29.8168
180 7.18 0.819924 3.95886 0.868157 4.06718 6.65313 30.3607
181 7.22 0.82468 4.02626 0.870683 4.13916 6.67959 30.9128
182 7.26 0.825175 4.09444 0.860319 4.21106 6.60927 31.4653
183 7.3 0.832481 4.16398 0.863024 4.284 6.61508 32.0243
184 7.34 0.8237 4.23355 0.86568 4.35796 6.57329 32.5859
185 7.38 0.830721 4.30448 0.858009 4.43206 6.48323 33.1458
186 7.42 0.835483 4.37659 0.859609 4.50711 6.48387 33.7119
187 7.46 0.835987 4.44952 0.854729 4.58255 6.38026 34.275
188 7.5 0.837837 4.5234 0.853533 4.65868 6.2994 34.8369
189 7.54 0.83133 4.59749 0.844291 4.7348 6.3655 35.4108
190 7.58 0.829304 4.67219 0.839663 4.8113 6.21197 35.9768
191 7.62 0.82876 4.74763 0.829987 4.88773 6.13161 36.5414
192 7.66 0.84067 4.82496 0.838864 4.96578 6.03658 37.1031
193 7.7 0.835875 4.90265 0.827095 5.04355 5.91003 37.6588
194 7.74 0.836195 4.98118 0.828134 5.12222 5.94764 38.2238
195 7.78 0.847856 5.06163 0.820828 5.20101 5.86224 38.7865
196 7.82 0.834622 5.14164 0.817277 5.28027 5.8747 39.3562
197 7.86 0.84144 5.22313 0.820499 5.36065 5.79405 39.9238
198 7.9 0.838206 5.30514 0.806454 5.44047 5.74689 40.4926
199 7.94 0.836698 5.38783 0.804201 5.52087 5.72774 41.0652
200 7.98 0.832927 5.47098 0.801634 5.60182 5.68189 41.639
40000 200
1 0.02 0 0 0 0 0 0
2 0.06 0 0 0 0 0 0
3 0.1 0 0 0 0 0 0
4 0.14 0 0 0 0 0 0
5 0.18 0 0 0 0 0 0
6 0.22 0 0 0 0 0 0
7 0.26 0 0 0 0 0 0
8 0.3 0 0 0 0 0 0
9 0.34 0 0 0 0 0 0
10 0.38 0 0 0 0 0 0
11 0.42 0 0 0 0 0 0
12 0.46 0 0 0 0 0 0
13 0.5 0 0 0 0 0 0
14 0.54 0 0 0 0 0 0
15 0.58 0 0 0 0 0 0
16 0.62 0 0 0 0 0 0
17 0.66 0 0 0 0 0 0
18 0.7 0 0 0 0 0 0
19 0.74 0 0 0 0 0 0
20 0.78 0 0 0 0 0 0
21 0.82 0 0 0 0 0 0
22 0.86 0 0 0 0 0 0
23 0.9 0 0 0 0 0 0
24 0.94 0 0 0 0 0 0
25 0.98 0 0 0 0 0 0
26 1.02 0 0 0 0 0 0
27 1.06 0 0 0 0 0 0
28 1.1 0 0 0 0 0 0
29 1.14 0 0 0 0 0 0
30 1.18 0 0 0 0 0 0
31 1.22 0 0 0 0 0 0
32 1.26 0 0 0 0 0 0
33 1.3 0 0 0 0 0 0
34 1.34 0 0 0 0 0 0
35 1.38 0 0 0 0 0 0
36 1.42 0 0 0 0 0 0
37 1.46 0 0 0 0 0 0
38 1.5 0 0 0 0 0 0
39 1.54 0 0 0 0 0 0
40 1.58 0 0 0 0 0 0
41 1.62 0 0 0 0 0 0
42 1.66 0 0 0 0 0.272261 0.00119009
43 1.7 0 0 0 0 8.52511 0.0402702
44 1.74 0 0 0 0 53.3802 0.296623
45 1.78 0 0 0 0 125.504 0.927372
46 1.82 0 0 0 0 143.776 1.68279
47 1.86 0 0 0 0 105.105 2.25957
48 1.9 0 0 0 0 58.3566 2.59373
49 1.94 0 0 0 0 28.7499 2.76536
50 1.98 0 0 0 0 13.5103 2.84937
51 2.02 0 0 0 0 6.29158 2.89009
52 2.06 0 0 0 0 3.2446 2.91193
53 2.1 0 0 0 0 1.69672 2.9238
54 2.14 0 0 0.000260725 1.89394e-06 1.12468 2.93197
55 2.18 0 0 0.0030147 2.46212e-05 0.763773 2.93773
56 2.22 0 0 0.0125977 0.000123106 0.506098 2.94169
57 2.26 0 0 0.0516644 0.000541667 0.416865 2.94506
58 2.3 0.000228327 1.89394e-06 0.153936 0.00183333 0.344999 2.94796
59 2.34 0.000661872 7.57576e-06 0.368091 0.0050303 0.303687 2.9506
60 2.38 0.00106633 1.70455e-05 0.716705 0.0114697 0.336518 2.95362
61 2.42 0.00763124 8.71212e-05 1.21474 0.0227538 0.349721 2.95687
62 2.46 0.0305374 0.000376894 1.77854 0.0398258 0.331748 2.96005
63 2.5 0.0974022 0.00133144 2.24058 0.0620379 0.476934 2.96478
64 2.54 0.252743 0.00388826 2.56293 0.0882652 0.660065 2.97153
65 2.58 0.524778 0.00936553 2.76965 0.117508 0.819499 2.98019
66 2.62 0.91007 0.019161 2.69372 0.146837 1.12847 2.99247
67 2.66 1.39929 0.0346856 2.52591 0.175186 1.18934 3.00582
68 2.7 1.86812 0.0560398 2.32305 0.202047 1.22393 3.01997
69 2.74 2.28104 0.082892 2.07314 0.226735 1.33159 3.03583
70 2.78 2.56799 0.114011 1.80641 0.248879 1.18337 3.05034
71 2.82 2.71635 0.147883 1.5758 0.268756 1.0047 3.06301
72 2.86 2.69346 0.182428 1.36504 0.286466 1.02886 3.07636
73 2.9 2.52273 0.215695 1.21037 0.302612 0.921072 3.08865
74 2.94 2.3 0.246867 1.06493 0.317212 0.828157 3.1
75 2.98 2.07477 0.275758 0.951558 0.330616 0.888283 3.11251
76 3.02 1.82152 0.301807 0.846919 0.342867 0.878255 3.12522
77 3.06 1.58355 0.325057 0.780418 0.354458 0.968031 3.13959
78 3.1 1.41036 0.346309 0.710337 0.365286 1.06774 3.15587
79 3.14 1.2198 0.365167 0.67637 0.375864 1.10034 3.17308
80 3.18 1.07846 0.382267 0.628171 0.385939 1.16505 3.19177
81 3.22 0.966098 0.397973 0.597227 0.395761 1.28104 3.21283
82 3.26 0.859907 0.412303 0.592329 0.405746 1.45588 3.23738
83 3.3 0.769639 0.425445 0.554588 0.415326 1.61819 3.26533
84 3.34 0.737783 0.43835 0.552732 0.425106 1.88866 3.29875
85 3.38 0.689132 0.450695 0.534711 0.434795 2.05546 3.33599
86 3.42 0.653795 0.462686 0.542079 0.444852 2.35264 3.37964
87 3.46 0.616467 0.474258 0.554155 0.455375 2.88639 3.43445
88 3.5 0.623362 0.486231 0.555108 0.466161 3.11544 3.49498
89 3.54 0.628052 0.498572 0.58332 0.477756 3.4985 3.56452
90 3.58 0.610889 0.510848 0.600636 0.489966 3.87172 3.64323
91 3.62 0.633136 0.523858 0.625251 0.502962 4.12553 3.72898
92 3.66 0.643537 0.537375 0.627793 0.516301 4.44608 3.82345
93 3.7 0.667374 0.551701 0.655112 0.530527 4.88075 3.92943
94 3.74 0.713536 0.56735 0.668234 0.545352 5.01901 4.04078
95 3.78 0.757268 0.584316 0.708321 0.561405 5.01551 4.15445
96 3.82 0.774601 0.60204 0.731856 0.578345 5.11255 4.27279
97 3.86 0.821053 0.621222 0.749302 0.596053 5.33655 4.39891
98 3.9 0.867111 0.641902 0.769814 0.614625 5.18758 4.52406
99 3.94 0.901652 0.663848 0.797569 0.634263 4.99919 4.64715
100 3.98 0.946296 0.687352 0.814782 0.654735 4.76482 4.76687
101 4.02 0.968966 0.711905 0.846895 0.676443 4.69683 4.88726
102 4.06 0.996717 0.737667 0.84927 0.698648 4.494 5.00476
103 4.1 1.00913 0.764265 0.861549 0.721619 4.34038 5.12049
104 4.14 1.0184 0.791634 0.8904 0.745826 4.2936 5.23721
105 4.18 1.00896 0.819277 0.902213 0.77083 4.206 5.35378
106 4.22 1.00641 0.847379 0.927096 0.797017 4.42045 5.47864
107 4.26 0.984732 0.8754 0.931087 0.823818 4.46521 5.60717
108 4.3 0.959249 0.90321 0.96499 0.852119 4.84972 5.7494
109 4.34 0.922345 0.930451 0.982847 0.881483 5.14619 5.90315
110 4.38 0.904061 0.957646 1.02124 0.912559 5.41942 6.06806
111 4.42 0.885177 0.984761 1.04037 0.944797 5.66838 6.24371
112 4.46 0.877749 1.01214 1.06279 0.97833 5.83533 6.42782
113 4.5 0.85297 1.03922 1.09275 1.01343 6.21675 6.6275
114 4.54 0.865373 1.06719 1.11981 1.05004 6.38905 6.83638
115 4.58 0.862124 1.09555 1.13961 1.08795 6.70907 7.0596
116 4.62 0.872619 1.12475 1.12477 1.12603 6.72171 7.28717
117 4.66 0.877113 1.15462 1.12429 1.16476 7.01022 7.52863
118 4.7 0.890187 1.18545 1.09783 1.20323 7.33479 7.78562
119 4.74 0.903828 1.21729 1.07864 1.24166 7.21965 8.04291
120 4.78 0.90584 1.24974 1.04734 1.27962 7.27594 8.30659
121 4.82 0.919721 1.28325 1.0124 1.31693 7.25343 8.57388
122 4.86 0.919578 1.3173 0.996155 1.35425 7.41097 8.85153
123 4.9 0.938181 1.35262 0.981003 1.39161 7.34621 9.1313
124 4.94 0.933837 1.38836 0.964104 1.42893 7.46206 9.42014
125 4.98 0.932393 1.42461 0.953638 1.46644 7.42361 9.71216
126 5.02 0.936713 1.46163 0.936416 1.50387 7.49168 10.0116
127 5.06 0.914322 1.49833 0.929365 1.54161 7.25486 10.3062
128 5.1 0.926597 1.53612 0.911262 1.57921 7.40662 10.6118
129 5.14 0.921421 1.57429 0.91336 1.61748 7.24648 10.9155
130 5.18 0.903014 1.61229 0.897084 1.65566 7.07533 11.2166
131 5.22 0.893128 1.65045 0.878613 1.69363 6.80878 11.5109
132 5.26 0.872744 1.68831 0.862364 1.73148 6.55832 11.7987
133 5.3 0.881549 1.72713 0.843743 1.76907 6.41349 12.0844
134 5.34 0.85742 1.76547 0.827425 1.8065 6.14423 12.3623
135 5.38 0.851857 1.80413 0.804728 1.84344 5.94604 12.6353
136 5.42 0.841835 1.84291 0.8046 1.88093 5.75917 12.9037
137 5.46 0.816256 1.88106 0.783724 1.91799 5.58668 13.1678
138 5.5 0.809579 1.91946 0.7756 1.9552 5.50771 13.4321
139 5.54 0.803205 1.95812 0.754016 1.99191 5.38157 13.6941
140 5.58 0.792468 1.99681 0.732852 2.0281 5.25192 13.9535
141 5.62 0.775719 2.03522 0.730775 2.06471 5.2166 14.2148
142 5.66 0.771505 2.07398 0.713773 2.10098 5.19062 14.4785
143 5.7 0.750603 2.11222 0.711983 2.13767 5.21661 14.7474
144 5.74 0.751177 2.15102 0.690099 2.17374 5.19895 15.0191
145 5.78 0.750072 2.19031 0.680796 2.20981 5.12969 15.2909
146 5.82 0.739868 2.22961 0.668721 2.24574 5.02169 15.5607
147 5.86 0.740214 2.26947 0.679687 2.28276 5.09804 15.8384
148 5.9 0.731911 2.30941 0.678528 2.32023 5.13052 16.1216
149 5.94 0.729649 2.34978 0.676867 2.35811 5.18465 16.4118
150 5.98 0.731543 2.3908 0.679695 2.39666 5.27372 16.7109
151 6.02 0.739016 2.4328 0.680609 2.43578 5.39747 17.0212
152 6.06 0.735413 2.47514 0.690352 2.476 5.68871 17.3526
153 6.1 0.733462 2.51794 0.692879 2.51689 5.72823 17.6906
154 6.14 0.7314 2.56117 0.690184 2.55816 5.83189 18.0394
155 6.18 0.726803 2.6047 0.696847 2.60038 5.92392 18.3982
156 6.22 0.733595 2.6492 0.70563 2.64368 6.10059 18.7726
157 6.26 0.731707 2.69416 0.720102 2.68844 6.1802 19.1567
158 6.3 0.736415 2.73999 0.719651 2.73374 6.2624 19.551
159 6.34 0.739532 2.7866 0.74206 2.78105 6.38442 19.958
160 6.38 0.741384 2.83391 0.751118 2.82955 6.61447 20.3851
161 6.42 0.747594 2.88223 0.771857 2.88001 6.51706 20.8111
162 6.46 0.735265 2.93034 0.775777 2.93136 6.60667 21.2484
163 6.5 0.741139 2.97944 0.782197 2.98377 6.67009 21.6954
164 6.54 0.743144 3.02928 0.793597 3.03761 6.72482 22.1517
165 6.58 0.737679 3.07936 0.811444 3.09334 6.82318 22.6202
166 6.62 0.754534 3.13121 0.823003 3.15055 6.91122 23.1006
167 6.66 0.748001 3.18323 0.836757 3.20942 6.87465 23.5843
168 6.7 0.755916 3.23644 0.844671 3.26956 6.8258 24.0703
169 6.74 0.758296 3.29045 0.850523 3.33084 6.90123 24.5676
170 6.78 0.761776 3.34536 0.841998 3.39223 6.95417 25.0746
171 6.82 0.781121 3.40232 0.864677 3.45603 7.0084 25.5917
172 6.86 0.774015 3.45944 0.864238 3.52054 6.92908 26.1089
173 6.9 0.787621 3.51823 0.871627 3.58636 6.91328 26.6309
174 6.94 0.785916 3.57759 0.871304 3.65292 6.86878 27.1557
175 6.98 0.796423 3.63843 0.874482 3.7205 6.78738 27.6802
176 7.02 0.806343 3.70073 0.863016 3.78796 6.82213 28.2134
177 7.06 0.809807 3.76402 0.874705 3.85711 6.79756 28.7509
178 7.1 0.809265 3.82799 0.86862 3.92656 6.70789 29.2872
179 7.14 0.822897 3.89377 0.866856 3.99666 6.74793 29.8328
180 7.18 0.813916 3.95956 0.859937 4.06697 6.68553 30.3795
181 7.22 0.822234 4.02677 0.870521 4.13895 6.63499 30.9281
182 7.26 0.826077 4.09504 0.863809 4.21117 6.54745 31.4755
183 7.3 0.828993 4.16431 0.8686 4.28459 6.54517 32.0287
184 7.34 0.831889 4.23458 0.862901 4.35832 6.57981 32.591
185 7.38 0.830368 4.30549 0.862233 4.43281 6.44683 33.1479
186 7.42 0.830873 4.37722 0.86038 4.50795 6.4206 33.7086
187 7.46 0.835901 4.45016 0.858215 4.5837 6.43612 34.2767
188 7.5 0.831324 4.52348 0.846474 4.65922 6.39363 34.8472
189 7.54 0.839757 4.59834 0.851483 4.73601 6.28067 35.4135
190 7.58 0.833966 4.67348 0.843331 4.81286 6.13796 35.9729
191 7.62 0.838651 4.74983 0.835344 4.8898 6.17707 36.5418
192 7.66 0.839219 4.82704 0.834273 4.96744 6.09163 37.1087
193 7.7 0.83535 4.9047 0.834388 5.04591 6.06544 37.6792
194 7.74 0.840289 4.98363 0.824771 5.12428 5.90105 38.2399
195 7.78 0.831772 5.06257 0.818108 5.20282 5.88573 38.805
196 7.82 0.83458 5.1426 0.818739 5.28224 5.82437 39.3699
197 7.86 0.842592 5.22422 0.813809 5.36198 5.79969 39.9382
198 7.9 0.840426 5.30646 0.811885 5.44235 5.77977 40.5104
199 7.94 0.834683 5.38897 0.810926 5.52344 5.5885 41.0692
200 7.98 0.832121 5.47206 0.802269 5.60448 5.69058 41.644
41000 200
1 0.02 0 0 0 0 0 0
2 0.06 0 0 0 0 0 0
3 0.1 0 0 0 0 0 0
4 0.14 0 0 0 0 0 0
5 0.18 0 0 0 0 0 0
6 0.22 0 0 0 0 0 0
7 0.26 0 0 0 0 0 0
8 0.3 0 0 0 0 0 0
9 0.34 0 0 0 0 0 0
10 0.38 0 0 0 0 0 0
11 0.42 0 0 0 0 0 0
12 0.46 0 0 0 0 0 0
13 0.5 0 0 0 0 0 0
14 0.54 0 0 0 0 0 0
15 0.58 0 0 0 0 0 0
16 0.62 0 0 0 0 0 0
17 0.66 0 0 0 0 0 0
18 0.7 0 0 0 0 0 0
19 0.74 0 0 0 0 0 0
20 0.78 0 0 0 0 0 0
21 0.82 0 0 0 0 0 0
22 0.86 0 0 0 0 0 0
23 0.9 0 0 0 0 0 0
24 0.94 0 0 0 0 0 0
25 0.98 0 0 0 0 0 0
26 1.02 0 0 0 0 0 0
27 1.06 0 0 0 0 0 0
28 1.1 0 0 0 0 0 0
29 1.14 0 0 0 0 0 0
30 1.18 0 0 0 0 0 0
31 1.22 0 0 0 0 0 0
32 1.26 0 0 0 0 0 0
33 1.3 0 0 0 0 0 0
34 1.34 0 0 0 0 0 0
35 1.38 0 0 0 0 0 0
36 1.42 0 0 0 0 0 0
37 1.46 0 0 0 0 0 0
38 1.5 0 0 0 0 0 0
39 1.54 0 0 0 0 0 0
40 1.58 0 0 0 0 0 0
41 1.62 0 0 0 0 0 0
42 1.66 0 0 0 0 0.257503 0.00112576
43 1.7 0 0 0 0 8.36225 0.0394661
44 1.74 0 0 0 0 52.8351 0.293245
45 1.78 0 0 0 0 127.088 0.932068
46 1.82 0 0 0 0 143.739 1.68742
47 1.86 0 0 0 0 104.407 2.26047
48 1.9 0 0 0 0 57.9926 2.5926
49 1.94 0 0 0 0 28.5455 2.76304
50 1.98 0 0 0 0 13.2443 2.84542
51 2.02 0 0 0 0 6.75251 2.88913
52 2.06 0 0 0 0 3.41123 2.91209
53 2.1 0 0 0 0 1.78838 2.92461
54 2.14 0 0 0 0 1.23075 2.93355
55 2.18 0 0 0.00276315 2.08333e-05 0.703917 2.93885
56 2.22 0 0 0.0116267 0.000111742 0.485435 2.94265
57 2.26 0 0 0.0453452 0.000479167 0.337408 2.94538
58 2.3 0 0 0.154587 0.00177652 0.352611 2.94834
59 2.34 0 0 0.366282 0.00495833 0.33325 2.95124
60 2.38 0.000426325 3.78788e-06 0.728174 0.0115019 0.329306 2.9542
61 2.42 0.00659894 6.43939e-05 1.22391 0.0228731 0.294271 2.95693
62 2.46 0.0313304 0.000361742 1.77311 0.0398958 0.415439 2.96092
63 2.5 0.0977714 0.00132008 2.25299 0.0622348 0.470367 2.96558
64 2.54 0.25289 0.00387879 2.56082 0.0884451 0.593947 2.97166
65 2.58 0.524321 0.00935227 2.75033 0.117489 0.779744 2.9799
66 2.62 0.915891 0.0192121 2.68022 0.146676 1.07806 2.99164
67 2.66 1.39103 0.0346477 2.5663 0.175483 1.21209 3.00524
68 2.7 1.85306 0.0558333 2.29906 0.202072 1.27934 3.02004
69 2.74 2.30798 0.0830076 2.04288 0.226403 1.30707 3.03561
70 2.78 2.54847 0.113896 1.77938 0.24822 1.24613 3.05088
71 2.82 2.68535 0.147386 1.58409 0.268205 1.01216 3.06365
72 2.86 2.67765 0.181735 1.39034 0.286246 0.936952 3.07581
73 2.9 2.54225 0.215265 1.20448 0.302316 0.949841 3.08849
74 2.94 2.29848 0.246422 1.06889 0.316973 0.877278 3.10051
75 2.98 2.0808 0.275402 0.958118 0.330472 0.840184 3.11235
76 3.02 1.83273 0.301616 0.865227 0.342991 0.924783 3.12573
77 3.06 1.59076 0.324975 0.775947 0.354517 0.937567 3.13966
78 3.1 1.39893 0.346059 0.706736 0.365292 1.12872 3.15687
79 3.14 1.23453 0.365148 0.676373 0.375871 0.962381 3.17192
80 3.18 1.07147 0.38214 0.629241 0.385966 1.12276 3.18993
81 3.22 0.942981 0.397473 0.601383 0.395858 1.40011 3.21296
82 3.26 0.872141 0.412009 0.573912 0.405534 1.38693 3.23635
83 3.3 0.798119 0.42564 0.566221 0.415316 1.6272 3.26446
84 3.34 0.724342 0.438312 0.547393 0.425004 1.89381 3.29797
85 3.38 0.683832 0.450564 0.551546 0.435 2.0409 3.33496
86 3.42 0.659669 0.462665 0.536372 0.444953 2.48228 3.38102
87 3.46 0.635224 0.474591 0.564828 0.45568 2.80964 3.43438
88 3.5 0.628873 0.486672 0.567685 0.466712 3.05694 3.49379
89 3.54 0.613293 0.498725 0.574552 0.478134 3.54322 3.56423
90 3.58 0.613423 0.511055 0.588425 0.490098 3.79353 3.64136
91 3.62 0.620035 0.523797 0.618128 0.502949 4.29959 3.73075
92 3.66 0.651451 0.537483 0.628756 0.516311 4.5906 3.8283
93 3.7 0.682783 0.552142 0.644008 0.530297 4.61332 3.9285
94 3.74 0.706938 0.56765 0.677763 0.545337 4.83405 4.03577
95 3.78 0.75443 0.584555 0.691319 0.561008 5.10122 4.1514
96 3.82 0.766191 0.602089 0.734186 0.578004 5.25061 4.27295
97 3.86 0.825124 0.621369 0.766161 0.596114 5.25123 4.39707
98 3.9 0.869983 0.642121 0.768422 0.614655 5.1254 4.52075
99 3.94 0.906393 0.664187 0.790969 0.634134 5.07671 4.64577
100 3.98 0.945599 0.687678 0.819087 0.654718 4.91501 4.76928
101 4.02 0.954899 0.711879 0.829167 0.675975 4.70226 4.88984
102 4.06 0.986947 0.737392 0.853543 0.698295 4.46619 5.00663
103 4.1 1.01527 0.764157 0.858345 0.721186 4.28055 5.12078
104 4.14 1.00942 0.79129 0.885165 0.745254 4.29285 5.2375
105 4.18 1.01348 0.819061 0.914834 0.770612 4.20181 5.35397
106 4.22 0.99565 0.846867 0.924188 0.796722 4.37185 5.47748
107 4.26 0.981035 0.874788 0.934413 0.823623 4.4555 5.60576
108 4.3 0.959014 0.902597 0.976315 0.852261 4.78199 5.74603
109 4.34 0.932122 0.930131 0.984834 0.881689 5.10008 5.89842
110 4.38 0.900883 0.957235 1.02772 0.912968 5.52414 6.06655
111 4.42 0.89578 0.98468 1.04166 0.945252 5.65397 6.24178
112 4.46 0.878568 1.01209 1.07767 0.979259 5.87 6.42702
113 4.5 0.86308 1.0395 1.1027 1.01468 6.09751 6.6229
114 4.54 0.859245 1.06727 1.10056 1.05067 6.39384 6.83197
115 4.58 0.869518 1.09588 1.12171 1.088 6.68956 7.05458
116 4.62 0.867432 1.12491 1.10825 1.12552 6.82596 7.28572
117 4.66 0.87062 1.15456 1.12152 1.16416 7.05006 7.52859
118 4.7 0.893424 1.18551 1.09321 1.20247 7.14078 7.77884
119 4.74 0.890288 1.21688 1.0682 1.24055 7.27434 8.03812
120 4.78 0.912765 1.24959 1.05614 1.27883 7.15399 8.29743
121 4.82 0.916391 1.28298 1.02815 1.31672 7.31674 8.5671
122 4.86 0.931843 1.31749 0.995982 1.35404 7.38137 8.84368
123 4.9 0.939529 1.35287 0.981975 1.39145 7.42685 9.12657
124 4.94 0.926948 1.38834 0.96325 1.42874 7.44832 9.41492
125 4.98 0.936999 1.42479 0.959056 1.46647 7.48773 9.70952
126 5.02 0.924954 1.46134 0.933507 1.50379 7.48311 10.0087
127 5.06 0.914587 1.49807 0.933818 1.54172 7.51495 10.3139
128 5.1 0.918916 1.53555 0.920378 1.5797 7.265 10.6137
129 5.14 0.913581 1.5734 0.906558 1.61769 7.18387 10.9148
130 5.18 0.90385 1.61144 0.885581 1.65539 7.05669 11.2152
131 5.22 0.893462 1.64962 0.883543 1.69358 6.90136 11.5135
132 5.26 0.893238 1.68837 0.870156 1.73178 6.60187 11.8033
133 5.3 0.869704 1.72669 0.844235 1.7694 6.33008 12.0854
134 5.34 0.85956 1.76512 0.836197 1.80723 6.01946 12.3577
135 5.38 0.85392 1.80389 0.808548 1.84435 5.90927 12.629
136 5.42 0.840044 1.84259 0.789507 1.88115 5.75544 12.8972
137 5.46 0.82774 1.88129 0.784107 1.91823 5.58165 13.1612
138 5.5 0.811712 1.91979 0.763193 1.95485 5.64482 13.4321
139 5.54 0.800902 1.95834 0.748946 1.99132 5.31523 13.6909
140 5.58 0.789576 1.9969 0.743306 2.02804 5.28552 13.952
141 5.62 0.776427 2.03536 0.728265 2.06453 5.20991 14.213
142 5.66 0.761118 2.07359 0.715327 2.10088 5.23211 14.4789
143 5.7 0.755304 2.11208 0.707893 2.13737 5.17266 14.7455
144 5.74 0.750607 2.15086 0.692554 2.17357 5.09343 15.0118
145 5.78 0.741409 2.18971 0.681538 2.20969 4.97705 15.2756
146 5.82 0.740882 2.22906 0.676041 2.24602 5.13216 15.5513
147 5.86 0.739731 2.2689 0.674492 2.28276 5.20403 15.8348
148 5.9 0.737822 2.30918 0.674947 2.32003 5.19139 16.1215
149 5.94 0.737397 2.34998 0.680876 2.35814 5.18087 16.4115
150 5.98 0.735401 2.39123 0.685187 2.39702 5.27848 16.711
151 6.02 0.732959 2.43288 0.675385 2.43584 5.44187 17.0238
152 6.06 0.736207 2.47528 0.677356 2.47531 5.54858 17.3471
153 6.1 0.730347 2.5179 0.680022 2.51545 5.67385 17.682
154 6.14 0.737744 2.56152 0.697474 2.55716 5.88091 18.0337
155 6.18 0.728256 2.60514 0.713325 2.60038 6.00834 18.3978
156 6.22 0.726475 2.64922 0.71171 2.64406 6.14932 18.7752
157 6.26 0.738823 2.69462 0.719733 2.68881 6.16618 19.1585
158 6.3 0.733517 2.74028 0.726414 2.73455 6.33078 19.5572
159 6.34 0.736761 2.78672 0.735217 2.78143 6.36111 19.9628
160 6.38 0.73841 2.83386 0.753977 2.83012 6.4056 20.3764
161 6.42 0.748664 2.88225 0.757503 2.87965 6.56217 20.8055
162 6.46 0.744512 2.93098 0.777615 2.93113 6.60748 21.2429
163 6.5 0.745069 2.98034 0.788165 2.98396 6.58881 21.6846
164 6.54 0.733442 3.02954 0.798122 3.03811 6.77059 22.144
165 6.58 0.738136 3.07966 0.810395 3.09377 6.85381 22.6147
166 6.62 0.744261 3.13081 0.821362 3.15088 6.79624 23.0872
167 6.66 0.73916 3.18223 0.827485 3.20911 6.93928 23.5755
168 6.7 0.761298 3.23582 0.831519 3.26832 6.87701 24.0653
169 6.74 0.757075 3.28976 0.854449 3.3299 6.98082 24.5683
170 6.78 0.765035 3.34491 0.852447 3.39206 6.92384 25.0733
171 6.82 0.770263 3.40109 0.860035 3.45552 6.9174 25.5837
172 6.86 0.779501 3.45862 0.863683 3.52 6.91365 26.0998
173 6.9 0.784899 3.51723 0.870424 3.58575 6.86866 26.6186
174 6.94 0.792626 3.5771 0.880124 3.65299 6.91514 27.147
175 6.98 0.794946 3.63784 0.865606 3.7199 6.82198 27.6743
176 7.02 0.807477 3.70024 0.865702 3.78758 6.80411 28.2062
177 7.06 0.815096 3.76395 0.865575 3.85602 6.79271 28.7433
178 7.1 0.815807 3.82845 0.869844 3.92558 6.76668 29.2845
179 7.14 0.811453 3.89332 0.864013 3.99546 6.82587 29.8365
180 7.18 0.820243 3.95964 0.869258 4.06655 6.64306 30.3798
181 7.22 0.816112 4.02636 0.861117 4.13776 6.59496 30.9252
182 7.26 0.830218 4.09498 0.878087 4.21119 6.61864 31.4786
183 7.3 0.824589 4.16389 0.867797 4.28455 6.55164 32.0325
184 7.34 0.836519 4.23457 0.86253 4.35827 6.46725 32.5852
185 7.38 0.826832 4.3052 0.867148 4.43319 6.4513 33.1427
186 7.42 0.82678 4.37658 0.865715 4.50881 6.45891 33.7068
187 7.46 0.831436 4.44915 0.853883 4.58419 6.44012 34.2754
188 7.5 0.836911 4.52297 0.855177 4.66051 6.25843 34.8338
189 7.54 0.832156 4.59717 0.839451 4.73622 6.29812 35.4019
190 7.58 0.84059 4.67291 0.836807 4.81249 6.15702 35.9631
191 7.62 0.841146 4.7495 0.841409 4.89 6.16762 36.5312
192 7.66 0.839795 4.82678 0.832421 4.96748 6.10232 37.0992
193 7.7 0.834534 4.90438 0.829211 5.04548 6.09208 37.6722
194 7.74 0.843611 4.98363 0.825941 5.12397 5.90779 38.2337
195 7.78 0.828254 5.06226 0.818558 5.20257 5.9219 38.8023
196 7.82 0.84348 5.14315 0.81938 5.28206 5.82234 39.3672
197 7.86 0.841134 5.22464 0.81079 5.36153 5.84825 39.9404
198 7.9 0.83376 5.30625 0.811343 5.44186 5.69334 40.5041
199 7.94 0.82724 5.38803 0.812013 5.52307 5.62195 41.0663
200 7.98 0.836795 5.4716 0.804755 5.60437 5.72717 41.6449
42000 200
1 0.02 0 0 0 0 0 0
2 0.06 0 0 0 0 0 0
3 0.1 0 0 0 0 0 0
4 0.14 0 0 0 0 0 0
5 0.18 0 0 0 0 0 0
6 0.22 0 0 0 0 0 0
7 0.26 0 0 0 0 0 0
8 0.3 0 0 0 0 0 0
9 0.34 0 0 0 0 0 0
10 0.38 0 0 0 0 0 0
11 0.42 0 0 0 0 0 0
12 0.46 0 0 0 0 0 0
13 0.5 0 0 0 0 0 0
14 0.54 0 0 0 0 0 0
15 0.58 0 0 0 0 0 0
16 0.62 0 0 0 0 0 0
17 0.66 0 0 0 0 0 0
18 0.7 0 0 0 0 0 0
19 0.74 0 0 0 0 0 0
20 0.78 0 0 0 0 0 0
21 0.82 0 0 0 0 0 0
22 0.86 0 0 0 0 0 0
23 0.9 0 0 0 0 0 0
24 0.94 0 0 0 0 0 0
25 0.98 0 0 0 0 0 0
26 1.02 0 0 0 0 0 0
27 1.06 0 0 0 0 0 0
28 1.1 0 0 0 0 0 0
29 1.14 0 0 0 0 0 0
30 1.18 0 0 0 0 0 0
31 1.22 0 0 0 0 0 0
32 1.26 0 0 0 0 0 0
33 1.3 0 0 0 0 0 0
34 1.34 0 0 0 0 0 0
35 1.38 0 0 0 0 0 0
36 1.42 0 0 0 0 0 0
37 1.46 0 0 0 0 0 0
38 1.5 0 0 0 0 0 0
39 1.54 0 0 0 0 0 0
40 1.58 0 0 0 0 0 0
41 1.62 0 0 0 0 0 0
42 1.66 0 0 0 0 0.220674 0.00096494
43 1.7 0 0 0 0 7.84835 0.0369572
44 1.74 0 0 0 0 54.1619 0.29717
45 1.78 0 0 0 0 125.089 0.926086
46 1.82 0 0 0 0 144.593 1.6861
47 1.86 0 0 0 0 103.909 2.25655
48 1.9 0 0 0 0 58.4567 2.59141
49 1.94 0 0 0 0 28.9483 2.7643
50 1.98 0 0 0 0 13.3859 2.84757
51 2.02 0 0 0 0 6.57708 2.89016
52 2.06 0 0 0 0 3.25756 2.91209
53 2.1 0 0 0 0 1.93964 2.92567
54 2.14 0 0 0.00130328 9.4697e-06 1.02684 2.93313
55 2.18 0 0 0.00150678 2.08333e-05 0.682444 2.93828
56 2.22 0 0 0.0118659 0.000113636 0.468882 2.94194
57 2.26 0 0 0.0500065 0.000518939 0.416686 2.94532
58 2.3 0 0 0.141238 0.00170455 0.321877 2.94802
59 2.34 0.000441077 3.78788e-06 0.359007 0.00482386 0.359087 2.95114
60 2.38 0.000852472 1.13636e-05 0.745911 0.0115284 0.271943 2.95359
61 2.42 0.00845286 8.90152e-05 1.23036 0.0229621 0.294207 2.95632
62 2.46 0.0263348 0.000339015 1.73522 0.039625 0.378482 2.95995
63 2.5 0.0981356 0.00130114 2.27691 0.0622064 0.502693 2.96494
64 2.54 0.253207 0.00386364 2.57335 0.0885511 0.666099 2.97176
65 2.58 0.52801 0.00937689 2.73464 0.117436 0.813066 2.98035
66 2.62 0.90583 0.0191307 2.70602 0.146911 1.06602 2.99196
67 2.66 1.39498 0.0346136 2.51442 0.175142 1.29772 3.00653
68 2.7 1.90446 0.056392 2.33128 0.20211 1.26238 3.02113
69 2.74 2.29845 0.0834602 2.09153 0.227027 1.43095 3.03818
70 2.78 2.58834 0.114839 1.77279 0.248767 1.19602 3.05285
71 2.82 2.71919 0.148759 1.59453 0.268888 1.00428 3.06552
72 2.86 2.6664 0.182972 1.37061 0.286678 0.884694 3.077
73 2.9 2.50145 0.215972 1.22109 0.302973 0.894195 3.08894
74 2.94 2.3249 0.247494 1.03523 0.317172 0.804376 3.09997
75 2.98 2.01015 0.275496 0.947817 0.330528 0.853671 3.112
76 3.02 1.82688 0.301633 0.866599 0.34307 0.911246 3.12518
77 3.06 1.58202 0.324869 0.774879 0.354583 0.948145 3.13927
78 3.1 1.41481 0.346197 0.713154 0.365458 1.00822 3.15465
79 3.14 1.21539 0.364994 0.667256 0.375898 1.12046 3.17218
80 3.18 1.09235 0.382322 0.621779 0.385875 1.22476 3.19183
81 3.22 0.952892 0.39782 0.605501 0.395837 1.31181 3.21341
82 3.26 0.861836 0.412188 0.580852 0.405633 1.4133 3.23725
83 3.3 0.792613 0.425727 0.564998 0.415396 1.63426 3.26549
84 3.34 0.724393 0.438403 0.546837 0.425076 1.84069 3.29807
85 3.38 0.692868 0.45082 0.548596 0.435021 2.11316 3.33638
86 3.42 0.65941 0.462919 0.548592 0.445203 2.39331 3.3808
87 3.46 0.622567 0.47461 0.562008 0.455879 2.78024 3.43361
88 3.5 0.628133 0.48668 0.561121 0.466786 3.17867 3.4954
89 3.54 0.604287 0.498559 0.579089 0.478301 3.50195 3.56504
90 3.58 0.617895 0.510981 0.591917 0.490339 3.93338 3.64503
91 3.62 0.634813 0.52403 0.609883 0.503021 4.04643 3.72917
92 3.66 0.653826 0.537769 0.619165 0.516182 4.49274 3.82467
93 3.7 0.670986 0.552178 0.658332 0.530483 4.61227 3.92486
94 3.74 0.715406 0.567875 0.682471 0.545631 5.03579 4.03664
95 3.78 0.743272 0.584534 0.699429 0.561489 5.10574 4.1524
96 3.82 0.785125 0.602506 0.725428 0.578286 5.13828 4.27137
97 3.86 0.81197 0.621483 0.750765 0.596036 5.28944 4.39643
98 3.9 0.850962 0.641786 0.78645 0.615017 5.25079 4.52316
99 3.94 0.911006 0.66397 0.793629 0.634566 4.96717 4.64551
100 3.98 0.930515 0.687091 0.827183 0.655358 4.92412 4.76928
101 4.02 0.969096 0.711657 0.846257 0.677059 4.51676 4.88511
102 4.06 0.992582 0.737322 0.854209 0.699402 4.48849 5.00251
103 4.1 1.01159 0.763996 0.876392 0.722778 4.32293 5.11782
104 4.14 1.01052 0.791165 0.877506 0.746644 4.39829 5.23744
105 4.18 1.00952 0.818833 0.894469 0.771443 4.26583 5.35571
106 4.22 1.0142 0.847165 0.900252 0.796883 4.42437 5.48073
107 4.26 0.980073 0.875064 0.943994 0.824066 4.45674 5.60907
108 4.3 0.961468 0.902951 0.944138 0.851767 4.80499 5.75005
109 4.34 0.926586 0.930328 0.989234 0.881333 4.99556 5.89936
110 4.38 0.900108 0.957415 1.00907 0.912051 5.29358 6.0605
111 4.42 0.886612 0.984585 1.05632 0.944797 5.68169 6.23664
112 4.46 0.880244 1.01205 1.07304 0.978667 5.85131 6.42133
113 4.5 0.871706 1.03974 1.09455 1.01384 6.24427 6.62197
114 4.54 0.858109 1.06748 1.12231 1.05054 6.37368 6.83043
115 4.58 0.858616 1.09574 1.13135 1.0882 6.67834 7.05272
116 4.62 0.86084 1.12456 1.13198 1.12654 6.96115 7.28849
117 4.66 0.8802 1.15454 1.10537 1.16463 7.04564 7.53126
118 4.7 0.890807 1.18541 1.09415 1.20298 6.99136 7.77633
119 4.74 0.91378 1.21761 1.07156 1.24118 7.27806 8.0358
120 4.78 0.907905 1.25015 1.04602 1.27911 7.31378 8.30096
121 4.82 0.925275 1.28387 1.01882 1.31667 7.27488 8.56915
122 4.86 0.928763 1.31828 1.00096 1.35418 7.37625 8.84561
123 4.9 0.936744 1.35356 0.980156 1.39152 7.62437 9.13609
124 4.94 0.924061 1.38894 0.965524 1.42891 7.4167 9.42329
125 4.98 0.937806 1.42542 0.945265 1.46611 7.44433 9.71624
126 5.02 0.926421 1.46204 0.941627 1.50377 7.40655 10.0124
127 5.06 0.910746 1.49862 0.932298 1.54164 7.34858 10.311
128 5.1 0.926545 1.53642 0.923881 1.57977 7.32024 10.6131
129 5.14 0.918303 1.57448 0.913619 1.61807 7.2244 10.916
130 5.18 0.907331 1.61267 0.899612 1.65638 6.97045 11.2127
131 5.22 0.892811 1.65083 0.877641 1.69432 6.94362 11.513
132 5.26 0.883952 1.68919 0.857917 1.73199 6.66187 11.8054
133 5.3 0.872852 1.72765 0.845441 1.76967 6.48735 12.0946
134 5.34 0.861561 1.76619 0.827382 1.80711 6.16307 12.3735
135 5.38 0.85247 1.8049 0.812112 1.84441 5.84487 12.6419
136 5.42 0.831179 1.8432 0.793792 1.88141 5.70302 12.9078
137 5.46 0.828199 1.88193 0.779923 1.9183 5.56947 13.1712
138 5.5 0.813921 1.92055 0.759979 1.95478 5.51622 13.436
139 5.54 0.78529 1.95835 0.757675 1.99168 5.33974 13.696
140 5.58 0.794628 1.99716 0.749961 2.02874 5.3097 13.9584
141 5.62 0.786454 2.03613 0.729192 2.06528 5.13169 14.2156
142 5.66 0.76754 2.0747 0.703239 2.10103 5.22267 14.4811
143 5.7 0.752121 2.11303 0.706516 2.13745 5.09224 14.7436
144 5.74 0.740906 2.15132 0.699095 2.174 5.2153 15.0162
145 5.78 0.743693 2.1903 0.690097 2.21059 5.17063 15.2904
146 5.82 0.743167 2.22978 0.66676 2.24642 5.07711 15.5632
147 5.86 0.743325 2.26982 0.672008 2.28304 5.06585 15.8393
148 5.9 0.730225 2.3097 0.676195 2.32039 5.1727 16.125
149 5.94 0.733736 2.3503 0.671518 2.35799 5.12626 16.412
150 5.98 0.732935 2.39142 0.684859 2.39685 5.34017 16.715
151 6.02 0.727093 2.43275 0.677927 2.43584 5.39306 17.0252
152 6.06 0.731333 2.47488 0.684675 2.47573 5.65051 17.3544
153 6.1 0.727805 2.51736 0.688363 2.51638 5.6911 17.6904
154 6.14 0.728318 2.56043 0.692344 2.55779 5.85858 18.0409
155 6.18 0.735769 2.60451 0.698408 2.60012 5.93317 18.4005
156 6.22 0.730084 2.64882 0.71574 2.64406 6.16729 18.7791
157 6.26 0.739115 2.69425 0.717404 2.68867 6.22321 19.1661
158 6.3 0.74293 2.74051 0.738997 2.73521 6.22458 19.5581
159 6.34 0.737012 2.78698 0.733087 2.78197 6.27793 19.9585
160 6.38 0.738269 2.83411 0.754892 2.83073 6.47335 20.3766
161 6.42 0.733404 2.88153 0.7641 2.8807 6.5282 20.8036
162 6.46 0.739683 2.92995 0.772002 2.93182 6.68609 21.2463
163 6.5 0.748696 2.97957 0.78496 2.98445 6.65875 21.6927
164 6.54 0.741488 3.02932 0.800588 3.03878 6.71405 22.1484
165 6.58 0.739022 3.07951 0.799209 3.09369 6.81387 22.6165
166 6.62 0.751662 3.13118 0.816758 3.15048 6.87651 23.0947
167 6.66 0.741955 3.1828 0.840292 3.20963 6.86505 23.5779
168 6.7 0.762169 3.23647 0.839622 3.26943 6.92233 24.071
169 6.74 0.75456 3.29024 0.846974 3.33049 6.94485 24.5716
170 6.78 0.763675 3.34531 0.857442 3.39303 6.92179 25.0765
171 6.82 0.771383 3.40159 0.863682 3.45677 7.01473 25.5942
172 6.86 0.782015 3.45932 0.863177 3.52123 6.88278 26.1082
173 6.9 0.794508 3.51865 0.871625 3.58708 6.90366 26.6297
174 6.94 0.794521 3.57868 0.871074 3.65365 6.86304 27.1542
175 6.98 0.803211 3.64006 0.863297 3.72039 6.8283 27.6821
176 7.02 0.802194 3.70207 0.875409 3.78885 6.71615 28.2073
177 7.06 0.807953 3.76524 0.869298 3.8576 6.76063 28.742
178 7.1 0.812504 3.82949 0.866873 3.92694 6.6895 29.2771
179 7.14 0.817519 3.89487 0.872966 3.99756 6.6744 29.817
180 7.18 0.817126 3.96095 0.866463 4.06844 6.65411 30.3613
181 7.22 0.818103 4.02784 0.862041 4.13974 6.71049 30.9164
182 7.26 0.81853 4.09552 0.866018 4.21217 6.65133 31.4727
183 7.3 0.830426 4.16493 0.864571 4.28528 6.67334 32.037
184 7.34 0.829801 4.23506 0.860737 4.35886 6.44055 32.5876
185 7.38 0.833335 4.30625 0.871177 4.43415 6.43343 33.1436
186 7.42 0.830535 4.37798 0.852094 4.50859 6.47362 33.7091
187 7.46 0.840312 4.45134 0.858662 4.58442 6.35265 34.2701
188 7.5 0.835471 4.52505 0.847151 4.66003 6.38776 34.8403
189 7.54 0.831751 4.59923 0.845678 4.73632 6.29237 35.4079
190 7.58 0.838525 4.6748 0.836178 4.81256 6.2152 35.9746
191 7.62 0.837334 4.75107 0.835251 4.88952 6.15848 36.542
192 7.66 0.839931 4.82838 0.837515 4.96749 6.0408 37.1044
193 7.7 0.829615 4.90553 0.825719 5.04518 6.04078 37.6727
194 7.74 0.838173 4.9843 0.82605 5.1237 5.93822 38.2372
195 7.78 0.837338 5.0638 0.828916 5.20331 5.97178 38.8108
196 7.82 0.835806 5.14397 0.819033 5.28279 5.86709 39.3801
197 7.86 0.843539 5.22572 0.817076 5.36289 5.77665 39.9464
198 7.9 0.831847 5.30716 0.816777 5.44377 5.72253 40.5131
199 7.94 0.837963 5.39002 0.805275 5.52433 5.66085 41.0794
200 7.98 0.831197 5.47305 0.814241 5.60661 5.57148 41.6424
43000 200
1 0.02 0 0 0 0 0 0
2 0.06 0 0 0 0 0 0
3 0.1 0 0 0 0 0 0
4 0.14 0 0 0 0 0 0
5 0.18 0 0 0 0 0 0
6 0.22 0 0 0 0 0 0
7 0.26 0 0 0 0 0 0
8 0.3 0 0 0 0 0 0
9 0.34 0 0 0 0 0 0
10 0.38 0 0 0 0 0 0
11 0.42 0 0 0 0 0 0
12 0.46 0 0 0 0 0 0
13 0.5 0 0 0 0 0 0
14 0.54 0 0 0 0 0 0
15 0.58 0 0 0 0 0 0
16 0.62 0 0 0 0 0 0
17 0.66 0 0 0 0 0 0
18 0.7 0 0 0 0 0 0
19 0.74 0 0 0 0 0 0
20 0.78 0 0 0 0 0 0
21 0.82 0 0 0 0 0 0
22 0.86 0 0 0 0 0 0
23 0.9 0 0 0 0 0 0
24 0.94 0 0 0 0 0 0
25 0.98 0 0 0 0 0 0
26 1.02 0 0 0 0 0 0
27 1.06 0 0 0 0 0 0
28 1.1 0 0 0 0 0 0
29 1.14 0 0 0 0 0 0
30 1.18 0 0 0 0 0 0
31 1.22 0 0 0 0 0 0
32 1.26 0 0 0 0 0 0
33 1.3 0 0 0 0 0 0
34 1.34 0 0 0 0 0 0
35 1.38 0 0 0 0 0 0
36 1.42 0 0 0 0 0 0
37 1.46 0 0 0 0 0 0
38 1.5 0 0 0 0 0 0
39 1.54 0 0 0 0 0 0
40 1.58 0 0 0 0 0 0
41 1.62 0 0 0 0 0 0
42 1.66 0 0 0 0 0.250044 0.0010936
43 1.7 0 0 0 0 7.91716 0.0374075
44 1.74 0 0 0 0 52.099 0.287745
45 1.78 0 0 0 0 126.189 0.92229
46 1.82 0 0 0 0 145.568 1.68755
47 1.86 0 0 0 0 104.754 2.26272
48 1.9 0 0 0 0 58.7227 2.59916
49 1.94 0 0 0 0 27.9907 2.76636
50 1.98 0 0 0 0 13.3012 2.84912
51 2.02 0 0 0 0 6.19367 2.88922
52 2.06 0 0 0 0 3.2953 2.91142
53 2.1 0 0 0 0 1.97153 2.92522
54 2.14 0 0 0.00104231 7.57576e-06 1.217 2.93406
55 2.18 0 0 0.00276229 2.84091e-05 0.652483 2.93898
56 2.22 0 0 0.0138028 0.000136364 0.530482 2.94313
57 2.26 0 0 0.0516355 0.000554924 0.42457 2.94657
58 2.3 0 0 0.15069 0.00182008 0.272033 2.94886
59 2.34 0 0 0.365266 0.00499432 0.288697 2.95137
60 2.38 0.00170508 1.51515e-05 0.731272 0.0115682 0.300551 2.95407
61 2.42 0.00659604 7.57576e-05 1.21141 0.0228277 0.339174 2.95722
62 2.46 0.0289245 0.000350379 1.72904 0.0394337 0.365021 2.96073
63 2.5 0.0946433 0.00127841 2.25308 0.0617822 0.476675 2.96546
64 2.54 0.240817 0.00371591 2.61976 0.0886061 0.587428 2.97147
65 2.58 0.522311 0.00917045 2.75018 0.117659 0.809914 2.98003
66 2.62 0.906043 0.018928 2.7343 0.147447 1.02748 2.99122
67 2.66 1.37735 0.0342178 2.52383 0.175788 1.26607 3.00544
68 2.7 1.89375 0.0558769 2.31471 0.202568 1.45399 3.02226
69 2.74 2.29648 0.0829261 2.04973 0.226991 1.31467 3.03792
70 2.78 2.58919 0.11432 1.7878 0.248919 1.23515 3.05307
71 2.82 2.72424 0.148309 1.58183 0.268883 1.05765 3.06642
72 2.86 2.69639 0.182911 1.3672 0.286631 0.936601 3.07858
73 2.9 2.50699 0.215989 1.21339 0.302826 0.971157 3.09154
74 2.94 2.30192 0.247205 1.07014 0.317506 0.839406 3.10306
75 2.98 2.04385 0.27568 0.954653 0.33096 0.858099 3.11515
76 3.02 1.82065 0.301731 0.820415 0.342835 0.855516 3.12753
77 3.06 1.57429 0.324858 0.784445 0.354492 0.952353 3.14169
78 3.1 1.39915 0.345953 0.7087 0.365301 1.01231 3.15712
79 3.14 1.22782 0.364945 0.658316 0.375602 1.08946 3.17417
80 3.18 1.09182 0.382267 0.625934 0.385648 1.21053 3.1936
81 3.22 0.949135 0.397706 0.609436 0.395676 1.33506 3.21557
82 3.26 0.847618 0.411839 0.573245 0.405345 1.46269 3.24024
83 3.3 0.802028 0.425542 0.563266 0.41508 1.63404 3.26848
84 3.34 0.734667 0.4384 0.556382 0.42493 1.79859 3.30032
85 3.38 0.681033 0.450606 0.555825 0.435008 2.00109 3.3366
86 3.42 0.661374 0.462742 0.548003 0.44518 2.40507 3.38125
87 3.46 0.621568 0.474417 0.564814 0.455911 2.70702 3.43268
88 3.5 0.615128 0.486239 0.560256 0.466803 3.09222 3.4928
89 3.54 0.631653 0.498657 0.575089 0.478241 3.48842 3.56217
90 3.58 0.613094 0.510985 0.581869 0.490076 3.85215 3.64053
91 3.62 0.641533 0.524174 0.617618 0.50292 4.24384 3.72879
92 3.66 0.654266 0.537924 0.615056 0.515996 4.50411 3.82454
93 3.7 0.667005 0.55225 0.660064 0.530337 4.76551 3.92808
94 3.74 0.715819 0.567958 0.686294 0.545572 5.01478 4.0394
95 3.78 0.740371 0.584555 0.695064 0.561333 5.08792 4.15478
96 3.82 0.782278 0.602464 0.739136 0.578451 5.19723 4.27514
97 3.86 0.815731 0.621532 0.75009 0.596187 5.20566 4.39823
98 3.9 0.856309 0.641966 0.77582 0.614915 5.27938 4.52567
99 3.94 0.912039 0.664178 0.806883 0.634794 4.86064 4.64542
100 3.98 0.924735 0.687159 0.814854 0.655278 4.93998 4.7696
101 4.02 0.983813 0.712102 0.84044 0.676833 4.57121 4.88684
102 4.06 1.001 0.737989 0.856829 0.699248 4.49886 5.00454
103 4.1 1.01488 0.764754 0.863983 0.722297 4.40551 5.12206
104 4.14 0.999943 0.791642 0.883642 0.746333 4.2569 5.23786
105 4.18 1.01592 0.819491 0.905197 0.771434 4.27092 5.35629
106 4.22 1.00177 0.847479 0.922624 0.797509 4.43513 5.48163
107 4.26 0.996887 0.875862 0.921033 0.824036 4.63357 5.61509
108 4.3 0.956817 0.903617 0.957546 0.852134 4.8229 5.75661
109 4.34 0.915938 0.930684 0.983754 0.881542 4.91089 5.90341
110 4.38 0.921998 0.958434 1.02615 0.912784 5.21464 6.06217
111 4.42 0.879801 0.9854 1.04651 0.945231 5.67258 6.23805
112 4.46 0.875079 1.01271 1.08254 0.979405 5.90644 6.42451
113 4.5 0.872225 1.04042 1.09703 1.01466 6.31938 6.6276
114 4.54 0.856986 1.06813 1.116 1.05117 6.37465 6.83612
115 4.58 0.867688 1.09669 1.13625 1.08899 6.63772 7.05709
116 4.62 0.864552 1.12564 1.11396 1.12673 6.88888 7.29045
117 4.66 0.864283 1.15508 1.11829 1.16527 7.15095 7.53689
118 4.7 0.894831 1.18609 1.1003 1.20384 7.17198 7.78832
119 4.74 0.900424 1.21783 1.07921 1.24232 7.27971 8.04789
120 4.78 0.91099 1.25049 1.05762 1.28067 7.27892 8.31184
121 4.82 0.929963 1.28438 1.02041 1.3183 7.33838 8.58241
122 4.86 0.931742 1.31891 0.997017 1.35567 7.23438 8.85359
123 4.9 0.926898 1.35382 0.970363 1.39264 7.52695 9.1404
124 4.94 0.923722 1.38919 0.966452 1.43007 7.37237 9.42592
125 4.98 0.929386 1.42535 0.95474 1.46765 7.51267 9.72161
126 5.02 0.934754 1.46231 0.930497 1.50487 7.43682 10.019
127 5.06 0.914047 1.49902 0.929824 1.54265 7.29916 10.3156
128 5.1 0.919866 1.53656 0.926629 1.5809 7.30668 10.6172
129 5.14 0.912275 1.57437 0.898673 1.61858 7.16268 10.9176
130 5.18 0.908404 1.61261 0.890224 1.65649 7.07964 11.219
131 5.22 0.899455 1.65106 0.881801 1.69462 6.8526 11.5154
132 5.26 0.891278 1.68975 0.857655 1.73228 6.63228 11.8066
133 5.3 0.877964 1.72844 0.843273 1.76987 6.49213 12.096
134 5.34 0.853261 1.76661 0.835167 1.80767 6.07119 12.3708
135 5.38 0.853254 1.80536 0.815495 1.84513 5.98893 12.6459
136 5.42 0.838862 1.84402 0.787699 1.88185 5.75944 12.9144
137 5.46 0.828962 1.88279 0.778483 1.91868 5.47072 13.1732
138 5.5 0.805417 1.92102 0.75868 1.9551 5.52407 13.4384
139 5.54 0.807515 1.9599 0.750327 1.99165 5.38715 13.7008
140 5.58 0.780862 1.99804 0.737271 2.02808 5.17612 13.9566
141 5.62 0.773109 2.03635 0.734187 2.06488 5.29968 14.2222
142 5.66 0.772547 2.07518 0.713113 2.10114 5.2687 14.4901
143 5.7 0.755648 2.1137 0.706999 2.13759 5.12765 14.7545
144 5.74 0.74343 2.15212 0.692758 2.17382 5.15666 15.0241
145 5.78 0.734333 2.19061 0.680774 2.20991 5.13228 15.2962
146 5.82 0.74316 2.2301 0.685575 2.24677 5.05419 15.5679
147 5.86 0.732841 2.26959 0.673368 2.28346 5.08459 15.845
148 5.9 0.736913 2.30983 0.687235 2.32143 5.19813 16.1322
149 5.94 0.732395 2.35037 0.671315 2.35902 5.13297 16.4196
150 5.98 0.734106 2.39156 0.676549 2.39742 5.25491 16.7179
151 6.02 0.731413 2.43314 0.672658 2.4361 5.50238 17.0343
152 6.06 0.736483 2.47557 0.680671 2.47577 5.53266 17.3568
153 6.1 0.732595 2.51834 0.695346 2.51684 5.70325 17.6936
154 6.14 0.729488 2.56149 0.698662 2.55864 5.93346 18.0486
155 6.18 0.736764 2.60563 0.707242 2.60151 6.00709 18.4127
156 6.22 0.733871 2.65018 0.711867 2.64521 5.98824 18.7803
157 6.26 0.735303 2.69538 0.719274 2.68995 6.2124 19.1667
158 6.3 0.738286 2.74135 0.731697 2.73604 6.40854 19.5704
159 6.34 0.740833 2.78807 0.742535 2.7834 6.35264 19.9756
160 6.38 0.742041 2.83546 0.754569 2.83215 6.4624 20.3931
161 6.42 0.743955 2.88356 0.758544 2.88177 6.50605 20.8187
162 6.46 0.731763 2.93147 0.771627 2.93287 6.68314 21.2613
163 6.5 0.74224 2.98067 0.777723 2.98502 6.6889 21.7098
164 6.54 0.746256 3.03075 0.805209 3.03967 6.70165 22.1647
165 6.58 0.755892 3.08209 0.81226 3.09549 6.86851 22.6366
166 6.62 0.750394 3.13369 0.827693 3.15305 6.79456 23.1092
167 6.66 0.7453 3.18555 0.828891 3.2114 6.87171 23.5929
168 6.7 0.753449 3.23861 0.834894 3.27088 6.9046 24.0848
169 6.74 0.748864 3.29198 0.847684 3.33199 6.96032 24.5866
170 6.78 0.76537 3.34718 0.860349 3.39476 6.93749 25.0927
171 6.82 0.768594 3.40327 0.855984 3.45795 6.99666 25.6092
172 6.86 0.780719 3.46091 0.859875 3.52216 6.84336 26.1203
173 6.9 0.784902 3.51953 0.870845 3.58796 6.89669 26.6414
174 6.94 0.797883 3.57982 0.87592 3.65492 6.80311 27.1614
175 6.98 0.794046 3.64052 0.866892 3.72195 6.77236 27.685
176 7.02 0.809077 3.70307 0.870915 3.79006 6.74473 28.2125
177 7.06 0.811708 3.76654 0.865816 3.85855 6.77347 28.7483
178 7.1 0.808981 3.83052 0.872922 3.92838 6.81514 29.2936
179 7.14 0.819502 3.89606 0.877939 3.99941 6.76007 29.8405
180 7.18 0.812432 3.96177 0.871377 4.0707 6.65938 30.3853
181 7.22 0.823837 4.02915 0.866144 4.14236 6.70401 30.9399
182 7.26 0.8244 4.09732 0.868241 4.21499 6.5815 31.4905
183 7.3 0.819763 4.16585 0.861977 4.28789 6.62555 32.0508
184 7.34 0.828759 4.2359 0.859121 4.36134 6.50992 32.6074
185 7.38 0.833628 4.30713 0.863462 4.43598 6.50652 33.1698
186 7.42 0.835521 4.3793 0.853483 4.51055 6.44648 33.7331
187 7.46 0.831703 4.45192 0.854992 4.58606 6.31019 34.2904
188 7.5 0.83951 4.526 0.850627 4.662 6.33638 34.8561
189 7.54 0.833596 4.60035 0.844355 4.73818 6.24044 35.4191
190 7.58 0.842705 4.67632 0.841095 4.81488 6.14268 35.9792
191 7.62 0.83675 4.75254 0.833379 4.89167 6.13801 36.5448
192 7.66 0.831552 4.82909 0.833625 4.9693 6.14454 37.117
193 7.7 0.837004 4.90694 0.819976 5.04645 6.1072 37.6917
194 7.74 0.838371 4.98574 0.821125 5.12452 5.99688 38.2618
195 7.78 0.839225 5.06543 0.831176 5.20437 5.88411 38.8271
196 7.82 0.834569 5.1455 0.816858 5.28364 5.85096 39.3949
197 7.86 0.840089 5.22692 0.820698 5.36411 5.80367 39.9639
198 7.9 0.839864 5.30916 0.810954 5.44443 5.73562 40.532
199 7.94 0.834256 5.39167 0.815225 5.52599 5.66803 41.0991
200 7.98 0.831277 5.47472 0.800176 5.60686 5.66131 41.6712
44000 200
1 0.02 0 0 0 0 0 0
2 0.06 0 0 0 0 0 0
3 0.1 0 0 0 0 0 0
4 0.14 0 0 0 0 0 0
5 0.18 0 0 0 0 0 0
6 0.22 0 0 0 0 0 0
7 0.26 0 0 0 0 0 0
8 0.3 0 0 0 0 0 0
9 0.34 0 0 0 0 0 0
10 0.38 0 0 0 0 0 0
11 0.42 0 0 0 0 0 0
12 0.46 0 0 0 0 0 0
13 0.5 0 0 0 0 0 0
14 0.54 0 0 0 0 0 0
15 0.58 0 0 0 0 0 0
16 0.62 0 0 0 0 0 0
17 0.66 0 0 0 0 0 0
18 0.7 0 0 0 0 0 0
19 0.74 0 0 0 0 0 0
20 0.78 0 0 0 0 0 0
21 0.82 0 0 0 0 0 0
22 0.86 0 0 0 0 0 0
23 0.9 0 0 0 0 0 0
24 0.94 0 0 0 0 0 0
25 0.98 0 0 0 0 0 0
26 1.02 0 0 0 0 0 0
27 1.06 0 0 0 0 0 0
28 1.1 0 0 0 0 0 0
29 1.14 0 0 0 0 0 0
30 1.18 0 0 0 0 0 0
31 1.22 0 0 0 0 0 0
32 1.26 0 0 0 0 0 0
33 1.3 0 0 0 0 0 0
34 1.34 0 0 0 0 0 0
35 1.38 0 0 0 0 0 0
36 1.42 0 0 0 0 0 0
37 1.46 0 0 0 0 0 0
38 1.5 0 0 0 0 0 0
39 1.54 0 0 0 0 0 0
40 1.58 0 0 0 0 0 0
41 1.62 0 0 0 0 0 0
42 1.66 0 0 0 0 0.205847 0.000900611
43 1.7 0 0 0 0 7.1156 0.0335478
44 1.74 0 0 0 0 53.0933 0.288742
45 1.78 0 0 0 0 126.055 0.922805
46 1.82 0 0 0 0 145.365 1.68723
47 1.86 0 0 0 0 105.718 2.26787
48 1.9 0 0 0 0 58.1102 2.6009
49 1.94 0 0 0 0 27.9067 2.76764
50 1.98 0 0 0 0 13.2662 2.85021
51 2.02 0 0 0 0 6.42519 2.89183
52 2.06 0 0 0 0 3.23703 2.91364
53 2.1 0 0 0.000270449 1.89394e-06 1.83769 2.9265
54 2.14 0 0 0.000260508 3.78788e-06 1.07949 2.93435
55 2.18 0 0 0.00301203 2.65152e-05 0.703449 2.93966
56 2.22 0 0 0.0130715 0.000128788 0.509749 2.94365
57 2.26 0 0 0.0490507 0.000526515 0.416498 2.94702
58 2.3 0 0 0.141853 0.0017178 0.294943 2.9495
59 2.34 0 0 0.367556 0.00491288 0.35152 2.95256
60 2.38 0.00234339 2.08333e-05 0.71587 0.0113504 0.30047 2.95526
61 2.42 0.00618181 7.76515e-05 1.21472 0.0226439 0.311351 2.95815
62 2.46 0.0307109 0.000369318 1.80323 0.0399678 0.33146 2.96134
63 2.5 0.099054 0.00134091 2.26347 0.0624261 0.476527 2.96607
64 2.54 0.256641 0.00393939 2.59326 0.0889867 0.643788 2.97266
65 2.58 0.514897 0.00931818 2.72909 0.117826 0.706165 2.98012
66 2.62 0.911219 0.0191345 2.67837 0.147013 1.02716 2.99132
67 2.66 1.39672 0.0346439 2.5519 0.175678 1.17974 3.00457
68 2.7 1.88854 0.05625 2.28636 0.202138 1.40354 3.02081
69 2.74 2.30865 0.0834508 2.07071 0.226818 1.39251 3.03741
70 2.78 2.6006 0.114992 1.79235 0.248809 1.22166 3.0524
71 2.82 2.69807 0.148665 1.58165 0.268777 0.980876 3.06478
72 2.86 2.67316 0.182979 1.39639 0.286909 1.01558 3.07797
73 2.9 2.49717 0.215938 1.21231 0.303095 0.85765 3.08942
74 2.94 2.30599 0.247218 1.05174 0.317527 0.876661 3.10145
75 2.98 2.07815 0.27618 0.939728 0.330775 0.835036 3.11322
76 3.02 1.805 0.302015 0.867119 0.34333 0.893035 3.12615
77 3.06 1.57897 0.325218 0.757967 0.354597 0.94126 3.14014
78 3.1 1.40462 0.346402 0.717544 0.365544 0.995131 3.15532
79 3.14 1.22462 0.36535 0.667924 0.375998 1.09737 3.1725
80 3.18 1.08744 0.382608 0.633292 0.386165 1.20415 3.19183
81 3.22 0.972012 0.398424 0.603505 0.396098 1.27602 3.21283
82 3.26 0.857124 0.41272 0.569928 0.405714 1.5347 3.23873
83 3.3 0.776625 0.425992 0.570102 0.41557 1.69119 3.26796
84 3.34 0.718437 0.43857 0.546908 0.425256 1.80167 3.29987
85 3.38 0.6935 0.451004 0.540307 0.435055 2.12643 3.33844
86 3.42 0.649208 0.46292 0.562314 0.445496 2.38181 3.38266
87 3.46 0.631158 0.474778 0.549393 0.455938 2.78235 3.43554
88 3.5 0.614161 0.486585 0.554048 0.466712 3.08298 3.4955
89 3.54 0.61759 0.498731 0.589389 0.478438 3.696 3.56903
90 3.58 0.616018 0.511121 0.600121 0.490648 3.71032 3.64452
91 3.62 0.616658 0.523803 0.602045 0.503172 4.07709 3.72933
92 3.66 0.646765 0.5374 0.628235 0.516532 4.4982 3.82499
93 3.7 0.68884 0.552199 0.651759 0.530697 4.83219 3.93001
94 3.74 0.702742 0.567625 0.675339 0.545693 5.04366 4.04201
95 3.78 0.750704 0.584458 0.704532 0.561674 5.06084 4.1568
96 3.82 0.784688 0.602428 0.733602 0.578669 5.14703 4.27604
97 3.86 0.832414 0.621892 0.755222 0.596532 5.34687 4.40251
98 3.9 0.859312 0.642403 0.770956 0.615148 5.13784 4.52657
99 3.94 0.902425 0.664388 0.800726 0.634881 5.06146 4.6513
100 3.98 0.922549 0.687322 0.819732 0.655494 4.86817 4.77372
101 4.02 0.979931 0.712174 0.821734 0.676576 4.66517 4.89341
102 4.06 0.994252 0.737894 0.858313 0.699036 4.46555 5.01026
103 4.1 1.00819 0.764491 0.876206 0.722419 4.32462 5.12567
104 4.14 1.01957 0.791915 0.890819 0.746657 4.24735 5.24124
105 4.18 1.01859 0.819845 0.881086 0.771097 4.32532 5.36121
106 4.22 1.00161 0.847837 0.911428 0.796864 4.42007 5.48617
107 4.26 0.977901 0.875688 0.934101 0.823775 4.61884 5.61923
108 4.3 0.945427 0.903121 0.956031 0.851837 4.61981 5.75484
109 4.34 0.9425 0.930981 0.991313 0.881479 5.05247 5.90592
110 4.38 0.900142 0.958081 1.01272 0.912322 5.26159 6.06616
111 4.42 0.892387 0.985441 1.0534 0.944992 5.60861 6.24011
112 4.46 0.86462 1.01243 1.08983 0.979407 5.84559 6.4247
113 4.5 0.862132 1.03983 1.09652 1.01466 6.18538 6.62354
114 4.54 0.850984 1.06736 1.11502 1.05114 6.42285 6.83371
115 4.58 0.866331 1.09588 1.11866 1.08839 6.75257 7.05857
116 4.62 0.87294 1.12512 1.13974 1.12701 6.82034 7.28968
117 4.66 0.875859 1.15496 1.1096 1.16527 7.01259 7.53142
118 4.7 0.885871 1.18567 1.09246 1.20358 7.17344 7.78298
119 4.74 0.900474 1.21742 1.08653 1.24233 7.31535 8.0439
120 4.78 0.905007 1.24988 1.04372 1.28019 7.3424 8.31023
121 4.82 0.919296 1.28339 1.01656 1.31768 7.39457 8.58295
122 4.86 0.925786 1.31771 0.993531 1.35493 7.38658 8.85992
123 4.9 0.935362 1.35295 0.970624 1.39193 7.4918 9.14548
124 4.94 0.939365 1.38893 0.967235 1.4294 7.24805 9.42628
125 4.98 0.930617 1.42515 0.952434 1.4669 7.5365 9.723
126 5.02 0.935909 1.46216 0.949297 1.50488 7.48847 10.0226
127 5.06 0.93371 1.49968 0.930472 1.5427 7.29769 10.3192
128 5.1 0.915409 1.53704 0.916488 1.58054 7.34497 10.6225
129 5.14 0.915514 1.575 0.907108 1.61859 7.22952 10.9257
130 5.18 0.90188 1.61298 0.890045 1.6565 7.04203 11.2257
131 5.22 0.888685 1.65098 0.878421 1.6945 6.93973 11.5259
132 5.26 0.886213 1.68946 0.862529 1.73238 6.58567 11.8151
133 5.3 0.881264 1.72831 0.847305 1.77016 6.25 12.0938
134 5.34 0.852112 1.76644 0.820311 1.8073 6.04799 12.3676
135 5.38 0.848246 1.80497 0.80997 1.84452 6.04872 12.6455
136 5.42 0.839097 1.84366 0.804398 1.88203 5.75008 12.9137
137 5.46 0.823327 1.88217 0.773286 1.91863 5.66139 13.1816
138 5.5 0.816663 1.92094 0.765077 1.95537 5.3851 13.4402
139 5.54 0.801019 1.95952 0.755078 1.99216 5.33403 13.7001
140 5.58 0.774537 1.99737 0.744216 2.02894 5.38279 13.9662
141 5.62 0.776886 2.03588 0.727465 2.06542 5.33461 14.2337
142 5.66 0.771859 2.07468 0.714053 2.10173 5.17918 14.4971
143 5.7 0.765708 2.11373 0.695987 2.13763 5.10552 14.7604
144 5.74 0.744194 2.1522 0.695406 2.174 4.95896 15.0198
145 5.78 0.747837 2.19141 0.687605 2.21047 5.10947 15.2908
146 5.82 0.732535 2.23035 0.691852 2.24767 5.08736 15.5643
147 5.86 0.732968 2.26985 0.66722 2.28405 5.07891 15.8412
148 5.9 0.72532 2.30948 0.677569 2.32149 5.12901 16.1246
149 5.94 0.73768 2.35032 0.673274 2.3592 5.13253 16.4121
150 5.98 0.734323 2.39153 0.674373 2.39749 5.34001 16.7153
151 6.02 0.730393 2.43307 0.672813 2.4362 5.38837 17.0253
152 6.06 0.733859 2.47537 0.682319 2.47597 5.6678 17.3557
153 6.1 0.736558 2.51838 0.689945 2.51673 5.7669 17.6964
154 6.14 0.730771 2.56161 0.6919 2.55814 5.87472 18.048
155 6.18 0.733381 2.60557 0.703432 2.60079 6.04668 18.4146
156 6.22 0.735615 2.65023 0.716864 2.64482 6.15506 18.7926
157 6.26 0.729078 2.69507 0.720336 2.68963 6.06114 19.1697
158 6.3 0.744538 2.74144 0.729734 2.73561 6.24934 19.5634
159 6.34 0.738265 2.78801 0.742073 2.78296 6.34917 19.9686
160 6.38 0.734908 2.83496 0.750851 2.83148 6.4759 20.387
161 6.42 0.740654 2.88287 0.770498 2.88189 6.5301 20.8143
162 6.46 0.745795 2.93171 0.773911 2.93316 6.62334 21.2531
163 6.5 0.738415 2.98067 0.785479 2.98585 6.67107 21.7005
164 6.54 0.74002 3.03034 0.793948 3.03976 6.82894 22.1642
165 6.58 0.749754 3.08128 0.813173 3.09565 6.83461 22.634
166 6.62 0.743034 3.13239 0.814482 3.15231 6.93442 23.1164
167 6.66 0.747469 3.18442 0.830923 3.21082 6.88291 23.6011
168 6.7 0.760805 3.23801 0.842137 3.27084 6.89935 24.0928
169 6.74 0.75358 3.29174 0.841651 3.33153 6.97247 24.5956
170 6.78 0.762592 3.34675 0.856457 3.39403 6.99138 25.1058
171 6.82 0.773757 3.40323 0.862726 3.45774 6.85907 25.6123
172 6.86 0.779454 3.46079 0.867854 3.52257 6.9373 26.1305
173 6.9 0.79399 3.52012 0.868172 3.58819 6.83245 26.6469
174 6.94 0.796092 3.58029 0.867431 3.65451 6.80102 27.1669
175 6.98 0.801755 3.64159 0.869592 3.72177 6.76324 27.69
176 7.02 0.802122 3.70362 0.870966 3.78991 6.75833 28.2188
177 7.06 0.806693 3.76673 0.865794 3.85842 6.8283 28.7591
178 7.1 0.812731 3.83102 0.877246 3.92862 6.8006 29.3033
179 7.14 0.819986 3.89662 0.870955 3.99911 6.72264 29.8473
180 7.18 0.815606 3.96261 0.869749 4.07029 6.69197 30.395
181 7.22 0.817243 4.02946 0.869246 4.14222 6.61297 30.9423
182 7.26 0.828366 4.09798 0.869472 4.21497 6.51531 31.4874
183 7.3 0.824227 4.16691 0.862387 4.28793 6.60264 32.046
184 7.34 0.83328 4.23737 0.861761 4.36163 6.5192 32.6036
185 7.38 0.832269 4.3085 0.858576 4.43587 6.44984 33.1612
186 7.42 0.833885 4.38055 0.856976 4.51077 6.48283 33.7279
187 7.46 0.83631 4.45359 0.853275 4.58615 6.39965 34.2932
188 7.5 0.82061 4.52603 0.850497 4.6621 6.38378 34.8633
189 7.54 0.839014 4.60089 0.841941 4.73809 6.20577 35.4234
190 7.58 0.836862 4.67634 0.843417 4.81502 6.20389 35.9893
191 7.62 0.837308 4.75264 0.843994 4.89281 6.10755 36.5522
192 7.66 0.83058 4.82912 0.837215 4.9708 6.15616 37.1257
193 7.7 0.837441 4.90704 0.829625 5.04889 5.96082 37.6867
194 7.74 0.838782 4.9859 0.824618 5.12731 5.89492 38.2473
195 7.78 0.836817 5.06539 0.814645 5.20559 5.83916 38.8084
196 7.82 0.841855 5.14618 0.812635 5.28448 5.92702 39.3838
197 7.86 0.832469 5.22689 0.817668 5.36467 5.8393 39.9565
198 7.9 0.83516 5.30869 0.812488 5.44517 5.77707 40.5289
199 7.94 0.834347 5.39124 0.808409 5.52608 5.66536 41.0959
200 7.98 0.838381 5.47502 0.804091 5.60737 5.71561 41.6737
45000 200
1 0.02 0 0 0 0 0 0
2 0.06 0 0 0 0 0 0
3 0.1 0 0 0 0 0 0
4 0.14 0 0 0 0 0 0
5 0.18 0 0 0 0 0 0
6 0.22 0 0 0 0 0 0
7 0.26 0 0 0 0 0 0
8 0.3 0 0 0 0 0 0
9 0.34 0 0 0 0 0 0
10 0.38 0 0 0 0 0 0
11 0.42 0 0 0 0 0 0
12 0.46 0 0 0 0 0 0
13 0.5 0 0 0 0 0 0
14 0.54 0 0 0 0 0 0
15 0.58 0 0 0 0 0 0
16 0.62 0 0 0 0 0 0
17 0.66 0 0 0 0 0 0
18 0.7 0 0 0 0 0 0
19 0.74 0 0 0 0 0 0
20 0.78 0 0 0 0 0 0
21 0.82 0 0 0 0 0 0
22 0.86 0 0 0 0 0 0
23 0.9 0 0 0 0 0 0
24 0.94 0 0 0 0 0 0
25 0.98 0 0 0 0 0 0
26 1.02 0 0 0 0 0 0
27 1.06 0 0 0 0 0 0
28 1.1 0 0 0 0 0 0
29 1.14 0 0 0 0 0 0
30 1.18 0 0 0 0 0 0
31 1.22 0 0 0 0 0 0
32 1.26 0 0 0 0 0 0
33 1.3 0 0 0 0 0 0
34 1.34 0 0 0 0 0 0
35 1.38 0 0 0 0 0 0
36 1.42 0 0 0 0 0 0
37 1.46 0 0 0 0 0 0
38 1.5 0 0 0 0 0 0
39 1.54 0 0 0 0 0 0
40 1.58 0 0 0 0 0 0
41 1.62 0 0 0 0 0.0077188 3.21647e-05
42 1.66 0 0 0 0 0.257301 0.00115793
43 1.7 0 0 0 0 7.20564 0.0342232
44 1.74 0 0 0 0 53.4326 0.29109
45 1.78 0 0 0 0 126.265 0.926311
46 1.82 0 0 0 0 145.641 1.69231
47 1.86 0 0 0 0 105.197 2.27018
48 1.9 0 0 0 0 58.1736 2.60363
49 1.94 0 0 0 0 28.2791 2.77263
50 1.98 0 0 0 0 12.8558 2.85265
51 2.02 0 0 0 0 6.24041 2.89308
52 2.06 0 0 0 0 3.08376 2.91386
53 2.1 0 0 0 0 1.77309 2.92628
54 2.14 0 0 0.000260446 1.89394e-06 0.951029 2.93319
55 2.18 0 0 0.00175682 1.51515e-05 0.703327 2.9385
56 2.22 0 0 0.0121015 0.000109848 0.452128 2.94204
57 2.26 0 0 0.0450729 0.000475379 0.428343 2.94551
58 2.3 0 0 0.14431 0.0016875 0.310179 2.94812
59 2.34 0 0 0.357696 0.00479735 0.299666 2.95072
60 2.38 0.000426061 3.78788e-06 0.718289 0.0112576 0.329018 2.95368
61 2.42 0.00782948 7.57576e-05 1.2131 0.0225379 0.30093 2.95648
62 2.46 0.0326998 0.000386364 1.75011 0.0393542 0.421785 2.96053
63 2.5 0.0928613 0.00129735 2.27283 0.0619091 0.482935 2.96533
64 2.54 0.242761 0.00375568 2.6032 0.0885758 0.653096 2.97202
65 2.58 0.51663 0.00915341 2.75392 0.117682 0.809519 2.98057
66 2.62 0.908433 0.0189413 2.73511 0.147492 1.04765 2.99199
67 2.66 1.41765 0.0346856 2.54727 0.17611 1.23398 3.00585
68 2.7 1.874 0.0561288 2.31576 0.202915 1.33106 3.02126
69 2.74 2.3139 0.0833958 2.04957 0.227347 1.37881 3.0377
70 2.78 2.57332 0.114612 1.79423 0.249364 1.24245 3.05294
71 2.82 2.70871 0.148422 1.58529 0.269381 1.02149 3.06584
72 2.86 2.70296 0.183125 1.37268 0.287208 0.894052 3.07745
73 2.9 2.5302 0.216525 1.17991 0.302964 0.847883 3.08877
74 2.94 2.2721 0.24735 1.05833 0.317489 0.918725 3.10138
75 2.98 2.06382 0.276117 0.941588 0.330765 0.853149 3.11341
76 3.02 1.81265 0.302066 0.847886 0.343044 0.908447 3.12657
77 3.06 1.59122 0.325453 0.767392 0.354453 0.943256 3.14059
78 3.1 1.38819 0.346392 0.709859 0.365284 1.03502 3.15638
79 3.14 1.233 0.365473 0.669026 0.375758 1.04991 3.17282
80 3.18 1.08738 0.382733 0.625171 0.385795 1.20996 3.19225
81 3.22 0.944043 0.398097 0.596158 0.39561 1.26019 3.21299
82 3.26 0.862321 0.412481 0.569721 0.405223 1.49631 3.23824
83 3.3 0.784258 0.425886 0.56114 0.414926 1.60536 3.266
84 3.34 0.724158 0.438566 0.553449 0.424729 1.77779 3.29749
85 3.38 0.675858 0.450686 0.562981 0.434941 2.08172 3.33525
86 3.42 0.652301 0.462661 0.554172 0.445233 2.30004 3.37797
87 3.46 0.637406 0.474638 0.554586 0.455775 2.71082 3.4295
88 3.5 0.632769 0.486805 0.576547 0.466989 3.26439 3.49299
89 3.54 0.616241 0.498926 0.582819 0.478585 3.52243 3.56307
90 3.58 0.614787 0.511294 0.58718 0.490534 3.77766 3.63995
91 3.62 0.643632 0.524532 0.590479 0.50282 4.19239 3.72718
92 3.66 0.663508 0.538483 0.621363 0.516036 4.48839 3.82264
93 3.7 0.681676 0.553131 0.659757 0.530377 4.77514 3.92644
94 3.74 0.703491 0.568576 0.68512 0.545593 4.95596 4.03651
95 3.78 0.724488 0.584824 0.715943 0.561835 5.13799 4.15307
96 3.82 0.784723 0.602797 0.72016 0.578521 5.3128 4.27617
97 3.86 0.816002 0.621881 0.74862 0.596231 5.21413 4.39952
98 3.9 0.864165 0.642511 0.780319 0.615076 5.13169 4.52345
99 3.94 0.884639 0.664066 0.808121 0.634994 5.00585 4.64683
100 3.98 0.926665 0.687106 0.821026 0.655644 4.79574 4.76745
101 4.02 0.987689 0.712159 0.837322 0.677129 4.72962 4.88881
102 4.06 0.997896 0.737977 0.854988 0.699506 4.63074 5.01
103 4.1 0.997614 0.764299 0.862797 0.722534 4.36368 5.12647
104 4.14 1.01638 0.791642 0.87606 0.746375 4.21357 5.24114
105 4.18 1.01428 0.819458 0.8989 0.771313 4.31188 5.36076
106 4.22 1.01296 0.847773 0.915836 0.797208 4.18956 5.47922
107 4.26 0.989445 0.875956 0.939403 0.824277 4.67832 5.61402
108 4.3 0.976277 0.90429 0.970584 0.852771 4.71878 5.75256
109 4.34 0.925821 0.931661 0.994323 0.882508 5.00109 5.90212
110 4.38 0.895401 0.958623 1.02163 0.913627 5.32937 6.06446
111 4.42 0.867656 0.985229 1.04505 0.946044 5.63568 6.23927
112 4.46 0.853984 1.01189 1.07022 0.979845 5.91798 6.42618
113 4.5 0.869022 1.03951 1.10459 1.01536 6.21239 6.62592
114 4.54 0.861914 1.0674 1.11663 1.0519 6.5211 6.83934
115 4.58 0.849052 1.09535 1.11877 1.08916 6.84326 7.06726
116 4.62 0.87687 1.12473 1.12396 1.12726 6.94164 7.30251
117 4.66 0.876495 1.1546 1.11546 1.16572 6.89948 7.5404
118 4.7 0.890588 1.18548 1.10319 1.20441 7.00631 7.78614
119 4.74 0.910262 1.21758 1.06549 1.24242 7.25375 8.0449
120 4.78 0.89937 1.24984 1.03917 1.28012 7.28535 8.3092
121 4.82 0.927353 1.28365 1.02394 1.31789 7.33583 8.5798
122 4.86 0.930745 1.31816 1.0018 1.35546 7.46085 8.8596
123 4.9 0.923201 1.35295 0.969617 1.39242 7.45684 9.14387
124 4.94 0.926853 1.38845 0.957448 1.42952 7.36479 9.42924
125 4.98 0.941751 1.42511 0.948768 1.46688 7.44544 9.72242
126 5.02 0.943704 1.46244 0.938062 1.50441 7.43339 10.0198
127 5.06 0.921539 1.49947 0.942485 1.54273 7.31472 10.3172
128 5.1 0.925047 1.53724 0.91744 1.58062 7.32039 10.6195
129 5.14 0.909061 1.57494 0.896399 1.61822 7.2989 10.9257
130 5.18 0.914054 1.61343 0.898612 1.6565 6.99938 11.2239
131 5.22 0.89204 1.65158 0.878326 1.6945 6.90443 11.5226
132 5.26 0.894879 1.69045 0.855404 1.73208 6.54867 11.8103
133 5.3 0.870082 1.72881 0.847128 1.76986 6.33624 12.0929
134 5.34 0.857308 1.76718 0.823525 1.80715 6.21254 12.3742
135 5.38 0.859573 1.80623 0.81223 1.84448 5.94275 12.6473
136 5.42 0.830175 1.84451 0.795942 1.8816 5.87053 12.9211
137 5.46 0.8236 1.88305 0.78128 1.91858 5.4634 13.1797
138 5.5 0.807594 1.92139 0.76152 1.95516 5.48268 13.443
139 5.54 0.787838 1.95934 0.755576 1.99198 5.42953 13.7076
140 5.58 0.791772 1.99804 0.740646 2.02859 5.29731 13.9695
141 5.62 0.77997 2.0367 0.7295 2.06518 5.24142 14.2324
142 5.66 0.766837 2.07526 0.717436 2.10167 5.21756 14.4977
143 5.7 0.758675 2.11395 0.698703 2.13771 5.02486 14.757
144 5.74 0.748064 2.15264 0.698302 2.17424 5.05653 15.0215
145 5.78 0.737168 2.19129 0.698239 2.21128 4.97769 15.2855
146 5.82 0.735692 2.23041 0.665891 2.24709 5.02253 15.5556
147 5.86 0.730918 2.2698 0.683681 2.28437 5.18604 15.8384
148 5.9 0.721665 2.30923 0.670844 2.32145 5.1084 16.1207
149 5.94 0.738516 2.35013 0.673402 2.35917 5.20634 16.4124
150 5.98 0.741897 2.39177 0.677565 2.39765 5.27684 16.712
151 6.02 0.732371 2.43343 0.679816 2.43676 5.52221 17.0298
152 6.06 0.734563 2.47577 0.688152 2.47689 5.61173 17.357
153 6.1 0.730636 2.51845 0.6889 2.51759 5.69245 17.6933
154 6.14 0.740799 2.56228 0.696914 2.5593 5.83615 18.0427
155 6.18 0.737812 2.60651 0.704599 2.60203 6.03719 18.4087
156 6.22 0.730911 2.6509 0.714128 2.6459 6.13991 18.7859
157 6.26 0.723201 2.69538 0.717085 2.69052 6.2416 19.1743
158 6.3 0.730615 2.74089 0.735866 2.73689 6.25703 19.5686
159 6.34 0.741208 2.78766 0.736136 2.78387 6.41569 19.978
160 6.38 0.740955 2.835 0.749911 2.83234 6.47584 20.3966
161 6.42 0.743403 2.88309 0.756802 2.88186 6.52858 20.8238
162 6.46 0.746282 2.93197 0.774555 2.93319 6.49557 21.2542
163 6.5 0.743466 2.98127 0.788401 2.98607 6.76158 21.7078
164 6.54 0.741254 3.03104 0.790917 3.03979 6.79515 22.1693
165 6.58 0.739349 3.08128 0.804665 3.0951 6.81665 22.6379
166 6.62 0.739995 3.13218 0.819414 3.15212 6.88291 23.1168
167 6.66 0.747156 3.1842 0.829904 3.21057 6.84296 23.5987
168 6.7 0.751085 3.23712 0.842584 3.27062 6.97631 24.0959
169 6.74 0.756882 3.29109 0.855615 3.33234 6.92496 24.5954
170 6.78 0.766879 3.34642 0.851361 3.39447 7.0136 25.1073
171 6.82 0.774201 3.40294 0.85597 3.45769 6.93766 25.6197
172 6.86 0.783635 3.46082 0.863989 3.52224 6.94696 26.1388
173 6.9 0.789276 3.5198 0.874545 3.58835 6.79474 26.6524
174 6.94 0.79982 3.58027 0.867539 3.6547 6.72255 27.1665
175 6.98 0.795806 3.64112 0.868423 3.72188 6.81993 27.694
176 7.02 0.805372 3.70342 0.866517 3.78968 6.823 28.2279
177 7.06 0.820456 3.76761 0.874817 3.85891 6.78125 28.7646
178 7.1 0.814063 3.83202 0.873153 3.9288 6.75128 29.305
179 7.14 0.811049 3.89692 0.870767 3.99928 6.64128 29.8425
180 7.18 0.818258 3.96313 0.871551 4.07062 6.7451 30.3946
181 7.22 0.822481 4.03042 0.871074 4.14271 6.68146 30.9476
182 7.26 0.82276 4.09849 0.869196 4.21545 6.58921 31.4991
183 7.3 0.822078 4.16725 0.860121 4.28823 6.60385 32.0578
184 7.34 0.827297 4.23721 0.866139 4.36232 6.53997 32.6173
185 7.38 0.823072 4.30757 0.861571 4.43683 6.47412 33.1771
186 7.42 0.832479 4.37951 0.848276 4.51098 6.44975 33.7409
187 7.46 0.829993 4.45201 0.852151 4.58628 6.35857 34.3028
188 7.5 0.839441 4.52612 0.848387 4.66205 6.27002 34.8628
189 7.54 0.837117 4.60082 0.842935 4.73814 6.3252 35.4337
190 7.58 0.838154 4.67641 0.833958 4.81422 6.22406 36.0015
191 7.62 0.843467 4.75328 0.836011 4.89129 6.11772 36.5656
192 7.66 0.841242 4.83076 0.826938 4.96833 6.01464 37.1259
193 7.7 0.832362 4.90822 0.831304 5.04659 5.99091 37.6899
194 7.74 0.83526 4.98676 0.827432 5.12529 5.95418 38.2562
195 7.78 0.843181 5.06686 0.827007 5.20477 5.87269 38.8206
196 7.82 0.833985 5.14691 0.819777 5.28437 5.86412 39.39
197 7.86 0.839385 5.2283 0.813983 5.36421 5.82721 39.9616
198 7.9 0.835799 5.31018 0.816561 5.44513 5.77128 40.5335
199 7.94 0.837581 5.39306 0.81295 5.5265 5.72516 41.1066
200 7.98 0.825966 5.47562 0.812446 5.60865 5.67108 41.68
46000 200
1 0.02 0 0 0 0 0 0
2 0.06 0 0 0 0 0 0
3 0.1 0 0 0 0 0 0
4 0.14 0 0 0 0 0 0
5 0.18 0 0 0 0 0 0
6 0.22 0 0 0 0 0 0
7 0.26 0 0 0 0 0 0
8 0.3 0 0 0 0 0 0
9 0.34 0 0 0 0 0 0
10 0.38 0 0 0 0 0 0
11 0.42 0 0 0 0 0 0
12 0.46 0 0 0 0 0 0
13 0.5 0 0 0 0 0 0
14 0.54 0 0 0 0 0 0
15 0.58 0 0 0 0 0 0
16 0.62 0 0 0 0 0 0
17 0.66 0 0 0 0 0 0
18 0.7 0 0 0 0 0 0
19 0.74 0 0 0 0 0 0
20 0.78 0 0 0 0 0 0
21 0.82 0 0 0 0 0 0
22 0.86 0 0 0 0 0 0
23 0.9 0 0 0 0 0 0
24 0.94 0 0 0 0 0 0
25 0.98 0 0 0 0 0 0
26 1.02 0 0 0 0 0 0
27 1.06 0 0 0 0 0 0
28 1.1 0 0 0 0 0 0
29 1.14 0 0 0 0 0 0
30 1.18 0 0 0 0 0 0
31 1.22 0 0 0 0 0 0
32 1.26 0 0 0 0 0 0
33 1.3 0 0 0 0 0 0
34 1.34 0 0 0 0 0 0
35 1.38 0 0 0 0 0 0
36 1.42 0 0 0 0 0 0
37 1.46 0 0 0 0 0 0
38 1.5 0 0 0 0 0 0
39 1.54 0 0 0 0 0 0
40 1.58 0 0 0 0 0 0
41 1.62 0 0 0 0 0.00771659 3.21647e-05
42 1.66 0 0 0 0 0.26458 0.00119009
43 1.7 0 0 0 0 7.67347 0.0364104
44 1.74 0 0 0 0 53.1392 0.291927
45 1.78 0 0 0 0 126.242 0.927179
46 1.82 0 0 0 0 145.999 1.69524
47 1.86 0 0 0 0 104.429 2.26903
48 1.9 0 0 0 0 57.4475 2.59839
49 1.94 0 0 0 0 28.7086 2.76999
50 1.98 0 0 0 0 13.1525 2.85188
51 2.02 0 0 0 0 6.18438 2.89196
52 2.06 0 0 0 0 3.4696 2.91534
53 2.1 0 0 0 0 1.77728 2.92779
54 2.14 0 0 0.000520778 3.78788e-06 1.0702 2.93557
55 2.18 0 0 0.00225828 2.08333e-05 0.681858 2.94072
56 2.22 0 0 0.011131 0.000107955 0.50545 2.94468
57 2.26 0 0 0.0422599 0.000450758 0.313246 2.94722
58 2.3 0 0 0.141345 0.00163826 0.313938 2.94986
59 2.34 0 0 0.360661 0.00477462 0.277403 2.95227
60 2.38 0.000638919 5.68182e-06 0.718545 0.0112386 0.2467 2.95449
61 2.42 0.00556156 5.68182e-05 1.22809 0.022661 0.290494 2.95719
62 2.46 0.031098 0.000352273 1.76153 0.0395909 0.338022 2.96044
63 2.5 0.100947 0.0013428 2.26391 0.0620625 0.476355 2.96517
64 2.54 0.247005 0.0038447 2.57857 0.088483 0.580752 2.97112
65 2.58 0.520858 0.00928788 2.75848 0.117644 0.702848 2.97855
66 2.62 0.893284 0.0189148 2.6881 0.146949 1.06509 2.99016
67 2.66 1.41613 0.0346458 2.53977 0.175489 1.2165 3.00383
68 2.7 1.87473 0.0561023 2.33159 0.202483 1.3363 3.0193
69 2.74 2.30775 0.083303 2.05593 0.226996 1.38119 3.03577
70 2.78 2.59271 0.114761 1.80662 0.24917 1.22644 3.05082
71 2.82 2.71021 0.148598 1.56483 0.268934 1.06201 3.06423
72 2.86 2.69747 0.183239 1.38155 0.286881 0.943359 3.07649
73 2.9 2.50264 0.216282 1.19708 0.302869 0.888637 3.08836
74 2.94 2.3362 0.247985 1.05849 0.3174 0.927863 3.10109
75 2.98 2.03984 0.276424 0.949023 0.330784 0.8598 3.11322
76 3.02 1.80747 0.302305 0.83867 0.342932 0.906015 3.12634
77 3.06 1.58582 0.325617 0.780334 0.354536 0.923578 3.14008
78 3.1 1.40407 0.346801 0.711807 0.3654 0.988403 3.15516
79 3.14 1.20665 0.365479 0.663426 0.375788 1.06609 3.17186
80 3.18 1.07604 0.382562 0.644956 0.386146 1.20968 3.19128
81 3.22 0.959537 0.398182 0.589694 0.395856 1.24427 3.21177
82 3.26 0.844414 0.412271 0.58732 0.405769 1.47501 3.23667
83 3.3 0.788286 0.425748 0.561886 0.415487 1.60313 3.26439
84 3.34 0.722587 0.438403 0.560056 0.425409 1.8155 3.29656
85 3.38 0.689429 0.450769 0.560659 0.435581 2.099 3.33464
86 3.42 0.654212 0.462782 0.542829 0.445665 2.3861 3.37896
87 3.46 0.623051 0.474492 0.534634 0.45583 2.73387 3.43094
88 3.5 0.614503 0.486311 0.563956 0.466801 3.04044 3.49009
89 3.54 0.616195 0.498434 0.579069 0.478326 3.55392 3.56082
90 3.58 0.6378 0.511267 0.589649 0.490328 3.8732 3.63966
91 3.62 0.634277 0.524316 0.610363 0.50303 4.27024 3.72853
92 3.66 0.63994 0.537775 0.634041 0.516519 4.44654 3.82313
93 3.7 0.679581 0.552381 0.640181 0.530438 4.76219 3.92666
94 3.74 0.711175 0.567998 0.690247 0.545771 4.96062 4.03686
95 3.78 0.750155 0.584826 0.699586 0.561646 5.02484 4.15088
96 3.82 0.772556 0.602525 0.725466 0.578458 5.29075 4.2735
97 3.86 0.810794 0.621491 0.75637 0.596356 5.18167 4.39611
98 3.9 0.865154 0.64215 0.778022 0.61515 5.09854 4.51927
99 3.94 0.904329 0.664189 0.813468 0.635205 5.11819 4.64545
100 3.98 0.936126 0.68747 0.825282 0.655966 4.93401 4.76957
101 4.02 0.977458 0.712269 0.847313 0.677712 4.68843 4.8899
102 4.06 0.991959 0.737939 0.850233 0.69997 4.55718 5.0092
103 4.1 1.01856 0.76482 0.864582 0.723051 4.35304 5.12541
104 4.14 1.01431 0.792114 0.870918 0.746758 4.20197 5.23979
105 4.18 1.00659 0.819725 0.894667 0.771583 4.35144 5.36053
106 4.22 0.996066 0.847574 0.912343 0.797386 4.33872 5.48324
107 4.26 0.980641 0.875513 0.927359 0.824114 4.66831 5.61779
108 4.3 0.942842 0.902883 0.955785 0.85218 4.72644 5.75658
109 4.34 0.93419 0.930508 0.99884 0.882059 4.97092 5.90528
110 4.38 0.906013 0.957795 1.01791 0.913072 5.27749 6.06607
111 4.42 0.884501 0.984924 1.05122 0.945687 5.68932 6.24259
112 4.46 0.863248 1.01188 1.07453 0.979633 5.88811 6.42859
113 4.5 0.87323 1.03964 1.10086 1.01504 6.23496 6.62911
114 4.54 0.856856 1.06737 1.11233 1.05145 6.55988 6.84384
115 4.58 0.874219 1.09616 1.11896 1.08872 6.57615 7.06291
116 4.62 0.879154 1.12562 1.12202 1.12676 6.90116 7.29685
117 4.66 0.87357 1.1554 1.1141 1.16518 6.98464 7.53773
118 4.7 0.886834 1.18616 1.11104 1.20416 7.01938 7.78398
119 4.74 0.89491 1.21773 1.06503 1.24216 7.40981 8.04838
120 4.78 0.905338 1.2502 1.04947 1.28024 7.26858 8.31213
121 4.82 0.917635 1.28367 1.01323 1.31762 7.21383 8.57829
122 4.86 0.924861 1.31797 0.998188 1.35507 7.52773 8.86066
123 4.9 0.928315 1.35296 0.985783 1.39266 7.37496 9.14188
124 4.94 0.938553 1.38892 0.964021 1.43002 7.51332 9.43307
125 4.98 0.941145 1.42556 0.952059 1.46752 7.47392 9.72744
126 5.02 0.936883 1.46263 0.933019 1.50486 7.38425 10.023
127 5.06 0.932304 1.5001 0.922751 1.54238 7.42062 10.3247
128 5.1 0.918203 1.5376 0.929379 1.58077 7.3662 10.629
129 5.14 0.906067 1.57518 0.888067 1.61803 7.1232 10.9279
130 5.18 0.911997 1.6136 0.893738 1.65612 7.05815 11.2286
131 5.22 0.898387 1.65203 0.878168 1.69412 6.8731 11.5261
132 5.26 0.883163 1.69039 0.86344 1.73206 6.64965 11.8182
133 5.3 0.863655 1.72848 0.855806 1.77023 6.37157 12.1025
134 5.34 0.863159 1.76712 0.825342 1.80761 6.07831 12.3777
135 5.38 0.857499 1.80609 0.806564 1.84469 5.8847 12.6482
136 5.42 0.836634 1.84467 0.791253 1.8816 5.68095 12.9133
137 5.46 0.816127 1.88287 0.770382 1.91808 5.53756 13.1755
138 5.5 0.809602 1.92132 0.769507 1.95504 5.36893 13.4334
139 5.54 0.798346 1.95978 0.763446 1.99226 5.42166 13.6977
140 5.58 0.783842 1.9981 0.737335 2.02872 5.24341 13.9569
141 5.62 0.776315 2.03659 0.721438 2.0649 5.2742 14.2215
142 5.66 0.769974 2.07532 0.717308 2.1014 5.1449 14.4832
143 5.7 0.752188 2.11369 0.701623 2.1376 5.07233 14.745
144 5.74 0.746098 2.15228 0.696294 2.17403 5.08855 15.0112
145 5.78 0.740502 2.19112 0.687334 2.2105 5.18872 15.2865
146 5.82 0.736555 2.23029 0.681298 2.24715 5.04768 15.5581
147 5.86 0.734122 2.26987 0.68356 2.28443 5.10937 15.8367
148 5.9 0.731341 2.30983 0.671272 2.32154 5.21194 16.1248
149 5.94 0.731267 2.35034 0.664763 2.35879 5.24072 16.4185
150 5.98 0.732449 2.39146 0.67871 2.39734 5.35492 16.7226
151 6.02 0.728739 2.43292 0.688412 2.43696 5.39855 17.0333
152 6.06 0.739747 2.47557 0.686206 2.47698 5.69537 17.3655
153 6.1 0.733254 2.51841 0.691819 2.51786 5.77062 17.7065
154 6.14 0.727635 2.56148 0.692513 2.55932 5.92344 18.0611
155 6.18 0.737801 2.60571 0.711588 2.60248 5.93399 18.4211
156 6.22 0.730244 2.65007 0.720344 2.64674 6.0207 18.791
157 6.26 0.732085 2.69511 0.725805 2.69191 6.20916 19.1774
158 6.3 0.733638 2.74082 0.716317 2.73706 6.18669 19.5674
159 6.34 0.741038 2.78759 0.734987 2.78398 6.35776 19.9732
160 6.38 0.745615 2.83523 0.753487 2.83269 6.39075 20.3864
161 6.42 0.737933 2.88298 0.75926 2.88239 6.44944 20.8085
162 6.46 0.737322 2.93129 0.770547 2.93346 6.61249 21.2468
163 6.5 0.74241 2.98053 0.777379 2.98562 6.75426 21.7
164 6.54 0.748304 3.03078 0.794638 3.0396 6.83383 22.1642
165 6.58 0.747844 3.08162 0.813955 3.09556 6.86561 22.6362
166 6.62 0.750147 3.13323 0.815361 3.15231 6.80878 23.1101
167 6.66 0.747391 3.18527 0.827723 3.21062 6.94639 23.5995
168 6.7 0.752523 3.23831 0.842495 3.27068 7.01351 24.0995
169 6.74 0.752089 3.29195 0.850535 3.33204 7.02369 24.6062
170 6.78 0.765731 3.34721 0.852254 3.39426 6.89302 25.1094
171 6.82 0.773789 3.40371 0.852723 3.45725 7.0005 25.6265
172 6.86 0.778251 3.46121 0.865742 3.52195 6.87606 26.1404
173 6.9 0.791526 3.52037 0.868158 3.58759 6.87997 26.6606
174 6.94 0.7937 3.58039 0.879745 3.65489 6.73528 27.1758
175 6.98 0.798223 3.64144 0.861098 3.72151 6.7352 27.6969
176 7.02 0.798453 3.70322 0.865059 3.78922 6.68046 28.2197
177 7.06 0.810585 3.76665 0.874832 3.85847 6.86341 28.763
178 7.1 0.812751 3.83097 0.874228 3.92845 6.71517 29.3006
179 7.14 0.825345 3.89702 0.874823 3.99928 6.71562 29.8444
180 7.18 0.816549 3.96311 0.869152 4.07044 6.68305 30.3915
181 7.22 0.813172 4.02966 0.862843 4.14187 6.68069 30.9446
182 7.26 0.822616 4.09773 0.866191 4.21438 6.64802 31.5011
183 7.3 0.829155 4.1671 0.862317 4.28736 6.65478 32.0643
184 7.34 0.831003 4.23739 0.867068 4.36155 6.42757 32.6142
185 7.38 0.829639 4.30833 0.866123 4.43646 6.51314 33.1776
186 7.42 0.834324 4.38044 0.855425 4.51126 6.37727 33.7352
187 7.46 0.836935 4.45357 0.855962 4.58691 6.4106 34.3018
188 7.5 0.832621 4.52709 0.848318 4.66269 6.34455 34.8685
189 7.54 0.834016 4.60153 0.839594 4.7385 6.25889 35.4336
190 7.58 0.839094 4.67722 0.842939 4.81541 6.18985 35.9985
191 7.62 0.831242 4.753 0.834381 4.89235 6.0605 36.5573
192 7.66 0.834427 4.82986 0.825669 4.96929 6.03949 37.1201
193 7.7 0.837236 4.9078 0.832278 5.04766 6.05273 37.69
194 7.74 0.834062 4.98624 0.822664 5.12593 5.96565 38.2576
195 7.78 0.837764 5.06585 0.82522 5.20526 5.9279 38.8274
196 7.82 0.844092 5.14689 0.824287 5.28531 5.88694 39.3992
197 7.86 0.838489 5.22821 0.810881 5.36487 5.79144 39.9674
198 7.9 0.837268 5.31025 0.816143 5.44576 5.71413 40.5337
199 7.94 0.828183 5.39222 0.813275 5.52719 5.64931 41.0994
200 7.98 0.829393 5.47514 0.805891 5.60869 5.59917 41.6656
47000 200
1 0.02 0 0 0 0 0 0
2 0.06 0 0 0 0 0 0
3 0.1 0 0 0 0 0 0
4 0.14 0 0 0 0 0 0
5 0.18 0 0 0 0 0 0
6 0.22 0 0 0 0 0 0
7 0.26 0 0 0 0 0 0
8 0.3 0 0 0 0 0 0
9 0.34 0 0 0 0 0 0
10 0.38 0 0 0 0 0 0
11 0.42 0 0 0 0 0 0
12 0.46 0 0 0 0 0 0
13 0.5 0 0 0 0 0 0
14 0.54 0 0 0 0 0 0
15 0.58 0 0 0 0 0 0
16 0.62 0 0 0 0 0 0
17 0.66 0 0 0 0 0 0
18 0.7 0 0 0 0 0 0
19 0.74 0 0 0 0 0 0
20 0.78 0 0 0 0 0 0
21 0.82 0 0 0 0 0 0
22 0.86 0 0 0 0 0 0
23 0.9 0 0 0 0 0 0
24 0.94 0 0 0 0 0 0
25 0.98 0 0 0 0 0 0
26 1.02 0 0 0 0 0 0
27 1.06 0 0 0 0 0 0
28 1.1 0 0 0 0 0 0
29 1.14 0 0 0 0 0 0
30 1.18 0 0 0 0 0 0
31 1.22 0 0 0 0 0 0
32 1.26 0 0 0 0 0 0
33 1.3 0 0 0 0 0 0
34 1.34 0 0 0 0 0 0
35 1.38 0 0 0 0 0 0
36 1.42 0 0 0 0 0 0
37 1.46 0 0 0 0 0 0
38 1.5 0 0 0 0 0 0
39 1.54 0 0 0 0 0 0
40 1.58 0 0 0 0 0 0
41 1.62 0 0 0 0 0 0
42 1.66 0 0 0 0 0.249811 0.0010936
43 1.7 0 0 0 0 7.27923 0.0345127
44 1.74 0 0 0 0 53.2123 0.290447
45 1.78 0 0 0 0 125.04 0.919813
46 1.82 0 0 0 0 145.742 1.68672
47 1.86 0 0 0 0 107.3 2.27642
48 1.9 0 0 0 0 57.2084 2.6045
49 1.94 0 0 0 0 27.7595 2.77047
50 1.98 0 0 0 0 13.3248 2.85346
51 2.02 0 0 0 0 5.91482 2.8918
52 2.06 0 0 0 0 3.19676 2.91335
53 2.1 0 0 0.00027042 1.89394e-06 1.8319 2.92618
54 2.14 0 0 0.000260277 3.78788e-06 1.01691 2.93358
55 2.18 0 0 0.00225787 2.08333e-05 0.745587 2.93921
56 2.22 0 0 0.00870906 8.90152e-05 0.534083 2.94339
57 2.26 0 0 0.0452827 0.000456439 0.376602 2.94645
58 2.3 0 0 0.152128 0.00173485 0.336819 2.94928
59 2.34 0 0 0.337489 0.00467045 0.306918 2.95195
60 2.38 0.00106461 9.4697e-06 0.707835 0.0110398 0.310974 2.95474
61 2.42 0.00638431 6.81818e-05 1.20172 0.0222197 0.269672 2.95725
62 2.46 0.0302918 0.000356061 1.78885 0.0394167 0.347976 2.9606
63 2.5 0.0951328 0.00128977 2.27154 0.0619697 0.476215 2.96533
64 2.54 0.24825 0.00380492 2.59047 0.0885189 0.696713 2.97247
65 2.58 0.516559 0.00920455 2.754 0.11764 0.790867 2.98083
66 2.62 0.924849 0.0191742 2.73065 0.147417 1.14153 2.99328
67 2.66 1.3902 0.0346212 2.55715 0.176159 1.21619 3.00695
68 2.7 1.88086 0.0561534 2.3076 0.202883 1.30541 3.02206
69 2.74 2.29927 0.0832614 2.05841 0.227432 1.37813 3.0385
70 2.78 2.61638 0.115015 1.80584 0.249602 1.16844 3.05285
71 2.82 2.70679 0.148818 1.55514 0.269248 1.06936 3.06636
72 2.86 2.69604 0.183449 1.36749 0.287017 0.930733 3.07845
73 2.9 2.51906 0.216718 1.18657 0.302869 0.898054 3.09045
74 2.94 2.3049 0.248004 1.07436 0.317621 0.911244 3.10296
75 2.98 2.07136 0.27689 0.958446 0.331142 0.777491 3.11393
76 3.02 1.79576 0.30261 0.858976 0.343587 0.89914 3.12695
77 3.06 1.56249 0.325585 0.776441 0.355136 0.854165 3.13966
78 3.1 1.39906 0.346699 0.682712 0.365559 1.01133 3.1551
79 3.14 1.21551 0.365519 0.661924 0.375926 1.09869 3.17231
80 3.18 1.07815 0.38264 0.641721 0.386235 1.26743 3.19267
81 3.22 0.958933 0.398254 0.588622 0.39593 1.33574 3.21467
82 3.26 0.8459 0.412371 0.583691 0.405784 1.43463 3.23889
83 3.3 0.79351 0.425941 0.574335 0.41572 1.67339 3.26784
84 3.34 0.733536 0.438792 0.560233 0.425648 1.76601 3.29913
85 3.38 0.679962 0.450991 0.535572 0.435367 2.06656 3.33664
86 3.42 0.645387 0.462845 0.549005 0.445568 2.30929 3.37954
87 3.46 0.62561 0.474606 0.54844 0.455998 2.6249 3.42946
88 3.5 0.617498 0.486485 0.579769 0.46728 3.17848 3.49132
89 3.54 0.609203 0.498473 0.574451 0.478716 3.57238 3.56243
90 3.58 0.625495 0.511062 0.577963 0.490483 3.83898 3.64059
91 3.62 0.653442 0.524509 0.611478 0.503212 4.1023 3.72599
92 3.66 0.662914 0.538455 0.629425 0.516606 4.30785 3.81766
93 3.7 0.676497 0.552998 0.638538 0.530492 4.79202 3.92187
94 3.74 0.706079 0.568508 0.683417 0.545678 4.94195 4.03168
95 3.78 0.737976 0.585066 0.704082 0.561659 5.20069 4.14973
96 3.82 0.780377 0.602949 0.727892 0.578532 5.26858 4.27186
97 3.86 0.801844 0.62171 0.751534 0.59632 5.18443 4.39456
98 3.9 0.87452 0.642598 0.772649 0.614989 5.2969 4.52255
99 3.94 0.887782 0.664241 0.808342 0.634922 5.06339 4.64741
100 3.98 0.933902 0.687472 0.815659 0.655447 4.82664 4.76886
101 4.02 0.973399 0.712174 0.850043 0.677269 4.79622 4.89199
102 4.06 1.00399 0.738163 0.850085 0.699528 4.43439 5.00811
103 4.1 1.01621 0.764989 0.863443 0.722585 4.48803 5.12795
104 4.14 1.01904 0.792417 0.893087 0.746902 4.31193 5.24535
105 4.18 1.02297 0.820485 0.899006 0.771854 4.31324 5.36507
106 4.22 1.00095 0.848477 0.903675 0.797419 4.31375 5.4871
107 4.26 0.983844 0.876515 0.930865 0.824254 4.4183 5.61447
108 4.3 0.946775 0.904006 0.954251 0.852282 4.77997 5.75487
109 4.34 0.928508 0.93147 0.983772 0.881718 5.00939 5.90476
110 4.38 0.888303 0.958231 1.02859 0.913064 5.25924 6.06504
111 4.42 0.877356 0.985148 1.05357 0.945761 5.55726 6.2375
112 4.46 0.853809 1.01182 1.06514 0.979419 6.07084 6.42933
113 4.5 0.863714 1.03928 1.10358 1.01492 6.23332 6.62985
114 4.54 0.874539 1.06759 1.13136 1.05196 6.47371 6.84181
115 4.58 0.872904 1.09634 1.12436 1.08943 6.62849 7.06269
116 4.62 0.859547 1.12516 1.13257 1.12783 6.71724 7.29045
117 4.66 0.873229 1.15493 1.11014 1.16612 7.11338 7.53583
118 4.7 0.895505 1.186 1.09278 1.20447 7.1056 7.78517
119 4.74 0.900529 1.21777 1.0707 1.24269 7.19433 8.04194
120 4.78 0.910967 1.25046 1.03641 1.2803 7.19139 8.30296
121 4.82 0.920777 1.28405 1.01631 1.31781 7.41677 8.57668
122 4.86 0.920691 1.3182 0.997224 1.35523 7.41343 8.85484
123 4.9 0.941334 1.35369 0.977386 1.39251 7.54345 9.14255
124 4.94 0.929959 1.38933 0.956542 1.42959 7.53045 9.43448
125 4.98 0.934625 1.42573 0.949409 1.46699 7.46382 9.72853
126 5.02 0.930944 1.46257 0.937605 1.50452 7.42173 10.0256
127 5.06 0.92806 1.49988 0.929034 1.54231 7.28427 10.3219
128 5.1 0.916064 1.5373 0.923452 1.58047 7.31137 10.624
129 5.14 0.907022 1.57493 0.916085 1.61891 7.18421 10.9255
130 5.18 0.918911 1.61365 0.891644 1.65692 7.04577 11.2258
131 5.22 0.894127 1.65191 0.875621 1.69482 6.85198 11.5224
132 5.26 0.880011 1.69015 0.864167 1.7328 6.71086 11.8174
133 5.3 0.873649 1.72868 0.842171 1.77038 6.38288 12.1022
134 5.34 0.866952 1.76751 0.817183 1.8074 6.24643 12.3851
135 5.38 0.852569 1.80626 0.810639 1.84467 5.83073 12.6532
136 5.42 0.835886 1.84482 0.804847 1.88223 5.67881 12.9182
137 5.46 0.815267 1.88298 0.772746 1.91882 5.49945 13.1787
138 5.5 0.805526 1.92125 0.768086 1.95573 5.45389 13.4408
139 5.54 0.801361 1.95987 0.757772 1.99268 5.2824 13.6983
140 5.58 0.785847 1.9983 0.742885 2.02942 5.32009 13.9614
141 5.62 0.784323 2.0372 0.721517 2.06562 5.28629 14.2267
142 5.66 0.767219 2.0758 0.714852 2.102 5.24029 14.4933
143 5.7 0.747318 2.11392 0.700305 2.13815 5.02178 14.7525
144 5.74 0.743418 2.15239 0.692063 2.17437 5.2169 15.0256
145 5.78 0.739047 2.19116 0.682802 2.2106 5.08253 15.2953
146 5.82 0.739891 2.23052 0.674927 2.24692 5.06193 15.5677
147 5.86 0.731963 2.26999 0.687931 2.28445 5.06146 15.8438
148 5.9 0.734236 2.31013 0.670448 2.32152 5.12566 16.1272
149 5.94 0.7279 2.35046 0.67199 2.35919 5.35185 16.4272
150 5.98 0.727943 2.39134 0.675203 2.39754 5.30823 16.7287
151 6.02 0.732045 2.433 0.677509 2.43655 5.39155 17.0391
152 6.06 0.741363 2.47575 0.688887 2.47673 5.56877 17.364
153 6.1 0.734751 2.51868 0.696223 2.51789 5.78328 17.7058
154 6.14 0.729175 2.56185 0.693442 2.55941 5.81827 18.0543
155 6.18 0.739253 2.60619 0.701133 2.60195 6.01302 18.4191
156 6.22 0.731426 2.65063 0.710174 2.6456 6.12488 18.7955
157 6.26 0.73882 2.69609 0.715152 2.69012 6.12384 19.1767
158 6.3 0.727432 2.74143 0.731693 2.73625 6.22387 19.5691
159 6.34 0.738565 2.78805 0.74144 2.78359 6.47704 19.9827
160 6.38 0.739319 2.83531 0.744389 2.83173 6.46124 20.4005
161 6.42 0.741488 2.8833 0.754725 2.88114 6.54505 20.829
162 6.46 0.738172 2.93168 0.779434 2.93281 6.54186 21.2627
163 6.5 0.734483 2.98041 0.786182 2.98558 6.68973 21.7117
164 6.54 0.736946 3.02991 0.791534 3.03936 6.74874 22.1702
165 6.58 0.74896 3.08083 0.806943 3.09486 6.78105 22.6366
166 6.62 0.750694 3.13249 0.825404 3.15232 6.90126 23.117
167 6.66 0.746329 3.18448 0.832161 3.21095 7.01629 23.6114
168 6.7 0.754909 3.23769 0.836646 3.27061 6.95305 24.1072
169 6.74 0.754044 3.29148 0.854069 3.33225 6.96616 24.6099
170 6.78 0.768392 3.34695 0.854601 3.39465 6.95245 25.1176
171 6.82 0.767938 3.40304 0.865011 3.45856 6.88075 25.626
172 6.86 0.783046 3.46091 0.869447 3.52356 6.91087 26.1427
173 6.9 0.788383 3.51985 0.862674 3.5888 6.90455 26.6648
174 6.94 0.797353 3.58016 0.866696 3.65512 6.72303 27.1792
175 6.98 0.801531 3.64148 0.854317 3.72123 6.74426 27.7012
176 7.02 0.803215 3.70364 0.874172 3.78967 6.77773 28.2318
177 7.06 0.810885 3.76711 0.873291 3.85881 6.73975 28.7654
178 7.1 0.814909 3.83162 0.869343 3.92843 6.86448 29.3151
179 7.14 0.805187 3.89608 0.86391 3.99839 6.7691 29.8633
180 7.18 0.820034 3.96247 0.872514 4.06984 6.5686 30.4012
181 7.22 0.821617 4.02973 0.872796 4.14212 6.62535 30.9499
182 7.26 0.820504 4.09764 0.869426 4.21491 6.53797 31.4973
183 7.3 0.826813 4.16683 0.868718 4.28845 6.48436 32.0462
184 7.34 0.830387 4.23708 0.855847 4.3617 6.56837 32.6083
185 7.38 0.833632 4.30838 0.865069 4.43655 6.61222 33.1804
186 7.42 0.828632 4.38002 0.856677 4.51147 6.46058 33.7454
187 7.46 0.834919 4.45299 0.854433 4.58701 6.3591 34.3076
188 7.5 0.833501 4.52662 0.84685 4.66268 6.28172 34.8689
189 7.54 0.834522 4.60112 0.842668 4.73878 6.23021 35.4316
190 7.58 0.840117 4.67692 0.841746 4.81561 6.13644 35.9917
191 7.62 0.834727 4.75303 0.832029 4.89235 6.16949 36.5607
192 7.66 0.844241 4.83082 0.833665 4.97005 6.05104 37.1247
193 7.7 0.844607 4.90946 0.830677 5.04829 6.00985 37.6908
194 7.74 0.831167 4.98765 0.828778 5.12716 5.98236 38.2601
195 7.78 0.833623 5.06689 0.8268 5.20666 5.96316 38.8335
196 7.82 0.83904 5.14746 0.805612 5.28492 5.90164 39.4068
197 7.86 0.844207 5.22937 0.818216 5.36522 5.75487 39.9715
198 7.9 0.833168 5.31102 0.820537 5.44657 5.737 40.5403
199 7.94 0.829442 5.39314 0.807277 5.52741 5.68961 41.1101
200 7.98 0.81973 5.47511 0.807386 5.60909 5.63556 41.6802
48000 200
1 0.02 0 0 0 0 0 0
2 0.06 0 0 0 0 0 0
3 0.1 0 0 0 0 0 0
4 0.14 0 0 0 0 0 0
5 0.18 0 0 0 0 0 0
6 0.22 0 0 0 0 0 0
7 0.26 0 0 0 0 0 0
8 0.3 0 0 0 0 0 0
9 0.34 0 0 0 0 0 0
10 0.38 0 0 0 0 0 0
11 0.42 0 0 0 0 0 0
12 0.46 0 0 0 0 0 0
13 0.5 0 0 0 0 0 0
14 0.54 0 0 0 0 0 0
15 0.58 0 0 0 0 0 0
16 0.62 0 0 0 0 0 0
17 0.66 0 0 0 0 0 0
18 0.7 0 0 0 0 0 0
19 0.74 0 0 0 0 0 0
20 0.78 0 0 0 0 0 0
21 0.82 0 0 0 0 0 0
22 0.86 0 0 0 0 0 0
23 0.9 0 0 0 0 0 0
24 0.94 0 0 0 0 0 0
25 0.98 0 0 0 0 0 0
26 1.02 0 0 0 0 0 0
27 1.06 0 0 0 0 0 0
28 1.1 0 0 0 0 0 0
29 1.14 0 0 0 0 0 0
30 1.18 0 0 0 0 0 0
31 1.22 0 0 0 0 0 0
32 1.26 0 0 0 0 0 0
33 1.3 0 0 0 0 0 0
34 1.34 0 0 0 0 0 0
35 1.38 0 0 0 0 0 0
36 1.42 0 0 0 0 0 0
37 1.46 0 0 0 0 0 0
38 1.5 0 0 0 0 0 0
39 1.54 0 0 0 0 0 0
40 1.58 0 0 0 0 0 0
41 1.62 0 0 0 0 0 0
42 1.66 0 0 0 0 0.161639 0.000707623
43 1.7 0 0 0 0 7.3624 0.0345127
44 1.74 0 0 0 0 51.4486 0.281988
45 1.78 0 0 0 0 126.701 0.919781
46 1.82 0 0 0 0 147.035 1.69357
47 1.86 0 0 0 0 106.621 2.27961
48 1.9 0 0 0 0 57.2246 2.60782
49 1.94 0 0 0 0 28.0097 2.7753
50 1.98 0 0 0 0 12.838 2.85526
51 2.02 0 0 0 0 6.1228 2.89495
52 2.06 0 0 0 0 3.04373 2.91547
53 2.1 0 0 0 0 1.67562 2.92721
54 2.14 0 0 0 0 1.03001 2.93471
55 2.18 0 0 0.00175566 1.32576e-05 0.766803 2.9405
56 2.22 0 0 0.0147561 0.000128788 0.484731 2.94429
57 2.26 0 0 0.0448118 0.000492424 0.396365 2.94751
58 2.3 0 0 0.136785 0.00164205 0.290873 2.94995
59 2.34 0 0 0.353782 0.0047197 0.314238 2.95269
60 2.38 0.000638917 5.68182e-06 0.708181 0.0110928 0.257353 2.955
61 2.42 0.00617725 6.25e-05 1.20749 0.0223277 0.300754 2.9578
62 2.46 0.0241105 0.000291667 1.77724 0.0394148 0.344583 2.96111
63 2.5 0.0997494 0.00127083 2.23831 0.0616402 0.508545 2.96616
64 2.54 0.247291 0.00377652 2.60019 0.0882917 0.611899 2.97243
65 2.58 0.521214 0.00922538 2.75443 0.11742 0.766485 2.98054
66 2.62 0.906847 0.0190019 2.72969 0.147189 1.06765 2.99218
67 2.66 1.39704 0.0345265 2.56851 0.176063 1.29906 3.00679
68 2.7 1.88959 0.056161 2.3036 0.202742 1.37749 3.02274
69 2.74 2.28941 0.0831553 2.06867 0.227417 1.27282 3.03792
70 2.78 2.59114 0.114606 1.81847 0.249744 1.20503 3.05272
71 2.82 2.6786 0.148061 1.56518 0.269519 0.990341 3.06523
72 2.86 2.70712 0.182837 1.36108 0.287206 0.98014 3.07797
73 2.9 2.54002 0.216386 1.20997 0.303373 0.844978 3.08926
74 2.94 2.33425 0.248074 1.05522 0.317864 0.794061 3.10016
75 2.98 2.07631 0.277032 0.924254 0.330903 0.838971 3.112
76 3.02 1.80839 0.302936 0.848172 0.343193 0.9545 3.12583
77 3.06 1.56568 0.32596 0.771529 0.35467 0.845415 3.1384
78 3.1 1.4018 0.347117 0.709064 0.365496 1.05124 3.15445
79 3.14 1.21624 0.365951 0.66392 0.375896 1.13963 3.17231
80 3.18 1.06826 0.382917 0.635063 0.386098 1.22124 3.19193
81 3.22 0.948962 0.398369 0.598101 0.395951 1.27705 3.21296
82 3.26 0.850016 0.412557 0.580379 0.40575 1.54877 3.23911
83 3.3 0.790102 0.42607 0.565627 0.415536 1.66022 3.26784
84 3.34 0.736168 0.438968 0.561138 0.425481 1.74402 3.29875
85 3.38 0.673766 0.451057 0.546783 0.435405 2.10171 3.33689
86 3.42 0.649441 0.462987 0.546098 0.445553 2.35063 3.38057
87 3.46 0.621515 0.474672 0.550569 0.456025 2.80732 3.43397
88 3.5 0.612606 0.486458 0.563844 0.466998 2.94849 3.49135
89 3.54 0.607606 0.498417 0.585618 0.478657 3.6302 3.56362
90 3.58 0.612633 0.510748 0.604321 0.490962 3.73433 3.63966
91 3.62 0.639393 0.523907 0.604509 0.503547 4.22234 3.72757
92 3.66 0.657799 0.537746 0.627854 0.516909 4.58555 3.82515
93 3.7 0.684094 0.552455 0.649176 0.531028 4.59783 3.92515
94 3.74 0.715752 0.568178 0.672185 0.545966 4.9299 4.03471
95 3.78 0.759079 0.585212 0.707925 0.562036 5.14635 4.15153
96 3.82 0.781453 0.603121 0.721203 0.578756 5.21667 4.27247
97 3.86 0.818431 0.622273 0.746009 0.596415 5.28301 4.39752
98 3.9 0.861514 0.642852 0.777582 0.615205 5.18316 4.52277
99 3.94 0.900589 0.664809 0.797668 0.634877 4.96376 4.64519
100 3.98 0.936247 0.6881 0.824911 0.655636 4.95782 4.76996
101 4.02 0.966585 0.712633 0.867656 0.677913 4.71933 4.89112
102 4.06 0.999057 0.738496 0.851803 0.70022 4.41427 5.00672
103 4.1 1.01209 0.765216 0.874698 0.72358 4.3045 5.12168
104 4.14 1.0015 0.792174 0.871926 0.747322 4.3658 5.24056
105 4.18 1.01464 0.820017 0.896807 0.772216 4.31166 5.36024
106 4.22 0.998341 0.847939 0.910539 0.797977 4.37576 5.48405
107 4.26 0.980283 0.875879 0.928798 0.824756 4.51604 5.61425
108 4.3 0.971526 0.904091 0.94003 0.852369 4.77841 5.75462
109 4.34 0.933152 0.931695 0.980254 0.881703 5.14536 5.90859
110 4.38 0.899207 0.958788 1.02128 0.91283 5.29039 6.06983
111 4.42 0.878009 0.985727 1.05163 0.94547 5.60954 6.24394
112 4.46 0.872155 1.01297 1.09027 0.979924 5.91648 6.43091
113 4.5 0.862915 1.04042 1.10988 1.01563 6.1707 6.62943
114 4.54 0.858184 1.0682 1.12286 1.0524 6.46128 6.84101
115 4.58 0.86666 1.09675 1.12902 1.09002 6.70219 7.06436
116 4.62 0.861039 1.12561 1.1238 1.12813 6.87303 7.29743
117 4.66 0.87248 1.15537 1.11897 1.16674 6.8768 7.53467
118 4.7 0.900435 1.18661 1.10572 1.20554 7.20928 7.78768
119 4.74 0.901082 1.2184 1.05467 1.24319 7.19001 8.04432
120 4.78 0.914457 1.25122 1.03965 1.28093 7.36967 8.31184
121 4.82 0.918918 1.28474 1.01554 1.31841 7.1921 8.57729
122 4.86 0.932593 1.31934 1.00182 1.356 7.40245 8.85507
123 4.9 0.920392 1.35405 0.985675 1.3936 7.49199 9.14085
124 4.94 0.937816 1.38999 0.967578 1.43111 7.49563 9.43146
125 4.98 0.937888 1.42652 0.935953 1.46799 7.50314 9.72708
126 5.02 0.924676 1.46312 0.934478 1.5054 7.51254 10.0279
127 5.06 0.931178 1.50056 0.922514 1.54293 7.31197 10.3253
128 5.1 0.927283 1.53844 0.920336 1.58096 7.29194 10.6266
129 5.14 0.917793 1.57652 0.904843 1.61894 7.27314 10.9319
130 5.18 0.906233 1.61471 0.899503 1.65728 7.12425 11.2356
131 5.22 0.89638 1.65307 0.878682 1.69532 6.75693 11.5281
132 5.26 0.871335 1.69093 0.858389 1.73305 6.69114 11.8222
133 5.3 0.873131 1.72945 0.848831 1.77093 6.24098 12.1007
134 5.34 0.863061 1.7681 0.819279 1.80805 6.21039 12.3821
135 5.38 0.848442 1.80667 0.804176 1.84503 5.94133 12.6553
136 5.42 0.825531 1.84476 0.784432 1.88164 5.703 12.9214
137 5.46 0.829384 1.88359 0.778104 1.91849 5.64896 13.189
138 5.5 0.817003 1.9224 0.780897 1.95602 5.47073 13.4519
139 5.54 0.792561 1.9606 0.752142 1.99269 5.35045 13.7128
140 5.58 0.786233 1.99905 0.747405 2.02966 5.21287 13.9706
141 5.62 0.774928 2.03749 0.726308 2.06611 5.13321 14.2282
142 5.66 0.76239 2.07585 0.705365 2.10201 5.09947 14.4877
143 5.7 0.755406 2.11439 0.705333 2.13841 5.18577 14.7554
144 5.74 0.74795 2.1531 0.691084 2.17459 5.00746 15.0175
145 5.78 0.745616 2.19222 0.687123 2.21106 5.07594 15.2869
146 5.82 0.735437 2.23134 0.683622 2.24785 5.15048 15.5641
147 5.86 0.723847 2.27038 0.685639 2.28525 5.07746 15.8411
148 5.9 0.738112 2.31073 0.674319 2.32254 5.17109 16.1271
149 5.94 0.723147 2.3508 0.674254 2.36034 5.28132 16.4231
150 5.98 0.732082 2.39192 0.673163 2.39858 5.20071 16.7186
151 6.02 0.733106 2.43364 0.692637 2.43846 5.47149 17.0336
152 6.06 0.736359 2.47611 0.679988 2.47813 5.65139 17.3633
153 6.1 0.731856 2.51888 0.688338 2.51883 5.81804 17.7073
154 6.14 0.741131 2.56276 0.702097 2.56088 5.8413 18.0571
155 6.18 0.73848 2.60706 0.701592 2.60345 6.0034 18.4214
156 6.22 0.738085 2.65191 0.710408 2.64711 6.03107 18.7921
157 6.26 0.734224 2.69709 0.722841 2.69211 6.19965 19.1781
158 6.3 0.732189 2.74273 0.725157 2.73784 6.31504 19.5763
159 6.34 0.741372 2.78953 0.743529 2.78532 6.34189 19.9812
160 6.38 0.738501 2.83674 0.752312 2.83397 6.44267 20.3979
161 6.42 0.735091 2.88433 0.762339 2.88389 6.52966 20.8254
162 6.46 0.737836 2.93269 0.770495 2.93497 6.54366 21.2593
163 6.5 0.744109 2.98206 0.788191 2.98788 6.65691 21.7061
164 6.54 0.736533 3.03154 0.795019 3.0419 6.70595 22.1618
165 6.58 0.744121 3.08213 0.801906 3.09706 6.78131 22.6282
166 6.62 0.747206 3.13356 0.821239 3.15424 6.87655 23.107
167 6.66 0.753023 3.18602 0.830678 3.21277 7.00595 23.6007
168 6.7 0.7544 3.2392 0.832709 3.27216 7.09983 24.107
169 6.74 0.756222 3.29316 0.846947 3.33328 6.96362 24.6096
170 6.78 0.76808 3.34861 0.858354 3.39597 7.02313 25.1225
171 6.82 0.768816 3.40477 0.853824 3.45906 6.83649 25.6277
172 6.86 0.776972 3.46219 0.860264 3.52338 6.84434 26.1394
173 6.9 0.789596 3.52123 0.865438 3.58884 6.80774 26.6543
174 6.94 0.796493 3.58148 0.872201 3.65558 6.85178 27.1786
175 6.98 0.797663 3.64252 0.869522 3.72288 6.8234 27.7068
176 7.02 0.809278 3.70515 0.862571 3.79041 6.87981 28.2454
177 7.06 0.814111 3.76888 0.876217 3.8598 6.76464 28.7811
178 7.1 0.818846 3.83371 0.872756 3.92969 6.72042 29.3193
179 7.14 0.815989 3.89904 0.867867 3.99998 6.67029 29.8595
180 7.18 0.811527 3.96474 0.866065 4.07091 6.63821 30.4032
181 7.22 0.822044 4.03204 0.869256 4.1429 6.66083 30.9548
182 7.26 0.823167 4.10018 0.870558 4.2158 6.60489 31.5079
183 7.3 0.824104 4.16915 0.876817 4.29003 6.62386 32.0687
184 7.34 0.819485 4.23849 0.864035 4.36399 6.53422 32.628
185 7.38 0.832791 4.30973 0.857624 4.4382 6.34687 33.1771
186 7.42 0.826621 4.3812 0.854143 4.51291 6.40919 33.7377
187 7.46 0.836134 4.45428 0.853813 4.5884 6.35667 34.2997
188 7.5 0.83796 4.52831 0.850215 4.66437 6.34228 34.8665
189 7.54 0.830873 4.60249 0.839772 4.74022 6.24739 35.4308
190 7.58 0.838351 4.67814 0.844396 4.8173 6.24891 36.0012
191 7.62 0.84193 4.75492 0.831593 4.89401 6.28672 36.5811
192 7.66 0.840665 4.83239 0.834798 4.97183 6.04803 37.1449
193 7.7 0.845275 4.9111 0.831113 5.05012 6.03827 37.7137
194 7.74 0.838571 4.98999 0.819125 5.12808 6.00505 38.2852
195 7.78 0.835988 5.06946 0.826484 5.20755 5.86888 38.8496
196 7.82 0.836548 5.14981 0.826017 5.2878 5.80471 39.4135
197 7.86 0.830576 5.23039 0.818945 5.36818 5.79949 39.9827
198 7.9 0.83538 5.31227 0.810767 5.44857 5.76851 40.5547
199 7.94 0.836071 5.39505 0.809953 5.52969 5.70441 41.126
200 7.98 0.82866 5.47793 0.809944 5.61163 5.62422 41.695
49000 200
1 0.02 0 0 0 0 0 0
2 0.06 0 0 0 0 0 0
3 0.1 0 0 0 0 0 0
4 0.14 0 0 0 0 0 0
5 0.18 0 0 0 0 0 0
6 0.22 0 0 0 0 0 0
7 0.26 0 0 0 0 0 0
8 0.3 0 0 0 0 0 0
9 0.34 0 0 0 0 0 0
10 0.38 0 0 0 0 0 0
11 0.42 0 0 0 0 0 0
12 0.46 0 0 0 0 0 0
13 0.5 0 0 0 0 0 0
14 0.54 0 0 0 0 0 0
15 0.58 0 0 0 0 0 0
16 0.62 0 0 0 0 0 0
17 0.66 0 0 0 0 0 0
18 0.7 0 0 0 0 0 0
19 0.74 0 0 0 0 0 0
20 0.78 0 0 0 0 0 0
21 0.82 0 0 0 0 0 0
22 0.86 0 0 0 0 0 0
23 0.9 0 0 0 0 0 0
24 0.94 0 0 0 0 0 0
25 0.98 0 0 0 0 0 0
26 1.02 0 0 0 0 0 0
27 1.06 0 0 0 0 0 0
28 1.1 0 0 0 0 0 0
29 1.14 0 0 0 0 0 0
30 1.18 0 0 0 0 0 0
31 1.22 0 0 0 0 0 0
32 1.26 0 0 0 0 0 0
33 1.3 0 0 0 0 0 0
34 1.34 0 0 0 0 0 0
35 1.38 0 0 0 0 0 0
36 1.42 0 0 0 0 0 0
37 1.46 0 0 0 0 0 0
38 1.5 0 0 0 0 0 0
39 1.54 0 0 0 0 0 0
40 1.58 0 0 0 0 0 0
41 1.62 0 0 0 0 0 0
42 1.66 0 0 0 0 0.198311 0.000868446
43 1.7 0 0 0 0 7.23493 0.0340946
44 1.74 0 0 0 0 52.2939 0.285687
45 1.78 0 0 0 0 127.518 0.927726
46 1.82 0 0 0 0 145.006 1.69099
47 1.86 0 0 0 0 106.313 2.27546
48 1.9 0 0 0 0 58.6201 2.61174
49 1.94 0 0 0 0 27.3046 2.77504
50 1.98 0 0 0 0 12.7631 2.85455
51 2.02 0 0 0 0 5.79884 2.89215
52 2.06 0 0 0 0 3.33415 2.91463
53 2.1 0 0 0 0 1.76258 2.92699
54 2.14 0 0 0.000260415 1.89394e-06 1.09166 2.93493
55 2.18 0 0 0.00275857 2.27273e-05 0.668688 2.93998
56 2.22 0 0 0.00943187 9.65909e-05 0.484648 2.94378
57 2.26 0 0 0.0434028 0.000448864 0.39234 2.94696
58 2.3 0 0 0.136083 0.0015928 0.340548 2.94982
59 2.34 0.000220325 1.89394e-06 0.346306 0.00460606 0.266169 2.95214
60 2.38 0.000425812 5.68182e-06 0.700888 0.0109148 0.325189 2.95507
61 2.42 0.00555881 5.68182e-05 1.22678 0.0223314 0.338725 2.95822
62 2.46 0.0288876 0.000331439 1.77925 0.0394413 0.387991 2.96195
63 2.5 0.0897032 0.00121212 2.24813 0.0617689 0.408038 2.966
64 2.54 0.240698 0.00365152 2.62552 0.0886856 0.618086 2.97234
65 2.58 0.510966 0.00899432 2.74886 0.117761 0.751101 2.98028
66 2.62 0.892781 0.0186212 2.73188 0.147561 1.05562 2.9918
67 2.66 1.37067 0.0338561 2.55535 0.176292 1.22438 3.00556
68 2.7 1.89351 0.0555398 2.31032 0.203055 1.32165 3.02087
69 2.74 2.32041 0.0829053 2.06651 0.227708 1.29142 3.03628
70 2.78 2.62243 0.114742 1.80113 0.249828 1.11313 3.04995
71 2.82 2.71761 0.148691 1.60591 0.270121 1.0334 3.06301
72 2.86 2.69697 0.183345 1.35526 0.287737 1.00967 3.07613
73 2.9 2.53879 0.216884 1.1862 0.303589 0.943479 3.08874
74 2.94 2.32623 0.24847 1.05555 0.318087 0.889877 3.10096
75 2.98 2.05267 0.277104 0.938284 0.331328 0.918583 3.11393
76 3.02 1.8235 0.303229 0.820171 0.343214 0.925464 3.12734
77 3.06 1.56111 0.326191 0.763725 0.354578 1.02683 3.14262
78 3.1 1.39298 0.34722 0.716605 0.365521 1.06367 3.15886
79 3.14 1.2078 0.365926 0.669939 0.376017 1.01212 3.17472
80 3.18 1.07162 0.382949 0.627858 0.386106 1.21502 3.19424
81 3.22 0.958641 0.398562 0.590513 0.395835 1.30603 3.21576
82 3.26 0.855953 0.412852 0.580934 0.405646 1.40182 3.23943
83 3.3 0.786287 0.426303 0.554782 0.415246 1.63196 3.26767
84 3.34 0.727255 0.439047 0.536663 0.424759 1.76549 3.29897
85 3.38 0.691886 0.451464 0.55283 0.434795 2.09774 3.33705
86 3.42 0.651884 0.463441 0.56616 0.445318 2.32418 3.38025
87 3.46 0.615246 0.475011 0.559015 0.455953 2.64439 3.43056
88 3.5 0.624886 0.487036 0.56208 0.466894 3.20397 3.49292
89 3.54 0.607865 0.499002 0.579884 0.478441 3.37098 3.56005
90 3.58 0.624077 0.511566 0.58476 0.49035 4.00531 3.64162
91 3.62 0.636954 0.524678 0.607926 0.503009 4.16432 3.72834
92 3.66 0.639038 0.538125 0.639377 0.516619 4.45916 3.82326
93 3.7 0.671004 0.552555 0.65009 0.530761 4.80094 3.92769
94 3.74 0.700433 0.567945 0.678099 0.545833 5.02141 4.03931
95 3.78 0.730567 0.584343 0.701438 0.561759 5.05455 4.15407
96 3.82 0.789715 0.602445 0.72742 0.578627 5.12134 4.27282
97 3.86 0.841409 0.622138 0.756582 0.59654 5.25071 4.39714
98 3.9 0.866253 0.642835 0.774288 0.615254 5.258 4.52422
99 3.94 0.904288 0.664886 0.796659 0.634905 5.04357 4.64863
100 3.98 0.933536 0.688116 0.82225 0.655602 4.95809 4.77343
101 4.02 0.962212 0.712542 0.842405 0.677235 4.59807 4.89151
102 4.06 1.00303 0.738513 0.860815 0.699782 4.46126 5.00836
103 4.1 1.01288 0.765259 0.87877 0.723256 4.37823 5.12531
104 4.14 1.00642 0.792356 0.888921 0.747466 4.44881 5.24648
105 4.18 1.02527 0.820496 0.887749 0.772114 4.24471 5.36433
106 4.22 0.992453 0.848259 0.915175 0.798011 4.24986 5.48459
107 4.26 0.979754 0.876189 0.933922 0.824943 4.43034 5.61235
108 4.3 0.949287 0.903761 0.958208 0.853097 4.72923 5.7513
109 4.34 0.922526 0.931057 0.990113 0.882731 5.12066 5.90457
110 4.38 0.896443 0.958072 1.0215 0.913871 5.4222 6.06986
111 4.42 0.886099 0.985265 1.05288 0.946557 5.61776 6.24426
112 4.46 0.870334 1.01246 1.0801 0.980697 5.95905 6.43261
113 4.5 0.869105 1.04011 1.09824 1.01604 6.09149 6.62863
114 4.54 0.869592 1.06826 1.12124 1.05276 6.38332 6.8377
115 4.58 0.85516 1.09644 1.12066 1.09011 6.69396 7.06082
116 4.62 0.878541 1.1259 1.12484 1.12827 7.04137 7.29965
117 4.66 0.88007 1.15592 1.09975 1.16621 7.155 7.54654
118 4.7 0.880439 1.18647 1.0939 1.20461 7.09057 7.79543
119 4.74 0.898802 1.21819 1.07254 1.2429 7.23079 8.05359
120 4.78 0.904034 1.25064 1.04319 1.28078 7.22725 8.31599
121 4.82 0.92703 1.28447 1.03252 1.3189 7.19407 8.58157
122 4.86 0.932094 1.31905 0.988846 1.35601 7.28605 8.85503
123 4.9 0.930044 1.35413 0.971518 1.39308 7.55291 9.1432
124 4.94 0.928391 1.38972 0.953607 1.43005 7.39461 9.42995
125 4.98 0.945809 1.42656 0.952094 1.46758 7.49339 9.72525
126 5.02 0.930654 1.46341 0.9428 1.50533 7.41298 10.0221
127 5.06 0.92867 1.50076 0.924556 1.54295 7.34134 10.3208
128 5.1 0.915786 1.53817 0.917856 1.58088 7.38847 10.6261
129 5.14 0.921066 1.5764 0.898075 1.61858 7.31526 10.9333
130 5.18 0.902003 1.61442 0.895853 1.65678 6.9365 11.229
131 5.22 0.90177 1.65302 0.879684 1.69487 6.80609 11.5237
132 5.26 0.879824 1.69125 0.854676 1.73245 6.56393 11.8123
133 5.3 0.873125 1.72978 0.851627 1.77046 6.29737 12.0934
134 5.34 0.860346 1.76832 0.825629 1.80787 6.10395 12.37
135 5.38 0.845429 1.80676 0.821217 1.84564 5.99115 12.6455
136 5.42 0.832346 1.84517 0.794823 1.88274 5.91198 12.9215
137 5.46 0.823713 1.88374 0.78242 1.91981 5.60571 13.187
138 5.5 0.812134 1.92233 0.763317 1.9565 5.50842 13.4518
139 5.54 0.793497 1.96059 0.748332 1.99299 5.39025 13.7147
140 5.58 0.79358 1.9994 0.735539 2.02939 5.22419 13.9732
141 5.62 0.774655 2.03784 0.721632 2.0656 5.1347 14.2309
142 5.66 0.760203 2.07609 0.714262 2.10196 5.19821 14.4955
143 5.7 0.756622 2.11471 0.711718 2.13871 5.16667 14.7622
144 5.74 0.74337 2.15318 0.686676 2.17466 5.18089 15.0335
145 5.78 0.737809 2.1919 0.685803 2.21107 5.03915 15.301
146 5.82 0.743363 2.23145 0.675282 2.24741 5.03105 15.5718
147 5.86 0.735918 2.27115 0.674251 2.2842 5.17016 15.8539
148 5.9 0.728776 2.311 0.674213 2.3215 5.12349 16.1373
149 5.94 0.72293 2.35107 0.673948 2.35928 5.16374 16.4268
150 5.98 0.725188 2.3918 0.674028 2.39759 5.34848 16.7307
151 6.02 0.728658 2.43329 0.673944 2.4364 5.44352 17.0442
152 6.06 0.728067 2.47529 0.694028 2.4769 5.61553 17.3719
153 6.1 0.738152 2.51843 0.695141 2.518 5.72056 17.7102
154 6.14 0.733397 2.56186 0.694176 2.55958 5.87445 18.0621
155 6.18 0.741268 2.60634 0.701196 2.60214 6.02497 18.4277
156 6.22 0.738399 2.65121 0.712017 2.64591 6.01991 18.7978
157 6.26 0.738502 2.69667 0.719706 2.69073 6.12039 19.1789
158 6.3 0.733281 2.74239 0.734648 2.73706 6.22352 19.5714
159 6.34 0.747218 2.78957 0.743941 2.78458 6.37329 19.9785
160 6.38 0.732812 2.83642 0.754638 2.83339 6.50847 20.3995
161 6.42 0.73462 2.88399 0.770572 2.88386 6.50617 20.8256
162 6.46 0.739068 2.93244 0.777282 2.9354 6.61647 21.2644
163 6.5 0.741303 2.98163 0.789775 2.98842 6.74662 21.7173
164 6.54 0.741737 3.03147 0.791682 3.04223 6.83658 22.182
165 6.58 0.735586 3.0815 0.806256 3.0977 6.84488 22.6529
166 6.62 0.741937 3.13257 0.819521 3.15477 6.76613 23.1241
167 6.66 0.754033 3.18511 0.83295 3.21348 6.93148 23.6126
168 6.7 0.75532 3.23837 0.833704 3.27295 7.04109 24.1149
169 6.74 0.758163 3.29248 0.843545 3.33384 6.91589 24.6141
170 6.78 0.771434 3.34818 0.856412 3.3964 6.95736 25.1223
171 6.82 0.773169 3.40467 0.859825 3.45995 6.94127 25.6353
172 6.86 0.789647 3.46304 0.864112 3.52456 6.91216 26.1522
173 6.9 0.78728 3.52192 0.871121 3.59047 6.82291 26.6684
174 6.94 0.785863 3.58138 0.866774 3.6568 6.88192 27.1951
175 6.98 0.798364 3.64248 0.864302 3.72372 6.67159 27.7116
176 7.02 0.810821 3.70525 0.869161 3.79178 6.78553 28.2429
177 7.06 0.813851 3.76897 0.871467 3.8608 6.70642 28.7741
178 7.1 0.817504 3.8337 0.869621 3.93046 6.79126 29.3181
179 7.14 0.817735 3.89919 0.867526 4.00074 6.7146 29.862
180 7.18 0.809584 3.96475 0.868706 4.0719 6.6396 30.406
181 7.22 0.820367 4.03192 0.86512 4.14356 6.67688 30.959
182 7.26 0.826703 4.10037 0.876212 4.21695 6.60621 31.5123
183 7.3 0.823299 4.16929 0.857085 4.28952 6.44739 32.0583
184 7.34 0.822272 4.23888 0.862685 4.36338 6.49873 32.6146
185 7.38 0.830521 4.30993 0.86259 4.43803 6.434 33.1715
186 7.42 0.83324 4.382 0.856671 4.51298 6.39792 33.7312
187 7.46 0.836049 4.45508 0.860405 4.58907 6.38005 34.2954
188 7.5 0.83279 4.52867 0.844767 4.66457 6.4198 34.8692
189 7.54 0.828667 4.60267 0.833288 4.73985 6.25356 35.4342
190 7.58 0.839583 4.67845 0.832175 4.81583 6.2758 36.0071
191 7.62 0.836753 4.75477 0.838689 4.89321 6.14945 36.5745
192 7.66 0.837222 4.83194 0.834119 4.97098 6.14232 37.1472
193 7.7 0.835783 4.90978 0.828067 5.049 6.12987 37.7247
194 7.74 0.838196 4.98866 0.825521 5.12758 5.91668 38.288
195 7.78 0.83709 5.06825 0.827329 5.20716 5.86466 38.852
196 7.82 0.838232 5.14877 0.823702 5.2872 5.76975 39.4127
197 7.86 0.842308 5.23051 0.814358 5.36714 5.78944 39.9811
198 7.9 0.840523 5.31291 0.81104 5.44758 5.74495 40.5508
199 7.94 0.833068 5.39541 0.802813 5.528 5.71064 41.1229
200 7.98 0.827994 5.47824 0.811722 5.61014 5.67928 41.6976
50000 200
1 0.02 0 0 0 0 0 0
2 0.06 0 0 0 0 0 0
3 0.1 0 0 0 0 0 0
4 0.14 0 0 0 0 0 0
5 0.18 0 0 0 0 0 0
6 0.22 0 0 0 0 0 0
7 0.26 0 0 0 0 0 0
8 0.3 0 0 0 0 0 0
9 0.34 0 0 0 0 0 0
10 0.38 0 0 0 0 0 0
11 0.42 0 0 0 0 0 0
12 0.46 0 0 0 0 0 0
13 0.5 0 0 0 0 0 0
14 0.54 0 0 0 0 0 0
15 0.58 0 0 0 0 0 0
16 0.62 0 0 0 0 0 0
17 0.66 0 0 0 0 0 0
18 0.7 0 0 0 0 0 0
19 0.74 0 0 0 0 0 0
20 0.78 0 0 0 0 0 0
21 0.82 0 0 0 0 0 0
22 0.86 0 0 0 0 0 0
23 0.9 0 0 0 0 0 0
24 0.94 0 0 0 0 0 0
25 0.98 0 0 0 0 0 0
26 1.02 0 0 0 0 0 0
27 1.06 0 0 0 0 0 0
28 1.1 0 0 0 0 0 0
29 1.14 0 0 0 0 0 0
30 1.18 0 0 0 0 0 0
31 1.22 0 0 0 0 0 0
32 1.26 0 0 0 0 0 0
33 1.3 0 0 0 0 0 0
34 1.34 0 0 0 0 0 0
35 1.38 0 0 0 0 0 0
36 1.42 0 0 0 0 0 0
37 1.46 0 0 0 0 0 0
38 1.5 0 0 0 0 0 0
39 1.54 0 0 0 0 0 0
40 1.58 0 0 0 0 0 0
41 1.62 0 0 0 0 0 0
42 1.66 0 0 0 0 0.198299 0.000868446
43 1.7 0 0 0 0 7.07229 0.0333548
44 1.74 0 0 0 0 51.9486 0.283339
45 1.78 0 0 0 0 126.598 0.920875
46 1.82 0 0 0 0 148.599 1.70322
47 1.86 0 0 0 0 105.659 2.28421
48 1.9 0 0 0 0 57.2798 2.61287
49 1.94 0 0 0 0 26.8743 2.77362
50 1.98 0 0 0 0 13.0133 2.85471
51 2.02 0 0 0 0 6.28376 2.89546
52 2.06 0 0 0 0 3.06156 2.91611
53 2.1 0 0 0 0 1.67493 2.92785
54 2.14 0 0 0 0 0.958891 2.93483
55 2.18 0 0 0.00150457 1.13636e-05 0.719646 2.94027
56 2.22 0 0 0.0113636 0.000100379 0.447585 2.94378
57 2.26 0 0 0.0445596 0.000462121 0.368497 2.94677
58 2.3 0 0 0.131551 0.00156818 0.313689 2.9494
59 2.34 0 0 0.354724 0.0046553 0.310457 2.95211
60 2.38 0.000851278 7.57576e-06 0.707474 0.0110246 0.342984 2.95519
61 2.42 0.0051458 5.49242e-05 1.21249 0.0223106 0.290261 2.9579
62 2.46 0.0316701 0.000356061 1.77002 0.0393352 0.377878 2.96153
63 2.5 0.0925768 0.00126515 2.25397 0.0617254 0.388571 2.96539
64 2.54 0.232246 0.00361932 2.59819 0.0883674 0.505016 2.97057
65 2.58 0.491118 0.00875568 2.80521 0.118045 0.757029 2.97858
66 2.62 0.917353 0.0186496 2.72837 0.147812 1.14978 2.99112
67 2.66 1.38028 0.0339943 2.56156 0.176619 1.24416 3.00511
68 2.7 1.89776 0.0557311 2.30888 0.203371 1.42408 3.02161
69 2.74 2.32844 0.083197 2.05291 0.227867 1.25343 3.03657
70 2.78 2.59664 0.114727 1.80384 0.250025 1.1705 3.05095
71 2.82 2.72312 0.148752 1.57547 0.269937 1.0383 3.06407
72 2.86 2.70084 0.183462 1.36024 0.287621 0.987178 3.07691
73 2.9 2.52394 0.216812 1.20325 0.303705 0.839803 3.08813
74 2.94 2.35573 0.248805 1.04416 0.318049 0.934181 3.10096
75 2.98 2.06203 0.277576 0.947891 0.331428 0.827252 3.11264
76 3.02 1.78994 0.303225 0.850824 0.343761 0.911965 3.12586
77 3.06 1.56477 0.326246 0.764587 0.35514 1.04389 3.1414
78 3.1 1.35833 0.346756 0.711755 0.366011 1.00239 3.15671
79 3.14 1.23152 0.365833 0.647809 0.376163 1.1207 3.17427
80 3.18 1.07223 0.382869 0.628078 0.386258 1.12267 3.19231
81 3.22 0.961702 0.398536 0.590273 0.395985 1.27649 3.21335
82 3.26 0.858504 0.412871 0.570497 0.405621 1.49483 3.2386
83 3.3 0.800186 0.426562 0.563318 0.415371 1.62421 3.26671
84 3.34 0.738888 0.439513 0.542212 0.424985 1.87034 3.29987
85 3.38 0.679297 0.451706 0.551984 0.435008 2.108 3.33815
86 3.42 0.656284 0.463767 0.543225 0.445106 2.39638 3.3827
87 3.46 0.618037 0.475392 0.55592 0.455684 2.66416 3.43339
88 3.5 0.613146 0.487193 0.559043 0.466568 3.23303 3.49633
89 3.54 0.606485 0.499134 0.596121 0.478441 3.41715 3.56439
90 3.58 0.618498 0.511589 0.584084 0.490339 3.93175 3.64448
91 3.62 0.625419 0.524466 0.611255 0.50307 4.05692 3.72898
92 3.66 0.642955 0.537998 0.645561 0.516814 4.57001 3.82628
93 3.7 0.69015 0.552843 0.651871 0.530998 4.62992 3.92702
94 3.74 0.700032 0.568227 0.672675 0.545953 4.97704 4.03766
95 3.78 0.737428 0.584782 0.699881 0.561847 5.22068 4.15622
96 3.82 0.791371 0.602926 0.71919 0.578527 5.22006 4.27729
97 3.86 0.829342 0.622341 0.754664 0.596398 5.22793 4.40109
98 3.9 0.866073 0.643038 0.778831 0.615225 5.20108 4.52683
99 3.94 0.893535 0.664831 0.808699 0.635178 5.08558 4.6523
100 3.98 0.935553 0.688116 0.831562 0.656114 4.76155 4.77218
101 4.02 0.969321 0.712727 0.825568 0.677318 4.64475 4.89148
102 4.06 1.00611 0.738784 0.852543 0.699653 4.49231 5.00917
103 4.1 1.0068 0.765375 0.877598 0.7231 4.2064 5.12155
104 4.14 1.01184 0.792623 0.885403 0.74722 4.27781 5.23808
105 4.18 1.01692 0.82054 0.903934 0.772322 4.34809 5.35883
106 4.22 1.00011 0.848523 0.915185 0.798225 4.34219 5.48173
107 4.26 0.980812 0.876489 0.932161 0.825112 4.5599 5.61325
108 4.3 0.952807 0.904169 0.949313 0.853009 4.77314 5.75352
109 4.34 0.922142 0.931458 0.977257 0.882265 5.16583 5.90817
110 4.38 0.887405 0.958206 1.03235 0.913742 5.20378 6.06684
111 4.42 0.883637 0.98533 1.03674 0.945934 5.63938 6.24194
112 4.46 0.863734 1.01232 1.07532 0.97993 5.93952 6.42972
113 4.5 0.850411 1.03938 1.09936 1.01531 6.37506 6.6349
114 4.54 0.872336 1.06763 1.11997 1.052 6.3604 6.84326
115 4.58 0.858143 1.09591 1.14628 1.09022 6.74859 7.06825
116 4.62 0.872149 1.12516 1.13277 1.12865 6.97074 7.30473
117 4.66 0.877726 1.15511 1.12405 1.16744 7.00819 7.54661
118 4.7 0.901156 1.18638 1.08963 1.2057 7.17609 7.79855
119 4.74 0.891696 1.21786 1.06177 1.24361 7.13204 8.05323
120 4.78 0.912076 1.2506 1.04162 1.28144 7.20719 8.31496
121 4.82 0.935817 1.28476 1.02251 1.31919 7.27185 8.58347
122 4.86 0.939513 1.31963 0.985916 1.3562 7.39086 8.86092
123 4.9 0.927851 1.35463 0.98289 1.39371 7.45696 9.14548
124 4.94 0.933828 1.39044 0.954438 1.43073 7.44031 9.43406
125 4.98 0.930113 1.42668 0.941283 1.46783 7.38902 9.72531
126 5.02 0.930513 1.46352 0.938353 1.50542 7.49901 10.0257
127 5.06 0.929845 1.50093 0.926783 1.54313 7.45444 10.329
128 5.1 0.921198 1.53857 0.918765 1.58111 7.40098 10.635
129 5.14 0.921749 1.57683 0.911241 1.61938 7.26554 10.94
130 5.18 0.907702 1.6151 0.898111 1.65768 6.87622 11.2333
131 5.22 0.89544 1.65344 0.880028 1.69579 6.9183 11.5329
132 5.26 0.882219 1.69179 0.86187 1.73369 6.58601 11.8225
133 5.3 0.869382 1.73016 0.843735 1.77136 6.27729 12.1028
134 5.34 0.859703 1.76867 0.830432 1.80899 6.11973 12.3801
135 5.38 0.835015 1.80665 0.813476 1.84641 5.9172 12.6523
136 5.42 0.837918 1.84532 0.784842 1.88306 5.75514 12.921
137 5.46 0.825927 1.88401 0.772706 1.91967 5.65411 13.1889
138 5.5 0.80057 1.92205 0.763356 1.95637 5.49659 13.4532
139 5.54 0.798475 1.96056 0.752257 1.99307 5.33967 13.7137
140 5.58 0.782774 1.99885 0.728805 2.02913 5.23739 13.9729
141 5.62 0.77228 2.03718 0.733522 2.06595 5.22081 14.2349
142 5.66 0.768252 2.07584 0.71616 2.10242 5.21109 14.5003
143 5.7 0.747563 2.11401 0.699982 2.13856 5.07588 14.7624
144 5.74 0.748997 2.15278 0.694348 2.17492 5.12395 15.0307
145 5.78 0.750612 2.19218 0.681952 2.21113 5.09385 15.3012
146 5.82 0.738441 2.23148 0.681477 2.24782 4.95 15.5676
147 5.86 0.727238 2.27071 0.668424 2.2843 5.0512 15.8433
148 5.9 0.734412 2.31088 0.679175 2.32188 5.1806 16.1299
149 5.94 0.737572 2.35177 0.681071 2.36007 5.23783 16.4237
150 5.98 0.728817 2.39272 0.672957 2.39832 5.37286 16.729
151 6.02 0.73759 2.43472 0.688932 2.438 5.51498 17.0467
152 6.06 0.728971 2.47678 0.679413 2.47766 5.61766 17.3746
153 6.1 0.729612 2.51943 0.690002 2.51846 5.66934 17.7099
154 6.14 0.731167 2.56274 0.697606 2.56026 5.91512 18.0643
155 6.18 0.731802 2.60665 0.698216 2.60265 6.0619 18.4323
156 6.22 0.73691 2.65145 0.709037 2.64624 6.11806 18.8085
157 6.26 0.735581 2.69674 0.722843 2.69127 6.13104 19.1903
158 6.3 0.737264 2.74271 0.717023 2.7365 6.20741 19.5819
159 6.34 0.734799 2.78912 0.739283 2.78373 6.35489 19.9879
160 6.38 0.732898 2.83599 0.753493 2.83247 6.49022 20.4078
161 6.42 0.742715 2.88409 0.760498 2.88229 6.5319 20.8356
162 6.46 0.747615 2.9331 0.77395 2.93362 6.62873 21.2753
163 6.5 0.731936 2.98169 0.784564 2.98631 6.659 21.7225
164 6.54 0.742006 3.03155 0.799068 3.04063 6.70505 22.1783
165 6.58 0.746292 3.08232 0.808426 3.09626 6.8472 22.6494
166 6.62 0.744809 3.13361 0.824493 3.15369 6.96053 23.1343
167 6.66 0.747769 3.18572 0.837723 3.21274 6.93786 23.6234
168 6.7 0.7459 3.23833 0.845881 3.27309 6.93819 24.1184
169 6.74 0.759998 3.29257 0.852605 3.33465 6.98306 24.6225
170 6.78 0.770201 3.3482 0.858311 3.39736 6.93083 25.1289
171 6.82 0.774022 3.40476 0.860953 3.46101 6.95423 25.643
172 6.86 0.777112 3.46222 0.8612 3.52542 6.86561 26.1565
173 6.9 0.791953 3.52146 0.869515 3.59121 6.82663 26.6731
174 6.94 0.799446 3.58196 0.863455 3.65731 6.80695 27.1941
175 6.98 0.801663 3.64332 0.863663 3.72419 6.83967 27.7238
176 7.02 0.808648 3.70593 0.873268 3.79259 6.79934 28.2563
177 7.06 0.800772 3.76864 0.862419 3.86091 6.74809 28.7909
178 7.1 0.820732 3.83365 0.874735 3.93099 6.75295 29.3319
179 7.14 0.812884 3.89876 0.875739 4.00195 6.68783 29.8738
180 7.18 0.823471 3.96546 0.864207 4.07275 6.58799 30.4136
181 7.22 0.815367 4.03224 0.868371 4.1447 6.58702 30.9593
182 7.26 0.820059 4.10015 0.861203 4.21684 6.65056 31.5165
183 7.3 0.819378 4.16875 0.863711 4.29 6.47724 32.0651
184 7.34 0.835644 4.23949 0.864497 4.36402 6.43651 32.6162
185 7.38 0.828358 4.31037 0.862984 4.43872 6.50553 33.1794
186 7.42 0.833551 4.38248 0.849655 4.51307 6.47086 33.7456
187 7.46 0.831544 4.45518 0.850954 4.58834 6.29728 34.3026
188 7.5 0.834249 4.52891 0.854782 4.66476 6.36163 34.8713
189 7.54 0.843337 4.60424 0.84211 4.74085 6.28077 35.4388
190 7.58 0.835573 4.67967 0.844987 4.81801 6.21325 36.0062
191 7.62 0.839902 4.7563 0.838661 4.89541 6.18792 36.5773
192 7.66 0.837564 4.83351 0.829987 4.97281 6.10793 37.1469
193 7.7 0.840311 4.91179 0.833325 5.05134 6.0607 37.718
194 7.74 0.834484 4.99033 0.821789 5.12958 5.98369 38.2877
195 7.78 0.833374 5.06959 0.822811 5.20874 5.97614 38.8626
196 7.82 0.831 5.14943 0.816695 5.28811 5.79571 39.4259
197 7.86 0.837664 5.23074 0.817064 5.36834 5.75683 39.9912
198 7.9 0.835232 5.31264 0.813891 5.44907 5.67663 40.5543
199 7.94 0.833588 5.39521 0.810171 5.53025 5.69118 41.1245
200 7.98 0.832181 5.47847 0.803846 5.61161 5.701 41.7015
51000 200
1 0.02 0 0 0 0 0 0
2 0.06 0 0 0 0 0 0
3 0.1 0 0 0 0 0 0
4 0.14 0 0 0 0 0 0
5 0.18 0 0 0 0 0 0
6 0.22 0 0 0 0 0 0
7 0.26 0 0 0 0 0 0
8 0.3 0 0 0 0 0 0
9 0.34 0 0 0 0 0 0
10 0.38 0 0 0 0 0 0
11 0.42 0 0 0 0 0 0
12 0.46 0 0 0 0 0 0
13 0.5 0 0 0 0 0 0
14 0.54 0 0 0 0 0 0
15 0.58 0 0 0 0 0 0
16 0.62 0 0 0 0 0 0
17 0.66 0 0 0 0 0 0
18 0.7 0 0 0 0 0 0
19 0.74 0 0 0 0 0 0
20 0.78 0 0 0 0 0 0
21 0.82 0 0 0 0 0 0
22 0.86 0 0 0 0 0 0
23 0.9 0 0 0 0 0 0
24 0.94 0 0 0 0 0 0
25 0.98 0 0 0 0 0 0
26 1.02 0 0 0 0 0 0
27 1.06 0 0 0 0 0 0
28 1.1 0 0 0 0 0 0
29 1.14 0 0 0 0 0 0
30 1.18 0 0 0 0 0 0
31 1.22 0 0 0 0 0 0
32 1.26 0 0 0 0 0 0
33 1.3 0 0 0 0 0 0
34 1.34 0 0 0 0 0 0
35 1.38 0 0 0 0 0 0
36 1.42 0 0 0 0 0 0
37 1.46 0 0 0 0 0 0
38 1.5 0 0 0 0 0 0
39 1.54 0 0 0 0 0 0
40 1.58 0 0 0 0 0 0
41 1.62 0 0 0 0 0 0
42 1.66 0 0 0 0 0.176208 0.000771952
43 1.7 0 0 0 0 7.0213 0.0330331
44 1.74 0 0 0 0 51.3733 0.280315
45 1.78 0 0 0 0 128.223 0.926214
46 1.82 0 0 0 0 148.235 1.70685
47 1.86 0 0 0 0 104.916 2.28392
48 1.9 0 0 0 0 57.4826 2.61383
49 1.94 0 0 0 0 27.4099 2.77784
50 1.98 0 0 0 0 12.2614 2.85426
51 2.02 0 0 0 0 6.08373 2.89373
52 2.06 0 0 0 0 3.11794 2.91476
53 2.1 0 0 0 0 1.79834 2.92737
54 2.14 0 0 0.000780332 5.68182e-06 0.976319 2.93448
55 2.18 0 0 0.00225605 2.27273e-05 0.740739 2.94008
56 2.22 0 0 0.0118452 0.00011553 0.45977 2.94368
57 2.26 0 0 0.0391833 0.000433712 0.368377 2.94667
58 2.3 0 0 0.141197 0.00162121 0.313602 2.94931
59 2.34 0.000220031 1.89394e-06 0.340921 0.00458902 0.302975 2.95195
60 2.38 0.000425401 5.68182e-06 0.70286 0.0109186 0.260734 2.95429
61 2.42 0.0076138 7.57576e-05 1.20402 0.0221288 0.335104 2.95741
62 2.46 0.0330565 0.000390152 1.80162 0.0394621 0.384473 2.96111
63 2.5 0.0900436 0.00127462 2.24135 0.061733 0.475849 2.96584
64 2.54 0.236102 0.00366856 2.63644 0.0887746 0.611514 2.97211
65 2.58 0.509814 0.00900189 2.73286 0.117695 0.729459 2.97983
66 2.62 0.893054 0.0186364 2.74707 0.147674 1.00799 2.99083
67 2.66 1.38757 0.0340663 2.59739 0.176892 1.2524 3.00492
68 2.7 1.86797 0.0554678 2.30742 0.203634 1.43481 3.02155
69 2.74 2.34305 0.0831136 2.04266 0.228015 1.20998 3.03599
70 2.78 2.5939 0.114619 1.78793 0.249983 1.17803 3.05047
71 2.82 2.72344 0.148657 1.58207 0.269985 1.11177 3.06452
72 2.86 2.68374 0.183157 1.37268 0.287835 0.917631 3.07646
73 2.9 2.53599 0.216676 1.18181 0.303636 0.921369 3.08877
74 2.94 2.32678 0.248284 1.03313 0.317833 0.908177 3.10125
75 2.98 2.07815 0.277288 0.929922 0.330962 0.852048 3.11328
76 3.02 1.81734 0.303337 0.853335 0.343335 0.891759 3.12621
77 3.06 1.58353 0.32664 0.773791 0.354854 1.00904 3.14124
78 3.1 1.3636 0.347235 0.714159 0.365765 1.05053 3.15729
79 3.14 1.21676 0.366089 0.661644 0.376136 1.05678 3.17385
80 3.18 1.06919 0.383081 0.632146 0.386299 1.20842 3.19328
81 3.22 0.964572 0.398799 0.603787 0.396252 1.30739 3.21483
82 3.26 0.857476 0.413121 0.580541 0.406061 1.41255 3.23869
83 3.3 0.793217 0.426697 0.557034 0.415705 1.66649 3.26755
84 3.34 0.729069 0.439479 0.547297 0.425411 1.90973 3.30142
85 3.38 0.68069 0.451701 0.556422 0.435517 2.04543 3.33857
86 3.42 0.63962 0.463458 0.550918 0.445761 2.29019 3.38115
87 3.46 0.628843 0.47529 0.54313 0.456098 2.60931 3.43081
88 3.5 0.615632 0.487142 0.567352 0.467148 3.07028 3.49061
89 3.54 0.631514 0.49958 0.576277 0.478629 3.3258 3.55687
90 3.58 0.614753 0.511962 0.581039 0.490468 3.99225 3.63821
91 3.62 0.62635 0.524862 0.613363 0.503246 4.23029 3.72634
92 3.66 0.639722 0.53833 0.624929 0.516555 4.6156 3.82464
93 3.7 0.674906 0.55285 0.641771 0.530523 4.74243 3.92785
94 3.74 0.701125 0.568263 0.677688 0.545593 5.06824 4.04056
95 3.78 0.738407 0.584845 0.706355 0.561638 5.2065 4.15883
96 3.82 0.771913 0.602547 0.739402 0.578792 5.14518 4.27819
97 3.86 0.829924 0.621981 0.748224 0.596515 5.20883 4.40158
98 3.9 0.859733 0.642532 0.779087 0.615354 5.09188 4.5247
99 3.94 0.896783 0.664411 0.795505 0.634987 5.12067 4.65108
100 3.98 0.943513 0.6879 0.822839 0.655708 4.90839 4.77469
101 4.02 0.976809 0.712708 0.841855 0.677337 4.64972 4.89415
102 4.06 1.00262 0.738682 0.86423 0.699985 4.59047 5.01444
103 4.1 1.01183 0.765413 0.871755 0.723282 4.387 5.13168
104 4.14 1.00734 0.792547 0.886551 0.747439 4.23532 5.24709
105 4.18 1.01092 0.820307 0.890733 0.772182 4.29134 5.36629
106 4.22 0.996379 0.848193 0.90276 0.797741 4.24442 5.48646
107 4.26 0.979948 0.876142 0.94503 0.825006 4.52855 5.61711
108 4.3 0.953196 0.903841 0.962004 0.853284 4.72917 5.75613
109 4.34 0.925215 0.931229 0.981919 0.882687 5.01833 5.9064
110 4.38 0.901986 0.958424 1.00847 0.913445 5.33207 6.06903
111 4.42 0.866057 0.985015 1.0503 0.946066 5.71651 6.24657
112 4.46 0.870222 1.01222 1.06838 0.979852 5.8443 6.43139
113 4.5 0.871006 1.03994 1.10353 1.01538 6.17448 6.63017
114 4.54 0.873208 1.06823 1.1322 1.05248 6.5226 6.8439
115 4.58 0.871867 1.09697 1.13568 1.09035 6.70333 7.06745
116 4.62 0.862086 1.12589 1.13307 1.1288 6.91384 7.30206
117 4.66 0.88603 1.15612 1.10334 1.16689 6.88138 7.53963
118 4.7 0.888471 1.18697 1.08701 1.20507 7.13934 7.79035
119 4.74 0.905988 1.21896 1.06567 1.24313 7.15353 8.04587
120 4.78 0.915784 1.25184 1.06151 1.28169 7.25213 8.3093
121 4.82 0.916106 1.28529 1.01643 1.31923 7.28988 8.57855
122 4.86 0.926548 1.31969 0.991245 1.35645 7.43592 8.85777
123 4.9 0.937232 1.35505 0.982766 1.39397 7.45321 9.14226
124 4.94 0.927693 1.39063 0.96477 1.4314 7.5527 9.43528
125 4.98 0.93316 1.427 0.941696 1.46852 7.46612 9.72966
126 5.02 0.919262 1.46341 0.94093 1.50622 7.41666 10.0268
127 5.06 0.932318 1.50093 0.93016 1.54408 7.34411 10.3257
128 5.1 0.927899 1.53886 0.912009 1.5818 7.41916 10.6325
129 5.14 0.912372 1.57674 0.896655 1.61946 7.24212 10.9367
130 5.18 0.898157 1.61461 0.896665 1.65771 7.01458 11.2359
131 5.22 0.894396 1.65291 0.871784 1.69547 6.81244 11.531
132 5.26 0.901095 1.6921 0.862322 1.7334 6.66975 11.8244
133 5.3 0.874249 1.73069 0.855038 1.77159 6.35337 12.1081
134 5.34 0.86175 1.76931 0.827613 1.8091 5.96622 12.3786
135 5.38 0.842862 1.80765 0.807779 1.84627 5.86387 12.6484
136 5.42 0.833543 1.84613 0.784706 1.88292 5.77348 12.9181
137 5.46 0.822548 1.88467 0.781323 1.91995 5.57519 13.1823
138 5.5 0.80732 1.92305 0.75598 1.95631 5.49843 13.4467
139 5.54 0.794409 1.96137 0.756824 1.99324 5.45358 13.7128
140 5.58 0.775941 1.99934 0.740198 2.02988 5.2249 13.9715
141 5.62 0.761539 2.03714 0.724003 2.06623 5.20718 14.2329
142 5.66 0.767777 2.0758 0.712132 2.1025 5.18313 14.4969
143 5.7 0.747767 2.11398 0.70276 2.1388 5.19717 14.7654
144 5.74 0.741001 2.15235 0.702544 2.1756 4.97024 15.0257
145 5.78 0.745643 2.1915 0.678307 2.21163 5.08821 15.2959
146 5.82 0.741015 2.23095 0.682028 2.24835 5.0627 15.5686
147 5.86 0.736443 2.27069 0.683259 2.28565 5.16352 15.8505
148 5.9 0.727632 2.3105 0.674505 2.32298 5.24428 16.1407
149 5.94 0.729274 2.35094 0.677641 2.36099 5.18937 16.4318
150 5.98 0.74341 2.39272 0.682831 2.39981 5.32894 16.7347
151 6.02 0.734959 2.43458 0.68013 2.439 5.42361 17.0472
152 6.06 0.727457 2.47656 0.673843 2.47834 5.57371 17.3726
153 6.1 0.735661 2.51958 0.686966 2.51898 5.72216 17.7111
154 6.14 0.733875 2.56306 0.694257 2.56059 5.79597 18.0585
155 6.18 0.733684 2.6071 0.697741 2.60295 6.00034 18.4228
156 6.22 0.737765 2.65196 0.707119 2.64645 6.07403 18.7964
157 6.26 0.738822 2.69746 0.723161 2.6915 6.25066 19.1858
158 6.3 0.739946 2.74362 0.728234 2.73745 6.29849 19.5833
159 6.34 0.740833 2.79041 0.751437 2.78547 6.41556 19.9932
160 6.38 0.735065 2.83744 0.746466 2.83377 6.3587 20.4047
161 6.42 0.74263 2.88554 0.755894 2.8833 6.4756 20.829
162 6.46 0.742356 2.93423 0.781617 2.93516 6.54545 21.2633
163 6.5 0.741289 2.98345 0.774198 2.98716 6.69929 21.7133
164 6.54 0.736701 3.03297 0.797372 3.04138 6.82904 22.1776
165 6.58 0.73448 3.08295 0.801603 3.09656 6.90093 22.6527
166 6.62 0.74653 3.13437 0.823749 3.15395 6.89811 23.1333
167 6.66 0.748893 3.18657 0.83024 3.21249 6.90127 23.6199
168 6.7 0.751414 3.23958 0.838244 3.27232 6.87232 24.1104
169 6.74 0.754007 3.29341 0.844714 3.33332 6.97893 24.6144
170 6.78 0.764327 3.34863 0.863233 3.39641 7.03149 25.1282
171 6.82 0.773369 3.40516 0.869043 3.46067 6.90314 25.6387
172 6.86 0.7822 3.46301 0.862404 3.52519 6.91058 26.1557
173 6.9 0.783484 3.52164 0.874105 3.59135 6.77884 26.6688
174 6.94 0.801401 3.5823 0.865119 3.65759 6.87148 27.195
175 6.98 0.805006 3.64394 0.861201 3.7243 6.85401 27.7258
176 7.02 0.801875 3.70604 0.876024 3.79293 6.74941 28.2546
177 7.06 0.808238 3.76935 0.87583 3.86233 6.7511 28.7896
178 7.1 0.815006 3.83392 0.86639 3.93177 6.71979 29.3281
179 7.14 0.81311 3.89907 0.867925 4.00211 6.61612 29.8643
180 7.18 0.818733 3.9654 0.874066 4.07374 6.67841 30.4117
181 7.22 0.818657 4.03247 0.866695 4.14557 6.63723 30.9617
182 7.26 0.830148 4.10123 0.8689 4.21838 6.55621 31.5111
183 7.3 0.826229 4.17043 0.86991 4.29208 6.58593 32.0691
184 7.34 0.825616 4.24034 0.853866 4.36521 6.50083 32.6259
185 7.38 0.830209 4.3114 0.860427 4.43971 6.46957 33.186
186 7.42 0.834569 4.38361 0.851306 4.51423 6.48377 33.7536
187 7.46 0.83346 4.45651 0.857486 4.59009 6.28538 34.3096
188 7.5 0.833977 4.53023 0.851053 4.6662 6.37137 34.8794
189 7.54 0.837573 4.60507 0.842509 4.74235 6.32247 35.4509
190 7.58 0.834169 4.68039 0.841601 4.81922 6.08265 36.0065
191 7.62 0.836767 4.75675 0.835457 4.89634 6.13013 36.5723
192 7.66 0.842857 4.83447 0.83059 4.97382 6.06317 37.1379
193 7.7 0.836277 4.9124 0.824375 5.05153 6.06994 37.7101
194 7.74 0.839002 4.99139 0.828206 5.13041 5.99521 38.2811
195 7.78 0.835953 5.07091 0.822112 5.20952 5.94341 38.853
196 7.82 0.838202 5.15147 0.812924 5.28855 5.74909 39.4119
197 7.86 0.83254 5.2323 0.818615 5.36895 5.74577 39.9762
198 7.9 0.834789 5.31418 0.816109 5.44992 5.76585 40.5483
199 7.94 0.824203 5.39584 0.812271 5.53133 5.69539 41.1191
200 7.98 0.831988 5.4791 0.804879 5.61282 5.68481 41.6947
52000 200
1 0.02 0 0 0 0 0 0
2 0.06 0 0 0 0 0 0
3 0.1 0 0 0 0 0 0
4 0.14 0 0 0 0 0 0
5 0.18 0 0 0 0 0 0
6 0.22 0 0 0 0 0 0
7 0.26 0 0 0 0 0 0
8 0.3 0 0 0 0 0 0
9 0.34 0 0 0 0 0 0
10 0.38 0 0 0 0 0 0
11 0.42 0 0 0 0 0 0
12 0.46 0 0 0 0 0 0
13 0.5 0 0 0 0 0 0
14 0.54 0 0 0 0 0 0
15 0.58 0 0 0 0 0 0
16 0.62 0 0 0 0 0 0
17 0.66 0 0 0 0 0 0
18 0.7 0 0 0 0 0 0
19 0.74 0 0 0 0 0 0
20 0.78 0 0 0 0 0 0
21 0.82 0 0 0 0 0 0
22 0.86 0 0 0 0 0 0
23 0.9 0 0 0 0 0 0
24 0.94 0 0 0 0 0 0
25 0.98 0 0 0 0 0 0
26 1.02 0 0 0 0 0 0
27 1.06 0 0 0 0 0 0
28 1.1 0 0 0 0 0 0
29 1.14 0 0 0 0 0 0
30 1.18 0 0 0 0 0 0
31 1.22 0 0 0 0 0 0
32 1.26 0 0 0 0 0 0
33 1.3 0 0 0 0 0 0
34 1.34 0 0 0 0 0 0
35 1.38 0 0 0 0 0 0
36 1.42 0 0 0 0 0 0
37 1.46 0 0 0 0 0 0
38 1.5 0 0 0 0 0 0
39 1.54 0 0 0 0 0 0
40 1.58 0 0 0 0 0 0
41 1.62 0 0 0 0 0 0
42 1.66 0 0 0 0 0.198181 0.000868446
43 1.7 0 0 0 0 6.98437 0.0329688
44 1.74 0 0 0 0 51.7596 0.282181
45 1.78 0 0 0 0 125.386 0.913959
46 1.82 0 0 0 0 148.81 1.69784
47 1.86 0 0 0 0 107.051 2.28681
48 1.9 0 0 0 0 57.7242 2.61821
49 1.94 0 0 0 0 26.7841 2.77851
50 1.98 0 0 0 0 12.4749 2.85629
51 2.02 0 0 0 0 5.85399 2.89427
52 2.06 0 0 0 0 3.19808 2.91586
53 2.1 0 0 0 0 1.77951 2.92834
54 2.14 0 0 0 0 1.06879 2.93612
55 2.18 0 0 0.00350822 2.65152e-05 0.710734 2.94149
56 2.22 0 0 0.00773289 8.71212e-05 0.480169 2.94526
57 2.26 0 0 0.0391733 0.000405303 0.348467 2.94809
58 2.3 0 0 0.135307 0.00154356 0.34028 2.95095
59 2.34 0 0 0.338649 0.00449242 0.29551 2.95352
60 2.38 0.00127632 1.13636e-05 0.694674 0.01075 0.242799 2.95571
61 2.42 0.00637709 7.00758e-05 1.20837 0.0220038 0.231402 2.95786
62 2.46 0.0234914 0.000293561 1.78538 0.0391856 0.384369 2.96156
63 2.5 0.0838498 0.00111742 2.30531 0.0620985 0.420691 2.96574
64 2.54 0.233982 0.00349053 2.63848 0.0891686 0.564319 2.97153
65 2.58 0.505146 0.00877652 2.74785 0.118256 0.817383 2.98019
66 2.62 0.882098 0.0182955 2.71768 0.147922 0.990031 2.99099
67 2.66 1.39842 0.0338504 2.53304 0.176424 1.25776 3.00515
68 2.7 1.89522 0.0555701 2.3022 0.203114 1.33731 3.02065
69 2.74 2.31062 0.0828409 2.0632 0.227746 1.35783 3.03686
70 2.78 2.58819 0.114286 1.81394 0.25004 1.15152 3.05101
71 2.82 2.73026 0.148419 1.5418 0.269538 1.03517 3.0641
72 2.86 2.69993 0.183136 1.37564 0.287432 0.969319 3.07671
73 2.9 2.54646 0.216803 1.20116 0.303496 0.94756 3.08939
74 2.94 2.30941 0.248184 1.05159 0.317951 0.830696 3.1008
75 2.98 2.0484 0.27678 0.946029 0.331311 0.883723 3.11328
76 3.02 1.82595 0.30296 0.840297 0.343498 0.889285 3.12618
77 3.06 1.59955 0.326506 0.763276 0.354864 1.00876 3.1412
78 3.1 1.38692 0.347458 0.698842 0.365544 1.07761 3.15767
79 3.14 1.22912 0.366509 0.673661 0.376106 1.12829 3.17536
80 3.18 1.07878 0.383659 0.618543 0.386053 1.16608 3.19411
81 3.22 0.944669 0.399057 0.589144 0.395767 1.24263 3.2146
82 3.26 0.858373 0.413398 0.597415 0.405864 1.46164 3.23931
83 3.3 0.782151 0.426788 0.561254 0.415583 1.68459 3.26848
84 3.34 0.716228 0.439348 0.548531 0.425314 1.83306 3.301
85 3.38 0.678709 0.451538 0.558245 0.435456 2.05546 3.33834
86 3.42 0.65592 0.463598 0.533045 0.445371 2.29472 3.38102
87 3.46 0.620114 0.475269 0.558598 0.456006 2.82487 3.4348
88 3.5 0.606215 0.486943 0.570694 0.467123 3.10575 3.4953
89 3.54 0.614033 0.49904 0.5841 0.478763 3.49595 3.56497
90 3.58 0.634794 0.51183 0.579486 0.490574 3.66764 3.63972
91 3.62 0.620751 0.524617 0.606011 0.503203 4.19515 3.72715
92 3.66 0.654382 0.538398 0.626444 0.516547 4.51012 3.82322
93 3.7 0.666097 0.552733 0.648903 0.530674 4.74704 3.92657
94 3.74 0.70455 0.568225 0.672816 0.54564 4.99595 4.0377
95 3.78 0.743005 0.584915 0.701745 0.561585 5.16257 4.155
96 3.82 0.776819 0.602735 0.726953 0.578455 5.20059 4.27568
97 3.86 0.833168 0.62225 0.750413 0.596235 5.40017 4.40363
98 3.9 0.859179 0.642794 0.77699 0.615028 5.19419 4.52927
99 3.94 0.893583 0.6646 0.796434 0.634689 5.06452 4.65429
100 3.98 0.944623 0.688123 0.826216 0.655502 4.80997 4.77546
101 4.02 0.961549 0.712551 0.849876 0.677343 4.6447 4.89482
102 4.06 0.995761 0.738354 0.858281 0.699841 4.41248 5.01049
103 4.1 1.01764 0.765246 0.870949 0.723123 4.39177 5.12789
104 4.14 1.01473 0.792587 0.89207 0.747438 4.3144 5.24548
105 4.18 1.0094 0.820312 0.894643 0.772295 4.19402 5.36201
106 4.22 0.997793 0.848246 0.925715 0.798511 4.28074 5.48324
107 4.26 0.981071 0.876235 0.931513 0.825394 4.42473 5.61094
108 4.3 0.947849 0.903786 0.945628 0.853199 4.81207 5.75243
109 4.34 0.933274 0.93142 0.976526 0.882449 5.08031 5.9046
110 4.38 0.895521 0.958428 1.02017 0.913572 5.38437 6.06886
111 4.42 0.880738 0.985477 1.03964 0.945871 5.69732 6.24587
112 4.46 0.863859 1.01249 1.07892 0.98 5.90369 6.43261
113 4.5 0.861721 1.03992 1.10411 1.01555 6.14582 6.63052
114 4.54 0.860864 1.06782 1.12513 1.05243 6.50704 6.84381
115 4.58 0.871798 1.09656 1.139 1.09043 6.7449 7.0688
116 4.62 0.879006 1.12606 1.1361 1.12899 6.89865 7.30296
117 4.66 0.888226 1.15638 1.11608 1.16753 6.91856 7.54188
118 4.7 0.88833 1.18723 1.09544 1.20601 7.08331 7.7907
119 4.74 0.894798 1.21883 1.0616 1.24394 7.21185 8.04838
120 4.78 0.910522 1.25154 1.04579 1.28194 7.42009 8.31798
121 4.82 0.923837 1.28528 1.02102 1.31966 7.27567 8.58678
122 4.86 0.921292 1.31949 0.994399 1.35701 7.38504 8.86417
123 4.9 0.935966 1.35481 0.977337 1.39433 7.35763 9.14509
124 4.94 0.927831 1.39041 0.948884 1.43115 7.41051 9.43268
125 4.98 0.936985 1.42694 0.93908 1.46819 7.44448 9.72628
126 5.02 0.923066 1.46351 0.938071 1.50578 7.41862 10.0236
127 5.06 0.92133 1.50059 0.929159 1.54361 7.42029 10.3257
128 5.1 0.920875 1.53824 0.920364 1.58168 7.29657 10.6275
129 5.14 0.918502 1.57639 0.90339 1.61964 7.20794 10.9303
130 5.18 0.904416 1.61454 0.895351 1.65784 7.15508 11.2356
131 5.22 0.899365 1.65307 0.880064 1.69598 6.75191 11.5282
132 5.26 0.881298 1.6914 0.856014 1.73364 6.69345 11.8227
133 5.3 0.886144 1.73053 0.833304 1.77086 6.37752 12.1076
134 5.34 0.864593 1.76929 0.832311 1.8086 6.23197 12.3902
135 5.38 0.844211 1.8077 0.804138 1.84562 5.94958 12.664
136 5.42 0.833722 1.8462 0.795392 1.88277 5.63762 12.9274
137 5.46 0.81359 1.88433 0.784381 1.91996 5.56211 13.1911
138 5.5 0.802516 1.92249 0.759037 1.95647 5.42335 13.452
139 5.54 0.793051 1.96076 0.752152 1.99318 5.24315 13.7079
140 5.58 0.772355 1.99856 0.732572 2.02946 5.28063 13.9693
141 5.62 0.777995 2.03719 0.726404 2.06594 5.2288 14.232
142 5.66 0.763276 2.07563 0.716025 2.10242 5.16334 14.495
143 5.7 0.757459 2.11432 0.699999 2.13859 5.14469 14.7608
144 5.74 0.753705 2.15335 0.69747 2.17513 5.01427 15.0235
145 5.78 0.742046 2.19233 0.690381 2.21181 4.96208 15.2872
146 5.82 0.734513 2.23144 0.683701 2.24863 5.06669 15.5601
147 5.86 0.727853 2.27073 0.670169 2.28523 5.22685 15.8455
148 5.9 0.734838 2.31094 0.678799 2.32281 5.20098 16.1334
149 5.94 0.73013 2.35144 0.668035 2.36029 5.2636 16.4288
150 5.98 0.745629 2.39336 0.681774 2.39906 5.30087 16.7302
151 6.02 0.737648 2.43538 0.684084 2.43848 5.47065 17.0455
152 6.06 0.728106 2.47741 0.684616 2.47847 5.65809 17.3759
153 6.1 0.735326 2.52043 0.68175 2.51881 5.72437 17.7146
154 6.14 0.726258 2.56347 0.687268 2.56001 5.85927 18.0659
155 6.18 0.729599 2.60727 0.705187 2.60284 5.96851 18.4284
156 6.22 0.734944 2.65197 0.708893 2.64645 6.07286 18.802
157 6.26 0.740706 2.6976 0.719525 2.69129 6.22362 19.1899
158 6.3 0.727052 2.74297 0.72626 2.73713 6.36092 19.5913
159 6.34 0.742515 2.78989 0.748712 2.78499 6.32823 19.9959
160 6.38 0.742142 2.83738 0.743418 2.83311 6.41409 20.411
161 6.42 0.745989 2.88571 0.763716 2.88317 6.52923 20.839
162 6.46 0.73037 2.93363 0.772609 2.93444 6.49857 21.2702
163 6.5 0.742795 2.98296 0.783088 2.98705 6.62995 21.7157
164 6.54 0.7372 3.03253 0.809597 3.04212 6.77609 22.1766
165 6.58 0.739175 3.08284 0.804215 3.09749 6.8738 22.6499
166 6.62 0.747504 3.13434 0.817923 3.15449 6.88976 23.13
167 6.66 0.74681 3.18641 0.822706 3.21252 6.86515 23.6142
168 6.7 0.752092 3.23948 0.846156 3.27293 6.96142 24.1112
169 6.74 0.759977 3.29376 0.845003 3.33397 7.07093 24.622
170 6.78 0.767704 3.34923 0.856644 3.39659 6.99523 25.1334
171 6.82 0.768542 3.40543 0.859737 3.46018 6.89252 25.6432
172 6.86 0.786692 3.46363 0.867228 3.52508 6.90822 26.1601
173 6.9 0.78762 3.52258 0.868458 3.59083 6.90526 26.683
174 6.94 0.79725 3.58294 0.868542 3.65736 6.74735 27.1997
175 6.98 0.793011 3.64368 0.875994 3.72523 6.77071 27.7243
176 7.02 0.799648 3.70563 0.865436 3.79305 6.6474 28.2453
177 7.06 0.807507 3.7689 0.864187 3.86155 6.78331 28.7829
178 7.1 0.826324 3.83438 0.872906 3.93152 6.79976 29.328
179 7.14 0.812624 3.89951 0.875512 4.0025 6.74124 29.8745
180 7.18 0.822176 3.96614 0.866499 4.07353 6.68991 30.423
181 7.22 0.821248 4.03344 0.866865 4.14539 6.66177 30.9752
182 7.26 0.818532 4.10126 0.864591 4.21786 6.54863 31.5241
183 7.3 0.816709 4.16968 0.869603 4.29155 6.52565 32.0771
184 7.34 0.817022 4.23888 0.868837 4.36599 6.47611 32.6319
185 7.38 0.835065 4.31037 0.85857 4.44035 6.40092 33.1863
186 7.42 0.835038 4.38265 0.843844 4.51423 6.4357 33.7498
187 7.46 0.83128 4.45537 0.853822 4.5898 6.32725 34.3097
188 7.5 0.83094 4.52885 0.848021 4.66565 6.33185 34.8761
189 7.54 0.832571 4.60326 0.848832 4.74239 6.25203 35.4414
190 7.58 0.841401 4.67926 0.842094 4.81934 6.17953 36.006
191 7.62 0.830703 4.75508 0.8343 4.89637 6.17718 36.5764
192 7.66 0.839646 4.83253 0.827417 4.97358 6.05287 37.1411
193 7.7 0.843137 4.91112 0.83186 5.05201 5.94884 37.702
194 7.74 0.84285 4.99049 0.828035 5.13089 5.95168 38.269
195 7.78 0.843782 5.07078 0.826034 5.2104 5.90903 38.8378
196 7.82 0.836847 5.15123 0.816749 5.28983 5.83945 39.4057
197 7.86 0.832835 5.23211 0.811813 5.36958 5.82928 39.9784
198 7.9 0.836353 5.31417 0.804356 5.44941 5.74026 40.5481
199 7.94 0.835973 5.39702 0.806379 5.53026 5.70823 41.1203
200 7.98 0.828862 5.47999 0.811088 5.61239 5.63018 41.6905
53000 200
1 0.02 0 0 0 0 0 0
2 0.06 0 0 0 0 0 0
3 0.1 0 0 0 0 0 0
4 0.14 0 0 0 0 0 0
5 0.18 0 0 0 0 0 0
6 0.22 0 0 0 0 0 0
7 0.26 0 0 0 0 0 0
8 0.3 0 0 0 0 0 0
9 0.34 0 0 0 0 0 0
10 0.38 0 0 0 0 0 0
11 0.42 0 0 0 0 0 0
12 0.46 0 0 0 0 0 0
13 0.5 0 0 0 0 0 0
14 0.54 0 0 0 0 0 0
15 0.58 0 0 0 0 0 0
16 0.62 0 0 0 0 0 0
17 0.66 0 0 0 0 0 0
18 0.7 0 0 0 0 0 0
19 0.74 0 0 0 0 0 0
20 0.78 0 0 0 0 0 0
21 0.82 0 0 0 0 0 0
22 0.86 0 0 0 0 0 0
23 0.9 0 0 0 0 0 0
24 0.94 0 0 0 0 0 0
25 0.98 0 0 0 0 0 0
26 1.02 0 0 0 0 0 0
27 1.06 0 0 0 0 0 0
28 1.1 0 0 0 0 0 0
29 1.14 0 0 0 0 0 0
30 1.18 0 0 0 0 0 0
31 1.22 0 0 0 0 0 0
32 1.26 0 0 0 0 0 0
33 1.3 0 0 0 0 0 0
34 1.34 0 0 0 0 0 0
35 1.38 0 0 0 0 0 0
36 1.42 0 0 0 0 0 0
37 1.46 0 0 0 0 0 0
38 1.5 0 0 0 0 0 0
39 1.54 0 0 0 0 0 0
40 1.58 0 0 0 0 0 0
41 1.62 0 0 0 0 0 0
42 1.66 0 0 0 0 0.154112 0.000675458
43 1.7 0 0 0 0 6.87162 0.0322612
44 1.74 0 0 0 0 51.599 0.280733
45 1.78 0 0 0 0 126.626 0.918849
46 1.82 0 0 0 0 147.484 1.69585
47 1.86 0 0 0 0 106.761 2.28331
48 1.9 0 0 0 0 57.9969 2.61631
49 1.94 0 0 0 0 26.9309 2.77752
50 1.98 0 0 0 0 12.6278 2.85626
51 2.02 0 0 0 0 5.9622 2.89495
52 2.06 0 0 0 0 3.14524 2.91618
53 2.1 0 0 0 0 1.79304 2.92876
54 2.14 0 0 0 0 1.03332 2.93628
55 2.18 0 0 0.00150322 1.13636e-05 0.638311 2.94111
56 2.22 0 0 0.00749012 7.00758e-05 0.508815 2.94509
57 2.26 0 0 0.0389342 0.000386364 0.368238 2.94809
58 2.3 0 0 0.126058 0.00144697 0.275242 2.9504
59 2.34 0 0 0.359049 0.00457386 0.277003 2.95281
60 2.38 0.000850662 7.57576e-06 0.689535 0.010786 0.292758 2.95545
61 2.42 0.00575902 6.06061e-05 1.21613 0.0221136 0.390197 2.95909
62 2.46 0.0268709 0.000316288 1.74164 0.0388769 0.337524 2.96234
63 2.5 0.0851893 0.00115341 2.28462 0.0615871 0.401223 2.96632
64 2.54 0.238056 0.00356818 2.63442 0.0886193 0.598718 2.97247
65 2.58 0.500554 0.00880682 2.79989 0.118261 0.662305 2.97948
66 2.62 0.91427 0.0186742 2.73552 0.148127 0.986961 2.99025
67 2.66 1.39278 0.0341686 2.55071 0.176831 1.26905 3.00454
68 2.7 1.8753 0.0556629 2.3081 0.203593 1.35653 3.02026
69 2.74 2.29266 0.0827254 2.04483 0.228009 1.33339 3.03619
70 2.78 2.62649 0.11464 1.79151 0.25003 1.16185 3.05047
71 2.82 2.71959 0.148644 1.58935 0.270133 1.07062 3.06401
72 2.86 2.70693 0.183456 1.34488 0.287629 0.937039 3.0762
73 2.9 2.52892 0.216896 1.18585 0.303491 0.793538 3.08681
74 2.94 2.34309 0.248739 1.07334 0.318246 0.940556 3.09974
75 2.98 2.07186 0.277667 0.932085 0.331411 0.879043 3.11216
76 3.02 1.83046 0.303915 0.825562 0.343386 0.818215 3.12403
77 3.06 1.57991 0.327174 0.758719 0.354686 0.945982 3.13812
78 3.1 1.36128 0.347742 0.721422 0.365712 1.09851 3.15491
79 3.14 1.19414 0.366254 0.662456 0.3761 1.13224 3.17266
80 3.18 1.06542 0.383193 0.61493 0.385991 1.23191 3.19247
81 3.22 0.944308 0.398587 0.600895 0.3959 1.35167 3.21476
82 3.26 0.860183 0.41296 0.572119 0.40557 1.39102 3.23828
83 3.3 0.772867 0.426193 0.5661 0.415375 1.72521 3.26816
84 3.34 0.730172 0.439 0.555716 0.425235 1.70228 3.29836
85 3.38 0.68547 0.451313 0.563382 0.435472 2.04634 3.33554
86 3.42 0.643574 0.463148 0.548856 0.445682 2.45003 3.38112
87 3.46 0.628482 0.474977 0.552356 0.456199 2.76706 3.43381
88 3.5 0.628652 0.487085 0.588989 0.467674 3.07893 3.49379
89 3.54 0.611259 0.499129 0.572427 0.479083 3.43416 3.56224
90 3.58 0.61168 0.511455 0.587584 0.491061 3.9038 3.64181
91 3.62 0.635006 0.524538 0.615743 0.503894 4.07884 3.72683
92 3.66 0.653936 0.538311 0.621559 0.517136 4.51103 3.82293
93 3.7 0.668646 0.552703 0.642204 0.531119 4.6991 3.92525
94 3.74 0.699716 0.568091 0.676386 0.546167 4.91577 4.03461
95 3.78 0.762803 0.585227 0.704401 0.562174 5.23975 4.15368
96 3.82 0.76829 0.602854 0.712245 0.578705 5.27194 4.27604
97 3.86 0.825052 0.622182 0.758065 0.596669 5.27047 4.40093
98 3.9 0.861041 0.642773 0.785185 0.615663 5.24268 4.52776
99 3.94 0.909913 0.664981 0.787579 0.635108 4.94919 4.64995
100 3.98 0.942364 0.688451 0.811372 0.655549 4.94214 4.77446
101 4.02 0.964851 0.712966 0.847994 0.677345 4.69783 4.89521
102 4.06 0.988389 0.738581 0.853542 0.699722 4.52598 5.01386
103 4.1 1.01413 0.765384 0.875292 0.723123 4.28772 5.1285
104 4.14 1.0084 0.792559 0.893966 0.747492 4.27254 5.24497
105 4.18 1.02719 0.820777 0.889954 0.772223 4.29649 5.36436
106 4.22 0.991165 0.848528 0.901046 0.797744 4.3199 5.48672
107 4.26 0.977951 0.876432 0.930009 0.824587 4.41635 5.61418
108 4.3 0.956386 0.904235 0.962891 0.852903 4.82455 5.75606
109 4.34 0.927901 0.931714 0.996685 0.882761 5.01519 5.9063
110 4.38 0.906761 0.959064 1.0016 0.913322 5.4258 6.07186
111 4.42 0.884073 0.98622 1.05413 0.946076 5.59823 6.2458
112 4.46 0.859023 1.01309 1.07656 0.980134 5.88967 6.43213
113 4.5 0.850063 1.04015 1.09831 1.01551 6.28077 6.63442
114 4.54 0.860808 1.06805 1.12879 1.05251 6.41589 6.84474
115 4.58 0.86806 1.09667 1.12744 1.09013 6.63404 7.06607
116 4.62 0.85383 1.12533 1.13634 1.1287 6.84086 7.2983
117 4.66 0.885941 1.15558 1.11351 1.16716 7.08802 7.5431
118 4.7 0.88892 1.18645 1.10052 1.20582 7.17302 7.79511
119 4.74 0.8965 1.21812 1.07296 1.24416 7.2811 8.05529
120 4.78 0.908232 1.25074 1.04341 1.28208 7.20575 8.31714
121 4.82 0.92226 1.28443 1.00284 1.31914 7.35128 8.58877
122 4.86 0.921064 1.31864 0.987306 1.35623 7.2736 8.86201
123 4.9 0.931775 1.35381 0.969018 1.39323 7.43244 9.14583
124 4.94 0.944734 1.39006 0.97203 1.43096 7.50234 9.43702
125 4.98 0.94628 1.42696 0.946585 1.46829 7.36109 9.72737
126 5.02 0.939244 1.46417 0.937709 1.50588 7.46578 10.0266
127 5.06 0.935227 1.50182 0.939403 1.54413 7.40428 10.3281
128 5.1 0.91501 1.53924 0.929624 1.58259 7.24737 10.6279
129 5.14 0.90739 1.57693 0.909847 1.62082 7.14721 10.9282
130 5.18 0.902945 1.61502 0.886622 1.65866 7.11945 11.2321
131 5.22 0.900965 1.65362 0.879684 1.69678 6.90316 11.5312
132 5.26 0.893282 1.69248 0.855809 1.73444 6.56904 11.8203
133 5.3 0.857803 1.73036 0.837218 1.77184 6.24632 12.0994
134 5.34 0.863968 1.7691 0.832115 1.80958 6.10773 12.3764
135 5.38 0.851336 1.80784 0.799131 1.84637 5.95158 12.6503
136 5.42 0.824629 1.84593 0.789897 1.88327 5.74907 12.9189
137 5.46 0.825439 1.88462 0.77369 1.91996 5.66107 13.1874
138 5.5 0.811686 1.92322 0.753109 1.95619 5.44535 13.4493
139 5.54 0.79259 1.96147 0.755154 1.99305 5.29843 13.708
140 5.58 0.776895 1.9995 0.741228 2.02976 5.32797 13.9718
141 5.62 0.766219 2.03755 0.728228 2.06634 5.26713 14.2364
142 5.66 0.766595 2.07616 0.721911 2.10312 5.25672 14.5042
143 5.7 0.759653 2.11496 0.698217 2.1392 5.03194 14.7643
144 5.74 0.745702 2.15359 0.691123 2.17542 4.9903 15.0258
145 5.78 0.737187 2.19231 0.687474 2.21195 5.0165 15.2923
146 5.82 0.734909 2.23145 0.680479 2.2486 5.09646 15.5669
147 5.86 0.73677 2.27123 0.679959 2.28574 5.08306 15.8445
148 5.9 0.742871 2.31189 0.671011 2.32289 5.1962 16.1322
149 5.94 0.716852 2.35166 0.677528 2.36091 5.29154 16.4291
150 5.98 0.725922 2.39247 0.677619 2.39945 5.286 16.7298
151 6.02 0.728407 2.43397 0.678075 2.43853 5.43084 17.0428
152 6.06 0.735293 2.47643 0.693312 2.47903 5.59949 17.3698
153 6.1 0.73921 2.51967 0.68252 2.51942 5.73772 17.7094
154 6.14 0.735712 2.56328 0.692735 2.56096 5.91963 18.0643
155 6.18 0.731109 2.60718 0.698326 2.60337 6.07679 18.4335
156 6.22 0.742878 2.65237 0.70424 2.64671 5.98735 18.8019
157 6.26 0.737501 2.69781 0.716236 2.69135 6.14435 19.1848
158 6.3 0.739368 2.74395 0.735374 2.73777 6.34224 19.5852
159 6.34 0.738337 2.79061 0.742625 2.78524 6.38422 19.9933
160 6.38 0.736268 2.83773 0.75195 2.83392 6.44652 20.4106
161 6.42 0.738287 2.88557 0.764249 2.88402 6.4842 20.8357
162 6.46 0.748889 2.93471 0.77142 2.93522 6.57037 21.2718
163 6.5 0.738761 2.98378 0.783684 2.98788 6.66207 21.7195
164 6.54 0.736427 3.0333 0.800243 3.04232 6.69287 22.1748
165 6.58 0.740326 3.0837 0.811336 3.09819 6.88875 22.6491
166 6.62 0.745752 3.13509 0.820149 3.15536 6.87403 23.1282
167 6.66 0.742664 3.18688 0.820043 3.21321 6.92212 23.6166
168 6.7 0.748553 3.23971 0.841745 3.2733 6.96093 24.1135
169 6.74 0.760802 3.29405 0.84987 3.33471 6.92305 24.6137
170 6.78 0.770327 3.34972 0.8493 3.3968 6.96524 25.123
171 6.82 0.772504 3.40621 0.865789 3.46085 6.99767 25.6406
172 6.86 0.783692 3.4642 0.867287 3.52576 6.79128 26.1489
173 6.9 0.78926 3.52328 0.87014 3.59165 6.83806 26.6667
174 6.94 0.797218 3.58365 0.860164 3.65754 6.86276 27.1924
175 6.98 0.805414 3.64534 0.868127 3.72481 6.79219 27.7187
176 7.02 0.804866 3.7077 0.880953 3.79385 6.70641 28.2444
177 7.06 0.805293 3.77081 0.867366 3.86261 6.80349 28.7837
178 7.1 0.806448 3.83473 0.871394 3.93248 6.74429 29.3244
179 7.14 0.814758 3.90003 0.873291 4.00328 6.82086 29.8775
180 7.18 0.81524 3.96611 0.872734 4.07484 6.63838 30.4217
181 7.22 0.821042 4.0334 0.870767 4.14703 6.58753 30.9679
182 7.26 0.822512 4.10156 0.863705 4.21944 6.53815 31.516
183 7.3 0.821413 4.17039 0.86868 4.29306 6.50959 32.0677
184 7.34 0.834598 4.24108 0.858618 4.36663 6.43922 32.6195
185 7.38 0.827387 4.31193 0.856812 4.44085 6.4383 33.1772
186 7.42 0.83637 4.38433 0.86058 4.51621 6.462 33.743
187 7.46 0.839457 4.45778 0.84825 4.59129 6.35799 34.3058
188 7.5 0.83237 4.53139 0.849112 4.66725 6.32199 34.8713
189 7.54 0.834939 4.60602 0.84281 4.74346 6.29458 35.4405
190 7.58 0.828645 4.68088 0.837896 4.82003 6.21565 36.0085
191 7.62 0.839802 4.75755 0.838494 4.89746 6.0924 36.5711
192 7.66 0.835241 4.8346 0.832256 4.97513 6.02 37.1329
193 7.7 0.832784 4.91223 0.825462 5.05297 6.0098 37.6996
194 7.74 0.838453 4.9912 0.826948 5.13176 6.03863 38.275
195 7.78 0.836203 5.07078 0.817149 5.21042 5.89953 38.8429
196 7.82 0.837203 5.15128 0.813874 5.28958 5.77649 39.4047
197 7.86 0.837987 5.23267 0.813186 5.36948 5.74666 39.9694
198 7.9 0.836145 5.31472 0.822677 5.45114 5.75212 40.5403
199 7.94 0.836088 5.39759 0.816376 5.533 5.73216 41.1151
200 7.98 0.832609 5.48095 0.807221 5.61475 5.64912 41.6872
54000 200
1 0.02 0 0 0 0 0 0
2 0.06 0 0 0 0 0 0
3 0.1 0 0 0 0 0 0
4 0.14 0 0 0 0 0 0
5 0.18 0 0 0 0 0 0
6 0.22 0 0 0 0 0 0
7 0.26 0 0 0 0 0 0
8 0.3 0 0 0 0 0 0
9 0.34 0 0 0 0 0 0
10 0.38 0 0 0 0 0 0
11 0.42 0 0 0 0 0 0
12 0.46 0 0 0 0 0 0
13 0.5 0 0 0 0 0 0
14 0.54 0 0 0 0 0 0
15 0.58 0 0 0 0 0 0
16 0.62 0 0 0 0 0 0
17 0.66 0 0 0 0 0 0
18 0.7 0 0 0 0 0 0
19 0.74 0 0 0 0 0 0
20 0.78 0 0 0 0 0 0
21 0.82 0 0 0 0 0 0
22 0.86 0 0 0 0 0 0
23 0.9 0 0 0 0 0 0
24 0.94 0 0 0 0 0 0
25 0.98 0 0 0 0 0 0
26 1.02 0 0 0 0 0 0
27 1.06 0 0 0 0 0 0
28 1.1 0 0 0 0 0 0
29 1.14 0 0 0 0 0 0
30 1.18 0 0 0 0 0 0
31 1.22 0 0 0 0 0 0
32 1.26 0 0 0 0 0 0
33 1.3 0 0 0 0 0 0
34 1.34 0 0 0 0 0 0
35 1.38 0 0 0 0 0 0
36 1.42 0 0 0 0 0 0
37 1.46 0 0 0 0 0 0
38 1.5 0 0 0 0 0 0
39 1.54 0 0 0 0 0 0
40 1.58 0 0 0 0 0 0
41 1.62 0 0 0 0 0 0
42 1.66 0 0 0 0 0.146733 0.000643294
43 1.7 0 0 0 0 6.68081 0.0313606
44 1.74 0 0 0 0 51.1905 0.277935
45 1.78 0 0 0 0 127.127 0.918752
46 1.82 0 0 0 0 148.615 1.70193
47 1.86 0 0 0 0 106.025 2.28549
48 1.9 0 0 0 0 57.7009 2.61689
49 1.94 0 0 0 0 27.235 2.77996
50 1.98 0 0 0 0 12.0776 2.85529
51 2.02 0 0 0 0 6.22314 2.89569
52 2.06 0 0 0 0 3.15393 2.91698
53 2.1 0 0 0 0 1.65958 2.92863
54 2.14 0 0 0.000519972 3.78788e-06 1.03748 2.93619
55 2.18 0 0 0.00125215 1.32576e-05 0.638128 2.94101
56 2.22 0 0 0.00893688 8.33333e-05 0.44713 2.94452
57 2.26 0 0 0.0421877 0.000426136 0.31272 2.94706
58 2.3 0 0 0.131421 0.0015322 0.313414 2.94969
59 2.34 0 0 0.342857 0.00451894 0.262147 2.95198
60 2.38 0.000850477 7.57576e-06 0.708264 0.0109015 0.281965 2.95452
61 2.42 0.00493476 5.30303e-05 1.21214 0.0221951 0.33142 2.95761
62 2.46 0.0290531 0.000329545 1.75415 0.0390833 0.307376 2.96057
63 2.5 0.0907535 0.00122159 2.27789 0.061733 0.530519 2.96584
64 2.54 0.228284 0.00353788 2.62079 0.0886326 0.510815 2.97108
65 2.58 0.503131 0.00880492 2.7714 0.117981 0.747197 2.979
66 2.62 0.885605 0.0183655 2.75455 0.148063 1.09567 2.99096
67 2.66 1.36124 0.0335133 2.57104 0.177004 1.17721 3.00421
68 2.7 1.90436 0.0553466 2.29243 0.203591 1.40333 3.02049
69 2.74 2.34271 0.0830076 2.07155 0.228333 1.34917 3.0366
70 2.78 2.59787 0.114583 1.81627 0.250665 1.20077 3.05137
71 2.82 2.70809 0.148453 1.54162 0.270169 1.0805 3.06504
72 2.86 2.72268 0.183477 1.3566 0.287822 0.924403 3.07707
73 2.9 2.55744 0.217303 1.19572 0.30382 0.819754 3.08803
74 2.94 2.31209 0.248733 1.04688 0.318216 0.865439 3.09994
75 2.98 2.07725 0.277744 0.921774 0.331239 0.947097 3.11332
76 3.02 1.8112 0.303723 0.840214 0.34343 0.855683 3.12573
77 3.06 1.56764 0.326809 0.779742 0.355045 0.986772 3.14043
78 3.1 1.36617 0.347456 0.722213 0.366087 1.01404 3.15593
79 3.14 1.21263 0.366259 0.662034 0.376472 1.15652 3.17408
80 3.18 1.06406 0.383182 0.618527 0.386422 1.25556 3.19427
81 3.22 0.963439 0.398892 0.585682 0.396083 1.37861 3.21702
82 3.26 0.862667 0.413311 0.572974 0.405771 1.48005 3.24204
83 3.3 0.784154 0.426741 0.565177 0.415563 1.64301 3.2705
84 3.34 0.719168 0.439358 0.543396 0.425206 1.79426 3.30235
85 3.38 0.696348 0.451869 0.53926 0.435008 1.97854 3.33831
86 3.42 0.641755 0.463674 0.537814 0.445015 2.31454 3.38138
87 3.46 0.630421 0.475544 0.562647 0.455731 2.72072 3.43319
88 3.5 0.603511 0.48717 0.566575 0.466773 3.13589 3.49431
89 3.54 0.612534 0.499242 0.565241 0.478042 3.40898 3.56227
90 3.58 0.614516 0.511629 0.585472 0.489979 4.00214 3.64387
91 3.62 0.627115 0.524553 0.60958 0.502687 4.0607 3.72853
92 3.66 0.651863 0.538286 0.635604 0.516233 4.47659 3.82393
93 3.7 0.670921 0.552731 0.666548 0.53075 4.92823 3.93126
94 3.74 0.712952 0.568415 0.6773 0.545822 4.97511 4.04197
95 3.78 0.741268 0.585072 0.716371 0.562106 5.1831 4.15979
96 3.82 0.775843 0.602877 0.731548 0.579089 5.15409 4.27945
97 3.86 0.823774 0.62218 0.739243 0.596612 5.14823 4.40148
98 3.9 0.861672 0.642792 0.783016 0.615559 5.23864 4.52824
99 3.94 0.894537 0.664631 0.797181 0.635246 4.98169 4.65127
100 3.98 0.928498 0.687761 0.817389 0.655845 4.71101 4.76999
101 4.02 0.970032 0.712415 0.838028 0.67739 4.7103 4.89109
102 4.06 1.01055 0.738612 0.858147 0.699894 4.4389 5.00749
103 4.1 1.0155 0.765458 0.872217 0.72322 4.36112 5.12412
104 4.14 1.02836 0.793178 0.87372 0.747044 4.39172 5.24387
105 4.18 1.00223 0.820718 0.892436 0.77185 4.2351 5.3616
106 4.22 1.0011 0.848756 0.913569 0.797733 4.39701 5.48617
107 4.26 0.975426 0.876595 0.932902 0.824667 4.56666 5.61801
108 4.3 0.952931 0.904305 0.952646 0.852689 4.75868 5.75799
109 4.34 0.919401 0.93154 0.996285 0.882544 5.06105 5.90965
110 4.38 0.89364 0.958502 1.028 0.913919 5.31896 6.07198
111 4.42 0.879147 0.985513 1.04689 0.946456 5.52324 6.24365
112 4.46 0.870106 1.01273 1.08182 0.980691 5.99579 6.43339
113 4.5 0.871536 1.04049 1.09108 1.01584 6.15823 6.63178
114 4.54 0.861042 1.0684 1.13755 1.05314 6.42197 6.84236
115 4.58 0.862769 1.09686 1.13434 1.091 6.80958 7.0696
116 4.62 0.869729 1.12606 1.11673 1.12892 6.80109 7.30055
117 4.66 0.874606 1.15593 1.10789 1.16719 7.15032 7.54757
118 4.7 0.885949 1.1867 1.10404 1.20599 7.06028 7.79569
119 4.74 0.903437 1.21863 1.08136 1.24464 7.15848 8.05156
120 4.78 0.910357 1.25134 1.04802 1.28274 7.1498 8.31145
121 4.82 0.910549 1.28461 1.01527 1.32026 7.45897 8.58713
122 4.86 0.933913 1.3193 0.990062 1.35746 7.42306 8.86607
123 4.9 0.933225 1.35454 0.973813 1.39466 7.35629 9.14706
124 4.94 0.934951 1.39042 0.946542 1.43141 7.30145 9.43052
125 4.98 0.939173 1.42705 0.946283 1.46874 7.5922 9.73007
126 5.02 0.93273 1.46402 0.938345 1.50636 7.41719 10.0274
127 5.06 0.942585 1.50197 0.931659 1.54431 7.40856 10.3292
128 5.1 0.918695 1.53955 0.911792 1.58204 7.21115 10.6276
129 5.14 0.918488 1.57771 0.905411 1.6201 7.26085 10.9328
130 5.18 0.906511 1.61597 0.901771 1.65859 6.9751 11.2305
131 5.22 0.887946 1.65402 0.878039 1.69665 6.89531 11.5294
132 5.26 0.886764 1.6926 0.853162 1.73421 6.4876 11.815
133 5.3 0.876649 1.73133 0.847455 1.77208 6.31955 12.0974
134 5.34 0.849456 1.76943 0.821702 1.80935 6.04081 12.3714
135 5.38 0.844819 1.80788 0.80632 1.84648 5.97018 12.6463
136 5.42 0.841578 1.84676 0.785057 1.88317 5.69791 12.9126
137 5.46 0.81455 1.88495 0.77675 1.92001 5.73074 13.1844
138 5.5 0.807086 1.92335 0.760847 1.95663 5.46787 13.4476
139 5.54 0.793118 1.96163 0.753707 1.99343 5.2746 13.7051
140 5.58 0.785848 2.00011 0.738043 2.02999 5.29535 13.9674
141 5.62 0.763375 2.03803 0.721583 2.06624 5.18823 14.2281
142 5.66 0.765106 2.07658 0.713724 2.10262 5.25339 14.4959
143 5.7 0.753071 2.11506 0.697182 2.13866 5.0343 14.7561
144 5.74 0.744108 2.15361 0.704013 2.17556 5.13003 15.025
145 5.78 0.737523 2.19236 0.683967 2.21191 5.05505 15.2936
146 5.82 0.736809 2.23161 0.67836 2.24846 5.0837 15.5676
147 5.86 0.736953 2.27141 0.676689 2.28543 5.01276 15.8414
148 5.9 0.728272 2.31128 0.674416 2.32278 5.12332 16.1252
149 5.94 0.730719 2.35183 0.67714 2.36079 5.35143 16.4255
150 5.98 0.734514 2.39314 0.669811 2.3989 5.30041 16.7271
151 6.02 0.734354 2.43499 0.69461 2.43894 5.4701 17.0425
152 6.06 0.723445 2.47677 0.683493 2.47888 5.62492 17.3711
153 6.1 0.728811 2.51942 0.688252 2.51962 5.77688 17.7131
154 6.14 0.72689 2.56252 0.692957 2.56118 5.88423 18.066
155 6.18 0.730404 2.60639 0.706675 2.60412 5.9295 18.4262
156 6.22 0.735295 2.65113 0.703676 2.64743 6.16967 18.806
157 6.26 0.748729 2.69727 0.72294 2.6925 6.15709 19.1898
158 6.3 0.7398 2.74345 0.724973 2.73827 6.31909 19.5888
159 6.34 0.744005 2.79048 0.738806 2.78552 6.21145 19.986
160 6.38 0.737605 2.8377 0.748495 2.83399 6.45715 20.4042
161 6.42 0.741591 2.88577 0.761985 2.88395 6.47799 20.8289
162 6.46 0.734053 2.93395 0.771209 2.93515 6.62329 21.2687
163 6.5 0.747676 2.98363 0.778369 2.98747 6.62912 21.7142
164 6.54 0.739211 3.03335 0.797214 3.04172 6.78752 22.1761
165 6.58 0.75083 3.08448 0.808088 3.09738 6.90693 22.6518
166 6.62 0.742911 3.13568 0.822583 3.15473 6.92337 23.1345
167 6.66 0.746479 3.18775 0.823552 3.21284 6.99772 23.6283
168 6.7 0.746658 3.24046 0.849176 3.27348 6.95 24.1247
169 6.74 0.758153 3.29463 0.846648 3.33467 6.91138 24.6242
170 6.78 0.761703 3.3497 0.856346 3.3973 6.96416 25.1335
171 6.82 0.765873 3.40572 0.868956 3.4616 6.91317 25.645
172 6.86 0.779588 3.46341 0.863479 3.52624 6.83661 26.1568
173 6.9 0.791444 3.52267 0.864301 3.59171 6.84428 26.6752
174 6.94 0.795325 3.58292 0.863687 3.65788 6.80713 27.1968
175 6.98 0.798666 3.64411 0.871993 3.72547 6.72271 27.7179
176 7.02 0.808824 3.7068 0.866406 3.7934 6.8174 28.2524
177 7.06 0.811402 3.7704 0.871786 3.86253 6.74239 28.787
178 7.1 0.813849 3.83492 0.872502 3.9325 6.66463 29.3215
179 7.14 0.821765 3.90081 0.87424 4.0034 6.71151 29.8658
180 7.18 0.820434 3.96732 0.865589 4.07439 6.71893 30.4169
181 7.22 0.821465 4.03467 0.867445 4.14633 6.61866 30.9657
182 7.26 0.820457 4.10268 0.870538 4.21933 6.61538 31.5205
183 7.3 0.824033 4.17174 0.866721 4.2928 6.51275 32.0726
184 7.34 0.825271 4.24166 0.85308 4.36592 6.50011 32.6297
185 7.38 0.817565 4.31169 0.855206 4.44002 6.48778 33.1919
186 7.42 0.836576 4.38413 0.863908 4.51569 6.43415 33.7554
187 7.46 0.834833 4.45719 0.852552 4.59117 6.41582 34.3234
188 7.5 0.834452 4.53101 0.849938 4.66723 6.23936 34.8818
189 7.54 0.827317 4.60498 0.842556 4.74344 6.27365 35.4492
190 7.58 0.832652 4.68022 0.837914 4.82003 6.16504 36.0127
191 7.62 0.832581 4.75625 0.831557 4.89684 6.18372 36.5839
192 7.66 0.839629 4.83373 0.830567 4.97437 6.03695 37.1475
193 7.7 0.840841 4.91213 0.830977 5.05275 6.02488 37.7158
194 7.74 0.836355 4.99093 0.825887 5.13146 6.01639 38.2892
195 7.78 0.841168 5.071 0.818436 5.21027 5.91695 38.8589
196 7.82 0.835419 5.15134 0.817035 5.28976 5.80133 39.4233
197 7.86 0.830893 5.23207 0.816336 5.36999 5.79088 39.9925
198 7.9 0.83574 5.3141 0.813087 5.45072 5.68768 40.5572
199 7.94 0.831104 5.3965 0.806636 5.53163 5.68827 41.1277
200 7.98 0.831719 5.4798 0.808998 5.61358 5.54787 41.6897
55000 200
1 0.02 0 0 0 0 0 0
2 0.06 0 0 0 0 0 0
3 0.1 0 0 0 0 0 0
4 0.14 0 0 0 0 0 0
5 0.18 0 0 0 0 0 0
6 0.22 0 0 0 0 0 0
7 0.26 0 0 0 0 0 0
8 0.3 0 0 0 0 0 0
9 0.34 0 0 0 0 0 0
10 0.38 0 0 0 0 0 0
11 0.42 0 0 0 0 0 0
12 0.46 0 0 0 0 0 0
13 0.5 0 0 0 0 0 0
14 0.54 0 0 0 0 0 0
15 0.58 0 0 0 0 0 0
16 0.62 0 0 0 0 0 0
17 0.66 0 0 0 0 0 0
18 0.7 0 0 0 0 0 0
19 0.74 0 0 0 0 0 0
20 0.78 0 0 0 0 0 0
21 0.82 0 0 0 0 0 0
22 0.86 0 0 0 0 0 0
23 0.9 0 0 0 0 0 0
24 0.94 0 0 0 0 0 0
25 0.98 0 0 0 0 0 0
26 1.02 0 0 0 0 0 0
27 1.06 0 0 0 0 0 0
28 1.1 0 0 0 0 0 0
29 1.14 0 0 0 0 0 0
30 1.18 0 0 0 0 0 0
31 1.22 0 0 0 0 0 0
32 1.26 0 0 0 0 0 0
33 1.3 0 0 0 0 0 0
34 1.34 0 0 0 0 0 0
35 1.38 0 0 0 0 0 0
36 1.42 0 0 0 0 0 0
37 1.46 0 0 0 0 0 0
38 1.5 0 0 0 0 0 0
39 1.54 0 0 0 0 0 0
40 1.58 0 0 0 0 0 0
41 1.62 0 0 0 0 0 0
42 1.66 0 0 0 0 0.168719 0.000739788
43 1.7 0 0 0 0 6.84756 0.032229
44 1.74 0 0 0 0 50.6149 0.276069
45 1.78 0 0 0 0 128.567 0.924252
46 1.82 0 0 0 0 148.218 1.70547
47 1.86 0 0 0 0 106.183 2.29
48 1.9 0 0 0 0 57.1874 2.61849
49 1.94 0 0 0 0 26.8279 2.77916
50 1.98 0 0 0 0 12.746 2.85867
51 2.02 0 0 0 0 5.75655 2.89604
52 2.06 0 0 0 0 2.96764 2.91608
53 2.1 0 0 0 0 1.55386 2.92699
54 2.14 0 0 0.000259969 1.89394e-06 0.993136 2.93422
55 2.18 0 0 0.00250448 2.08333e-05 0.616747 2.93889
56 2.22 0 0 0.00796971 8.33333e-05 0.557794 2.94326
57 2.26 0 0 0.041713 0.000422348 0.356174 2.94616
58 2.3 0 0 0.133429 0.00154545 0.298055 2.94867
59 2.34 0 0 0.3478 0.00457576 0.37286 2.95191
60 2.38 0.000850292 7.57576e-06 0.685238 0.0107519 0.314037 2.95474
61 2.42 0.00452324 4.92424e-05 1.19995 0.0219337 0.334828 2.95786
62 2.46 0.0268602 0.000304924 1.75917 0.0388731 0.340713 2.96115
63 2.5 0.0905443 0.00119508 2.30837 0.0618295 0.465732 2.96578
64 2.54 0.234037 0.00357008 2.61685 0.0886932 0.554582 2.97147
65 2.58 0.506664 0.008875 2.79956 0.118345 0.71063 2.979
66 2.62 0.86335 0.018197 2.72739 0.148134 1.01004 2.99003
67 2.66 1.38485 0.0336098 2.55547 0.176905 1.33706 3.00508
68 2.7 1.89016 0.0552841 2.33369 0.203975 1.30604 3.02023
69 2.74 2.33143 0.0828163 2.05932 0.228576 1.3355 3.03619
70 2.78 2.61225 0.114572 1.80689 0.250795 1.22411 3.05124
71 2.82 2.74019 0.148848 1.55678 0.270494 1.04728 3.06449
72 2.86 2.70397 0.183638 1.34386 0.287985 0.971231 3.07713
73 2.9 2.54785 0.217343 1.17118 0.303657 0.918184 3.08942
74 2.94 2.30823 0.248725 1.07563 0.318451 0.839595 3.10096
75 2.98 2.07285 0.27768 0.906745 0.331263 0.805799 3.11235
76 3.02 1.80457 0.303568 0.842556 0.343491 0.96192 3.12631
77 3.06 1.58551 0.32692 0.77275 0.355004 0.83763 3.13879
78 3.1 1.3692 0.347617 0.706984 0.365814 1.11275 3.15581
79 3.14 1.18568 0.366006 0.662168 0.376203 1.18299 3.17436
80 3.18 1.06876 0.383006 0.623486 0.386235 1.21539 3.19392
81 3.22 0.971995 0.398858 0.607516 0.396258 1.31404 3.2156
82 3.26 0.849835 0.413064 0.564142 0.405797 1.44938 3.24011
83 3.3 0.790326 0.426602 0.569349 0.415663 1.63719 3.26848
84 3.34 0.717224 0.439188 0.549926 0.425424 1.7867 3.30019
85 3.38 0.674417 0.451307 0.544903 0.43533 1.97643 3.33612
86 3.42 0.648546 0.463239 0.541798 0.445413 2.41785 3.38112
87 3.46 0.626497 0.475036 0.552211 0.455932 2.8165 3.43477
88 3.5 0.623955 0.487059 0.572892 0.467098 3.05611 3.49434
89 3.54 0.617047 0.499222 0.568756 0.478439 3.5488 3.5651
90 3.58 0.613195 0.511583 0.599213 0.490659 3.79488 3.64249
91 3.62 0.623425 0.524434 0.60203 0.503212 4.21431 3.73036
92 3.66 0.651043 0.538152 0.625372 0.516542 4.64031 3.82927
93 3.7 0.659117 0.552345 0.653922 0.530786 4.75465 3.93284
94 3.74 0.715592 0.568089 0.671149 0.545723 4.9801 4.04368
95 3.78 0.742495 0.584777 0.712587 0.561924 5.22751 4.16253
96 3.82 0.776868 0.602608 0.72686 0.578801 5.08121 4.28051
97 3.86 0.831481 0.622095 0.759411 0.596805 5.13246 4.40219
98 3.9 0.875307 0.643036 0.775683 0.615578 5.25638 4.5294
99 3.94 0.890665 0.664784 0.805715 0.635479 5.13842 4.65632
100 3.98 0.942027 0.688256 0.815151 0.656025 4.85828 4.77877
101 4.02 0.98134 0.713201 0.842167 0.67768 4.62326 4.89765
102 4.06 0.987955 0.738816 0.845658 0.69986 4.48476 5.01528
103 4.1 1.03131 0.766085 0.873918 0.723235 4.41214 5.13329
104 4.14 1.01253 0.793383 0.886905 0.747422 4.17631 5.24719
105 4.18 1.00647 0.821044 0.893922 0.772275 4.17887 5.36336
106 4.22 1.00723 0.849258 0.903994 0.79789 4.33503 5.4862
107 4.26 0.983689 0.877337 0.948031 0.825265 4.47451 5.61541
108 4.3 0.942876 0.904759 0.944121 0.853042 4.83775 5.75774
109 4.34 0.919761 0.932009 0.980326 0.882422 4.90781 5.90482
110 4.38 0.892618 0.958945 1.01027 0.913261 5.31174 6.06697
111 4.42 0.869448 0.985663 1.05233 0.945973 5.66508 6.24307
112 4.46 0.873595 1.013 1.09559 0.98065 5.96229 6.43178
113 4.5 0.845646 1.03993 1.11235 1.01649 6.1323 6.62937
114 4.54 0.868141 1.06808 1.12015 1.05323 6.44838 6.84085
115 4.58 0.866819 1.09668 1.12405 1.09074 6.66869 7.06343
116 4.62 0.867218 1.12579 1.12698 1.12902 6.72041 7.29167
117 4.66 0.868861 1.15547 1.11582 1.16757 7.09796 7.53693
118 4.7 0.901012 1.18678 1.08867 1.20584 7.07376 7.78556
119 4.74 0.897876 1.21851 1.0789 1.24441 7.3274 8.04751
120 4.78 0.917902 1.2515 1.05045 1.2826 7.22381 8.31013
121 4.82 0.934448 1.28565 1.0045 1.31973 7.44639 8.5854
122 4.86 0.932537 1.32029 0.989847 1.35693 7.34487 8.86143
123 4.9 0.923393 1.35516 0.968842 1.39395 7.55717 9.15014
124 4.94 0.925524 1.39069 0.957556 1.43113 7.44439 9.43921
125 4.98 0.943386 1.42749 0.953944 1.46877 7.43693 9.73268
126 5.02 0.928319 1.46429 0.930967 1.5061 7.43842 10.0309
127 5.06 0.929547 1.50173 0.937782 1.5443 7.40022 10.3324
128 5.1 0.917757 1.53927 0.926792 1.58266 7.25115 10.6325
129 5.14 0.908358 1.57702 0.897332 1.62038 7.16477 10.9337
130 5.18 0.903808 1.61517 0.882725 1.65807 7.07414 11.2357
131 5.22 0.905253 1.65397 0.873355 1.69594 6.83482 11.5321
132 5.26 0.881876 1.69234 0.857154 1.73367 6.68815 11.8265
133 5.3 0.893392 1.73182 0.852065 1.77175 6.33863 12.1098
134 5.34 0.857595 1.77028 0.833916 1.80959 6.12135 12.3876
135 5.38 0.845181 1.80876 0.813506 1.84706 5.80578 12.6549
136 5.42 0.835988 1.84739 0.78813 1.8839 5.7624 12.9243
137 5.46 0.81086 1.88541 0.776025 1.92071 5.53517 13.1868
138 5.5 0.806673 1.9238 0.768871 1.95771 5.5131 13.4522
139 5.54 0.792161 1.96204 0.744622 1.99408 5.30796 13.7114
140 5.58 0.77907 2.0002 0.727678 2.03013 5.28605 13.9733
141 5.62 0.76874 2.03839 0.721916 2.06641 5.25202 14.2372
142 5.66 0.742653 2.07581 0.710188 2.10261 5.17554 14.5011
143 5.7 0.760988 2.1147 0.700733 2.13884 5.08262 14.7638
144 5.74 0.74662 2.15339 0.685472 2.17477 5.08506 15.0304
145 5.78 0.74436 2.19251 0.68592 2.21123 5.06996 15.2999
146 5.82 0.735158 2.23168 0.686787 2.24825 5.0208 15.5705
147 5.86 0.730171 2.27112 0.679627 2.28538 5.0561 15.8468
148 5.9 0.734138 2.31131 0.676597 2.32286 5.19625 16.1346
149 5.94 0.7379 2.35227 0.679324 2.361 5.22848 16.4281
150 5.98 0.724727 2.39303 0.674993 2.3994 5.31705 16.7307
151 6.02 0.737758 2.43509 0.683263 2.4388 5.4569 17.0453
152 6.06 0.725654 2.477 0.681145 2.4786 5.61851 17.3736
153 6.1 0.739208 2.52027 0.683532 2.51907 5.83191 17.7189
154 6.14 0.726447 2.56334 0.696537 2.56086 5.88859 18.0721
155 6.18 0.737914 2.60767 0.709053 2.60395 5.92696 18.4323
156 6.22 0.736108 2.65247 0.70879 2.64758 6.09863 18.8078
157 6.26 0.733462 2.69768 0.723272 2.69268 6.29176 19.2001
158 6.3 0.735674 2.74361 0.725215 2.73848 6.22995 19.5935
159 6.34 0.744783 2.7907 0.741322 2.78589 6.31052 19.9971
160 6.38 0.738876 2.838 0.742406 2.83397 6.39103 20.411
161 6.42 0.739454 2.88594 0.761025 2.88388 6.47595 20.8357
162 6.46 0.743858 2.93477 0.784631 2.93598 6.58251 21.2728
163 6.5 0.739518 2.98392 0.782271 2.98857 6.68498 21.7222
164 6.54 0.740464 3.03373 0.795328 3.0427 6.68758 22.1774
165 6.58 0.739974 3.08413 0.807434 3.09832 6.92822 22.6546
166 6.62 0.739299 3.13509 0.812292 3.15496 6.94022 23.1386
167 6.66 0.743069 3.18693 0.824997 3.21319 6.98562 23.6316
168 6.7 0.741867 3.23931 0.834905 3.27282 6.93263 24.1268
169 6.74 0.756677 3.29338 0.853165 3.33449 6.92625 24.6274
170 6.78 0.774206 3.34936 0.854469 3.39699 6.91512 25.1332
171 6.82 0.778042 3.40628 0.863747 3.46091 6.91769 25.6452
172 6.86 0.78514 3.4644 0.868373 3.52594 6.92099 26.1634
173 6.9 0.784738 3.52317 0.865984 3.59154 6.89284 26.6856
174 6.94 0.798816 3.58369 0.877482 3.65879 6.71033 27.1998
175 6.98 0.798364 3.64487 0.863056 3.72569 6.80042 27.727
176 7.02 0.801511 3.707 0.878343 3.79456 6.6928 28.2518
177 7.06 0.815303 3.77092 0.871787 3.8637 6.71127 28.7841
178 7.1 0.804686 3.83472 0.870137 3.9335 6.67435 29.3194
179 7.14 0.815936 3.90015 0.872743 4.00429 6.73777 29.866
180 7.18 0.819928 3.96664 0.872951 4.0759 6.71349 30.4167
181 7.22 0.823825 4.03419 0.86543 4.14768 6.57302 30.9619
182 7.26 0.829233 4.10293 0.864637 4.22019 6.63615 31.5184
183 7.3 0.821617 4.1718 0.858649 4.293 6.52758 32.0719
184 7.34 0.832397 4.24234 0.860121 4.36673 6.57448 32.6355
185 7.38 0.826715 4.31317 0.863323 4.44155 6.44437 33.194
186 7.42 0.830731 4.38511 0.852589 4.51624 6.385 33.7533
187 7.46 0.835258 4.45822 0.843964 4.59097 6.37663 34.3179
188 7.5 0.830955 4.53174 0.844275 4.66654 6.27681 34.8797
189 7.54 0.832518 4.60619 0.839593 4.74248 6.24595 35.4447
190 7.58 0.836203 4.68176 0.844924 4.81973 6.25761 36.0168
191 7.62 0.834414 4.75797 0.845321 4.89783 6.07616 36.5782
192 7.66 0.834013 4.83495 0.836193 4.9759 6.13965 37.1514
193 7.7 0.833555 4.91268 0.831482 5.05434 6.03851 37.7211
194 7.74 0.835313 4.99139 0.823941 5.13288 5.85479 38.2792
195 7.78 0.835676 5.07096 0.808197 5.21071 5.9173 38.8491
196 7.82 0.838905 5.15165 0.815328 5.29005 5.84371 39.4177
197 7.86 0.837929 5.23308 0.816028 5.37026 5.76703 39.9846
198 7.9 0.842085 5.31574 0.805952 5.4503 5.69907 40.5505
199 7.94 0.827778 5.39783 0.821058 5.53266 5.72677 41.125
200 7.98 0.831562 5.48112 0.809036 5.61463 5.6403 41.6965
56000 200
1 0.02 0 0 0 0 0 0
2 0.06 0 0 0 0 0 0
3 0.1 0 0 0 0 0 0
4 0.14 0 0 0 0 0 0
5 0.18 0 0 0 0 0 0
6 0.22 0 0 0 0 0 0
7 0.26 0 0 0 0 0 0
8 0.3 0 0 0 0 0 0
9 0.34 0 0 0 0 0 0
10 0.38 0 0 0 0 0 0
11 0.42 0 0 0 0 0 0
12 0.46 0 0 0 0 0 0
13 0.5 0 0 0 0 0 0
14 0.54 0 0 0 0 0 0
15 0.58 0 0 0 0 0 0
16 0.62 0 0 0 0 0 0
17 0.66 0 0 0 0 0 0
18 0.7 0 0 0 0 0 0
19 0.74 0 0 0 0 0 0
20 0.78 0 0 0 0 0 0
21 0.82 0 0 0 0 0 0
22 0.86 0 0 0 0 0 0
23 0.9 0 0 0 0 0 0
24 0.94 0 0 0 0 0 0
25 0.98 0 0 0 0 0 0
26 1.02 0 0 0 0 0 0
27 1.06 0 0 0 0 0 0
28 1.1 0 0 0 0 0 0
29 1.14 0 0 0 0 0 0
30 1.18 0 0 0 0 0 0
31 1.22 0 0 0 0 0 0
32 1.26 0 0 0 0 0 0
33 1.3 0 0 0 0 0 0
34 1.34 0 0 0 0 0 0
35 1.38 0 0 0 0 0 0
36 1.42 0 0 0 0 0 0
37 1.46 0 0 0 0 0 0
38 1.5 0 0 0 0 0 0
39 1.54 0 0 0 0 0 0
40 1.58 0 0 0 0 0 0
41 1.62 0 0 0 0 0 0
42 1.66 0 0 0 0 0.205337 0.000900611
43 1.7 0 0 0 0 6.58705 0.0311997
44 1.74 0 0 0 0 50.4686 0.274397
45 1.78 0 0 0 0 128.675 0.923287
46 1.82 0 0 0 0 148.419 1.70576
47 1.86 0 0 0 0 106.46 2.29196
48 1.9 0 0 0 0 57.5033 2.62235
49 1.94 0 0 0 0 26.0802 2.77858
50 1.98 0 0 0 0 12.5727 2.85703
51 2.02 0 0 0 0 5.90365 2.89537
52 2.06 0 0 0 0 2.96692 2.91541
53 2.1 0 0 0 0 1.61763 2.92676
54 2.14 0 0 0.00051975 3.78788e-06 0.988507 2.93397
55 2.18 0 0 0.00200321 1.89394e-05 0.66337 2.93898
56 2.22 0 0 0.00820937 8.33333e-05 0.561771 2.94339
57 2.26 0 0 0.0470621 0.000465909 0.340273 2.94616
58 2.3 0 0 0.133843 0.0015928 0.320917 2.94886
59 2.34 0 0 0.335769 0.00451894 0.335862 2.95179
60 2.38 0.00063759 5.68182e-06 0.706915 0.010892 0.26044 2.95413
61 2.42 0.0047278 4.92424e-05 1.19517 0.0220322 0.276063 2.95671
62 2.46 0.0222784 0.000261364 1.75952 0.0389792 0.370687 2.96028
63 2.5 0.093604 0.00118182 2.29732 0.0618314 0.478561 2.96504
64 2.54 0.233416 0.00355114 2.62543 0.0887898 0.554446 2.97073
65 2.58 0.49406 0.00872538 2.78509 0.118295 0.762079 2.9788
66 2.62 0.879623 0.0182254 2.71457 0.147953 1.06575 2.99045
67 2.66 1.39403 0.0337443 2.58411 0.177053 1.29957 3.00508
68 2.7 1.90141 0.055553 2.30993 0.203854 1.39163 3.02123
69 2.74 2.33903 0.0831818 2.04993 0.228348 1.34056 3.03725
70 2.78 2.60162 0.114816 1.78688 0.250328 1.12964 3.05114
71 2.82 2.71832 0.148828 1.55175 0.269968 1.03177 3.0642
72 2.86 2.68108 0.183331 1.36419 0.287727 0.889453 3.07578
73 2.9 2.55924 0.217195 1.19819 0.303765 0.889123 3.08768
74 2.94 2.3479 0.249125 1.0598 0.318345 0.918881 3.10032
75 2.98 2.07789 0.278157 0.933048 0.331532 0.851137 3.11235
76 3.02 1.80888 0.304114 0.855523 0.343951 0.884129 3.12518
77 3.06 1.56584 0.327182 0.765703 0.355362 1.02304 3.14043
78 3.1 1.37487 0.34797 0.71176 0.366248 0.950532 3.15497
79 3.14 1.19527 0.366511 0.655486 0.376534 1.11301 3.17243
80 3.18 1.07195 0.383566 0.60003 0.386191 1.26303 3.19276
81 3.22 0.947254 0.399019 0.595204 0.396013 1.33128 3.21473
82 3.26 0.851438 0.413256 0.576875 0.405771 1.48705 3.23988
83 3.3 0.77996 0.426619 0.56123 0.415498 1.64794 3.26845
84 3.34 0.718338 0.439227 0.565252 0.425534 1.66306 3.29797
85 3.38 0.695534 0.451729 0.547578 0.435491 2.07501 3.3357
86 3.42 0.634182 0.4634 0.540949 0.445561 2.37404 3.3799
87 3.46 0.620612 0.475089 0.554163 0.456119 2.82927 3.43381
88 3.5 0.620257 0.487044 0.559341 0.467025 3.01577 3.4926
89 3.54 0.625432 0.499375 0.587702 0.478746 3.57852 3.56398
90 3.58 0.611069 0.511697 0.587737 0.490735 3.87117 3.64294
91 3.62 0.630531 0.524697 0.625034 0.503771 4.24261 3.73142
92 3.66 0.646025 0.538312 0.624774 0.517091 4.44004 3.82609
93 3.7 0.68296 0.553023 0.652712 0.531313 4.59846 3.92628
94 3.74 0.713612 0.568727 0.684942 0.546561 4.95142 4.03651
95 3.78 0.733127 0.585208 0.695502 0.562377 5.18378 4.15439
96 3.82 0.776671 0.60304 0.724559 0.579205 5.45249 4.28102
97 3.86 0.818345 0.622223 0.74748 0.59693 5.34281 4.40772
98 3.9 0.848338 0.642525 0.77064 0.615585 5.13676 4.53207
99 3.94 0.912158 0.664803 0.795625 0.635242 5.04338 4.65667
100 3.98 0.939285 0.688212 0.823507 0.656004 4.76906 4.77691
101 4.02 0.981243 0.713161 0.841146 0.677638 4.56208 4.89424
102 4.06 1.00107 0.739123 0.856854 0.700117 4.48487 5.0119
103 4.1 1.0077 0.765775 0.876175 0.723559 4.30402 5.12705
104 4.14 1.0089 0.792981 0.885852 0.747723 4.18115 5.24111
105 4.18 1.03309 0.821381 0.894313 0.772593 4.28078 5.36015
106 4.22 0.989264 0.849098 0.910586 0.798402 4.36689 5.48392
107 4.26 0.981588 0.877125 0.943073 0.82564 4.56253 5.6157
108 4.3 0.950322 0.904771 0.957722 0.853824 4.88459 5.75944
109 4.34 0.90873 0.931701 0.983811 0.883316 5.05041 5.91084
110 4.38 0.897041 0.958777 1.00655 0.914049 5.3262 6.07346
111 4.42 0.87983 0.98582 1.03934 0.946366 5.56125 6.24638
112 4.46 0.860913 1.01276 1.08007 0.980559 5.85921 6.43188
113 4.5 0.865412 1.04034 1.09244 1.01577 6.16468 6.63056
114 4.54 0.859922 1.06822 1.11543 1.05236 6.44577 6.84201
115 4.58 0.861667 1.09666 1.13273 1.09017 6.67573 7.06488
116 4.62 0.87298 1.12598 1.13433 1.12871 6.84185 7.2973
117 4.66 0.885775 1.15624 1.11166 1.16713 7.12968 7.54371
118 4.7 0.888366 1.18711 1.09739 1.20571 7.07932 7.7926
119 4.74 0.892611 1.21867 1.07355 1.2441 7.14025 8.04793
120 4.78 0.916354 1.25161 1.04482 1.28209 7.09907 8.30608
121 4.82 0.930902 1.28563 1.01444 1.3196 7.3271 8.577
122 4.86 0.92349 1.31995 0.99635 1.35706 7.42003 8.85593
123 4.9 0.941065 1.3555 0.971476 1.39418 7.47111 9.14143
124 4.94 0.934466 1.39138 0.968924 1.43181 7.50297 9.43284
125 4.98 0.928638 1.42762 0.949486 1.46929 7.48151 9.72814
126 5.02 0.9417 1.46495 0.927379 1.50648 7.34753 10.0228
127 5.06 0.919159 1.50198 0.919516 1.54395 7.43473 10.3258
128 5.1 0.922249 1.53972 0.917136 1.58192 7.38689 10.6316
129 5.14 0.914922 1.57775 0.906117 1.62002 7.21272 10.9349
130 5.18 0.903896 1.61591 0.892749 1.65815 7.10925 11.2385
131 5.22 0.896016 1.65432 0.8779 1.69622 6.85094 11.5356
132 5.26 0.884873 1.69284 0.862231 1.73419 6.5806 11.8253
133 5.3 0.872559 1.7314 0.841302 1.7718 6.29746 12.1069
134 5.34 0.858731 1.76993 0.830918 1.80951 6.2559 12.3908
135 5.38 0.845676 1.80844 0.804542 1.84657 5.83367 12.6595
136 5.42 0.835861 1.84707 0.791174 1.88356 5.7637 12.929
137 5.46 0.813082 1.88521 0.782858 1.9207 5.58466 13.194
138 5.5 0.798792 1.92323 0.772574 1.9579 5.33669 13.4509
139 5.54 0.797889 1.96176 0.746066 1.99434 5.36724 13.7131
140 5.58 0.786566 2.00029 0.737662 2.0309 5.31392 13.9764
141 5.62 0.76169 2.03814 0.721057 2.06714 5.1733 14.2365
142 5.66 0.761594 2.07652 0.708971 2.10329 5.19001 14.5011
143 5.7 0.75139 2.11493 0.700812 2.13953 5.04902 14.7622
144 5.74 0.744205 2.15351 0.692958 2.17587 5.15122 15.0323
145 5.78 0.745865 2.19272 0.679695 2.21201 5.08684 15.3028
146 5.82 0.731492 2.2317 0.6739 2.24834 5.11621 15.5786
147 5.86 0.737663 2.27155 0.678246 2.28541 5.03951 15.854
148 5.9 0.732573 2.31167 0.677217 2.32292 5.14795 16.1392
149 5.94 0.723796 2.35185 0.680502 2.36114 5.27644 16.4355
150 5.98 0.728993 2.39287 0.677785 2.39971 5.30727 16.7376
151 6.02 0.730331 2.43451 0.682961 2.43911 5.46334 17.0527
152 6.06 0.727538 2.47655 0.681461 2.47894 5.60607 17.3803
153 6.1 0.734495 2.51955 0.68707 2.51963 5.77775 17.7225
154 6.14 0.729106 2.56279 0.688314 2.56092 5.87913 18.0753
155 6.18 0.746777 2.60767 0.704732 2.60376 5.9927 18.4395
156 6.22 0.73216 2.65223 0.709015 2.64742 6.07987 18.8139
157 6.26 0.731681 2.69734 0.718386 2.69222 6.22057 19.2019
158 6.3 0.746834 2.74398 0.727283 2.73816 6.20751 19.594
159 6.34 0.734234 2.79041 0.745459 2.78585 6.30792 19.9975
160 6.38 0.737747 2.83766 0.758329 2.83498 6.45896 20.416
161 6.42 0.743505 2.88587 0.754483 2.88447 6.50817 20.8429
162 6.46 0.743181 2.93467 0.774655 2.93592 6.56052 21.2786
163 6.5 0.733805 2.98345 0.785513 2.98874 6.67378 21.7274
164 6.54 0.742308 3.0334 0.793295 3.04275 6.75915 22.1875
165 6.58 0.739401 3.08377 0.809706 3.09854 6.82566 22.6578
166 6.62 0.753152 3.1357 0.823684 3.15599 6.94312 23.1421
167 6.66 0.745868 3.18775 0.824604 3.2142 6.95791 23.6333
168 6.7 0.748012 3.24058 0.838034 3.27408 6.97637 24.1317
169 6.74 0.749386 3.29414 0.84313 3.33504 6.93876 24.6334
170 6.78 0.76859 3.34973 0.855162 3.3976 6.90767 25.1388
171 6.82 0.773605 3.40634 0.857722 3.46109 6.87557 25.6477
172 6.86 0.779011 3.46402 0.868588 3.52615 6.86088 26.1616
173 6.9 0.793342 3.52344 0.868218 3.59194 6.88299 26.6831
174 6.94 0.793096 3.58354 0.865279 3.65827 6.82322 27.2062
175 6.98 0.807998 3.64548 0.871049 3.72581 6.78462 27.7323
176 7.02 0.806829 3.70803 0.880081 3.79483 6.71246 28.2587
177 7.06 0.805464 3.7712 0.868656 3.86374 6.71731 28.7916
178 7.1 0.810572 3.83549 0.866236 3.93324 6.66989 29.3267
179 7.14 0.822417 3.90145 0.872081 4.004 6.69167 29.8697
180 7.18 0.818417 3.96783 0.871464 4.0755 6.75221 30.4237
181 7.22 0.812814 4.03449 0.866539 4.14739 6.54541 30.9667
182 7.26 0.821832 4.10265 0.858031 4.21937 6.52406 31.514
183 7.3 0.825435 4.17185 0.864576 4.2927 6.60295 32.074
184 7.34 0.828682 4.24209 0.860169 4.36645 6.50756 32.632
185 7.38 0.825094 4.3128 0.860574 4.44105 6.45613 33.1916
186 7.42 0.836819 4.38528 0.850606 4.51558 6.39665 33.7521
187 7.46 0.839441 4.45878 0.853847 4.59121 6.39684 34.3187
188 7.5 0.835797 4.53275 0.846837 4.66702 6.30831 34.8835
189 7.54 0.831909 4.60716 0.845287 4.74351 6.30767 35.4542
190 7.58 0.834066 4.68256 0.843532 4.82064 6.15685 36.0172
191 7.62 0.839037 4.75921 0.838551 4.89813 6.10839 36.5817
192 7.66 0.830645 4.83589 0.832252 4.97585 5.99967 37.142
193 7.7 0.836575 4.91393 0.829989 5.05417 5.97939 37.7062
194 7.74 0.83617 4.99274 0.825587 5.13289 5.93158 38.2718
195 7.78 0.838254 5.07257 0.818943 5.21178 5.9716 38.847
196 7.82 0.832535 5.15267 0.813002 5.29091 5.80819 39.4123
197 7.86 0.831856 5.23353 0.819138 5.37145 5.84541 39.9871
198 7.9 0.839175 5.31593 0.809664 5.45187 5.71678 40.5549
199 7.94 0.827685 5.39802 0.810093 5.53316 5.69842 41.1267
200 7.98 0.829293 5.48111 0.809841 5.61523 5.67951 41.7023
57000 200
1 0.02 0 0 0 0 0 0
2 0.06 0 0 0 0 0 0
3 0.1 0 0 0 0 0 0
4 0.14 0 0 0 0 0 0
5 0.18 0 0 0 0 0 0
6 0.22 0 0 0 0 0 0
7 0.26 0 0 0 0 0 0
8 0.3 0 0 0 0 0 0
9 0.34 0 0 0 0 0 0
10 0.38 0 0 0 0 0 0
11 0.42 0 0 0 0 0 0
12 0.46 0 0 0 0 0 0
13 0.5 0 0 0 0 0 0
14 0.54 0 0 0 0 0 0
15 0.58 0 0 0 0 0 0
16 0.62 0 0 0 0 0 0
17 0.66 0 0 0 0 0 0
18 0.7 0 0 0 0 0 0
19 0.74 0 0 0 0 0 0
20 0.78 0 0 0 0 0 0
21 0.82 0 0 0 0 0 0
22 0.86 0 0 0 0 0 0
23 0.9 0 0 0 0 0 0
24 0.94 0 0 0 0 0 0
25 0.98 0 0 0 0 0 0
26 1.02 0 0 0 0 0 0
27 1.06 0 0 0 0 0 0
28 1.1 0 0 0 0 0 0
29 1.14 0 0 0 0 0 0
30 1.18 0 0 0 0 0 0
31 1.22 0 0 0 0 0 0
32 1.26 0 0 0 0 0 0
33 1.3 0 0 0 0 0 0
34 1.34 0 0 0 0 0 0
35 1.38 0 0 0 0 0 0
36 1.42 0 0 0 0 0 0
37 1.46 0 0 0 0 0 0
38 1.5 0 0 0 0 0 0
39 1.54 0 0 0 0 0 0
40 1.58 0 0 0 0 0 0
41 1.62 0 0 0 0 0 0
42 1.66 0 0 0 0 0.131971 0.000578964
43 1.7 0 0 0 0 6.39654 0.0300096
44 1.74 0 0 0 0 50.9762 0.275716
45 1.78 0 0 0 0 127.098 0.916822
46 1.82 0 0 0 0 150.807 1.71209
47 1.86 0 0 0 0 106.946 2.30113
48 1.9 0 0 0 0 56.2681 2.62451
49 1.94 0 0 0 0 26.6154 2.78398
50 1.98 0 0 0 0 11.9818 2.85876
51 2.02 0 0 0 0 5.74357 2.89608
52 2.06 0 0 0 0 2.90429 2.9157
53 2.1 0 0 0 0 1.67677 2.92747
54 2.14 0 0 0.000259745 1.89394e-06 0.886784 2.93393
55 2.18 0 0 0.00100138 9.4697e-06 0.641949 2.93879
56 2.22 0 0 0.0103789 9.09091e-05 0.504242 2.94275
57 2.26 0 0 0.0440222 0.000448864 0.371834 2.94577
58 2.3 0 0 0.134261 0.00157955 0.309363 2.94838
59 2.34 0 0 0.332198 0.00447538 0.287783 2.95088
60 2.38 0.00106268 9.4697e-06 0.702314 0.0108087 0.299596 2.95359
61 2.42 0.00595898 6.43939e-05 1.2292 0.0222689 0.334655 2.95671
62 2.46 0.0274435 0.000325758 1.74608 0.0390909 0.370581 2.96028
63 2.5 0.0799098 0.00111174 2.26988 0.0616761 0.38471 2.9641
64 2.54 0.239506 0.00354356 2.6214 0.0886004 0.604398 2.97031
65 2.58 0.50188 0.00880114 2.77935 0.118053 0.83471 2.97916
66 2.62 0.890961 0.0184261 2.7752 0.148381 1.03014 2.99041
67 2.66 1.37326 0.0337178 2.58038 0.177447 1.17646 3.00367
68 2.7 1.89116 0.0554148 2.30361 0.204182 1.39125 3.01981
69 2.74 2.32622 0.0828996 2.02293 0.22836 1.46935 3.03738
70 2.78 2.58787 0.114375 1.77948 0.250254 1.13722 3.05137
71 2.82 2.75028 0.148795 1.56676 0.270089 1.07722 3.065
72 2.86 2.69435 0.183479 1.37808 0.288034 0.879348 3.07646
73 2.9 2.54326 0.21714 1.20862 0.304216 0.838412 3.08768
74 2.94 2.33587 0.248915 1.03764 0.318494 0.918618 3.10032
75 2.98 2.06528 0.277778 0.913656 0.331411 0.882739 3.1128
76 3.02 1.8204 0.303907 0.847203 0.343712 0.930409 3.12631
77 3.06 1.57237 0.327078 0.783907 0.355398 0.936473 3.14027
78 3.1 1.36587 0.347735 0.699327 0.366097 1.04279 3.15622
79 3.14 1.21411 0.366574 0.664734 0.37653 1.22134 3.17539
80 3.18 1.07095 0.383617 0.626575 0.386617 1.23474 3.19527
81 3.22 0.942598 0.398998 0.582652 0.396235 1.2393 3.21573
82 3.26 0.873632 0.41361 0.580416 0.406055 1.48098 3.24078
83 3.3 0.781741 0.427008 0.550051 0.415591 1.61043 3.2687
84 3.34 0.724514 0.439727 0.546971 0.425305 1.89262 3.30232
85 3.38 0.670388 0.45178 0.537437 0.43508 2.02316 3.33911
86 3.42 0.643794 0.463631 0.556371 0.445439 2.32505 3.38241
87 3.46 0.620043 0.475313 0.565538 0.456218 2.75428 3.4349
88 3.5 0.607714 0.487028 0.566677 0.467269 3.02158 3.49382
89 3.54 0.607791 0.499015 0.58337 0.478907 3.44543 3.56256
90 3.58 0.61927 0.511506 0.591665 0.490979 3.91902 3.64252
91 3.62 0.633393 0.524568 0.613517 0.503778 4.07649 3.72757
92 3.66 0.653309 0.538341 0.615283 0.5169 4.55953 3.8248
93 3.7 0.675567 0.552896 0.651494 0.531098 4.78464 3.92908
94 3.74 0.703691 0.568386 0.688333 0.546426 5.19996 4.04487
95 3.78 0.741195 0.585053 0.70964 0.562568 5.13858 4.16176
96 3.82 0.788922 0.60317 0.725925 0.579432 5.01906 4.27835
97 3.86 0.824589 0.622506 0.74289 0.597053 5.16509 4.40087
98 3.9 0.860224 0.643097 0.759094 0.615434 5.25637 4.52814
99 3.94 0.896409 0.664996 0.800701 0.635222 5.13444 4.65503
100 3.98 0.935918 0.688328 0.822009 0.655951 4.86092 4.77761
101 4.02 0.982622 0.713318 0.846372 0.677725 4.50834 4.8936
102 4.06 0.997673 0.739199 0.854032 0.700136 4.42726 5.00978
103 4.1 1.01151 0.765958 0.859669 0.723142 4.33772 5.12586
104 4.14 1.01875 0.793438 0.888393 0.747383 4.25435 5.24194
105 4.18 1.01622 0.821381 0.892513 0.772208 4.33403 5.3625
106 4.22 0.99333 0.84922 0.909671 0.797998 4.28172 5.48389
107 4.26 0.970388 0.876934 0.938689 0.825117 4.53237 5.61483
108 4.3 0.952799 0.904659 0.9493 0.853061 4.68445 5.75272
109 4.34 0.928928 0.932195 0.990877 0.882773 5.08441 5.90518
110 4.38 0.886577 0.958962 1.02371 0.914038 5.42167 6.07076
111 4.42 0.88052 0.986034 1.06183 0.947063 5.60941 6.24522
112 4.46 0.868429 1.01322 1.0662 0.980826 6.03946 6.43647
113 4.5 0.865241 1.04079 1.08998 1.01596 6.20697 6.63657
114 4.54 0.857356 1.0686 1.14543 1.05355 6.4304 6.84757
115 4.58 0.875497 1.09751 1.1359 1.09148 6.6287 7.06893
116 4.62 0.869482 1.12671 1.12996 1.12988 6.85518 7.30187
117 4.66 0.872852 1.15654 1.11914 1.16857 7.07389 7.54641
118 4.7 0.886057 1.18734 1.08467 1.20671 7.01704 7.79318
119 4.74 0.897682 1.21909 1.07077 1.24501 7.21388 8.05121
120 4.78 0.900575 1.25147 1.04492 1.28302 7.25192 8.31499
121 4.82 0.919723 1.28509 1.01053 1.32039 7.3095 8.58533
122 4.86 0.921108 1.31933 0.980773 1.35727 7.3539 8.86185
123 4.9 0.9367 1.35473 0.964181 1.39413 7.36395 9.14333
124 4.94 0.931999 1.39052 0.940195 1.43065 7.46704 9.43342
125 4.98 0.93121 1.42687 0.956623 1.46842 7.52274 9.73043
126 5.02 0.934143 1.46391 0.943514 1.50627 7.47229 10.0302
127 5.06 0.934899 1.50158 0.935073 1.54439 7.40508 10.332
128 5.1 0.925107 1.53945 0.916163 1.58232 7.4642 10.6411
129 5.14 0.9155 1.57752 0.910198 1.6206 7.13203 10.9411
130 5.18 0.90581 1.61577 0.889234 1.65859 7.06294 11.2428
131 5.22 0.904565 1.65455 0.871379 1.69639 6.84617 11.5398
132 5.26 0.885644 1.69312 0.855856 1.73409 6.69128 11.8345
133 5.3 0.876866 1.73188 0.839387 1.77162 6.28214 12.1154
134 5.34 0.860699 1.77051 0.822311 1.80895 6.06151 12.3906
135 5.38 0.839632 1.80875 0.803508 1.84598 5.85516 12.6604
136 5.42 0.838511 1.84752 0.788089 1.88283 5.67415 12.9257
137 5.46 0.809999 1.88552 0.787956 1.92023 5.54453 13.1889
138 5.5 0.807453 1.92396 0.77406 1.9575 5.4315 13.4504
139 5.54 0.788108 1.96202 0.749044 1.9941 5.38296 13.7134
140 5.58 0.779169 2.0002 0.742931 2.03093 5.27227 13.9748
141 5.62 0.767735 2.03837 0.722298 2.06725 5.24035 14.2383
142 5.66 0.759067 2.07663 0.721223 2.10403 5.21072 14.504
143 5.7 0.755374 2.11526 0.703964 2.14044 5.14464 14.7701
144 5.74 0.747367 2.15401 0.685622 2.1764 4.97882 15.0313
145 5.78 0.742533 2.19305 0.680269 2.21258 5.03168 15.2989
146 5.82 0.736665 2.23232 0.682677 2.24939 5.01051 15.5691
147 5.86 0.725519 2.27153 0.678723 2.2865 5.13941 15.85
148 5.9 0.727641 2.31139 0.676558 2.32399 5.14247 16.135
149 5.94 0.736671 2.35229 0.670106 2.36163 5.25387 16.4301
150 5.98 0.738422 2.39385 0.675809 2.4001 5.31652 16.7328
151 6.02 0.730868 2.43553 0.676674 2.43914 5.49593 17.0499
152 6.06 0.731511 2.47781 0.675741 2.47865 5.60902 17.3778
153 6.1 0.729965 2.52056 0.696803 2.51993 5.75508 17.7187
154 6.14 0.73351 2.56408 0.694947 2.56163 5.81379 18.0676
155 6.18 0.728996 2.60789 0.705852 2.60455 5.96621 18.4304
156 6.22 0.740801 2.653 0.716517 2.64868 6.1498 18.8091
157 6.26 0.734619 2.6983 0.713337 2.69318 6.21118 19.1966
158 6.3 0.737722 2.74438 0.726011 2.73906 6.19468 19.588
159 6.34 0.742572 2.79135 0.734457 2.78605 6.33492 19.9934
160 6.38 0.739797 2.83874 0.750062 2.83466 6.42894 20.41
161 6.42 0.745353 2.88709 0.756882 2.88432 6.50008 20.8365
162 6.46 0.730325 2.93505 0.767522 2.93531 6.69483 21.2813
163 6.5 0.732189 2.98374 0.78784 2.9883 6.6653 21.7296
164 6.54 0.734993 3.03321 0.796729 3.04255 6.78995 22.1919
165 6.58 0.74051 3.08367 0.808033 3.09825 6.81311 22.6615
166 6.62 0.745182 3.13506 0.824663 3.15578 6.86936 23.1408
167 6.66 0.74255 3.1869 0.834391 3.2147 6.87593 23.6263
168 6.7 0.754569 3.2402 0.840412 3.27476 6.96327 24.1239
169 6.74 0.760394 3.29456 0.841653 3.33563 6.93204 24.6252
170 6.78 0.766869 3.35004 0.856408 3.3983 7.0575 25.1417
171 6.82 0.76256 3.40586 0.859055 3.46191 6.91062 25.6534
172 6.86 0.782078 3.46378 0.873184 3.52733 6.90023 26.1704
173 6.9 0.793132 3.52321 0.864037 3.59281 6.85531 26.69
174 6.94 0.797459 3.58365 0.864953 3.65913 6.82223 27.2131
175 6.98 0.807611 3.64557 0.866053 3.72631 6.72733 27.7348
176 7.02 0.811155 3.70848 0.8727 3.79477 6.72749 28.2626
177 7.06 0.80443 3.77158 0.872723 3.86402 6.83675 28.8051
178 7.1 0.812865 3.83607 0.870683 3.9339 6.75748 29.3474
179 7.14 0.814339 3.9014 0.867277 4.00428 6.60706 29.8836
180 7.18 0.819903 3.96792 0.871397 4.0758 6.69557 30.4331
181 7.22 0.821463 4.03531 0.872473 4.1482 6.62893 30.9832
182 7.26 0.819309 4.10327 0.862546 4.22058 6.58598 31.5359
183 7.3 0.824467 4.17242 0.858432 4.2934 6.51704 32.0887
184 7.34 0.827124 4.24255 0.857002 4.36691 6.40536 32.6381
185 7.38 0.836965 4.31428 0.858138 4.44131 6.38171 33.1914
186 7.42 0.830545 4.38625 0.859241 4.51662 6.47014 33.7585
187 7.46 0.832732 4.45918 0.848403 4.59179 6.41946 34.3273
188 7.5 0.841266 4.53365 0.844751 4.66743 6.31601 34.8929
189 7.54 0.834102 4.60828 0.848366 4.74421 6.2264 35.4564
190 7.58 0.827228 4.68308 0.837926 4.82086 6.19987 36.0235
191 7.62 0.834399 4.75932 0.836733 4.8982 6.07375 36.5849
192 7.66 0.834979 4.83642 0.832398 4.97596 6.01869 37.1471
193 7.7 0.834082 4.91425 0.822747 5.05361 5.96182 37.7098
194 7.74 0.836935 4.99316 0.828305 5.13261 6.04366 38.2862
195 7.78 0.826039 5.07184 0.818279 5.21146 5.90862 38.8556
196 7.82 0.846267 5.15328 0.816755 5.29097 5.89684 39.4297
197 7.86 0.839155 5.23487 0.817168 5.37134 5.81934 40.002
198 7.9 0.832646 5.31665 0.809677 5.45179 5.71749 40.5701
199 7.94 0.830845 5.39908 0.819506 5.53403 5.65395 41.1375
200 7.98 0.831968 5.48246 0.803742 5.61552 5.63105 41.7084
58000 200
1 0.02 0 0 0 0 0 0
2 0.06 0 0 0 0 0 0
3 0.1 0 0 0 0 0 0
4 0.14 0 0 0 0 0 0
5 0.18 0 0 0 0 0 0
6 0.22 0 0 0 0 0 0
7 0.26 0 0 0 0 0 0
8 0.3 0 0 0 0 0 0
9 0.34 0 0 0 0 0 0
10 0.38 0 0 0 0 0 0
11 0.42 0 0 0 0 0 0
12 0.46 0 0 0 0 0 0
13 0.5 0 0 0 0 0 0
14 0.54 0 0 0 0 0 0
15 0.58 0 0 0 0 0 0
16 0.62 0 0 0 0 0 0
17 0.66 0 0 0 0 0 0
18 0.7 0 0 0 0 0 0
19 0.74 0 0 0 0 0 0
20 0.78 0 0 0 0 0 0
21 0.82 0 0 0 0 0 0
22 0.86 0 0 0 0 0 0
23 0.9 0 0 0 0 0 0
24 0.94 0 0 0 0 0 0
25 0.98 0 0 0 0 0 0
26 1.02 0 0 0 0 0 0
27 1.06 0 0 0 0 0 0
28 1.1 0 0 0 0 0 0
29 1.14 0 0 0 0 0 0
30 1.18 0 0 0 0 0 0
31 1.22 0 0 0 0 0 0
32 1.26 0 0 0 0 0 0
33 1.3 0 0 0 0 0 0
34 1.34 0 0 0 0 0 0
35 1.38 0 0 0 0 0 0
36 1.42 0 0 0 0 0 0
37 1.46 0 0 0 0 0 0
38 1.5 0 0 0 0 0 0
39 1.54 0 0 0 0 0 0
40 1.58 0 0 0 0 0 0
41 1.62 0 0 0 0 0 0
42 1.66 0 0 0 0 0.117286 0.000514635
43 1.7 0 0 0 0 6.22118 0.0291412
44 1.74 0 0 0 0 50.4827 0.272499
45 1.78 0 0 0 0 130.557 0.931135
46 1.82 0 0 0 0 150.1 1.72277
47 1.86 0 0 0 0 105.466 2.30373
48 1.9 0 0 0 0 55.8019 2.62448
49 1.94 0 0 0 0 25.7157 2.77858
50 1.98 0 0 0 0 12.6245 2.85738
51 2.02 0 0 0 0 6.14891 2.89733
52 2.06 0 0 0 0 2.87528 2.91676
53 2.1 0 0 0.000269603 1.89394e-06 1.58035 2.92785
54 2.14 0 0 0.000519229 5.68182e-06 0.96165 2.93487
55 2.18 0 0 0.00125131 1.51515e-05 0.654656 2.93982
56 2.22 0 0 0.00844763 8.14394e-05 0.463165 2.94345
57 2.26 0 0 0.0381959 0.000392045 0.359921 2.94638
58 2.3 0 0 0.129296 0.00148106 0.24823 2.94847
59 2.34 0 0 0.326726 0.00432955 0.291469 2.95101
60 2.38 0.000424825 3.78788e-06 0.686683 0.0105227 0.28529 2.95359
61 2.42 0.00472591 4.73485e-05 1.21462 0.0218485 0.279391 2.95619
62 2.46 0.0220717 0.000257576 1.78733 0.0390701 0.373889 2.95979
63 2.5 0.0918327 0.00116098 2.27454 0.0617045 0.429915 2.96407
64 2.54 0.223061 0.00342614 2.65648 0.0889924 0.544815 2.96967
65 2.58 0.496938 0.00863258 2.76524 0.118299 0.831561 2.97848
66 2.62 0.88891 0.0182367 2.74574 0.148309 1.08597 2.99035
67 2.66 1.40454 0.0338788 2.58696 0.177453 1.25338 3.00447
68 2.7 1.88697 0.0555303 2.30871 0.20425 1.51581 3.02206
69 2.74 2.35639 0.083375 2.02599 0.228468 1.31307 3.03776
70 2.78 2.60203 0.115027 1.81159 0.250759 1.22595 3.05285
71 2.82 2.71997 0.149072 1.56655 0.270595 1.06188 3.06629
72 2.86 2.70593 0.183909 1.34445 0.288104 0.926193 3.07835
73 2.9 2.55267 0.217699 1.18273 0.303941 0.809496 3.08919
74 2.94 2.29576 0.248932 1.04838 0.318369 0.825048 3.10055
75 2.98 2.04781 0.277555 0.91875 0.33136 0.923574 3.11361
76 3.02 1.79681 0.303348 0.843199 0.343604 0.859397 3.12609
77 3.06 1.58592 0.326722 0.765652 0.355019 0.97732 3.14066
78 3.1 1.37433 0.347509 0.702943 0.365775 1.05948 3.15687
79 3.14 1.19907 0.366117 0.66114 0.376153 1.18631 3.17549
80 3.18 1.09128 0.383487 0.628617 0.386275 1.27254 3.19598
81 3.22 0.947466 0.398949 0.589808 0.396011 1.33658 3.21804
82 3.26 0.882692 0.413714 0.588067 0.405962 1.3971 3.24169
83 3.3 0.770929 0.426928 0.563739 0.415737 1.56191 3.26877
84 3.34 0.71601 0.4395 0.553309 0.425564 1.66968 3.29842
85 3.38 0.683465 0.45179 0.533831 0.435275 2.02649 3.33528
86 3.42 0.660269 0.463945 0.552134 0.445557 2.4094 3.38015
87 3.46 0.631727 0.475848 0.551459 0.456068 2.68474 3.43133
88 3.5 0.606659 0.487545 0.568637 0.467159 3.13328 3.49244
89 3.54 0.605126 0.499481 0.579596 0.478723 3.47402 3.56176
90 3.58 0.612525 0.511837 0.59317 0.490828 4.09189 3.64526
91 3.62 0.626603 0.524761 0.607547 0.503504 4.07297 3.73023
92 3.66 0.650274 0.538472 0.626128 0.516858 4.48802 3.82596
93 3.7 0.670036 0.552909 0.652025 0.53107 4.81362 3.93088
94 3.74 0.699301 0.568305 0.689603 0.546428 4.99572 4.04214
95 3.78 0.75423 0.585267 0.693315 0.562201 5.10116 4.15819
96 3.82 0.772906 0.603019 0.71572 0.57883 5.21364 4.27932
97 3.86 0.826263 0.622396 0.755495 0.596752 5.25395 4.40396
98 3.9 0.856709 0.642905 0.776589 0.615559 5.18653 4.52956
99 3.94 0.905988 0.665042 0.802132 0.635384 5.07271 4.65494
100 3.98 0.930182 0.688233 0.818749 0.656034 4.76589 4.77514
101 4.02 0.985774 0.713307 0.839055 0.677623 4.71903 4.89656
102 4.06 0.995496 0.739134 0.867633 0.700394 4.4304 5.01283
103 4.1 0.999365 0.765576 0.883411 0.724038 4.34561 5.12914
104 4.14 1.02269 0.793165 0.864132 0.747619 4.25382 5.24522
105 4.18 1.02167 0.821261 0.898932 0.772627 4.27795 5.36423
106 4.22 0.996513 0.849193 0.917381 0.798638 4.38215 5.48849
107 4.26 0.989762 0.877464 0.922384 0.82529 4.48056 5.61795
108 4.3 0.941235 0.904856 0.962884 0.853636 4.81717 5.75976
109 4.34 0.922297 0.932199 0.977669 0.882956 4.99905 5.90968
110 4.38 0.883452 0.958875 1.01478 0.913953 5.4715 6.07681
111 4.42 0.869265 0.985604 1.04666 0.946509 5.57875 6.25034
112 4.46 0.878306 1.0131 1.08861 0.980987 5.86709 6.43615
113 4.5 0.861921 1.04057 1.11898 1.01706 6.17231 6.63516
114 4.54 0.877686 1.06905 1.12342 1.05393 6.45996 6.84715
115 4.58 0.853817 1.09724 1.13183 1.09173 6.651 7.06928
116 4.62 0.875232 1.12664 1.12553 1.12998 6.8978 7.3037
117 4.66 0.877007 1.15662 1.11292 1.16846 7.10743 7.54944
118 4.7 0.881212 1.18725 1.09637 1.20702 7.01156 7.79604
119 4.74 0.895372 1.21892 1.05661 1.24482 7.2669 8.056
120 4.78 0.916733 1.25188 1.04015 1.28266 7.32094 8.32232
121 4.82 0.930643 1.28591 1.01573 1.32023 7.24338 8.59025
122 4.86 0.932195 1.32057 0.991377 1.35751 7.36582 8.86726
123 4.9 0.92881 1.35567 0.980018 1.39498 7.3167 9.14696
124 4.94 0.9344 1.39156 0.947487 1.43179 7.55055 9.44033
125 4.98 0.928274 1.4278 0.953193 1.46943 7.40774 9.73284
126 5.02 0.930637 1.46471 0.937451 1.50704 7.49537 10.0336
127 5.06 0.927687 1.50209 0.921573 1.54461 7.3789 10.3344
128 5.1 0.920826 1.53979 0.919569 1.58269 7.34598 10.6386
129 5.14 0.921255 1.5781 0.898558 1.62049 7.10209 10.9373
130 5.18 0.914803 1.61673 0.900336 1.65895 7.02447 11.2374
131 5.22 0.902332 1.65543 0.876116 1.69696 6.73779 11.5298
132 5.26 0.887445 1.69408 0.860819 1.73488 6.71819 11.8257
133 5.3 0.864546 1.7323 0.845005 1.77268 6.24178 12.1049
134 5.34 0.860759 1.77093 0.821745 1.80998 6.18262 12.3856
135 5.38 0.841731 1.80928 0.816806 1.84763 5.83208 12.6543
136 5.42 0.838283 1.84804 0.783375 1.88427 5.84673 12.9278
137 5.46 0.815593 1.88631 0.77417 1.92101 5.5269 13.1901
138 5.5 0.804843 1.92463 0.764289 1.95782 5.45882 13.453
139 5.54 0.780443 1.96233 0.748874 1.99442 5.37765 13.7158
140 5.58 0.781352 2.00062 0.742074 2.03121 5.31379 13.9793
141 5.62 0.775759 2.03919 0.719684 2.0674 5.22056 14.2418
142 5.66 0.763851 2.0777 0.717794 2.10401 5.16847 14.5054
143 5.7 0.744651 2.11578 0.705299 2.14049 5.14464 14.7715
144 5.74 0.745407 2.15444 0.690054 2.17669 4.99532 15.0336
145 5.78 0.734985 2.19308 0.680784 2.21291 5.03767 15.3015
146 5.82 0.726089 2.23179 0.683678 2.24978 5.00088 15.5712
147 5.86 0.729422 2.27122 0.670915 2.28646 5.16342 15.8536
148 5.9 0.73754 2.31163 0.673363 2.32378 5.11864 16.1372
149 5.94 0.734052 2.35239 0.674236 2.36166 5.26179 16.4328
150 5.98 0.7314 2.39356 0.672732 2.39996 5.42495 16.7417
151 6.02 0.730309 2.43522 0.678097 2.43909 5.40325 17.0535
152 6.06 0.729745 2.4774 0.676919 2.47866 5.64299 17.3834
153 6.1 0.738703 2.52066 0.697162 2.51997 5.76847 17.7252
154 6.14 0.736422 2.56436 0.695746 2.56173 5.85056 18.0764
155 6.18 0.737601 2.6087 0.703648 2.60452 6.03953 18.4436
156 6.22 0.737724 2.65362 0.711629 2.64835 6.0728 18.8177
157 6.26 0.740545 2.69929 0.721505 2.69337 6.10368 19.1985
158 6.3 0.734781 2.7452 0.724722 2.73917 6.21631 19.5913
159 6.34 0.735176 2.79171 0.743837 2.78677 6.33712 19.9969
160 6.38 0.735062 2.8388 0.756747 2.83581 6.41224 20.4125
161 6.42 0.742835 2.88699 0.755947 2.88542 6.46008 20.8364
162 6.46 0.734299 2.93522 0.77002 2.93659 6.72934 21.2835
163 6.5 0.743631 2.98467 0.786699 2.98951 6.62232 21.729
164 6.54 0.741288 3.03457 0.792205 3.04345 6.92558 22.2006
165 6.58 0.736135 3.08474 0.811508 3.0994 6.84493 22.6725
166 6.62 0.743578 3.13603 0.821082 3.15669 6.90078 23.154
167 6.66 0.748503 3.18828 0.836433 3.21576 6.83226 23.6365
168 6.7 0.744824 3.24091 0.837843 3.27564 6.94574 24.1329
169 6.74 0.757202 3.29505 0.850028 3.33712 6.92758 24.634
170 6.78 0.765547 3.35044 0.848771 3.39924 6.84876 25.1353
171 6.82 0.775835 3.40723 0.8625 3.46312 6.91934 25.6477
172 6.86 0.782873 3.46522 0.87123 3.52839 6.90329 26.1649
173 6.9 0.792097 3.52458 0.858906 3.5935 6.91428 26.689
174 6.94 0.795137 3.58485 0.865733 3.65989 6.83315 27.213
175 6.98 0.80368 3.64648 0.873862 3.72768 6.80649 27.741
176 7.02 0.812788 3.70953 0.877181 3.7965 6.79427 28.2741
177 7.06 0.813334 3.77333 0.870201 3.86556 6.69398 28.8053
178 7.1 0.810427 3.83763 0.863259 3.93485 6.69533 29.3427
179 7.14 0.81485 3.90302 0.856365 4.00436 6.79531 29.8943
180 7.18 0.815645 3.9692 0.878806 4.07649 6.67354 30.442
181 7.22 0.817851 4.0363 0.871083 4.14879 6.59128 30.9891
182 7.26 0.825736 4.1048 0.863497 4.22125 6.51657 31.536
183 7.3 0.818176 4.17343 0.867744 4.29488 6.48778 32.0864
184 7.34 0.826127 4.24348 0.861907 4.36881 6.49299 32.6434
185 7.38 0.8278 4.31444 0.853334 4.44281 6.37421 33.1961
186 7.42 0.839446 4.38719 0.864793 4.51861 6.43264 33.76
187 7.46 0.826723 4.4596 0.845178 4.5935 6.39505 34.3267
188 7.5 0.83312 4.53336 0.843609 4.66905 6.3504 34.8954
189 7.54 0.838989 4.60843 0.842048 4.74527 6.32762 35.4682
190 7.58 0.83234 4.6837 0.833285 4.8215 6.16465 36.0321
191 7.62 0.839828 4.76046 0.843241 4.89946 6.09211 36.5953
192 7.66 0.834916 4.83756 0.829716 4.97697 6.01934 37.1576
193 7.7 0.834706 4.91546 0.828023 5.05514 6.04793 37.7286
194 7.74 0.830539 4.99377 0.826474 5.13397 5.90536 38.2918
195 7.78 0.839714 5.07377 0.826725 5.21364 5.84742 38.8554
196 7.82 0.84168 5.15478 0.818325 5.29332 5.82643 39.4226
197 7.86 0.833654 5.23584 0.815852 5.37357 5.85297 39.9984
198 7.9 0.83626 5.31799 0.806069 5.45366 5.73651 40.5684
199 7.94 0.829958 5.40034 0.80548 5.53452 5.65195 41.1357
200 7.98 0.826023 5.48313 0.808907 5.61653 5.66332 41.7099
59000 200
1 0.02 0 0 0 0 0 0
2 0.06 0 0 0 0 0 0
3 0.1 0 0 0 0 0 0
4 0.14 0 0 0 0 0 0
5 0.18 0 0 0 0 0 0
6 0.22 0 0 0 0 0 0
7 0.26 0 0 0 0 0 0
8 0.3 0 0 0 0 0 0
9 0.34 0 0 0 0 0 0
10 0.38 0 0 0 0 0 0
11 0.42 0 0 0 0 0 0
12 0.46 0 0 0 0 0 0
13 0.5 0 0 0 0 0 0
14 0.54 0 0 0 0 0 0
15 0.58 0 0 0 0 0 0
16 0.62 0 0 0 0 0 0
17 0.66 0 0 0 0 0 0
18 0.7 0 0 0 0 0 0
19 0.74 0 0 0 0 0 0
20 0.78 0 0 0 0 0 0
21 0.82 0 0 0 0 0 0
22 0.86 0 0 0 0 0 0
23 0.9 0 0 0 0 0 0
24 0.94 0 0 0 0 0 0
25 0.98 0 0 0 0 0 0
26 1.02 0 0 0 0 0 0
27 1.06 0 0 0 0 0 0
28 1.1 0 0 0 0 0 0
29 1.14 0 0 0 0 0 0
30 1.18 0 0 0 0 0 0
31 1.22 0 0 0 0 0 0
32 1.26 0 0 0 0 0 0
33 1.3 0 0 0 0 0 0
34 1.34 0 0 0 0 0 0
35 1.38 0 0 0 0 0 0
36 1.42 0 0 0 0 0 0
37 1.46 0 0 0 0 0 0
38 1.5 0 0 0 0 0 0
39 1.54 0 0 0 0 0 0
40 1.58 0 0 0 0 0 0
41 1.62 0 0 0 0 0 0
42 1.66 0 0 0 0 0.1319 0.000578964
43 1.7 0 0 0 0 5.82102 0.0273721
44 1.74 0 0 0 0 50.7359 0.272017
45 1.78 0 0 0 0 129 0.922966
46 1.82 0 0 0 0 149.402 1.71113
47 1.86 0 0 0 0 105.941 2.29485
48 1.9 0 0 0 0 57.3877 2.6248
49 1.94 0 0 0 0 26.5302 2.78382
50 1.98 0 0 0 0 12.0237 2.85889
51 2.02 0 0 0 0 5.71668 2.89604
52 2.06 0 0 0 0 2.93639 2.91589
53 2.1 0 0 0.000269692 1.89394e-06 1.63037 2.92734
54 2.14 0 0 0.000259673 3.78788e-06 1.02315 2.9348
55 2.18 0 0 0.00150175 1.51515e-05 0.675705 2.93992
56 2.22 0 0 0.00989328 9.2803e-05 0.409783 2.94313
57 2.26 0 0 0.0353893 0.000380682 0.332129 2.94583
58 2.3 0 0 0.133984 0.00150947 0.286339 2.94825
59 2.34 0 0 0.326203 0.00435417 0.276621 2.95066
60 2.38 0.00169907 1.51515e-05 0.684831 0.0105322 0.303074 2.95339
61 2.42 0.00575183 6.81818e-05 1.15197 0.0212765 0.296557 2.95616
62 2.46 0.0216676 0.000274621 1.78216 0.0384527 0.337081 2.95941
63 2.5 0.0891157 0.00115152 2.30553 0.0614015 0.465323 2.96404
64 2.54 0.224501 0.00343182 2.66445 0.0887784 0.604176 2.97025
65 2.58 0.495731 0.00862689 2.79294 0.118386 0.782806 2.97855
66 2.62 0.876594 0.0181004 2.73947 0.148335 1.04449 2.98996
67 2.66 1.36711 0.0333295 2.5688 0.177282 1.34153 3.00508
68 2.7 1.89094 0.0550322 2.34138 0.204466 1.45167 3.02194
69 2.74 2.33382 0.0826174 2.04766 0.228949 1.29125 3.03738
70 2.78 2.63294 0.114653 1.7885 0.250962 1.12895 3.05127
71 2.82 2.7465 0.14904 1.54192 0.270491 1.01334 3.0641
72 2.86 2.67772 0.183523 1.34978 0.288074 0.940718 3.07636
73 2.9 2.53184 0.217045 1.18454 0.303939 0.847722 3.08771
74 2.94 2.31562 0.248557 1.04013 0.318258 0.94862 3.10077
75 2.98 2.0703 0.277502 0.916508 0.33122 0.832361 3.11254
76 3.02 1.81521 0.303566 0.856269 0.343657 0.930057 3.12605
77 3.06 1.56546 0.326644 0.77536 0.35522 1.00081 3.14098
78 3.1 1.38374 0.34758 0.682219 0.365661 1.0319 3.15677
79 3.14 1.20023 0.36621 0.673752 0.376241 1.1143 3.17427
80 3.18 1.07672 0.383352 0.621281 0.386246 1.16835 3.19308
81 3.22 0.943282 0.39875 0.597561 0.396114 1.43948 3.21685
82 3.26 0.862542 0.413182 0.573596 0.405822 1.46138 3.24159
83 3.3 0.783762 0.426619 0.557809 0.415496 1.68027 3.27073
84 3.34 0.709352 0.439078 0.554866 0.425354 1.82311 3.30312
85 3.38 0.682345 0.45135 0.549199 0.435347 1.94994 3.3386
86 3.42 0.651865 0.463354 0.549346 0.44558 2.36385 3.38263
87 3.46 0.630253 0.475233 0.560062 0.456258 2.55249 3.4313
88 3.5 0.622998 0.487248 0.553737 0.467061 3.00223 3.48987
89 3.54 0.614089 0.499364 0.580296 0.478642 3.5408 3.56053
90 3.58 0.612273 0.511718 0.587538 0.490634 3.94117 3.64098
91 3.62 0.63241 0.524765 0.609563 0.503356 4.10109 3.72657
92 3.66 0.651089 0.538496 0.629961 0.516795 4.70247 3.82689
93 3.7 0.683833 0.553235 0.651243 0.530994 4.71792 3.92975
94 3.74 0.699554 0.56864 0.678797 0.546116 4.96839 4.04043
95 3.78 0.736857 0.585216 0.688645 0.561786 5.13944 4.15738
96 3.82 0.781942 0.60318 0.714962 0.578402 5.28426 4.28019
97 3.86 0.831863 0.622693 0.755451 0.596328 5.23897 4.4045
98 3.9 0.857196 0.64322 0.787261 0.615398 5.16534 4.52962
99 3.94 0.899165 0.665195 0.799089 0.635153 4.97247 4.65256
100 3.98 0.94133 0.68867 0.826578 0.656006 4.87303 4.77549
101 4.02 0.967502 0.713286 0.833244 0.677451 4.65537 4.8953
102 4.06 0.991083 0.739006 0.846989 0.699686 4.51013 5.0137
103 4.1 1.01692 0.765919 0.874124 0.723087 4.30364 5.12892
104 4.14 1.00368 0.793002 0.888051 0.747328 4.23384 5.24448
105 4.18 1.01445 0.820907 0.90306 0.772456 4.20055 5.36137
106 4.22 0.992881 0.848744 0.916135 0.798439 4.30502 5.48347
107 4.26 0.9901 0.877032 0.946259 0.825788 4.41598 5.6111
108 4.3 0.949318 0.904667 0.950343 0.853773 4.76132 5.7513
109 4.34 0.923974 0.932066 0.987588 0.883398 5.12108 5.90492
110 4.38 0.891315 0.958987 1.01067 0.914277 5.34173 6.06812
111 4.42 0.873902 0.985866 1.05211 0.947011 5.68686 6.24506
112 4.46 0.873357 1.01322 1.07362 0.981023 5.96912 6.43416
113 4.5 0.860987 1.04066 1.10677 1.01672 6.11383 6.63133
114 4.54 0.860879 1.0686 1.11228 1.05323 6.36809 6.84037
115 4.58 0.861165 1.09704 1.11646 1.09052 6.70124 7.06423
116 4.62 0.870891 1.1263 1.12407 1.12873 6.85062 7.29711
117 4.66 0.862596 1.1558 1.11969 1.16746 6.9772 7.5384
118 4.7 0.89873 1.18705 1.10072 1.20618 7.07012 7.78713
119 4.74 0.902637 1.21898 1.07476 1.24464 7.12483 8.04207
120 4.78 0.90907 1.25168 1.04112 1.28252 7.136 8.30174
121 4.82 0.922475 1.28542 1.01946 1.32024 7.39013 8.57517
122 4.86 0.928591 1.31995 0.99349 1.35761 7.54773 8.85909
123 4.9 0.933185 1.35523 0.976389 1.39495 7.32913 9.13934
124 4.94 0.930953 1.39099 0.946607 1.43174 7.51629 9.43146
125 4.98 0.92852 1.42725 0.953567 1.4694 7.43518 9.72512
126 5.02 0.921091 1.46379 0.930223 1.50673 7.43092 10.0234
127 5.06 0.932235 1.50137 0.922913 1.54437 7.39753 10.325
128 5.1 0.924701 1.53923 0.909682 1.58205 7.12663 10.6202
129 5.14 0.916011 1.57733 0.913316 1.62048 7.18665 10.9226
130 5.18 0.91622 1.61604 0.895623 1.65875 7.10387 11.2261
131 5.22 0.892785 1.65434 0.878765 1.69688 6.87834 11.5246
132 5.26 0.885521 1.69291 0.857032 1.73465 6.6595 11.8181
133 5.3 0.88368 1.73199 0.839694 1.77221 6.26819 12.0985
134 5.34 0.868676 1.77099 0.824078 1.80964 6.23554 12.3817
135 5.38 0.849618 1.8097 0.79876 1.84646 5.92546 12.6548
136 5.42 0.820696 1.84766 0.783131 1.88309 5.68709 12.9209
137 5.46 0.814531 1.88589 0.776129 1.91994 5.61016 13.1872
138 5.5 0.798591 1.92392 0.77105 1.95709 5.53019 13.4537
139 5.54 0.796585 1.96241 0.750115 1.99375 5.36178 13.7157
140 5.58 0.77485 2.00039 0.740926 2.03049 5.26831 13.977
141 5.62 0.771099 2.03874 0.722619 2.06684 5.1795 14.2375
142 5.66 0.759372 2.07704 0.725253 2.10384 5.11162 14.4983
143 5.7 0.745194 2.11515 0.702484 2.14019 5.09172 14.7618
144 5.74 0.747958 2.15395 0.687022 2.17624 5.07313 15.028
145 5.78 0.732957 2.1925 0.683986 2.21263 5.06115 15.2972
146 5.82 0.738509 2.23188 0.67388 2.24899 5.08425 15.5715
147 5.86 0.733227 2.27152 0.680057 2.28618 5.07389 15.849
148 5.9 0.732718 2.31168 0.670798 2.32337 5.14922 16.1344
149 5.94 0.735565 2.35254 0.682522 2.36172 5.25242 16.4296
150 5.98 0.731379 2.39372 0.680767 2.40049 5.33484 16.7334
151 6.02 0.738488 2.43585 0.674935 2.43944 5.48435 17.05
152 6.06 0.730604 2.47809 0.681407 2.4793 5.60412 17.3777
153 6.1 0.723191 2.52046 0.685507 2.51992 5.73873 17.7178
154 6.14 0.729079 2.56373 0.689916 2.56134 5.97759 18.0767
155 6.18 0.73246 2.60777 0.707822 2.60439 5.98508 18.4407
156 6.22 0.730784 2.65228 0.708648 2.64806 6.03935 18.8128
157 6.26 0.72789 2.69719 0.715128 2.69269 6.14851 19.1966
158 6.3 0.736618 2.74322 0.721836 2.73831 6.23603 19.5907
159 6.34 0.738969 2.78998 0.740094 2.78569 6.31541 19.995
160 6.38 0.744002 2.83766 0.746034 2.83405 6.38529 20.4089
161 6.42 0.74258 2.88584 0.750067 2.88329 6.53634 20.838
162 6.46 0.737541 2.9343 0.773125 2.93467 6.64383 21.2795
163 6.5 0.737573 2.98336 0.785874 2.98755 6.63116 21.7257
164 6.54 0.739603 3.03316 0.796951 3.04184 6.69434 22.1817
165 6.58 0.743724 3.08386 0.808989 3.09762 6.82912 22.6526
166 6.62 0.743027 3.13513 0.828792 3.15546 6.90358 23.1344
167 6.66 0.745739 3.1872 0.829859 3.21408 7.02306 23.6306
168 6.7 0.752856 3.24041 0.837517 3.27396 6.89714 24.1236
169 6.74 0.752738 3.29424 0.853078 3.33568 6.94714 24.6262
170 6.78 0.761864 3.34938 0.849924 3.3979 6.8935 25.1309
171 6.82 0.774782 3.40611 0.859364 3.46155 6.94623 25.6454
172 6.86 0.784356 3.46423 0.861985 3.52616 6.9178 26.1639
173 6.9 0.784865 3.52305 0.868327 3.592 6.83145 26.6819
174 6.94 0.795251 3.58336 0.871088 3.65881 6.80031 27.2035
175 6.98 0.800017 3.64472 0.868552 3.7262 6.77693 27.7293
176 7.02 0.810526 3.7076 0.876829 3.79502 6.76793 28.2605
177 7.06 0.813267 3.77142 0.877685 3.86469 6.72835 28.7946
178 7.1 0.804442 3.83527 0.864144 3.93407 6.72648 29.3346
179 7.14 0.81282 3.9005 0.865358 4.00432 6.68296 29.8772
180 7.18 0.829294 3.96781 0.86681 4.07549 6.57976 30.4174
181 7.22 0.819621 4.03507 0.871063 4.1478 6.60928 30.9661
182 7.26 0.819472 4.10307 0.863114 4.22026 6.55817 31.5166
183 7.3 0.824669 4.17226 0.858926 4.29315 6.4963 32.0679
184 7.34 0.826202 4.24234 0.854621 4.36648 6.52396 32.6277
185 7.38 0.828692 4.3134 0.862743 4.44131 6.36368 33.1797
186 7.42 0.825307 4.38493 0.853857 4.51618 6.48084 33.7479
187 7.46 0.837839 4.45834 0.852605 4.59175 6.4152 34.3165
188 7.5 0.831169 4.53195 0.844425 4.66739 6.25608 34.8769
189 7.54 0.833797 4.60657 0.840258 4.74347 6.30642 35.4479
190 7.58 0.833274 4.68195 0.843439 4.82065 6.10541 36.0066
191 7.62 0.834992 4.75828 0.831717 4.89756 6.18442 36.5785
192 7.66 0.840929 4.83596 0.83078 4.97519 6.0271 37.1417
193 7.7 0.832644 4.91368 0.831938 5.05375 6.04571 37.7125
194 7.74 0.832534 4.9922 0.825882 5.13254 5.97492 38.2826
195 7.78 0.835901 5.07186 0.817335 5.21133 5.8379 38.8454
196 7.82 0.835436 5.15229 0.819066 5.2911 5.85397 39.4155
197 7.86 0.836242 5.23362 0.819972 5.37177 5.74877 39.9811
198 7.9 0.840075 5.31617 0.807175 5.452 5.72438 40.55
199 7.94 0.83104 5.39865 0.809868 5.53331 5.74722 41.1271
200 7.98 0.835973 5.48246 0.808718 5.61533 5.68279 41.7034
60000 200
1 0.02 0 0 0 0 0 0
2 0.06 0 0 0 0 0 0
3 0.1 0 0 0 0 0 0
4 0.14 0 0 0 0 0 0
5 0.18 0 0 0 0 0 0
6 0.22 0 0 0 0 0 0
7 0.26 0 0 0 0 0 0
8 0.3 0 0 0 0 0 0
9 0.34 0 0 0 0 0 0
10 0.38 0 0 0 0 0 0
11 0.42 0 0 0 0 0 0
12 0.46 0 0 0 0 0 0
13 0.5 0 0 0 0 0 0
14 0.54 0 0 0 0 0 0
15 0.58 0 0 0 0 0 0
16 0.62 0 0 0 0 0 0
17 0.66 0 0 0 0 0 0
18 0.7 0 0 0 0 0 0
19 0.74 0 0 0 0 0 0
20 0.78 0 0 0 0 0 0
21 0.82 0 0 0 0 0 0
22 0.86 0 0 0 0 0 0
23 0.9 0 0 0 0 0 0
24 0.94 0 0 0 0 0 0
25 0.98 0 0 0 0 0 0
26 1.02 0 0 0 0 0 0
27 1.06 0 0 0 0 0 0
28 1.1 0 0 0 0 0 0
29 1.14 0 0 0 0 0 0
30 1.18 0 0 0 0 0 0
31 1.22 0 0 0 0 0 0
32 1.26 0 0 0 0 0 0
33 1.3 0 0 0 0 0 0
34 1.34 0 0 0 0 0 0
35 1.38 0 0 0 0 0 0
36 1.42 0 0 0 0 0 0
37 1.46 0 0 0 0 0 0
38 1.5 0 0 0 0 0 0
39 1.54 0 0 0 0 0 0
40 1.58 0 0 0 0 0 0
41 1.62 0 0 0 0 0 0
42 1.66 0 0 0 0 0.124573 0.0005468
43 1.7 0 0 0 0 5.90454 0.027726
44 1.74 0 0 0 0 50.4721 0.271116
45 1.78 0 0 0 0 129.532 0.924799
46 1.82 0 0 0 0 150.64 1.71956
47 1.86 0 0 0 0 105.752 2.30228
48 1.9 0 0 0 0 56.4379 2.62679
49 1.94 0 0 0 0 26.6087 2.7863
50 1.98 0 0 0 0 11.8785 2.86047
51 2.02 0 0 0 0 5.78057 2.89804
52 2.06 0 0 0 0 2.84094 2.91724
53 2.1 0 0 0 0 1.54316 2.92808
54 2.14 0 0 0.000259675 1.89394e-06 0.934855 2.9349
55 2.18 0 0 0.00250239 2.08333e-05 0.671436 2.93998
56 2.22 0 0 0.0120633 0.00011553 0.389271 2.94304
57 2.26 0 0 0.035854 0.000407197 0.340042 2.9458
58 2.3 0 0 0.129926 0.00150189 0.328297 2.94857
59 2.34 0 0 0.319455 0.00428788 0.272933 2.95095
60 2.38 0.000849352 7.57576e-06 0.672396 0.0103542 0.281652 2.95349
61 2.42 0.00492969 5.30303e-05 1.20142 0.0215606 0.293112 2.95622
62 2.46 0.0212686 0.000255682 1.75981 0.0385227 0.33369 2.95944
63 2.5 0.0823721 0.00106629 2.32153 0.0616326 0.445873 2.96388
64 2.54 0.229329 0.00339583 2.64561 0.0888182 0.622912 2.97028
65 2.58 0.494243 0.00857576 2.81111 0.118621 0.78273 2.97858
66 2.62 0.904039 0.0183466 2.73703 0.148545 1.07971 2.99038
67 2.66 1.3308 0.0331723 2.54559 0.177233 1.28434 3.00486
68 2.7 1.90845 0.0550777 2.31592 0.204123 1.3768 3.02084
69 2.74 2.3575 0.0829451 2.05969 0.228752 1.32611 3.0367
70 2.78 2.64737 0.115159 1.82143 0.251172 1.19678 3.05143
71 2.82 2.75945 0.14971 1.55047 0.270811 0.992939 3.06401
72 2.86 2.68104 0.184239 1.38659 0.288875 0.913487 3.07591
73 2.9 2.55625 0.218087 1.18007 0.304682 0.919709 3.08823
74 2.94 2.34201 0.24996 1.01913 0.318712 0.918198 3.10087
75 2.98 2.02802 0.278316 0.935985 0.331951 0.841412 3.11277
76 3.02 1.8065 0.304258 0.822049 0.343892 0.859132 3.12525
77 3.06 1.56611 0.327347 0.766282 0.35532 0.94032 3.13927
78 3.1 1.38088 0.348241 0.705061 0.366112 1.13687 3.15667
79 3.14 1.19782 0.366835 0.64982 0.376316 1.12243 3.1743
80 3.18 1.06558 0.383801 0.633225 0.386515 1.22619 3.19405
81 3.22 0.957479 0.399432 0.590986 0.396275 1.34587 3.21628
82 3.26 0.853194 0.413708 0.57232 0.405962 1.49738 3.24162
83 3.3 0.77023 0.426915 0.568352 0.41582 1.5874 3.26915
84 3.34 0.730105 0.439739 0.542993 0.425468 1.85009 3.30203
85 3.38 0.679128 0.451955 0.54822 0.435443 2.05227 3.33937
86 3.42 0.630017 0.463557 0.539437 0.445492 2.24459 3.38118
87 3.46 0.622263 0.475286 0.563494 0.456237 2.62143 3.43117
88 3.5 0.633263 0.4875 0.564957 0.467259 3.03501 3.49038
89 3.54 0.618648 0.499706 0.583006 0.478896 3.58563 3.56195
90 3.58 0.607251 0.51196 0.590925 0.490958 3.83053 3.64014
91 3.62 0.635299 0.525068 0.609154 0.503672 4.24569 3.72876
92 3.66 0.653189 0.538845 0.626718 0.517044 4.38557 3.82232
93 3.7 0.671306 0.553314 0.660576 0.531447 4.80754 3.92715
94 3.74 0.7081 0.568909 0.67738 0.546538 4.99398 4.0384
95 3.78 0.737227 0.585494 0.709564 0.562686 5.20121 4.15677
96 3.82 0.792182 0.603695 0.714418 0.57929 5.24098 4.27858
97 3.86 0.81702 0.622862 0.756752 0.597248 5.29147 4.40415
98 3.9 0.859426 0.643443 0.776958 0.61607 5.214 4.53046
99 3.94 0.903823 0.665534 0.795659 0.635742 4.88628 4.65127
100 3.98 0.927817 0.688674 0.820284 0.656438 4.89945 4.77488
101 4.02 0.96728 0.713286 0.845839 0.678208 4.67364 4.89518
102 4.06 1.00757 0.739436 0.862148 0.700843 4.4853 5.01293
103 4.1 1.00962 0.766157 0.861254 0.723902 4.35135 5.12943
104 4.14 1.01413 0.793525 0.875212 0.747794 4.18753 5.24374
105 4.18 1.01024 0.821316 0.899515 0.772826 4.33084 5.36427
106 4.22 0.999696 0.849347 0.913396 0.798733 4.23095 5.48427
107 4.26 0.984384 0.877473 0.934327 0.825739 4.55254 5.61586
108 4.3 0.953147 0.905222 0.959985 0.854009 4.8221 5.75786
109 4.34 0.923209 0.9326 0.982584 0.883487 4.95451 5.9065
110 4.38 0.894189 0.95961 1.02584 0.914831 5.42335 6.07221
111 4.42 0.871244 0.986409 1.04424 0.947324 5.551 6.24493
112 4.46 0.858837 1.01331 1.07706 0.981447 6.03668 6.43619
113 4.5 0.869177 1.04102 1.09805 1.01686 6.253 6.63786
114 4.54 0.860934 1.06896 1.12817 1.0539 6.47442 6.8504
115 4.58 0.865512 1.09754 1.15748 1.09257 6.69018 7.07391
116 4.62 0.856791 1.12634 1.11501 1.13047 6.77536 7.30425
117 4.66 0.875102 1.15626 1.11358 1.16899 7.04823 7.54802
118 4.7 0.904272 1.18771 1.09304 1.20745 7.21408 7.80183
119 4.74 0.90444 1.2197 1.06732 1.24564 7.20606 8.0597
120 4.78 0.915532 1.25264 1.03137 1.28317 7.24063 8.32319
121 4.82 0.918731 1.28624 1.00367 1.32031 7.2783 8.59251
122 4.86 0.921439 1.32051 0.989179 1.35752 7.35738 8.86928
123 4.9 0.929702 1.35566 0.971211 1.39466 7.43284 9.15352
124 4.94 0.928856 1.39135 0.965296 1.43218 7.36755 9.43988
125 4.98 0.93684 1.42793 0.94055 1.46933 7.27418 9.72721
126 5.02 0.933764 1.46498 0.95134 1.50752 7.45679 10.0265
127 5.06 0.925729 1.5023 0.925766 1.54527 7.29203 10.3239
128 5.1 0.928791 1.54033 0.911899 1.58304 7.4374 10.632
129 5.14 0.91225 1.57828 0.897624 1.62081 7.31071 10.9396
130 5.18 0.896738 1.61616 0.893339 1.65899 7.02507 11.2398
131 5.22 0.908125 1.65512 0.878657 1.69712 6.87559 11.5382
132 5.26 0.886711 1.69375 0.871447 1.73553 6.68456 11.8328
133 5.3 0.880913 1.73271 0.83383 1.77283 6.34102 12.1165
134 5.34 0.856253 1.77115 0.824975 1.8103 6.16426 12.3964
135 5.38 0.840656 1.80946 0.812956 1.84778 5.84894 12.6661
136 5.42 0.830012 1.84785 0.792338 1.88485 5.7107 12.9333
137 5.46 0.82149 1.88641 0.773631 1.92158 5.55553 13.197
138 5.5 0.802745 1.92465 0.764898 1.95843 5.43497 13.4589
139 5.54 0.794093 1.96302 0.754784 1.99533 5.38634 13.7222
140 5.58 0.784334 2.00147 0.728 2.03143 5.28865 13.9845
141 5.62 0.769249 2.03972 0.730663 2.06819 5.17527 14.2448
142 5.66 0.759166 2.07802 0.705188 2.10417 5.16923 14.5086
143 5.7 0.75221 2.11649 0.704511 2.14062 5.17589 14.7764
144 5.74 0.748592 2.15533 0.693897 2.17704 5.00652 15.0391
145 5.78 0.72714 2.19358 0.680982 2.21327 5.0499 15.3078
146 5.82 0.74005 2.23304 0.67232 2.24954 5.00933 15.5781
147 5.86 0.730159 2.27252 0.671728 2.28628 5.22525 15.8638
148 5.9 0.734077 2.31275 0.681197 2.32405 5.18364 16.1512
149 5.94 0.736941 2.35369 0.671281 2.36177 5.28862 16.4484
150 5.98 0.731727 2.39489 0.683412 2.4007 5.26272 16.7482
151 6.02 0.729631 2.43652 0.682627 2.4401 5.40089 17.0599
152 6.06 0.725535 2.47848 0.682356 2.48001 5.52833 17.3833
153 6.1 0.733996 2.52148 0.688458 2.52081 5.80885 17.7275
154 6.14 0.73116 2.56488 0.689453 2.56221 5.86518 18.0797
155 6.18 0.727965 2.60865 0.705091 2.6051 6.05599 18.4481
156 6.22 0.731939 2.65324 0.713019 2.64903 6.02845 18.8196
157 6.26 0.739775 2.69888 0.722141 2.69411 6.06143 19.1979
158 6.3 0.733137 2.7447 0.732895 2.74044 6.30783 19.5966
159 6.34 0.740347 2.79155 0.739681 2.78779 6.3521 20.0033
160 6.38 0.743856 2.83922 0.749015 2.83635 6.3873 20.4174
161 6.42 0.745973 2.88763 0.757975 2.88611 6.46574 20.8418
162 6.46 0.736559 2.93603 0.778992 2.93788 6.78709 21.2929
163 6.5 0.739394 2.98521 0.784209 2.99065 6.68176 21.7426
164 6.54 0.734736 3.03469 0.787266 3.04428 6.69096 22.1984
165 6.58 0.737554 3.08497 0.80074 3.0995 6.87013 22.6721
166 6.62 0.741873 3.13616 0.819477 3.1567 6.82884 23.1488
167 6.66 0.748851 3.18846 0.832934 3.21554 6.84496 23.6323
168 6.7 0.759097 3.24211 0.843281 3.27584 7.03837 24.1355
169 6.74 0.752842 3.29595 0.841887 3.33675 6.96216 24.6393
170 6.78 0.761988 3.3511 0.856117 3.39943 6.9721 25.1497
171 6.82 0.772162 3.40765 0.85894 3.46306 6.82408 25.6553
172 6.86 0.78312 3.46568 0.867197 3.52806 6.97047 26.1777
173 6.9 0.788924 3.52481 0.876282 3.5945 6.76263 26.6905
174 6.94 0.800435 3.58551 0.873909 3.66154 6.79937 27.2121
175 6.98 0.798152 3.64674 0.868144 3.72891 6.84106 27.7429
176 7.02 0.806754 3.70934 0.866968 3.79695 6.76328 28.2738
177 7.06 0.81955 3.77365 0.864326 3.86557 6.70392 28.806
178 7.1 0.807503 3.83774 0.873229 3.93568 6.74797 29.3478
179 7.14 0.814999 3.90316 0.873409 4.0066 6.77041 29.8975
180 7.18 0.825335 3.97015 0.866931 4.07778 6.62975 30.4418
181 7.22 0.827129 4.03804 0.861048 4.14927 6.68743 30.9971
182 7.26 0.817559 4.10588 0.866951 4.22205 6.50554 31.5432
183 7.3 0.827024 4.17527 0.863322 4.29532 6.49963 32.0949
184 7.34 0.82319 4.2451 0.863649 4.36943 6.51709 32.6541
185 7.38 0.827742 4.31608 0.858396 4.44389 6.41324 33.2104
186 7.42 0.830597 4.38808 0.854628 4.51883 6.39488 33.7711
187 7.46 0.832477 4.46102 0.850127 4.59418 6.32398 34.3317
188 7.5 0.834741 4.53495 0.850343 4.67037 6.31271 34.8972
189 7.54 0.832299 4.60945 0.837914 4.74624 6.24093 35.4623
190 7.58 0.828291 4.68438 0.836567 4.82279 6.17523 36.0274
191 7.62 0.83482 4.7607 0.842511 4.90071 6.10013 36.5916
192 7.66 0.844042 4.83868 0.833124 4.97856 6.04276 37.1563
193 7.7 0.827993 4.91597 0.829947 5.05694 5.93349 37.7166
194 7.74 0.840079 4.99521 0.83112 5.13624 5.98831 38.288
195 7.78 0.834008 5.07469 0.813024 5.21462 5.96292 38.8628
196 7.82 0.830595 5.15466 0.814552 5.29395 5.84756 39.4324
197 7.86 0.836606 5.23604 0.812709 5.37392 5.81961 40.005
198 7.9 0.84076 5.31866 0.815649 5.455 5.76339 40.5779
199 7.94 0.833725 5.40141 0.80443 5.53577 5.72565 41.1528
200 7.98 0.827141 5.48434 0.806991 5.61762 5.70296 41.7312
61000 200
1 0.02 0 0 0 0 0 0
2 0.06 0 0 0 0 0 0
3 0.1 0 0 0 0 0 0
4 0.14 0 0 0 0 0 0
5 0.18 0 0 0 0 0 0
6 0.22 0 0 0 0 0 0
7 0.26 0 0 0 0 0 0
8 0.3 0 0 0 0 0 0
9 0.34 0 0 0 0 0 0
10 0.38 0 0 0 0 0 0
11 0.42 0 0 0 0 0 0
12 0.46 0 0 0 0 0 0
13 0.5 0 0 0 0 0 0
14 0.54 0 0 0 0 0 0
15 0.58 0 0 0 0 0 0
16 0.62 0 0 0 0 0 0
17 0.66 0 0 0 0 0 0
18 0.7 0 0 0 0 0 0
19 0.74 0 0 0 0 0 0
20 0.78 0 0 0 0 0 0
21 0.82 0 0 0 0 0 0
22 0.86 0 0 0 0 0 0
23 0.9 0 0 0 0 0 0
24 0.94 0 0 0 0 0 0
25 0.98 0 0 0 0 0 0
26 1.02 0 0 0 0 0 0
27 1.06 0 0 0 0 0 0
28 1.1 0 0 0 0 0 0
29 1.14 0 0 0 0 0 0
30 1.18 0 0 0 0 0 0
31 1.22 0 0 0 0 0 0
32 1.26 0 0 0 0 0 0
33 1.3 0 0 0 0 0 0
34 1.34 0 0 0 0 0 0
35 1.38 0 0 0 0 0 0
36 1.42 0 0 0 0 0 0
37 1.46 0 0 0 0 0 0
38 1.5 0 0 0 0 0 0
39 1.54 0 0 0 0 0 0
40 1.58 0 0 0 0 0 0
41 1.62 0 0 0 0 0 0
42 1.66 0 0 0 0 0.11722 0.000514635
43 1.7 0 0 0 0 6.03551 0.0283049
44 1.74 0 0 0 0 49.8238 0.268639
45 1.78 0 0 0 0 129.5 0.922354
46 1.82 0 0 0 0 151.394 1.72133
47 1.86 0 0 0 0 106.281 2.30714
48 1.9 0 0 0 0 55.8677 2.62847
49 1.94 0 0 0 0 26.193 2.78553
50 1.98 0 0 0 0 11.9779 2.86034
51 2.02 0 0 0 0 5.62546 2.89691
52 2.06 0 0 0 0 2.85918 2.91624
53 2.1 0 0 0 0 1.65719 2.92789
54 2.14 0 0 0 0 0.908125 2.93451
55 2.18 0 0 0.000500359 3.78788e-06 0.666946 2.93956
56 2.22 0 0 0.00892451 7.38636e-05 0.507956 2.94355
57 2.26 0 0 0.0374714 0.000378788 0.375506 2.94661
58 2.3 0 0 0.131909 0.00149053 0.335836 2.94944
59 2.34 0 0 0.322395 0.00430303 0.265463 2.95175
60 2.38 0.000424552 3.78788e-06 0.693605 0.0105625 0.256617 2.95407
61 2.42 0.00431195 4.35606e-05 1.19416 0.0217045 0.313708 2.957
62 2.46 0.024839 0.000280303 1.7534 0.0386098 0.286904 2.95976
63 2.5 0.086582 0.00113258 2.3237 0.0617481 0.474835 2.96449
64 2.54 0.227772 0.00344697 2.65461 0.0890341 0.610211 2.97076
65 2.58 0.481633 0.00849621 2.76743 0.118383 0.79162 2.97916
66 2.62 0.885201 0.0180663 2.76583 0.148631 0.967609 2.98974
67 2.66 1.39056 0.0335625 2.56247 0.177517 1.28399 3.00421
68 2.7 1.8942 0.0553106 2.31019 0.204348 1.35699 3.01997
69 2.74 2.33296 0.0828958 2.04767 0.228841 1.31765 3.03573
70 2.78 2.61267 0.114697 1.80198 0.251028 1.21731 3.05072
71 2.82 2.73369 0.148936 1.55136 0.270684 1.08657 3.06449
72 2.86 2.72303 0.184015 1.37093 0.288549 0.868806 3.07581
73 2.9 2.5595 0.217917 1.18043 0.304366 0.857011 3.08729
74 2.94 2.29708 0.249188 1.03135 0.318568 0.882905 3.09945
75 2.98 2.06426 0.278059 0.952848 0.332049 0.902543 3.11222
76 3.02 1.80557 0.303994 0.839271 0.344244 0.836731 3.12438
77 3.06 1.58427 0.327358 0.756408 0.355528 1.0414 3.13992
78 3.1 1.37247 0.348131 0.699902 0.366244 1.10714 3.15687
79 3.14 1.21868 0.367055 0.64481 0.376373 1.20195 3.17575
80 3.18 1.06609 0.384034 0.623634 0.38642 1.21184 3.19527
81 3.22 0.969835 0.399871 0.594822 0.396246 1.3046 3.21682
82 3.26 0.860524 0.414275 0.566554 0.405839 1.44755 3.24133
83 3.3 0.77486 0.427564 0.575283 0.41582 1.59064 3.26893
84 3.34 0.70596 0.439968 0.548054 0.425561 1.78985 3.30074
85 3.38 0.680724 0.452216 0.548894 0.435551 2.11708 3.33927
86 3.42 0.640626 0.464017 0.551171 0.445822 2.31812 3.38247
87 3.46 0.613746 0.475589 0.540587 0.456133 2.69486 3.43387
88 3.5 0.613736 0.48743 0.554794 0.46696 3.10663 3.4945
89 3.54 0.599944 0.499271 0.580746 0.478555 3.53783 3.56513
90 3.58 0.612042 0.511625 0.589733 0.490597 3.75695 3.64185
91 3.62 0.621808 0.524458 0.610337 0.503339 4.14425 3.72837
92 3.66 0.653716 0.53825 0.633452 0.516858 4.55454 3.82557
93 3.7 0.671366 0.552725 0.64458 0.530917 4.80319 3.93033
94 3.74 0.70626 0.568284 0.679392 0.546057 4.96511 4.04098
95 3.78 0.75544 0.585284 0.698456 0.561956 5.17568 4.1588
96 3.82 0.786675 0.603364 0.722842 0.578761 5.09276 4.2772
97 3.86 0.814847 0.622485 0.775916 0.59718 5.34682 4.40412
98 3.9 0.873087 0.6434 0.77337 0.61592 5.17268 4.52946
99 3.94 0.907585 0.665589 0.798488 0.635669 5.06818 4.65481
100 3.98 0.942651 0.689106 0.808184 0.656064 4.74633 4.77459
101 4.02 0.972208 0.71385 0.845218 0.677826 4.72104 4.89614
102 4.06 0.986629 0.739464 0.859655 0.700402 4.555 5.01576
103 4.1 1.01676 0.766383 0.86715 0.723625 4.30563 5.13107
104 4.14 1.0118 0.793695 0.894312 0.748045 4.22045 5.24632
105 4.18 1.00148 0.821254 0.898505 0.773057 4.25447 5.36475
106 4.22 1.00325 0.849392 0.912727 0.798953 4.30003 5.48675
107 4.26 0.977204 0.877322 0.938899 0.826098 4.44995 5.61541
108 4.3 0.950199 0.904992 0.962212 0.854443 4.78792 5.75645
109 4.34 0.92689 0.932489 0.984884 0.883998 5.12346 5.9102
110 4.38 0.890356 0.95939 1.0075 0.914792 5.39759 6.07517
111 4.42 0.87296 0.98625 1.03955 0.947148 5.6858 6.25214
112 4.46 0.862631 1.01327 1.07012 0.981061 5.98211 6.44172
113 4.5 0.858946 1.04067 1.10671 1.01677 6.16237 6.64053
114 4.54 0.866629 1.0688 1.11498 1.05338 6.30991 6.84773
115 4.58 0.858379 1.09716 1.13175 1.0912 6.58518 7.0678
116 4.62 0.865496 1.12625 1.14693 1.1302 6.93132 7.30351
117 4.66 0.875402 1.15619 1.11457 1.16876 7.05177 7.54748
118 4.7 0.886694 1.18704 1.09697 1.20737 7.06112 7.79598
119 4.74 0.913648 1.21937 1.06509 1.24549 7.14015 8.05156
120 4.78 0.909682 1.25211 1.03543 1.28319 7.24558 8.31531
121 4.82 0.922753 1.28587 1.01688 1.32082 7.36132 8.58778
122 4.86 0.924939 1.32028 0.991206 1.35812 7.4099 8.86661
123 4.9 0.940551 1.35584 0.967462 1.39513 7.44076 9.15124
124 4.94 0.932427 1.39168 0.94952 1.43205 7.41755 9.43963
125 4.98 0.938892 1.42835 0.950819 1.46962 7.54553 9.73776
126 5.02 0.923705 1.46501 0.934215 1.50712 7.36967 10.0336
127 5.06 0.9364 1.50277 0.93269 1.54517 7.29385 10.3312
128 5.1 0.92482 1.54066 0.907971 1.58279 7.34676 10.6356
129 5.14 0.90725 1.57841 0.909375 1.62107 7.25807 10.9411
130 5.18 0.89719 1.61632 0.887587 1.65901 7.05462 11.2427
131 5.22 0.894042 1.65469 0.888216 1.69757 6.82984 11.5392
132 5.26 0.887494 1.69336 0.852199 1.73514 6.60744 11.8304
133 5.3 0.874062 1.73203 0.837184 1.7726 6.42613 12.118
134 5.34 0.864897 1.77087 0.817143 1.80973 6.04916 12.3928
135 5.38 0.847597 1.80951 0.818838 1.84748 5.8319 12.6618
136 5.42 0.83022 1.84792 0.784862 1.88422 5.83753 12.935
137 5.46 0.81818 1.88634 0.78465 1.92148 5.55455 13.1988
138 5.5 0.804374 1.92466 0.765969 1.9584 5.44803 13.4613
139 5.54 0.787434 1.96272 0.739686 1.99457 5.36636 13.7237
140 5.58 0.780742 2.00101 0.741834 2.03137 5.34157 13.9887
141 5.62 0.769478 2.03928 0.731614 2.06818 5.22299 14.2515
142 5.66 0.767837 2.07802 0.715927 2.10472 5.16265 14.515
143 5.7 0.750991 2.11645 0.690037 2.14044 5.12339 14.7802
144 5.74 0.746329 2.15518 0.686585 2.17648 5.03385 15.0445
145 5.78 0.744097 2.19433 0.682099 2.21278 5.02545 15.3119
146 5.82 0.749242 2.2343 0.683177 2.24965 5.07998 15.5861
147 5.86 0.717756 2.27312 0.676063 2.28664 5.09259 15.8647
148 5.9 0.724984 2.31287 0.677615 2.32422 5.20763 16.1535
149 5.94 0.731304 2.3535 0.678327 2.36235 5.24818 16.4485
150 5.98 0.725255 2.39435 0.676894 2.40091 5.2064 16.7451
151 6.02 0.732107 2.43614 0.674096 2.43983 5.45053 17.0598
152 6.06 0.728303 2.47826 0.686041 2.47997 5.57619 17.3861
153 6.1 0.731935 2.52115 0.688862 2.52081 5.66607 17.722
154 6.14 0.73889 2.56502 0.692307 2.56239 5.74618 18.0671
155 6.18 0.727562 2.60879 0.709241 2.60555 6.06005 18.4358
156 6.22 0.738842 2.65381 0.711118 2.64938 6.14515 18.8146
157 6.26 0.732314 2.699 0.714619 2.69399 6.14828 19.1985
158 6.3 0.739891 2.74525 0.736933 2.74059 6.37666 19.6017
159 6.34 0.737943 2.79197 0.737245 2.7878 6.29948 20.0051
160 6.38 0.736961 2.83921 0.747451 2.83627 6.41563 20.4211
161 6.42 0.739595 2.88722 0.756164 2.88593 6.50791 20.8485
162 6.46 0.737841 2.93572 0.77563 2.9375 6.5959 21.287
163 6.5 0.735133 2.98463 0.779392 2.98996 6.66979 21.736
164 6.54 0.743461 3.03472 0.799433 3.04443 6.78246 22.1981
165 6.58 0.744032 3.08545 0.809895 3.1003 6.78979 22.6665
166 6.62 0.741325 3.13662 0.820999 3.15762 6.88672 23.1473
167 6.66 0.744348 3.18862 0.828479 3.21617 6.91531 23.636
168 6.7 0.747809 3.24148 0.832627 3.27571 6.91799 24.1307
169 6.74 0.752434 3.29532 0.843707 3.33678 6.94721 24.6335
170 6.78 0.75954 3.35031 0.852661 3.39922 6.95113 25.1426
171 6.82 0.782509 3.40763 0.85567 3.46263 6.91325 25.6549
172 6.86 0.782841 3.46565 0.871665 3.52798 6.95298 26.1762
173 6.9 0.784044 3.52444 0.866682 3.59372 6.80136 26.6921
174 6.94 0.802971 3.58535 0.880761 3.6613 6.86821 27.2191
175 6.98 0.804039 3.64704 0.867791 3.72866 6.82246 27.7487
176 7.02 0.806445 3.70963 0.863552 3.79646 6.7523 28.2788
177 7.06 0.815787 3.77367 0.87614 3.86603 6.72947 28.8132
178 7.1 0.813921 3.83829 0.861769 3.93524 6.77802 29.3575
179 7.14 0.81332 3.90359 0.871611 4.00604 6.60881 29.8943
180 7.18 0.821756 3.97031 0.870159 4.0775 6.59141 30.4357
181 7.22 0.818326 4.0375 0.865859 4.14941 6.65412 30.9883
182 7.26 0.816042 4.10524 0.864215 4.22198 6.48639 31.533
183 7.3 0.823371 4.17434 0.864607 4.29539 6.51057 32.0857
184 7.34 0.82864 4.24465 0.858321 4.36906 6.51741 32.6451
185 7.38 0.824606 4.31539 0.867594 4.44434 6.4258 33.2027
186 7.42 0.832601 4.38758 0.850708 4.51896 6.34645 33.7594
187 7.46 0.829768 4.46031 0.848938 4.59423 6.42368 34.3289
188 7.5 0.831866 4.534 0.846056 4.67005 6.37114 34.8999
189 7.54 0.834062 4.60868 0.848144 4.74687 6.22454 35.4637
190 7.58 0.834743 4.68422 0.836318 4.82343 6.19731 36.0309
191 7.62 0.840935 4.76112 0.839763 4.90111 6.1112 36.5963
192 7.66 0.840496 4.83879 0.839648 4.9796 6.01761 37.1588
193 7.7 0.835701 4.91683 0.817874 5.05686 6.00361 37.7259
194 7.74 0.837805 4.99587 0.823254 5.13543 5.91171 38.2901
195 7.78 0.831716 5.07516 0.818857 5.21439 5.9338 38.8623
196 7.82 0.840179 5.15608 0.819325 5.29422 5.84057 39.4314
197 7.86 0.835231 5.23735 0.816607 5.37459 5.79336 40.0016
198 7.9 0.841169 5.32003 0.807367 5.45487 5.77853 40.5761
199 7.94 0.823616 5.4018 0.814151 5.53664 5.71725 41.1504
200 7.98 0.831904 5.48524 0.810172 5.61884 5.63598 41.7222
62000 200
1 0.02 0 0 0 0 0 0
2 0.06 0 0 0 0 0 0
3 0.1 0 0 0 0 0 0
4 0.14 0 0 0 0 0 0
5 0.18 0 0 0 0 0 0
6 0.22 0 0 0 0 0 0
7 0.26 0 0 0 0 0 0
8 0.3 0 0 0 0 0 0
9 0.34 0 0 0 0 0 0
10 0.38 0 0 0 0 0 0
11 0.42 0 0 0 0 0 0
12 0.46 0 0 0 0 0 0
13 0.5 0 0 0 0 0 0
14 0.54 0 0 0 0 0 0
15 0.58 0 0 0 0 0 0
16 0.62 0 0 0 0 0 0
17 0.66 0 0 0 0 0 0
18 0.7 0 0 0 0 0 0
19 0.74 0 0 0 0 0 0
20 0.78 0 0 0 0 0 0
21 0.82 0 0 0 0 0 0
22 0.86 0 0 0 0 0 0
23 0.9 0 0 0 0 0 0
24 0.94 0 0 0 0 0 0
25 0.98 0 0 0 0 0 0
26 1.02 0 0 0 0 0 0
27 1.06 0 0 0 0 0 0
28 1.1 0 0 0 0 0 0
29 1.14 0 0 0 0 0 0
30 1.18 0 0 0 0 0 0
31 1.22 0 0 0 0 0 0
32 1.26 0 0 0 0 0 0
33 1.3 0 0 0 0 0 0
34 1.34 0 0 0 0 0 0
35 1.38 0 0 0 0 0 0
36 1.42 0 0 0 0 0 0
37 1.46 0 0 0 0 0 0
38 1.5 0 0 0 0 0 0
39 1.54 0 0 0 0 0 0
40 1.58 0 0 0 0 0 0
41 1.62 0 0 0 0 0 0
42 1.66 0 0 0 0 0.0878982 0.000385976
43 1.7 0 0 0 0 5.8177 0.0271792
44 1.74 0 0 0 0 49.9665 0.268253
45 1.78 0 0 0 0 129.51 0.922161
46 1.82 0 0 0 0 150.18 1.71489
47 1.86 0 0 0 0 106.877 2.30412
48 1.9 0 0 0 0 57.0075 2.63207
49 1.94 0 0 0 0 26.1983 2.78919
50 1.98 0 0 0 0 11.9033 2.86356
51 2.02 0 0 0 0 5.39678 2.89865
52 2.06 0 0 0 0 2.67307 2.91673
53 2.1 0 0 0 0 1.62025 2.92811
54 2.14 0 0 0.000778476 5.68182e-06 0.996094 2.93538
55 2.18 0 0 0.00125033 1.51515e-05 0.603087 2.93995
56 2.22 0 0 0.00916416 8.71212e-05 0.4546 2.94352
57 2.26 0 0 0.0386274 0.000401515 0.33987 2.94628
58 2.3 0 0 0.123793 0.00144508 0.324324 2.94902
59 2.34 0 0 0.33296 0.00435038 0.243289 2.95114
60 2.38 0.001486 1.32576e-05 0.699332 0.0106629 0.302886 2.95388
61 2.42 0.00266862 3.78788e-05 1.17788 0.0216553 0.224015 2.95597
62 2.46 0.0222511 0.00025 1.75734 0.0386023 0.33686 2.95922
63 2.5 0.086755 0.00110417 2.29353 0.0614451 0.445679 2.96365
64 2.54 0.2212 0.00335227 2.6603 0.0887955 0.653859 2.97038
65 2.58 0.481891 0.0084053 2.79237 0.118415 0.81264 2.979
66 2.62 0.890793 0.0180379 2.73251 0.148305 1.02328 2.99019
67 2.66 1.37855 0.0334034 2.60729 0.177703 1.29226 3.00476
68 2.7 1.88472 0.0550473 2.33513 0.20483 1.38993 3.02091
69 2.74 2.32877 0.082589 2.08111 0.229727 1.34159 3.03696
70 2.78 2.65816 0.114951 1.79052 0.251778 1.1309 3.05088
71 2.82 2.74837 0.149381 1.54416 0.271347 1.03556 3.06401
72 2.86 2.7195 0.184422 1.34143 0.288831 0.880962 3.07549
73 2.9 2.52278 0.217845 1.17142 0.30453 0.88322 3.08733
74 2.94 2.33038 0.249576 1.02879 0.318701 0.756618 3.09775
75 2.98 2.03837 0.278091 0.943807 0.332057 0.984173 3.11168
76 3.02 1.78963 0.303803 0.840002 0.344265 0.97156 3.1258
77 3.06 1.60499 0.327477 0.755103 0.355532 0.976488 3.14037
78 3.1 1.38243 0.348405 0.698393 0.366227 1.04808 3.15642
79 3.14 1.21562 0.367286 0.659738 0.376593 1.11369 3.17391
80 3.18 1.05541 0.384098 0.62362 0.386642 1.22356 3.19363
81 3.22 0.939016 0.399436 0.596529 0.396498 1.31016 3.21528
82 3.26 0.8669 0.413949 0.563303 0.406038 1.51559 3.24095
83 3.3 0.785845 0.42743 0.562606 0.415801 1.56064 3.26803
84 3.34 0.713782 0.439973 0.561359 0.42578 1.78404 3.29974
85 3.38 0.667422 0.451985 0.540977 0.435629 2.09895 3.33795
86 3.42 0.652931 0.464015 0.539266 0.44568 2.33659 3.38151
87 3.46 0.613515 0.475585 0.549702 0.456167 2.72634 3.43352
88 3.5 0.612816 0.487411 0.572236 0.467337 3.10433 3.49411
89 3.54 0.610562 0.499464 0.568483 0.478689 3.45012 3.56301
90 3.58 0.620824 0.511998 0.591921 0.490778 3.827 3.64117
91 3.62 0.624333 0.524886 0.617732 0.503678 4.29433 3.73085
92 3.66 0.647925 0.538559 0.624268 0.517004 4.52192 3.82737
93 3.7 0.681232 0.55325 0.64453 0.531064 4.77414 3.93152
94 3.74 0.714961 0.569004 0.68027 0.546227 4.98419 4.04262
95 3.78 0.726504 0.585356 0.699385 0.562152 5.17031 4.16034
96 3.82 0.777279 0.603223 0.725131 0.579013 5.20236 4.28131
97 3.86 0.8183 0.62243 0.754771 0.596934 5.16416 4.40392
98 3.9 0.854244 0.642898 0.768829 0.615568 5.32816 4.53307
99 3.94 0.90112 0.664934 0.778793 0.634833 5.13602 4.66012
100 3.98 0.946622 0.688555 0.831045 0.655811 4.79115 4.78106
101 4.02 0.981297 0.713536 0.848197 0.677653 4.46646 4.89608
102 4.06 1.0118 0.739809 0.874255 0.700617 4.37647 5.01103
103 4.1 1.02656 0.766992 0.867107 0.723845 4.35398 5.12766
104 4.14 1.01881 0.7945 0.872625 0.747678 4.3974 5.24776
105 4.18 1.00553 0.822176 0.908989 0.772987 4.21428 5.3651
106 4.22 0.988179 0.849898 0.93202 0.799436 4.41245 5.49032
107 4.26 0.977593 0.877845 0.929134 0.826305 4.44341 5.61882
108 4.3 0.945315 0.905379 0.962002 0.85465 4.681 5.75674
109 4.34 0.925418 0.932837 0.981833 0.884119 4.99485 5.90666
110 4.38 0.900008 0.960036 1.01045 0.915009 5.25756 6.06739
111 4.42 0.860156 0.986508 1.05728 0.947924 5.8127 6.24834
112 4.46 0.86293 1.01355 1.07951 0.982142 5.97069 6.4376
113 4.5 0.868023 1.04124 1.10471 1.01779 6.13315 6.63551
114 4.54 0.860725 1.06918 1.12281 1.05467 6.39867 6.84567
115 4.58 0.864728 1.09776 1.12719 1.09235 6.70022 7.06964
116 4.62 0.87663 1.12723 1.12831 1.13072 7.07263 7.3102
117 4.66 0.870562 1.15701 1.11838 1.16942 6.96286 7.55114
118 4.7 0.878777 1.18759 1.08764 1.20771 7.05596 7.79952
119 4.74 0.89654 1.21932 1.06582 1.24587 7.10269 8.05381
120 4.78 0.922118 1.25251 1.03438 1.28353 7.26879 8.31846
121 4.82 0.920435 1.2862 1.02234 1.32138 7.31718 8.58935
122 4.86 0.931357 1.32085 0.983949 1.35841 7.49462 8.87144
123 4.9 0.934888 1.35621 0.963492 1.39528 7.40632 9.15481
124 4.94 0.934743 1.39215 0.945372 1.43204 7.38119 9.44185
125 4.98 0.933747 1.42862 0.941175 1.46923 7.48286 9.73757
126 5.02 0.924747 1.46534 0.938921 1.50694 7.39693 10.0346
127 5.06 0.92812 1.50277 0.920098 1.54448 7.34117 10.3341
128 5.1 0.919397 1.54044 0.920205 1.58262 7.34286 10.6385
129 5.14 0.911106 1.57836 0.914668 1.62113 7.14957 10.9395
130 5.18 0.894625 1.61617 0.895635 1.65942 7.15841 11.2455
131 5.22 0.897116 1.65468 0.884581 1.69783 6.86102 11.5435
132 5.26 0.893037 1.6936 0.849095 1.73527 6.67754 11.8379
133 5.3 0.880939 1.73258 0.842334 1.77297 6.31263 12.1204
134 5.34 0.850462 1.77079 0.831722 1.81077 6.07403 12.3964
135 5.38 0.839149 1.80905 0.807779 1.84802 5.90876 12.669
136 5.42 0.833358 1.84761 0.792464 1.88512 5.71467 12.9365
137 5.46 0.831073 1.88664 0.777505 1.92205 5.58385 13.2017
138 5.5 0.797365 1.92464 0.766001 1.95898 5.38014 13.4611
139 5.54 0.795766 1.96311 0.750527 1.99569 5.34745 13.7226
140 5.58 0.782893 2.00151 0.739617 2.03238 5.22569 13.9819
141 5.62 0.775137 2.04008 0.724306 2.06884 5.21353 14.2443
142 5.66 0.754725 2.07816 0.703644 2.10476 5.21007 14.5103
143 5.7 0.751977 2.11665 0.696984 2.14084 5.12353 14.7755
144 5.74 0.740511 2.15508 0.684058 2.17676 5.07198 15.0418
145 5.78 0.742101 2.19414 0.685187 2.21323 5.01593 15.3088
146 5.82 0.733748 2.23329 0.67096 2.24945 4.97998 15.5776
147 5.86 0.740676 2.27336 0.677371 2.28652 5.12441 15.8581
148 5.9 0.736949 2.31377 0.674773 2.32395 5.19375 16.1462
149 5.94 0.734556 2.35459 0.679426 2.36215 5.30424 16.4444
150 5.98 0.726343 2.39551 0.683231 2.40108 5.31309 16.7472
151 6.02 0.72714 2.43702 0.680019 2.44035 5.42597 17.0605
152 6.06 0.735611 2.47958 0.682658 2.4803 5.56676 17.3863
153 6.1 0.727447 2.52222 0.687212 2.52105 5.65997 17.7219
154 6.14 0.729865 2.56556 0.68699 2.56232 5.9361 18.0785
155 6.18 0.725484 2.60921 0.701995 2.60504 6.00168 18.4437
156 6.22 0.74061 2.65435 0.708508 2.64872 6.10679 18.8202
157 6.26 0.734244 2.69967 0.722867 2.69386 6.26443 19.2114
158 6.3 0.72698 2.74513 0.728659 2.73995 6.29038 19.6093
159 6.34 0.746549 2.7924 0.737887 2.78721 6.34731 20.0158
160 6.38 0.744247 2.84012 0.745946 2.8356 6.44651 20.434
161 6.42 0.737715 2.88802 0.764191 2.88579 6.45211 20.8577
162 6.46 0.743965 2.93692 0.781101 2.93773 6.55387 21.2936
163 6.5 0.735005 2.98584 0.789437 2.99088 6.64689 21.7411
164 6.54 0.737766 3.03555 0.786981 3.04452 6.77865 22.2031
165 6.58 0.739513 3.08599 0.809778 3.10039 6.80418 22.6725
166 6.62 0.743633 3.13732 0.828769 3.15827 6.85762 23.1514
167 6.66 0.745463 3.18941 0.824875 3.21657 6.85785 23.6362
168 6.7 0.752443 3.24262 0.843805 3.27693 6.93358 24.1321
169 6.74 0.756985 3.29679 0.84601 3.33817 6.98127 24.6375
170 6.78 0.768558 3.35244 0.862741 3.40137 6.93864 25.1458
171 6.82 0.76528 3.40852 0.86103 3.46519 6.87404 25.6553
172 6.86 0.779966 3.46634 0.870139 3.53044 6.92747 26.1748
173 6.9 0.788397 3.52546 0.864599 3.59603 6.83466 26.6933
174 6.94 0.79536 3.58581 0.866701 3.66255 6.83489 27.2179
175 6.98 0.808331 3.64785 0.872193 3.73027 6.86948 27.7512
176 7.02 0.809516 3.71069 0.868309 3.79845 6.79839 28.285
177 7.06 0.813538 3.77457 0.869396 3.86751 6.7993 28.8251
178 7.1 0.806281 3.83859 0.864204 3.93693 6.66083 29.3601
179 7.14 0.813499 3.90392 0.867393 4.00739 6.63632 29.8993
180 7.18 0.816729 3.97025 0.861119 4.07813 6.5845 30.4402
181 7.22 0.818614 4.03747 0.867154 4.15016 6.63024 30.9909
182 7.26 0.825175 4.10598 0.871874 4.22339 6.60487 31.5457
183 7.3 0.823241 4.17509 0.862393 4.29663 6.50503 32.0981
184 7.34 0.818375 4.24455 0.860807 4.37053 6.46806 32.6534
185 7.38 0.835599 4.31624 0.861365 4.44528 6.37772 33.2069
186 7.42 0.835132 4.38867 0.85154 4.51999 6.42792 33.7708
187 7.46 0.834343 4.46181 0.849801 4.59535 6.38567 34.3371
188 7.5 0.829615 4.53532 0.847945 4.67136 6.32889 34.9044
189 7.54 0.838853 4.61045 0.838157 4.74729 6.22497 35.4683
190 7.58 0.834229 4.68595 0.841953 4.82438 6.24761 36.0404
191 7.62 0.835269 4.76235 0.834693 4.90161 6.05185 36.6003
192 7.66 0.837694 4.83978 0.835173 4.9797 6.11574 37.1721
193 7.7 0.833047 4.91759 0.828003 5.05793 6.01866 37.7408
194 7.74 0.838828 4.99675 0.823255 5.13652 5.89528 38.3036
195 7.78 0.844745 5.07729 0.825279 5.21612 5.89917 38.8726
196 7.82 0.839215 5.15813 0.814252 5.29547 5.82413 39.4401
197 7.86 0.829875 5.2389 0.809988 5.37521 5.76044 40.0072
198 7.9 0.834399 5.32093 0.806473 5.45541 5.67022 40.5711
199 7.94 0.823324 5.4027 0.806945 5.53648 5.64206 41.1379
200 7.98 0.827384 5.48569 0.806881 5.61836 5.73336 41.7197
63000 200
1 0.02 0 0 0 0 0 0
2 0.06 0 0 0 0 0 0
3 0.1 0 0 0 0 0 0
4 0.14 0 0 0 0 0 0
5 0.18 0 0 0 0 0 0
6 0.22 0 0 0 0 0 0
7 0.26 0 0 0 0 0 0
8 0.3 0 0 0 0 0 0
9 0.34 0 0 0 0 0 0
10 0.38 0 0 0 0 0 0
11 0.42 0 0 0 0 0 0
12 0.46 0 0 0 0 0 0
13 0.5 0 0 0 0 0 0
14 0.54 0 0 0 0 0 0
15 0.58 0 0 0 0 0 0
16 0.62 0 0 0 0 0 0
17 0.66 0 0 0 0 0 0
18 0.7 0 0 0 0 0 0
19 0.74 0 0 0 0 0 0
20 0.78 0 0 0 0 0 0
21 0.82 0 0 0 0 0 0
22 0.86 0 0 0 0 0 0
23 0.9 0 0 0 0 0 0
24 0.94 0 0 0 0 0 0
25 0.98 0 0 0 0 0 0
26 1.02 0 0 0 0 0 0
27 1.06 0 0 0 0 0 0
28 1.1 0 0 0 0 0 0
29 1.14 0 0 0 0 0 0
30 1.18 0 0 0 0 0 0
31 1.22 0 0 0 0 0 0
32 1.26 0 0 0 0 0 0
33 1.3 0 0 0 0 0 0
34 1.34 0 0 0 0 0 0
35 1.38 0 0 0 0 0 0
36 1.42 0 0 0 0 0 0
37 1.46 0 0 0 0 0 0
38 1.5 0 0 0 0 0 0
39 1.54 0 0 0 0 0 0
40 1.58 0 0 0 0 0 0
41 1.62 0 0 0 0 0 0
42 1.66 0 0 0 0 0.102524 0.000450306
43 1.7 0 0 0 0 5.73291 0.0268575
44 1.74 0 0 0 0 49.8503 0.267417
45 1.78 0 0 0 0 128.563 0.916661
46 1.82 0 0 0 0 152.418 1.72136
47 1.86 0 0 0 0 107.277 2.3129
48 1.9 0 0 0 0 55.2474 2.63078
49 1.94 0 0 0 0 26.2952 2.78852
50 1.98 0 0 0 0 11.8187 2.86237
51 2.02 0 0 0 0 5.52427 2.8983
52 2.06 0 0 0 0 2.85808 2.91763
53 2.1 0 0 0 0 1.44151 2.92776
54 2.14 0 0 0 0 0.97387 2.93487
55 2.18 0 0 0.00225051 1.70455e-05 0.649676 2.93979
56 2.22 0 0 0.0101263 9.65909e-05 0.429947 2.94317
57 2.26 0 0 0.0369925 0.000397727 0.324004 2.9458
58 2.3 0 0 0.129385 0.00148864 0.312822 2.94844
59 2.34 0 0 0.321402 0.00429356 0.257992 2.95069
60 2.38 0.000212156 1.89394e-06 0.683677 0.0104659 0.2672 2.9531
61 2.42 0.00348913 3.40909e-05 1.17542 0.0214375 0.286006 2.95577
62 2.46 0.0248292 0.000270833 1.75781 0.038392 0.346804 2.95912
63 2.5 0.0905854 0.00116288 2.29958 0.0612992 0.500478 2.9641
64 2.54 0.219856 0.00339773 2.64767 0.0885246 0.697548 2.97128
65 2.58 0.48433 0.00847727 2.82522 0.118498 0.821625 2.97999
66 2.62 0.886954 0.0180701 2.76941 0.148797 1.01133 2.99106
67 2.66 1.37065 0.0333504 2.57725 0.177862 1.2749 3.00544
68 2.7 1.90398 0.0552197 2.30812 0.20468 1.31216 3.02068
69 2.74 2.33795 0.082875 2.07757 0.22954 1.31175 3.03638
70 2.78 2.65455 0.115199 1.75145 0.251114 1.16983 3.05079
71 2.82 2.75422 0.149708 1.56046 0.270892 1.08361 3.06452
72 2.86 2.70946 0.184627 1.36211 0.28865 0.986892 3.07739
73 2.9 2.56105 0.218563 1.17756 0.304434 0.890271 3.08932
74 2.94 2.30479 0.249951 1.05293 0.318939 0.81252 3.10051
75 2.98 2.06493 0.278843 0.919014 0.331947 0.806733 3.11193
76 3.02 1.77652 0.304371 0.839721 0.344153 0.942596 3.12564
77 3.06 1.56862 0.327513 0.747224 0.355305 0.913811 3.13927
78 3.1 1.3843 0.348473 0.717059 0.366288 1.07097 3.15568
79 3.14 1.19675 0.367064 0.650213 0.376506 1.14007 3.17359
80 3.18 1.06341 0.384008 0.62315 0.386549 1.26924 3.19405
81 3.22 0.965505 0.39978 0.598483 0.396439 1.30603 3.21563
82 3.26 0.848534 0.413989 0.571922 0.406127 1.49635 3.24098
83 3.3 0.786359 0.427481 0.57407 0.416091 1.63262 3.26931
84 3.34 0.705143 0.439875 0.535158 0.425606 1.8434 3.30209
85 3.38 0.668771 0.451913 0.537545 0.435394 1.97845 3.33812
86 3.42 0.642734 0.463758 0.556745 0.445773 2.38102 3.3825
87 3.46 0.628961 0.475621 0.560127 0.45646 2.65167 3.4331
88 3.5 0.609861 0.487392 0.57378 0.467663 3.07738 3.49318
89 3.54 0.606709 0.499371 0.571507 0.479078 3.47199 3.56253
90 3.58 0.615926 0.511809 0.587273 0.491074 3.86413 3.64146
91 3.62 0.627888 0.524773 0.601747 0.503642 4.10258 3.72715
92 3.66 0.633891 0.538152 0.628057 0.517051 4.49096 3.82303
93 3.7 0.671804 0.552642 0.639896 0.531013 4.71727 3.92596
94 3.74 0.711308 0.568318 0.679121 0.546153 5.05403 4.03863
95 3.78 0.745885 0.58511 0.690276 0.561873 5.07757 4.15426
96 3.82 0.779277 0.603027 0.724999 0.578735 5.30092 4.27755
97 3.86 0.837111 0.622678 0.754714 0.596657 5.18758 4.40074
98 3.9 0.878825 0.643739 0.786107 0.615714 5.12152 4.5249
99 3.94 0.893985 0.665604 0.807352 0.635689 5.01023 4.64886
100 3.98 0.946448 0.689225 0.810638 0.656155 4.94447 4.77369
101 4.02 0.968546 0.713886 0.843633 0.677884 4.65799 4.89366
102 4.06 1.00184 0.739905 0.871426 0.700778 4.53974 5.01293
103 4.1 1.00785 0.766598 0.876987 0.724275 4.29308 5.12795
104 4.14 1.02634 0.794314 0.880087 0.748316 4.26116 5.24436
105 4.18 1.00789 0.822061 0.890461 0.773114 4.24238 5.3625
106 4.22 0.998932 0.850089 0.905621 0.798818 4.33232 5.48546
107 4.26 0.970655 0.877843 0.932568 0.825792 4.6072 5.61872
108 4.3 0.939876 0.905223 0.959899 0.85408 4.81112 5.7605
109 4.34 0.91733 0.932447 0.994462 0.883934 5.02075 5.91123
110 4.38 0.909359 0.959934 1.01819 0.915066 5.42065 6.07697
111 4.42 0.873536 0.986822 1.06036 0.948083 5.62774 6.2522
112 4.46 0.854431 1.0136 1.06091 0.981718 5.80119 6.43612
113 4.5 0.866915 1.04126 1.11137 1.01759 6.34129 6.64078
114 4.54 0.858061 1.06912 1.1143 1.05419 6.42982 6.85201
115 4.58 0.869727 1.09787 1.1309 1.092 6.63259 7.07375
116 4.62 0.863686 1.12691 1.13116 1.13048 6.94274 7.30994
117 4.66 0.871125 1.15672 1.11484 1.16907 6.96995 7.55117
118 4.7 0.884054 1.18749 1.09385 1.20758 7.09667 7.80103
119 4.74 0.899961 1.21935 1.06954 1.24588 7.2029 8.05896
120 4.78 0.925315 1.25266 1.04745 1.28402 7.2471 8.32287
121 4.82 0.927098 1.28659 1.00906 1.32139 7.4027 8.59698
122 4.86 0.920801 1.32086 0.990609 1.35868 7.37534 8.87462
123 4.9 0.92496 1.35585 0.968515 1.39574 7.40332 9.15793
124 4.94 0.937374 1.39189 0.957809 1.43299 7.42871 9.44686
125 4.98 0.931444 1.42829 0.947036 1.47043 7.37652 9.73844
126 5.02 0.938886 1.46557 0.93158 1.50784 7.34749 10.0335
127 5.06 0.930812 1.50312 0.923687 1.54554 7.38788 10.335
128 5.1 0.918119 1.54074 0.911905 1.58334 7.33841 10.6392
129 5.14 0.914715 1.57882 0.902129 1.62133 7.2055 10.9427
130 5.18 0.906422 1.61714 0.900609 1.65984 6.97588 11.241
131 5.22 0.886276 1.65519 0.876958 1.69793 6.80863 11.5367
132 5.26 0.89296 1.69411 0.860191 1.73586 6.70032 11.8321
133 5.3 0.874484 1.73281 0.851866 1.774 6.33953 12.116
134 5.34 0.855615 1.77126 0.8159 1.81108 6.13522 12.3948
135 5.38 0.845101 1.8098 0.791539 1.84759 5.92298 12.668
136 5.42 0.837583 1.84856 0.798547 1.88498 5.69643 12.9347
137 5.46 0.805882 1.88641 0.780314 1.92206 5.60516 13.2011
138 5.5 0.80771 1.92491 0.757058 1.95856 5.47989 13.4653
139 5.54 0.79362 1.96329 0.747098 1.9951 5.30963 13.725
140 5.58 0.783639 2.00173 0.741045 2.03188 5.33492 13.9897
141 5.62 0.770278 2.04006 0.727486 2.0685 5.16657 14.2498
142 5.66 0.749481 2.07789 0.708892 2.1047 5.10769 14.5106
143 5.7 0.759314 2.11676 0.705048 2.1412 5.1201 14.7757
144 5.74 0.7449 2.15543 0.682633 2.17705 4.97429 15.037
145 5.78 0.740813 2.19442 0.683462 2.21344 5.06997 15.3069
146 5.82 0.741028 2.23397 0.673294 2.24979 5.05593 15.5799
147 5.86 0.731785 2.27356 0.673579 2.28666 5.11698 15.8599
148 5.9 0.724039 2.31327 0.678644 2.32431 5.14584 16.1454
149 5.94 0.729686 2.35384 0.674553 2.36224 5.28498 16.4426
150 5.98 0.725098 2.39469 0.679516 2.40097 5.37593 16.749
151 6.02 0.738482 2.43686 0.683303 2.44044 5.42888 17.0626
152 6.06 0.729355 2.47906 0.685574 2.48057 5.54592 17.3872
153 6.1 0.731223 2.52193 0.679932 2.52089 5.76519 17.7291
154 6.14 0.730656 2.56533 0.69572 2.56269 5.82472 18.0791
155 6.18 0.730356 2.60928 0.702394 2.60545 6.0386 18.4467
156 6.22 0.732084 2.6539 0.713938 2.64947 6.09891 18.8227
157 6.26 0.744906 2.6999 0.712999 2.694 6.17365 19.2083
158 6.3 0.733328 2.74575 0.726729 2.73998 6.27499 19.6053
159 6.34 0.739892 2.79261 0.736004 2.78713 6.40843 20.0158
160 6.38 0.736786 2.83986 0.752817 2.83597 6.40418 20.4313
161 6.42 0.738193 2.8878 0.765812 2.88627 6.47102 20.8564
162 6.46 0.741119 2.93653 0.766406 2.93725 6.62519 21.297
163 6.5 0.734273 2.98541 0.789406 2.99041 6.65761 21.7454
164 6.54 0.746143 3.03569 0.80681 3.04541 6.74437 22.2051
165 6.58 0.743431 3.08641 0.801421 3.10071 6.80337 22.6746
166 6.62 0.74465 3.13782 0.823087 3.1582 6.87846 23.155
167 6.66 0.741233 3.18962 0.826863 3.21665 6.9071 23.6433
168 6.7 0.750806 3.24273 0.836953 3.27653 7.00425 24.1445
169 6.74 0.75637 3.29686 0.84515 3.33773 6.99155 24.6507
170 6.78 0.766924 3.35241 0.854698 3.40034 6.88955 25.1554
171 6.82 0.775065 3.40921 0.852801 3.46356 6.94562 25.6703
172 6.86 0.778468 3.46693 0.871748 3.52895 6.87303 26.1858
173 6.9 0.786282 3.52591 0.866934 3.59473 6.82196 26.7035
174 6.94 0.803375 3.58687 0.870788 3.66158 6.85751 27.2299
175 6.98 0.798536 3.64817 0.866177 3.72884 6.79488 27.7575
176 7.02 0.806807 3.71081 0.876496 3.79768 6.76848 28.2891
177 7.06 0.805287 3.77405 0.870547 3.86684 6.76528 28.8266
178 7.1 0.815697 3.83884 0.869298 3.93668 6.68885 29.364
179 7.14 0.814435 3.90426 0.86581 4.00703 6.66162 29.9052
180 7.18 0.817091 3.97062 0.875275 4.07895 6.59034 30.4467
181 7.22 0.811636 4.03728 0.866425 4.15093 6.58449 30.9938
182 7.26 0.818224 4.10523 0.865607 4.22365 6.51291 31.5409
183 7.3 0.820787 4.17415 0.861967 4.29686 6.50685 32.0936
184 7.34 0.824541 4.24414 0.858838 4.3706 6.55714 32.6566
185 7.38 0.832755 4.3156 0.862579 4.44548 6.41731 33.2137
186 7.42 0.827596 4.38739 0.857147 4.52069 6.38096 33.7736
187 7.46 0.828185 4.46001 0.851803 4.59625 6.47151 34.3476
188 7.5 0.839782 4.53443 0.850304 4.67248 6.35641 34.9175
189 7.54 0.84464 4.61009 0.836373 4.74826 6.18583 35.478
190 7.58 0.831878 4.6854 0.833195 4.82456 6.20749 36.0464
191 7.62 0.841139 4.76235 0.832718 4.90162 6.09696 36.6106
192 7.66 0.833708 4.83942 0.833786 4.9796 6.03068 37.1746
193 7.7 0.842505 4.91812 0.832156 5.05823 5.96377 37.7382
194 7.74 0.837712 4.99719 0.82243 5.13676 5.92891 38.3043
195 7.78 0.830828 5.07643 0.817823 5.21566 5.8611 38.8697
196 7.82 0.847589 5.15809 0.819523 5.29553 5.72373 39.4276
197 7.86 0.831533 5.23903 0.815706 5.37585 5.82114 40.0007
198 7.9 0.828123 5.32046 0.812396 5.45666 5.6747 40.5652
199 7.94 0.828227 5.40273 0.801273 5.53717 5.65254 41.1332
200 7.98 0.831384 5.48614 0.807908 5.61917 5.74022 41.7158
64000 200
1 0.02 0 0 0 0 0 0
2 0.06 0 0 0 0 0 0
3 0.1 0 0 0 0 0 0
4 0.14 0 0 0 0 0 0
5 0.18 0 0 0 0 0 0
6 0.22 0 0 0 0 0 0
7 0.26 0 0 0 0 0 0
8 0.3 0 0 0 0 0 0
9 0.34 0 0 0 0 0 0
10 0.38 0 0 0 0 0 0
11 0.42 0 0 0 0 0 0
12 0.46 0 0 0 0 0 0
13 0.5 0 0 0 0 0 0
14 0.54 0 0 0 0 0 0
15 0.58 0 0 0 0 0 0
16 0.62 0 0 0 0 0 0
17 0.66 0 0 0 0 0 0
18 0.7 0 0 0 0 0 0
19 0.74 0 0 0 0 0 0
20 0.78 0 0 0 0 0 0
21 0.82 0 0 0 0 0 0
22 0.86 0 0 0 0 0 0
23 0.9 0 0 0 0 0 0
24 0.94 0 0 0 0 0 0
25 0.98 0 0 0 0 0 0
26 1.02 0 0 0 0 0 0
27 1.06 0 0 0 0 0 0
28 1.1 0 0 0 0 0 0
29 1.14 0 0 0 0 0 0
30 1.18 0 0 0 0 0 0
31 1.22 0 0 0 0 0 0
32 1.26 0 0 0 0 0 0
33 1.3 0 0 0 0 0 0
34 1.34 0 0 0 0 0 0
35 1.38 0 0 0 0 0 0
36 1.42 0 0 0 0 0 0
37 1.46 0 0 0 0 0 0
38 1.5 0 0 0 0 0 0
39 1.54 0 0 0 0 0 0
40 1.58 0 0 0 0 0 0
41 1.62 0 0 0 0 0 0
42 1.66 0 0 0 0 0.095191 0.000418141
43 1.7 0 0 0 0 5.676 0.026568
44 1.74 0 0 0 0 48.7482 0.261853
45 1.78 0 0 0 0 130.455 0.920778
46 1.82 0 0 0 0 151.61 1.72136
47 1.86 0 0 0 0 107.548 2.31451
48 1.9 0 0 0 0 56.142 2.6376
49 1.94 0 0 0 0 25.7969 2.79238
50 1.98 0 0 0 0 11.5128 2.86433
51 2.02 0 0 0 0 5.36014 2.8992
52 2.06 0 0 0 0 2.7291 2.91766
53 2.1 0 0 0 0 1.41826 2.92763
54 2.14 0 0 0.000518914 3.78788e-06 0.810665 2.93355
55 2.18 0 0 0.00225001 2.08333e-05 0.679264 2.93869
56 2.22 0 0 0.00891924 9.09091e-05 0.413505 2.94194
57 2.26 0 0 0.0339619 0.000367424 0.319984 2.94455
58 2.3 0 0 0.124645 0.00141856 0.289875 2.94699
59 2.34 0 0 0.341942 0.00440341 0.261626 2.94928
60 2.38 0.00106094 9.4697e-06 0.674318 0.0104924 0.359762 2.95252
61 2.42 0.00389895 4.54545e-05 1.19447 0.0216439 0.299766 2.95532
62 2.46 0.0226391 0.000261364 1.76336 0.0386553 0.34341 2.95864
63 2.5 0.0844146 0.0010928 2.3037 0.061608 0.513302 2.96375
64 2.54 0.226522 0.00339583 2.63794 0.0887386 0.619228 2.97012
65 2.58 0.472506 0.00835227 2.77079 0.11814 0.830535 2.97893
66 2.62 0.897283 0.0180587 2.75053 0.148239 1.07874 2.99074
67 2.66 1.38398 0.0334905 2.59137 0.177468 1.22049 3.0045
68 2.7 1.89621 0.0552746 2.33799 0.204638 1.35618 3.02026
69 2.74 2.33333 0.0828807 2.05011 0.229174 1.42978 3.03738
70 2.78 2.64393 0.115081 1.79398 0.251277 1.20093 3.05217
71 2.82 2.72347 0.149212 1.57316 0.27122 1.06309 3.06565
72 2.86 2.71848 0.184254 1.34703 0.288784 0.851039 3.07674
73 2.9 2.55014 0.218051 1.18157 0.304625 0.909253 3.08894
74 2.94 2.30587 0.24946 1.0471 0.319053 0.905712 3.10142
75 2.98 2.07265 0.278466 0.932754 0.332258 0.872492 3.11377
76 3.02 1.81478 0.304549 0.829529 0.344318 0.949077 3.12757
77 3.06 1.57897 0.327848 0.755455 0.355595 0.928725 3.14143
78 3.1 1.37091 0.34861 0.701341 0.366339 0.990989 3.15661
79 3.14 1.1931 0.367148 0.646236 0.376496 1.12348 3.17427
80 3.18 1.06713 0.384153 0.621154 0.386509 1.25905 3.19456
81 3.22 0.947353 0.399633 0.59149 0.396286 1.33694 3.21666
82 3.26 0.851422 0.413892 0.596632 0.406394 1.49606 3.24201
83 3.3 0.777934 0.427242 0.555088 0.41603 1.66195 3.27086
84 3.34 0.721056 0.439919 0.55199 0.425847 1.90272 3.3047
85 3.38 0.68295 0.452214 0.539837 0.435678 2.01867 3.34146
86 3.42 0.632437 0.463871 0.552676 0.445983 2.33571 3.38501
87 3.46 0.621615 0.475598 0.544634 0.456377 2.75397 3.43757
88 3.5 0.605529 0.487288 0.567947 0.467468 2.99938 3.49614
89 3.54 0.596524 0.499068 0.5768 0.478991 3.36991 3.56346
90 3.58 0.615153 0.511492 0.597816 0.491205 3.84921 3.6421
91 3.62 0.627401 0.524449 0.601093 0.503761 4.1803 3.72943
92 3.66 0.64929 0.538155 0.622616 0.517057 4.64376 3.82859
93 3.7 0.673254 0.55268 0.656521 0.531384 4.74582 3.93216
94 3.74 0.717442 0.568494 0.665567 0.546225 4.92611 4.04201
95 3.78 0.735563 0.585057 0.705113 0.562286 5.00883 4.1561
96 3.82 0.797165 0.603388 0.732267 0.57932 5.20446 4.27716
97 3.86 0.819448 0.622629 0.75034 0.597142 5.38432 4.40505
98 3.9 0.857718 0.643188 0.779715 0.616047 5.2028 4.5312
99 3.94 0.908835 0.66542 0.804366 0.635953 5.0223 4.65548
100 3.98 0.951424 0.68917 0.808607 0.656371 4.83267 4.77752
101 4.02 0.968585 0.713837 0.833029 0.677831 4.67706 4.89801
102 4.06 1.00828 0.740028 0.859298 0.700411 4.40788 5.01383
103 4.1 1.01201 0.766837 0.862962 0.723536 4.23945 5.12744
104 4.14 1.01233 0.79418 0.876105 0.747473 4.22973 5.243
105 4.18 1.00728 0.821915 0.890902 0.772288 4.37786 5.36494
106 4.22 1.00455 0.850106 0.923394 0.798502 4.21707 5.48466
107 4.26 0.977553 0.878063 0.938472 0.825652 4.49404 5.61467
108 4.3 0.941319 0.905491 0.967233 0.854161 4.77854 5.75552
109 4.34 0.910584 0.932519 0.982222 0.883653 4.91368 5.90306
110 4.38 0.896598 0.959625 1.02457 0.914987 5.49114 6.07099
111 4.42 0.887516 0.986949 1.05177 0.947742 5.7289 6.2494
112 4.46 0.855719 1.01377 1.07767 0.981915 6.06274 6.44165
113 4.5 0.861109 1.04125 1.10659 1.01764 6.21656 6.64233
114 4.54 0.860287 1.0692 1.1289 1.05473 6.52062 6.85658
115 4.58 0.874257 1.09809 1.1202 1.09219 6.6188 7.0779
116 4.62 0.873037 1.12746 1.12249 1.13038 6.67199 7.30492
117 4.66 0.887061 1.15782 1.1254 1.16934 7.0597 7.54931
118 4.7 0.881709 1.18851 1.09934 1.20805 7.20127 7.80289
119 4.74 0.886684 1.2199 1.0651 1.2462 7.15033 8.05899
120 4.78 0.917245 1.25293 1.05156 1.2845 7.19716 8.32113
121 4.82 0.925729 1.28682 1.00554 1.32174 7.31968 8.59222
122 4.86 0.923067 1.32118 0.991523 1.35907 7.33287 8.86832
123 4.9 0.939695 1.35673 0.964518 1.39599 7.38929 9.15114
124 4.94 0.925083 1.39231 0.954417 1.43312 7.53303 9.44419
125 4.98 0.92729 1.42855 0.935694 1.47011 7.49637 9.74056
126 5.02 0.942139 1.46597 0.934424 1.50765 7.37971 10.037
127 5.06 0.931904 1.50357 0.934087 1.54577 7.32658 10.3361
128 5.1 0.914617 1.54105 0.911453 1.58357 7.33932 10.6404
129 5.14 0.900348 1.57854 0.893005 1.62118 7.10562 10.9396
130 5.18 0.884567 1.61594 0.895298 1.65947 7.07228 11.2421
131 5.22 0.906615 1.65487 0.870382 1.69728 6.88361 11.5411
132 5.26 0.893701 1.69384 0.857967 1.73512 6.62248 11.8332
133 5.3 0.875689 1.7326 0.834786 1.7725 6.2887 12.1148
134 5.34 0.865059 1.77148 0.832745 1.81035 6.12056 12.3931
135 5.38 0.847719 1.81014 0.808545 1.84766 5.90865 12.6657
136 5.42 0.826378 1.8484 0.803047 1.88527 5.72491 12.9338
137 5.46 0.814835 1.88668 0.776653 1.92218 5.52015 13.1961
138 5.5 0.806006 1.9251 0.770191 1.95932 5.47149 13.46
139 5.54 0.792999 1.96345 0.752915 1.99615 5.29745 13.7191
140 5.58 0.774569 2.00146 0.7272 2.03225 5.3255 13.9835
141 5.62 0.785805 2.04057 0.726933 2.06885 5.16624 14.2436
142 5.66 0.760932 2.07899 0.701931 2.1047 5.25408 14.5119
143 5.7 0.750847 2.11743 0.706377 2.14128 5.14086 14.7782
144 5.74 0.749135 2.15633 0.695844 2.17783 5.03884 15.0428
145 5.78 0.73506 2.19502 0.682553 2.21418 4.93069 15.3054
146 5.82 0.728433 2.23391 0.679335 2.25086 5.09488 15.5805
147 5.86 0.732418 2.27354 0.673659 2.28774 5.09309 15.8593
148 5.9 0.732119 2.3137 0.675442 2.32522 5.16049 16.1457
149 5.94 0.729135 2.35424 0.674424 2.36315 5.2685 16.442
150 5.98 0.734774 2.39565 0.67058 2.40138 5.35453 16.7472
151 6.02 0.733763 2.43756 0.672385 2.44022 5.45846 17.0626
152 6.06 0.730621 2.47984 0.685476 2.48035 5.61791 17.3915
153 6.1 0.718132 2.52195 0.688328 2.52118 5.69257 17.7291
154 6.14 0.730517 2.56535 0.692971 2.56283 5.85892 18.0812
155 6.18 0.732733 2.60945 0.700769 2.60549 6.03536 18.4487
156 6.22 0.734367 2.65422 0.717087 2.64972 6.12796 18.8266
157 6.26 0.741113 2.69999 0.723079 2.69489 6.04273 19.2041
158 6.3 0.73997 2.74627 0.723445 2.74066 6.24179 19.599
159 6.34 0.733261 2.79272 0.742099 2.78821 6.35651 20.0063
160 6.38 0.741753 2.8403 0.748878 2.8368 6.45796 20.4254
161 6.42 0.73706 2.88817 0.756036 2.88648 6.52998 20.8544
162 6.46 0.7351 2.93651 0.775542 2.93807 6.61133 21.2942
163 6.5 0.744176 2.98606 0.783009 2.99081 6.64867 21.742
164 6.54 0.744204 3.03622 0.805514 3.04573 6.76383 22.2032
165 6.58 0.734375 3.08633 0.811532 3.10174 6.71264 22.6665
166 6.62 0.747798 3.13797 0.819052 3.15896 6.94483 23.1517
167 6.66 0.74388 3.18997 0.828847 3.21757 6.97537 23.6449
168 6.7 0.747904 3.24288 0.833907 3.27724 6.92918 24.1408
169 6.74 0.751144 3.29665 0.845906 3.3385 6.88228 24.6391
170 6.78 0.765523 3.3521 0.849624 3.40076 6.95052 25.1485
171 6.82 0.774632 3.40888 0.865308 3.46492 7.01502 25.6686
172 6.86 0.779723 3.4667 0.856887 3.5292 6.8361 26.1814
173 6.9 0.786133 3.52569 0.868516 3.59512 6.866 26.7025
174 6.94 0.797307 3.5862 0.868154 3.66177 6.74897 27.2207
175 6.98 0.80798 3.64823 0.877886 3.72995 6.69463 27.7407
176 7.02 0.812967 3.71137 0.866078 3.79799 6.8863 28.2816
177 7.06 0.811473 3.77511 0.87212 3.86729 6.7413 28.8173
178 7.1 0.813537 3.83973 0.869179 3.93713 6.70237 29.3559
179 7.14 0.816565 3.90534 0.875806 4.00831 6.72406 29.9023
180 7.18 0.821714 3.97209 0.867204 4.07958 6.67361 30.4508
181 7.22 0.816347 4.03915 0.866165 4.15155 6.57045 30.9968
182 7.26 0.813872 4.10675 0.863143 4.22408 6.54992 31.5471
183 7.3 0.826653 4.17617 0.865904 4.29763 6.59043 32.1069
184 7.34 0.820277 4.24581 0.860063 4.3715 6.45587 32.6614
185 7.38 0.831091 4.31715 0.860953 4.44625 6.45907 33.2222
186 7.42 0.831848 4.38932 0.848482 4.52072 6.38961 33.783
187 7.46 0.832217 4.4623 0.850892 4.5962 6.31004 34.3428
188 7.5 0.833768 4.53621 0.848957 4.67233 6.26693 34.9047
189 7.54 0.836108 4.61112 0.840475 4.7485 6.3316 35.4785
190 7.58 0.834583 4.68668 0.837522 4.82521 6.10271 36.0375
191 7.62 0.832346 4.76284 0.832496 4.90227 6.10482 36.6026
192 7.66 0.839222 4.84044 0.831862 4.98008 6.12446 37.1754
193 7.7 0.834579 4.91842 0.830557 5.05858 5.96093 37.7388
194 7.74 0.83731 4.99747 0.826518 5.13751 6.00186 38.312
195 7.78 0.837895 5.07739 0.825047 5.21712 5.81162 38.8728
196 7.82 0.839386 5.15828 0.818162 5.29687 5.81371 39.4395
197 7.86 0.836413 5.23971 0.80878 5.37652 5.78668 40.0094
198 7.9 0.832798 5.32162 0.812927 5.4574 5.70723 40.5772
199 7.94 0.830413 5.40412 0.807054 5.53851 5.71419 41.1515
200 7.98 0.825562 5.48696 0.811318 5.62087 5.51797 41.7116
65000 200
1 0.02 0 0 0 0 0 0
2 0.06 0 0 0 0 0 0
3 0.1 0 0 0 0 0 0
4 0.14 0 0 0 0 0 0
5 0.18 0 0 0 0 0 0
6 0.22 0 0 0 0 0 0
7 0.26 0 0 0 0 0 0
8 0.3 0 0 0 0 0 0
9 0.34 0 0 0 0 0 0
10 0.38 0 0 0 0 0 0
11 0.42 0 0 0 0 0 0
12 0.46 0 0 0 0 0 0
13 0.5 0 0 0 0 0 0
14 0.54 0 0 0 0 0 0
15 0.58 0 0 0 0 0 0
16 0.62 0 0 0 0 0 0
17 0.66 0 0 0 0 0 0
18 0.7 0 0 0 0 0 0
19 0.74 0 0 0 0 0 0
20 0.78 0 0 0 0 0 0
21 0.82 0 0 0 0 0 0
22 0.86 0 0 0 0 0 0
23 0.9 0 0 0 0 0 0
24 0.94 0 0 0 0 0 0
25 0.98 0 0 0 0 0 0
26 1.02 0 0 0 0 0 0
27 1.06 0 0 0 0 0 0
28 1.1 0 0 0 0 0 0
29 1.14 0 0 0 0 0 0
30 1.18 0 0 0 0 0 0
31 1.22 0 0 0 0 0 0
32 1.26 0 0 0 0 0 0
33 1.3 0 0 0 0 0 0
34 1.34 0 0 0 0 0 0
35 1.38 0 0 0 0 0 0
36 1.42 0 0 0 0 0 0
37 1.46 0 0 0 0 0 0
38 1.5 0 0 0 0 0 0
39 1.54 0 0 0 0 0 0
40 1.58 0 0 0 0 0 0
41 1.62 0 0 0 0 0 0
42 1.66 0 0 0 0 0.0878549 0.000385976
43 1.7 0 0 0 0 5.08823 0.023834
44 1.74 0 0 0 0 49.5755 0.263171
45 1.78 0 0 0 0 129.569 0.917787
46 1.82 0 0 0 0 152.753 1.72461
47 1.86 0 0 0 0 107.09 2.31537
48 1.9 0 0 0 0 55.8824 2.63705
49 1.94 0 0 0 0 25.6408 2.79093
50 1.98 0 0 0 0 11.3298 2.86176
51 2.02 0 0 0 0 5.38356 2.89678
52 2.06 0 0 0 0 3.07545 2.91759
53 2.1 0 0 0 0 1.63295 2.92908
54 2.14 0 0 0.000259275 1.89394e-06 0.920571 2.9358
55 2.18 0 0 0.00149961 1.32576e-05 0.568776 2.94011
56 2.22 0 0 0.00747153 7.19697e-05 0.413403 2.94336
57 2.26 0 0 0.0376721 0.000378788 0.304099 2.94583
58 2.3 0 0 0.119449 0.00138636 0.240233 2.94786
59 2.34 0 0 0.311065 0.00410227 0.276286 2.95027
60 2.38 0.00084833 7.57576e-06 0.673741 0.0101875 0.242162 2.95246
61 2.42 0.00266729 3.2197e-05 1.20269 0.0214186 0.337556 2.95561
62 2.46 0.0238255 0.00025947 1.78609 0.0386534 0.373323 2.95922
63 2.5 0.0776673 0.00102462 2.27253 0.0613011 0.513161 2.96433
64 2.54 0.222926 0.00329167 2.67651 0.0888352 0.584683 2.97034
65 2.58 0.485382 0.00838447 2.78366 0.118381 0.842493 2.97929
66 2.62 0.880781 0.0179148 2.77236 0.148725 1.06086 2.9909
67 2.66 1.38363 0.0333466 2.57159 0.177739 1.35133 3.00614
68 2.7 1.88075 0.0549583 2.31818 0.204686 1.43611 3.02284
69 2.74 2.32764 0.0825038 2.03631 0.229063 1.373 3.03927
70 2.78 2.64825 0.114765 1.81738 0.251458 1.1667 3.05365
71 2.82 2.75059 0.149244 1.53571 0.270932 0.97404 3.066
72 2.86 2.69535 0.183996 1.35192 0.288564 0.924799 3.07806
73 2.9 2.56751 0.218032 1.19724 0.304619 0.923427 3.09045
74 2.94 2.33464 0.249841 1.04135 0.318972 0.814496 3.10167
75 2.98 2.05604 0.278621 0.92744 0.332104 0.790466 3.11287
76 3.02 1.78075 0.304222 0.846776 0.344419 0.928921 3.12638
77 3.06 1.59411 0.32775 0.748544 0.355595 0.97585 3.14095
78 3.1 1.37495 0.348578 0.699931 0.36632 1.12093 3.15812
79 3.14 1.21243 0.36742 0.660169 0.376699 1.12934 3.17588
80 3.18 1.05938 0.384307 0.620296 0.386701 1.22277 3.19559
81 3.22 0.950253 0.399837 0.591578 0.396481 1.27238 3.21663
82 3.26 0.85336 0.414133 0.56709 0.406091 1.42927 3.24085
83 3.3 0.784361 0.427597 0.548951 0.415623 1.62824 3.26912
84 3.34 0.711083 0.4401 0.542485 0.425273 1.89505 3.30283
85 3.38 0.677309 0.452297 0.547084 0.435239 1.97224 3.33876
86 3.42 0.630949 0.46393 0.553856 0.445568 2.35929 3.38276
87 3.46 0.611729 0.475473 0.548668 0.456042 2.6286 3.43294
88 3.5 0.610083 0.487254 0.569071 0.467157 3.06121 3.49273
89 3.54 0.626767 0.499634 0.593153 0.479009 3.45924 3.56185
90 3.58 0.613316 0.512025 0.590631 0.49108 3.87971 3.64114
91 3.62 0.624496 0.524924 0.602391 0.503667 4.23933 3.72972
92 3.66 0.646167 0.538568 0.626274 0.517044 4.54017 3.8267
93 3.7 0.685816 0.553367 0.639179 0.530996 4.90084 3.93368
94 3.74 0.698196 0.568761 0.670675 0.545955 4.86293 4.04214
95 3.78 0.755738 0.585782 0.702857 0.561968 4.91583 4.15413
96 3.82 0.761971 0.603309 0.717273 0.578657 5.1714 4.27446
97 3.86 0.820052 0.622568 0.764982 0.596831 5.40463 4.40286
98 3.9 0.843448 0.64279 0.771395 0.61554 5.28501 4.53104
99 3.94 0.898465 0.664775 0.804932 0.635464 5.10686 4.65745
100 3.98 0.944442 0.688356 0.827832 0.656373 4.92317 4.78179
101 4.02 0.98894 0.713547 0.854801 0.6784 4.60727 4.90051
102 4.06 1.00374 0.739627 0.85656 0.700913 4.36273 5.01518
103 4.1 1.01684 0.76657 0.867698 0.72417 4.24684 5.12901
104 4.14 1.03017 0.794402 0.879562 0.748208 4.32405 5.24719
105 4.18 1.00958 0.822206 0.881237 0.772759 4.28781 5.36665
106 4.22 0.990327 0.850006 0.904956 0.798456 4.25793 5.48755
107 4.26 0.962354 0.877534 0.938902 0.825625 4.60077 5.62068
108 4.3 0.957266 0.905434 0.961084 0.85396 4.6683 5.75831
109 4.34 0.927007 0.932956 0.979965 0.883392 5.04956 5.90997
110 4.38 0.877398 0.959489 1.01254 0.914366 5.45196 6.07674
111 4.42 0.871495 0.986326 1.05504 0.947231 5.67687 6.25359
112 4.46 0.857557 1.01321 1.09149 0.98185 5.82599 6.43837
113 4.5 0.867779 1.04091 1.10561 1.01755 6.18313 6.63802
114 4.54 0.856168 1.06873 1.13238 1.05477 6.38588 6.84789
115 4.58 0.856112 1.09704 1.12202 1.09229 6.67486 7.07115
116 4.62 0.878511 1.12659 1.12827 1.13069 6.8055 7.30277
117 4.66 0.883578 1.15684 1.11068 1.16915 7.01342 7.54561
118 4.7 0.896126 1.18804 1.0952 1.20773 7.18493 7.79868
119 4.74 0.902775 1.22001 1.06997 1.24606 7.18445 8.05606
120 4.78 0.913395 1.25291 1.04948 1.28429 7.30047 8.32203
121 4.82 0.925755 1.28681 1.0168 1.32196 7.35167 8.59437
122 4.86 0.922128 1.32114 0.988567 1.35919 7.26703 8.86806
123 4.9 0.937366 1.35662 0.970018 1.39633 7.30763 9.14783
124 4.94 0.936769 1.39265 0.95841 1.43362 7.5304 9.44085
125 4.98 0.926915 1.42888 0.942167 1.47088 7.53513 9.73882
126 5.02 0.930848 1.46586 0.923823 1.508 7.38273 10.0355
127 5.06 0.923182 1.50312 0.928343 1.5459 7.33424 10.3349
128 5.1 0.918687 1.54078 0.914244 1.58382 7.34682 10.6396
129 5.14 0.905947 1.57851 0.907175 1.62203 7.14745 10.9407
130 5.18 0.904731 1.61677 0.888435 1.66004 7.13063 11.2458
131 5.22 0.902288 1.65553 0.860229 1.69742 6.77895 11.5403
132 5.26 0.89322 1.69448 0.864491 1.73556 6.60626 11.8317
133 5.3 0.869994 1.733 0.845741 1.77344 6.3418 12.1158
134 5.34 0.858276 1.77158 0.820917 1.81076 6.07595 12.3921
135 5.38 0.844227 1.8101 0.806708 1.84799 5.86114 12.6626
136 5.42 0.831038 1.84858 0.787241 1.88487 5.7427 12.9316
137 5.46 0.820118 1.88712 0.779133 1.92191 5.57902 13.1968
138 5.5 0.801082 1.92531 0.765683 1.95884 5.39015 13.4567
139 5.54 0.795271 1.96379 0.749051 1.99549 5.32179 13.7172
140 5.58 0.782983 2.00222 0.737898 2.03213 5.28784 13.9797
141 5.62 0.772298 2.04066 0.720281 2.0684 5.30615 14.2469
142 5.66 0.763333 2.07921 0.714179 2.10488 5.1728 14.5112
143 5.7 0.750809 2.11766 0.703351 2.14132 5.1278 14.7768
144 5.74 0.744464 2.15632 0.687418 2.17744 4.97823 15.0383
145 5.78 0.729595 2.19474 0.682702 2.2138 4.97656 15.3034
146 5.82 0.7384 2.23417 0.683697 2.25073 5.17816 15.5831
147 5.86 0.720897 2.27319 0.671416 2.28749 5.17936 15.8667
148 5.9 0.729831 2.31323 0.674899 2.32495 5.18761 16.1546
149 5.94 0.732905 2.354 0.669075 2.36259 5.17234 16.4456
150 5.98 0.729554 2.39512 0.68347 2.40157 5.35943 16.7512
151 6.02 0.726353 2.43661 0.676089 2.44063 5.40981 17.0638
152 6.06 0.737574 2.47931 0.686761 2.48085 5.57867 17.3905
153 6.1 0.724866 2.52182 0.683784 2.52142 5.82126 17.7359
154 6.14 0.735084 2.5655 0.695351 2.56322 5.89442 18.0902
155 6.18 0.7284 2.60935 0.700219 2.60586 5.88117 18.4484
156 6.22 0.741614 2.65458 0.706992 2.64947 6.02168 18.8198
157 6.26 0.736729 2.70009 0.714172 2.6941 6.13954 19.2035
158 6.3 0.729648 2.74573 0.7268 2.74009 6.24836 19.5989
159 6.34 0.732064 2.79212 0.741743 2.78763 6.31373 20.0036
160 6.38 0.738146 2.83948 0.751467 2.83641 6.49209 20.4249
161 6.42 0.744922 2.88787 0.762994 2.88655 6.49361 20.8517
162 6.46 0.740389 2.93658 0.772876 2.93798 6.61261 21.2917
163 6.5 0.741092 2.98593 0.786778 2.99098 6.66423 21.7407
164 6.54 0.751491 3.03659 0.804765 3.04587 6.79189 22.2039
165 6.58 0.73572 3.0868 0.80642 3.10154 6.74964 22.6698
166 6.62 0.737609 3.13776 0.819798 3.15883 6.91363 23.1529
167 6.66 0.745567 3.18988 0.826689 3.21729 6.8363 23.6364
168 6.7 0.751279 3.24304 0.825739 3.2764 6.97511 24.1357
169 6.74 0.754081 3.29704 0.847918 3.33782 6.91166 24.6363
170 6.78 0.763191 3.35234 0.85458 3.40045 6.95278 25.146
171 6.82 0.77134 3.40889 0.861902 3.46438 6.9131 25.6587
172 6.86 0.77672 3.46651 0.866521 3.5294 6.8044 26.1693
173 6.9 0.790985 3.52587 0.878009 3.59605 6.89565 26.6927
174 6.94 0.79457 3.58619 0.868432 3.66274 6.86542 27.22
175 6.98 0.800852 3.64769 0.873625 3.73061 6.78656 27.7472
176 7.02 0.816056 3.71108 0.869817 3.79896 6.72086 28.2753
177 7.06 0.812527 3.77492 0.87889 3.86881 6.74208 28.8111
178 7.1 0.817936 3.83991 0.866111 3.93843 6.75597 29.3542
179 7.14 0.813042 3.90524 0.861795 4.00848 6.64486 29.8943
180 7.18 0.812936 3.9713 0.864387 4.07953 6.72009 30.4467
181 7.22 0.821885 4.03883 0.869237 4.15178 6.65827 31.0001
182 7.26 0.819143 4.10689 0.855648 4.2237 6.48785 31.5454
183 7.3 0.823699 4.17608 0.861098 4.29686 6.50175 32.0978
184 7.34 0.829264 4.2465 0.866268 4.37128 6.44343 32.6514
185 7.38 0.824377 4.31727 0.859192 4.4459 6.38415 33.2058
186 7.42 0.831949 4.38947 0.854228 4.52089 6.44189 33.7713
187 7.46 0.830976 4.46237 0.847222 4.59607 6.36754 34.3363
188 7.5 0.833883 4.5363 0.843491 4.67172 6.29479 34.9009
189 7.54 0.832923 4.61094 0.847624 4.74856 6.27008 35.4693
190 7.58 0.8307 4.68617 0.834691 4.82503 6.17561 36.0351
191 7.62 0.838015 4.76287 0.837815 4.90259 6.14394 36.6039
192 7.66 0.833753 4.83998 0.830827 4.98033 6.01844 37.167
193 7.7 0.83184 4.91773 0.830794 5.05887 6.08297 37.7421
194 7.74 0.833113 4.9964 0.827204 5.13788 5.94483 38.3099
195 7.78 0.83906 5.07645 0.815129 5.21655 5.90517 38.8799
196 7.82 0.8348 5.15692 0.814697 5.29599 5.80635 39.446
197 7.86 0.8399 5.23871 0.8155 5.37633 5.69841 40.0074
198 7.9 0.834266 5.32078 0.809454 5.45688 5.7097 40.5756
199 7.94 0.83438 5.40369 0.807289 5.53803 5.63148 41.1417
200 7.98 0.826341 5.48664 0.80612 5.61988 5.65062 41.7154
66000 200
1 0.02 0 0 0 0 0 0
2 0.06 0 0 0 0 0 0
3 0.1 0 0 0 0 0 0
4 0.14 0 0 0 0 0 0
5 0.18 0 0 0 0 0 0
6 0.22 0 0 0 0 0 0
7 0.26 0 0 0 0 0 0
8 0.3 0 0 0 0 0 0
9 0.34 0 0 0 0 0 0
10 0.38 0 0 0 0 0 0
11 0.42 0 0 0 0 0 0
12 0.46 0 0 0 0 0 0
13 0.5 0 0 0 0 0 0
14 0.54 0 0 0 0 0 0
15 0.58 0 0 0 0 0 0
16 0.62 0 0 0 0 0 0
17 0.66 0 0 0 0 0 0
18 0.7 0 0 0 0 0 0
19 0.74 0 0 0 0 0 0
20 0.78 0 0 0 0 0 0
21 0.82 0 0 0 0 0 0
22 0.86 0 0 0 0 0 0
23 0.9 0 0 0 0 0 0
24 0.94 0 0 0 0 0 0
25 0.98 0 0 0 0 0 0
26 1.02 0 0 0 0 0 0
27 1.06 0 0 0 0 0 0
28 1.1 0 0 0 0 0 0
29 1.14 0 0 0 0 0 0
30 1.18 0 0 0 0 0 0
31 1.22 0 0 0 0 0 0
32 1.26 0 0 0 0 0 0
33 1.3 0 0 0 0 0 0
34 1.34 0 0 0 0 0 0
35 1.38 0 0 0 0 0 0
36 1.42 0 0 0 0 0 0
37 1.46 0 0 0 0 0 0
38 1.5 0 0 0 0 0 0
39 1.54 0 0 0 0 0 0
40 1.58 0 0 0 0 0 0
41 1.62 0 0 0 0 0 0
42 1.66 0 0 0 0 0.117089 0.000514635
43 1.7 0 0 0 0 5.26155 0.0247668
44 1.74 0 0 0 0 48.8994 0.260888
45 1.78 0 0 0 0 130.499 0.920328
46 1.82 0 0 0 0 153.173 1.72953
47 1.86 0 0 0 0 105.617 2.31229
48 1.9 0 0 0 0 56.8486 2.63959
49 1.94 0 0 0 0 25.8444 2.79472
50 1.98 0 0 0 0 11.3431 2.86565
51 2.02 0 0 0 0 5.13535 2.89907
52 2.06 0 0 0 0 2.8942 2.91866
53 2.1 0 0 0 0 1.52285 2.92937
54 2.14 0 0 0.000259231 1.89394e-06 0.946803 2.93628
55 2.18 0 0 0.0017494 1.51515e-05 0.534717 2.94033
56 2.22 0 0 0.00746889 7.38636e-05 0.462433 2.94397
57 2.26 0 0 0.0372001 0.000376894 0.272447 2.94619
58 2.3 0 0 0.118303 0.001375 0.335483 2.94902
59 2.34 0 0 0.314247 0.00411932 0.243084 2.95114
60 2.38 0.000424084 3.78788e-06 0.668359 0.0101572 0.270586 2.95359
61 2.42 0.00594818 5.87121e-05 1.19069 0.0212784 0.258268 2.956
62 2.46 0.0206444 0.000255682 1.79181 0.038572 0.376596 2.95963
63 2.5 0.081685 0.00106061 2.27892 0.0612879 0.519506 2.96481
64 2.54 0.223994 0.00333902 2.69419 0.0890095 0.559558 2.97057
65 2.58 0.493045 0.00851326 2.8163 0.118907 0.878655 2.9799
66 2.62 0.848062 0.0176913 2.73943 0.148898 1.0959 2.99189
67 2.66 1.39999 0.0333087 2.58515 0.17807 1.2912 3.00647
68 2.7 1.90426 0.0551951 2.31331 0.204966 1.32514 3.02187
69 2.74 2.34172 0.0829129 2.07149 0.229769 1.42911 3.03898
70 2.78 2.65301 0.115239 1.7978 0.251928 1.203 3.05381
71 2.82 2.7739 0.150017 1.5496 0.271581 1.04995 3.06713
72 2.86 2.68789 0.18468 1.35195 0.289218 0.880216 3.07861
73 2.9 2.55927 0.218614 1.1888 0.305163 0.860905 3.09016
74 2.94 2.32402 0.250284 1.02149 0.319244 0.851675 3.1019
75 2.98 2.02844 0.278684 0.930729 0.332426 0.872086 3.11425
76 3.02 1.80856 0.304689 0.830329 0.344504 0.882293 3.12708
77 3.06 1.57532 0.327945 0.768435 0.355979 0.90677 3.14062
78 3.1 1.34879 0.348381 0.698551 0.366686 1.00738 3.15606
79 3.14 1.21449 0.367259 0.643296 0.376801 1.10662 3.17346
80 3.18 1.07187 0.384348 0.617112 0.386754 1.33819 3.19505
81 3.22 0.950868 0.399892 0.578628 0.396322 1.36549 3.21763
82 3.26 0.850591 0.414144 0.580944 0.406169 1.4176 3.24165
83 3.3 0.770305 0.427369 0.549714 0.415716 1.63898 3.27012
84 3.34 0.71578 0.439958 0.541309 0.425347 1.77532 3.3017
85 3.38 0.678538 0.45218 0.562464 0.435595 2.04247 3.33892
86 3.42 0.638731 0.463958 0.550093 0.445856 2.27089 3.38128
87 3.46 0.627052 0.475794 0.566707 0.456676 2.69878 3.43281
88 3.5 0.609763 0.48757 0.563524 0.467686 3.16433 3.49463
89 3.54 0.601815 0.49946 0.578723 0.479252 3.61949 3.56697
90 3.58 0.612254 0.511831 0.578372 0.491074 3.90413 3.64677
91 3.62 0.629411 0.524835 0.610517 0.503833 4.24923 3.73557
92 3.66 0.654206 0.538652 0.622867 0.51714 4.43241 3.83027
93 3.7 0.675675 0.553235 0.643473 0.531189 4.69947 3.93287
94 3.74 0.701492 0.568705 0.676988 0.546292 5.0032 4.04448
95 3.78 0.742635 0.585434 0.702961 0.562311 5.03056 4.15912
96 3.82 0.775069 0.603265 0.733489 0.579381 5.26574 4.28167
97 3.86 0.823834 0.622617 0.757656 0.597384 5.36429 4.40913
98 3.9 0.865308 0.643367 0.777094 0.616235 5.22567 4.5359
99 3.94 0.918251 0.665841 0.795748 0.635936 5.14347 4.66324
100 3.98 0.935222 0.689197 0.829983 0.656903 4.85592 4.78591
101 4.02 0.976324 0.714072 0.843169 0.678634 4.68869 4.90675
102 4.06 1.00644 0.740227 0.85466 0.701102 4.30436 5.01991
103 4.1 1.02457 0.767381 0.860317 0.724167 4.16199 5.13149
104 4.14 1.01952 0.79493 0.880006 0.748222 4.20548 5.24645
105 4.18 1.01096 0.822778 0.899333 0.773282 4.23968 5.36459
106 4.22 1.0074 0.851063 0.911444 0.799169 4.35783 5.48836
107 4.26 0.975929 0.878985 0.936682 0.826278 4.55869 5.6203
108 4.3 0.925949 0.905977 0.935006 0.85385 4.8222 5.7625
109 4.34 0.925928 0.933473 0.989793 0.883583 5.0143 5.91312
110 4.38 0.897069 0.960606 1.02887 0.915063 5.35834 6.07707
111 4.42 0.864183 0.987223 1.03926 0.947443 5.73767 6.25584
112 4.46 0.857086 1.0141 1.08477 0.981856 5.85219 6.44149
113 4.5 0.857754 1.04149 1.11782 1.01796 5.96377 6.63409
114 4.54 0.862584 1.06952 1.11486 1.0546 6.46578 6.84664
115 4.58 0.853938 1.09776 1.14404 1.09288 6.73986 7.07211
116 4.62 0.886605 1.12759 1.13144 1.13139 6.80789 7.30386
117 4.66 0.886167 1.15793 1.11287 1.16993 7.0602 7.54838
118 4.7 0.881639 1.18864 1.10169 1.20875 7.16058 7.80064
119 4.74 0.894624 1.22033 1.05955 1.24671 7.19288 8.05838
120 4.78 0.917256 1.25337 1.03945 1.28459 7.3008 8.32441
121 4.82 0.925207 1.28726 1.01966 1.32237 7.39448 8.59839
122 4.86 0.924232 1.32167 0.986757 1.35954 7.39026 8.87678
123 4.9 0.93612 1.35711 0.972296 1.39677 7.23312 9.15375
124 4.94 0.93894 1.39323 0.954371 1.43391 7.5098 9.44603
125 4.98 0.932784 1.4297 0.942697 1.4712 7.519 9.74342
126 5.02 0.931947 1.46673 0.941209 1.50903 7.37489 10.0398
127 5.06 0.920178 1.50387 0.91544 1.54641 7.40594 10.3422
128 5.1 0.919702 1.54159 0.917441 1.58447 7.16465 10.6394
129 5.14 0.912126 1.57958 0.904834 1.62259 7.31163 10.9475
130 5.18 0.902616 1.61777 0.892464 1.66078 7.08859 11.2509
131 5.22 0.893864 1.65616 0.880488 1.69905 6.91681 11.5514
132 5.26 0.885748 1.6948 0.856079 1.73682 6.45915 11.8364
133 5.3 0.882949 1.7339 0.845192 1.77468 6.3182 12.1195
134 5.34 0.848662 1.77206 0.822004 1.81207 6.08252 12.3961
135 5.38 0.842191 1.81049 0.797391 1.84888 5.91012 12.6689
136 5.42 0.828747 1.84887 0.791083 1.88594 5.70168 12.9361
137 5.46 0.816368 1.88724 0.772723 1.92268 5.6185 13.2032
138 5.5 0.805566 1.92566 0.7627 1.95947 5.53972 13.4704
139 5.54 0.791861 1.96398 0.750992 1.99623 5.35225 13.7324
140 5.58 0.782672 2.0024 0.736142 2.03279 5.34961 13.9981
141 5.62 0.773013 2.04089 0.729162 2.06952 5.22075 14.261
142 5.66 0.76149 2.07935 0.710327 2.10581 5.0434 14.5187
143 5.7 0.75402 2.11797 0.691038 2.14161 5.01066 14.7784
144 5.74 0.756676 2.15728 0.689114 2.17782 5.11615 15.0472
145 5.78 0.740767 2.19629 0.691984 2.21469 5.03048 15.3152
146 5.82 0.735871 2.23559 0.683694 2.25163 5.06101 15.5886
147 5.86 0.725515 2.27487 0.672317 2.28845 5.0274 15.8639
148 5.9 0.731238 2.315 0.673328 2.32583 5.17326 16.1511
149 5.94 0.728059 2.3555 0.673281 2.36371 5.1924 16.4433
150 5.98 0.723963 2.39632 0.675495 2.40224 5.3172 16.7466
151 6.02 0.73065 2.43806 0.684929 2.44183 5.47605 17.0631
152 6.06 0.726305 2.48011 0.681513 2.48174 5.56761 17.3892
153 6.1 0.729141 2.52289 0.683042 2.52227 5.79625 17.7331
154 6.14 0.728787 2.5662 0.691936 2.56388 5.88571 18.087
155 6.18 0.737842 2.61063 0.698056 2.6064 6.05161 18.4556
156 6.22 0.727237 2.65499 0.711732 2.65031 6.04338 18.8285
157 6.26 0.738238 2.7006 0.72112 2.69538 6.17175 19.2142
158 6.3 0.740573 2.74694 0.726022 2.74134 6.25471 19.6101
159 6.34 0.739505 2.7938 0.742183 2.78891 6.35464 20.0175
160 6.38 0.736048 2.84104 0.74621 2.83735 6.40207 20.4331
161 6.42 0.743549 2.88936 0.766989 2.88777 6.56374 20.8646
162 6.46 0.739005 2.93798 0.771038 2.93909 6.64127 21.3066
163 6.5 0.738521 2.98717 0.791626 2.99243 6.79512 21.7644
164 6.54 0.737633 3.03691 0.795964 3.04672 6.83529 22.2307
165 6.58 0.739737 3.08741 0.814869 3.10299 6.7711 22.6982
166 6.62 0.737075 3.13833 0.814969 3.15995 6.86069 23.1777
167 6.66 0.743714 3.19034 0.839694 3.21935 6.95312 23.6696
168 6.7 0.75878 3.24404 0.83435 3.27908 6.89103 24.1629
169 6.74 0.755222 3.29813 0.841107 3.34002 6.84547 24.6589
170 6.78 0.770588 3.35398 0.852135 3.40249 7.01277 25.173
171 6.82 0.772527 3.41062 0.864384 3.46661 6.88913 25.684
172 6.86 0.778427 3.46838 0.866243 3.53163 6.79104 26.1937
173 6.9 0.796021 3.52813 0.866157 3.59739 6.77611 26.7082
174 6.94 0.794631 3.58847 0.86838 3.66409 6.86109 27.2353
175 6.98 0.805376 3.65033 0.871594 3.73182 6.72761 27.758
176 7.02 0.81565 3.7137 0.869281 3.80014 6.74856 28.2884
177 7.06 0.812873 3.77758 0.868084 3.86914 6.79573 28.8286
178 7.1 0.809074 3.84188 0.867094 3.93885 6.76459 29.3724
179 7.14 0.817093 3.90755 0.870729 4.00965 6.70203 29.9173
180 7.18 0.81985 3.97419 0.867757 4.08099 6.64949 30.464
181 7.22 0.808881 4.04066 0.86282 4.15272 6.57755 31.0109
182 7.26 0.818816 4.1087 0.867688 4.22566 6.52056 31.559
183 7.3 0.822608 4.17782 0.858896 4.29866 6.49399 32.1109
184 7.34 0.825349 4.24792 0.869331 4.37335 6.43165 32.6635
185 7.38 0.829462 4.31914 0.856641 4.44776 6.42062 33.2212
186 7.42 0.832958 4.39145 0.857093 4.52302 6.39296 33.7826
187 7.46 0.828692 4.46415 0.848844 4.59836 6.34456 34.3457
188 7.5 0.833457 4.53807 0.845176 4.67418 6.34225 34.9146
189 7.54 0.831421 4.61259 0.846136 4.7509 6.28228 35.4842
190 7.58 0.830072 4.68778 0.837683 4.82766 6.19616 36.052
191 7.62 0.842069 4.76486 0.829586 4.90448 6.1323 36.6199
192 7.66 0.832148 4.84184 0.824993 4.98168 6.10622 37.1913
193 7.7 0.837649 4.92014 0.823794 5.05957 5.97055 37.7558
194 7.74 0.838921 4.99938 0.829833 5.13886 5.94835 38.3242
195 7.78 0.84149 5.07968 0.820281 5.21804 5.91265 38.8949
196 7.82 0.839582 5.16062 0.817912 5.29781 5.75536 39.4562
197 7.86 0.838253 5.24227 0.815318 5.37814 5.74197 40.022
198 7.9 0.825629 5.32351 0.812371 5.459 5.69884 40.5892
199 7.94 0.825468 5.40555 0.81016 5.54046 5.72284 41.1646
200 7.98 0.829925 5.48887 0.807167 5.62243 5.71088 41.7446
67000 200
1 0.02 0 0 0 0 0 0
2 0.06 0 0 0 0 0 0
3 0.1 0 0 0 0 0 0
4 0.14 0 0 0 0 0 0
5 0.18 0 0 0 0 0 0
6 0.22 0 0 0 0 0 0
7 0.26 0 0 0 0 0 0
8 0.3 0 0 0 0 0 0
9 0.34 0 0 0 0 0 0
10 0.38 0 0 0 0 0 0
11 0.42 0 0 0 0 0 0
12 0.46 0 0 0 0 0 0
13 0.5 0 0 0 0 0 0
14 0.54 0 0 0 0 0 0
15 0.58 0 0 0 0 0 0
16 0.62 0 0 0 0 0 0
17 0.66 0 0 0 0 0 0
18 0.7 0 0 0 0 0 0
19 0.74 0 0 0 0 0 0
20 0.78 0 0 0 0 0 0
21 0.82 0 0 0 0 0 0
22 0.86 0 0 0 0 0 0
23 0.9 0 0 0 0 0 0
24 0.94 0 0 0 0 0 0
25 0.98 0 0 0 0 0 0
26 1.02 0 0 0 0 0 0
27 1.06 0 0 0 0 0 0
28 1.1 0 0 0 0 0 0
29 1.14 0 0 0 0 0 0
30 1.18 0 0 0 0 0 0
31 1.22 0 0 0 0 0 0
32 1.26 0 0 0 0 0 0
33 1.3 0 0 0 0 0 0
34 1.34 0 0 0 0 0 0
35 1.38 0 0 0 0 0 0
36 1.42 0 0 0 0 0 0
37 1.46 0 0 0 0 0 0
38 1.5 0 0 0 0 0 0
39 1.54 0 0 0 0 0 0
40 1.58 0 0 0 0 0 0
41 1.62 0 0 0 0 0 0
42 1.66 0 0 0 0 0.0951204 0.000418141
43 1.7 0 0 0 0 5.19078 0.0243487
44 1.74 0 0 0 0 48.9889 0.260952
45 1.78 0 0 0 0 130.616 0.921132
46 1.82 0 0 0 0 152.781 1.72843
47 1.86 0 0 0 0 107.098 2.31949
48 1.9 0 0 0 0 55.5742 2.63953
49 1.94 0 0 0 0 25.9726 2.79546
50 1.98 0 0 0 0 11.4384 2.867
51 2.02 0 0 0 0 5.25768 2.90122
52 2.06 0 0 0 0 2.86988 2.92065
53 2.1 0 0 0 0 1.51335 2.9313
54 2.14 0 0 0.000259323 1.89394e-06 1.00388 2.93863
55 2.18 0 0 0.00149893 1.32576e-05 0.521853 2.94259
56 2.22 0 0 0.0069863 6.81818e-05 0.364118 2.94545
57 2.26 0 0 0.0323106 0.000331439 0.292127 2.94783
58 2.3 0 0 0.121196 0.00135417 0.323982 2.95056
59 2.34 0 0 0.321343 0.00416098 0.261449 2.95285
60 2.38 0.000212089 1.89394e-06 0.676383 0.0102727 0.291883 2.95548
61 2.42 0.00410188 3.97727e-05 1.18557 0.0213485 0.27889 2.95809
62 2.46 0.0220292 0.00025 1.75395 0.0382803 0.323189 2.96121
63 2.5 0.0768654 0.00100758 2.30901 0.0613011 0.338744 2.96459
64 2.54 0.224879 0.00329545 2.67043 0.0887841 0.55632 2.97031
65 2.58 0.480308 0.00833712 2.82461 0.118777 0.857258 2.97941
66 2.62 0.888644 0.0179564 2.77066 0.149116 1.0222 2.99061
67 2.66 1.36285 0.0331629 2.59368 0.17839 1.40207 3.00643
68 2.7 1.89891 0.0549924 2.31331 0.205292 1.3885 3.02258
69 2.74 2.33835 0.0826761 2.01665 0.229443 1.31867 3.03837
70 2.78 2.63223 0.114756 1.80033 0.251638 1.09837 3.05191
71 2.82 2.73706 0.14908 1.54778 0.271273 1.07254 3.06552
72 2.86 2.75061 0.184559 1.35397 0.288939 0.897295 3.07723
73 2.9 2.60199 0.219066 1.20225 0.305068 0.846352 3.08858
74 2.94 2.2949 0.250347 1.05067 0.319555 0.8188 3.09987
75 2.98 2.04747 0.279019 0.911811 0.332472 0.919591 3.1129
76 3.02 1.78342 0.304669 0.82286 0.344443 0.957272 3.12683
77 3.06 1.5619 0.327731 0.767886 0.355913 0.999192 3.14175
78 3.1 1.37275 0.348534 0.69223 0.366525 0.998745 3.15706
79 3.14 1.2168 0.367453 0.643519 0.376646 1.12887 3.17482
80 3.18 1.07592 0.38461 0.613341 0.38654 1.26814 3.19527
81 3.22 0.950665 0.400153 0.587434 0.396256 1.34184 3.21747
82 3.26 0.839443 0.414222 0.582827 0.406136 1.46282 3.24226
83 3.3 0.770906 0.42746 0.552865 0.415741 1.64977 3.27092
84 3.34 0.721441 0.440152 0.557692 0.425665 1.75686 3.30219
85 3.38 0.678819 0.452381 0.545297 0.435602 1.96088 3.33792
86 3.42 0.648346 0.464339 0.544491 0.445761 2.3876 3.38247
87 3.46 0.60796 0.475816 0.544474 0.456159 2.69318 3.4339
88 3.5 0.617186 0.487739 0.555844 0.467021 3.08131 3.49411
89 3.54 0.617502 0.499941 0.58741 0.478763 3.55275 3.56513
90 3.58 0.60125 0.512093 0.602425 0.49108 3.98351 3.64657
91 3.62 0.621853 0.524943 0.612014 0.503873 4.26834 3.7358
92 3.66 0.641601 0.538496 0.6269 0.517269 4.5082 3.83213
93 3.7 0.676229 0.553095 0.64672 0.531392 4.69548 3.93467
94 3.74 0.710784 0.568773 0.678458 0.54653 4.91132 4.04426
95 3.78 0.73852 0.585413 0.711705 0.562752 5.01539 4.15857
96 3.82 0.774 0.603223 0.718603 0.579479 5.18588 4.27929
97 3.86 0.813259 0.622331 0.773431 0.597862 5.31038 4.4055
98 3.9 0.861652 0.642998 0.765923 0.616445 5.26693 4.53329
99 3.94 0.909388 0.665259 0.78655 0.635922 5.08262 4.65915
100 3.98 0.945793 0.688884 0.814519 0.656504 4.79506 4.78032
101 4.02 0.985478 0.713998 0.849595 0.678405 4.68146 4.901
102 4.06 0.994284 0.739843 0.854041 0.700862 4.438 5.01769
103 4.1 1.01892 0.766852 0.868681 0.724155 4.38417 5.13525
104 4.14 1.0181 0.794369 0.874762 0.748072 4.18226 5.2496
105 4.18 1.02105 0.822502 0.89079 0.7729 4.21912 5.36719
106 4.22 0.996731 0.850492 0.918116 0.798981 4.32296 5.49
107 4.26 0.979025 0.878509 0.944004 0.826309 4.60103 5.62319
108 4.3 0.948423 0.906163 0.949833 0.854324 4.69033 5.76153
109 4.34 0.931145 0.93382 0.994551 0.884206 5.04213 5.91303
110 4.38 0.894313 0.960875 1.01726 0.915337 5.48332 6.08083
111 4.42 0.86836 0.987627 1.04306 0.947843 5.68485 6.25799
112 4.46 0.849358 1.01427 1.08531 0.98228 5.83577 6.44317
113 4.5 0.854251 1.04155 1.11312 1.01824 6.15766 6.64207
114 4.54 0.851677 1.06923 1.10898 1.0547 6.47418 6.85494
115 4.58 0.864748 1.09783 1.11703 1.09208 6.64516 7.07729
116 4.62 0.880336 1.12746 1.14533 1.13107 6.91225 7.31264
117 4.66 0.878508 1.15755 1.11449 1.16968 7.02904 7.55613
118 4.7 0.881561 1.18826 1.09442 1.20824 7.12072 7.80704
119 4.74 0.908278 1.22044 1.07428 1.24674 6.98399 8.05735
120 4.78 0.900291 1.25287 1.03974 1.28464 7.39449 8.32686
121 4.82 0.918446 1.28652 1.01622 1.3223 7.33561 8.59871
122 4.86 0.947625 1.32182 0.98157 1.35928 7.39806 8.87745
123 4.9 0.934019 1.35718 0.981037 1.39686 7.46086 9.1632
124 4.94 0.92575 1.3928 0.964047 1.43439 7.46114 9.45365
125 4.98 0.92188 1.42886 0.941297 1.47163 7.3011 9.74249
126 5.02 0.930936 1.46585 0.924377 1.50878 7.32199 10.0368
127 5.06 0.932459 1.5035 0.926097 1.54661 7.36503 10.3376
128 5.1 0.938113 1.54198 0.916788 1.58465 7.30113 10.6406
129 5.14 0.908977 1.57985 0.912637 1.62311 7.26424 10.9467
130 5.18 0.904931 1.61814 0.885543 1.66101 7.06157 11.249
131 5.22 0.889837 1.65637 0.879392 1.69923 6.83386 11.546
132 5.26 0.883997 1.69494 0.849415 1.73672 6.71503 11.8424
133 5.3 0.879679 1.73391 0.832796 1.77404 6.39082 12.1287
134 5.34 0.861959 1.77266 0.820907 1.81138 6.05498 12.4041
135 5.38 0.838817 1.81095 0.800296 1.84833 5.81207 12.6725
136 5.42 0.830897 1.84944 0.792449 1.88547 5.79111 12.9439
137 5.46 0.815785 1.88779 0.77634 1.92238 5.54693 13.2077
138 5.5 0.802893 1.92609 0.766188 1.95936 5.47855 13.472
139 5.54 0.793453 1.96449 0.744681 1.99581 5.38395 13.7356
140 5.58 0.772937 2.00244 0.74796 2.03296 5.19501 13.9936
141 5.62 0.768893 2.04074 0.726525 2.06957 5.23496 14.2574
142 5.66 0.758592 2.07906 0.71203 2.10595 5.07624 14.5168
143 5.7 0.753525 2.11767 0.684714 2.14144 5.09278 14.7807
144 5.74 0.747507 2.1565 0.693472 2.17789 5.06609 15.047
145 5.78 0.753268 2.19619 0.681669 2.21422 5.03302 15.3152
146 5.82 0.732346 2.2353 0.679973 2.25096 5.01707 15.5863
147 5.86 0.729377 2.2748 0.672279 2.28778 5.03161 15.8619
148 5.9 0.731323 2.31495 0.681373 2.32562 5.14669 16.1477
149 5.94 0.727291 2.35541 0.668324 2.36323 5.173 16.4389
150 5.98 0.72569 2.39633 0.675083 2.40174 5.25627 16.7387
151 6.02 0.72844 2.43796 0.680656 2.44109 5.54329 17.0592
152 6.06 0.727555 2.48009 0.683371 2.48112 5.61476 17.3881
153 6.1 0.733278 2.52312 0.695432 2.5224 5.78687 17.7316
154 6.14 0.725283 2.56624 0.697992 2.56438 5.84221 18.0829
155 6.18 0.728788 2.61013 0.705524 2.60736 6.04929 18.4514
156 6.22 0.738072 2.65516 0.709278 2.65113 6.11504 18.8288
157 6.26 0.736239 2.70066 0.712935 2.6957 6.17457 19.2148
158 6.3 0.738479 2.74688 0.728621 2.74183 6.25029 19.6105
159 6.34 0.744668 2.79408 0.732777 2.78881 6.38591 20.02
160 6.38 0.744949 2.84189 0.756986 2.83797 6.43389 20.4377
161 6.42 0.732226 2.88948 0.752825 2.88746 6.52077 20.8665
162 6.46 0.736428 2.93795 0.778868 2.93931 6.7268 21.3142
163 6.5 0.74152 2.98735 0.781339 2.99197 6.67576 21.7642
164 6.54 0.741351 3.03735 0.798266 3.04643 6.71975 22.2226
165 6.58 0.739023 3.08781 0.813406 3.10261 6.82086 22.6937
166 6.62 0.737298 3.13876 0.822948 3.16014 6.84175 23.172
167 6.66 0.750915 3.19128 0.831163 3.21895 6.82163 23.6547
168 6.7 0.754097 3.24466 0.831635 3.2785 7.01937 24.1573
169 6.74 0.755537 3.29879 0.855172 3.34047 6.90745 24.6579
170 6.78 0.769694 3.35458 0.852598 3.40299 6.93893 25.1667
171 6.82 0.768334 3.41093 0.857331 3.4666 6.87511 25.6768
172 6.86 0.782191 3.46898 0.857582 3.53098 6.81316 26.1882
173 6.9 0.787804 3.52813 0.866294 3.59677 6.73607 26.6998
174 6.94 0.79451 3.58847 0.877511 3.66419 6.82738 27.2243
175 6.98 0.804708 3.65029 0.87538 3.73222 6.84911 27.7566
176 7.02 0.806118 3.71294 0.871095 3.8007 6.74464 28.2868
177 7.06 0.807321 3.77639 0.871257 3.86997 6.75179 28.8237
178 7.1 0.815382 3.84121 0.86302 3.93937 6.72154 29.3642
179 7.14 0.819817 3.90711 0.865233 4.00973 6.70182 29.9092
180 7.18 0.818654 3.97366 0.87333 4.08155 6.57805 30.4501
181 7.22 0.813893 4.04057 0.865957 4.15355 6.61908 31.0005
182 7.26 0.820852 4.10879 0.861577 4.22599 6.57735 31.5535
183 7.3 0.820176 4.17771 0.863235 4.29938 6.60006 32.1146
184 7.34 0.823121 4.24764 0.863792 4.37361 6.5111 32.6741
185 7.38 0.829946 4.31892 0.862323 4.44853 6.39961 33.2301
186 7.42 0.834439 4.39137 0.848261 4.52303 6.35571 33.7883
187 7.46 0.826742 4.46392 0.845506 4.59809 6.35223 34.3522
188 7.5 0.833002 4.53781 0.84394 4.67381 6.30042 34.9176
189 7.54 0.839039 4.61303 0.845141 4.75045 6.24082 35.4835
190 7.58 0.836601 4.68883 0.843622 4.82777 6.17763 36.0497
191 7.62 0.836738 4.76544 0.832925 4.90492 6.18899 36.623
192 7.66 0.831582 4.84239 0.829469 4.98256 6.0764 37.1917
193 7.7 0.836983 4.92064 0.825823 5.06066 6.02364 37.7614
194 7.74 0.834431 4.99947 0.821411 5.13916 5.8875 38.324
195 7.78 0.832995 5.07898 0.820027 5.21834 5.86075 38.8899
196 7.82 0.838204 5.1598 0.813117 5.29765 5.85205 39.4608
197 7.86 0.833757 5.24103 0.824923 5.37895 5.74695 40.0271
198 7.9 0.830475 5.32276 0.813356 5.45992 5.71993 40.5966
199 7.94 0.833482 5.40562 0.802095 5.54059 5.70944 41.1707
200 7.98 0.829825 5.48895 0.803732 5.62223 5.64254 41.7439
68000 200
1 0.02 0 0 0 0 0 0
2 0.06 0 0 0 0 0 0
3 0.1 0 0 0 0 0 0
4 0.14 0 0 0 0 0 0
5 0.18 0 0 0 0 0 0
6 0.22 0 0 0 0 0 0
7 0.26 0 0 0 0 0 0
8 0.3 0 0 0 0 0 0
9 0.34 0 0 0 0 0 0
10 0.38 0 0 0 0 0 0
11 0.42 0 0 0 0 0 0
12 0.46 0 0 0 0 0 0
13 0.5 0 0 0 0 0 0
14 0.54 0 0 0 0 0 0
15 0.58 0 0 0 0 0 0
16 0.62 0 0 0 0 0 0
17 0.66 0 0 0 0 0 0
18 0.7 0 0 0 0 0 0
19 0.74 0 0 0 0 0 0
20 0.78 0 0 0 0 0 0
21 0.82 0 0 0 0 0 0
22 0.86 0 0 0 0 0 0
23 0.9 0 0 0 0 0 0
24 0.94 0 0 0 0 0 0
25 0.98 0 0 0 0 0 0
26 1.02 0 0 0 0 0 0
27 1.06 0 0 0 0 0 0
28 1.1 0 0 0 0 0 0
29 1.14 0 0 0 0 0 0
30 1.18 0 0 0 0 0 0
31 1.22 0 0 0 0 0 0
32 1.26 0 0 0 0 0 0
33 1.3 0 0 0 0 0 0
34 1.34 0 0 0 0 0 0
35 1.38 0 0 0 0 0 0
36 1.42 0 0 0 0 0 0
37 1.46 0 0 0 0 0 0
38 1.5 0 0 0 0 0 0
39 1.54 0 0 0 0 0 0
40 1.58 0 0 0 0 0 0
41 1.62 0 0 0 0 0 0
42 1.66 0 0 0 0 0.0512073 0.000225153
43 1.7 0 0 0 0 5.00149 0.0232872
44 1.74 0 0 0 0 48.6009 0.258057
45 1.78 0 0 0 0 130.785 0.919202
46 1.82 0 0 0 0 153.114 1.7284
47 1.86 0 0 0 0 107.831 2.32361
48 1.9 0 0 0 0 55.8271 2.64516
49 1.94 0 0 0 0 24.8594 2.79444
50 1.98 0 0 0 0 11.4724 2.86619
51 2.02 0 0 0 0 5.3803 2.90122
52 2.06 0 0 0 0 2.76011 2.91991
53 2.1 0 0 0 0 1.52683 2.93065
54 2.14 0 0 0.00103683 7.57576e-06 0.757163 2.93619
55 2.18 0 0 0.0017485 2.08333e-05 0.517521 2.94011
56 2.22 0 0 0.00867101 8.90152e-05 0.441779 2.94358
57 2.26 0 0 0.0376506 0.000395833 0.323662 2.94622
58 2.3 0 0 0.116238 0.00137689 0.23247 2.94818
59 2.34 0 0 0.303291 0.00402652 0.250356 2.95037
60 2.38 0.000212032 1.89394e-06 0.689263 0.0102557 0.220659 2.95236
61 2.42 0.00389568 3.78788e-05 1.17766 0.0212595 0.344235 2.95558
62 2.46 0.0224223 0.000251894 1.76503 0.0383011 0.383107 2.95928
63 2.5 0.0808868 0.00104924 2.33406 0.0615758 0.509648 2.96436
64 2.54 0.214048 0.00322727 2.64016 0.0887519 0.559345 2.97012
65 2.58 0.483113 0.00829924 2.84766 0.118994 0.778364 2.97839
66 2.62 0.878517 0.0178106 2.76864 0.149316 1.18356 2.99135
67 2.66 1.39843 0.0334167 2.58013 0.178443 1.20807 3.00499
68 2.7 1.86283 0.0548352 2.31178 0.205331 1.40759 3.02136
69 2.74 2.36706 0.0828636 2.05725 0.229973 1.39636 3.03808
70 2.78 2.65571 0.115235 1.78144 0.251939 1.1608 3.0524
71 2.82 2.74927 0.149718 1.539 0.271466 1.02418 3.06539
72 2.86 2.67702 0.184254 1.35432 0.28914 0.976016 3.07813
73 2.9 2.55656 0.218165 1.18609 0.305055 0.846198 3.08948
74 2.94 2.33521 0.25 1.03098 0.319273 0.855977 3.10129
75 2.98 2.09675 0.279367 0.918206 0.332282 0.80137 3.11264
76 3.02 1.79668 0.305212 0.828054 0.344331 0.943859 3.12638
77 3.06 1.55265 0.328142 0.760022 0.355686 0.966714 3.14082
78 3.1 1.37576 0.348994 0.70533 0.3665 1.06988 3.15722
79 3.14 1.20148 0.367678 0.64425 0.376634 1.12255 3.17488
80 3.18 1.0698 0.384741 0.625916 0.386733 1.2779 3.1955
81 3.22 0.937878 0.400078 0.592259 0.39653 1.31245 3.21721
82 3.26 0.842351 0.414197 0.583509 0.406424 1.45496 3.24188
83 3.3 0.768793 0.427402 0.55081 0.415994 1.59024 3.26951
84 3.34 0.717659 0.440028 0.543442 0.425667 1.79995 3.30154
85 3.38 0.664827 0.452008 0.533669 0.435394 2.01347 3.33824
86 3.42 0.650185 0.464002 0.552417 0.445703 2.36653 3.38241
87 3.46 0.625609 0.475814 0.553203 0.456269 2.74492 3.43483
88 3.5 0.608943 0.48758 0.565148 0.467314 3.1993 3.49736
89 3.54 0.605607 0.499549 0.583046 0.478972 3.42984 3.56594
90 3.58 0.612201 0.511924 0.598431 0.491208 3.83498 3.64436
91 3.62 0.628619 0.524917 0.599231 0.503737 4.20606 3.73229
92 3.66 0.659237 0.538845 0.624928 0.517093 4.38854 3.82609
93 3.7 0.665764 0.55322 0.643574 0.53115 4.80221 3.93097
94 3.74 0.704568 0.568763 0.679359 0.546311 4.93929 4.0412
95 3.78 0.721754 0.585028 0.702444 0.562324 5.26425 4.16121
96 3.82 0.791809 0.603252 0.731739 0.57936 5.31483 4.28495
97 3.86 0.818843 0.622494 0.75585 0.597328 5.28239 4.41052
98 3.9 0.869004 0.643341 0.780931 0.616278 5.20375 4.5368
99 3.94 0.910469 0.665633 0.79108 0.635871 5.06876 4.66234
100 3.98 0.942599 0.689182 0.819099 0.656572 4.72812 4.78183
101 4.02 0.985459 0.714299 0.843426 0.678318 4.69562 4.90289
102 4.06 1.00052 0.740311 0.858935 0.700907 4.55829 5.02277
103 4.1 1.00881 0.767057 0.870507 0.724254 4.2695 5.13728
104 4.14 1.02535 0.794775 0.881399 0.748356 4.20622 5.2523
105 4.18 1.02143 0.822922 0.888799 0.773133 4.19186 5.36915
106 4.22 1.00681 0.851201 0.912159 0.799049 4.3188 5.49186
107 4.26 0.953582 0.878494 0.915519 0.825557 4.49917 5.62213
108 4.3 0.948521 0.906155 0.974773 0.854313 4.71569 5.76124
109 4.34 0.918749 0.933449 0.986004 0.883943 4.93741 5.90962
110 4.38 0.8894 0.96036 1.01913 0.915136 5.29742 6.07176
111 4.42 0.87227 0.987237 1.05095 0.947894 5.6973 6.24934
112 4.46 0.868829 1.01449 1.09079 0.982511 6.06786 6.44191
113 4.5 0.83732 1.04124 1.10877 1.01833 6.18546 6.64175
114 4.54 0.860152 1.0692 1.12007 1.05517 6.4858 6.85503
115 4.58 0.859963 1.09765 1.13828 1.09326 6.6469 7.07748
116 4.62 0.883897 1.12741 1.12377 1.13153 6.86006 7.3111
117 4.66 0.883167 1.15765 1.1021 1.16971 7.12623 7.55799
118 4.7 0.896955 1.1889 1.09224 1.20821 7.16788 7.81061
119 4.74 0.904757 1.22096 1.06781 1.24648 7.14164 8.06661
120 4.78 0.900399 1.25341 1.04902 1.28473 7.21938 8.32978
121 4.82 0.917513 1.28703 1.02469 1.32271 7.27534 8.59945
122 4.86 0.931502 1.32173 0.988888 1.35997 7.33958 8.87604
123 4.9 0.927158 1.35684 0.974787 1.39731 7.37306 9.15848
124 4.94 0.934889 1.39282 0.963736 1.43484 7.44251 9.44825
125 4.98 0.940122 1.4296 0.944676 1.47221 7.50388 9.74516
126 5.02 0.927726 1.46647 0.92356 1.50935 7.3216 10.0395
127 5.06 0.918557 1.50356 0.912538 1.54662 7.40234 10.3419
128 5.1 0.917824 1.54121 0.915123 1.5846 7.20996 10.6411
129 5.14 0.923639 1.5797 0.904124 1.62271 7.15388 10.9427
130 5.18 0.894972 1.61758 0.895524 1.66105 7.21811 11.2517
131 5.22 0.899731 1.65624 0.870437 1.69889 6.88302 11.5509
132 5.26 0.880284 1.69466 0.84558 1.73621 6.54555 11.8398
133 5.3 0.868628 1.73314 0.848205 1.77423 6.333 12.1236
134 5.34 0.861055 1.77186 0.817894 1.81144 6.08439 12.4005
135 5.38 0.851575 1.81074 0.811601 1.84891 5.91901 12.6738
136 5.42 0.837009 1.84952 0.782897 1.88561 5.76677 12.9441
137 5.46 0.823178 1.88822 0.786519 1.92302 5.58994 13.2099
138 5.5 0.796482 1.92622 0.76582 1.95998 5.55624 13.4781
139 5.54 0.792612 1.96459 0.75074 1.99674 5.28514 13.7369
140 5.58 0.783794 2.00308 0.736164 2.03331 5.23554 13.997
141 5.62 0.774503 2.04166 0.720612 2.06962 5.18809 14.2584
142 5.66 0.761421 2.08013 0.704089 2.10561 5.05461 14.5168
143 5.7 0.750254 2.11858 0.699209 2.14185 5.08568 14.7804
144 5.74 0.742422 2.15716 0.694904 2.17838 5.05177 15.0459
145 5.78 0.743936 2.19636 0.687096 2.215 4.96157 15.3104
146 5.82 0.740303 2.23591 0.679716 2.25174 5.14833 15.5886
147 5.86 0.728133 2.27534 0.670261 2.28846 5.1094 15.8685
148 5.9 0.730023 2.31542 0.675049 2.32595 5.12666 16.1533
149 5.94 0.714405 2.35518 0.677932 2.36411 5.19669 16.4458
150 5.98 0.730971 2.39641 0.676129 2.40269 5.36587 16.7519
151 6.02 0.72944 2.4381 0.669859 2.44142 5.37491 17.0627
152 6.06 0.727298 2.48022 0.676174 2.48104 5.60228 17.391
153 6.1 0.730539 2.5231 0.686126 2.52177 5.70079 17.7294
154 6.14 0.729301 2.56646 0.697148 2.5637 5.92785 18.0859
155 6.18 0.735549 2.61077 0.703539 2.60657 6.06777 18.4557
156 6.22 0.729532 2.65528 0.711794 2.65051 6.13692 18.8345
157 6.26 0.737828 2.70088 0.709541 2.69487 6.21875 19.2233
158 6.3 0.745887 2.74758 0.729243 2.74105 6.24162 19.6185
159 6.34 0.731067 2.79392 0.741156 2.78858 6.36825 20.0269
160 6.38 0.737122 2.84124 0.753853 2.83753 6.40602 20.4429
161 6.42 0.743349 2.88957 0.761596 2.88761 6.41449 20.8647
162 6.46 0.746084 2.93867 0.774211 2.93916 6.52951 21.2995
163 6.5 0.740909 2.98804 0.788229 2.99229 6.77388 21.7561
164 6.54 0.746024 3.03837 0.804456 3.04719 6.83267 22.2224
165 6.58 0.73418 3.0885 0.814336 3.10344 6.88069 22.6977
166 6.62 0.743419 3.13989 0.81506 3.16043 6.8355 23.1756
167 6.66 0.739065 3.19159 0.822536 3.21864 6.97136 23.6689
168 6.7 0.755038 3.24505 0.848946 3.27944 6.8758 24.1614
169 6.74 0.7525 3.29896 0.853899 3.34133 7.00168 24.6688
170 6.78 0.767027 3.35457 0.850696 3.40372 6.85747 25.1718
171 6.82 0.771816 3.41119 0.856341 3.46727 6.88518 25.6827
172 6.86 0.784812 3.46944 0.865403 3.53224 6.84412 26.1966
173 6.9 0.782574 3.5282 0.87395 3.59863 6.76837 26.7107
174 6.94 0.794523 3.58856 0.871127 3.66556 6.88313 27.2396
175 6.98 0.803707 3.65032 0.86602 3.73288 6.75688 27.7648
176 7.02 0.801591 3.71262 0.867259 3.80107 6.76559 28.2968
177 7.06 0.818313 3.77695 0.874393 3.8706 6.68633 28.8285
178 7.1 0.818456 3.84202 0.87135 3.94068 6.75476 29.3717
179 7.14 0.812373 3.90734 0.863034 4.01088 6.62355 29.9105
180 7.18 0.811686 3.97334 0.859501 4.08157 6.63402 30.4561
181 7.22 0.820225 4.04077 0.871411 4.15404 6.67636 31.0114
182 7.26 0.822513 4.10915 0.859922 4.22636 6.48096 31.5564
183 7.3 0.82008 4.17807 0.868233 4.30017 6.50964 32.1098
184 7.34 0.824496 4.24813 0.862584 4.37432 6.46284 32.6653
185 7.38 0.827157 4.31918 0.84853 4.44805 6.45072 33.2259
186 7.42 0.835101 4.3917 0.855469 4.5232 6.46263 33.7935
187 7.46 0.829644 4.46452 0.846491 4.59835 6.39135 34.361
188 7.5 0.830467 4.5382 0.847658 4.67443 6.23625 34.9207
189 7.54 0.837858 4.61332 0.846141 4.75117 6.25573 35.4881
190 7.58 0.839553 4.6894 0.840209 4.8282 6.26182 36.0621
191 7.62 0.83465 4.76584 0.834337 4.90549 6.02543 36.6203
192 7.66 0.834571 4.84307 0.82951 4.98314 6.07742 37.1892
193 7.7 0.837853 4.92142 0.824657 5.06115 6.06985 37.7634
194 7.74 0.83645 5.00045 0.827173 5.14021 5.91541 38.3288
195 7.78 0.838009 5.08045 0.817846 5.21919 5.79046 38.888
196 7.82 0.830323 5.16053 0.804203 5.29765 5.84049 39.4578
197 7.86 0.829824 5.24139 0.817059 5.37818 5.76913 40.0264
198 7.9 0.83568 5.32365 0.806219 5.45846 5.76383 40.6004
199 7.94 0.830843 5.40626 0.805215 5.53945 5.78937 41.1827
200 7.98 0.832021 5.48982 0.805346 5.62127 5.60041 41.7517
69000 200
1 0.02 0 0 0 0 0 0
2 0.06 0 0 0 0 0 0
3 0.1 0 0 0 0 0 0
4 0.14 0 0 0 0 0 0
5 0.18 0 0 0 0 0 0
6 0.22 0 0 0 0 0 0
7 0.26 0 0 0 0 0 0
8 0.3 0 0 0 0 0 0
9 0.34 0 0 0 0 0 0
10 0.38 0 0 0 0 0 0
11 0.42 0 0 0 0 0 0
12 0.46 0 0 0 0 0 0
13 0.5 0 0 0 0 0 0
14 0.54 0 0 0 0 0 0
15 0.58 0 0 0 0 0 0
16 0.62 0 0 0 0 0 0
17 0.66 0 0 0 0 0 0
18 0.7 0 0 0 0 0 0
19 0.74 0 0 0 0 0 0
20 0.78 0 0 0 0 0 0
21 0.82 0 0 0 0 0 0
22 0.86 0 0 0 0 0 0
23 0.9 0 0 0 0 0 0
24 0.94 0 0 0 0 0 0
25 0.98 0 0 0 0 0 0
26 1.02 0 0 0 0 0 0
27 1.06 0 0 0 0 0 0
28 1.1 0 0 0 0 0 0
29 1.14 0 0 0 0 0 0
30 1.18 0 0 0 0 0 0
31 1.22 0 0 0 0 0 0
32 1.26 0 0 0 0 0 0
33 1.3 0 0 0 0 0 0
34 1.34 0 0 0 0 0 0
35 1.38 0 0 0 0 0 0
36 1.42 0 0 0 0 0 0
37 1.46 0 0 0 0 0 0
38 1.5 0 0 0 0 0 0
39 1.54 0 0 0 0 0 0
40 1.58 0 0 0 0 0 0
41 1.62 0 0 0 0 0 0
42 1.66 0 0 0 0 0.0585132 0.000257317
43 1.7 0 0 0 0 5.23768 0.024413
44 1.74 0 0 0 0 47.8195 0.255452
45 1.78 0 0 0 0 131.486 0.920264
46 1.82 0 0 0 0 155.221 1.74075
47 1.86 0 0 0 0 106.052 2.32625
48 1.9 0 0 0 0 55.1465 2.64394
49 1.94 0 0 0 0 25.401 2.79649
50 1.98 0 0 0 0 11.2801 2.86706
51 2.02 0 0 0 0 5.32994 2.90177
52 2.06 0 0 0 0 2.63609 2.91962
53 2.1 0 0 0 0 1.47169 2.92998
54 2.14 0 0 0.000259175 1.89394e-06 0.87585 2.93638
55 2.18 0 0 0.0022477 1.89394e-05 0.614984 2.94104
56 2.22 0 0 0.00577923 6.43939e-05 0.376249 2.944
57 2.26 0 0 0.0341587 0.000342803 0.315701 2.94657
58 2.3 0 0 0.119581 0.00135227 0.266714 2.94883
59 2.34 0 0 0.301069 0.00398295 0.242956 2.95095
60 2.38 0.000423888 3.78788e-06 0.682849 0.0101553 0.220618 2.95294
61 2.42 0.00410025 4.16667e-05 1.20054 0.021375 0.292544 2.95568
62 2.46 0.0218233 0.00025 1.74705 0.0382462 0.336392 2.95893
63 2.5 0.0772235 0.00101136 2.32679 0.0614527 0.435379 2.96327
64 2.54 0.217541 0.00322538 2.66046 0.0888428 0.634214 2.9698
65 2.58 0.49691 0.00844318 2.85336 0.119152 0.844847 2.97877
66 2.62 0.895669 0.018142 2.77848 0.149587 1.10407 2.99087
67 2.66 1.36406 0.0333674 2.57277 0.178636 1.15372 3.00389
68 2.7 1.90167 0.0552367 2.32876 0.205727 1.5041 3.02139
69 2.74 2.32009 0.082714 2.02746 0.230017 1.40681 3.03824
70 2.78 2.64077 0.114909 1.77926 0.25196 1.12148 3.05207
71 2.82 2.77744 0.149752 1.55841 0.271737 1.0468 3.06536
72 2.86 2.71806 0.184824 1.36727 0.289583 0.847695 3.07642
73 2.9 2.55708 0.218748 1.16667 0.305241 0.961074 3.08932
74 2.94 2.33019 0.250521 1.02379 0.319362 0.897801 3.1017
75 2.98 2.07526 0.279593 0.920303 0.332403 0.885207 3.11425
76 3.02 1.76607 0.305002 0.824644 0.344405 0.945886 3.12802
77 3.06 1.56915 0.32818 0.755951 0.355701 1.03111 3.14342
78 3.1 1.37825 0.349074 0.686428 0.366227 0.983687 3.15851
79 3.14 1.1959 0.367674 0.651111 0.376472 1.0978 3.17578
80 3.18 1.05203 0.384456 0.613356 0.386369 1.2657 3.1962
81 3.22 0.943838 0.399894 0.587798 0.396095 1.35498 3.21862
82 3.26 0.854731 0.414223 0.580498 0.405939 1.46038 3.24339
83 3.3 0.770964 0.427468 0.567272 0.415797 1.55847 3.27047
84 3.34 0.733129 0.440369 0.545042 0.4255 1.77251 3.30203
85 3.38 0.672793 0.452494 0.547903 0.435489 1.99017 3.33831
86 3.42 0.632922 0.464172 0.548965 0.445735 2.4195 3.38347
87 3.46 0.614158 0.475771 0.551909 0.456278 2.76123 3.43622
88 3.5 0.609121 0.487542 0.560682 0.467239 3.02922 3.49543
89 3.54 0.604728 0.499496 0.586252 0.478962 3.51606 3.56574
90 3.58 0.621548 0.512063 0.589893 0.491027 3.85155 3.64452
91 3.62 0.629694 0.52508 0.599119 0.503555 4.24065 3.73319
92 3.66 0.649078 0.538795 0.641381 0.517265 4.38923 3.82702
93 3.7 0.678178 0.553441 0.632184 0.531076 4.66732 3.92898
94 3.74 0.704519 0.568987 0.677704 0.546203 4.9816 4.04017
95 3.78 0.729434 0.585428 0.715352 0.562513 5.33095 4.16172
96 3.82 0.782529 0.603441 0.739248 0.579727 5.126 4.28109
97 3.86 0.820463 0.622725 0.76184 0.597841 5.16234 4.40383
98 3.9 0.864341 0.643464 0.777584 0.616714 5.24915 4.53123
99 3.94 0.889341 0.665242 0.79116 0.636313 5.06132 4.65661
100 3.98 0.946361 0.68889 0.824639 0.657157 4.83157 4.77874
101 4.02 0.981262 0.713905 0.84349 0.678909 4.75335 4.90132
102 4.06 1.0114 0.740205 0.85568 0.701417 4.48285 5.01923
103 4.1 1.01469 0.767112 0.862436 0.724551 4.33224 5.13545
104 4.14 1.02271 0.794763 0.882547 0.748689 4.27365 5.25233
105 4.18 1.01965 0.822867 0.891146 0.773536 4.22222 5.37005
106 4.22 0.997583 0.850892 0.915919 0.799564 4.33953 5.49337
107 4.26 0.969215 0.878638 0.92738 0.82642 4.43835 5.6219
108 4.3 0.936916 0.905966 0.951352 0.854491 4.74315 5.76185
109 4.34 0.920871 0.933328 0.977058 0.883858 5.0863 5.91473
110 4.38 0.901625 0.960614 1.03409 0.915515 5.2565 6.07565
111 4.42 0.866514 0.987318 1.04985 0.948244 5.70757 6.25359
112 4.46 0.857922 1.01424 1.08677 0.982741 5.91775 6.44143
113 4.5 0.860702 1.04173 1.10311 1.01839 6.24802 6.64333
114 4.54 0.858533 1.06965 1.10944 1.05488 6.47579 6.85632
115 4.58 0.864263 1.09825 1.13298 1.0928 6.66489 7.07941
116 4.62 0.866636 1.12743 1.13491 1.13146 6.9428 7.31589
117 4.66 0.892124 1.15799 1.10321 1.16969 6.86684 7.55384
118 4.7 0.890917 1.18903 1.09241 1.20819 7.09446 7.80392
119 4.74 0.894487 1.22073 1.0694 1.24653 7.14298 8.06002
120 4.78 0.911527 1.25359 1.0361 1.28431 7.14039 8.32036
121 4.82 0.922096 1.28738 1.02322 1.32224 7.3538 8.59299
122 4.86 0.922735 1.32176 0.981717 1.35925 7.35103 8.87005
123 4.9 0.936735 1.35724 0.974012 1.39656 7.47325 9.15638
124 4.94 0.935597 1.39326 0.967931 1.43426 7.44111 9.44616
125 4.98 0.930554 1.42966 0.94699 1.47173 7.46266 9.74149
126 5.02 0.918402 1.46617 0.935727 1.50936 7.35779 10.0374
127 5.06 0.924527 1.50352 0.919924 1.54695 7.38994 10.3393
128 5.1 0.926193 1.54152 0.914266 1.5849 7.33955 10.6439
129 5.14 0.898653 1.57897 0.894745 1.62262 7.28377 10.951
130 5.18 0.908139 1.61741 0.892482 1.66083 7.01922 11.2516
131 5.22 0.895906 1.65592 0.878071 1.69901 6.87801 11.5506
132 5.26 0.885847 1.69458 0.85859 1.73692 6.5924 11.8417
133 5.3 0.871115 1.73318 0.838115 1.77449 6.3017 12.1242
134 5.34 0.864219 1.77206 0.825772 1.81206 5.99486 12.3969
135 5.38 0.845774 1.81067 0.80616 1.8493 5.93739 12.6712
136 5.42 0.83387 1.84932 0.785254 1.88611 5.69501 12.9381
137 5.46 0.827573 1.88823 0.781912 1.9233 5.70992 13.2098
138 5.5 0.808874 1.92683 0.759909 1.95999 5.44593 13.4727
139 5.54 0.796022 1.96537 0.742749 1.99636 5.29991 13.7322
140 5.58 0.781838 2.00377 0.738276 2.03305 5.32454 13.9968
141 5.62 0.767135 2.042 0.723408 2.06951 5.09714 14.2537
142 5.66 0.764951 2.08065 0.714701 2.10604 5.23174 14.5211
143 5.7 0.744682 2.11882 0.70865 2.14278 5.0562 14.7833
144 5.74 0.747787 2.15769 0.68357 2.17872 4.9933 15.0458
145 5.78 0.744982 2.19695 0.685687 2.21528 5.02518 15.3137
146 5.82 0.72751 2.23582 0.679764 2.25202 5.04027 15.5861
147 5.86 0.734221 2.27559 0.678811 2.28922 5.08027 15.8645
148 5.9 0.726712 2.3155 0.675058 2.32671 5.17086 16.1518
149 5.94 0.724648 2.35583 0.670304 2.36445 5.29397 16.4498
150 5.98 0.726501 2.39681 0.670064 2.40269 5.37556 16.7566
151 6.02 0.724566 2.43824 0.6716 2.44153 5.46678 17.0727
152 6.06 0.72824 2.48042 0.685129 2.48168 5.47005 17.3933
153 6.1 0.724304 2.52294 0.684562 2.52233 5.73657 17.7339
154 6.14 0.72945 2.56632 0.698214 2.56433 5.79145 18.0823
155 6.18 0.728997 2.61024 0.708565 2.60752 6.02758 18.4497
156 6.22 0.728187 2.65468 0.697332 2.65057 6.1014 18.8263
157 6.26 0.739836 2.70042 0.717979 2.69546 6.20472 19.2143
158 6.3 0.741601 2.74685 0.731619 2.7418 6.36284 19.6173
159 6.34 0.741473 2.79386 0.745712 2.78963 6.3154 20.0224
160 6.38 0.745508 2.84173 0.745779 2.83807 6.43452 20.4404
161 6.42 0.744957 2.89017 0.761569 2.88816 6.51696 20.869
162 6.46 0.739414 2.93884 0.774493 2.93974 6.52828 21.3037
163 6.5 0.736166 2.98791 0.780384 2.99235 6.74016 21.7582
164 6.54 0.736312 3.03759 0.801168 3.04703 6.62354 22.2102
165 6.58 0.741223 3.08821 0.80985 3.10299 6.83378 22.6824
166 6.62 0.742265 3.13953 0.819215 3.16028 6.92715 23.1668
167 6.66 0.738873 3.19123 0.826154 3.21875 6.92644 23.6571
168 6.7 0.747862 3.24419 0.845058 3.27929 6.99665 24.1583
169 6.74 0.760103 3.29866 0.848592 3.3408 6.88145 24.6571
170 6.78 0.767065 3.35428 0.851699 3.40328 6.99166 25.17
171 6.82 0.777506 3.41133 0.85858 3.467 6.83319 25.6771
172 6.86 0.788287 3.46984 0.860626 3.53163 6.80128 26.1879
173 6.9 0.788732 3.52908 0.870695 3.59778 6.80225 26.7047
174 6.94 0.792629 3.5893 0.867047 3.66442 6.84668 27.2309
175 6.98 0.804394 3.65112 0.871143 3.73215 6.82263 27.7613
176 7.02 0.804535 3.71367 0.875597 3.801 6.78806 28.2951
177 7.06 0.8177 3.77796 0.870442 3.87023 6.65231 28.8242
178 7.1 0.804608 3.84195 0.8746 3.94059 6.7787 29.3695
179 7.14 0.818862 3.9078 0.865503 4.011 6.665 29.9117
180 7.18 0.821759 3.97463 0.865004 4.08216 6.59251 30.454
181 7.22 0.820348 4.04208 0.863711 4.154 6.64803 31.007
182 7.26 0.828918 4.111 0.863544 4.22663 6.53484 31.5567
183 7.3 0.812425 4.1793 0.864973 4.30019 6.46833 32.1067
184 7.34 0.833054 4.2501 0.862709 4.37436 6.50726 32.6662
185 7.38 0.821491 4.32068 0.852665 4.44846 6.50686 33.2317
186 7.42 0.830518 4.39281 0.851925 4.52331 6.40359 33.7943
187 7.46 0.827719 4.46547 0.851322 4.59891 6.34884 34.3581
188 7.5 0.833362 4.53942 0.849924 4.6752 6.27666 34.9215
189 7.54 0.841841 4.61492 0.844398 4.75181 6.27512 35.4908
190 7.58 0.826753 4.68985 0.838979 4.82873 6.22906 36.0619
191 7.62 0.831577 4.76602 0.835835 4.90617 6.06525 36.6239
192 7.66 0.835295 4.84334 0.830992 4.98398 6.00071 37.1857
193 7.7 0.833262 4.92127 0.827346 5.06226 6.03814 37.757
194 7.74 0.836695 5.00034 0.823234 5.14096 5.9153 38.3225
195 7.78 0.829582 5.07955 0.814045 5.21958 5.93923 38.8961
196 7.82 0.833994 5.16 0.815386 5.29915 5.81502 39.4636
197 7.86 0.83647 5.24152 0.809989 5.379 5.78404 40.0338
198 7.9 0.836428 5.32387 0.81723 5.46039 5.72917 40.6044
199 7.94 0.841523 5.40756 0.800997 5.54097 5.70067 41.1779
200 7.98 0.826416 5.49057 0.804747 5.62275 5.68703 41.7558
70000 200
1 0.02 0 0 0 0 0 0
2 0.06 0 0 0 0 0 0
3 0.1 0 0 0 0 0 0
4 0.14 0 0 0 0 0 0
5 0.18 0 0 0 0 0 0
6 0.22 0 0 0 0 0 0
7 0.26 0 0 0 0 0 0
8 0.3 0 0 0 0 0 0
9 0.34 0 0 0 0 0 0
10 0.38 0 0 0 0 0 0
11 0.42 0 0 0 0 0 0
12 0.46 0 0 0 0 0 0
13 0.5 0 0 0 0 0 0
14 0.54 0 0 0 0 0 0
15 0.58 0 0 0 0 0 0
16 0.62 0 0 0 0 0 0
17 0.66 0 0 0 0 0 0
18 0.7 0 0 0 0 0 0
19 0.74 0 0 0 0 0 0
20 0.78 0 0 0 0 0 0
21 0.82 0 0 0 0 0 0
22 0.86 0 0 0 0 0 0
23 0.9 0 0 0 0 0 0
24 0.94 0 0 0 0 0 0
25 0.98 0 0 0 0 0 0
26 1.02 0 0 0 0 0 0
27 1.06 0 0 0 0 0 0
28 1.1 0 0 0 0 0 0
29 1.14 0 0 0 0 0 0
30 1.18 0 0 0 0 0 0
31 1.22 0 0 0 0 0 0
32 1.26 0 0 0 0 0 0
33 1.3 0 0 0 0 0 0
34 1.34 0 0 0 0 0 0
35 1.38 0 0 0 0 0 0
36 1.42 0 0 0 0 0 0
37 1.46 0 0 0 0 0 0
38 1.5 0 0 0 0 0 0
39 1.54 0 0 0 0 0 0
40 1.58 0 0 0 0 0 0
41 1.62 0 0 0 0 0 0
42 1.66 0 0 0 0 0.0585002 0.000257317
43 1.7 0 0 0 0 4.96446 0.0231586
44 1.74 0 0 0 0 47.9345 0.254809
45 1.78 0 0 0 0 131.156 0.918109
46 1.82 0 0 0 0 154.083 1.73278
47 1.86 0 0 0 0 107.64 2.32718
48 1.9 0 0 0 0 55.8259 2.64886
49 1.94 0 0 0 0 24.6347 2.79685
50 1.98 0 0 0 0 11.5137 2.8689
51 2.02 0 0 0 0 5.22501 2.90293
52 2.06 0 0 0 0 2.55003 2.9202
53 2.1 0 0 0 0 1.48963 2.93069
54 2.14 0 0 0 0 0.875629 2.93709
55 2.18 0 0 0.00224721 1.70455e-05 0.483381 2.94075
56 2.22 0 0 0.00577805 6.25e-05 0.425238 2.9441
57 2.26 0 0 0.0371703 0.00036553 0.28407 2.94641
58 2.3 0 0 0.116414 0.00134848 0.270467 2.9487
59 2.34 0 0 0.307711 0.00403788 0.276013 2.95111
60 2.38 0.000847466 7.57576e-06 0.683105 0.010214 0.273921 2.95359
61 2.42 0.00389369 4.35606e-05 1.19216 0.021358 0.268399 2.9561
62 2.46 0.0249904 0.000282197 1.76879 0.0384432 0.313013 2.95912
63 2.5 0.0787418 0.00105871 2.31617 0.0615492 0.522329 2.96433
64 2.54 0.208932 0.00318561 2.67104 0.0890549 0.543488 2.96993
65 2.58 0.490842 0.00834091 2.82345 0.119053 0.787128 2.97829
66 2.62 0.884088 0.0179167 2.74844 0.149167 1.05681 2.98987
67 2.66 1.42328 0.0338068 2.56696 0.178157 1.27306 3.00425
68 2.7 1.88641 0.0555057 2.34417 0.205434 1.53417 3.0221
69 2.74 2.31713 0.0829545 2.05131 0.230015 1.32329 3.03795
70 2.78 2.6302 0.115028 1.80357 0.252263 1.21769 3.05298
71 2.82 2.77799 0.149886 1.52821 0.271661 1.02121 3.06594
72 2.86 2.69628 0.184686 1.35548 0.289358 0.948491 3.07832
73 2.9 2.54364 0.218439 1.17698 0.305157 0.891359 3.09029
74 2.94 2.33755 0.25032 1.02944 0.31936 0.855607 3.10209
75 2.98 2.05977 0.279182 0.921957 0.332428 0.830535 3.11386
76 3.02 1.81131 0.305248 0.844877 0.344727 0.901481 3.12699
77 3.06 1.58096 0.328606 0.753869 0.355994 0.98351 3.14169
78 3.1 1.36406 0.34929 0.690214 0.366581 1.00444 3.15709
79 3.14 1.1849 0.367723 0.645063 0.376733 1.18747 3.17578
80 3.18 1.05201 0.384509 0.617787 0.386705 1.20758 3.19527
81 3.22 0.92972 0.39972 0.59933 0.396623 1.33134 3.2173
82 3.26 0.860066 0.414142 0.563835 0.406188 1.44487 3.24181
83 3.3 0.770671 0.427384 0.560386 0.415928 1.60805 3.26977
84 3.34 0.715849 0.439985 0.546403 0.425657 1.75403 3.301
85 3.38 0.687658 0.452381 0.537285 0.435455 2.06731 3.33869
86 3.42 0.645598 0.464295 0.556036 0.445835 2.39481 3.3834
87 3.46 0.617624 0.475962 0.551481 0.456373 2.78079 3.43654
88 3.5 0.596142 0.487485 0.554156 0.467208 3.17655 3.49865
89 3.54 0.608992 0.499527 0.583459 0.478879 3.34316 3.56552
90 3.58 0.621682 0.512098 0.595585 0.491062 3.7909 3.64307
91 3.62 0.619653 0.524911 0.598614 0.503583 4.16738 3.73023
92 3.66 0.652417 0.538701 0.628209 0.517015 4.61983 3.82901
93 3.7 0.677139 0.553328 0.655871 0.531347 4.79575 3.93381
94 3.74 0.716538 0.569142 0.687723 0.546701 4.8349 4.04175
95 3.78 0.732789 0.585663 0.701645 0.562703 4.99969 4.15577
96 3.82 0.775349 0.603515 0.724517 0.579578 5.13027 4.27527
97 3.86 0.821803 0.622835 0.744857 0.597292 5.35723 4.40267
98 3.9 0.867767 0.643661 0.776778 0.61615 5.27708 4.53078
99 3.94 0.912326 0.666008 0.803889 0.636068 5.06923 4.65638
100 3.98 0.943182 0.689581 0.813581 0.656638 4.94619 4.78144
101 4.02 0.965505 0.714201 0.840349 0.678314 4.62626 4.90077
102 4.06 1.01189 0.740519 0.860156 0.700945 4.54169 5.02026
103 4.1 1.02452 0.767693 0.864209 0.724133 4.33361 5.13654
104 4.14 1.00391 0.794843 0.889127 0.748456 4.27735 5.25355
105 4.18 1.00409 0.822525 0.897862 0.773496 4.19586 5.37057
106 4.22 0.995258 0.850491 0.909707 0.799354 4.22647 5.4907
107 4.26 0.980228 0.878559 0.928008 0.826235 4.5139 5.62145
108 4.3 0.945715 0.90615 0.962551 0.854642 4.61343 5.75761
109 4.34 0.926769 0.933693 0.99352 0.884511 5.04552 5.9093
110 4.38 0.896905 0.960843 1.01746 0.915667 5.37289 6.07382
111 4.42 0.872086 0.987725 1.05051 0.948424 5.61959 6.24905
112 4.46 0.861399 1.01476 1.09462 0.983178 5.94474 6.43779
113 4.5 0.842183 1.04167 1.09617 1.01861 6.17484 6.63738
114 4.54 0.862523 1.06972 1.11384 1.05525 6.50553 6.8514
115 4.58 0.874762 1.09867 1.13282 1.09318 6.68447 7.0752
116 4.62 0.865415 1.12782 1.13942 1.132 6.8987 7.31023
117 4.66 0.870409 1.15764 1.10579 1.17033 6.99141 7.55256
118 4.7 0.882067 1.18839 1.09484 1.20893 7.04532 7.80096
119 4.74 0.89994 1.22029 1.06777 1.24722 7.21662 8.05976
120 4.78 0.925968 1.25367 1.04235 1.28523 7.41564 8.3302
121 4.82 0.910354 1.28705 1.00985 1.32268 7.36594 8.60335
122 4.86 0.936338 1.32194 0.99339 1.36013 7.36292 8.88093
123 4.9 0.921362 1.35685 0.978969 1.39765 7.38084 9.16378
124 4.94 0.938085 1.39297 0.953358 1.43478 7.33694 9.44957
125 4.98 0.933383 1.42949 0.928582 1.47154 7.3073 9.73882
126 5.02 0.929521 1.46645 0.938236 1.50928 7.36965 10.0353
127 5.06 0.934249 1.5042 0.927028 1.54716 7.4661 10.3404
128 5.1 0.927126 1.54224 0.914322 1.58512 7.38588 10.647
129 5.14 0.907797 1.58009 0.896373 1.62292 7.12032 10.9472
130 5.18 0.894281 1.61795 0.895541 1.66127 7.07839 11.2504
131 5.22 0.894637 1.65641 0.86946 1.69909 6.80094 11.5462
132 5.26 0.88581 1.69508 0.86881 1.73746 6.63019 11.839
133 5.3 0.872831 1.73377 0.834032 1.77485 6.39491 12.1257
134 5.34 0.866203 1.77274 0.81863 1.81211 6.07188 12.4021
135 5.38 0.848435 1.81149 0.807934 1.84944 5.85454 12.6725
136 5.42 0.829461 1.84994 0.789714 1.88646 5.83702 12.9462
137 5.46 0.823232 1.88866 0.773208 1.92326 5.59296 13.2124
138 5.5 0.79555 1.92663 0.761963 1.96005 5.49259 13.4775
139 5.54 0.800293 1.96539 0.753437 1.99695 5.4464 13.7444
140 5.58 0.780608 2.00374 0.738367 2.03365 5.24498 14.005
141 5.62 0.76376 2.0418 0.726352 2.07027 5.21396 14.2679
142 5.66 0.763645 2.0804 0.709642 2.10655 5.11789 14.5296
143 5.7 0.750268 2.11886 0.699461 2.14283 5.02522 14.7902
144 5.74 0.747244 2.15771 0.690037 2.17911 5.05327 15.0559
145 5.78 0.739668 2.1967 0.683394 2.21555 4.93233 15.3189
146 5.82 0.732654 2.23586 0.670739 2.25182 4.99445 15.5889
147 5.86 0.732543 2.27555 0.670253 2.28855 5.14185 15.8708
148 5.9 0.722678 2.31524 0.678817 2.32627 5.09612 16.1539
149 5.94 0.727982 2.35577 0.675962 2.36434 5.25389 16.4498
150 5.98 0.730861 2.39701 0.670367 2.4026 5.21764 16.7476
151 6.02 0.722208 2.43831 0.677532 2.44179 5.54167 17.0682
152 6.06 0.726825 2.48042 0.677018 2.48148 5.57522 17.395
153 6.1 0.728033 2.52317 0.689819 2.52245 5.63282 17.7295
154 6.14 0.727432 2.56644 0.694995 2.56427 5.9221 18.0858
155 6.18 0.733917 2.61066 0.705663 2.60728 6.01349 18.4524
156 6.22 0.742346 2.65598 0.707503 2.65097 6.16975 18.8334
157 6.26 0.738865 2.70167 0.715054 2.6957 6.15545 19.2184
158 6.3 0.74067 2.74805 0.728515 2.74185 6.2755 19.616
159 6.34 0.726784 2.79415 0.739514 2.7893 6.24371 20.0166
160 6.38 0.749784 2.8423 0.739541 2.83734 6.31273 20.4267
161 6.42 0.744519 2.89072 0.766023 2.88774 6.48609 20.8534
162 6.46 0.738893 2.93937 0.781076 2.93976 6.60014 21.293
163 6.5 0.737669 2.98855 0.781546 2.99247 6.71661 21.746
164 6.54 0.740205 3.0385 0.797624 3.04692 6.77275 22.2083
165 6.58 0.735643 3.08876 0.808123 3.10277 6.81726 22.6794
166 6.62 0.741462 3.14003 0.824842 3.16046 6.9186 23.1634
167 6.66 0.744163 3.19211 0.830399 3.21925 7.07608 23.6644
168 6.7 0.738406 3.24441 0.841739 3.27956 6.79925 24.1515
169 6.74 0.763804 3.29916 0.847527 3.34102 6.98673 24.6581
170 6.78 0.761297 3.35438 0.852401 3.40356 6.92687 25.1664
171 6.82 0.773141 3.41112 0.853554 3.46693 6.88573 25.6775
172 6.86 0.779836 3.46902 0.870132 3.53228 6.8729 26.1938
173 6.9 0.787335 3.52817 0.871908 3.59854 6.80403 26.7108
174 6.94 0.799767 3.58895 0.871495 3.66554 6.78688 27.2326
175 6.98 0.806247 3.65093 0.876172 3.73367 6.79 27.7606
176 7.02 0.81114 3.714 0.855623 3.80097 6.77784 28.2937
177 7.06 0.812185 3.77788 0.873378 3.87046 6.8056 28.8352
178 7.1 0.81718 3.84287 0.868389 3.94033 6.70314 29.3745
179 7.14 0.812593 3.90824 0.872583 4.01133 6.66815 29.9171
180 7.18 0.819841 3.97492 0.860128 4.0821 6.62964 30.4626
181 7.22 0.821465 4.04249 0.872885 4.15473 6.52894 31.0058
182 7.26 0.813829 4.11017 0.864373 4.22745 6.66672 31.5667
183 7.3 0.824056 4.17946 0.860828 4.30067 6.56736 32.1253
184 7.34 0.8237 4.24948 0.858541 4.3745 6.41147 32.6766
185 7.38 0.824073 4.3203 0.858824 4.44916 6.40802 33.2337
186 7.42 0.835291 4.39286 0.860064 4.52473 6.38888 33.7951
187 7.46 0.835202 4.4662 0.850501 4.60028 6.37126 34.361
188 7.5 0.833018 4.54014 0.84793 4.67641 6.27948 34.9248
189 7.54 0.833682 4.61492 0.844364 4.75303 6.24563 35.4916
190 7.58 0.831027 4.69026 0.838058 4.82989 6.14939 36.0555
191 7.62 0.82708 4.76603 0.830099 4.90682 6.11935 36.6226
192 7.66 0.832295 4.84309 0.829339 4.98449 6.03292 37.1876
193 7.7 0.837395 4.92143 0.82725 5.06277 6.03703 37.759
194 7.74 0.836717 5.00052 0.822643 5.14144 5.9906 38.3318
195 7.78 0.83585 5.08035 0.819283 5.22059 5.86492 38.8984
196 7.82 0.839373 5.16134 0.814513 5.30009 5.83374 39.4678
197 7.86 0.831044 5.24235 0.809163 5.37988 5.80354 40.0401
198 7.9 0.830247 5.3241 0.813025 5.46087 5.63384 40.6013
199 7.94 0.831539 5.40682 0.80798 5.54217 5.65234 41.1701
200 7.98 0.828048 5.49002 0.800083 5.62349 5.66703 41.7461
71000 200
1 0.02 0 0 0 0 0 0
2 0.06 0 0 0 0 0 0
3 0.1 0 0 0 0 0 0
4 0.14 0 0 0 0 0 0
5 0.18 0 0 0 0 0 0
6 0.22 0 0 0 0 0 0
7 0.26 0 0 0 0 0 0
8 0.3 0 0 0 0 0 0
9 0.34 0 0 0 0 0 0
10 0.38 0 0 0 0 0 0
11 0.42 0 0 0 0 0 0
12 0.46 0 0 0 0 0 0
13 0.5 0 0 0 0 0 0
14 0.54 0 0 0 0 0 0
15 0.58 0 0 0 0 0 0
16 0.62 0 0 0 0 0 0
17 0.66 0 0 0 0 0 0
18 0.7 0 0 0 0 0 0
19 0.74 0 0 0 0 0 0
20 0.78 0 0 0 0 0 0
21 0.82 0 0 0 0 0 0
22 0.86 0 0 0 0 0 0
23 0.9 0 0 0 0 0 0
24 0.94 0 0 0 0 0 0
25 0.98 0 0 0 0 0 0
26 1.02 0 0 0 0 0 0
27 1.06 0 0 0 0 0 0
28 1.1 0 0 0 0 0 0
29 1.14 0 0 0 0 0 0
30 1.18 0 0 0 0 0 0
31 1.22 0 0 0 0 0 0
32 1.26 0 0 0 0 0 0
33 1.3 0 0 0 0 0 0
34 1.34 0 0 0 0 0 0
35 1.38 0 0 0 0 0 0
36 1.42 0 0 0 0 0 0
37 1.46 0 0 0 0 0 0
38 1.5 0 0 0 0 0 0
39 1.54 0 0 0 0 0 0
40 1.58 0 0 0 0 0 0
41 1.62 0 0 0 0 0 0
42 1.66 0 0 0 0 0.0438605 0.000192988
43 1.7 0 0 0 0 4.89399 0.0227726
44 1.74 0 0 0 0 48.1599 0.255548
45 1.78 0 0 0 0 132.108 0.92377
46 1.82 0 0 0 0 155.171 1.74432
47 1.86 0 0 0 0 107.023 2.33541
48 1.9 0 0 0 0 54.2208 2.64789
49 1.94 0 0 0 0 25.1339 2.79891
50 1.98 0 0 0 0 11.0903 2.86832
51 2.02 0 0 0 0 5.01185 2.90096
52 2.06 0 0 0 0 2.58758 2.91849
53 2.1 0 0 0 0 1.51224 2.92914
54 2.14 0 0 0 0 0.99429 2.93641
55 2.18 0 0 0.00199722 1.51515e-05 0.602007 2.94098
56 2.22 0 0 0.00625937 6.43939e-05 0.339314 2.94365
57 2.26 0 0 0.0318212 0.000323864 0.323479 2.94628
58 2.3 0 0 0.12469 0.00137689 0.236138 2.94828
59 2.34 0 0 0.296829 0.00397159 0.231811 2.95031
60 2.38 0.000211856 1.89394e-06 0.659117 0.00993182 0.284557 2.95288
61 2.42 0.00430337 4.16667e-05 1.19014 0.0210587 0.247708 2.95519
62 2.46 0.0234009 0.000265152 1.77223 0.0381799 0.30631 2.95815
63 2.5 0.0737355 0.000992424 2.3067 0.0611951 0.45455 2.96269
64 2.54 0.215036 0.00318182 2.7221 0.0892311 0.515293 2.968
65 2.58 0.481746 0.00824242 2.83797 0.119388 0.765793 2.97613
66 2.62 0.865768 0.0176212 2.75301 0.149557 1.07427 2.98791
67 2.66 1.38234 0.0330568 2.57762 0.178672 1.32411 3.00286
68 2.7 1.88939 0.0547936 2.3114 0.205572 1.45378 3.01978
69 2.74 2.36408 0.082803 2.05115 0.230155 1.38748 3.03641
70 2.78 2.63862 0.114985 1.76275 0.251903 1.3739 3.05336
71 2.82 2.77574 0.14982 1.54571 0.271527 1.00584 3.06613
72 2.86 2.70832 0.18478 1.357 0.289246 0.921238 3.07816
73 2.9 2.58147 0.219042 1.14406 0.304606 0.840924 3.08945
74 2.94 2.34037 0.250966 1.04301 0.318998 0.881107 3.10161
75 2.98 2.04646 0.279646 0.932763 0.332222 0.918883 3.11463
76 3.02 1.81786 0.305811 0.858531 0.344722 0.854941 3.12708
77 3.06 1.55892 0.328847 0.744118 0.355845 0.910198 3.14069
78 3.1 1.36921 0.349612 0.711832 0.366765 1.07766 3.15722
79 3.14 1.18459 0.368044 0.650736 0.377008 1.13416 3.17507
80 3.18 1.0541 0.384866 0.616513 0.38696 1.16954 3.19395
81 3.22 0.932815 0.400129 0.581728 0.396589 1.31362 3.2157
82 3.26 0.853266 0.414439 0.582388 0.40647 1.42758 3.23992
83 3.3 0.769446 0.427663 0.565632 0.416303 1.69846 3.26944
84 3.34 0.717131 0.440288 0.546632 0.426038 1.79887 3.30148
85 3.38 0.667484 0.452322 0.541043 0.435905 2.11459 3.34005
86 3.42 0.642624 0.464184 0.552094 0.446214 2.29795 3.38295
87 3.46 0.611006 0.475727 0.550795 0.456741 2.65918 3.43377
88 3.5 0.612702 0.487572 0.556198 0.467617 3.13 3.49498
89 3.54 0.610423 0.499644 0.567086 0.478962 3.47445 3.56449
90 3.58 0.608942 0.51196 0.586141 0.490955 3.9349 3.645
91 3.62 0.64098 0.525216 0.614631 0.503812 4.21284 3.73313
92 3.66 0.640849 0.538763 0.616236 0.516991 4.64166 3.83239
93 3.7 0.668968 0.553216 0.666678 0.531561 4.61985 3.93335
94 3.74 0.703296 0.568741 0.669718 0.546515 4.99259 4.04484
95 3.78 0.732754 0.585263 0.708011 0.562665 5.06377 4.16034
96 3.82 0.77465 0.603102 0.731069 0.579695 5.29516 4.28369
97 3.86 0.830201 0.622623 0.747762 0.597481 5.14813 4.40614
98 3.9 0.863129 0.643341 0.78656 0.61658 5.20206 4.53245
99 3.94 0.913958 0.665731 0.799175 0.636384 4.9827 4.65593
100 3.98 0.952654 0.689545 0.824162 0.657225 4.89323 4.77967
101 4.02 0.980204 0.714544 0.834119 0.678744 4.74397 4.90206
102 4.06 1.00285 0.740631 0.854478 0.701229 4.49938 5.02046
103 4.1 1.01871 0.767655 0.860609 0.724324 4.36528 5.1376
104 4.14 1.01754 0.795178 0.886979 0.748593 4.20729 5.25272
105 4.18 1.01251 0.823097 0.891058 0.773447 4.42351 5.3761
106 4.22 0.987419 0.850847 0.907628 0.79925 4.23145 5.4964
107 4.26 0.977156 0.878831 0.941198 0.826517 4.55982 5.6285
108 4.3 0.938425 0.906214 0.960982 0.854883 4.69221 5.767
109 4.34 0.916045 0.933443 0.973649 0.884159 4.94841 5.91579
110 4.38 0.888193 0.960333 1.02205 0.91546 5.34791 6.07958
111 4.42 0.871146 0.987191 1.049 0.948176 5.75171 6.25896
112 4.46 0.859328 1.01417 1.08299 0.982566 5.94275 6.44767
113 4.5 0.860125 1.04165 1.1131 1.01855 6.25747 6.64995
114 4.54 0.866285 1.06983 1.11798 1.05534 6.37541 6.85973
115 4.58 0.86987 1.09863 1.12987 1.09317 6.66992 7.08308
116 4.62 0.873033 1.12803 1.12539 1.13152 6.90038 7.31821
117 4.66 0.880886 1.15822 1.11064 1.17002 6.87711 7.55661
118 4.7 0.885402 1.18909 1.0952 1.20864 7.1108 7.80737
119 4.74 0.891728 1.2207 1.06945 1.247 7.20921 8.06594
120 4.78 0.903653 1.25329 1.04348 1.28506 7.32183 8.333
121 4.82 0.925289 1.28721 1.01658 1.32276 7.27192 8.6027
122 4.86 0.937818 1.32217 0.986503 1.35996 7.35661 8.88009
123 4.9 0.93396 1.35756 0.964382 1.39692 7.35283 9.16192
124 4.94 0.937784 1.39367 0.957389 1.43422 7.35972 9.44863
125 4.98 0.928828 1.43002 0.935465 1.47126 7.389 9.74117
126 5.02 0.933659 1.46716 0.938932 1.50903 7.38046 10.0381
127 5.06 0.920923 1.50437 0.919696 1.54662 7.30908 10.3368
128 5.1 0.91581 1.54196 0.920422 1.58484 7.39786 10.644
129 5.14 0.914603 1.58009 0.910152 1.62322 7.30374 10.952
130 5.18 0.903484 1.61835 0.902385 1.66188 7.08396 11.2555
131 5.22 0.901232 1.6571 0.871279 1.69978 6.79171 11.5509
132 5.26 0.888096 1.69588 0.862837 1.73789 6.57303 11.8412
133 5.3 0.874999 1.73466 0.834445 1.7753 6.35442 12.1262
134 5.34 0.865223 1.7736 0.810093 1.81218 6.03983 12.4011
135 5.38 0.842246 1.81207 0.805426 1.8494 5.78331 12.6683
136 5.42 0.826876 1.85041 0.787445 1.88633 5.71538 12.9364
137 5.46 0.817543 1.88887 0.782955 1.92359 5.5711 13.2015
138 5.5 0.799109 1.92702 0.766746 1.96061 5.4757 13.4659
139 5.54 0.789997 1.96528 0.758613 1.99778 5.42454 13.7317
140 5.58 0.783761 2.00379 0.738437 2.03449 5.35737 13.998
141 5.62 0.775304 2.04243 0.723119 2.07095 5.25265 14.2628
142 5.66 0.760188 2.08087 0.709604 2.10724 5.17242 14.5274
143 5.7 0.747599 2.1192 0.686056 2.14282 5.00643 14.787
144 5.74 0.742388 2.1578 0.696333 2.17945 5.0066 15.0504
145 5.78 0.745656 2.19711 0.685947 2.21603 5.11907 15.3234
146 5.82 0.738771 2.2366 0.67771 2.25267 4.95616 15.5914
147 5.86 0.724387 2.27586 0.673011 2.28957 4.98496 15.8647
148 5.9 0.721806 2.31551 0.677176 2.3272 5.18675 16.1529
149 5.94 0.728682 2.35608 0.668861 2.36487 5.17141 16.4442
150 5.98 0.728025 2.39717 0.681506 2.40378 5.36723 16.7506
151 6.02 0.721231 2.43841 0.672021 2.44266 5.4446 17.0656
152 6.06 0.729879 2.48071 0.677555 2.48238 5.70929 17.4003
153 6.1 0.728305 2.52348 0.688371 2.52327 5.8052 17.7451
154 6.14 0.732279 2.56705 0.692457 2.56494 5.87465 18.0986
155 6.18 0.735305 2.61137 0.690358 2.60703 5.99777 18.4643
156 6.22 0.731588 2.65603 0.709874 2.65088 6.0193 18.8361
157 6.26 0.734335 2.70145 0.714727 2.69559 6.08296 19.2166
158 6.3 0.736406 2.74757 0.733449 2.74206 6.17349 19.6078
159 6.34 0.744851 2.79482 0.745889 2.78992 6.36853 20.0164
160 6.38 0.738164 2.84223 0.750642 2.8387 6.44087 20.435
161 6.42 0.745126 2.8907 0.76423 2.88898 6.51094 20.8634
162 6.46 0.737826 2.93929 0.776855 2.94074 6.54742 21.2995
163 6.5 0.738997 2.98856 0.784005 2.99362 6.65167 21.7482
164 6.54 0.740873 3.03857 0.800738 3.04829 6.78014 22.2111
165 6.58 0.733224 3.08867 0.801584 3.10369 6.86548 22.6857
166 6.62 0.738821 3.13977 0.81775 3.1609 6.81543 23.1625
167 6.66 0.752676 3.19245 0.828152 3.21954 6.94456 23.6542
168 6.7 0.749246 3.24553 0.835313 3.2794 7.00684 24.1563
169 6.74 0.761067 3.30009 0.851365 3.34114 6.87869 24.6552
170 6.78 0.755275 3.35488 0.845813 3.40321 7.05201 25.1727
171 6.82 0.771159 3.41148 0.863748 3.46735 6.89332 25.6845
172 6.86 0.772596 3.46886 0.867746 3.53254 6.90563 26.2033
173 6.9 0.790587 3.52826 0.870671 3.59871 6.84947 26.7239
174 6.94 0.810329 3.58985 0.869877 3.66559 6.79333 27.2462
175 6.98 0.803754 3.65165 0.867461 3.73306 6.73763 27.7702
176 7.02 0.812591 3.71484 0.869904 3.8015 6.7326 28.2999
177 7.06 0.808515 3.77844 0.868526 3.8706 6.82671 28.8431
178 7.1 0.82269 3.84389 0.869922 3.94061 6.6337 29.3769
179 7.14 0.816488 3.90958 0.874374 4.01177 6.69596 29.9218
180 7.18 0.823363 3.97656 0.872966 4.08361 6.64343 30.4686
181 7.22 0.815049 4.04361 0.86198 4.15534 6.50973 31.0103
182 7.26 0.816747 4.11155 0.863942 4.22804 6.55401 31.5618
183 7.3 0.825861 4.181 0.858953 4.30111 6.51567 32.1161
184 7.34 0.818801 4.25061 0.860825 4.37514 6.54207 32.6787
185 7.38 0.834142 4.32231 0.866744 4.4505 6.38811 33.2341
186 7.42 0.821184 4.39366 0.853697 4.52554 6.40469 33.797
187 7.46 0.829481 4.46651 0.851603 4.60119 6.34379 34.3606
188 7.5 0.838068 4.5409 0.842121 4.67681 6.42244 34.9373
189 7.54 0.838763 4.61615 0.837822 4.75285 6.22228 35.5021
190 7.58 0.833923 4.69177 0.838788 4.82979 6.19889 36.0706
191 7.62 0.824879 4.76735 0.832459 4.90695 6.07324 36.6336
192 7.66 0.834514 4.84462 0.832744 4.98495 6.05771 37.201
193 7.7 0.832545 4.92252 0.829178 5.06343 5.96877 37.7659
194 7.74 0.831614 5.00114 0.825916 5.14242 5.80265 38.3209
195 7.78 0.833098 5.08072 0.818935 5.22155 5.93954 38.8948
196 7.82 0.843536 5.16213 0.813954 5.30101 5.78668 39.4597
197 7.86 0.831375 5.24318 0.810184 5.38091 5.77031 40.0288
198 7.9 0.838172 5.32573 0.806487 5.46126 5.6917 40.5959
199 7.94 0.837708 5.40907 0.801923 5.54197 5.7585 41.1754
200 7.98 0.821017 5.49158 0.806887 5.624 5.7028 41.7551
72000 200
1 0.02 0 0 0 0 0 0
2 0.06 0 0 0 0 0 0
3 0.1 0 0 0 0 0 0
4 0.14 0 0 0 0 0 0
5 0.18 0 0 0 0 0 0
6 0.22 0 0 0 0 0 0
7 0.26 0 0 0 0 0 0
8 0.3 0 0 0 0 0 0
9 0.34 0 0 0 0 0 0
10 0.38 0 0 0 0 0 0
11 0.42 0 0 0 0 0 0
12 0.46 0 0 0 0 0 0
13 0.5 0 0 0 0 0 0
14 0.54 0 0 0 0 0 0
15 0.58 0 0 0 0 0 0
16 0.62 0 0 0 0 0 0
17 0.66 0 0 0 0 0 0
18 0.7 0 0 0 0 0 0
19 0.74 0 0 0 0 0 0
20 0.78 0 0 0 0 0 0
21 0.82 0 0 0 0 0 0
22 0.86 0 0 0 0 0 0
23 0.9 0 0 0 0 0 0
24 0.94 0 0 0 0 0 0
25 0.98 0 0 0 0 0 0
26 1.02 0 0 0 0 0 0
27 1.06 0 0 0 0 0 0
28 1.1 0 0 0 0 0 0
29 1.14 0 0 0 0 0 0
30 1.18 0 0 0 0 0 0
31 1.22 0 0 0 0 0 0
32 1.26 0 0 0 0 0 0
33 1.3 0 0 0 0 0 0
34 1.34 0 0 0 0 0 0
35 1.38 0 0 0 0 0 0
36 1.42 0 0 0 0 0 0
37 1.46 0 0 0 0 0 0
38 1.5 0 0 0 0 0 0
39 1.54 0 0 0 0 0 0
40 1.58 0 0 0 0 0 0
41 1.62 0 0 0 0 0 0
42 1.66 0 0 0 0 0.0730946 0.000321647
43 1.7 0 0 0 0 4.65615 0.0218077
44 1.74 0 0 0 0 47.8714 0.253233
45 1.78 0 0 0 0 131.326 0.917626
46 1.82 0 0 0 0 155.501 1.74008
47 1.86 0 0 0 0 107.853 2.33586
48 1.9 0 0 0 0 54.0875 2.64764
49 1.94 0 0 0 0 25.3381 2.7999
50 1.98 0 0 0 0 11.0526 2.86909
51 2.02 0 0 0 0 5.17876 2.90283
52 2.06 0 0 0 0 2.55388 2.92014
53 2.1 0 0 0 0 1.26984 2.92908
54 2.14 0 0 0.000258896 1.89394e-06 0.791769 2.93487
55 2.18 0 0 0.00199655 1.70455e-05 0.52986 2.93889
56 2.22 0 0 0.00914593 8.90152e-05 0.396492 2.94201
57 2.26 0 0 0.0280982 0.000318182 0.319471 2.94461
58 2.3 0 0 0.122427 0.00135227 0.308453 2.94722
59 2.34 0 0 0.301758 0.00399053 0.257528 2.94947
60 2.38 0 0 0.66255 0.00998295 0.256067 2.95179
61 2.42 0.00327812 3.0303e-05 1.19579 0.0211648 0.316445 2.95474
62 2.46 0.0212158 0.000232955 1.7472 0.0380473 0.28625 2.95751
63 2.5 0.0792889 0.00101515 2.29963 0.0609962 0.506057 2.96256
64 2.54 0.202721 0.00307955 2.68703 0.0886761 0.646325 2.96922
65 2.58 0.469403 0.00801136 2.83228 0.118778 0.77473 2.97745
66 2.62 0.873813 0.0174792 2.83389 0.149839 1.12983 2.98984
67 2.66 1.40142 0.0331307 2.61251 0.179354 1.32389 3.00479
68 2.7 1.88625 0.0548352 2.31098 0.206254 1.32913 3.02026
69 2.74 2.36763 0.082892 2.02849 0.23057 1.33891 3.03631
70 2.78 2.64652 0.115176 1.78758 0.252629 1.30065 3.05236
71 2.82 2.80298 0.15036 1.55228 0.272339 1.05887 3.06581
72 2.86 2.73306 0.185646 1.3466 0.289926 0.930932 3.07797
73 2.9 2.54617 0.219445 1.17262 0.305672 0.881488 3.0898
74 2.94 2.30912 0.250949 1.03074 0.319898 0.855326 3.10161
75 2.98 2.06067 0.279833 0.907743 0.332769 0.920956 3.11467
76 3.02 1.81332 0.305937 0.811422 0.344585 0.903372 3.12782
77 3.06 1.5667 0.329093 0.746766 0.35575 1.0176 3.14304
78 3.1 1.3521 0.349602 0.687256 0.366295 0.985205 3.15815
79 3.14 1.19532 0.368205 0.653501 0.376583 1.06039 3.17485
80 3.18 1.04287 0.38485 0.624263 0.386663 1.24107 3.19489
81 3.22 0.932869 0.400117 0.604381 0.396669 1.29203 3.21628
82 3.26 0.841356 0.414231 0.56509 0.406258 1.53345 3.2423
83 3.3 0.784286 0.427712 0.546357 0.415758 1.64448 3.27089
84 3.34 0.706028 0.440144 0.556735 0.425674 1.70644 3.30129
85 3.38 0.6807 0.452419 0.55008 0.435708 2.06484 3.33895
86 3.42 0.670408 0.464795 0.556351 0.446098 2.30268 3.38196
87 3.46 0.605385 0.476235 0.547028 0.456555 2.69901 3.43355
88 3.5 0.592606 0.487693 0.565681 0.467619 3.07186 3.49363
89 3.54 0.617302 0.499903 0.58553 0.479335 3.56383 3.56494
90 3.58 0.615382 0.512352 0.59973 0.491608 3.89958 3.64474
91 3.62 0.620442 0.525186 0.597137 0.504102 4.1921 3.73245
92 3.66 0.642781 0.538777 0.620733 0.517379 4.4769 3.82821
93 3.7 0.66349 0.553114 0.647757 0.531538 4.73085 3.93162
94 3.74 0.715258 0.568905 0.677391 0.546667 5.01034 4.04352
95 3.78 0.733963 0.585458 0.700074 0.562638 5.17843 4.16166
96 3.82 0.791616 0.603691 0.736217 0.579792 5.17822 4.28231
97 3.86 0.816038 0.622883 0.744681 0.597508 5.22957 4.40672
98 3.9 0.86344 0.643612 0.782588 0.616513 5.25008 4.53422
99 3.94 0.904746 0.66578 0.793983 0.636193 5.08043 4.66015
100 3.98 0.938462 0.689244 0.821013 0.656958 4.89995 4.78408
101 4.02 0.978165 0.714195 0.841749 0.678678 4.54369 4.90132
102 4.06 1.01154 0.740513 0.868991 0.701549 4.50712 5.01994
103 4.1 1.00503 0.76718 0.859602 0.724621 4.35254 5.13676
104 4.14 1.01189 0.794555 0.880167 0.748708 4.11594 5.2494
105 4.18 1.02332 0.822777 0.889808 0.773532 4.29358 5.36919
106 4.22 0.989859 0.8506 0.913522 0.799508 4.38335 5.49382
107 4.26 0.97268 0.878462 0.930104 0.826458 4.45681 5.62297
108 4.3 0.948117 0.906133 0.947076 0.854419 4.73491 5.76275
109 4.34 0.915111 0.933339 0.992486 0.884267 5.08974 5.91583
110 4.38 0.894594 0.960428 1.02205 0.915574 5.41202 6.0816
111 4.42 0.869259 0.987233 1.0598 0.948633 5.61762 6.25683
112 4.46 0.868581 1.0145 1.08542 0.983106 5.96693 6.44635
113 4.5 0.853742 1.04179 1.09362 1.01847 6.14783 6.64513
114 4.54 0.865309 1.06994 1.11524 1.05517 6.40648 6.85597
115 4.58 0.866796 1.09864 1.1313 1.09306 6.6447 7.07851
116 4.62 0.872252 1.12803 1.12696 1.13147 6.80473 7.31042
117 4.66 0.88928 1.15851 1.12458 1.17046 6.9751 7.55227
118 4.7 0.889254 1.18952 1.09489 1.20908 7.07116 7.80167
119 4.74 0.90021 1.22144 1.06841 1.2474 7.28679 8.06307
120 4.78 0.904906 1.25407 1.04416 1.2855 7.32669 8.33036
121 4.82 0.917629 1.28772 1.02108 1.32337 7.36249 8.60347
122 4.86 0.928194 1.32233 0.983305 1.36046 7.29982 8.87877
123 4.9 0.93819 1.35788 0.971712 1.39771 7.43446 9.16378
124 4.94 0.937269 1.39398 0.955701 1.43495 7.37485 9.45114
125 4.98 0.917431 1.4299 0.926973 1.47165 7.41609 9.74481
126 5.02 0.934958 1.46709 0.937296 1.50937 7.31193 10.039
127 5.06 0.924503 1.50445 0.927543 1.54729 7.49424 10.3454
128 5.1 0.920574 1.54224 0.915464 1.5853 7.37246 10.6516
129 5.14 0.920879 1.58064 0.899883 1.62327 7.23145 10.9566
130 5.18 0.89625 1.6186 0.894571 1.66159 7.08195 11.26
131 5.22 0.893135 1.65702 0.877731 1.69978 6.86806 11.5588
132 5.26 0.889753 1.69587 0.857832 1.73767 6.46627 11.8445
133 5.3 0.876033 1.73471 0.834416 1.7751 6.41562 12.1322
134 5.34 0.861525 1.77349 0.819175 1.8124 6.14608 12.4121
135 5.38 0.845861 1.81213 0.817697 1.85019 5.9235 12.6858
136 5.42 0.81933 1.85012 0.78124 1.88683 5.75063 12.9555
137 5.46 0.823393 1.88887 0.776323 1.92378 5.53968 13.2192
138 5.5 0.807453 1.92742 0.766406 1.9608 5.45936 13.4829
139 5.54 0.795989 1.96598 0.747959 1.99745 5.42417 13.7487
140 5.58 0.778218 2.00423 0.737729 2.03413 5.23672 14.0091
141 5.62 0.76661 2.04245 0.727793 2.07083 5.11778 14.2672
142 5.66 0.7578 2.08076 0.711725 2.10724 5.13431 14.5298
143 5.7 0.748975 2.11917 0.700605 2.14358 5.06192 14.7924
144 5.74 0.748769 2.15811 0.693325 2.18005 5.10472 15.0609
145 5.78 0.741025 2.19719 0.684116 2.21655 4.92818 15.3238
146 5.82 0.738209 2.23666 0.674463 2.25302 4.92019 15.5899
147 5.86 0.72995 2.27622 0.665222 2.2895 4.9711 15.8625
148 5.9 0.723012 2.31595 0.670507 2.32677 5.13659 16.148
149 5.94 0.730212 2.35661 0.673441 2.3647 5.24121 16.4432
150 5.98 0.729735 2.3978 0.678662 2.40345 5.39949 16.7515
151 6.02 0.721429 2.43907 0.677754 2.44267 5.52918 17.0715
152 6.06 0.729907 2.48138 0.680335 2.48256 5.63469 17.4019
153 6.1 0.737002 2.52466 0.689295 2.52352 5.69746 17.7404
154 6.14 0.728389 2.56801 0.695759 2.5654 5.84577 18.0922
155 6.18 0.731901 2.61213 0.699147 2.60803 6.08895 18.4636
156 6.22 0.72934 2.65666 0.705847 2.65163 6.0822 18.8393
157 6.26 0.737319 2.70227 0.720434 2.69671 6.1101 19.2216
158 6.3 0.739991 2.74863 0.726527 2.74275 6.2495 19.6176
159 6.34 0.737878 2.79544 0.741676 2.79035 6.32224 20.0234
160 6.38 0.733519 2.84257 0.748348 2.83899 6.37586 20.4378
161 6.42 0.740651 2.89075 0.759052 2.88894 6.48484 20.8645
162 6.46 0.734208 2.93912 0.772477 2.94041 6.59106 21.3037
163 6.5 0.740935 2.98853 0.789333 2.99366 6.68327 21.7546
164 6.54 0.731141 3.03789 0.797456 3.04812 6.76473 22.2165
165 6.58 0.739101 3.0884 0.812309 3.10428 6.77117 22.6846
166 6.62 0.74865 3.14018 0.822823 3.16185 6.96493 23.172
167 6.66 0.749205 3.19263 0.821846 3.22006 6.94512 23.6638
168 6.7 0.752933 3.24598 0.836928 3.28005 6.97058 24.1635
169 6.74 0.760899 3.30054 0.847156 3.34149 6.90447 24.6643
170 6.78 0.761291 3.35578 0.853294 3.40412 6.91571 25.1719
171 6.82 0.776405 3.41278 0.855428 3.46765 6.98381 25.6905
172 6.86 0.772149 3.47013 0.864912 3.53264 6.95354 26.213
173 6.9 0.784793 3.52911 0.872848 3.59899 6.8093 26.7306
174 6.94 0.797148 3.58971 0.872325 3.66607 6.88993 27.2605
175 6.98 0.805846 3.65168 0.868638 3.73365 6.67144 27.7794
176 7.02 0.810518 3.71472 0.872463 3.8023 6.71174 28.3076
177 7.06 0.815108 3.77885 0.876527 3.87205 6.78018 28.8472
178 7.1 0.81206 3.84346 0.867196 3.94185 6.69723 29.3862
179 7.14 0.822643 3.90966 0.868907 4.01258 6.72315 29.9335
180 7.18 0.824326 3.97673 0.868527 4.08407 6.62576 30.4788
181 7.22 0.812871 4.04362 0.86496 4.15606 6.54753 31.0238
182 7.26 0.826614 4.11239 0.866527 4.22899 6.5096 31.5716
183 7.3 0.824696 4.18175 0.862086 4.30234 6.59421 32.1327
184 7.34 0.814949 4.25105 0.854303 4.37583 6.43356 32.6861
185 7.38 0.829053 4.32233 0.853645 4.45006 6.38396 33.2413
186 7.42 0.822273 4.39378 0.854423 4.52517 6.49608 33.8124
187 7.46 0.833704 4.46702 0.851357 4.60082 6.36036 34.3775
188 7.5 0.830038 4.54071 0.846793 4.67687 6.28661 34.9421
189 7.54 0.837719 4.61588 0.846784 4.75374 6.18321 35.5034
190 7.58 0.833475 4.69147 0.838964 4.83071 6.22509 36.0745
191 7.62 0.847501 4.76914 0.830913 4.90774 6.05928 36.6362
192 7.66 0.829816 4.84599 0.838165 4.98627 6.01951 37.2002
193 7.7 0.83741 4.92436 0.824184 5.06429 5.9799 37.7663
194 7.74 0.827413 5.0026 0.822537 5.14297 5.97071 38.3374
195 7.78 0.837503 5.08261 0.817822 5.222 5.85123 38.9029
196 7.82 0.835744 5.16328 0.814212 5.3015 5.86268 39.4753
197 7.86 0.834196 5.24463 0.812474 5.38165 5.77446 40.0449
198 7.9 0.827654 5.32616 0.811109 5.46247 5.7284 40.6158
199 7.94 0.835169 5.40926 0.805533 5.54356 5.70054 41.1896
200 7.98 0.827761 5.49246 0.804295 5.62534 5.61695 41.7607
73000 200
1 0.02 0 0 0 0 0 0
2 0.06 0 0 0 0 0 0
3 0.1 0 0 0 0 0 0
4 0.14 0 0 0 0 0 0
5 0.18 0 0 0 0 0 0
6 0.22 0 0 0 0 0 0
7 0.26 0 0 0 0 0 0
8 0.3 0 0 0 0 0 0
9 0.34 0 0 0 0 0 0
10 0.38 0 0 0 0 0 0
11 0.42 0 0 0 0 0 0
12 0.46 0 0 0 0 0 0
13 0.5 0 0 0 0 0 0
14 0.54 0 0 0 0 0 0
15 0.58 0 0 0 0 0 0
16 0.62 0 0 0 0 0 0
17 0.66 0 0 0 0 0 0
18 0.7 0 0 0 0 0 0
19 0.74 0 0 0 0 0 0
20 0.78 0 0 0 0 0 0
21 0.82 0 0 0 0 0 0
22 0.86 0 0 0 0 0 0
23 0.9 0 0 0 0 0 0
24 0.94 0 0 0 0 0 0
25 0.98 0 0 0 0 0 0
26 1.02 0 0 0 0 0 0
27 1.06 0 0 0 0 0 0
28 1.1 0 0 0 0 0 0
29 1.14 0 0 0 0 0 0
30 1.18 0 0 0 0 0 0
31 1.22 0 0 0 0 0 0
32 1.26 0 0 0 0 0 0
33 1.3 0 0 0 0 0 0
34 1.34 0 0 0 0 0 0
35 1.38 0 0 0 0 0 0
36 1.42 0 0 0 0 0 0
37 1.46 0 0 0 0 0 0
38 1.5 0 0 0 0 0 0
39 1.54 0 0 0 0 0 0
40 1.58 0 0 0 0 0 0
41 1.62 0 0 0 0 0 0
42 1.66 0 0 0 0 0.0438617 0.000192988
43 1.7 0 0 0 0 4.87785 0.0227083
44 1.74 0 0 0 0 47.0882 0.250402
45 1.78 0 0 0 0 132.967 0.923255
46 1.82 0 0 0 0 156.479 1.75108
47 1.86 0 0 0 0 106.616 2.34017
48 1.9 0 0 0 0 54.242 2.65291
49 1.94 0 0 0 0 24.294 2.79894
50 1.98 0 0 0 0 11.1063 2.86848
51 2.02 0 0 0 0 5.30574 2.90306
52 2.06 0 0 0 0 2.71939 2.92149
53 2.1 0 0 0 0 1.26956 2.93043
54 2.14 0 0 0.000259002 1.89394e-06 0.822345 2.93644
55 2.18 0 0 0.00124774 1.13636e-05 0.512748 2.94033
56 2.22 0 0 0.00745842 7.00758e-05 0.3637 2.9432
57 2.26 0 0 0.0345936 0.000352273 0.252348 2.94526
58 2.3 0 0 0.114327 0.00131818 0.209386 2.94702
59 2.34 0 0 0.307748 0.00400947 0.272172 2.9494
60 2.38 0.000847287 7.57576e-06 0.663861 0.0100152 0.255998 2.95172
61 2.42 0.00389203 4.35606e-05 1.16695 0.0209299 0.264804 2.9542
62 2.46 0.0186329 0.000221591 1.77441 0.0380795 0.326148 2.95735
63 2.5 0.0760079 0.000971591 2.30683 0.0611061 0.470472 2.96205
64 2.54 0.217547 0.0031875 2.68508 0.0887727 0.586863 2.96809
65 2.58 0.468926 0.00811553 2.84281 0.118994 0.819969 2.97681
66 2.62 0.861726 0.0174545 2.78482 0.149525 1.00632 2.98784
67 2.66 1.37344 0.0327973 2.58875 0.178778 1.34342 3.00302
68 2.7 1.90158 0.0546837 2.30651 0.205633 1.55814 3.02116
69 2.74 2.33302 0.0823371 2.04396 0.23014 1.44592 3.0385
70 2.78 2.63641 0.114506 1.76997 0.251987 1.16744 3.05291
71 2.82 2.79144 0.149553 1.5443 0.2716 0.987668 3.06546
72 2.86 2.69939 0.184413 1.36295 0.289405 0.8716 3.07684
73 2.9 2.61945 0.219193 1.17924 0.305244 0.9555 3.08968
74 2.94 2.32854 0.25097 1.06328 0.319922 0.908721 3.10222
75 2.98 2.07111 0.280008 0.900986 0.332701 0.879924 3.1147
76 3.02 1.78776 0.30575 0.822791 0.344686 0.969385 3.12882
77 3.06 1.56696 0.328915 0.745704 0.355837 0.972155 3.14336
78 3.1 1.36214 0.349581 0.693507 0.366481 1.03528 3.15925
79 3.14 1.19138 0.368127 0.663929 0.376936 1.12551 3.17697
80 3.18 1.0686 0.385188 0.604058 0.386691 1.25868 3.1973
81 3.22 0.926743 0.400358 0.60618 0.396729 1.28975 3.21866
82 3.26 0.84556 0.414545 0.591398 0.406767 1.50468 3.24419
83 3.3 0.759752 0.427608 0.549378 0.416322 1.56647 3.27144
84 3.34 0.709405 0.440102 0.536619 0.425883 1.78368 3.30322
85 3.38 0.678641 0.452343 0.552746 0.435968 1.99554 3.33963
86 3.42 0.650861 0.464362 0.533914 0.445941 2.34859 3.3835
87 3.46 0.606939 0.475833 0.548975 0.456438 2.66143 3.43438
88 3.5 0.621055 0.487845 0.564089 0.467473 3.22728 3.49752
89 3.54 0.626145 0.500233 0.578862 0.479059 3.45691 3.56671
90 3.58 0.599602 0.512366 0.587463 0.491083 3.87354 3.646
91 3.62 0.627987 0.525358 0.604234 0.503729 4.20179 3.73393
92 3.66 0.621406 0.5385 0.623234 0.517062 4.54944 3.83126
93 3.7 0.678404 0.553163 0.658861 0.531468 4.82819 3.93683
94 3.74 0.68833 0.568364 0.664424 0.546311 4.89109 4.04609
95 3.78 0.741507 0.585091 0.703473 0.562364 5.06867 4.16176
96 3.82 0.79709 0.603455 0.740254 0.579616 5.23215 4.28369
97 3.86 0.811813 0.622551 0.764793 0.597814 5.41489 4.41254
98 3.9 0.868749 0.643413 0.77102 0.616544 5.15604 4.53779
99 3.94 0.913722 0.665807 0.798301 0.636335 5.07014 4.66349
100 3.98 0.940201 0.68932 0.805391 0.65671 4.83262 4.78575
101 4.02 0.973477 0.714157 0.849177 0.678627 4.64352 4.9056
102 4.06 1.01268 0.740511 0.852381 0.701066 4.50728 5.02425
103 4.1 1.01956 0.76757 0.872875 0.7245 4.31427 5.14008
104 4.14 1.02032 0.79518 0.882444 0.748655 4.2478 5.25635
105 4.18 1.00851 0.823 0.894414 0.773614 4.26485 5.37536
106 4.22 0.990158 0.850839 0.892123 0.798987 4.21717 5.4953
107 4.26 0.980378 0.878928 0.951381 0.826561 4.51346 5.62612
108 4.3 0.953397 0.906759 0.956976 0.85482 4.70113 5.76494
109 4.34 0.910494 0.933835 0.981731 0.884352 5.00402 5.91547
110 4.38 0.903763 0.961208 1.02452 0.915742 5.33825 6.07903
111 4.42 0.850998 0.987456 1.04582 0.948373 5.66469 6.25577
112 4.46 0.862639 1.01455 1.07687 0.982583 6.02121 6.44706
113 4.5 0.852408 1.0418 1.11783 1.01873 6.20606 6.64776
114 4.54 0.859747 1.06978 1.12261 1.05569 6.36294 6.85722
115 4.58 0.857601 1.09818 1.12763 1.09347 6.57104 7.07736
116 4.62 0.870471 1.12751 1.12153 1.1317 6.96827 7.31489
117 4.66 0.885257 1.15786 1.10962 1.17018 7.01883 7.55831
118 4.7 0.897895 1.18918 1.10085 1.20902 7.1214 7.80955
119 4.74 0.895616 1.22095 1.06979 1.2474 7.11376 8.06481
120 4.78 0.914974 1.25395 1.03861 1.2853 7.29051 8.33085
121 4.82 0.923758 1.28783 1.00557 1.32261 7.30612 8.60193
122 4.86 0.920144 1.32215 0.992854 1.36007 7.39439 8.88086
123 4.9 0.929464 1.35738 0.9778 1.39756 7.36307 9.1632
124 4.94 0.938416 1.39353 0.95236 1.43468 7.45974 9.45394
125 4.98 0.937427 1.43024 0.952133 1.47239 7.40938 9.74741
126 5.02 0.92088 1.46688 0.928785 1.50977 7.422 10.0461
127 5.06 0.931961 1.50455 0.931071 1.54784 7.30048 10.3446
128 5.1 0.92492 1.54253 0.919894 1.58605 7.24753 10.6457
129 5.14 0.917569 1.5808 0.893375 1.62375 7.22973 10.9508
130 5.18 0.896075 1.61876 0.882995 1.66159 7.13501 11.2565
131 5.22 0.900404 1.6575 0.869602 1.69943 6.88636 11.5562
132 5.26 0.883772 1.6961 0.864012 1.73761 6.58696 11.8472
133 5.3 0.871079 1.73473 0.834133 1.77503 6.40977 12.1348
134 5.34 0.85728 1.77333 0.822054 1.81247 6.04783 12.4102
135 5.38 0.845116 1.81195 0.810164 1.84992 5.88376 12.6822
136 5.42 0.834484 1.85065 0.790499 1.88701 5.79385 12.954
137 5.46 0.817236 1.88911 0.779472 1.92412 5.58699 13.22
138 5.5 0.80293 1.92746 0.755793 1.96063 5.30493 13.4763
139 5.54 0.794155 1.96594 0.749283 1.99736 5.42414 13.7422
140 5.58 0.771251 2.00385 0.745359 2.03442 5.25029 14.0033
141 5.62 0.77759 2.04263 0.726598 2.07107 5.28234 14.2697
142 5.66 0.776038 2.08188 0.706706 2.10723 5.10169 14.5307
143 5.7 0.745801 2.12013 0.697294 2.14341 5.05758 14.7932
144 5.74 0.743418 2.1588 0.680922 2.17924 5.01668 15.0572
145 5.78 0.732841 2.19746 0.685689 2.21583 4.96558 15.3221
146 5.82 0.731619 2.23658 0.673354 2.25225 5.02718 15.594
147 5.86 0.732777 2.27631 0.679735 2.28953 5.0444 15.8707
148 5.9 0.724803 2.31614 0.677601 2.3272 5.09833 16.1541
149 5.94 0.719595 2.35623 0.674993 2.36524 5.1817 16.4461
150 5.98 0.72761 2.39731 0.675944 2.40384 5.34012 16.7511
151 6.02 0.725758 2.43883 0.675041 2.44291 5.4106 17.0643
152 6.06 0.7246 2.48084 0.685723 2.48313 5.65528 17.3959
153 6.1 0.732057 2.52385 0.678642 2.52346 5.8114 17.7413
154 6.14 0.734732 2.56758 0.689143 2.56495 5.81712 18.0915
155 6.18 0.731817 2.61171 0.703167 2.60784 6.02416 18.459
156 6.22 0.735183 2.65661 0.707849 2.65158 6.12392 18.8374
157 6.26 0.741488 2.70249 0.728069 2.69715 6.25046 19.2286
158 6.3 0.737029 2.74867 0.724829 2.74309 6.26929 19.626
159 6.34 0.739964 2.79563 0.743504 2.79082 6.30068 20.0304
160 6.38 0.730274 2.84256 0.751107 2.83965 6.44801 20.4496
161 6.42 0.744459 2.891 0.758034 2.88955 6.48325 20.8764
162 6.46 0.738228 2.93964 0.773198 2.94108 6.53495 21.3119
163 6.5 0.737972 2.98887 0.781956 2.99384 6.6793 21.7626
164 6.54 0.738619 3.03874 0.797067 3.04829 6.69765 22.2201
165 6.58 0.742688 3.08951 0.809045 3.10423 6.88304 22.696
166 6.62 0.733797 3.14028 0.81288 3.16113 6.96829 23.1838
167 6.66 0.750703 3.19285 0.828307 3.2198 6.91888 23.6739
168 6.7 0.753739 3.24627 0.850489 3.28077 6.91054 24.1693
169 6.74 0.755778 3.30048 0.844027 3.34201 6.92276 24.6716
170 6.78 0.762232 3.35579 0.846662 3.40417 6.94254 25.1812
171 6.82 0.773175 3.41257 0.862586 3.46824 6.92928 25.696
172 6.86 0.782665 3.47072 0.870298 3.53365 6.8534 26.2111
173 6.9 0.780521 3.52939 0.8702 3.59982 6.8161 26.7293
174 6.94 0.795358 3.58987 0.858594 3.66586 6.73397 27.2473
175 6.98 0.807028 3.65194 0.871687 3.73369 6.75291 27.7728
176 7.02 0.806596 3.7147 0.868187 3.80202 6.86827 28.3133
177 7.06 0.813995 3.77875 0.876932 3.87182 6.8028 28.8548
178 7.1 0.810964 3.8433 0.87183 3.94201 6.67042 29.3919
179 7.14 0.818447 3.90917 0.87351 4.01313 6.67172 29.9351
180 7.18 0.819776 3.97589 0.871512 4.08489 6.63586 30.4814
181 7.22 0.818586 4.04326 0.866364 4.15701 6.57108 31.0285
182 7.26 0.81731 4.11127 0.862404 4.22961 6.56001 31.5807
183 7.3 0.821681 4.1804 0.85876 4.3027 6.47696 32.1319
184 7.34 0.824927 4.25057 0.854448 4.37621 6.43086 32.6852
185 7.38 0.836341 4.32248 0.852504 4.45037 6.43603 33.2451
186 7.42 0.830332 4.39466 0.857511 4.52577 6.45317 33.8125
187 7.46 0.83587 4.4681 0.844417 4.60082 6.3389 34.3759
188 7.5 0.830883 4.54189 0.847117 4.67692 6.28151 34.9402
189 7.54 0.832388 4.6166 0.843406 4.7535 6.28661 35.511
190 7.58 0.835527 4.69239 0.840183 4.83059 6.10718 36.0714
191 7.62 0.836117 4.76904 0.834492 4.90798 6.17088 36.6436
192 7.66 0.830004 4.84593 0.83067 4.98582 6.08051 37.2134
193 7.7 0.831095 4.92372 0.830144 5.06442 6.01307 37.7828
194 7.74 0.828916 5.00212 0.816079 5.1425 5.88657 38.346
195 7.78 0.841722 5.08256 0.821447 5.22191 5.81721 38.9083
196 7.82 0.831302 5.16282 0.819675 5.30196 5.82141 39.4769
197 7.86 0.832691 5.24403 0.81312 5.38219 5.74892 40.0441
198 7.9 0.83272 5.32608 0.807909 5.46272 5.73572 40.6158
199 7.94 0.836622 5.40935 0.80991 5.54426 5.70748 41.1904
200 7.98 0.836734 5.49348 0.803078 5.62594 5.62698 41.7627
74000 200
1 0.02 0 0 0 0 0 0
2 0.06 0 0 0 0 0 0
3 0.1 0 0 0 0 0 0
4 0.14 0 0 0 0 0 0
5 0.18 0 0 0 0 0 0
6 0.22 0 0 0 0 0 0
7 0.26 0 0 0 0 0 0
8 0.3 0 0 0 0 0 0
9 0.34 0 0 0 0 0 0
10 0.38 0 0 0 0 0 0
11 0.42 0 0 0 0 0 0
12 0.46 0 0 0 0 0 0
13 0.5 0 0 0 0 0 0
14 0.54 0 0 0 0 0 0
15 0.58 0 0 0 0 0 0
16 0.62 0 0 0 0 0 0
17 0.66 0 0 0 0 0 0
18 0.7 0 0 0 0 0 0
19 0.74 0 0 0 0 0 0
20 0.78 0 0 0 0 0 0
21 0.82 0 0 0 0 0 0
22 0.86 0 0 0 0 0 0
23 0.9 0 0 0 0 0 0
24 0.94 0 0 0 0 0 0
25 0.98 0 0 0 0 0 0
26 1.02 0 0 0 0 0 0
27 1.06 0 0 0 0 0 0
28 1.1 0 0 0 0 0 0
29 1.14 0 0 0 0 0 0
30 1.18 0 0 0 0 0 0
31 1.22 0 0 0 0 0 0
32 1.26 0 0 0 0 0 0
33 1.3 0 0 0 0 0 0
34 1.34 0 0 0 0 0 0
35 1.38 0 0 0 0 0 0
36 1.42 0 0 0 0 0 0
37 1.46 0 0 0 0 0 0
38 1.5 0 0 0 0 0 0
39 1.54 0 0 0 0 0 0
40 1.58 0 0 0 0 0 0
41 1.62 0 0 0 0 0 0
42 1.66 0 0 0 0 0.0876791 0.000385976
43 1.7 0 0 0 0 4.43801 0.0208749
44 1.74 0 0 0 0 47.537 0.250788
45 1.78 0 0 0 0 132.328 0.920553
46 1.82 0 0 0 0 155.565 1.74371
47 1.86 0 0 0 0 107.431 2.33744
48 1.9 0 0 0 0 54.7659 2.65326
49 1.94 0 0 0 0 25.2087 2.80482
50 1.98 0 0 0 0 10.5544 2.87092
51 2.02 0 0 0 0 5.02342 2.90367
52 2.06 0 0 0 0 2.62385 2.92145
53 2.1 0 0 0 0 1.34693 2.93094
54 2.14 0 0 0 0 0.830975 2.93702
55 2.18 0 0 0.00124733 9.4697e-06 0.538067 2.94111
56 2.22 0 0 0.00553304 5.30303e-05 0.339095 2.94378
57 2.26 0 0 0.0311051 0.000306818 0.315358 2.94635
58 2.3 0 0 0.11475 0.00127652 0.251216 2.94847
59 2.34 0 0 0.302269 0.00392045 0.253734 2.95069
60 2.38 0.000423469 3.78788e-06 0.668743 0.00997159 0.220397 2.95269
61 2.42 0.0036861 3.78788e-05 1.17055 0.0209223 0.21316 2.95468
62 2.46 0.0237823 0.000265152 1.77187 0.0380511 0.385964 2.95841
63 2.5 0.0767593 0.00102273 2.34961 0.0615095 0.451023 2.96291
64 2.54 0.211365 0.00317614 2.66302 0.0889545 0.633566 2.96944
65 2.58 0.483601 0.00825947 2.82671 0.119011 0.801613 2.97797
66 2.62 0.866433 0.0176515 2.79978 0.149712 1.14398 2.99051
67 2.66 1.35333 0.0327727 2.55971 0.178644 1.28628 3.00505
68 2.7 1.89871 0.0546307 2.34244 0.205922 1.43074 3.02171
69 2.74 2.35777 0.0825833 2.04636 0.230464 1.40803 3.0386
70 2.78 2.60373 0.11436 1.77282 0.25235 1.22453 3.05372
71 2.82 2.80593 0.149597 1.56037 0.272172 1.10901 3.0678
72 2.86 2.75394 0.185169 1.35556 0.289884 0.913264 3.07974
73 2.9 2.5878 0.219536 1.18449 0.305797 0.84516 3.09109
74 2.94 2.29877 0.250913 1.02505 0.319951 0.850263 3.10283
75 2.98 2.09755 0.280328 0.915476 0.332938 0.857081 3.11499
76 3.02 1.80907 0.306383 0.833408 0.34508 0.887516 3.12792
77 3.06 1.55805 0.32942 0.754531 0.356366 0.881666 3.14111
78 3.1 1.3586 0.350038 0.695455 0.367042 1.03087 3.15693
79 3.14 1.19952 0.368714 0.648872 0.377261 1.11505 3.17449
80 3.18 1.038 0.38529 0.619521 0.387269 1.20466 3.19395
81 3.22 0.932563 0.400559 0.589702 0.397036 1.37105 3.21666
82 3.26 0.834207 0.414559 0.569294 0.406701 1.57633 3.24342
83 3.3 0.775669 0.427898 0.547849 0.416231 1.60306 3.27131
84 3.34 0.719788 0.440578 0.545431 0.425951 1.78873 3.30318
85 3.38 0.676396 0.45278 0.543187 0.435864 2.048 3.34056
86 3.42 0.640162 0.464604 0.541605 0.445983 2.35502 3.38456
87 3.46 0.615827 0.476246 0.556781 0.456631 2.76006 3.43734
88 3.5 0.601928 0.48789 0.559036 0.46757 3.11974 3.49839
89 3.54 0.592615 0.499617 0.578262 0.479146 3.54455 3.56935
90 3.58 0.606675 0.511896 0.584467 0.491112 3.88051 3.64879
91 3.62 0.615128 0.524625 0.599219 0.503655 4.3023 3.73885
92 3.66 0.645089 0.538271 0.628059 0.517095 4.47635 3.83464
93 3.7 0.681065 0.552994 0.643478 0.531167 4.64926 3.93631
94 3.74 0.717167 0.568835 0.679457 0.546348 5.06424 4.04947
95 3.78 0.750836 0.585777 0.707639 0.5625 5.16618 4.16739
96 3.82 0.78081 0.603769 0.728079 0.579472 5.1593 4.28765
97 3.86 0.82629 0.62321 0.760334 0.597568 5.29753 4.41373
98 3.9 0.850039 0.643627 0.780439 0.61653 5.12853 4.53834
99 3.94 0.911516 0.665972 0.796068 0.636271 4.9964 4.66224
100 3.98 0.947197 0.689665 0.822583 0.657085 4.83418 4.78456
101 4.02 0.975345 0.714555 0.842394 0.678831 4.59765 4.90325
102 4.06 0.999148 0.740563 0.846303 0.701116 4.50628 5.0219
103 4.1 1.03034 0.767913 0.875859 0.724634 4.44272 5.1412
104 4.14 1.01115 0.79528 0.88267 0.748801 4.19047 5.25593
105 4.18 1.01413 0.823261 0.891103 0.773672 4.23745 5.3742
106 4.22 0.99648 0.851284 0.907114 0.799477 4.21967 5.49424
107 4.26 0.9801 0.879371 0.912435 0.825928 4.51695 5.62518
108 4.3 0.941715 0.906867 0.964921 0.854428 4.75239 5.76555
109 4.34 0.910616 0.933953 1.00198 0.884576 5.07568 5.91827
110 4.38 0.880244 0.960619 1.0222 0.915902 5.40845 6.08401
111 4.42 0.872553 0.987538 1.05331 0.948773 5.66454 6.26079
112 4.46 0.857151 1.01446 1.0764 0.982975 5.93794 6.44947
113 4.5 0.852583 1.04173 1.10524 1.01873 6.25346 6.65175
114 4.54 0.859039 1.06969 1.11876 1.05556 6.31957 6.85983
115 4.58 0.869544 1.09849 1.13118 1.09347 6.69827 7.08427
116 4.62 0.883488 1.12827 1.13395 1.13213 6.84315 7.31759
117 4.66 0.878161 1.15838 1.13007 1.17133 6.92182 7.5577
118 4.7 0.899494 1.18976 1.08703 1.20969 7.06797 7.80711
119 4.74 0.903699 1.22182 1.08339 1.24857 7.20817 8.06581
120 4.78 0.902653 1.25439 1.03819 1.28646 7.46433 8.33824
121 4.82 0.923976 1.28829 1.01414 1.3241 7.29153 8.60885
122 4.86 0.925331 1.3228 0.989483 1.36143 7.38173 8.88736
123 4.9 0.918028 1.35761 0.970778 1.39866 7.43697 9.1726
124 4.94 0.938904 1.39379 0.943798 1.43546 7.43585 9.46246
125 4.98 0.92983 1.4302 0.941559 1.47276 7.35992 9.75404
126 5.02 0.937296 1.4675 0.926897 1.51007 7.37012 10.0507
127 5.06 0.933168 1.50523 0.911096 1.54733 7.33429 10.3507
128 5.1 0.913563 1.54275 0.93041 1.58599 7.24832 10.6518
129 5.14 0.913063 1.58085 0.89754 1.62387 7.34326 10.9618
130 5.18 0.903264 1.61912 0.888725 1.66196 7.0757 11.265
131 5.22 0.897749 1.65775 0.878162 1.70019 6.72458 11.5577
132 5.26 0.887914 1.69654 0.862068 1.73829 6.56735 11.848
133 5.3 0.870039 1.73513 0.83256 1.77564 6.29515 12.1305
134 5.34 0.865972 1.77413 0.813399 1.8127 6.09316 12.408
135 5.38 0.849825 1.81297 0.80733 1.85002 5.87767 12.6798
136 5.42 0.832878 1.85161 0.791944 1.88719 5.73502 12.9489
137 5.46 0.811065 1.88979 0.780462 1.92435 5.59254 13.2152
138 5.5 0.792571 1.92765 0.760491 1.9611 5.5188 13.4819
139 5.54 0.79152 1.96601 0.753913 1.99806 5.41905 13.7476
140 5.58 0.789654 2.00484 0.736405 2.03469 5.23948 14.0082
141 5.62 0.776743 2.04358 0.729112 2.07148 5.19193 14.2701
142 5.66 0.754911 2.08177 0.710442 2.10783 5.18354 14.5354
143 5.7 0.755499 2.12053 0.694704 2.14389 5.03421 14.7967
144 5.74 0.731173 2.15857 0.693188 2.18037 5.01377 15.0605
145 5.78 0.734155 2.1973 0.679191 2.21662 4.98081 15.3263
146 5.82 0.736597 2.2367 0.678288 2.25332 5.016 15.5977
147 5.86 0.728777 2.27622 0.669819 2.29006 5.09786 15.8774
148 5.9 0.728439 2.31626 0.666899 2.32714 5.15913 16.1643
149 5.94 0.729981 2.35693 0.675722 2.36523 5.11214 16.4524
150 5.98 0.725144 2.39788 0.676559 2.40388 5.36154 16.7587
151 6.02 0.733378 2.43985 0.674829 2.44294 5.54557 17.0797
152 6.06 0.724252 2.48185 0.677862 2.48271 5.53399 17.4043
153 6.1 0.731705 2.52485 0.68347 2.52333 5.68353 17.7422
154 6.14 0.734927 2.5686 0.699692 2.56547 5.90667 18.0979
155 6.18 0.725916 2.61238 0.708016 2.60866 6.04031 18.4664
156 6.22 0.731646 2.65708 0.71806 2.65304 6.15231 18.8466
157 6.26 0.73579 2.70261 0.713935 2.69773 6.20805 19.2352
158 6.3 0.742162 2.74913 0.727272 2.74384 6.26237 19.6323
159 6.34 0.73763 2.79595 0.741633 2.79146 6.27378 20.0351
160 6.38 0.738457 2.84341 0.753919 2.84048 6.50947 20.4583
161 6.42 0.737023 2.89138 0.764057 2.89079 6.49408 20.8859
162 6.46 0.739249 2.9401 0.773631 2.94236 6.57988 21.3245
163 6.5 0.739688 2.98945 0.775756 2.99471 6.71266 21.7776
164 6.54 0.739614 3.0394 0.799727 3.04935 6.74379 22.2383
165 6.58 0.740344 3.09002 0.812652 3.10556 6.85736 22.7126
166 6.62 0.735747 3.14094 0.810842 3.16232 7.00585 23.2031
167 6.66 0.749218 3.19341 0.829171 3.22107 6.90924 23.6926
168 6.7 0.759802 3.24727 0.835437 3.28098 6.8382 24.183
169 6.74 0.754112 3.30137 0.847632 3.34249 6.82332 24.6781
170 6.78 0.762171 3.3567 0.852619 3.4051 6.84906 25.181
171 6.82 0.777601 3.41381 0.856515 3.46873 6.95293 25.6976
172 6.86 0.776407 3.47151 0.869028 3.53406 6.94826 26.2199
173 6.9 0.783277 3.53039 0.872504 3.60042 6.83284 26.7396
174 6.94 0.807892 3.59184 0.873948 3.66766 6.79568 27.2624
175 6.98 0.802007 3.65354 0.865102 3.73498 6.67587 27.782
176 7.02 0.808517 3.71646 0.870984 3.80355 6.71563 28.3106
177 7.06 0.811799 3.78036 0.874867 3.87321 6.76456 28.8492
178 7.1 0.814526 3.8452 0.867506 3.94306 6.76363 29.3939
179 7.14 0.820012 3.91121 0.860442 4.01313 6.64148 29.9347
180 7.18 0.818624 3.97785 0.863945 4.08428 6.65285 30.4826
181 7.22 0.81823 4.0452 0.874732 4.15712 6.60753 31.0328
182 7.26 0.81941 4.11341 0.863387 4.22981 6.50513 31.5805
183 7.3 0.820244 4.18243 0.865476 4.30348 6.4771 32.1319
184 7.34 0.827492 4.25283 0.86802 4.37819 6.54123 32.6948
185 7.38 0.828301 4.32407 0.867582 4.45367 6.40101 33.2517
186 7.42 0.831593 4.39637 0.852287 4.52863 6.46862 33.8206
187 7.46 0.831687 4.46946 0.845985 4.60383 6.32018 34.3825
188 7.5 0.831859 4.54335 0.845037 4.67976 6.32562 34.9509
189 7.54 0.831852 4.61803 0.841518 4.75618 6.21407 35.5152
190 7.58 0.832033 4.69352 0.835612 4.83288 6.17737 36.0821
191 7.62 0.836331 4.7702 0.831823 4.91003 6.0978 36.6477
192 7.66 0.83827 4.84787 0.826208 4.98747 6.01369 37.2114
193 7.7 0.82851 4.92544 0.830326 5.06611 6.00672 37.7803
194 7.74 0.827817 5.00375 0.826416 5.1452 5.97204 38.3518
195 7.78 0.833892 5.08346 0.817668 5.22425 5.87451 38.9198
196 7.82 0.836757 5.16426 0.815914 5.30396 5.84716 39.491
197 7.86 0.829136 5.24515 0.810279 5.38392 5.77608 40.061
198 7.9 0.839229 5.32786 0.806692 5.46434 5.73192 40.6324
199 7.94 0.829158 5.4104 0.801275 5.54504 5.74139 41.2106
200 7.98 0.831678 5.49404 0.808864 5.62732 5.58594 41.7788
75000 200
1 0.02 0 0 0 0 0 0
2 0.06 0 0 0 0 0 0
3 0.1 0 0 0 0 0 0
4 0.14 0 0 0 0 0 0
5 0.18 0 0 0 0 0 0
6 0.22 0 0 0 0 0 0
7 0.26 0 0 0 0 0 0
8 0.3 0 0 0 0 0 0
9 0.34 0 0 0 0 0 0
10 0.38 0 0 0 0 0 0
11 0.42 0 0 0 0 0 0
12 0.46 0 0 0 0 0 0
13 0.5 0 0 0 0 0 0
14 0.54 0 0 0 0 0 0
15 0.58 0 0 0 0 0 0
16 0.62 0 0 0 0 0 0
17 0.66 0 0 0 0 0 0
18 0.7 0 0 0 0 0 0
19 0.74 0 0 0 0 0 0
20 0.78 0 0 0 0 0 0
21 0.82 0 0 0 0 0 0
22 0.86 0 0 0 0 0 0
23 0.9 0 0 0 0 0 0
24 0.94 0 0 0 0 0 0
25 0.98 0 0 0 0 0 0
26 1.02 0 0 0 0 0 0
27 1.06 0 0 0 0 0 0
28 1.1 0 0 0 0 0 0
29 1.14 0 0 0 0 0 0
30 1.18 0 0 0 0 0 0
31 1.22 0 0 0 0 0 0
32 1.26 0 0 0 0 0 0
33 1.3 0 0 0 0 0 0
34 1.34 0 0 0 0 0 0
35 1.38 0 0 0 0 0 0
36 1.42 0 0 0 0 0 0
37 1.46 0 0 0 0 0 0
38 1.5 0 0 0 0 0 0
39 1.54 0 0 0 0 0 0
40 1.58 0 0 0 0 0 0
41 1.62 0 0 0 0 0 0
42 1.66 0 0 0 0 0.0511355 0.000225153
43 1.7 0 0 0 0 4.38839 0.0204889
44 1.74 0 0 0 0 46.8501 0.247121
45 1.78 0 0 0 0 132.335 0.917047
46 1.82 0 0 0 0 156.106 1.74323
47 1.86 0 0 0 0 108.308 2.34191
48 1.9 0 0 0 0 55.2184 2.66041
49 1.94 0 0 0 0 23.701 2.80293
50 1.98 0 0 0 0 10.9735 2.87166
51 2.02 0 0 0 0 5.01752 2.90437
52 2.06 0 0 0 0 2.53326 2.92155
53 2.1 0 0 0 0 1.41512 2.93152
54 2.14 0 0 0.000517683 3.78788e-06 0.830809 2.9376
55 2.18 0 0 0.000498942 7.57576e-06 0.550678 2.94178
56 2.22 0 0 0.00721546 6.43939e-05 0.281849 2.944
57 2.26 0 0 0.0297075 0.000306818 0.417803 2.94741
58 2.3 0 0 0.114055 0.00127083 0.281619 2.94979
59 2.34 0 0 0.308925 0.00397348 0.261038 2.95207
60 2.38 0.000211667 1.89394e-06 0.672177 0.0100568 0.245221 2.95429
61 2.42 0.00266191 2.65152e-05 1.19037 0.0211951 0.281879 2.95693
62 2.46 0.0204092 0.000221591 1.76762 0.038286 0.282753 2.95967
63 2.5 0.0778936 0.00099053 2.29151 0.0611686 0.476713 2.96443
64 2.54 0.212815 0.00315909 2.6763 0.0887557 0.599118 2.9706
65 2.58 0.455046 0.00794318 2.83046 0.118858 0.786344 2.97896
66 2.62 0.883216 0.0175189 2.79269 0.149487 1.01181 2.99006
67 2.66 1.38086 0.0329508 2.59358 0.178807 1.36569 3.0055
68 2.7 1.9038 0.0548712 2.35128 0.206193 1.43322 3.02219
69 2.74 2.36212 0.0828807 2.0286 0.230527 1.44531 3.03953
70 2.78 2.64125 0.115121 1.78076 0.252515 1.20867 3.05445
71 2.82 2.74961 0.149657 1.56649 0.272419 0.99487 3.0671
72 2.86 2.74918 0.185174 1.36299 0.290231 0.905736 3.07893
73 2.9 2.56835 0.21929 1.15566 0.305759 0.830653 3.09009
74 2.94 2.32789 0.25107 1.00415 0.319627 0.857091 3.10193
75 2.98 2.06786 0.280074 0.918641 0.332661 0.865978 3.11422
76 3.02 1.80479 0.306072 0.825328 0.344688 0.951344 3.12808
77 3.06 1.57542 0.329371 0.750462 0.355915 0.982542 3.14278
78 3.1 1.36982 0.350163 0.69952 0.366655 1.10191 3.1597
79 3.14 1.19796 0.368818 0.655244 0.376977 1.19239 3.17848
80 3.18 1.05014 0.385591 0.619285 0.386983 1.17257 3.19743
81 3.22 0.934474 0.400894 0.585359 0.39668 1.33584 3.21956
82 3.26 0.828746 0.414805 0.574322 0.406432 1.39608 3.24326
83 3.3 0.768144 0.428017 0.55515 0.416091 1.57507 3.27067
84 3.34 0.700413 0.440358 0.542035 0.425752 1.75412 3.30193
85 3.38 0.678477 0.4526 0.549413 0.43578 1.97536 3.33799
86 3.42 0.62261 0.464102 0.541297 0.445896 2.37523 3.38237
87 3.46 0.61491 0.475729 0.557771 0.456564 2.74272 3.43483
88 3.5 0.602896 0.487394 0.563189 0.467587 3.11424 3.49579
89 3.54 0.606667 0.499402 0.569927 0.478998 3.55997 3.56706
90 3.58 0.616856 0.511888 0.591019 0.4911 3.84212 3.64574
91 3.62 0.626726 0.52486 0.607247 0.503814 4.2585 3.7349
92 3.66 0.65938 0.538811 0.625373 0.517199 4.45295 3.8302
93 3.7 0.672179 0.553345 0.654786 0.531521 4.81308 3.93548
94 3.74 0.706659 0.568956 0.678908 0.546693 4.95103 4.04612
95 3.78 0.732401 0.585485 0.706596 0.562824 5.15537 4.16381
96 3.82 0.786581 0.603614 0.726159 0.579754 5.35562 4.28868
97 3.86 0.826779 0.62307 0.745634 0.597504 5.22629 4.41309
98 3.9 0.858471 0.643693 0.765097 0.616097 5.08254 4.5366
99 3.94 0.896904 0.665684 0.805004 0.636062 5.03047 4.66137
100 3.98 0.939828 0.689197 0.817938 0.656763 4.88789 4.78508
101 4.02 0.980878 0.714233 0.85199 0.678761 4.64911 4.90511
102 4.06 1.00376 0.740366 0.854631 0.701269 4.47491 5.02297
103 4.1 1.00696 0.7671 0.872519 0.724703 4.37246 5.1404
104 4.14 1.03055 0.794998 0.870057 0.748528 4.29191 5.25793
105 4.18 1.01038 0.822881 0.907555 0.773864 4.13872 5.37346
106 4.22 1.01111 0.85132 0.917794 0.799977 4.40992 5.49894
107 4.26 0.968818 0.879089 0.93147 0.826985 4.44288 5.62776
108 4.3 0.950876 0.906858 0.963074 0.855436 4.76784 5.76861
109 4.34 0.920189 0.934233 0.980017 0.884928 5.10998 5.92239
110 4.38 0.881518 0.960943 1.01565 0.916059 5.25007 6.08331
111 4.42 0.882821 0.988184 1.05396 0.948956 5.71192 6.2616
112 4.46 0.858136 1.01514 1.07679 0.983178 6.02688 6.45314
113 4.5 0.857041 1.04255 1.11604 1.01929 6.06238 6.64928
114 4.54 0.852596 1.07031 1.11481 1.056 6.26468 6.85558
115 4.58 0.870696 1.09916 1.12187 1.0936 6.78533 7.08298
116 4.62 0.871189 1.12853 1.13385 1.13226 6.77208 7.31393
117 4.66 0.872864 1.15846 1.12178 1.17118 7.14487 7.56182
118 4.7 0.880979 1.1892 1.0923 1.20973 7.10854 7.81271
119 4.74 0.898087 1.22107 1.06936 1.24812 7.23103 8.07227
120 4.78 0.915764 1.25412 1.04661 1.28633 7.2973 8.33866
121 4.82 0.923905 1.28802 1.01416 1.32397 7.3309 8.61078
122 4.86 0.93597 1.32294 0.999032 1.36167 7.3667 8.88877
123 4.9 0.932042 1.35828 0.96477 1.39868 7.29139 9.16848
124 4.94 0.933615 1.39427 0.947509 1.43563 7.27442 9.45211
125 4.98 0.93942 1.43106 0.9378 1.47278 7.51197 9.74976
126 5.02 0.933837 1.46823 0.927239 1.51012 7.39115 10.0473
127 5.06 0.922786 1.50555 0.930785 1.54819 7.34865 10.348
128 5.1 0.920861 1.54338 0.900386 1.58561 7.39789 10.6554
129 5.14 0.910579 1.58137 0.904641 1.6238 7.15898 10.9576
130 5.18 0.893172 1.61923 0.890768 1.66198 7.06989 11.2607
131 5.22 0.889966 1.65753 0.880345 1.70031 6.73587 11.5539
132 5.26 0.891522 1.69648 0.85638 1.73816 6.70511 11.8503
133 5.3 0.866888 1.73495 0.840171 1.77587 6.24523 12.1306
134 5.34 0.858913 1.77363 0.819774 1.81322 6.08563 12.4078
135 5.38 0.849586 1.81247 0.799439 1.85019 5.86752 12.6792
136 5.42 0.83203 1.85107 0.793008 1.88741 5.79564 12.9512
137 5.46 0.817028 1.88954 0.772763 1.92422 5.61309 13.2186
138 5.5 0.812163 1.92834 0.765245 1.9612 5.45123 13.482
139 5.54 0.786216 1.96646 0.760533 1.99849 5.28753 13.7413
140 5.58 0.772329 2.00444 0.733831 2.035 5.33352 14.0066
141 5.62 0.768586 2.04278 0.722444 2.07146 5.20691 14.2694
142 5.66 0.760869 2.08128 0.711567 2.10788 5.09209 14.53
143 5.7 0.755652 2.12005 0.701689 2.1443 5.0717 14.7933
144 5.74 0.745086 2.15883 0.688237 2.18053 5.02995 15.0581
145 5.78 0.739259 2.19783 0.690239 2.21737 4.96659 15.3232
146 5.82 0.726795 2.23672 0.668012 2.25352 4.97168 15.5922
147 5.86 0.740373 2.27687 0.672111 2.2904 5.02071 15.8677
148 5.9 0.721206 2.31652 0.667422 2.32752 5.20094 16.1569
149 5.94 0.732597 2.35735 0.677311 2.3657 5.23385 16.452
150 5.98 0.729937 2.39858 0.678788 2.40448 5.36785 16.7587
151 6.02 0.71931 2.43975 0.679511 2.44383 5.56232 17.0807
152 6.06 0.733912 2.48232 0.678803 2.48366 5.58558 17.4085
153 6.1 0.723609 2.52484 0.686812 2.52449 5.73442 17.7494
154 6.14 0.732946 2.56848 0.686824 2.56586 5.82442 18.1002
155 6.18 0.733348 2.61272 0.710831 2.60923 5.87102 18.4584
156 6.22 0.733989 2.65757 0.708212 2.65301 6.09078 18.8349
157 6.26 0.727758 2.70262 0.718793 2.69801 6.18736 19.2223
158 6.3 0.741298 2.74909 0.727496 2.74414 6.33829 19.6243
159 6.34 0.748858 2.79663 0.734122 2.79129 6.36876 20.0333
160 6.38 0.735875 2.84394 0.74239 2.83957 6.39747 20.4493
161 6.42 0.740609 2.89215 0.766358 2.89004 6.58519 20.883
162 6.46 0.742244 2.94107 0.778884 2.94197 6.49568 21.3161
163 6.5 0.740487 2.99048 0.7895 2.99526 6.70903 21.7689
164 6.54 0.734708 3.04012 0.794975 3.04959 6.8117 22.2344
165 6.58 0.743612 3.09097 0.802234 3.10508 6.83189 22.707
166 6.62 0.745405 3.14256 0.835225 3.16356 6.88051 23.1888
167 6.66 0.733154 3.19392 0.823403 3.22191 6.92522 23.6795
168 6.7 0.747639 3.24693 0.837368 3.28197 6.95439 24.1783
169 6.74 0.762918 3.30167 0.840899 3.343 6.84686 24.6753
170 6.78 0.767351 3.35738 0.844699 3.40504 6.97129 25.1873
171 6.82 0.773305 3.41419 0.861069 3.46903 6.92134 25.7016
172 6.86 0.783602 3.47243 0.86733 3.53424 6.88064 26.2189
173 6.9 0.784391 3.53141 0.873313 3.60067 6.82521 26.7381
174 6.94 0.801567 3.59239 0.874349 3.66795 6.7802 27.2599
175 6.98 0.802718 3.65416 0.869783 3.73566 6.71923 27.7829
176 7.02 0.804303 3.71676 0.871156 3.80425 6.7397 28.3135
177 7.06 0.810613 3.78058 0.87594 3.87401 6.77704 28.8532
178 7.1 0.8227 3.84608 0.871694 3.94421 6.71528 29.3941
179 7.14 0.81393 3.91161 0.869093 4.015 6.6754 29.9378
180 7.18 0.82161 3.97851 0.863945 4.08616 6.6461 30.4852
181 7.22 0.816029 4.0457 0.855626 4.15742 6.58929 31.034
182 7.26 0.823717 4.11427 0.868287 4.23054 6.52184 31.5832
183 7.3 0.818 4.18312 0.866917 4.30435 6.45699 32.133
184 7.34 0.818968 4.2528 0.861055 4.37847 6.53406 32.6954
185 7.38 0.825767 4.32384 0.861891 4.45347 6.40242 33.2525
186 7.42 0.825754 4.39564 0.849093 4.52816 6.34418 33.8106
187 7.46 0.828537 4.46847 0.853581 4.60405 6.40801 34.3803
188 7.5 0.838844 4.54299 0.847072 4.68018 6.27074 34.9439
189 7.54 0.839543 4.61838 0.838105 4.75631 6.27381 35.5138
190 7.58 0.831644 4.69385 0.834732 4.83293 6.16677 36.0799
191 7.62 0.83793 4.77069 0.830995 4.91002 6.12059 36.6477
192 7.66 0.834189 4.848 0.82555 4.98742 6.01669 37.2117
193 7.7 0.832766 4.92598 0.826512 5.06571 5.96078 37.7764
194 7.74 0.832107 5.00472 0.823571 5.14454 5.96855 38.3476
195 7.78 0.837796 5.08481 0.816142 5.22346 5.90001 38.9182
196 7.82 0.830855 5.16506 0.818342 5.30342 5.76575 39.4815
197 7.86 0.833368 5.24637 0.81103 5.38347 5.7802 40.0521
198 7.9 0.832945 5.32848 0.809885 5.46423 5.73697 40.6241
199 7.94 0.828643 5.41099 0.807461 5.54556 5.69528 41.1978
200 7.98 0.829395 5.49441 0.804692 5.62743 5.6396 41.7716
76000 200
1 0.02 0 0 0 0 0 0
2 0.06 0 0 0 0 0 0
3 0.1 0 0 0 0 0 0
4 0.14 0 0 0 0 0 0
5 0.18 0 0 0 0 0 0
6 0.22 0 0 0 0 0 0
7 0.26 0 0 0 0 0 0
8 0.3 0 0 0 0 0 0
9 0.34 0 0 0 0 0 0
10 0.38 0 0 0 0 0 0
11 0.42 0 0 0 0 0 0
12 0.46 0 0 0 0 0 0
13 0.5 0 0 0 0 0 0
14 0.54 0 0 0 0 0 0
15 0.58 0 0 0 0 0 0
16 0.62 0 0 0 0 0 0
17 0.66 0 0 0 0 0 0
18 0.7 0 0 0 0 0 0
19 0.74 0 0 0 0 0 0
20 0.78 0 0 0 0 0 0
21 0.82 0 0 0 0 0 0
22 0.86 0 0 0 0 0 0
23 0.9 0 0 0 0 0 0
24 0.94 0 0 0 0 0 0
25 0.98 0 0 0 0 0 0
26 1.02 0 0 0 0 0 0
27 1.06 0 0 0 0 0 0
28 1.1 0 0 0 0 0 0
29 1.14 0 0 0 0 0 0
30 1.18 0 0 0 0 0 0
31 1.22 0 0 0 0 0 0
32 1.26 0 0 0 0 0 0
33 1.3 0 0 0 0 0 0
34 1.34 0 0 0 0 0 0
35 1.38 0 0 0 0 0 0
36 1.42 0 0 0 0 0 0
37 1.46 0 0 0 0 0 0
38 1.5 0 0 0 0 0 0
39 1.54 0 0 0 0 0 0
40 1.58 0 0 0 0 0 0
41 1.62 0 0 0 0 0 0
42 1.66 0 0 0 0 0.0292163 0.000128659
43 1.7 0 0 0 0 4.65914 0.0216468
44 1.74 0 0 0 0 46.7875 0.248022
45 1.78 0 0 0 0 131.083 0.91174
46 1.82 0 0 0 0 157.364 1.74474
47 1.86 0 0 0 0 107.954 2.34159
48 1.9 0 0 0 0 54.5663 2.65638
49 1.94 0 0 0 0 24.6698 2.80476
50 1.98 0 0 0 0 10.8892 2.87298
51 2.02 0 0 0 0 5.13982 2.9065
52 2.06 0 0 0 0 2.47107 2.92326
53 2.1 0 0 0 0 1.32357 2.93258
54 2.14 0 0 0 0 0.8746 2.93898
55 2.18 0 0 0.000997575 7.57576e-06 0.533636 2.94304
56 2.22 0 0 0.00769534 6.81818e-05 0.367557 2.94593
57 2.26 0 0 0.0301646 0.000314394 0.275841 2.94818
58 2.3 0 0 0.112243 0.00126326 0.235897 2.95018
59 2.34 0 0 0.314059 0.00401136 0.260986 2.95246
60 2.38 0.000423275 3.78788e-06 0.65656 0.00995455 0.234525 2.95458
61 2.42 0.00348009 3.59848e-05 1.18649 0.0210587 0.257766 2.957
62 2.46 0.019019 0.000217803 1.76904 0.0381667 0.299337 2.95989
63 2.5 0.0725083 0.000933712 2.32082 0.0613466 0.437974 2.96427
64 2.54 0.205895 0.0030322 2.71178 0.0893049 0.549079 2.96993
65 2.58 0.470985 0.00798485 2.829 0.119398 0.789207 2.97832
66 2.62 0.872565 0.017447 2.77454 0.149833 1.16993 2.99115
67 2.66 1.39804 0.0330739 2.57531 0.178953 1.34267 3.00634
68 2.7 1.88155 0.0547424 2.33098 0.206108 1.51577 3.02399
69 2.74 2.33737 0.082464 2.03468 0.230519 1.3646 3.04037
70 2.78 2.61699 0.114415 1.80188 0.252773 1.12509 3.05426
71 2.82 2.80455 0.149648 1.53459 0.272275 1.02761 3.06732
72 2.86 2.73735 0.185019 1.34359 0.289837 0.824333 3.0781
73 2.9 2.58168 0.219318 1.17601 0.305642 0.859191 3.08964
74 2.94 2.33103 0.251148 1.03138 0.319888 0.87789 3.10177
75 2.98 2.06989 0.280186 0.923932 0.333 0.838599 3.11367
76 3.02 1.82915 0.30654 0.823865 0.345008 0.937928 3.12734
77 3.06 1.5586 0.329595 0.7569 0.356333 0.928612 3.14124
78 3.1 1.36057 0.35025 0.699875 0.367081 1.0535 3.15741
79 3.14 1.20149 0.368964 0.647779 0.377288 1.17586 3.17594
80 3.18 1.03903 0.385563 0.618228 0.387278 1.25793 3.19627
81 3.22 0.920524 0.40064 0.586046 0.396989 1.34918 3.21862
82 3.26 0.85239 0.414951 0.555807 0.406428 1.43938 3.24307
83 3.3 0.764252 0.428098 0.550903 0.416015 1.58764 3.2707
84 3.34 0.722414 0.44083 0.551705 0.42585 1.76097 3.30209
85 3.38 0.672991 0.452975 0.550861 0.435907 2.09832 3.3404
86 3.42 0.632022 0.464653 0.537544 0.445955 2.28528 3.38311
87 3.46 0.604073 0.476078 0.552114 0.456517 2.78421 3.43638
88 3.5 0.608256 0.487848 0.552916 0.467341 3.03804 3.49585
89 3.54 0.598987 0.499706 0.580309 0.478962 3.64597 3.56886
90 3.58 0.609343 0.512044 0.595527 0.491159 3.86806 3.64809
91 3.62 0.624772 0.524977 0.606223 0.503854 4.19466 3.73593
92 3.66 0.642336 0.53857 0.626047 0.517256 4.53774 3.83307
93 3.7 0.674498 0.553157 0.636565 0.531182 4.73715 3.9367
94 3.74 0.705917 0.568756 0.676485 0.546303 5.09972 4.05069
95 3.78 0.740982 0.585481 0.692934 0.562125 5.0529 4.16607
96 3.82 0.780839 0.603481 0.723494 0.578996 5.31043 4.2899
97 3.86 0.829433 0.623004 0.756543 0.597009 5.15094 4.41254
98 3.9 0.86445 0.643775 0.782482 0.616028 5.19537 4.53882
99 3.94 0.902592 0.665909 0.804539 0.635987 4.96856 4.66208
100 3.98 0.945771 0.689576 0.829 0.656972 4.86917 4.78533
101 4.02 0.978307 0.714551 0.843022 0.678742 4.63325 4.90499
102 4.06 1.0064 0.740758 0.864528 0.701515 4.47158 5.02277
103 4.1 1.01924 0.767824 0.874885 0.725017 4.35602 5.13979
104 4.14 1.0179 0.795384 0.877075 0.74904 4.27107 5.25677
105 4.18 0.998647 0.822949 0.891982 0.773945 4.25541 5.37559
106 4.22 0.996367 0.850979 0.904499 0.799686 4.3808 5.50026
107 4.26 0.975893 0.878956 0.929847 0.826652 4.42869 5.62869
108 4.3 0.951857 0.906759 0.969805 0.855307 4.80497 5.77067
109 4.34 0.922107 0.934197 0.985106 0.884958 5.00105 5.9212
110 4.38 0.894031 0.961292 1.01921 0.916205 5.21125 6.08096
111 4.42 0.861231 0.987871 1.04987 0.948981 5.69636 6.2588
112 4.46 0.857423 1.01481 1.08457 0.983456 5.8972 6.44625
113 4.5 0.847458 1.04192 1.12536 1.01987 6.17251 6.646
114 4.54 0.875054 1.07042 1.12195 1.05683 6.38063 6.85616
115 4.58 0.860463 1.09893 1.12713 1.09461 6.82717 7.08501
116 4.62 0.879273 1.12858 1.12852 1.1331 6.95556 7.32226
117 4.66 0.869986 1.15842 1.11463 1.17178 7.07024 7.56761
118 4.7 0.889647 1.18947 1.09547 1.21045 7.01694 7.81531
119 4.74 0.895938 1.22127 1.06419 1.24866 7.21256 8.07427
120 4.78 0.909811 1.25411 1.03172 1.28633 7.28087 8.34011
121 4.82 0.929711 1.28823 1.009 1.32379 7.23764 8.60881
122 4.86 0.929596 1.32291 0.986844 1.36104 7.34651 8.8861
123 4.9 0.934201 1.35835 0.968824 1.39821 7.48023 9.17311
124 4.94 0.929061 1.39416 0.963638 1.43579 7.45856 9.46398
125 4.98 0.942765 1.4311 0.924805 1.47244 7.29297 9.75301
126 5.02 0.935177 1.46833 0.918123 1.50942 7.50469 10.0552
127 5.06 0.911362 1.50519 0.924863 1.54726 7.19625 10.3497
128 5.1 0.921092 1.54304 0.925449 1.58572 7.22927 10.6501
129 5.14 0.910988 1.58106 0.909711 1.62413 7.34654 10.9603
130 5.18 0.90555 1.61944 0.885866 1.66212 7.00998 11.2609
131 5.22 0.892563 1.65786 0.868863 1.69995 6.88891 11.5609
132 5.26 0.888616 1.6967 0.857069 1.73784 6.57647 11.8516
133 5.3 0.872351 1.73541 0.832915 1.77523 6.38445 12.1382
134 5.34 0.862989 1.77429 0.815954 1.81241 6.08868 12.4157
135 5.38 0.845525 1.81295 0.804112 1.84961 5.85036 12.6863
136 5.42 0.827376 1.85134 0.792648 1.88682 5.75064 12.9562
137 5.46 0.807375 1.88937 0.780719 1.92401 5.56675 13.2214
138 5.5 0.8101 1.92808 0.772267 1.96134 5.5453 13.4895
139 5.54 0.794812 1.96661 0.75289 1.99827 5.34944 13.7518
140 5.58 0.786615 2.0053 0.739547 2.03506 5.22 14.0116
141 5.62 0.77056 2.04375 0.726918 2.07175 5.22753 14.2754
142 5.66 0.759221 2.08217 0.703881 2.10779 5.11684 14.5374
143 5.7 0.747569 2.12054 0.6948 2.14386 4.992 14.7966
144 5.74 0.732858 2.15869 0.691483 2.18027 5.02162 15.061
145 5.78 0.739041 2.19769 0.68599 2.21689 4.98852 15.3273
146 5.82 0.727361 2.23661 0.677571 2.25357 5.08717 15.6026
147 5.86 0.730592 2.27624 0.673565 2.29053 5.04959 15.8797
148 5.9 0.727711 2.31626 0.667323 2.32765 5.13633 16.1655
149 5.94 0.73184 2.35705 0.673785 2.36564 5.14839 16.4557
150 5.98 0.729895 2.39829 0.66881 2.40386 5.33754 16.7608
151 6.02 0.728299 2.43998 0.686081 2.44359 5.38068 17.0724
152 6.06 0.73331 2.48252 0.675247 2.48322 5.64589 17.4037
153 6.1 0.73181 2.52554 0.687984 2.52413 5.79005 17.748
154 6.14 0.730605 2.56905 0.69791 2.56618 5.91615 18.1044
155 6.18 0.727709 2.61296 0.70014 2.60891 6.02953 18.4724
156 6.22 0.729598 2.65755 0.716008 2.65317 6.0667 18.8475
157 6.26 0.728961 2.70267 0.715294 2.69797 6.20002 19.2357
158 6.3 0.731878 2.74856 0.72338 2.74385 6.23613 19.6313
159 6.34 0.740388 2.79558 0.73834 2.79127 6.34397 20.0388
160 6.38 0.743005 2.84335 0.746727 2.83985 6.3606 20.4525
161 6.42 0.738137 2.89141 0.770953 2.89062 6.49988 20.8806
162 6.46 0.739596 2.94017 0.769329 2.94193 6.60291 21.3209
163 6.5 0.733928 2.98916 0.784181 2.99488 6.64243 21.7694
164 6.54 0.737029 3.03895 0.790332 3.04889 6.79249 22.2337
165 6.58 0.73948 3.08953 0.806646 3.1047 6.85846 22.7082
166 6.62 0.750593 3.1415 0.826487 3.16259 6.96412 23.1959
167 6.66 0.745199 3.19371 0.831817 3.22155 6.95697 23.689
168 6.7 0.748586 3.2468 0.839474 3.28177 6.84946 24.1804
169 6.74 0.756433 3.30108 0.84548 3.34314 6.89867 24.6812
170 6.78 0.762402 3.35645 0.85255 3.40577 6.92217 25.1897
171 6.82 0.779518 3.41372 0.862887 3.46991 6.89358 25.7021
172 6.86 0.779115 3.47164 0.863958 3.53488 6.8964 26.2207
173 6.9 0.794183 3.53137 0.86495 3.60068 6.83655 26.7408
174 6.94 0.794985 3.59186 0.872159 3.66781 6.79809 27.264
175 6.98 0.808342 3.65407 0.869053 3.73547 6.84844 27.7972
176 7.02 0.803462 3.71662 0.871754 3.80412 6.73346 28.3275
177 7.06 0.805953 3.78008 0.870773 3.87348 6.76965 28.8667
178 7.1 0.821277 3.84548 0.869642 3.94354 6.79379 29.414
179 7.14 0.81939 3.91147 0.87078 4.01448 6.67961 29.9582
180 7.18 0.815007 3.97785 0.862278 4.08551 6.57494 30.4998
181 7.22 0.819019 4.04529 0.864211 4.1575 6.49996 31.0413
182 7.26 0.82576 4.11405 0.866946 4.23052 6.47892 31.587
183 7.3 0.822697 4.1833 0.862119 4.30394 6.49727 32.1403
184 7.34 0.827774 4.25376 0.86399 4.37832 6.49726 32.6996
185 7.38 0.832935 4.32542 0.857695 4.45297 6.40596 33.2572
186 7.42 0.825961 4.39726 0.847698 4.52755 6.45624 33.8252
187 7.46 0.828029 4.47005 0.847747 4.60295 6.35572 34.3904
188 7.5 0.831049 4.5439 0.84682 4.67907 6.37328 34.9633
189 7.54 0.826767 4.61815 0.843739 4.75572 6.3055 35.5362
190 7.58 0.837114 4.69413 0.842693 4.83309 6.17257 36.1029
191 7.62 0.837725 4.77097 0.833993 4.91048 6.05038 36.6643
192 7.66 0.839744 4.84881 0.825771 4.98791 5.9774 37.2248
193 7.7 0.830356 4.92658 0.828747 5.06643 5.89748 37.7836
194 7.74 0.818154 5.00401 0.821133 5.14504 5.97275 38.3554
195 7.78 0.831472 5.08352 0.809617 5.22335 5.93177 38.9291
196 7.82 0.834632 5.16414 0.812637 5.30276 5.785 39.4944
197 7.86 0.831787 5.24532 0.805863 5.38232 5.80579 40.0676
198 7.9 0.832048 5.32735 0.806686 5.46277 5.7381 40.6399
199 7.94 0.832757 5.41029 0.809425 5.54432 5.7031 41.2144
200 7.98 0.833466 5.49413 0.806003 5.62634 5.61225 41.7856
77000 200
1 0.02 0 0 0 0 0 0
2 0.06 0 0 0 0 0 0
3 0.1 0 0 0 0 0 0
4 0.14 0 0 0 0 0 0
5 0.18 0 0 0 0 0 0
6 0.22 0 0 0 0 0 0
7 0.26 0 0 0 0 0 0
8 0.3 0 0 0 0 0 0
9 0.34 0 0 0 0 0 0
10 0.38 0 0 0 0 0 0
11 0.42 0 0 0 0 0 0
12 0.46 0 0 0 0 0 0
13 0.5 0 0 0 0 0 0
14 0.54 0 0 0 0 0 0
15 0.58 0 0 0 0 0 0
16 0.62 0 0 0 0 0 0
17 0.66 0 0 0 0 0 0
18 0.7 0 0 0 0 0 0
19 0.74 0 0 0 0 0 0
20 0.78 0 0 0 0 0 0
21 0.82 0 0 0 0 0 0
22 0.86 0 0 0 0 0 0
23 0.9 0 0 0 0 0 0
24 0.94 0 0 0 0 0 0
25 0.98 0 0 0 0 0 0
26 1.02 0 0 0 0 0 0
27 1.06 0 0 0 0 0 0
28 1.1 0 0 0 0 0 0
29 1.14 0 0 0 0 0 0
30 1.18 0 0 0 0 0 0
31 1.22 0 0 0 0 0 0
32 1.26 0 0 0 0 0 0
33 1.3 0 0 0 0 0 0
34 1.34 0 0 0 0 0 0
35 1.38 0 0 0 0 0 0
36 1.42 0 0 0 0 0 0
37 1.46 0 0 0 0 0 0
38 1.5 0 0 0 0 0 0
39 1.54 0 0 0 0 0 0
40 1.58 0 0 0 0 0 0
41 1.62 0 0 0 0 0 0
42 1.66 0 0 0 0 0.0292079 0.000128659
43 1.7 0 0 0 0 4.37953 0.0203602
44 1.74 0 0 0 0 46.1518 0.243712
45 1.78 0 0 0 0 131.96 0.91203
46 1.82 0 0 0 0 157.94 1.74828
47 1.86 0 0 0 0 107.795 2.34439
48 1.9 0 0 0 0 54.5423 2.65912
49 1.94 0 0 0 0 24.402 2.80592
50 1.98 0 0 0 0 10.6042 2.87237
51 2.02 0 0 0 0 5.03994 2.90524
52 2.06 0 0 0 0 2.35668 2.92123
53 2.1 0 0 0 0 1.36432 2.93085
54 2.14 0 0 0.000517469 3.78788e-06 0.843642 2.93702
55 2.18 0 0 0.00124637 1.32576e-05 0.512328 2.94091
56 2.22 0 0 0.00721258 7.00758e-05 0.461368 2.94455
57 2.26 0 0 0.0294612 0.000310606 0.326995 2.94722
58 2.3 0 0 0.105496 0.00120265 0.270078 2.9495
59 2.34 0 0 0.304463 0.00386742 0.227859 2.9515
60 2.38 0.000423333 3.78788e-06 0.663937 0.00987879 0.184727 2.95317
61 2.42 0.00429746 4.35606e-05 1.2119 0.0212235 0.288617 2.95587
62 2.46 0.0249562 0.000282197 1.75922 0.0382405 0.352476 2.95928
63 2.5 0.0667373 0.000941288 2.29088 0.0611269 0.421764 2.96349
64 2.54 0.203989 0.00302083 2.69866 0.0889564 0.539597 2.96906
65 2.58 0.477358 0.00804167 2.85024 0.119282 0.801108 2.97758
66 2.62 0.866072 0.0174356 2.80132 0.150019 1.06997 2.98932
67 2.66 1.3674 0.0327235 2.61104 0.179549 1.32246 3.00428
68 2.7 1.85594 0.0541023 2.2958 0.206301 1.47676 3.02149
69 2.74 2.36221 0.082125 2.03136 0.230678 1.49832 3.03947
70 2.78 2.68911 0.114964 1.78505 0.252729 1.19771 3.05426
71 2.82 2.79002 0.150023 1.56193 0.272583 0.959026 3.06645
72 2.86 2.73642 0.18539 1.36501 0.29043 0.851206 3.07758
73 2.9 2.58833 0.219786 1.15037 0.305894 0.868554 3.08926
74 2.94 2.3338 0.251661 1.01811 0.31996 0.824131 3.10064
75 2.98 2.07992 0.280847 0.894761 0.332661 0.906407 3.11351
76 3.02 1.77299 0.306398 0.829902 0.344759 0.87151 3.12621
77 3.06 1.57154 0.32965 0.752546 0.356023 1.06162 3.1421
78 3.1 1.35389 0.350208 0.702793 0.366818 1.0449 3.15815
79 3.14 1.19136 0.368769 0.647387 0.377021 1.14088 3.17613
80 3.18 1.04341 0.385441 0.621361 0.387064 1.28947 3.19698
81 3.22 0.941696 0.400869 0.606818 0.397121 1.3275 3.21898
82 3.26 0.851618 0.41517 0.566156 0.406739 1.48068 3.24413
83 3.3 0.768694 0.428398 0.54827 0.416282 1.60948 3.27215
84 3.34 0.705161 0.440828 0.545626 0.426011 1.77856 3.30386
85 3.38 0.665908 0.452848 0.537349 0.435824 1.94457 3.33937
86 3.42 0.647859 0.464822 0.548762 0.446083 2.33637 3.38305
87 3.46 0.617745 0.476508 0.560496 0.456809 2.6205 3.43319
88 3.5 0.608307 0.488282 0.55569 0.467689 3.21474 3.49614
89 3.54 0.603628 0.500235 0.583197 0.479371 3.60978 3.56845
90 3.58 0.603965 0.512466 0.583368 0.491322 3.88128 3.64796
91 3.62 0.605232 0.524998 0.604179 0.503977 4.19984 3.73593
92 3.66 0.648983 0.538735 0.620238 0.517258 4.47958 3.83184
93 3.7 0.676791 0.553375 0.641175 0.531288 4.74485 3.93567
94 3.74 0.693241 0.568697 0.68556 0.546616 5.02369 4.04799
95 3.78 0.738374 0.585367 0.706785 0.562758 5.17568 4.16619
96 3.82 0.794783 0.603693 0.727871 0.579735 5.22502 4.28807
97 3.86 0.822075 0.623047 0.749604 0.597587 5.3631 4.41579
98 3.9 0.861014 0.643741 0.772944 0.616379 5.06845 4.53902
99 3.94 0.903774 0.665909 0.806567 0.636392 5.02827 4.66378
100 3.98 0.938059 0.689388 0.831719 0.657451 4.80831 4.78553
101 4.02 0.976519 0.714324 0.840695 0.679167 4.55497 4.90318
102 4.06 0.986679 0.740023 0.851531 0.701602 4.43512 5.02004
103 4.1 1.02014 0.767119 0.867702 0.724917 4.34182 5.1367
104 4.14 1.02808 0.794962 0.877148 0.748947 4.39337 5.25706
105 4.18 1.03456 0.823525 0.900654 0.7741 4.15533 5.37311
106 4.22 0.999628 0.851653 0.909474 0.799989 4.31423 5.49592
107 4.26 0.969784 0.879462 0.928778 0.82693 4.52857 5.62728
108 4.3 0.944178 0.907047 0.953556 0.855112 4.75488 5.7678
109 4.34 0.910943 0.934159 0.985064 0.884769 5.08639 5.92094
110 4.38 0.89357 0.961246 1.02348 0.916153 5.41245 6.08691
111 4.42 0.875995 0.988288 1.04379 0.948748 5.52814 6.25954
112 4.46 0.855958 1.01519 1.07954 0.983072 5.9464 6.4486
113 4.5 0.844477 1.04221 1.12106 1.01936 6.09851 6.646
114 4.54 0.854258 1.07003 1.13295 1.05668 6.35958 6.85552
115 4.58 0.874089 1.09901 1.13036 1.09458 6.77278 7.0826
116 4.62 0.868618 1.1283 1.12247 1.13288 6.86062 7.31666
117 4.66 0.890479 1.15886 1.11628 1.17163 7.08062 7.56243
118 4.7 0.90767 1.19054 1.08963 1.2101 7.19657 7.81653
119 4.74 0.876199 1.22164 1.06705 1.24842 7.12396 8.07237
120 4.78 0.911378 1.25455 1.03609 1.28626 7.30646 8.33921
121 4.82 0.912878 1.28806 1.00351 1.32352 7.24717 8.60833
122 4.86 0.937547 1.32305 0.985659 1.36073 7.41633 8.88832
123 4.9 0.936133 1.35856 0.972002 1.39804 7.53378 9.17745
124 4.94 0.922061 1.39412 0.95098 1.43513 7.32155 9.46304
125 4.98 0.937565 1.43086 0.940066 1.4724 7.35701 9.75468
126 5.02 0.936379 1.46815 0.936194 1.51011 7.25933 10.0471
127 5.06 0.921025 1.50541 0.929687 1.54816 7.3478 10.3478
128 5.1 0.924103 1.54339 0.912704 1.5861 7.27245 10.6501
129 5.14 0.905146 1.58117 0.904878 1.62431 7.16657 10.9528
130 5.18 0.912259 1.61985 0.887377 1.66237 7.09457 11.2571
131 5.22 0.89851 1.65854 0.879311 1.70067 6.89247 11.5573
132 5.26 0.881951 1.69709 0.853141 1.7384 6.64981 11.8513
133 5.3 0.878417 1.73608 0.836557 1.77596 6.32131 12.1352
134 5.34 0.857111 1.7747 0.81435 1.81308 6.12111 12.4142
135 5.38 0.842382 1.81323 0.801221 1.85014 5.92894 12.6885
136 5.42 0.812164 1.85093 0.794195 1.88744 5.70408 12.9563
137 5.46 0.818603 1.88949 0.784988 1.92484 5.50672 13.2187
138 5.5 0.805831 1.928 0.758099 1.9615 5.44487 13.482
139 5.54 0.792164 1.96642 0.760741 1.99882 5.29442 13.7417
140 5.58 0.777924 2.00469 0.744053 2.03585 5.32089 14.0065
141 5.62 0.782483 2.04374 0.715267 2.07196 5.20719 14.2694
142 5.66 0.758443 2.08214 0.709077 2.10827 5.0974 14.5304
143 5.7 0.74957 2.12062 0.689714 2.14408 5.04717 14.7925
144 5.74 0.744471 2.15938 0.694268 2.18065 4.97647 15.0546
145 5.78 0.735565 2.1982 0.681392 2.21703 5.06865 15.3252
146 5.82 0.735399 2.23756 0.676608 2.25366 4.99686 15.5958
147 5.86 0.734956 2.27744 0.680237 2.291 5.04725 15.8728
148 5.9 0.730155 2.3176 0.670228 2.32829 5.16342 16.1601
149 5.94 0.728033 2.35819 0.670232 2.36609 5.21448 16.4542
150 5.98 0.729957 2.39944 0.674781 2.40466 5.31487 16.758
151 6.02 0.722373 2.4408 0.682454 2.4442 5.48936 17.076
152 6.06 0.726803 2.48298 0.673571 2.48373 5.61331 17.4055
153 6.1 0.723456 2.52552 0.69489 2.52506 5.75735 17.7479
154 6.14 0.72417 2.56865 0.685489 2.56637 5.88754 18.1027
155 6.18 0.725935 2.61246 0.701681 2.6092 5.95224 18.466
156 6.22 0.72896 2.65702 0.714278 2.65338 6.08399 18.8423
157 6.26 0.738118 2.70273 0.722564 2.69863 6.19852 19.2305
158 6.3 0.742969 2.74932 0.715148 2.744 6.39688 19.6363
159 6.34 0.728912 2.79562 0.738315 2.79144 6.36901 20.0455
160 6.38 0.743182 2.84342 0.757467 2.84072 6.44068 20.4646
161 6.42 0.73744 2.89145 0.758693 2.8907 6.53985 20.8954
162 6.46 0.739278 2.94019 0.774937 2.9424 6.51358 21.3299
163 6.5 0.7392 2.98954 0.783101 2.99528 6.678 21.7809
164 6.54 0.74445 3.03985 0.796377 3.04973 6.74807 22.2422
165 6.58 0.743151 3.0907 0.814419 3.10609 6.93396 22.7221
166 6.62 0.746615 3.1424 0.819587 3.1635 6.82521 23.2002
167 6.66 0.740186 3.19427 0.82513 3.222 6.86414 23.6868
168 6.7 0.750999 3.24754 0.838246 3.28214 6.79363 24.1743
169 6.74 0.75586 3.3018 0.847208 3.34366 6.94844 24.6788
170 6.78 0.761543 3.35711 0.850158 3.40613 6.86012 25.1829
171 6.82 0.775467 3.4141 0.861104 3.47015 6.91572 25.697
172 6.86 0.786622 3.4726 0.865037 3.53521 6.88662 26.2151
173 6.9 0.784831 3.53164 0.869972 3.60142 6.74237 26.7281
174 6.94 0.800671 3.59257 0.866689 3.66814 6.90759 27.2599
175 6.98 0.80451 3.65451 0.873978 3.7362 6.73284 27.7842
176 7.02 0.805463 3.71723 0.874986 3.80512 6.76045 28.3168
177 7.06 0.815141 3.78142 0.867381 3.87423 6.72444 28.8525
178 7.1 0.818823 3.84665 0.870025 3.94433 6.66325 29.3894
179 7.14 0.815671 3.91235 0.863231 4.01467 6.70447 29.9357
180 7.18 0.817233 3.97892 0.868259 4.08622 6.60031 30.4796
181 7.22 0.821104 4.04655 0.871961 4.15887 6.66635 31.035
182 7.26 0.826632 4.1154 0.869325 4.23211 6.50603 31.5831
183 7.3 0.818678 4.18433 0.863227 4.30564 6.48327 32.1354
184 7.34 0.817657 4.25394 0.857824 4.37951 6.5032 32.6954
185 7.38 0.819731 4.32448 0.854295 4.45388 6.43436 33.2555
186 7.42 0.839982 4.39756 0.853396 4.52898 6.41816 33.8204
187 7.46 0.828692 4.47043 0.856468 4.60516 6.37665 34.3876
188 7.5 0.835113 4.54466 0.845228 4.68116 6.3038 34.9544
189 7.54 0.829101 4.61913 0.83891 4.75739 6.19074 35.5169
190 7.58 0.833726 4.69483 0.838331 4.83438 6.20053 36.0864
191 7.62 0.834675 4.77141 0.827633 4.9112 6.16473 36.6585
192 7.66 0.830209 4.84838 0.830401 4.98908 6.03325 37.2243
193 7.7 0.838489 4.92693 0.827012 5.06745 5.95038 37.7883
194 7.74 0.829586 5.00546 0.818644 5.14584 5.95522 38.3585
195 7.78 0.838601 5.08566 0.817981 5.22498 5.9194 38.9312
196 7.82 0.832398 5.16609 0.805797 5.30374 5.76225 39.4944
197 7.86 0.833453 5.24745 0.810275 5.38376 5.7233 40.0596
198 7.9 0.838035 5.3301 0.806951 5.46425 5.68353 40.6266
199 7.94 0.833265 5.4131 0.817862 5.54667 5.6842 41.1994
200 7.98 0.822032 5.49582 0.807374 5.62885 5.61471 41.7709
78000 200
1 0.02 0 0 0 0 0 0
2 0.06 0 0 0 0 0 0
3 0.1 0 0 0 0 0 0
4 0.14 0 0 0 0 0 0
5 0.18 0 0 0 0 0 0
6 0.22 0 0 0 0 0 0
7 0.26 0 0 0 0 0 0
8 0.3 0 0 0 0 0 0
9 0.34 0 0 0 0 0 0
10 0.38 0 0 0 0 0 0
11 0.42 0 0 0 0 0 0
12 0.46 0 0 0 0 0 0
13 0.5 0 0 0 0 0 0
14 0.54 0 0 0 0 0 0
15 0.58 0 0 0 0 0 0
16 0.62 0 0 0 0 0 0
17 0.66 0 0 0 0 0 0
18 0.7 0 0 0 0 0 0
19 0.74 0 0 0 0 0 0
20 0.78 0 0 0 0 0 0
21 0.82 0 0 0 0 0 0
22 0.86 0 0 0 0 0 0
23 0.9 0 0 0 0 0 0
24 0.94 0 0 0 0 0 0
25 0.98 0 0 0 0 0 0
26 1.02 0 0 0 0 0 0
27 1.06 0 0 0 0 0 0
28 1.1 0 0 0 0 0 0
29 1.14 0 0 0 0 0 0
30 1.18 0 0 0 0 0 0
31 1.22 0 0 0 0 0 0
32 1.26 0 0 0 0 0 0
33 1.3 0 0 0 0 0 0
34 1.34 0 0 0 0 0 0
35 1.38 0 0 0 0 0 0
36 1.42 0 0 0 0 0 0
37 1.46 0 0 0 0 0 0
38 1.5 0 0 0 0 0 0
39 1.54 0 0 0 0 0 0
40 1.58 0 0 0 0 0 0
41 1.62 0 0 0 0 0 0
42 1.66 0 0 0 0 0.0365113 0.000160823
43 1.7 0 0 0 0 4.5318 0.0211
44 1.74 0 0 0 0 45.7568 0.242586
45 1.78 0 0 0 0 133.019 0.916404
46 1.82 0 0 0 0 156.954 1.7476
47 1.86 0 0 0 0 107.174 2.3404
48 1.9 0 0 0 0 55.4897 2.66066
49 1.94 0 0 0 0 24.1883 2.80621
50 1.98 0 0 0 0 10.8844 2.87443
51 2.02 0 0 0 0 5.08827 2.90762
52 2.06 0 0 0 0 2.4179 2.92403
53 2.1 0 0 0 0 1.38229 2.93377
54 2.14 0 0 0 0 0.733632 2.93914
55 2.18 0 0 0.000747878 5.68182e-06 0.57997 2.94355
56 2.22 0 0 0.00697045 6.06061e-05 0.306161 2.94596
57 2.26 0 0 0.0308477 0.0003125 0.319052 2.94857
58 2.3 0 0 0.108386 0.00122917 0.193959 2.95021
59 2.34 0 0 0.292068 0.00378598 0.238823 2.9523
60 2.38 0 0 0.667564 0.00983144 0.22377 2.95433
61 2.42 0.00286475 2.65152e-05 1.17828 0.0208636 0.274821 2.9569
62 2.46 0.0164356 0.000183712 1.79841 0.0382633 0.246013 2.95928
63 2.5 0.0734346 0.000909091 2.31392 0.0613845 0.405586 2.96333
64 2.54 0.211008 0.00306061 2.64687 0.0886856 0.583123 2.96935
65 2.58 0.465197 0.00795455 2.8436 0.118947 0.788874 2.97774
66 2.62 0.863101 0.0173182 2.80265 0.149705 0.99063 2.98861
67 2.66 1.37253 0.0326667 2.5936 0.179044 1.30227 3.00335
68 2.7 1.92838 0.0548845 2.32637 0.206157 1.53994 3.02129
69 2.74 2.32485 0.0824697 2.06818 0.230981 1.43368 3.0385
70 2.78 2.63677 0.114676 1.78576 0.253045 1.23915 3.05381
71 2.82 2.79171 0.149763 1.54582 0.272699 1.09797 3.06777
72 2.86 2.759 0.18543 1.34445 0.29028 0.914962 3.07974
73 2.9 2.56757 0.219557 1.16858 0.305992 0.842075 3.09106
74 2.94 2.3282 0.251362 1.01324 0.319994 0.837932 3.10264
75 2.98 2.08003 0.280555 0.90485 0.332841 0.876755 3.11509
76 3.02 1.80022 0.306504 0.802972 0.344549 0.908835 3.12834
77 3.06 1.54626 0.329386 0.76327 0.355975 0.945383 3.14249
78 3.1 1.36272 0.350083 0.703145 0.366778 1.04887 3.1586
79 3.14 1.18699 0.36858 0.645935 0.37696 1.19168 3.17739
80 3.18 1.05422 0.385428 0.638104 0.387277 1.21958 3.19711
81 3.22 0.933182 0.40072 0.586129 0.396992 1.31754 3.21894
82 3.26 0.845584 0.414922 0.567153 0.406629 1.48036 3.2441
83 3.3 0.767765 0.428136 0.543153 0.416085 1.51675 3.2705
84 3.34 0.716402 0.440767 0.544135 0.42579 1.69526 3.30074
85 3.38 0.67542 0.452962 0.538172 0.435619 1.98997 3.33709
86 3.42 0.635021 0.464701 0.54622 0.445833 2.36167 3.38125
87 3.46 0.626129 0.476547 0.549892 0.456358 2.73594 3.43361
88 3.5 0.600355 0.48817 0.562924 0.467383 3.20423 3.49637
89 3.54 0.591457 0.499884 0.5827 0.479057 3.42762 3.56504
90 3.58 0.613846 0.512318 0.597295 0.491295 3.88044 3.64455
91 3.62 0.620656 0.525172 0.603789 0.503945 4.37859 3.73628
92 3.66 0.645986 0.538848 0.618696 0.517195 4.66941 3.83628
93 3.7 0.670961 0.553366 0.645889 0.531331 4.79676 3.94127
94 3.74 0.699267 0.568824 0.675849 0.546445 4.9493 4.05195
95 3.78 0.753236 0.585833 0.703242 0.562509 5.00847 4.16636
96 3.82 0.765381 0.603485 0.727395 0.579479 5.20468 4.28778
97 3.86 0.832688 0.623093 0.743886 0.597199 5.34988 4.41521
98 3.9 0.863676 0.643854 0.777146 0.616097 5.13618 4.54011
99 3.94 0.90675 0.6661 0.817387 0.636383 4.96504 4.66333
100 3.98 0.935749 0.689527 0.823326 0.657233 4.76415 4.78398
101 4.02 0.976169 0.714458 0.843678 0.67903 4.70715 4.9056
102 4.06 1.00872 0.740737 0.852934 0.701508 4.43054 5.02235
103 4.1 1.0205 0.767848 0.869496 0.724875 4.40678 5.14078
104 4.14 1.02304 0.795561 0.870056 0.748716 4.2117 5.25619
105 4.18 1.0039 0.823282 0.89396 0.773687 4.31567 5.37674
106 4.22 0.990476 0.851159 0.916939 0.799794 4.34047 5.50032
107 4.26 0.977707 0.879201 0.938904 0.827034 4.47773 5.63023
108 4.3 0.948647 0.906922 0.96156 0.855458 4.63421 5.76722
109 4.34 0.906814 0.933917 0.983164 0.885064 5.04799 5.91923
110 4.38 0.901319 0.961244 1.02469 0.916492 5.23094 6.07967
111 4.42 0.870359 0.988117 1.05232 0.94936 5.71649 6.25822
112 4.46 0.853733 1.01496 1.06682 0.983286 5.9654 6.44793
113 4.5 0.852707 1.04225 1.10246 1.01898 6.21154 6.64902
114 4.54 0.858445 1.07021 1.12944 1.0562 6.28313 6.85606
115 4.58 0.867111 1.09896 1.12629 1.09397 6.66492 7.07958
116 4.62 0.878381 1.12859 1.1379 1.1328 6.92896 7.31602
117 4.66 0.877713 1.15871 1.12925 1.172 7.10047 7.56253
118 4.7 0.889798 1.18977 1.09123 1.21054 7.01475 7.81026
119 4.74 0.907434 1.222 1.06878 1.24893 7.20935 8.06922
120 4.78 0.91455 1.25502 1.03977 1.28691 7.27503 8.33496
121 4.82 0.912637 1.28853 1.00295 1.32416 7.43969 8.61129
122 4.86 0.925329 1.32307 0.996241 1.36178 7.43528 8.89206
123 4.9 0.919217 1.35795 0.962527 1.39873 7.36463 9.17475
124 4.94 0.931743 1.39389 0.946661 1.43566 7.37695 9.46256
125 4.98 0.936212 1.43058 0.932756 1.47264 7.32706 9.75307
126 5.02 0.929723 1.46761 0.927165 1.51 7.41512 10.0518
127 5.06 0.932959 1.50536 0.922048 1.54774 7.38403 10.3541
128 5.1 0.917464 1.54308 0.918575 1.58594 7.22458 10.6545
129 5.14 0.90587 1.5809 0.918325 1.62473 7.21535 10.9592
130 5.18 0.902205 1.61916 0.893775 1.66307 7.04135 11.2613
131 5.22 0.895644 1.65773 0.882216 1.7015 6.82756 11.5587
132 5.26 0.893552 1.6968 0.856391 1.73938 6.58594 11.85
133 5.3 0.877127 1.73574 0.83044 1.77667 6.33937 12.1347
134 5.34 0.868575 1.77489 0.812062 1.81369 6.134 12.4144
135 5.38 0.834014 1.81304 0.804126 1.8509 5.93395 12.689
136 5.42 0.830355 1.85159 0.780323 1.88755 5.67621 12.9555
137 5.46 0.821568 1.8903 0.779463 1.9247 5.56429 13.2207
138 5.5 0.811606 1.9291 0.768987 1.96189 5.43179 13.4834
139 5.54 0.787667 1.9673 0.754488 1.99891 5.31691 13.7443
140 5.58 0.775877 2.00548 0.736976 2.0356 5.22805 14.0046
141 5.62 0.766237 2.04373 0.722434 2.07208 5.18763 14.2665
142 5.66 0.760534 2.08224 0.712702 2.10858 5.1328 14.5294
143 5.7 0.751813 2.12084 0.698727 2.14487 5.07152 14.7928
144 5.74 0.743447 2.15955 0.690242 2.18123 5.07011 15.0599
145 5.78 0.73545 2.19839 0.676927 2.21738 4.95562 15.3246
146 5.82 0.733266 2.23764 0.673182 2.25384 5.06711 15.599
147 5.86 0.725909 2.27704 0.672233 2.29074 5.06142 15.8768
148 5.9 0.725324 2.31694 0.677612 2.32845 5.18954 16.1656
149 5.94 0.726558 2.35745 0.672847 2.36641 5.16039 16.4567
150 5.98 0.730309 2.39873 0.669277 2.40467 5.29241 16.7593
151 6.02 0.730424 2.44056 0.674011 2.44372 5.39943 17.0721
152 6.06 0.730048 2.48294 0.67927 2.4836 5.53764 17.3973
153 6.1 0.731068 2.52593 0.680644 2.52409 5.87887 17.747
154 6.14 0.728505 2.56933 0.698043 2.56617 5.91087 18.1032
155 6.18 0.732127 2.61352 0.703304 2.60911 6.049 18.4726
156 6.22 0.739932 2.65877 0.70617 2.65279 6.11394 18.8508
157 6.26 0.722218 2.7035 0.717428 2.69773 6.10693 19.2334
158 6.3 0.735027 2.7496 0.731835 2.74417 6.24401 19.6296
159 6.34 0.738749 2.79653 0.743114 2.79193 6.31013 20.0351
160 6.38 0.735434 2.84384 0.75542 2.84109 6.47146 20.4562
161 6.42 0.740631 2.89209 0.751555 2.89061 6.52436 20.8861
162 6.46 0.743838 2.94115 0.774526 2.94228 6.54071 21.3225
163 6.5 0.734994 2.99022 0.787931 2.9955 6.74331 21.778
164 6.54 0.732643 3.03975 0.801364 3.0503 6.7528 22.2397
165 6.58 0.742141 3.09053 0.813514 3.10661 6.87123 22.7153
166 6.62 0.741623 3.1419 0.815092 3.16372 6.89678 23.1986
167 6.66 0.756568 3.19493 0.826538 3.22233 7.05913 23.6991
168 6.7 0.756372 3.24859 0.836332 3.28235 6.83837 24.1899
169 6.74 0.762642 3.30335 0.846489 3.34383 6.83141 24.686
170 6.78 0.758362 3.35844 0.84702 3.40608 6.87274 25.1911
171 6.82 0.763921 3.4146 0.852906 3.4695 6.89184 25.7036
172 6.86 0.776608 3.47236 0.870451 3.53499 6.79159 26.2146
173 6.9 0.789855 3.53179 0.875542 3.60163 6.79043 26.7314
174 6.94 0.793217 3.59217 0.87384 3.66892 6.78507 27.2539
175 6.98 0.800755 3.65382 0.866018 3.73637 6.77233 27.7814
176 7.02 0.807851 3.71674 0.872236 3.80509 6.74234 28.3126
177 7.06 0.812138 3.78072 0.86989 3.87441 6.8046 28.8548
178 7.1 0.821057 3.84613 0.869867 3.94451 6.71416 29.3959
179 7.14 0.81536 3.91182 0.872768 4.01565 6.67861 29.9402
180 7.18 0.815996 3.97831 0.86792 4.08718 6.66568 30.4896
181 7.22 0.82098 4.04594 0.860466 4.15889 6.55188 31.0356
182 7.26 0.820984 4.11433 0.863214 4.23163 6.4925 31.5827
183 7.3 0.822514 4.1836 0.858559 4.30477 6.53593 32.1396
184 7.34 0.827542 4.25407 0.858573 4.37872 6.54407 32.7032
185 7.38 0.824096 4.325 0.856296 4.45328 6.41716 33.262
186 7.42 0.83354 4.39753 0.863032 4.52925 6.41905 33.827
187 7.46 0.829235 4.47046 0.852971 4.60514 6.38907 34.3954
188 7.5 0.826123 4.54391 0.844191 4.68105 6.30611 34.9625
189 7.54 0.845858 4.61991 0.84024 4.75742 6.22132 35.528
190 7.58 0.833577 4.6956 0.834303 4.83406 6.1793 36.0956
191 7.62 0.836426 4.77235 0.829157 4.91103 6.07335 36.6594
192 7.66 0.823282 4.8487 0.836045 4.98946 6.06187 37.228
193 7.7 0.835265 4.92697 0.825544 5.06771 5.91185 37.7884
194 7.74 0.841917 5.00668 0.820414 5.14628 5.89554 38.353
195 7.78 0.831679 5.08624 0.827383 5.22635 5.97003 38.9307
196 7.82 0.827542 5.16622 0.803405 5.30489 5.80682 39.4985
197 7.86 0.832409 5.24749 0.801749 5.38408 5.71757 40.0632
198 7.9 0.838056 5.33015 0.813752 5.46527 5.7749 40.6394
199 7.94 0.833149 5.41316 0.806007 5.54651 5.714 41.2153
200 7.98 0.82401 5.49609 0.804904 5.62846 5.59902 41.7853
79000 200
1 0.02 0 0 0 0 0 0
2 0.06 0 0 0 0 0 0
3 0.1 0 0 0 0 0 0
4 0.14 0 0 0 0 0 0
5 0.18 0 0 0 0 0 0
6 0.22 0 0 0 0 0 0
7 0.26 0 0 0 0 0 0
8 0.3 0 0 0 0 0 0
9 0.34 0 0 0 0 0 0
10 0.38 0 0 0 0 0 0
11 0.42 0 0 0 0 0 0
12 0.46 0 0 0 0 0 0
13 0.5 0 0 0 0 0 0
14 0.54 0 0 0 0 0 0
15 0.58 0 0 0 0 0 0
16 0.62 0 0 0 0 0 0
17 0.66 0 0 0 0 0 0
18 0.7 0 0 0 0 0 0
19 0.74 0 0 0 0 0 0
20 0.78 0 0 0 0 0 0
21 0.82 0 0 0 0 0 0
22 0.86 0 0 0 0 0 0
23 0.9 0 0 0 0 0 0
24 0.94 0 0 0 0 0 0
25 0.98 0 0 0 0 0 0
26 1.02 0 0 0 0 0 0
27 1.06 0 0 0 0 0 0
28 1.1 0 0 0 0 0 0
29 1.14 0 0 0 0 0 0
30 1.18 0 0 0 0 0 0
31 1.22 0 0 0 0 0 0
32 1.26 0 0 0 0 0 0
33 1.3 0 0 0 0 0 0
34 1.34 0 0 0 0 0 0
35 1.38 0 0 0 0 0 0
36 1.42 0 0 0 0 0 0
37 1.46 0 0 0 0 0 0
38 1.5 0 0 0 0 0 0
39 1.54 0 0 0 0 0 0
40 1.58 0 0 0 0 0 0
41 1.62 0 0 0 0 0 0
42 1.66 0 0 0 0 0.0437884 0.000192988
43 1.7 0 0 0 0 4.16887 0.0194596
44 1.74 0 0 0 0 46.6629 0.245384
45 1.78 0 0 0 0 132.74 0.917948
46 1.82 0 0 0 0 156.924 1.74918
47 1.86 0 0 0 0 107.841 2.3458
48 1.9 0 0 0 0 54.6688 2.6614
49 1.94 0 0 0 0 24.7974 2.81065
50 1.98 0 0 0 0 10.5535 2.87681
51 2.02 0 0 0 0 4.57933 2.90669
52 2.06 0 0 0 0 2.33201 2.92252
53 2.1 0 0 0 0 1.35916 2.9321
54 2.14 0 0 0 0 0.768591 2.93773
55 2.18 0 0 0.000249132 1.89394e-06 0.486723 2.94143
56 2.22 0 0 0.00793038 6.43939e-05 0.440774 2.9449
57 2.26 0 0 0.0326957 0.000331439 0.263856 2.94706
58 2.3 0 0 0.100972 0.00118561 0.258551 2.94924
59 2.34 0 0 0.317956 0.0039697 0.268148 2.95159
60 2.38 0.000211476 1.89394e-06 0.651513 0.00987121 0.213052 2.95352
61 2.42 0.00286423 2.84091e-05 1.17821 0.0209053 0.291935 2.95626
62 2.46 0.0201936 0.000221591 1.75395 0.0378788 0.309109 2.95925
63 2.5 0.0699685 0.000912879 2.29708 0.0608371 0.411938 2.96336
64 2.54 0.199072 0.00294318 2.70628 0.0887576 0.520635 2.96874
65 2.58 0.472291 0.00791288 2.86679 0.119273 0.794708 2.9772
66 2.62 0.865343 0.017303 2.80993 0.150117 1.12228 2.98951
67 2.66 1.35646 0.0324754 2.58329 0.179347 1.31903 3.00444
68 2.7 1.9041 0.0544186 2.33071 0.206517 1.512 3.02206
69 2.74 2.32176 0.0819735 2.01832 0.230748 1.3476 3.03824
70 2.78 2.67786 0.114689 1.79577 0.252941 1.20762 3.05317
71 2.82 2.78292 0.149674 1.54561 0.272597 1.0269 3.06623
72 2.86 2.76553 0.185434 1.32097 0.289875 0.927043 3.07835
73 2.9 2.5664 0.219553 1.17028 0.305614 0.944708 3.09106
74 2.94 2.32641 0.251341 1.02452 0.319775 0.763272 3.10161
75 2.98 2.07901 0.280527 0.938113 0.333097 0.892397 3.11428
76 3.02 1.79915 0.306466 0.8098 0.344907 0.954942 3.12821
77 3.06 1.53951 0.329254 0.758157 0.356259 1.0096 3.14333
78 3.1 1.36514 0.349992 0.680678 0.36672 1.07583 3.15986
79 3.14 1.19679 0.368646 0.664523 0.377197 1.1363 3.17777
80 3.18 1.05279 0.385475 0.623667 0.387282 1.1994 3.19717
81 3.22 0.952139 0.401081 0.587364 0.397021 1.36572 3.21981
82 3.26 0.832422 0.415066 0.553645 0.40643 1.3873 3.24339
83 3.3 0.757794 0.428112 0.555207 0.416098 1.55706 3.2705
84 3.34 0.707427 0.440587 0.54411 0.425805 1.64799 3.2999
85 3.38 0.675369 0.452784 0.543751 0.435739 2.00534 3.33654
86 3.42 0.642555 0.464665 0.54518 0.445936 2.49527 3.38321
87 3.46 0.620983 0.476417 0.55006 0.456466 2.70166 3.43493
88 3.5 0.600607 0.488047 0.568113 0.467595 3.09675 3.49559
89 3.54 0.603173 0.499996 0.570184 0.479021 3.56008 3.56693
90 3.58 0.601733 0.512188 0.583852 0.490987 3.84977 3.64583
91 3.62 0.630112 0.525241 0.613317 0.503839 4.32692 3.73651
92 3.66 0.641368 0.538822 0.623589 0.517197 4.64576 3.83602
93 3.7 0.669319 0.553307 0.653178 0.531496 4.76332 3.9403
94 3.74 0.694563 0.568665 0.667476 0.546426 4.84315 4.04863
95 3.78 0.748195 0.585564 0.698436 0.562384 5.11428 4.16549
96 3.82 0.782696 0.603619 0.728851 0.579392 5.29999 4.28916
97 3.86 0.820189 0.622937 0.758658 0.597468 5.16906 4.41232
98 3.9 0.855991 0.643519 0.77611 0.616345 5.25402 4.54011
99 3.94 0.901987 0.665653 0.792175 0.636009 4.95221 4.66304
100 3.98 0.950353 0.689451 0.841375 0.657322 4.89257 4.78697
101 4.02 0.977647 0.714426 0.851907 0.679337 4.64008 4.90688
102 4.06 1.00202 0.740536 0.856905 0.701924 4.49419 5.02535
103 4.1 1.02026 0.767648 0.864432 0.725161 4.32557 5.14162
104 4.14 1.01407 0.795123 0.884915 0.749415 4.31163 5.25979
105 4.18 1.00284 0.822822 0.895717 0.774441 4.23182 5.37803
106 4.22 0.998385 0.850928 0.907151 0.800275 4.21068 5.49794
107 4.26 0.969756 0.878748 0.935161 0.827413 4.44566 5.62695
108 4.3 0.957113 0.906723 0.948398 0.855455 4.63638 5.76404
109 4.34 0.920723 0.934138 0.981235 0.885009 5.08312 5.91714
110 4.38 0.887996 0.961068 1.01674 0.916201 5.3933 6.0826
111 4.42 0.871319 0.987977 1.04667 0.9489 5.5834 6.25703
112 4.46 0.866906 1.01524 1.08735 0.983487 5.93266 6.44574
113 4.5 0.847303 1.04236 1.12548 1.01993 6.13261 6.64432
114 4.54 0.856152 1.07026 1.12268 1.05694 6.51197 6.85896
115 4.58 0.86725 1.09901 1.13178 1.0949 6.62502 7.08118
116 4.62 0.874133 1.12851 1.11954 1.13311 6.92637 7.31759
117 4.66 0.882474 1.1588 1.11524 1.17184 6.98953 7.56031
118 4.7 0.887152 1.18978 1.10025 1.2107 7.06046 7.80971
119 4.74 0.895919 1.2216 1.06089 1.24882 7.22564 8.06931
120 4.78 0.922832 1.25493 1.02465 1.28626 7.24955 8.33419
121 4.82 0.923924 1.28886 1.01286 1.32389 7.36259 8.60772
122 4.86 0.928918 1.32355 0.996209 1.36151 7.36028 8.88572
123 4.9 0.929182 1.35881 0.961858 1.39844 7.39476 9.16964
124 4.94 0.939973 1.39508 0.939451 1.4351 7.44777 9.46028
125 4.98 0.929277 1.43151 0.93335 1.47212 7.34563 9.75159
126 5.02 0.931599 1.46862 0.930474 1.50962 7.34958 10.0478
127 5.06 0.92722 1.50615 0.930208 1.5477 7.35481 10.3489
128 5.1 0.911996 1.54365 0.932657 1.58649 7.37444 10.6556
129 5.14 0.904116 1.58141 0.892423 1.6242 7.30735 10.9643
130 5.18 0.902441 1.61968 0.89785 1.66272 7.12368 11.27
131 5.22 0.898514 1.65839 0.874665 1.70083 6.77354 11.5651
132 5.26 0.889575 1.69729 0.858844 1.73883 6.54878 11.8549
133 5.3 0.871166 1.73598 0.825989 1.77593 6.31855 12.1387
134 5.34 0.850643 1.77432 0.816733 1.81317 5.92094 12.4087
135 5.38 0.840152 1.81276 0.807251 1.85054 5.93745 12.6835
136 5.42 0.832815 1.85144 0.788365 1.88757 5.7502 12.9536
137 5.46 0.821018 1.89013 0.77642 1.92459 5.61226 13.2212
138 5.5 0.802188 1.92849 0.761761 1.96143 5.5216 13.4883
139 5.54 0.780026 1.96633 0.753425 1.99841 5.30913 13.7488
140 5.58 0.784545 2.00495 0.737642 2.03514 5.17642 14.0066
141 5.62 0.772885 2.04354 0.727892 2.0719 5.22654 14.2705
142 5.66 0.770902 2.08258 0.712241 2.10839 5.07258 14.5304
143 5.7 0.750791 2.12114 0.697796 2.14464 5.06539 14.7936
144 5.74 0.737636 2.15956 0.687385 2.18086 4.96149 15.055
145 5.78 0.737682 2.19852 0.686057 2.21751 5.05801 15.3252
146 5.82 0.731576 2.23769 0.677815 2.25422 4.99228 15.5956
147 5.86 0.72368 2.27697 0.676871 2.29139 5.03974 15.8723
148 5.9 0.737649 2.31756 0.662142 2.32825 5.1057 16.1565
149 5.94 0.730907 2.35833 0.682124 2.36674 5.13981 16.4465
150 5.98 0.726118 2.39938 0.671207 2.40512 5.32775 16.7512
151 6.02 0.733098 2.44138 0.678005 2.44441 5.42757 17.0657
152 6.06 0.721982 2.48329 0.676984 2.48417 5.59387 17.3942
153 6.1 0.735052 2.52652 0.691848 2.52533 5.78781 17.7386
154 6.14 0.726016 2.56979 0.688048 2.56681 6.01406 18.1012
155 6.18 0.723204 2.61345 0.701652 2.60966 6.0297 18.4694
156 6.22 0.735361 2.65843 0.707014 2.65341 6.12446 18.8483
157 6.26 0.72789 2.70352 0.715235 2.69823 6.15578 19.2341
158 6.3 0.736394 2.74972 0.734291 2.74483 6.26083 19.6315
159 6.34 0.737655 2.79659 0.736224 2.79215 6.32017 20.0377
160 6.38 0.737264 2.84403 0.751987 2.8411 6.48035 20.4595
161 6.42 0.743163 2.89245 0.757846 2.89105 6.4872 20.8871
162 6.46 0.737805 2.94113 0.7725 2.9426 6.53726 21.3233
163 6.5 0.737061 2.99035 0.787804 2.99582 6.68747 21.7751
164 6.54 0.742837 3.04058 0.801456 3.05064 6.74369 22.2364
165 6.58 0.736294 3.09097 0.815293 3.10709 6.88311 22.7129
166 6.62 0.739753 3.14222 0.81558 3.16424 6.86442 23.194
167 6.66 0.747344 3.19462 0.819429 3.22236 6.87517 23.6816
168 6.7 0.756543 3.24831 0.836822 3.28243 6.87578 24.1752
169 6.74 0.754106 3.30246 0.847569 3.344 6.9476 24.6799
170 6.78 0.755395 3.35735 0.84932 3.40644 6.96694 25.192
171 6.82 0.770645 3.41402 0.863807 3.47068 6.86557 25.7027
172 6.86 0.785618 3.47246 0.862043 3.53555 6.86782 26.2195
173 6.9 0.786249 3.53163 0.877702 3.60238 6.72758 26.7317
174 6.94 0.794798 3.59215 0.87199 3.66954 6.80352 27.2557
175 6.98 0.804109 3.65408 0.868053 3.73716 6.85251 27.7895
176 7.02 0.808609 3.71707 0.872825 3.80595 6.72241 28.3193
177 7.06 0.818245 3.78154 0.868025 3.87513 6.64039 28.8486
178 7.1 0.811835 3.84623 0.863299 3.94472 6.80239 29.3969
179 7.14 0.81703 3.91208 0.870706 4.0157 6.72441 29.9451
180 7.18 0.816364 3.9786 0.871026 4.08751 6.65243 30.4935
181 7.22 0.824995 4.04659 0.872646 4.16025 6.55305 31.0398
182 7.26 0.821021 4.11499 0.855823 4.23238 6.46274 31.5845
183 7.3 0.828034 4.18475 0.860337 4.3057 6.4959 32.138
184 7.34 0.822547 4.2548 0.864 4.38013 6.45778 32.6944
185 7.38 0.828325 4.32612 0.849638 4.45413 6.49176 33.2598
186 7.42 0.823967 4.39783 0.851106 4.52906 6.35472 33.8192
187 7.46 0.835888 4.47137 0.847814 4.60451 6.35074 34.3844
188 7.5 0.830042 4.54517 0.845743 4.68059 6.32931 34.9537
189 7.54 0.830802 4.61984 0.840898 4.75703 6.29805 35.5263
190 7.58 0.834444 4.69563 0.838437 4.83407 6.18624 36.0947
191 7.62 0.835756 4.77234 0.830228 4.91116 6.08372 36.6595
192 7.66 0.837221 4.84999 0.827879 4.98883 6.00595 37.2231
193 7.7 0.835333 4.92829 0.825292 5.06708 5.94778 37.787
194 7.74 0.828899 5.00678 0.819214 5.14556 5.93146 38.3552
195 7.78 0.831762 5.08637 0.818483 5.22478 5.90253 38.9265
196 7.82 0.828406 5.16645 0.814761 5.30445 5.78636 39.4923
197 7.86 0.833399 5.24784 0.812145 5.38469 5.67619 40.0531
198 7.9 0.836115 5.33033 0.802841 5.46481 5.77613 40.6296
199 7.94 0.827159 5.41276 0.805556 5.54602 5.71775 41.206
200 7.98 0.820732 5.49538 0.805793 5.62808 5.67101 41.7835
80000 200
1 0.02 0 0 0 0 0 0
2 0.06 0 0 0 0 0 0
3 0.1 0 0 0 0 0 0
4 0.14 0 0 0 0 0 0
5 0.18 0 0 0 0 0 0
6 0.22 0 0 0 0 0 0
7 0.26 0 0 0 0 0 0
8 0.3 0 0 0 0 0 0
9 0.34 0 0 0 0 0 0
10 0.38 0 0 0 0 0 0
11 0.42 0 0 0 0 0 0
12 0.46 0 0 0 0 0 0
13 0.5 0 0 0 0 0 0
14 0.54 0 0 0 0 0 0
15 0.58 0 0 0 0 0 0
16 0.62 0 0 0 0 0 0
17 0.66 0 0 0 0 0 0
18 0.7 0 0 0 0 0 0
19 0.74 0 0 0 0 0 0
20 0.78 0 0 0 0 0 0
21 0.82 0 0 0 0 0 0
22 0.86 0 0 0 0 0 0
23 0.9 0 0 0 0 0 0
24 0.94 0 0 0 0 0 0
25 0.98 0 0 0 0 0 0
26 1.02 0 0 0 0 0 0
27 1.06 0 0 0 0 0 0
28 1.1 0 0 0 0 0 0
29 1.14 0 0 0 0 0 0
30 1.18 0 0 0 0 0 0
31 1.22 0 0 0 0 0 0
32 1.26 0 0 0 0 0 0
33 1.3 0 0 0 0 0 0
34 1.34 0 0 0 0 0 0
35 1.38 0 0 0 0 0 0
36 1.42 0 0 0 0 0 0
37 1.46 0 0 0 0 0 0
38 1.5 0 0 0 0 0 0
39 1.54 0 0 0 0 0 0
40 1.58 0 0 0 0 0 0
41 1.62 0 0 0 0 0 0
42 1.66 0 0 0 0 0.0656826 0.000289482
43 1.7 0 0 0 0 4.34908 0.0203924
44 1.74 0 0 0 0 45.3602 0.240045
45 1.78 0 0 0 0 132.966 0.913863
46 1.82 0 0 0 0 157.809 1.74992
47 1.86 0 0 0 0 107.94 2.34719
48 1.9 0 0 0 0 54.2312 2.66031
49 1.94 0 0 0 0 24.8147 2.80968
50 1.98 0 0 0 0 10.5671 2.87594
51 2.02 0 0 0 0 4.64764 2.90627
52 2.06 0 0 0 0 2.45007 2.9229
53 2.1 0 0 0 0 1.19021 2.9313
54 2.14 0 0 0 0 0.78604 2.93705
55 2.18 0 0 0.00174428 1.32576e-05 0.558576 2.9413
56 2.22 0 0 0.00576636 5.87121e-05 0.359093 2.94413
57 2.26 0 0 0.0243436 0.000257576 0.228379 2.946
58 2.3 0 0 0.105656 0.00115152 0.216691 2.94783
59 2.34 0 0 0.301471 0.00379167 0.260772 2.95011
60 2.38 0.000422973 3.78788e-06 0.655387 0.00972917 0.269826 2.95256
61 2.42 0.00470412 4.73485e-05 1.16043 0.0205985 0.257547 2.95497
62 2.46 0.0180128 0.000219697 1.77089 0.0377386 0.319026 2.95806
63 2.5 0.0707227 0.000918561 2.31547 0.0608845 0.444037 2.9625
64 2.54 0.201084 0.0029697 2.72475 0.089 0.579793 2.96848
65 2.58 0.465198 0.00786553 2.84496 0.119288 0.782509 2.97681
66 2.62 0.880386 0.0174205 2.78912 0.149909 1.07521 2.98861
67 2.66 1.39061 0.0329773 2.60663 0.179407 1.35577 3.00396
68 2.7 1.88622 0.0547178 2.32416 0.206506 1.51451 3.02161
69 2.74 2.34452 0.0825473 2.05207 0.231146 1.46257 3.03918
70 2.78 2.66085 0.115061 1.77847 0.253129 1.24126 3.05452
71 2.82 2.83248 0.150674 1.55876 0.272955 1.02166 3.06751
72 2.86 2.71515 0.185788 1.32784 0.290326 0.887568 3.07913
73 2.9 2.5694 0.219953 1.16559 0.306004 0.935011 3.0917
74 2.94 2.33269 0.251831 1.02955 0.320237 0.781767 3.10251
75 2.98 2.05372 0.280667 0.912359 0.333195 0.874151 3.11492
76 3.02 1.80608 0.30671 0.82538 0.345235 0.868792 3.1276
77 3.06 1.56088 0.329818 0.749311 0.356456 0.990122 3.14243
78 3.1 1.35183 0.350358 0.696459 0.367161 1.08402 3.15909
79 3.14 1.19077 0.36892 0.637395 0.377212 1.13 3.17691
80 3.18 1.03449 0.38546 0.606468 0.387021 1.23102 3.19682
81 3.22 0.935007 0.400788 0.597204 0.396924 1.36743 3.21949
82 3.26 0.844797 0.414983 0.559023 0.406426 1.42112 3.24365
83 3.3 0.789684 0.42858 0.561206 0.416201 1.61773 3.27182
84 3.34 0.704308 0.441002 0.537761 0.425795 1.69099 3.30199
85 3.38 0.662467 0.452968 0.542628 0.43571 2.03847 3.33924
86 3.42 0.641529 0.464831 0.544283 0.445892 2.34528 3.38311
87 3.46 0.613577 0.476445 0.566192 0.456733 2.77854 3.43631
88 3.5 0.59973 0.488061 0.552166 0.467551 3.12909 3.49762
89 3.54 0.601836 0.499985 0.580771 0.479191 3.52897 3.56835
90 3.58 0.606873 0.512282 0.597983 0.491449 3.96993 3.64973
91 3.62 0.627903 0.525292 0.600838 0.504042 4.25257 3.73885
92 3.66 0.642157 0.538892 0.617124 0.517263 4.59852 3.83738
93 3.7 0.665359 0.553294 0.648578 0.531464 4.695 3.94017
94 3.74 0.702334 0.568826 0.671688 0.546491 5.00484 4.05214
95 3.78 0.76124 0.586023 0.700398 0.562496 5.07122 4.16803
96 3.82 0.776817 0.603945 0.742205 0.579818 5.24262 4.29038
97 3.86 0.823917 0.623354 0.751224 0.59772 5.16687 4.41351
98 3.9 0.860657 0.644051 0.778244 0.616652 5.19367 4.53985
99 3.94 0.908707 0.666354 0.812106 0.636814 4.98769 4.66369
100 3.98 0.931219 0.689676 0.807898 0.657282 4.76482 4.7844
101 4.02 0.977196 0.714644 0.845467 0.679134 4.75756 4.90737
102 4.06 1.00397 0.740809 0.843761 0.701379 4.34341 5.02187
103 4.1 1.01198 0.767705 0.87317 0.724854 4.35957 5.13908
104 4.14 1.01663 0.795254 0.884012 0.749087 4.1842 5.25378
105 4.18 1.01166 0.823201 0.881544 0.773722 4.25186 5.3726
106 4.22 1.00085 0.851381 0.924158 0.800044 4.34894 5.49646
107 4.26 0.968015 0.879155 0.936186 0.827216 4.3729 5.62338
108 4.3 0.95398 0.907044 0.954841 0.855453 4.76941 5.76443
109 4.34 0.917203 0.934358 0.994407 0.885409 5.12502 5.91882
110 4.38 0.883981 0.96117 1.00904 0.916369 5.40712 6.08472
111 4.42 0.866949 0.987949 1.05293 0.949269 5.61852 6.26028
112 4.46 0.852371 1.01476 1.08181 0.983686 5.89733 6.44789
113 4.5 0.857695 1.04222 1.10834 1.01958 6.12564 6.64628
114 4.54 0.856362 1.07012 1.12802 1.05677 6.48559 6.86008
115 4.58 0.868599 1.09893 1.12687 1.09457 6.76775 7.08713
116 4.62 0.878314 1.12857 1.13518 1.13332 6.90173 7.32274
117 4.66 0.882942 1.15888 1.12733 1.17248 6.96617 7.56468
118 4.7 0.888528 1.18992 1.07987 1.21063 7.05021 7.81377
119 4.74 0.89668 1.22177 1.06388 1.24886 7.25398 8.07443
120 4.78 0.913297 1.25476 1.04439 1.28702 7.22113 8.33831
121 4.82 0.919804 1.28855 1.01183 1.32462 7.19436 8.60563
122 4.86 0.936375 1.32352 0.989783 1.36201 7.39743 8.88508
123 4.9 0.930781 1.35885 0.966635 1.39913 7.3316 9.16661
124 4.94 0.935058 1.39493 0.945267 1.43602 7.52814 9.46044
125 4.98 0.93831 1.43172 0.938215 1.47324 7.44825 9.75587
126 5.02 0.930119 1.46878 0.922197 1.51041 7.41223 10.0546
127 5.06 0.919353 1.50599 0.92594 1.54832 7.38974 10.3572
128 5.1 0.921196 1.54388 0.919622 1.58658 7.19543 10.6565
129 5.14 0.90832 1.58182 0.908951 1.62498 7.20411 10.961
130 5.18 0.904707 1.6202 0.887333 1.66306 7.09707 11.2655
131 5.22 0.888475 1.65847 0.887692 1.70175 6.90458 11.5664
132 5.26 0.88337 1.69712 0.852158 1.73946 6.44962 11.8518
133 5.3 0.874481 1.73595 0.833864 1.77692 6.2939 12.1346
134 5.34 0.860464 1.77475 0.813404 1.81402 6.11111 12.4133
135 5.38 0.846931 1.8135 0.799802 1.85104 5.89066 12.686
136 5.42 0.823624 1.85176 0.787592 1.88805 5.71091 12.9543
137 5.46 0.828721 1.89082 0.780505 1.92526 5.58641 13.2206
138 5.5 0.809464 1.92953 0.757332 1.9619 5.48947 13.4862
139 5.54 0.786224 1.96768 0.745973 1.99852 5.32989 13.7479
140 5.58 0.783957 2.00628 0.736457 2.03519 5.26794 14.0102
141 5.62 0.754331 2.04395 0.729948 2.07206 5.24674 14.2752
142 5.66 0.767525 2.08282 0.709354 2.10841 5.04288 14.5336
143 5.7 0.746798 2.12118 0.705374 2.14506 4.97792 14.7923
144 5.74 0.739954 2.15973 0.688029 2.18132 5.07116 15.0595
145 5.78 0.736094 2.19861 0.675988 2.21744 5.11801 15.333
146 5.82 0.729371 2.23767 0.68281 2.25443 5.05203 15.6067
147 5.86 0.729492 2.27727 0.674244 2.29146 4.96224 15.8792
148 5.9 0.736565 2.31781 0.670713 2.3288 5.18057 16.1676
149 5.94 0.731161 2.3586 0.672952 2.36677 5.21248 16.4618
150 5.98 0.732164 2.4 0.669741 2.40508 5.30608 16.7652
151 6.02 0.728617 2.44174 0.668126 2.4438 5.43338 17.0802
152 6.06 0.726108 2.4839 0.687259 2.48417 5.65593 17.4124
153 6.1 0.732744 2.52701 0.694506 2.5255 5.73604 17.7537
154 6.14 0.723452 2.57013 0.69312 2.56729 5.84454 18.1061
155 6.18 0.736292 2.61459 0.700951 2.61011 5.94972 18.4695
156 6.22 0.726047 2.659 0.711248 2.65412 6.21236 18.8539
157 6.26 0.731044 2.7043 0.713609 2.69884 6.22254 19.2439
158 6.3 0.73531 2.75044 0.726922 2.74499 6.22435 19.639
159 6.34 0.739829 2.79746 0.736811 2.79236 6.32067 20.0454
160 6.38 0.734555 2.84473 0.744881 2.84085 6.3884 20.4613
161 6.42 0.741503 2.89305 0.758815 2.89087 6.5818 20.8951
162 6.46 0.73077 2.94127 0.773681 2.94251 6.45042 21.3257
163 6.5 0.736008 2.99043 0.791546 2.99599 6.66447 21.776
164 6.54 0.737535 3.0403 0.796592 3.05049 6.73134 22.2365
165 6.58 0.742264 3.09112 0.805534 3.10627 6.85599 22.7112
166 6.62 0.743325 3.14262 0.82088 3.1638 6.88212 23.1936
167 6.66 0.740174 3.19453 0.836839 3.22317 6.94705 23.6864
168 6.7 0.756395 3.24821 0.841621 3.28359 6.90559 24.1822
169 6.74 0.753638 3.30234 0.838856 3.34454 6.90754 24.6841
170 6.78 0.765648 3.35798 0.856889 3.40754 6.93959 25.1943
171 6.82 0.771166 3.4147 0.864074 3.47182 6.88131 25.7062
172 6.86 0.774189 3.4723 0.85959 3.53651 6.83593 26.2207
173 6.9 0.792135 3.53192 0.867386 3.60256 6.81479 26.7396
174 6.94 0.799323 3.59279 0.864646 3.66916 6.81704 27.2647
175 6.98 0.800634 3.65446 0.875495 3.73738 6.76099 27.7915
176 7.02 0.807582 3.71739 0.87862 3.80663 6.78538 28.3263
177 7.06 0.814509 3.78157 0.861376 3.8753 6.75027 28.8645
178 7.1 0.819546 3.84689 0.870279 3.94547 6.73865 29.4078
179 7.14 0.809871 3.91217 0.867802 4.01622 6.73871 29.9572
180 7.18 0.82132 3.97911 0.87162 4.08809 6.61393 30.5025
181 7.22 0.814911 4.04627 0.868486 4.16049 6.53735 31.0475
182 7.26 0.835115 4.11587 0.864626 4.23338 6.53649 31.5986
183 7.3 0.821203 4.18506 0.861355 4.30679 6.46015 32.1491
184 7.34 0.825992 4.25541 0.858147 4.38074 6.42839 32.7031
185 7.38 0.830569 4.32694 0.853914 4.45512 6.38509 33.2592
186 7.42 0.829951 4.39918 0.853269 4.53025 6.39462 33.8223
187 7.46 0.834505 4.47261 0.845295 4.60549 6.38765 34.3909
188 7.5 0.826796 4.54614 0.842954 4.68133 6.20922 34.9495
189 7.54 0.836064 4.62129 0.844596 4.75812 6.31862 35.524
190 7.58 0.830664 4.69674 0.843083 4.83559 6.15447 36.0895
191 7.62 0.830753 4.77301 0.831602 4.91282 6.1139 36.6573
192 7.66 0.835042 4.85048 0.821892 4.98995 6.0365 37.2238
193 7.7 0.830592 4.92834 0.827816 5.06845 5.98752 37.7916
194 7.74 0.835127 5.00744 0.814951 5.14653 5.91706 38.3585
195 7.78 0.83903 5.08773 0.828193 5.22671 5.99627 38.939
196 7.82 0.827765 5.16776 0.810002 5.30593 5.77757 39.5041
197 7.86 0.834737 5.2493 0.802544 5.38523 5.7534 40.0725
198 7.9 0.83406 5.33159 0.809884 5.46606 5.76199 40.6477
199 7.94 0.826893 5.41402 0.803586 5.54709 5.63167 41.2155
200 7.98 0.820488 5.49662 0.806205 5.6292 5.62873 41.7888
