Step Strain Szz_GPa Sxx_GPa Syy_GPa Sxy_GPa Sxz_GPa Syz_GPa VonMises_GPa Temp PotEng Lx Ly Lz Volume
0 -1.42669411605233e-16 -0.0184271762756378 0.0552176676755767 -0.106066660055414 0.0265720835600397 0.031609470437693 -0.013381102235797 0.158780674812979 372.723200937175 -332878.952456619 99.6068782741147 99.6068782741147 99.6068782741147 988252.650875975
100 0.000199999999999803 -0.013592487216129 0.0382977360865623 0.0302867609321039 -0.00217069986853539 0.0532955042795867 -0.034115618806082 0.119866901979909 372.198921536305 -332873.901233692 99.5381984997031 99.7256825678554 99.5869568984599 988551.400240669
200 0.000399999999999749 -0.0774874302009174 -0.0751338681357151 0.038500816004852 0.0406316671644562 0.0718094458871003 -0.0313018056567526 0.19117484869525 374.550173279317 -332890.735194652 99.4392025379771 99.7916160780113 99.5670355228051 988023.479730236
300 0.000599999999999838 -0.061865024345282 0.029523334241341 0.017084522654266 0.0195154826644559 0.0541302947803945 -0.0211949619326436 0.136566106369922 372.309810873031 -332873.049353249 99.5058987953677 99.7615773465524 99.5471141471503 988190.80499977
400 0.000799999999999784 -0.11233038040589 -0.0127255247195735 -0.0577902593867118 0.00895328826988645 0.0601377265481605 -0.00593967083719726 0.136598875685296 373.337701582396 -332881.483984889 99.5130629358399 99.7234626468832 99.5271927714954 987686.683126732
500 0.000999999999999729 -0.131381988388272 0.02244443248012 0.0329935697302439 0.0184752680821178 0.0659712178789137 -0.0169342127705246 0.20084198297221 372.500730519366 -332875.344742326 99.5233904574845 99.772908103707 99.5072713958406 988081.143039502
600 0.00119999999999982 -0.186093293626755 -0.0232503449639214 -0.037766573959946 -0.00827085000855954 0.0586823817695672 -0.0178793848029207 0.189366800609627 372.060590596208 -332873.342194857 99.5156605990556 99.7581347908965 99.4873500201858 987660.33740999
700 0.00139999999999976 -0.213845608228806 -0.0104822224570536 0.00362823088737386 -0.0173363203690288 0.0658462217806663 -0.018722661643593 0.243691924548749 371.586757120283 -332869.98086737 99.5144179960898 99.7883273766833 99.467428644531 987749.097658858
800 0.00159999999999985 -0.236936476863429 -0.01391331442513 0.00349746594713207 0.0244613644399515 0.0617236951999458 -0.0321065683400639 0.26503299312768 372.618905934445 -332878.253178025 99.5152408047699 99.8013168214494 99.4475072688761 987687.986782587
900 0.0017999999999998 -0.246170102273893 0.0213416547439724 -0.0280550810837201 0.00629699248617453 0.0641715321428535 -0.0232878637639107 0.27365718849111 373.118428487592 -332882.64425325 99.5395784920011 99.785942617999 99.4275858932213 987579.477402411
1000 0.00199999999999974 -0.273050916668032 0.00648106181674999 0.0033615082989595 0.00698758423433321 0.0584715147466593 -0.0139942194900142 0.297096939215058 370.201614100644 -332861.71169761 99.5424626335946 99.8024278004684 99.4076645175665 987573.340101607
1100 0.00219999999999983 -0.285533884926962 0.0384442959230703 -0.0106722882503764 0.0204511515350334 0.0626666316362171 0.00102233934853877 0.323265840153469 373.465929999147 -332886.077373322 99.5566174309846 99.8007209004405 99.3877431419117 987498.943725575
1200 0.00239999999999978 -0.315516587540335 -0.000150366514571729 -0.011876378990886 0.0166817953929952 0.0558541398870809 -0.0131558022249852 0.326509558216962 374.739336288092 -332895.125083389 99.5533874649988 99.8259529909426 99.3678217662569 987518.582984796
1300 0.00259999999999987 -0.346468829759324 -0.00897681842067085 0.000326976728533331 0.0478208555330439 0.0597771075777814 -0.0555367596480024 0.379421639233992 372.337383001337 -332877.440087393 99.5369398980706 99.8485567470704 99.347900390602 987381.009100008
1400 0.00279999999999981 -0.363806292144217 0.0321677252605871 0.0148938081488766 0.0180210002962632 0.0613413165771705 -0.0274780881154712 0.405932833126099 375.473496324605 -332900.829036917 99.5518872693337 99.8618220041231 99.3279790149472 987462.433172021
1500 0.00299999999999976 -0.427655791417046 -0.0512314485954952 0.00166537773505193 0.0353735143780241 0.055945086415138 -0.0194292349467672 0.422706651645678 372.577325956353 -332880.334290939 99.5511880619206 99.8526741637377 99.3080576392924 987167.014354474
1600 0.00319999999999985 -0.387855655069369 0.0431385324771093 0.00868503299847576 0.0543234563308745 0.0610224710537136 -0.0511839149790365 0.447188432778277 372.683045913972 -332881.974223736 99.6032338434087 99.8483394633006 99.2881362636376 987442.11075227
1700 0.00339999999999979 -0.482929592777824 -0.0471987479957589 -0.021931457368192 0.0232083226020835 0.0715174192714935 -0.0402178410363542 0.472569645306701 373.370960653308 -332886.717204237 99.5642033325183 99.8559708759232 99.2682148879827 986932.552561397
1800 0.00359999999999974 -0.480989946779613 0.0512043560505952 0.0259978730168107 0.0573149721147435 0.0568222151436139 -0.02735148825046 0.540589509981895 373.483462745887 -332886.821994147 99.5939801698917 99.8900628148274 99.2482935123279 987366.57990809
1900 0.00379999999999983 -0.548005111463294 0.00365531443625897 -0.0327024131919629 0.0279808018493902 0.0674906092331054 -0.0566176048094496 0.557874871899863 373.284080335669 -332885.225289009 99.5732950529458 99.8737228806441 99.2283721366731 986801.91706914
2000 0.00399999999999977 -0.53710229606804 -0.00619918409822353 0.0464133941001771 0.0293054059851723 0.0562182571889377 -0.0539289723416332 0.577357150415261 372.255421352374 -332878.614679399 99.5807368732911 99.9172254083804 99.2084507610183 987107.312147506
2100 0.00419999999999972 -0.604926003851841 -0.0170806948857539 -0.0042383223122403 0.0471382063478223 0.0679338289358018 -0.0512507585669759 0.617792303186001 372.09477143182 -332876.873655436 99.5867776209947 99.8906999583815 99.1885293853635 986706.950678449
2200 0.00439999999999981 -0.591637278111743 0.00875229120753226 0.0357475614232438 0.0370009727895911 0.0637246991932345 -0.0467225609399176 0.632647436686626 372.96020573511 -332883.134929796 99.622551936306 99.8940178870793 99.1686080097086 986895.93734498
2300 0.00459999999999975 -0.620130339933717 0.0118969741501377 -0.0268371807631727 0.0280662355897742 0.0723490688831603 -0.0298430971011444 0.630250705664675 370.5753740801 -332865.946232579 99.6289421626095 99.8858854591419 99.1486866340538 986680.644193323
2400 0.00479999999999984 -0.650092756810285 -0.0364728951554157 0.023935427399433 0.0487755255350879 0.0568982181422345 -0.0214558793550479 0.659906575367901 372.569066687185 -332880.882939393 99.5972831295822 99.9139553154844 99.128765258399 986446.054614245
2500 0.00499999999999979 -0.655954176253634 0.00588956064833323 0.0268104626586246 0.0280908511324468 0.0551634932472684 -0.0273609737138259 0.682688342909561 372.28020262878 -332879.582586829 99.6227200033077 99.9277216713646 99.1088438827442 986635.620855005
2600 0.00519999999999973 -0.710173248275803 0.0134353478363879 -0.0200019683873523 0.0286763053231555 0.0643948823046188 -0.0370572227114381 0.720804226097888 373.151364418571 -332886.578594827 99.6403235356766 99.911250031156 99.0889225070893 986448.978907014
2700 0.00539999999999982 -0.731736334134604 -0.0223617155169517 -0.0204281473648746 0.0299082703968988 0.0789646425905313 -0.0427699915988583 0.729016657691744 372.759131754436 -332883.141288499 99.6492300102783 99.9047528805319 99.0690011314345 986274.674243446
2800 0.00559999999999977 -0.726000839690066 0.0368358634644097 0.0170091288240527 0.0313189620411727 0.0649272850093513 -0.0706594680995906 0.773146780799828 373.268402209523 -332888.464970723 99.6771944318153 99.9231859234761 99.0490797557797 986535.057773857
2900 0.00579999999999986 -0.80933412064218 -0.0409661658749893 -0.00306681637189625 0.058755498694001 0.0786539057599232 -0.0391492525425883 0.808987174650326 375.259932951807 -332902.733651276 99.6537940603619 99.9234856443129 99.0291583801249 986108.043548737
3000 0.0059999999999998 -0.771449836182957 0.0180447818200123 0.0193497195518098 0.0323389693776286 0.0559070884933931 -0.0491860678235024 0.802561984080159 373.782273038566 -332892.315795538 99.6860510983389 99.9450532316786 99.00923700447 986441.670119399
3100 0.00619999999999975 -0.851831100601209 0.00744271006700888 -0.0270434431730563 0.00464740617674341 0.0529416051562341 -0.0372751650109769 0.850028986421967 372.847661437266 -332884.734518561 99.6730598242495 99.9495934950604 98.9893156288152 986159.45865569
3200 0.00639999999999984 -0.851780488442275 0.00363396305094346 -0.0114436176017929 0.0425725199313635 0.0631610570254825 -0.0273296419130469 0.85948215839121 373.227074092537 -332887.223232573 99.6904019702122 99.9607411823161 98.9693942531604 986242.530362881
3300 0.00659999999999978 -0.892761547155282 -0.00514038303110438 -0.014628108004206 0.0326663614245911 0.0534466418141953 -0.0526361288047858 0.894216099540421 373.810922043081 -332891.271382838 99.6724907894042 99.9724977772067 98.9494728775056 985982.800615908
3400 0.00679999999999973 -0.89766286451865 -0.00442915377537829 0.0341122336902253 0.0187262588813074 0.0576403905184425 -0.040978658307068 0.921865163991693 374.196134655788 -332894.463090256 99.6798959572264 99.9916746359046 98.9295515018508 986046.641271894
3500 0.00699999999999982 -0.938780132601899 0.0357835009269719 -0.00719545863592307 0.0321607969975616 0.0479928363801717 -0.0264259617759283 0.960126875863052 373.270743986946 -332885.173646433 99.7087452822377 99.9728627413963 98.9096301261959 985947.879767542
3600 0.00719999999999976 -0.984282494712494 -0.0232944946209532 0.0168939327943631 0.0220446201258218 0.0604202499067831 -0.0367473603964271 0.990047707749939 371.725501501381 -332875.015983747 99.6723745389153 100.007301096509 98.8897087505411 985729.172646882
3700 0.00739999999999985 -0.971566522452457 -0.000680926463627897 0.0322799770075001 0.00696472301618843 0.0570421393124233 -0.0294696560615461 0.994091972115438 373.634693009169 -332888.140367217 99.676981906301 100.026481357027 98.8697873748863 985765.175610544
3800 0.0075999999999998 -1.03439157224473 -0.014235939687727 -0.0179550909732632 0.0284245961107425 0.0536674672712711 -0.0405588868269582 1.02612707186578 372.976687076549 -332884.52025003 99.6906049810126 100.010754915516 98.8498659992315 985546.27764666
3900 0.00779999999999974 -1.00181812844851 0.0511933576577036 0.00328100219476343 0.0199321810652123 0.046043325181256 -0.0554491147956201 1.03800393783014 373.72566687334 -332886.693351433 99.7279523492411 100.02622055937 98.8299446235766 985869.233475006
4000 0.00799999999999983 -1.06822695454968 -0.029551793758433 -0.0209906263191443 0.00499789800044901 0.0828774822370439 -0.0394280301441698 1.05506224082823 374.291368784258 -332891.012396033 99.6982621888548 100.03768637286 98.8100232479218 985490.015994993
4100 0.00819999999999978 -1.10167108944177 0.0135794467018851 0.0276333504807575 0.0139527142821511 0.0541646778401779 -0.0293554615251899 1.12766377761841 372.159683681186 -332874.062209985 99.7234453186183 100.057953612481 98.790101872267 985739.873193227
4200 0.00839999999999987 -1.09562455567465 -0.0160551605712742 -0.0330699954905062 0.0268202774629063 0.0560254565011801 -0.0466195002549996 1.079576564677 374.525650506922 -332893.2517136 99.7409831658863 100.029007722008 98.7701804966122 985429.258705673
4300 0.00859999999999981 -1.13259762383822 0.00381431719348945 0.0568475604074253 -0.0048332391832541 0.0634955406352287 -0.0403992299036026 1.17114203256492 372.982182044021 -332879.377016175 99.7461402384772 100.066351244975 98.7502591209573 985649.276409326
4400 0.00879999999999976 -1.18414268049747 -0.0342309068861272 -0.0304209680554628 0.0154653544359217 0.0572028745794913 -0.0310026012702143 1.15763129632993 371.890876956755 -332870.609080523 99.7400674222404 100.055573480464 98.7303377453025 985284.306988218
4500 0.00899999999999985 -1.19093511831674 -0.00167575531827545 -0.0044779760311362 0.0166202202278098 0.0617918862977345 -0.0407279918847278 1.19510369109434 372.688377469243 -332875.460892636 99.7527159345479 100.07557782129 98.7104163696477 985407.399393211
4600 0.00919999999999979 -1.2058090739357 -0.0178726736812115 -0.00319285575013865 0.0160289374463973 0.0845338244093319 -0.0458034003627651 1.20720736227985 371.89256415463 -332868.615421962 99.7542049147397 100.081933154567 98.6904949939929 985285.800929998
4700 0.00939999999999974 -1.25000269881894 -0.0315039796624283 0.0345032653999615 0.006640487320949 0.0658876262423073 -0.0333233129882003 1.25937007436536 372.140241264446 -332870.250863246 99.7502208814221 100.087903149466 98.6705736183381 985106.330262908
4800 0.00959999999999983 -1.27627201100356 0.0247337347347355 0.003278021235861 0.0265387634959837 0.0673672422562129 -0.0286786416239863 1.29744273048653 372.98576450077 -332874.989007193 99.7723000114139 100.092867781551 98.6506522426832 985174.307844116
4900 0.00979999999999977 -1.31776537867671 -0.00493677701304369 0.00208597714926176 -0.00611987940576361 0.0739054066088813 -0.0337888549504624 1.32390006241235 372.896125715595 -332873.480410848 99.7609238717984 100.104285615663 98.6307308670284 984975.400912498
5000 0.00999999999999986 -1.34402718319716 0.0128479929761442 -0.00177467443305689 0.0205955024109371 0.0617507058090433 -0.0298987714831255 1.35531424934276 373.877285364708 -332881.494230433 99.7746993834732 100.106322522854 98.6108094913736 984932.480125266
5100 0.0101999999999998 -1.3668809295841 0.00837250876564942 0.00941576395714984 0.0402428275419795 0.0640871518714763 -0.0459422130175279 1.38429399109616 371.833298037236 -332864.780428555 99.7967900264935 100.116088183889 98.5908881157188 985047.613909592
5200 0.0103999999999998 -1.38743472449516 -0.00341394968996098 0.00246806141424416 0.0195232788671306 0.0652623900111129 -0.0344563959405446 1.39325937006702 374.389503067533 -332882.254691018 99.8069677942552 100.105000517162 98.5709667400639 984839.932652095
5300 0.0105999999999998 -1.43929104379132 0.036519810643876 -0.00834745996580281 0.0301482434502228 0.060624908583991 -0.0270705991228503 1.45937194897275 371.26787256302 -332858.133716841 99.8452380909748 100.098555636577 98.5510453644091 984955.031788078
5400 0.0107999999999998 -1.43527279245472 -0.0238936897959194 -0.00189764880645992 0.016423623801083 0.0691595496661633 -0.0490569794548884 1.43034878533908 372.820861895098 -332868.267553125 99.8152488450082 100.12326919894 98.5311239887543 984703.207303744
5500 0.0109999999999997 -1.46187288832761 0.0333669867206923 0.00636261762489961 0.0100202066603378 0.0638390795151058 -0.0548564476312382 1.4891771881804 373.072011872371 -332869.475764815 99.8118225458813 100.155694393909 98.5112026130995 984789.145399992
5600 0.0111999999999998 -1.5114531484907 -0.042653826254049 0.0174453303471146 0.013534432577689 0.0809938577625344 -0.0537038016867428 1.50935045984622 373.524949747261 -332872.776661251 99.783871970327 100.17668240176 98.4912812374446 984520.546341232
5700 0.0113999999999998 -1.50483412988583 0.0424328840935427 -0.0177865633581514 0.0126629182591244 0.077717033212417 -0.0663509169970133 1.52849410288935 374.441608030221 -332878.217712572 99.8206017237538 100.158830064475 98.4713598617898 984508.254812439
5800 0.0115999999999999 -1.53416363587796 -0.0197210277199183 0.0110203988033889 0.00494721561152325 0.0683263093192147 -0.0639866767384273 1.53863554415405 373.113303444726 -332867.965919144 99.8311301530446 100.163610155733 98.451438486135 984459.882347405
5900 0.0117999999999998 -1.55010869640728 0.0433982683880821 -0.0417780793541029 0.00729972576063666 0.0666916643346501 -0.0640881305503673 1.56096617881332 372.423336052584 -332861.677719135 99.8688738295616 100.145339449784 98.4315171104802 984453.198681007
6000 0.0119999999999998 -1.60915904486085 0.0133633510559305 0.0302932122818741 0.00856530866578612 0.079512853871014 -0.0852440760816547 1.64356966913554 373.702684584449 -332869.104118247 99.8346066576528 100.204220604119 98.4115957348254 984494.738605418
6100 0.0121999999999998 -1.6023663009066 -0.00802614710544157 0.00507000671016992 0.0113125546616666 0.0709734381605555 -0.0489653110700977 1.60799880991017 374.068674474264 -332871.656074382 99.8224376196901 100.231312024289 98.3916743591705 984441.554164729
6200 0.0123999999999998 -1.60404727790492 0.0132513466854307 0.0140166244594785 0.0153994861566809 0.0921743980510358 -0.0642274321978295 1.62956079667908 374.377365201352 -332873.160555153 99.8724851708924 100.216335778841 98.3717529835157 984588.563402714
6300 0.0125999999999997 -1.62969669445106 0.00506697909894725 -0.00357667723104326 0.000515484073200093 0.0853260502055744 -0.0574855672006588 1.64016853365446 372.195993343822 -332853.758171624 99.8940335771347 100.199201703792 98.3518316078609 984433.226065046
6400 0.0127999999999998 -1.69532770755502 -0.00656150581934851 -0.0257058270374063 0.013835005339262 0.0945007316882254 -0.046568601415705 1.68933087269247 372.437157368898 -332854.191076715 99.8996519043421 100.188640502414 98.3319102322061 984185.437028536
6500 0.0129999999999998 -1.7200069947358 0.0122725073246616 -0.0132742533757281 0.0135791429324675 0.0724478098841479 -0.0638527067698815 1.72792404915861 372.012127375308 -332849.257354004 99.8861613759056 100.209226961514 98.3119888565512 984055.328676349
6600 0.0131999999999999 -1.73641458773198 -0.032613154639623 0.046414391322674 -0.0217583223791722 0.0747927685205318 -0.0317243969611072 1.75072938600674 373.836258332219 -332860.850530929 99.8684743544965 100.248645083138 98.2920674808964 984068.651510059
6700 0.0133999999999998 -1.79954019922764 0.0118076874497999 -0.0132614062570116 0.00875987917479097 0.0774034678507543 -0.0503459211198345 1.8061032662611 373.592534888551 -332858.010646268 99.9092374551951 100.216037187786 98.2721461052416 983950.634925659
6800 0.0135999999999997 -1.80205405217373 0.0117268858050436 -0.0358682822554518 -0.0152580603754044 0.0710250712702888 -0.0251583654823198 1.79540255094984 373.588765479641 -332857.010912891 99.9291483345117 100.223580916588 98.2522247295868 984021.289744669
6900 0.0137999999999998 -1.78362196504955 0.0118187953131535 0.0403199245946382 -0.0302356226833313 0.0709679462059405 -0.0375275372755832 1.81594845811647 372.570151634823 -332846.927420488 99.9058651840492 100.271437658896 98.2323033539319 984062.210198994
7000 0.0139999999999998 -1.87856507119839 -0.0266538410907972 -0.0108414692247817 -0.0109530840512249 0.0808531315520714 -0.050003946272007 1.86723890412028 373.631562685984 -332854.921019519 99.9002940339659 100.268011002047 98.2123819782771 983774.159171022
7100 0.0141999999999999 -1.86507046923159 0.00512890372140635 0.0213020732621831 -0.00952369729955786 0.0970773118169369 -0.0479524859849147 1.88774912425263 372.011086543999 -332839.982561899 99.9259056997815 100.286650786117 98.1924606026223 984009.664934695
7200 0.0143999999999998 -1.89416489804011 -0.0357550860180498 0.00882868857875057 0.00749423701127184 0.10001369756147 -0.0272813027443141 1.88969288109153 372.493018236948 -332842.779894088 99.9407464312199 100.280664471081 98.1725392269675 983897.40667301
7300 0.0145999999999998 -1.94812945297955 0.0436359476639994 -0.0330139331238139 0.0067045712339833 0.0920016928203026 -0.0264404658983982 1.96162206295999 374.226030035281 -332854.0810269 99.9669801622708 100.268929810397 98.1526178513127 983840.825055501
7400 0.0147999999999998 -1.89544483522076 -0.0299040787369825 0.00557998459818337 -0.014263407653228 0.0968316732538541 -0.0500388070914155 1.89313219271257 373.141540125327 -332843.825877889 99.9426227223318 100.312879628644 98.1326964756578 983832.516526334
7500 0.0149999999999998 -1.92347875540867 0.0156186109853082 -0.00386235177793206 0.00470477492387215 0.0946013375029367 -0.0429414533129898 1.93782072695294 372.447939707521 -332837.084202126 99.9668988681217 100.30634703557 98.112775100003 983807.647483536
7600 0.0151999999999997 -1.95326884968177 0.0232765679057439 -0.0138546105579647 -0.0207781795340782 0.0897071288196035 -0.0462753440472015 1.96636227055843 374.44665458658 -332849.492415804 99.9737859541977 100.311048195712 98.0928537243482 983721.756871141
7700 0.0153999999999998 -1.9441418652145 -0.00482004326859781 -0.00487262240032646 0.00607020575697631 0.0894343449252059 -0.0406778389134527 1.94677612273959 373.593495230874 -332839.572442122 99.9666033006626 100.335523760556 98.0729323486934 983691.273225417
7800 0.0155999999999998 -1.9948838423012 -0.000494223698146195 -0.0319772329450668 0.0157608642575258 0.088813105770108 -0.0381049424440467 1.9860906881536 372.509039424702 -332831.478423955 99.9694170780665 100.348786980104 98.0530109730385 983649.150407017
7900 0.0157999999999999 -2.05317756124139 -0.0187288648537998 0.0218307457402978 -0.0249988748597861 0.0906277236256259 -0.0721608797484025 2.06525533262682 373.418225297112 -332836.116931914 99.9560423222117 100.381130339835 98.0330895973837 983634.661345032
8000 0.0159999999999998 -2.02966366931319 0.0256058984069509 0.0136084775563146 0.00442703393314613 0.0793709637758887 -0.0387513225740855 2.05501387846952 374.038502250606 -332838.797480524 99.9962244457265 100.380880342714 98.0131682217289 983827.664777644
8100 0.0161999999999998 -2.06266490353134 -0.0146222455844222 0.0279116097008609 -0.00770985998620451 0.0883846357614965 -0.0621108908328518 2.07812082258615 372.885836368118 -332827.567090427 99.99994815409 100.381968103425 97.9932468460741 983674.987929848
8200 0.0163999999999998 -2.08636226740349 0.027026853440185 -0.00553965770275903 -0.0185780138781382 0.0651163145119275 -0.0428934645080397 2.10188577766096 373.707253809321 -332832.600171239 100.038522577216 100.363438861275 97.9733254704192 983672.77627367
8300 0.0165999999999998 -2.09916751952495 0.0219239463480381 -0.00870489692087009 0.000419430092695761 0.101311891646697 -0.0840679249485273 2.11825296613019 374.401098869834 -332835.096213372 100.052824214812 100.365663053097 97.9534040947644 983635.158248435
8400 0.0167999999999997 -2.15400012769101 0.00877585732118095 0.0029696016281038 -0.00843425388197463 0.0965862237297435 -0.0548108165803456 2.16847615301072 372.815905568317 -332821.333987794 100.033440897716 100.389311238555 97.9334827191096 983476.261082213
8500 0.0169999999999998 -2.21344974641358 -0.0139990099481001 0.020759507689438 -0.00352203068438103 0.0749654534137149 -0.0621525998164104 2.22344931415403 373.550006137773 -332825.730861716 100.031466094147 100.39577224463 97.9135613434548 983320.075521165
8600 0.0171999999999998 -2.18704720701741 0.0183445630643884 -0.0360827823360181 -0.00656737122613731 0.0977739849111596 -0.0571247248853887 2.1875282685965 371.336488106028 -332806.7130923 100.069724197924 100.372860405597 97.8936399678 983271.566440634
8700 0.0173999999999999 -2.20791533535054 0.00507051705310868 0.00548399105105066 -0.0104355004005416 0.0982313466814782 -0.0643424263795707 2.22259224801196 372.477164298908 -332812.258807505 100.073104542292 100.395322473282 97.8737185921451 983324.683849377
8800 0.0175999999999998 -2.25567113616483 0.00143752532143641 -0.0416280013925017 -0.0218332512169848 0.0935122102009236 -0.021879731455227 2.2423849840921 372.701687572548 -332811.524478192 100.065862303299 100.394568421972 97.8537972164903 983046.004591933
8900 0.0177999999999998 -2.25691128793924 0.00151749510046882 0.0256896973256406 -0.0175429015341496 0.0975835051637689 -0.0483939532826922 2.27863837991974 373.441421099429 -332814.526757682 100.054445823989 100.449602309951 97.8338758408355 983272.451536067
9000 0.0179999999999998 -2.31519956211872 -0.0235817012329408 0.0179441460981944 -0.00314991171300093 0.0882664232305206 -0.0449368177215364 2.31902108501878 373.799899631027 -332815.415321959 100.055548833054 100.439036688065 97.8139544651807 982979.666700344
9100 0.0181999999999998 -2.35296418078013 0.0238846424440767 -0.0130926905455684 -0.0144906188308661 0.125551943193091 -0.0742188094821599 2.37220008044826 374.003154583056 -332816.723535718 100.086421815855 100.41904847565 97.7940330895258 982887.070340658
9200 0.0183999999999997 -2.36339142887387 0.013965902784337 0.0230445827715187 -0.0188354661619917 0.123858089604553 -0.0432585546279518 2.39294677799826 372.273870731262 -332802.029104559 100.093518362445 100.45345501739 97.774111713871 983093.247018378
9300 0.0185999999999998 -2.41539054798732 0.007732144422209 -0.0197222480448052 -0.0339752124484535 0.109710967831942 -0.0357546854372276 2.41850358525791 371.846208705904 -332795.984662255 100.083651362461 100.463375554623 97.7541903382162 982893.10986702
9400 0.0187999999999998 -2.40700679805737 0.0174899140938449 0.0149528834960506 -0.0273983243906493 0.0917876052693069 -0.0309919018229144 2.42949544418807 374.885621428677 -332815.747606383 100.084196273837 100.494432926037 97.7342689625614 983001.948430586
9500 0.0189999999999999 -2.46561306129991 -0.00201631131239016 -0.0156783257372336 -0.0155764488125187 0.0862944967669795 -0.0307668787109136 2.46206129150319 374.625462737765 -332810.92357188 100.099336640605 100.476080719339 97.7143475869065 982770.750193044
9600 0.0191999999999998 -2.45834284061437 0.0312270302241678 -0.00874016747569603 -0.0399188831064575 0.0922890133891841 -0.046589810537053 2.4772764392501 371.31098362551 -332784.149900209 100.134735853686 100.46925103898 97.6944262112517 982851.054128494
9700 0.0193999999999997 -2.45029214152092 -0.0145789430932871 0.0142712122999571 -0.0125664715047938 0.0910611354462453 -0.0568620849482767 2.45740754671001 372.894666781311 -332794.116293148 100.102689548779 100.515336701043 97.6745048355969 982786.758053483
9800 0.0195999999999998 -2.49324311376969 -0.0192972646774177 0.0295162864080729 0.00270895338133634 0.0918560858794501 -0.0521932828301704 2.50540614716261 372.862571649529 -332790.826899974 100.118352969806 100.536253502945 97.6545834599421 982944.564704544
9900 0.0197999999999998 -2.52893024716867 -0.0292440576180781 -0.00369989158838101 -0.028321902062611 0.0769273011455861 -0.0574145226355518 2.51852835031065 372.564574211519 -332787.22627833 100.143674420009 100.505841520591 97.6346620842873 982695.243525015
10000 0.0199999999999999 -2.54963431959062 0.0425078760453649 -0.00209154549355585 -0.0424766261416891 0.0691530500692839 -0.0497105939083422 2.57541353612835 372.686343773976 -332784.947843566 100.169260194781 100.513107690787 97.6147407086324 982816.801222167
10100 0.0201999999999998 -2.56194871258381 0.00113176274655567 -0.0216310779379685 -0.0270830855409975 0.102267434096059 -0.0371368756471008 2.55915425185934 373.677835234949 -332787.945864098 100.139496228577 100.548167866604 97.5948193329776 982666.90146008
10200 0.0203999999999998 -2.60130418928608 0.0144704744316511 -0.0184307134383153 -0.0232226192368922 0.0981049331920422 -0.0433136784546112 2.60641848404678 372.851059866406 -332779.328545861 100.139909842881 100.559489339128 97.5748979573228 982580.997929079
10300 0.0205999999999998 -2.61871432822043 -0.00531646440611916 0.0108478040436218 -0.0440382256548965 0.102031709558357 -0.0588836588078795 2.63055216710236 372.457995378803 -332775.163556854 100.140332491531 100.582109079004 97.554976581668 982605.512016869
10400 0.0207999999999998 -2.63930596702487 -0.0174661609413715 -0.0473119899154141 -0.0185460533818945 0.101646082568199 -0.0593971448578902 2.61520467054984 373.292898958526 -332777.598150242 100.150832353028 100.58298720336 97.5350552060131 982516.441736854
10500 0.0209999999999997 -2.70545055503574 -0.0169648864884135 0.0106757413519023 -0.030357031556455 0.100141714988879 -0.0594035808545575 2.71043662897745 372.758639517637 -332771.406502962 100.130862281692 100.621828324023 97.5151338303583 982499.146002639
10600 0.0211999999999998 -2.71547643556624 -0.0315276371171247 0.0122388130868703 -0.0194308854234521 0.118574804115766 -0.0538444420128158 2.71569031160451 374.38936127386 -332780.674508897 100.128389807722 100.627228168406 97.4952124547035 982326.889319345
10700 0.0213999999999998 -2.73715951135891 0.0176854441648668 -0.0134859120772506 -0.0367960624869316 0.108329719967609 -0.0616571717822124 2.74862561742215 373.577161612787 -332771.527603509 100.164228237563 100.611085629384 97.4752910790487 982320.087654388
10800 0.0215999999999999 -2.76683801776105 -0.0361334710748891 -0.0150826507378682 -0.0406720933980007 0.0955127765673566 -0.0587967680293968 2.74906819448594 371.749452434723 -332755.033515379 100.149472113891 100.623323001291 97.4553697033938 982094.08025841
10900 0.0217999999999998 -2.75730665231875 0.0465943589593996 -0.0138071872084887 -0.0213122894983603 0.101014087344505 -0.0577940300299566 2.78175194791729 372.022107080117 -332753.271660304 100.182227421791 100.621070722523 97.435448327739 982192.482126246
11000 0.0219999999999998 -2.79071892493367 -0.0114661618737431 -0.00246767124511673 -0.0219086854283213 0.104718676984943 -0.0631462850177961 2.79206667347101 373.16214762928 -332758.258204729 100.18564422193 100.629179336442 97.4155269520842 982104.294627344
11100 0.0221999999999998 -2.82517752685982 -0.0110833968572201 0.00844653599893771 -0.0135848483188913 0.11427505565036 -0.0433887871859657 2.83193291412525 373.328740027175 -332756.702098666 100.202571803186 100.623601819502 97.3956055764294 982014.927210189
11200 0.0223999999999998 -2.8484390019769 0.0391513026951925 0.00401131477361999 -0.0102545200965654 0.116337577348947 -0.0682256273671807 2.87972666548497 373.347652479828 -332754.352747129 100.226936281437 100.633245412761 97.3756842007746 982146.913613754
11300 0.0225999999999997 -2.87480395712353 -0.00648197205273973 -0.0291299030054186 -0.029667862360046 0.117746537894946 -0.0838769362683549 2.86847724229983 372.435212049422 -332745.422794997 100.205891754786 100.651741150355 97.3557628251197 981920.242809264
11400 0.0227999999999998 -2.87933297717097 -0.00272037369243759 0.000141520355464201 0.00333933037291064 0.112871992322311 -0.0543863873025446 2.88622039562522 372.795380845646 -332744.559781723 100.207475321962 100.688952847597 97.3358414494649 982097.78676761
11500 0.0229999999999998 -2.92056561341509 -0.0172445451325596 -0.0089893775553589 -0.0370437387655094 0.0934354995911069 -0.0355624816679757 2.91331600398547 373.323969314519 -332746.604768097 100.213883419138 100.691305235833 97.3159200738101 981982.51642609
11600 0.0231999999999999 -2.93414207765898 0.0402258822387498 -0.00734034155148121 -0.0212616321753471 0.101461397592723 -0.0604684410689636 2.95818467445923 372.924101688537 -332738.972354049 100.252395151939 100.700774517023 97.2959986981553 982251.155415306
11700 0.0233999999999998 -2.98854761328911 -0.0153544304495909 -0.0148455831866468 -0.0191572236737336 0.114125398553327 -0.0388586101243445 2.980955493597 371.885337312221 -332728.192128167 100.23668280193 100.709554751969 97.2760773225004 981981.73745758
11800 0.0235999999999997 -3.02081860776642 0.00116944625956432 -0.0013329117793872 -0.00603009528433988 0.112132391255745 -0.0254696104484446 3.02731434991375 372.537449940753 -332729.186961002 100.246494920546 100.724337336465 97.2561559468456 982020.865453551
11900 0.0237999999999998 -2.99977161274531 0.0151725191975816 0.0590203157975214 -0.0133418332785868 0.0999943598172922 -0.0527012992721798 3.04349672505616 373.03067569543 -332728.928855696 100.25286049716 100.752827133197 97.2362345711908 982159.783458234
12000 0.0239999999999998 -3.0534895006797 -0.0170351169418647 -0.023867830463161 -0.0122843037327092 0.108733903633016 -0.0414613605102729 3.03980817134383 372.236557592367 -332718.88202888 100.249014074216 100.724995430652 97.216313195536 981649.644119723
12100 0.0241999999999997 -3.07944499419423 -0.00170852504863258 0.00777881446194279 -0.00338102878455352 0.123590319905161 -0.0451901014016383 3.09091179837123 373.772558237908 -332727.328474528 100.260752403814 100.737813456343 97.1963918198812 981688.317345487
12200 0.0243999999999998 -3.11624343198894 -0.00897176896920507 -0.00744547085378149 -0.0027903658876938 0.143171607279288 -0.0486420831024946 3.11905402050663 373.485958779001 -332722.675405016 100.281506001832 100.727159859468 97.1764704442263 981586.455278485
12300 0.0245999999999998 -3.11959743540791 0.0134256422686555 -0.0153433917734799 -0.013722735738371 0.125567389093029 -0.0390961530078004 3.12713594053354 372.440849707245 -332710.871530834 100.296305798459 100.737026726241 97.1565490685715 981626.210461128
12400 0.0247999999999999 -3.14748792002133 -0.0316124443344679 0.0082200490099067 -0.00462830211027454 0.0996213062218894 -0.0568520747623472 3.14227841690957 372.708621216441 -332711.697879487 100.260437839674 100.778030023426 97.1366276929167 981473.286193201
12500 0.0249999999999998 -3.12159304813783 0.000849972103838946 0.0279267592106823 -0.0352171469110955 0.112659952191469 -0.0425997244985092 3.14359205978501 373.062224823978 -332711.760171595 100.287687003325 100.807764290674 97.1167063172619 981828.293632592
12600 0.0251999999999997 -3.16066947886004 -0.0162102717446711 -0.0615281963330827 -0.0106171124266153 0.122225507582494 -0.0628589111548501 3.13116370951076 373.836027223984 -332715.08978892 100.312820702633 100.778921231175 97.096784941607 981591.971455438
12700 0.0253999999999998 -3.144224800953 0.0117852546757701 -0.0008877943647569 0.00792955223533389 0.0836642890795769 -0.0659816588698825 3.1551247706412 372.380661786132 -332701.450845269 100.32042921233 100.810308366128 97.0768635659522 981770.687087897
12800 0.0255999999999998 -3.1712503212459 -0.00225526987110968 -0.00433915306258069 -0.00137144035807103 0.0887193868251609 -0.0607919653309097 3.17342656810803 373.669015486401 -332707.251257791 100.314222283774 100.825580922071 97.0569421902974 981657.181404997
12900 0.0257999999999999 -3.16647834894894 0.00828656154508727 0.0097611844430473 0.00127653368947234 0.0591924712544728 -0.0553075564118457 3.17860172157706 373.231438709879 -332700.563009274 100.317963663473 100.848733766497 97.0370208146426 981717.679467011
13000 0.0259999999999998 -3.21152180999255 0.0173530405635679 -0.0406625891959009 -0.0233366661177087 0.0846153377670238 -0.063417175539624 3.20575290478753 373.124110427915 -332699.54384776 100.323237924245 100.851362485469 97.0170994389877 981593.325256872
13100 0.0261999999999998 -3.18136430365087 -0.0198205393935094 0.0284421804785659 -0.0277344679823776 0.09037348608822 -0.0624261713187365 3.19198586278265 372.896793801007 -332693.504370947 100.313721075113 100.903714739728 96.9971780633329 981808.064577452
13200 0.0263999999999999 -3.19764993158873 -0.0336608616200413 -0.0297907200652399 -0.01793906671257 0.0656116409495448 -0.0515062039769117 3.16937307021874 372.960624719362 -332692.619959619 100.309109718711 100.899509963548 96.9772566876781 981520.393254853
13300 0.0265999999999998 -3.19128022056534 0.0505775651378366 -0.000461953763362676 -0.040639460056936 0.0749252404299331 -0.0596371628223352 3.22168432953256 374.48809217853 -332701.786235702 100.329855333542 100.932195438162 96.9573353120233 981839.674481382
13400 0.0267999999999997 -3.18857317095548 -0.0436450994480852 -0.00190101621727956 -0.00761948540876491 0.0658815760279682 -0.0650574464178184 3.17009306053759 373.271913780193 -332689.212528978 100.283639413855 100.976443301931 96.9374139363685 981615.902918574
13500 0.0269999999999998 -3.20697513813401 -0.00708289078990183 0.0160564810084546 -0.0500781108139839 0.0412935182623088 -0.05804983024327 3.2150641650579 373.757964452929 -332689.300111802 100.308453069063 100.991360111865 96.9174925607136 981802.02524934
13600 0.0271999999999998 -3.26354484809255 -0.0220213783913636 -0.0241611928887421 -0.0277142206790608 0.0439776960312742 -0.0731183324907665 3.24417754500005 371.638436589785 -332671.586085455 100.340579138402 100.973275298749 96.8975711850588 981738.761577307
13700 0.0273999999999999 -3.22584389617685 0.0416459916492759 0.000781676893241855 0.000768178011708417 0.0833430009219747 -0.0489863909042052 3.2515650479746 373.184262323875 -332678.750424643 100.368819411676 100.99261930809 96.877649809404 982001.263090126
13800 0.0275999999999998 -3.2060457244821 0.0221831436642702 -0.00667265083808821 -0.0403507880525984 0.0632902982915153 -0.0645601178166847 3.21846962755353 373.121040238112 -332676.561695446 100.343997923187 101.028157850807 96.8577284337492 981901.930514965
13900 0.0277999999999998 -3.23132614243194 -0.0403011828605764 0.0363609039452726 -0.0198231224815101 0.056370977211286 -0.0564324960377718 3.23317395297691 372.745970023017 -332671.519440624 100.328018266215 101.065213252789 96.8378070580943 981903.655123887
14000 0.0279999999999998 -3.21940378266868 0.0408438156289518 -0.0157675750269452 -0.000748553164853707 0.0753654347482037 -0.0540408897970325 3.23630265610393 375.2529310168 -332688.312816005 100.371310045219 101.042917106809 96.8178856824395 981908.597397841
14100 0.0281999999999998 -3.22644576272332 -0.0268011308740176 -0.0222554498491234 -0.0159852783512905 0.0602554871680292 -0.039502870228321 3.20447050010914 374.03041813825 -332677.618166674 100.368823834569 101.05185940908 96.7979643067847 981769.120508538
14200 0.0283999999999997 -3.2494088163994 0.0231167670244577 0.0146999812394442 -0.0090774779410273 0.0525925461149013 -0.0223084833649826 3.2698606276817 373.004806221766 -332666.508763763 100.372429132415 101.083580138779 96.7780429311299 981910.457525254
14300 0.0285999999999998 -3.28445099927183 -0.0246901395402001 -0.0269327415383951 -0.00440214680247557 0.0600406779846566 -0.010155965501002 3.26035546563839 371.90541379249 -332657.339593496 100.342305415865 101.108871726098 96.758121555475 981659.259735676
14400 0.0287999999999998 -3.26089444526248 -0.0279932027446538 0.0218736129934314 -0.0260553194635096 0.0725700977697452 -0.0399110577815352 3.26158952163403 373.94550182841 -332670.182936035 100.348430754584 101.143575361336 96.7382001798202 981853.946425538
14500 0.0289999999999999 -3.24866911391245 0.00621295596651594 0.0290888489923204 0.00200388072472257 0.0722322526779093 -0.0222400646046655 3.26900402758378 373.163626482981 -332662.101776645 100.388587894813 101.138091413979 96.7182788041654 981991.341063113
14600 0.0291999999999998 -3.28324390537673 0.0090713914617292 -0.038420775036763 -0.0165511489221851 0.0563645514297205 -0.0317412267926698 3.27087321054068 372.511460658539 -332653.994511743 100.414255529806 101.128997958025 96.6983574285106 981951.807229488
14700 0.0293999999999998 -3.3018985856762 -0.0186152570881477 0.00446149432237594 0.00442483613418178 0.0614606077733177 -0.0343493879300388 3.29714726137999 373.229039823092 -332656.919920955 100.386535987933 101.182405412877 96.6784360528558 981996.826746849
14800 0.0295999999999998 -3.31850493013023 0.000212662158227129 -0.00356212584374124 -0.0288648589412805 0.0344144441794292 -0.0250065144782379 3.31802679773518 372.238115718351 -332646.976927942 100.386348628815 101.212068276471 96.6585146772009 982080.470499858
14900 0.0297999999999998 -3.29710191995255 -0.0229610839555526 -0.0357605654892671 -0.0312904162229263 0.0415495530561382 -0.024553864264512 3.26927817396626 371.021274383445 -332634.431696213 100.387310722062 101.221701516442 96.6385933015461 981980.92821448
15000 0.0299999999999997 -3.32628517288218 0.00170664708929635 -0.0177707823470019 -0.0228954422440627 0.0565351803697149 -0.0230613284070312 3.32021760680006 372.778925303178 -332642.623828081 100.38810292376 101.237762282491 96.6186719258913 981942.026551291
15100 0.0301999999999998 -3.2975903105286 -0.00372106545922899 0.0216320955634641 -0.0227271159832628 0.0201582711527053 -0.0517840451655038 3.30825343328426 373.494963540027 -332645.419693971 100.387289336291 101.274806233209 96.5987505502365 982090.83365824
15200 0.0303999999999998 -3.32669083653112 0.00769180759473934 -0.0184393738869082 -0.00961482191683248 0.0160890937046506 -0.0369472193719256 3.3221692160934 374.149303315225 -332647.084570169 100.384814526748 101.272909094369 96.5788291745816 981845.699973651
15300 0.0305999999999999 -3.36398420667737 0.00263017506764726 0.0372905815704473 -0.0282748178100599 -0.00641257764106077 -0.0385235247680723 3.38510796097629 374.753432561576 -332650.441505673 100.401240821867 101.290283607061 96.5589077989268 981972.243068833
15400 0.0307999999999998 -3.34022425657262 -0.0196628116454274 -0.0210164955728325 -0.0280994098443703 0.00228036608055317 -0.0327157780516422 3.32072739749124 372.427431345702 -332631.133227206 100.400238020634 101.309779684733 96.538986423272 981948.809854674
15500 0.0309999999999997 -3.33305625950033 -0.0103325777561737 0.0209530327459895 0.000228633810884956 -0.0227679582581555 -0.054218982008431 3.34002983282805 373.053629988198 -332633.897233688 100.3805117682 101.359908635813 96.5190650476172 982038.970369729
15600 0.0311999999999998 -3.38972267325091 0.01047413348056 -0.0576789169160681 -0.0196640227586616 -0.0196933481027664 -0.026188289217836 3.36728828038019 373.488106280697 -332635.691669845 100.404737952532 101.337147505423 96.4991436719623 981852.707017066
15700 0.0313999999999998 -3.3517770432403 0.0175680508241144 0.0136668083191867 0.0196446235022298 -0.0250688067313403 -0.0318378719700089 3.36829941802677 372.115006870661 -332624.602517886 100.416439246611 101.386390008939 96.4792222963075 982241.481423824
15800 0.0315999999999999 -3.36526547844103 -0.0391739630848738 -0.0149236066929995 -0.020792797851317 -0.0355345169890492 -0.0461110656725791 3.33999933699118 372.331880634843 -332623.293477641 100.370463045155 101.427544495036 96.4593009206527 981987.4769848
15900 0.0317999999999998 -3.38440371963771 -0.0150901904366116 0.0143041501443528 0.00540567314195648 -0.0114308588010143 -0.0299723772672156 3.38457547152068 373.94318563199 -332631.652659132 100.361581044996 101.452325972118 96.4393795449979 981937.645731292
16000 0.0319999999999998 -3.35205468709158 0.00634658532361746 -0.0175325783612991 -0.00530423062878102 -0.00831631408969122 -0.0403799471969328 3.34729995900418 373.102354415692 -332624.007166487 100.382701544175 101.455528809353 96.4194581693431 981972.407993088
16100 0.0321999999999998 -3.34484679468373 0.00867066749475127 -0.010007014119475 -0.0355416578950531 -0.0142798744563314 -0.061767133719508 3.34658620129307 373.91179656123 -332627.667919946 100.392334899803 101.474240897917 96.3995367936882 982044.829287351
16200 0.0323999999999998 -3.39597138011719 0.0174347611768117 -0.00461677363462114 0.012490657415095 -0.012316547944371 -0.0477276791159694 3.40357368760396 372.606539200062 -332614.966191778 100.367770828596 101.523259096767 96.3796154180334 982075.820724807
16300 0.0325999999999997 -3.35103755341341 -0.0263868523658206 0.02273846131307 0.0239165738483456 -0.0154417660216067 -0.048078922635036 3.35088140484183 375.044121889496 -332629.439138106 100.363070984319 101.559454359548 96.3596940423786 982176.893964692
16400 0.0327999999999998 -3.35544037895055 0.0429253384758251 -0.0215593508535701 0.00432706771439863 -0.0262295116871588 -0.0513269979062679 3.36807493704611 373.90521943067 -332617.544997816 100.419780994477 101.531231632643 96.3397726667238 982255.663429632
16500 0.0329999999999998 -3.37458700069751 -0.00501951633729133 -0.0162349349734697 0.00919364959336627 -0.00261744431022416 -0.0581793487014005 3.36552348673747 373.039022012129 -332609.633477263 100.419831857458 101.545791098663 96.3198512910689 982193.87291355
16600 0.0331999999999999 -3.36687006523933 0.0201032726863658 -0.0182254095082832 -0.0147509975251249 0.0101202702486784 -0.043667696408596 3.36896421672148 372.489860062295 -332600.957666362 100.425843998166 101.576794813893 96.2999299154141 982349.359258735
16700 0.0333999999999998 -3.39994565959693 -0.0610379973048136 0.0177026439827732 -0.0331586815548501 0.0009003921985318 -0.0465944178131067 3.38041805733433 374.630214087708 -332612.246961596 100.375955408408 101.624615928517 96.2800085397593 982120.394144356
16800 0.0335999999999998 -3.40022570432721 -0.00906768363672093 0.0281338555202608 -0.00413247642599371 -0.00392317862646806 -0.0475670113370043 3.41092043904307 373.204414187237 -332599.682871083 100.418066990596 101.61924659938 96.2600871641045 982277.233624221
16900 0.0337999999999998 -3.47804591754487 0.00371852660568832 -0.0495500938573933 -0.0511755933587839 -0.0255839805656455 -0.0295004100031304 3.45723642069536 373.019266969566 -332596.545233596 100.461035861813 101.578127125876 96.2401657884496 982096.618050333
17000 0.0339999999999998 -3.41272581922933 -0.0256444600934707 0.026995341228887 -0.00936545080304682 -0.00084866734209411 -0.0615944116694124 3.4154111439559 373.31776372336 -332595.869684654 100.461068616752 101.625735477368 96.2202444127948 982353.848473912
17100 0.0341999999999997 -3.41865639953931 0.0263046612721274 -0.023373551802026 -0.0304531511423886 2.70939859743851e-06 -0.0437541415514829 3.42163858169217 375.359763290064 -332606.88242686 100.485974723247 101.616558228641 96.20032303714 982305.240881274
17200 0.0343999999999998 -3.44510134499886 -0.0242726635946634 -0.00157285250488721 -0.00870383735667407 0.0143431539481819 -0.0521276454218272 3.43354519943758 373.516309214258 -332591.935335195 100.467465034197 101.645963732239 96.1804016614852 982205.063512539
17300 0.0345999999999998 -3.39446790654946 0.0432563431979499 0.0400974282783924 -0.0140305863699403 0.012015595170504 -0.0545803902318595 3.43759498345284 372.460327868445 -332582.537170222 100.50581084729 101.668230356606 96.1604802858304 982591.628570774
17400 0.0347999999999999 -3.46748912097909 -0.0287474545607477 -0.0415382160084068 -0.0210691402059581 0.0336548595065229 -0.053407092541466 3.43429910679285 374.162319025498 -332592.875704795 100.487448209213 101.659554385937 96.1405589101755 982124.764648461
17500 0.0349999999999998 -3.41237350332705 -0.0114366933526803 0.0323964911380014 -0.0085201015632537 -0.0118491254339606 -0.0563231147939301 3.42454701904162 372.917406152147 -332582.010242358 100.488876099601 101.718566600132 96.1206375345207 982505.212611794
17600 0.0351999999999998 -3.3850407821762 -0.00799981843183774 -0.0235218773477371 -0.0423023387363372 -0.00817977842949366 -0.0582750583337309 3.37164427446081 373.170905256689 -332582.329508917 100.49226663688 101.713669729001 96.1007161588659 982287.436920925
17700 0.0353999999999998 -3.40578006309668 -0.000420056309929401 0.0386218751509809 -0.0220916056339195 0.000122926193727042 -0.0334663759204034 3.42575203971658 374.166770341638 -332588.574155748 100.508143839775 101.744578758592 96.0807947832111 982537.460931278
17800 0.0355999999999998 -3.39278826822254 -0.0213776351038644 -0.0185443623603716 -0.0146796658564797 -0.0313323283160381 -0.0621540887770493 3.37507789907303 375.165449923452 -332593.54742721 100.527000291957 101.736678329064 96.0608734075562 982441.746412363
17900 0.0357999999999999 -3.37586937217146 0.0294999734227314 -0.0171891210660764 -0.0446129154576165 -0.0065090475127944 -0.0606920118263776 3.38480062056617 371.311324021163 -332563.046501607 100.547086693948 101.77049944653 96.0409520319014 982760.865122704
18000 0.0359999999999998 -3.42247494329589 0.00956595385568639 -0.00547136282592518 0.00805200428981657 -0.0192839540944966 -0.0687580624912871 3.42680832338603 374.234094550719 -332581.247115336 100.514635507498 101.801754029912 96.0210306562466 982541.552814979
18100 0.0361999999999998 -3.38744941732457 -0.00436145890766306 0.0146277427421945 -0.0284699209420555 -0.0291404873014016 -0.073355600591972 3.39573395736722 374.181031197429 -332579.098793176 100.493550822356 101.853217931941 96.0011092805918 982628.141278777
18200 0.0363999999999999 -3.38074120699774 -0.00136894287950609 0.010263167674439 -0.00454777639006793 -0.00369669129346584 -0.0600275671132645 3.3868147878349 372.76890242812 -332566.863373334 100.487861014272 101.884243184358 95.9811879049369 982667.847522191
18300 0.0365999999999998 -3.36098832378435 0.0106334495279681 -0.0299044733767176 -0.0156065256808647 -0.00329118206038128 -0.0714819768847251 3.35393654793653 372.981168972525 -332567.713573036 100.501412586469 101.893608393062 95.9612665292821 982686.703164086
18400 0.0367999999999997 -3.38899508702516 -0.00762670047225309 -0.000712801171771803 -0.0501645166735477 -0.00104907302938491 -0.0902246868111078 3.38955050534696 373.91351822533 -332572.386916402 100.513760864014 101.9026718195 95.9413451536273 982690.816171564
18500 0.0369999999999998 -3.39178010452709 0.0384356509639696 -0.0108089607832908 -0.0200835668316095 0.00496267655500377 -0.0487099446652059 3.40709369220901 374.542933013387 -332575.840815678 100.533064751815 101.906655220344 95.9214237779725 982713.870838471
18600 0.0371999999999998 -3.39588245801664 -0.0302286129535461 0.00839220939449943 0.00786496151837254 -0.00391382880708216 -0.0637731948584635 3.38696534970706 373.470807641846 -332567.296978296 100.47997800697 101.963692465274 95.9015024023177 982540.580955553
18700 0.0373999999999999 -3.32479971610676 -0.00688061636353842 0.0544472645370447 -0.0105924122507313 0.0236237532980532 -0.0762833671566035 3.35190953157588 372.87636956887 -332563.456661441 100.493639386735 102.021058510662 95.8815810266628 983022.78985582
18800 0.0375999999999998 -3.32405246676839 -0.0189698119001258 -0.0253844931637046 -7.20621394397827e-06 0.00961109782856119 -0.0771895719968504 3.30462755264514 372.490507172654 -332559.818575005 100.518686955222 102.004610112118 95.861659651008 982905.014586466
18900 0.0377999999999998 -3.29009844356758 -0.00263461269301201 -0.022476633022167 0.00219155927780139 -0.00970527052947066 -0.0867048631348979 3.28107183804527 374.799720000024 -332576.342433284 100.558295778592 101.997267850372 95.8417382753532 983017.21868467
19000 0.0379999999999999 -3.28675172331468 0.0365105430006479 -0.00343332429827586 -0.0261239728290557 0.0207994857148393 -0.0760854534838648 3.30660488819991 374.809593829311 -332575.611590561 100.586969429004 102.010777954936 95.8218168996984 983223.351569285
19100 0.0381999999999998 -3.33013003964545 0.00417429853637913 -0.0150110470923881 -0.0124016022901846 0.0091127418692289 -0.0828910003562501 3.32795838242862 375.296362863403 -332576.375951523 100.540362075792 102.056311779517 95.8018955240435 983002.033534268
19200 0.0383999999999997 -3.32741792272346 -0.0049360148536738 0.0348141434021374 -0.0189225648765257 0.022492418959483 -0.083748628129291 3.34606764726901 373.424444124208 -332561.509953812 100.541380401769 102.096452479952 95.7819741483887 983194.1360332
19300 0.0385999999999998 -3.36440581547145 0.0185410186953174 -0.0384216082829519 0.0294886514370149 0.0212204348485624 -0.0760443957442472 3.35800244158604 372.914180371685 -332557.224688243 100.561328966422 102.059625032811 95.7620527727339 982830.03435935
19400 0.0387999999999998 -3.35164824189335 0.041181320348694 0.012456191935087 0.012771169180483 0.0180657215017627 -0.0642350180551878 3.38060718486569 374.880815525578 -332569.445158418 100.56662965353 102.080165154147 95.7421313970791 982875.141244168
19500 0.0389999999999999 -3.39137664315951 0.013094767717874 -0.00854588451252088 0.034759339592139 -0.000860785344000934 -0.0621013056873019 3.39594103274841 374.354733836044 -332565.993836683 100.530285478519 102.126451462201 95.7222100214242 982760.912239869
19600 0.0391999999999998 -3.3591070789137 -0.0480854056099034 0.0329435119813421 0.0251034022913074 -0.00301609678990935 -0.050889338300799 3.35371521093844 372.647296874315 -332552.650706095 100.495717918041 102.188383632256 95.7022886457694 982814.17244017
19700 0.0393999999999998 -3.41417590131765 0.0168180152289677 0.00707719861220895 -0.0103033981495999 -0.0127623395700215 -0.0560872542184414 3.42762861298675 374.505773254458 -332566.583638275 100.565529871495 102.137107526102 95.6823672701146 982798.788640179
19800 0.0395999999999998 -3.40372605736335 0.0224337230973658 -0.04268010154602 0.0314229083563278 -0.0227155707539206 -0.0799955410556587 3.39756211613567 373.285510402261 -332555.927390987 100.596787997619 102.118464167948 95.6624458944598 982720.168824481
19900 0.0397999999999998 -3.37217841923051 0.0105425615433782 0.0271123975144179 0.00524842659896689 -0.00736622264711365 -0.108809334256122 3.39630545745469 374.82922060838 -332566.227460001 100.595907344643 102.177582487427 95.642524518805 983075.711431329
20000 0.0399999999999997 -3.39960572784679 -0.0201721612920051 -0.00213931390470526 0.0225834272892439 -0.0038521067034529 -0.0857223579152538 3.39196944882844 374.064237153932 -332558.770942276 100.598643024982 102.182332910851 95.6226031431501 982943.37229607
20100 0.0401999999999998 -3.42186809168837 -0.0117231674215695 -0.00694288462834186 0.0447775207534244 -0.0130552941080907 -0.109734374341972 3.41878107117931 372.625558497277 -332545.957753411 100.636369073541 102.165748543645 95.6026817674953 982947.57464579
20200 0.0403999999999998 -3.39923826856558 0.0177806279328866 -0.040328314936132 0.0219078673951156 -0.00395370386407653 -0.10379006331399 3.39332275556604 372.649870894387 -332543.157902418 100.643994912285 102.188085661955 95.5827603918405 983032.099012433
20300 0.0405999999999999 -3.42959248671643 -0.0285393466650129 0.0105610482214669 0.0233825415480526 -0.0322326136343287 -0.110388684944894 3.42680432215267 372.986917910112 -332543.412821977 100.616418560555 102.223752316863 95.5628390161857 982900.863323231
20400 0.0407999999999998 -3.40763529246221 0.0331201216139488 -0.0229313925094512 0.00978918599010544 -0.020546845421326 -0.0905700258018104 3.41690544686581 373.191734674824 -332542.535375007 100.639216011209 102.226785228491 95.5429176405308 982947.783926059
20500 0.0409999999999998 -3.38254623961223 -0.0297166182648299 0.0214918559627416 0.0217389441688017 -0.0229203660355431 -0.0973905429739441 3.38337562133915 373.38496959636 -332540.813546932 100.624582017965 102.273513964606 95.522996264876 983049.086087461
20600 0.0411999999999998 -3.40320990225562 -0.0171673125328762 -0.0310326509863983 0.0320428033222841 -0.0178289918249225 -0.0814300711503221 3.38266972265215 374.424203026269 -332547.441280553 100.644227549679 102.262393673349 95.5030748892212 982929.070707361
20700 0.0413999999999998 -3.37384259312127 0.0254282859394366 0.0211700138465865 0.0230804767995467 -0.0588730415617048 -0.0781896951463613 3.40160590565226 373.08178817669 -332536.086341495 100.670477342254 102.2916504733 95.4831535135664 983261.575468121
20800 0.0415999999999999 -3.35783557241033 -0.0116475907661859 -0.00404488332971081 0.0179609559618257 -0.0308382247731649 -0.0851752088027237 3.35381232668651 373.85715724114 -332539.570616193 100.674025757309 102.300413767236 95.4632321379115 983175.301841898
20900 0.0417999999999998 -3.35202871150017 0.0104546390188152 -0.00836765304292372 0.0363250312321397 -0.0548013671022569 -0.0703211135013794 3.35725515677953 373.900712677778 -332540.507768907 100.667249923097 102.342402878826 95.4433107622567 983307.405242584
21000 0.0419999999999998 -3.35217744729909 -0.0119041525650251 0.0434113884932974 0.01918766623001 -0.0137789557676241 -0.0781211932916713 3.37123676981804 373.157457644436 -332532.926716885 100.641092342574 102.399241999719 95.4233893866019 983392.568766385
21100 0.0421999999999999 -3.41365771296803 -0.0224024387030635 -0.0381603737657475 0.0110477066712416 -0.0183507438248253 -0.067164366819025 3.38560644918012 374.401424831303 -332540.844951592 100.641087120026 102.379943997228 95.4034680109471 983001.926643961
21200 0.0423999999999998 -3.26104680260369 0.0261915374005861 0.050156196932137 0.0192978449471892 -0.0130431699313862 -0.0603656368928664 3.30118878287423 373.231243766915 -332530.76156864 100.686916950487 102.423774889045 95.3835466352923 983665.155491681
21300 0.0425999999999997 -3.38618764364926 -0.00332874236678599 -0.0492231173611277 0.0228360022521895 -0.0304822998561564 -0.0717536112830723 3.36309145693072 374.064947699086 -332536.945042348 100.683704425664 102.38621600776 95.3636252596374 983067.709330062
21400 0.0427999999999998 -3.32453769218478 -0.0019374846318592 0.000985988106231139 0.029109962010293 -0.0265818475377379 -0.0611662024716265 3.32645157540954 373.369618241392 -332532.595468959 100.681343395527 102.43884647436 95.3437038839826 983344.516605538
21500 0.0429999999999998 -3.33904772998763 0.0095188022157743 0.0564598909442558 0.0171149215024728 -0.0113399909383666 -0.0445850853119156 3.37335362545931 374.13944847118 -332536.676566058 100.691413272588 102.458693676127 95.3237825083278 983427.883947556
21600 0.0431999999999999 -3.35778384632603 -0.0104108112194063 -0.0586356948691416 0.0203733456553747 -0.0350094564146635 -0.0383674905412663 3.32492760810787 374.440079000935 -332539.341322434 100.720681633964 102.418562860304 95.303861132673 983122.939409437
21700 0.0433999999999998 -3.3172468923171 0.0333558787794383 0.0247657499306064 0.0157542601890387 -0.0265146868673414 -0.0447644163181613 3.34764033990731 374.353617911779 -332538.17049525 100.758613916378 102.46300953996 95.2839397570181 983714.330602143
21800 0.0435999999999998 -3.33971640749023 -0.0429133442172667 -0.00721449934003253 0.00417873907949316 -0.0419793910972429 -0.0242996995623937 3.31586904540667 374.555098197772 -332542.835834737 100.740416335416 102.467504695941 95.2640183813633 983374.174154391
21900 0.0437999999999999 -3.33162710971412 0.0158801590767667 0.0281552852578 0.031605085873634 -0.0156442987563713 -0.0305484307504169 3.35463517597977 373.529861489525 -332532.187754819 100.758325144005 102.506408469812 95.2440970057085 983716.658400346
22000 0.0439999999999998 -3.34276977249088 -0.000642402938213875 0.00811238451944575 0.0359395864952648 -0.0292245478352814 -0.0489560225454483 3.34854877163893 374.281463053622 -332536.040275031 100.74099031391 102.514147137165 95.2241756300537 983415.933038843
22100 0.0441999999999997 -3.30383540390334 -0.00136551037917541 0.0343434386977698 0.0165405861305684 -0.0282891041793788 -0.0339692464939483 3.3214746090058 374.312905816492 -332534.595253429 100.775687049493 102.52146818746 95.2042542543989 983619.070259089
22200 0.0443999999999998 -3.33468942719444 0.0280398157872224 -0.0532162772999 0.0306072082497628 -0.0467598514005188 -0.0324243242493806 3.32473038590829 374.031762691754 -332531.378652592 100.801009355444 102.490399669096 95.184332878744 983362.262900227
22300 0.0445999999999998 -3.3021445379348 0.00437794486503686 0.010966823671207 -0.0157593403224679 -0.042124882051979 -0.0218728433886749 3.3109552201462 372.786704785714 -332519.901344937 100.770961421094 102.573366031243 95.1644115030892 983659.013368821
22400 0.0447999999999999 -3.32716067417599 -0.0310704405052868 -0.0296835217742443 0.0267708110109228 -0.0220989877068958 -0.0175624057347259 3.29747245634476 373.733075873229 -332526.835539331 100.741826107463 102.599118099322 95.1444901274344 983415.592072662
22500 0.0449999999999998 -3.31521199927401 0.0143545708870562 -0.00199546799796883 0.0458243945280501 -0.014675921477006 -0.00559142203995503 3.32248128533928 374.444969359958 -332530.202839339 100.772970867329 102.613719765322 95.1245687517796 983653.619057568
22600 0.0451999999999998 -3.30715327177519 -0.027514014318799 -0.0054469268045608 0.0145862243284563 -0.00746654142294975 -0.0121578821815547 3.29091805819444 373.073951233186 -332517.628066666 100.789224299297 102.618657944923 95.1046473761247 983653.571256212
22700 0.0453999999999998 -3.3119351628956 0.0371329239521402 -0.0239063511943923 0.0277344558160787 -0.0343731153147861 -0.0237864886804481 3.32010657651733 373.391333632549 -332518.869638045 100.817887149575 102.620709790304 95.0847260004699 983746.87365738
22800 0.0455999999999998 -3.33271734470202 -0.0301821072519807 0.0484097170724897 0.0146608129314702 -0.0269416108637834 -0.0221854340557562 3.34316719423436 372.789790311524 -332512.028913234 100.780142845412 102.676417533827 95.0648046248151 983706.264131133
22900 0.0457999999999997 -3.34608128628842 0.0019743956921431 -0.0225768227677518 0.0138575211757945 -0.0423212149380357 0.00523986254072058 3.33675178614851 372.331251040066 -332507.188363549 100.809982098753 102.650270021721 95.0448832491603 983540.788492573
23000 0.0459999999999998 -3.33727236827766 0.0233885826775942 -0.0163723790679806 -0.00156319468019027 -0.0308969651257806 -0.0115125976533316 3.34144709185296 372.57902529765 -332505.106958055 100.846978265556 102.64506007762 95.0249618735054 983645.584997159
23100 0.0461999999999998 -3.32864591844579 -0.0232834880806586 -0.0288697681878525 0.0115117962525086 -0.0517495875163047 -0.00379642138377883 3.30385565429728 374.775185501765 -332518.319908146 100.842834191161 102.652566860831 95.0050404978506 983470.877131733
23200 0.0463999999999999 -3.3673000168319 0.013124131013217 0.0380376322235071 0.016205534593657 -0.0227131596255678 0.017830902820521 3.39343419667697 373.367900988479 -332505.881101573 100.826409851247 102.702868593118 94.9851191221958 983586.250665251
23300 0.0465999999999998 -3.37489130935888 -0.00416367668726026 0.006991725269804 0.0279416811523991 -0.0254505295706207 0.0108859510601599 3.37700635934753 373.323337052613 -332501.315277875 100.835490292283 102.710100618013 94.965197746541 983537.777818387
23400 0.0467999999999998 -3.38156406240177 -0.00436767767750238 0.0134354807715481 0.0207855711805217 -0.0230806509505935 0.00662841738762828 3.38657986954394 374.158476163732 -332505.985747212 100.846629701549 102.718379155891 94.9452763708862 983519.351638695
23500 0.0469999999999998 -3.326007661211 -0.0151190881335423 -0.0080421629886103 0.0347379055173948 -0.0528982510472868 -0.00264212315926477 3.31624786775271 372.623086964019 -332492.862262951 100.869282070984 102.73204072438 94.9253549952313 983664.673988869
23600 0.0471999999999998 -3.3591624060549 0.0173992799845399 -0.0228159897033553 0.0178707296409353 -0.0373986542244774 -0.0160015616494738 3.35751678560159 372.076163061195 -332485.166527262 100.881658744226 102.745052892293 94.9054336195765 983703.49036307
23700 0.0473999999999999 -3.39530230971791 0.00321396996235798 -0.00746373643309157 0.0240747705896285 -0.0487215157022429 -0.0298540887604576 3.39488917337695 373.323506283777 -332491.439811931 100.859936712592 102.776125224622 94.8855122439217 983582.601809772
23800 0.0475999999999998 -3.40340994840586 -0.0340995507874488 0.0128554500184321 0.00416203155887585 -0.0444553940360609 -0.0384088760564483 3.39456474956838 372.414014915463 -332482.698272449 100.836457853415 102.826684781805 94.8655908682669 983630.828192903
23900 0.0477999999999998 -3.386554201506 0.02846497183857 -0.00372347027330802 0.0331181146713995 -0.0526879952095126 -0.0147200590745371 3.40084349046493 373.059786641948 -332484.928669609 100.869418211374 102.827278879508 94.845669492612 983751.40495372
24000 0.0479999999999999 -3.38681728814795 0.00330869674269955 -0.0311838536041066 0.00645451945895569 -0.0480499028589237 -0.0226617054244874 3.37428538491948 374.109871529238 -332490.157289463 100.896224336407 102.808330095592 94.8257481169572 983624.862050274
24100 0.0481999999999998 -3.36781766563159 0.0223734996001299 0.001752537183424 0.0182012147004983 -0.0650994523908127 -0.0230807106399587 3.38219132851291 373.708403397054 -332485.788380446 100.897376877451 102.853837615629 94.8058267413024 983864.761220965
24200 0.0483999999999997 -3.40169451745934 0.00449192499500211 0.000401068087735074 0.0122963124198246 -0.0589125872087618 -0.0539693958872133 3.40702103872342 374.378677113739 -332488.80168097 100.856733734081 102.895728506521 94.7859053656476 983662.258086614
24300 0.0485999999999998 -3.39331577106593 -0.0159134215807877 -0.017117792122885 0.0117678745620639 -0.0483081799260825 -0.0486109869579622 3.3789474708014 372.63206124392 -332474.486484831 100.869138167685 102.920399655822 94.7659839899927 983812.305911024
24400 0.0487999999999998 -3.38918775922604 -0.00531254337689182 0.00989698946935487 0.0408172398904795 -0.0529161828819204 -0.071447327596964 3.39573594937563 373.829640711897 -332478.410753541 100.890708740663 102.901958287921 94.7460626143379 983639.552505824
24500 0.0489999999999999 -3.41456489303435 -0.00117208725399852 -0.0290674269366333 0.0503808707916342 -0.0749317432410535 -0.0377481983308333 3.40375448865423 372.506608570392 -332466.332121679 100.901171306252 102.897228102333 94.7261412386831 983489.504644352
24600 0.0491999999999998 -3.4174497193811 -0.0144531412064087 0.0307309624867349 0.0486800911784627 -0.0810921439996618 -0.053619286802143 3.43098394190197 373.621704522156 -332471.700207048 100.885468781841 102.942946308381 94.7062198630283 983566.464471423
24700 0.0493999999999998 -3.41575744235218 -0.0186626476176016 -0.0246444465516291 0.0396813077416151 -0.0623266811244015 -0.0491072813311276 3.39758448425359 373.687518872434 -332470.245314867 100.916337612376 102.922829321953 94.6862984873735 983468.233668152
24800 0.0495999999999999 -3.39313753714094 -0.015477036985461 -0.0123953143744761 0.0301525538318557 -0.070376753913034 -0.0501145028112213 3.38291731294428 373.070263850534 -332463.328469036 100.943287524546 102.935173156193 94.6663771117186 983641.85721396
24900 0.0497999999999998 -3.35866825722982 -0.00241068058354508 -0.0184988309421529 0.0488779713154453 -0.0743170294815198 -0.0280482141235237 3.35213724519766 372.937390129808 -332461.52959043 100.937599809521 102.968952170637 94.6464557360638 983702.153564453
25000 0.0499999999999997 -3.37237653358175 -0.0140810843014011 0.0197541601656518 0.058866851743608 -0.0972528727236205 -0.0336667698607497 3.38158136566081 373.12141088325 -332462.159035687 100.920048475724 103.022182145444 94.626534360409 983832.419932993
25100 0.0501999999999998 -3.34383209008272 -0.013366907797981 0.0255235267576176 0.0654593310423991 -0.0988495805913978 -0.0612489702752006 3.35804360222025 374.917943424912 -332472.567814128 100.930307928556 103.02594583095 94.6066129847542 983761.230101255
25200 0.0503999999999998 -3.34431519667928 -0.0126887101092742 -0.028974004482062 0.0668158558258539 -0.107293639639397 -0.0500865724661776 3.33184612250751 373.515424028194 -332461.867545736 100.965084047457 103.013260528642 94.5866916090993 983771.824041453
25300 0.0505999999999999 -3.30723570575573 0.0157668645823413 0.0143471046446151 0.0715198631020181 -0.100050917504942 -0.0503290897879094 3.33025601340815 372.176006365036 -332448.173909733 100.9838273703 103.044531896448 94.5667702334445 984045.85011554
25400 0.0507999999999998 -3.32504641319204 0.00345022748151811 -0.0174114164779152 0.0529560127470846 -0.0885781117345372 -0.0354845050383702 3.3234945309287 373.443703065598 -332455.250361278 100.984246685581 103.059584384094 94.5468488577897 983986.354110069
25500 0.0509999999999998 -3.30921027872201 -0.00253156583976705 -0.015813288350647 0.0521161712063243 -0.0865172410722497 -0.0318748056477644 3.30515266211735 373.721173790626 -332455.755438382 100.979397336094 103.099483757406 94.5269274821349 984112.632966254
25600 0.0511999999999998 -3.32957042336174 0.00923993946146437 -0.0119728099148636 0.0593074395561956 -0.0740787668897852 -0.035348113807461 3.3328730620759 375.119961787193 -332463.900809876 100.972993162129 103.111556951195 94.50700610648 983958.043509866
25700 0.0513999999999998 -3.32727938865773 -0.0143253303992222 0.00205153166975259 0.0557776471176994 -0.0649807511727771 -0.0337014567260351 3.32499577169279 373.050845369084 -332446.422730639 100.95783844557 103.149873430993 94.4870847308252 983968.493457836
25800 0.0515999999999997 -3.34729652897887 -0.0363303018316179 0.0456379788400685 0.0660016620148751 -0.104351560495036 -0.0429230515358114 3.36033836586528 373.490711829724 -332446.913014789 100.950843723145 103.163931421525 94.4671633551704 983826.942551367
25900 0.0517999999999998 -3.36977536078962 0.0241070983746906 -0.0344015415226816 0.0685974051806159 -0.0899217200825206 -0.0522820057269553 3.37192300393965 374.576081917984 -332453.393587251 100.992324128729 103.131911782479 94.4472419795156 983718.220407751
26000 0.0519999999999998 -3.39873190228295 -0.0223485465285148 0.00235999187618186 0.0550185126126604 -0.0848331173280025 -0.0431100356637671 3.39414894838194 375.023260479338 -332454.201579587 100.981452106647 103.164949187686 94.4273206038608 983719.876967245
26100 0.0521999999999999 -3.33865311639574 0.0138606852139356 -0.0282788483891749 0.0846469006397153 -0.0849912019574748 -0.0285139726210394 3.33848110804539 374.276332235626 -332446.077389594 100.972756606875 103.205594820256 94.4073992282059 983815.108562702
26200 0.0523999999999998 -3.31725557589888 -0.0083007035674832 0.0207929645373179 0.0968231936720086 -0.104753764193819 -0.0111204872541605 3.3328236774582 372.901601772348 -332434.804302976 100.968348004384 103.248607747398 94.3874778525511 983974.482795286
26300 0.0525999999999998 -3.35232258840421 -0.0181718048383146 -0.0219182226623343 0.0182358190794695 -0.110893482805404 0.00219265510689319 3.3379617303624 372.687884214188 -332430.299566052 100.975685910782 103.242988688936 94.3675564768963 983784.758130198
26400 0.0527999999999998 -3.32581634385882 -0.013568432455182 0.00568846113032206 0.0725365468934358 -0.0738689805582559 -0.0137374609284165 3.32683954292616 373.791476553957 -332437.219532577 100.98694965171 103.274591424115 94.3476351012415 983987.90130375
26500 0.0529999999999998 -3.37542582975286 -0.0145486186020008 0.0119115785022783 0.0762561724607538 -0.0717267985776196 -0.0349299474378394 3.379595354479 373.332607650252 -332432.336293302 100.993615728462 103.280042841354 94.3277137255866 983897.005124608
26600 0.0531999999999999 -3.34516457081388 -0.0113485557627959 -0.0133775171374792 0.0475021200892564 -0.107666538965727 -0.0220035283874641 3.33924650570043 373.598092988794 -332431.721943484 101.010435010391 103.28139717568 94.3077923499318 983865.935915377
26700 0.0533999999999998 -3.31139433839038 0.00960584296086445 0.0109935665829292 0.0780247119790454 -0.111214011066701 -0.048809945880111 3.33109129700369 373.045051108941 -332426.416273761 101.041117864675 103.290992549464 94.287870974277 984048.316102523
26800 0.0535999999999998 -3.32635397935733 0.00908518287116929 -0.00374799796356166 0.0584904231825899 -0.10066074815737 -0.0631073307018701 3.33693325593452 373.929786258117 -332431.031503425 101.035686976936 103.32620176012 94.2679495986222 984122.870770268
26900 0.0537999999999999 -3.35360484448761 0.00443821965337218 0.0359925932235169 0.05368257170509 -0.0813378549984425 -0.0536995226514489 3.37943098111326 373.451690308258 -332425.501692312 101.007121656283 103.383662210362 94.2480282229673 984183.729020684
27000 0.0539999999999998 -3.35595153582746 -0.0406502870875983 0.0158428974651559 0.0775644486908238 -0.0974637655905809 -0.0153684638798032 3.35096413470027 372.62191270343 -332417.660704001 101.028243320418 103.378948469715 94.2281068473125 984136.586725233
27100 0.0541999999999997 -3.35804984898427 0.0342593730464247 -0.0476296375939636 0.0468593457289872 -0.0987693167637049 -0.064160371623057 3.35929724949558 373.348852203598 -332421.368579458 101.089477147051 103.349437033673 94.2081854716577 984243.838156273
27200 0.0543999999999998 -3.3568806825344 0.0277068666679083 -0.00712910683521097 0.0374938233364138 -0.0841815822518398 -0.0703938156712113 3.37328976900486 374.183687493167 -332424.674350176 101.058551377373 103.387940783325 94.1882640960029 984101.167008551
27300 0.0545999999999998 -3.39900310289811 -0.00303374020326053 0.0102861436323128 0.0597619386327962 -0.0660708403703194 -0.0417530324899042 3.40691351989204 375.58439984605 -332433.938013391 101.018553943 103.433208690749 94.1683427203481 983934.23619839
27400 0.0547999999999999 -3.37860093593696 0.0123649306810564 -0.0103879285806279 0.0532790750332433 -0.0792944402777237 -0.0484482154667245 3.38473537002238 374.416995992639 -332422.553464085 101.03218359657 103.443903044676 94.1484213446932 983960.535735503
27500 0.0549999999999998 -3.37847244062129 0.00510265316513724 0.00747429254658336 0.0773762902247635 -0.108018553829063 -0.0491263136117724 3.39364349022636 372.288280547872 -332405.067008196 101.046620970698 103.453107812267 94.1284999690384 983980.461097025
27600 0.0551999999999998 -3.4017312937465 -0.0183246729872192 -0.0287383474826268 0.0644486301060044 -0.0723655088357867 -0.0491319214903258 3.38344914640117 373.797019131181 -332415.883483379 101.060388613962 103.456394311957 94.1085785933836 983937.507375178
27700 0.0553999999999999 -3.39342505758497 0.0117952758835845 0.0105495133994645 0.0456590844515568 -0.0908150859756397 -0.0460764066720628 3.41008071413373 372.300718591798 -332402.585147041 101.06464698598 103.498966413478 94.0886572177288 984175.493541885
27800 0.0555999999999998 -3.40334687739431 -0.0212050435075698 -0.0314719392302225 0.0956006881186348 -0.0770412432939428 -0.0381468438182719 3.38435441043603 374.707712971117 -332419.360456379 101.041525399422 103.511694723683 94.0687358420739 983862.982731997
27900 0.0557999999999999 -3.40205003550409 0.0408295721644245 0.0222834110129663 0.0375220871815096 -0.0802694050719786 -0.0206298024347059 3.43725788564969 371.242968182487 -332390.985471729 101.077065427952 103.533852645312 94.0488144664191 984211.250208683
28000 0.0559999999999998 -3.42024678986588 0.0021127283780056 -0.0157266753114514 0.0861212262143269 -0.0966022464638979 -0.0563376025076532 3.422218347603 373.70309355236 -332407.604623674 101.078367187725 103.524571618885 94.0288930907643 983927.238363146
28100 0.0561999999999998 -3.42298039895449 0.0137618402342493 -0.00265066072266993 0.083941769966603 -0.0921655549308699 -0.0328455524302702 3.43582881925864 372.629855500449 -332397.283733362 101.089719859545 103.552968793364 94.0089717151095 984099.134134105
28200 0.0563999999999999 -3.42321897414402 -0.0400786385460241 0.0111143600538124 0.0653556143909498 -0.0975029610337614 -0.0404641505707113 3.41580136213914 373.073058033163 -332398.20951303 101.069272600478 103.570328980559 93.9890503394546 983856.495813664
28300 0.0565999999999998 -3.4145699548992 -0.00872752056689708 -0.01293196413847 0.0779015756812837 -0.121376386992667 -0.0200352245829346 3.41307303930444 373.467268842583 -332399.777476087 101.09341041811 103.58582139458 93.9691289637998 984030.055165653
28400 0.0567999999999998 -3.45543698110407 0.0138863907404702 0.0262298092650149 0.0680872692225302 -0.0986531504307546 -0.0231940517953101 3.48193899743514 374.45935158737 -332404.301094007 101.103932032556 103.59523630474 93.949207588145 984013.264725862
28500 0.0569999999999998 -3.44224384631399 -0.00719014525694913 -0.026044298562939 0.0912665314847849 -0.0701252276716107 -0.0533397558975046 3.43270464062988 372.787797269669 -332390.875404876 101.107256724686 103.623374201623 93.9292862124902 984104.185557473
28600 0.0571999999999998 -3.39107498937577 0.0356594700954062 0.0181398557395567 0.093829887251872 -0.0786262922590563 -0.0251368557059411 3.42485546200963 372.393564222828 -332384.927874943 101.111292358451 103.659262369315 93.9093648368354 984275.508208926
28700 0.0573999999999997 -3.40023975680917 0.00228438685755717 0.0113695426286456 0.069837650451083 -0.0953812114439654 -0.0309683543084085 3.41364428226014 374.969563772699 -332401.970974793 101.109930852965 103.671210543108 93.8894434611805 984166.884841654
28800 0.0575999999999998 -3.44234452769844 0.00978799045907278 -0.0141394932941646 0.0817353356884029 -0.100787177548547 -0.0397500216337007 3.44825273959024 373.705309039357 -332391.808066602 101.112363834059 103.675813323707 93.8695220855257 984025.428627134
28900 0.0577999999999998 -3.40163644369716 -0.0146201256267083 0.035431166852592 0.0665614528283505 -0.085748288712135 -0.0313401884001603 3.41792413979716 372.884044055265 -332384.14600733 101.105038069071 103.725801373798 93.8496007098709 984219.635484044
29000 0.0579999999999999 -3.42283113602382 0.0310471723031529 -0.0513531492837986 0.0632819738217262 -0.11494657204386 -0.0203511931513817 3.42116339561488 372.127063080708 -332375.611652085 101.122051125591 103.697462432177 93.8296793342161 983907.409629992
29100 0.0581999999999998 -3.40700355373172 -0.015557925863305 0.0141859223739181 0.086448831042782 -0.112975221750597 -0.0160978820749068 3.41542832103567 372.097191158863 -332372.993003566 101.106280810712 103.748348195365 93.8097579585612 984027.740121879
29200 0.0583999999999998 -3.39314073336972 0.021477745138934 0.00577403296194261 0.0748716061302859 -0.109344119442498 -0.0196448169809056 3.41468698604343 372.710200883985 -332375.314839698 101.119663976445 103.773701827685 93.7898365829064 984189.451872643
29300 0.0585999999999998 -3.37989244161491 0.0112920230540557 -0.00813526487982356 0.0358502249029724 -0.0821486766379809 -0.0404120790282504 3.38579803227949 373.736488735805 -332380.616329388 101.141518982605 103.790297220287 93.7699152072516 984350.464727113
29400 0.0587999999999998 -3.36890160506158 -0.00825217141761098 0.0110995697873054 0.0623207452033513 -0.11338505897627 -0.0285673488443177 3.37817139067347 373.042324468713 -332373.727047859 101.151776747548 103.808016865218 93.7499938315968 984409.18646916
29500 0.0589999999999999 -3.37194012810259 0.0263995791295721 5.5255467177209e-05 0.051378396288378 -0.136068971941424 -0.0200940342630452 3.39478344711528 373.512165065099 -332375.824176296 101.164210655139 103.822660382725 93.730072455942 984459.837552653
29600 0.0591999999999998 -3.3584171367675 -0.0133487696449935 0.0183651893607918 0.0477673917755027 -0.125069775957842 -0.0190401895309504 3.36918886694759 373.876065259923 -332375.338063013 101.124524486299 103.878605872392 93.7101510802871 984394.645984205
29700 0.0593999999999998 -3.38154489385937 -0.0258416781837365 0.0081138728965854 0.045295924153992 -0.0982488372687429 -0.024796845886023 3.37828360533893 373.983515146828 -332374.504043123 101.112191156689 103.913847456222 93.6902297046323 984399.196821358
29800 0.0595999999999999 -3.38851745961608 0.026937314284829 -0.0218534626429412 0.0476485885626304 -0.0965858302505695 -0.0451075203880434 3.39734762093515 373.486518143399 -332368.000435591 101.129634617767 103.914917603132 93.6703083289775 984369.809530248
29900 0.0597999999999998 -3.36627476166106 0.00632673953463872 -0.0149852217807717 0.0512968517490058 -0.108725568332403 -0.0542761378026169 3.36974982437373 373.66306968748 -332366.008262909 101.14456212736 103.917966026565 93.6503869533227 984334.603221591
30000 0.0599999999999997 -3.39043757116419 0.0136111239049958 -0.00173597934144514 0.0439803639671271 -0.133708667922915 -0.0447538667713117 3.40602206860897 375.504849739372 -332376.476455154 101.137128326872 103.933330806249 93.6304655776678 984198.381868632
30100 0.0601999999999998 -3.3946525801853 -0.0233273337091871 -0.0404619801486186 0.0265809939153808 -0.10263791124971 -0.0369749045090229 3.36840997332349 373.506349784091 -332361.603718156 101.116377835389 103.95260434129 93.610544202013 983969.52590704
30200 0.0603999999999998 -3.40741240078095 0.0357221516816239 0.0259086589996905 0.0574956811198885 -0.113848371495576 -0.0441909186033418 3.44617799921111 374.073962762832 -332361.971352016 101.142090724604 103.990547479044 93.5906228263582 984369.454444367
30300 0.0605999999999999 -3.4376679204154 -0.0153221604839689 -0.047885046051621 0.0416407241171268 -0.107471992966198 -0.0512854572961911 3.41318216926744 373.617176948196 -332357.763431587 101.122537577026 103.995523371441 93.5707014507034 984016.746112557
30400 0.0607999999999998 -3.47131839170734 -0.0181543295264428 0.0324708581589222 0.031746226167097 -0.104266577711717 -0.0660393847233975 3.4857486507258 375.011290724023 -332366.650601717 101.108462159957 104.052282649638 93.5507800750486 984207.182600115
30500 0.0609999999999998 -3.47425780676269 -0.0477241713358949 -0.0127062744694267 0.065216580954905 -0.118995063489149 -0.0684927053478493 3.45422376866689 372.794904042248 -332347.78673036 101.123426304223 104.040013222474 93.5308586993937 984027.184769482
30600 0.0611999999999999 -3.47511640822662 0.00695863157220914 0.00699464656659664 0.0613352330891776 -0.132689150120024 -0.0487169711025583 3.49230543981384 374.469353713348 -332357.844807827 101.183061491597 104.030757038226 93.5109373237389 984310.198395518
30700 0.0613999999999998 -3.53200514345921 -0.00472775580877925 -0.0225673820078888 0.0416362499254604 -0.120343847323285 -0.0482272846977257 3.52628770539982 373.048446337508 -332344.439241939 101.162191234337 104.042058225059 93.4910159480841 984004.40397121
30800 0.0615999999999999 -3.51327586936192 -0.0328072030478878 -0.00375633073975977 0.0486734602857995 -0.126552739372303 -0.0519239632305537 3.50412030897661 372.018841943568 -332334.664521709 101.144979613947 104.07814379934 93.4710945724293 983968.505112678
30900 0.0617999999999998 -3.55381082895295 -0.00155416581950071 -0.0308922364657893 0.0296108207400759 -0.113162759955343 -0.0490174948928137 3.54449259323278 373.259081618949 -332340.953792939 101.162004179603 104.067031289267 93.4511731967744 983819.323479992
31000 0.0619999999999998 -3.54178109676795 0.00940138805568512 -0.01638807152407 0.0231687653968766 -0.119735262467956 -0.0555728576626088 3.54596447548789 373.37985846833 -332340.559008015 101.18525691762 104.092835624948 93.4312518211196 984079.638329949
31100 0.0621999999999999 -3.58460286752654 -0.0244026824270991 0.00599287040373307 0.0392440586911276 -0.0904779191101273 -0.0453532355989926 3.58043479180023 373.195025663968 -332337.659341271 101.158632913217 104.119808381732 93.4113304454648 983865.811420574
31200 0.0623999999999998 -3.53261143653075 0.0219486357570662 -0.0246422051030833 0.0275149958395995 -0.102826290189315 -0.0146417217580367 3.53639536451986 373.209352082373 -332335.452835807 101.165373562271 104.169664511908 93.39140906981 984192.572119557
31300 0.0625999999999998 -3.57135730680685 -0.0196896551894942 0.0169423250480351 0.0295776547340821 -0.0979800922291228 -0.0386938940592994 3.57515119812525 372.027357926263 -332323.308519726 101.159562421202 104.187022386086 93.3714876941551 984090.063895386
31400 0.0627999999999998 -3.57641431667806 -0.00581995759439998 -0.0237994876285958 0.0368655761518272 -0.112124094542038 -0.0438735028875512 3.56831010910119 374.16485602804 -332336.058504206 101.202482939484 104.15989104268 93.3515663185003 984041.227246228
31500 0.0629999999999998 -3.53981476735769 0.0222007488595058 0.0198315098943717 0.00975075672261522 -0.10270709271068 -0.0193874359246882 3.56547051250944 373.671799042915 -332329.050506607 101.222072669699 104.18654176286 93.3316449428455 984273.446413882
31600 0.0631999999999997 -3.59409870619163 -0.0125852380672752 -0.0476824585930527 0.0220719659192575 -0.101216199211088 -0.04041730541671 3.56929484869999 372.844426037927 -332320.499453424 101.211708529666 104.184861546853 93.3117235671907 983946.729305153
31700 0.0633999999999998 -3.56849052924024 -0.0127368901146103 0.0287731972415537 0.0070706714303283 -0.0989265405167166 -0.017162993693006 3.58093559606723 374.819672296165 -332331.727088029 101.191380915013 104.246486148525 93.2918021915359 984120.844016908
31800 0.0635999999999998 -3.61046565576412 -0.0250231123951376 -0.0567975485900328 0.0212785173942048 -0.0847009421707593 -0.0400360479185927 3.5735377654911 372.490063650919 -332311.782294909 101.202180735307 104.235226908843 93.271880815881 983909.426478015
31900 0.0637999999999999 -3.61314675790755 0.0358930752270779 -0.0506404022283765 0.0303715284133464 -0.107913815667324 -0.0297966329882307 3.61214377101072 372.610500287827 -332308.768097886 101.220619068914 104.247185314698 93.2519594402262 983991.378040742
32000 0.0639999999999998 -3.61359163434899 0.0059809841405502 0.0336748524987054 0.0468497813318256 -0.107430777569628 -0.0124292171238957 3.63922864584354 373.565432914085 -332312.920084724 101.203381966226 104.301530684297 93.2320380645714 984126.408095611
32100 0.0641999999999998 -3.61047274982473 -0.0199765924627161 -0.0376410043436369 0.0457081112393093 -0.097096076342113 -0.0155009064662811 3.58661709096805 372.865616244678 -332307.127854293 101.217514273368 104.294175708962 93.2121166889166 983984.129340813
32200 0.0643999999999998 -3.57566706950584 0.0098767537665374 0.00551008382970415 0.0520400969276247 -0.123442957818703 -0.0462202209427753 3.59175926574075 373.192931695826 -332305.81290316 101.251047391 104.314458190135 93.1921953132617 984291.134862454
32300 0.0645999999999998 -3.58379188087305 0.0109301551452491 -0.0338926221384738 0.0241455949625674 -0.0954420210982405 -0.0184756311725092 3.57673185836813 375.454233716469 -332319.606006078 101.26701523128 104.299638489461 93.1722739376069 984096.093205872
32400 0.0647999999999999 -3.56401816138159 0.0218902633387896 0.00769876215930455 0.0426758593811528 -0.0977851880659134 -0.0337492606022659 3.58407836957536 373.145906051681 -332299.880423223 101.248303434782 104.368979061697 93.1523525619521 984357.868952832
32500 0.0649999999999998 -3.56097211000323 -0.0323802577264341 -0.0193553974196625 0.0436901621749672 -0.127054607407045 -0.018213771300418 3.54291403478738 372.485243233215 -332293.499715683 101.21975918258 104.398976884283 93.1324311862973 984152.686855811
32600 0.0651999999999998 -3.51443815384104 0.024085741703555 0.0123518502855816 0.0269307312896917 -0.130859403205412 -0.0238487700575083 3.54048344480844 373.825637907357 -332300.314052943 101.270430634841 104.408111086555 93.1125098106425 984520.873899215
32700 0.0653999999999999 -3.56873876704169 -0.00784889362414988 -0.0502650639809207 0.0322848994399677 -0.133758679199928 -0.00307266444471455 3.5478903494052 373.493343269382 -332296.669032008 101.264784681569 104.403111992244 93.0925884349876 984208.233148258
32800 0.0655999999999998 -3.55665646078015 -0.026018205768736 0.018778514672853 0.0267890333408111 -0.134571785925149 -0.00883531763971175 3.5612203092394 372.018778550068 -332284.635599675 101.253464141617 104.454998813377 93.0726670593328 984376.592439937
32900 0.0657999999999997 -3.534606169487 -0.0131827715380223 -0.0565580504730704 0.0197138069185425 -0.122442576928898 -0.0123978780222913 3.50658880094798 372.600269359969 -332287.454485042 101.27988783071 104.447857085951 93.052745683678 984355.422720905
33000 0.0659999999999998 -3.52623057829976 -0.00886911151619382 0.0249619520707722 0.0279714004884106 -0.115062939611505 -0.00220657964823942 3.54034638887942 372.63555645612 -332284.659678717 101.285076994944 104.490355928278 93.0328243080232 984595.568274792
33100 0.0661999999999998 -3.55844070971826 -0.0543939321799145 -0.0231192683831721 0.0406167944746058 -0.137341166913111 0.0202735991195884 3.52869378460347 374.816205432018 -332299.27619622 101.270721140493 104.478163946537 93.0129029323683 984130.368081277
33200 0.0663999999999999 -3.53374013545468 0.0469742862635758 -0.02167758176712 0.0371592175292992 -0.132012518718181 0.0113159249429274 3.55488601829353 370.965654576436 -332269.561239889 101.31011682447 104.510634253013 92.9929815567135 984608.253429023
33300 0.0665999999999998 -3.51081236834354 -0.0143619504297287 0.0519574811039475 0.0461628956455137 -0.110036539265472 0.0166861374444023 3.5362407774786 375.135017605478 -332296.622572631 101.275194362602 104.553568651261 92.9730601810587 984462.260538306
33400 0.0667999999999998 -3.53000966042047 0.00341655881753919 -0.00312367926281712 0.064404198688388 -0.118259627122708 -0.0158766129157206 3.53796411711033 375.782403941396 -332298.663315402 101.294780107055 104.550878168977 92.9531388054039 984416.332390483
33500 0.0669999999999999 -3.52554523951385 -0.00949330510579998 5.27275296355263e-05 0.0353501329405392 -0.127686198883694 -0.0115478404569216 3.52836179103248 374.303463872208 -332284.996174887 101.303596072687 104.567285618972 92.933217429749 984445.481446969
33600 0.0671999999999998 -3.50628297265912 0.0110260017387757 -0.0231331948540631 0.0407739484698782 -0.11312648419106 0.0016745373711606 3.5065466750753 373.529179678271 -332278.153823904 101.311451566527 104.585678675312 92.9132960540942 984483.912195284
33700 0.0673999999999999 -3.5295376730916 -0.0340361307951388 0.0172924297975775 0.0430576311517957 -0.118033377399074 -0.0168218155234794 3.52828444854147 373.686448227955 -332277.950069667 101.296793482083 104.621827797279 92.8933746784394 984470.578851045
33800 0.0675999999999998 -3.52273810017755 -0.0161337972726699 -0.0534107111464364 0.0577454688728434 -0.105486808151392 0.0135781442507173 3.49440796623434 372.914690266307 -332270.507585888 101.336589471955 104.605619758734 92.8734533027846 984493.594706934
33900 0.0677999999999998 -3.46643159261397 0.0382739230678381 0.0191250558753335 0.0373493190116788 -0.0673617465765871 -0.014424528991149 3.49780477171095 374.034611160618 -332275.33833243 101.379543909687 104.638730296144 92.8535319271298 985011.321473154
34000 0.0679999999999999 -3.51805673727614 -0.0415664346077375 -0.069600422122212 0.0228868460276573 -0.0655056875087906 0.00815613588680086 3.46467239712116 373.845814754194 -332272.512121501 101.350123261516 104.630216875687 92.8336105514749 984434.09888648
34100 0.0681999999999998 -3.41743082100575 0.0344661740269201 0.0356414256670361 0.0496009654897355 -0.0806958991142304 -0.016264037127362 3.4564954652917 373.095065420155 -332266.251053403 101.365374450593 104.705816779424 92.8136891758201 985082.204034481
34200 0.0683999999999998 -3.45579430181303 -0.075889999942667 -0.000654290438776276 0.034546612139022 -0.057151932760576 -0.00137598139996849 3.42010060019481 374.307013293761 -332272.817169924 101.319230501523 104.727199372713 92.7937678001653 984623.465560603
34300 0.0685999999999998 -3.39083378730715 0.0211000319125184 0.0374584468767878 0.013024487131349 -0.0708177907574463 -0.00719842122116359 3.42243826179277 375.281045084621 -332277.861595246 101.36109518581 104.748847051698 92.7738464245105 985022.40460795
34400 0.0687999999999998 -3.41497307385584 0.00484298786516888 -0.0171243562295268 0.0217599393136573 -0.0638840511486239 -0.00454726422683625 3.41089815411268 374.34073184571 -332269.85243025 101.378933207456 104.725927982765 92.7539250488556 984768.687339387
34500 0.0689999999999997 -3.36752057834136 0.0263680446273139 -0.00552009272410025 0.0544752687987328 -0.0809715147338576 -0.0139152014856806 3.38236969796021 374.555962056682 -332270.321474085 101.390245827107 104.766250033444 92.7340036732008 985046.167253485
34600 0.0691999999999998 -3.33307073949797 0.0113879006997735 0.0479454331046832 0.0338938308323852 -0.0694875434929438 0.00168024011306718 3.36555279342233 374.633669220865 -332269.074995322 101.37294475218 104.810619667477 92.714082297546 985083.523117668
34700 0.0693999999999998 -3.36919111467437 -0.0318306170687758 -0.017597101028434 0.0243856150715072 -0.064755186860239 0.00123051629446091 3.34664731903235 372.942626371237 -332257.18718601 101.364587309276 104.816739304094 92.6941609218912 984848.163465477
34800 0.0695999999999999 -3.34116288708224 0.00656599437916247 0.0237756802936566 0.0361278053457633 -0.0582286032982339 -0.0300087784557194 3.35886694372874 373.145277481833 -332256.449403579 101.38979004338 104.86327225337 92.6742395462363 985318.55323388
34900 0.0697999999999998 -3.3470035223618 -0.00764337454949207 -0.0284879891401759 0.0519233417452354 -0.0646082536007797 -0.0038543693227221 3.33208768905269 374.181765535973 -332262.87237259 101.383346894297 104.877972606422 92.6543181705815 985182.235316121
35000 0.0699999999999998 -3.3634528934166 0.0162953341825872 0.0116647251704854 0.029287198426526 -0.0838476103806839 -0.00237361565360291 3.38093931021052 372.751227105298 -332250.45446661 101.392166353464 104.910206557017 92.6343967949267 985358.851709105
35100 0.0701999999999998 -3.35300750428531 -0.0282438825334228 -0.0455693777873873 0.0263124394717359 -0.0596415469858727 -0.0109115147103753 3.3181102598037 373.131585723128 -332253.533252483 101.375770415332 104.906374228209 92.6144754192719 984951.659091
35200 0.0703999999999998 -3.30219716192174 0.0310384645996352 0.0157736361083488 0.016646126714236 -0.0907008232424822 -0.0168817162091303 3.32959121550697 372.855487059848 -332248.751501372 101.387920465002 104.957704494736 92.5945540436171 985339.705586855
35300 0.0705999999999999 -3.33180636189225 -0.00675539716144337 -0.0126523930240515 0.0102142361705095 -0.057675017267793 -0.00429764729178947 3.32366341630202 375.845409677614 -332271.248455115 101.363598302254 104.956432025482 92.5746326679622 984879.448557011
35400 0.0707999999999998 -3.29114779942212 0.000100310949486528 0.00313008876458979 0.0446797554852378 -0.072632854382213 -0.000242458141809127 3.29607503960434 372.723052422638 -332248.183498931 101.391028480781 104.975280663137 92.5547112923074 985110.852079896
35500 0.0709999999999998 -3.29147622497633 -0.0115618243552269 0.0232465785067181 0.0257330985719295 -0.0489865198583034 0.0164740748630918 3.2989723372618 372.905737806216 -332250.359394636 101.38944015249 105.025520003775 92.5347899166526 985354.737114461
35600 0.0711999999999999 -3.27116148963663 -0.0137863723695325 -0.0123493393493775 0.0511784142561695 -0.0228676925939776 -0.0048960390665168 3.25955120732962 372.608205067754 -332250.617997675 101.399344266461 105.026979333402 92.5148685409978 985252.527217154
35700 0.0713999999999998 -3.23389745536931 0.0272951110416289 -0.00629174432830199 0.04052505097667 -0.0402936753548065 0.0139140090211664 3.24612849530606 373.659776187496 -332257.968809845 101.404678432806 105.063671036046 92.4949471653429 985436.33667863
35800 0.0715999999999997 -3.23445573971948 -0.0287859392188546 0.00556704100997773 0.0348266185551639 -0.047163067582197 0.0176207141178565 3.22472735622384 374.876797344228 -332267.973129561 101.37616266553 105.119227836832 92.4750257896881 985467.874724167
35900 0.0717999999999998 -3.2338621634657 0.0119321697914385 -0.0335674872699166 0.066689206682611 -0.0381362355720038 0.0247373383009767 3.22631520771224 373.5638093298 -332260.124253647 101.398506694887 105.126865188794 92.4551044140333 985544.336989957
36000 0.0719999999999998 -3.18898745709246 0.0282432511816318 -0.00703321119330098 0.051846776452597 -0.0651550061492057 0.0230106944144473 3.20323486593855 373.757638975838 -332260.166214869 101.397640725699 105.175072448809 92.4351830383785 985775.398615332
36100 0.0721999999999999 -3.16443329251474 0.00970467049013046 0.0215232824296423 0.0664000835042744 -0.0603385762857851 0.0207377562425112 3.1840610391195 376.17731396362 -332277.348163353 101.361836211785 105.22022438048 92.4152616627236 985637.890286164
36200 0.0723999999999998 -3.18627178003925 -0.00637853745779168 -0.00579357945323344 0.0224009921268794 -0.0586944899836412 0.03682331180846 3.18268595561716 375.277554199909 -332270.446808166 101.346111018045 105.24220228452 92.3953402870688 985478.343509724
36300 0.0725999999999998 -3.12665448024926 0.000895294856212846 0.0168629336649569 0.029614929666898 -0.0749780985412952 0.0198178503955324 3.13885913445629 374.662876905063 -332267.490819619 101.336306312397 105.278518971883 92.375418911414 985510.504955923
36400 0.0727999999999999 -3.06901293725269 0.0210262124166943 -0.0483804452720308 0.0602136695302659 -0.0681405729724788 0.0159656976712405 3.06010802467356 372.103183818873 -332249.777349124 101.342757286814 105.29873057073 92.3554975357592 985549.867872156
36500 0.0729999999999998 -3.08627881191066 0.00728773793303838 0.00233812524105041 0.0036054398028223 -0.0788870405372696 0.0206532345912549 3.09432621132598 374.681881773972 -332269.77934413 101.313272231255 105.363769339664 92.3355761601044 985659.029697308
36600 0.0731999999999999 -3.06318903443032 -0.0287769137809148 0.00906147494304243 -0.0148083841452524 -0.071869868710779 0.0204691430163013 3.05635674999353 374.517494123875 -332271.040897361 101.288435564387 105.401845643348 92.3156547844495 985560.827381826
36700 0.0733999999999998 -3.02527074207407 0.0163551827259352 -0.00331045888544052 -0.00530190654022304 -0.0442070857929438 0.0310003493356311 3.03329683239888 373.240748338727 -332262.077979508 101.310904539736 105.44956406568 92.2957334087947 986012.922539045
36800 0.0735999999999998 -3.02535953439911 -0.000526560844991879 -0.0289652414152612 -0.0299531489389794 -0.0292470912511838 0.0242450259745437 3.01188018221626 373.459300725577 -332262.860965255 101.307375216913 105.479423827125 92.2758120331399 986044.892433403
36900 0.0737999999999999 -2.9731736100397 0.00457420408792536 0.000264719488632607 -0.0188488021702798 -0.0697317797109046 0.0403587543145021 2.97904480334519 373.162729892382 -332262.00974078 101.301956099414 105.528361035203 92.2558906574851 986236.634337491
37000 0.0739999999999998 -2.988186007394 -0.0183189311372745 -0.0343051687959126 -0.0253765800493228 -0.0818521117151458 0.0365544147127695 2.96629885585711 373.718730856269 -332265.872201947 101.310275497139 105.53586399887 92.2359692818302 986174.758288131
37100 0.0741999999999998 -2.94270617762604 -0.00937611258681017 -0.00141432295182035 -0.034593053102404 -0.0789407976819079 0.0446372214091916 2.94212604227883 374.64847559924 -332274.40996143 101.30491543278 105.585443253656 92.2160479061754 986372.763266803
37200 0.0743999999999999 -2.86452051438449 -0.0114422046726252 0.0115846833889645 -0.0234171243644508 -0.0776467704340803 0.0551495658420415 2.86969339227129 372.655846501745 -332259.228709187 101.28946136505 105.614860420241 92.1961265305206 986283.951175803
37300 0.0745999999999998 -2.87222104857275 -0.0222468567550186 -0.0016268570482187 -0.0324246189928746 -0.0714548162668579 0.057599621381197 2.86530437032755 374.867012839576 -332276.088257358 101.292896774757 105.639565931708 92.1762051548658 986334.953440345
37400 0.0747999999999997 -2.79805647016508 0.0541266980916432 0.0189860127938769 -0.00634762973347872 -0.07753973619628 0.0801890620540076 2.84137378537566 373.993556032263 -332269.630629968 101.321654500693 105.677507671304 92.156283779211 986756.0287613
37500 0.0749999999999998 -2.79718982852682 -0.0686737243875293 -0.0341394245223345 -0.0236235907343386 -0.0774333993920792 0.0660566230114916 2.75190344856334 374.812768300601 -332278.279995611 101.297285065628 105.676707400313 92.1363624035561 986297.974285803
37600 0.0751999999999998 -2.74432038231856 0.0337563451823546 0.00296971398500373 -0.0294745195496359 -0.0769678360834541 0.0695703772865616 2.76912061751826 373.968253400774 -332275.695597306 101.354473271385 105.690836701399 92.1164410279013 986773.33981037
37700 0.0753999999999999 -2.75510173986089 -0.0246661341472455 -0.0179040290202318 0.0022069935705916 -0.0921448100578432 0.0670336026735246 2.74094052066235 374.503842642155 -332282.60740325 101.357896513284 105.683333928179 92.0965196522465 986523.222071945
37800 0.0755999999999998 -2.70401732605705 0.00533936438302445 -0.00507456592525779 0.0198584781009454 -0.116945914894561 0.0589786414199513 2.71388183846361 373.238143507334 -332275.672520154 101.377703041849 105.72321401773 92.0765982765917 986874.825305125
37900 0.0757999999999999 -2.66573948808357 -0.0122965653976586 0.0224448517450379 -0.0149095616744186 -0.106585020747578 0.0752740649225712 2.68065238646109 373.051282066463 -332277.943434655 101.374249652274 105.751645637716 92.0566769009368 986893.027154427
38000 0.0759999999999998 -2.67104249473724 -0.0209901952878704 -0.029127360271774 0.0209658736302616 -0.0766478515642908 0.0753821525814484 2.65278538149946 374.587042570744 -332292.348459759 101.361130466985 105.761544140363 92.036755525282 986644.113270251
38100 0.0761999999999998 -2.65196032517956 0.0243977659624772 0.0292028967718725 0.0102122656823055 -0.0980745927707096 0.0874099061659353 2.68846911744669 375.350591373269 -332301.072638868 101.370297975817 105.80769431324 92.0168341496272 986950.249068025
38200 0.0763999999999999 -2.64025037773854 0.0143845023993113 -0.0178451724663137 -0.0108346467629982 -0.102817729584273 0.085035287316898 2.64883497131133 373.453870546793 -332290.39966101 101.407437587717 105.792769192949 91.9969127739724 986958.854506353
38300 0.0765999999999998 -2.62530468147504 0.019067136615341 0.00134058883698112 0.0200961048065144 -0.0828994003881451 0.0926462285252364 2.64456412711978 373.46739638362 -332292.948395626 101.423900045774 105.800690838195 91.9769913983175 986979.220863759
38400 0.0767999999999998 -2.62954789189413 -0.0130016911537553 -0.00639173955895011 0.00494557379098509 -0.0731965736972327 0.0987113421279827 2.62850363026171 375.13179690188 -332307.871260891 101.396101292767 105.836097795583 91.9570700226627 986825.130339282
38500 0.0769999999999999 -2.56211245777639 0.00990368281795624 -0.00295251328071228 -0.000191421643821861 -0.0852401600288108 0.108636736075602 2.57673622073176 376.327377493021 -332317.966535466 101.408558857697 105.864924666419 91.9371486470079 987001.32126927
38600 0.0771999999999998 -2.60708982357928 -0.0200073279155534 0.0131193720142535 0.0110426486238619 -0.0769710956877579 0.0795126804965192 2.61091956812243 372.776766919218 -332291.012746978 101.396435554855 105.891497835314 91.9172272713531 986917.147638998
38700 0.0773999999999997 -2.57908595351285 0.0115148278672395 -0.0267481155762278 -0.00648354848788282 -0.0781079290376624 0.0787075107047983 2.57886907806663 373.381787402287 -332297.325744292 101.412120257749 105.909989703524 91.8973058956983 987028.216491578
38800 0.0775999999999998 -2.56617664033483 -0.00679228631935867 -0.00366228385395405 -0.00862106359980146 -0.0868002853969677 0.075055333877533 2.56869513452079 372.918453739145 -332295.066695075 101.386077112645 105.958031108576 91.8773845200434 987008.34083712
38900 0.0777999999999998 -2.58339277158081 -0.0445899732303383 -0.022120496454559 0.0129193181862847 -0.0773479136236533 0.0807579908592682 2.55755439466113 374.280360824431 -332307.40199321 101.346687406915 105.995940350486 91.8574631443886 986763.86484582
39000 0.0779999999999999 -2.53640992695543 0.0283630587419289 0.0206155383020359 -0.0279922639413097 -0.0831584179066966 0.0650873997966967 2.56788933520709 373.105681419484 -332299.028427318 101.356424337701 106.045016865091 91.8375417687338 987101.466090332
39100 0.0781999999999998 -2.5741921460436 -0.0444482111541967 0.0131391471296339 0.0238096440223358 -0.0752785354324586 0.0787945066453239 2.56630647901942 373.768711505071 -332305.18699587 101.356041986979 106.046661791528 91.817620393079 986898.929554832
39200 0.0783999999999998 -2.56324002595746 0.0238810515717713 0.00919609864919568 -0.0205626593379622 -0.112990156371243 0.0582350520368992 2.58943278064031 374.462456969955 -332312.047479544 101.403650010823 106.058562814204 91.7976990174241 987259.043839575
39300 0.0785999999999999 -2.55561320460883 -0.0236195248536841 -0.0235220202870024 0.0218170345712129 -0.0837568732336884 0.0843304171444439 2.54067851822601 374.608427246562 -332314.478534587 101.380005270839 106.081018381131 91.7777776417693 987023.577577297
39400 0.0787999999999998 -2.55712549791073 0.0348523156910568 0.055099613277117 0.0199466356348531 -0.090641818781953 0.0614753469956696 2.60929464856163 375.008494007789 -332316.440294434 101.376312878673 106.13875910259 91.7578562661145 987310.500788398
39500 0.0789999999999999 -2.58121237283087 -0.0258829343545695 -0.0389021323214635 0.00638790938116775 -0.0876258464773951 0.0583798860964284 2.55538482722319 373.804619744405 -332307.952700369 101.372867892963 106.111623097077 91.7379348904597 986810.246276757
39600 0.0791999999999998 -2.55024065267589 0.0194180909647044 0.0203753008446421 0.0013538295082394 -0.0864697076122691 0.0826493323892501 2.57847550768989 374.37067434609 -332313.872980291 101.400908016318 106.15179324618 91.7180135148048 987242.445483568
39700 0.0793999999999998 -2.57904713174327 -0.0167285857190794 -0.0503809592028638 0.000447355928567523 -0.0971176906951751 0.0771078598521092 2.55470423276711 374.34083469029 -332314.564395599 101.376812838799 106.157932781669 91.69809213915 986850.547058953
39800 0.0795999999999999 -2.54183588550395 0.0231231504710934 0.0130597246765522 0.0206136824785779 -0.0881495099264035 0.08100914317197 2.56857491183211 373.307712182775 -332308.127036892 101.383398910018 106.215473202237 91.6781707634952 987235.069959285
39900 0.0797999999999998 -2.62759700327111 -0.0391766079973149 -0.0150693970360225 0.00989435436599297 -0.0944512752664406 0.0735177828163336 2.60886418100465 373.97566550597 -332314.960851015 101.342372331098 106.242762069923 91.6582493878404 986874.614245872
40000 0.0799999999999998 -2.60133717174242 0.00441401904168261 -0.00534139100214547 0.00418567711448931 -0.0905704564363939 0.0907585122931577 2.61036150179177 374.764520982197 -332318.597655068 101.359499396635 106.258155296441 91.6383280121856 986969.849144572
40100 0.0801999999999999 -2.59642952727327 -0.0077728921620542 -0.0228950902076678 0.00760056568938641 -0.0724359731157388 0.0792829032407141 2.58785572041984 374.535013304819 -332317.81854659 101.374541985624 106.261717231016 91.6184066365307 986934.815580742
40200 0.0803999999999998 -2.57567795139705 -0.00770412229620731 -0.00336975511058191 0.00654821707056046 -0.0738323686540272 0.079659355230113 2.577044440291 373.295298894279 -332311.156866739 101.375385590326 106.270333021184 91.5984852608759 986808.433812627
40300 0.0805999999999999 -2.56588394902929 -0.00845542686613925 -0.0493350846336674 0.000785348503031623 -0.0637445166936663 0.081800331335519 2.54358621100288 372.849223051632 -332307.590828497 101.392143266925 106.271959149712 91.5785638852211 986772.003220183
40400 0.0807999999999998 -2.52989237512716 -0.0285301824279749 0.00550571611677844 -0.00996916270199707 -0.0630429145333565 0.0753418119493365 2.52435296996794 373.080749008362 -332308.978260006 101.389308561419 106.329465523668 91.5586425095663 987063.60110883
40500 0.0809999999999998 -2.5592931349364 -0.00938917969418471 -0.00645839059577266 0.0148459537450132 -0.0768575656426278 0.0629611026528104 2.55729676919941 373.563452822266 -332312.341578456 101.409131247437 106.331534085585 91.5387211339114 987060.976909627
40600 0.0811999999999999 -2.5418080437901 -0.00572433538595508 0.0036229851485386 0.0181960662773601 -0.0557396335007793 0.0651499282166348 2.54530176716064 373.993210612305 -332315.62180478 101.415491653548 106.351905729906 91.5187997582566 987097.138053767
40700 0.0813999999999998 -2.55763677864592 0.0135005405576001 -0.017773203382978 -0.00335699455636768 -0.0750235135156217 0.0575599477353846 2.56089338021563 375.380869538249 -332326.453915378 101.420554474963 106.366622091781 91.4988783826018 987068.104059911
40800 0.0815999999999999 -2.53568966258715 -0.00657920566416265 -0.0421791174652838 -0.0127777929814472 -0.075086466599385 0.0605994955694538 2.51715148388115 373.112248249226 -332311.524058334 101.403114571815 106.40064914112 91.478957006947 986999.144837649
40900 0.0817999999999998 -2.52696351884333 -0.00511474985726123 -0.0106493443116261 -0.0286258479631562 -0.0644240906163884 0.0704197820609528 2.52499128318245 374.434210548552 -332321.307143597 101.370406780207 106.450799035411 91.4590356312921 986930.868330296
41000 0.0819999999999998 -2.50346056538272 0.0111702162876284 0.0137966612812651 -0.00995664152114619 -0.0611423432832643 0.0705258009336236 2.52119289902902 376.862017740012 -332341.217255381 101.346888854596 106.497264459834 91.4391142556373 986917.577872649
41100 0.0821999999999999 -2.50649961110002 0.00163397189118964 -0.0112815241280441 -0.0194767418541526 -0.0607964444141993 0.0703354607085535 2.50710489914925 372.841850643122 -332315.051795187 101.361665428547 106.516903371026 91.4191928799825 987028.408345811
41200 0.0823999999999998 -2.52025511664951 -0.0159527026882274 -0.0258787336043104 -0.00967479813959464 -0.0503874986730708 0.0697169440208251 2.50384707711022 374.885294798698 -332329.848048485 101.373309060804 106.526657930752 91.3992715043277 987017.060335764
41300 0.0825999999999998 -2.47399341745998 0.0185057313439299 -0.0204974114817895 -0.0102083431676769 -0.0224505953581162 0.082486085279221 2.47771962355414 372.391914522296 -332313.03356478 101.396014277671 106.55868045058 91.3793501286729 987319.655146047
41400 0.0827999999999999 -2.50349080143785 -0.0170563881407096 -0.00673266163869953 0.00469500837786419 -0.0489013326388465 0.0531376610821138 2.4947630996136 374.409515381282 -332326.597322158 101.38367917564 106.570873860144 91.359428753018 987097.267883839
41500 0.0829999999999998 -2.49639853167713 -0.0348800931226942 0.00631033451644517 0.00833009396221448 -0.0424793061716841 0.0571365939639089 2.48547301105089 374.682022527092 -332328.387556182 101.394675090727 106.595666590234 91.3395073773632 987218.676012632
41600 0.0831999999999997 -2.43037808477724 -0.00582511607356749 0.00170516116106205 -0.0153209868352638 -0.0688845982168146 0.0824715324787941 2.4355934557485 372.844956235473 -332314.273091857 101.422227671104 106.596707923065 91.3195860017084 987281.210112626
41700 0.0833999999999998 -2.42998690513921 0.01263684904017 -0.0596311777462835 0.00233827731775514 -0.0789774447963805 0.0750717282655223 2.41469374443576 374.341982129344 -332323.052915596 101.436499329021 106.583593811867 91.2996646260536 987083.278546992
41800 0.0835999999999998 -2.39499067042621 0.00611870327479388 0.019021448551081 -1.33997559309367e-05 -0.0544346232941031 0.060167983623386 2.41168479529932 372.536572176229 -332309.669880641 101.420863513232 106.648107690447 91.2797432503987 987313.027832507
41900 0.0837999999999999 -2.43765704616914 -0.00980984654785364 -0.000349156045577222 -0.00681853828150148 -0.0369080272023909 0.045448519467463 2.43473272226959 374.043956798183 -332320.527348426 101.395052300327 106.68411997449 91.2598218747439 987179.57119929
42000 0.0839999999999998 -2.40663706215622 -0.00322766638422626 0.0192546307418427 -0.0157386998013224 -0.0693632166628496 0.0610430700022693 2.42018015821099 374.2651001968 -332320.492808303 101.411985770959 106.703873179317 91.2399004990891 987311.677535559
42100 0.0841999999999998 -2.38046009935607 -0.00141294592238974 -0.0188146975082784 -0.0255119861633753 -0.0518146031365894 0.0648278793039189 2.37515965717207 373.533144361172 -332314.210395049 101.443634162154 106.702120225417 91.2199791234343 987387.936424556
42200 0.0843999999999999 -2.35439858301807 0.00415178486619123 -0.00503298002358403 0.0051950171221633 -0.0591890048579428 0.0529515679422686 2.35800425196455 373.592993078327 -332315.002721526 101.437625652393 106.746978006371 91.2000577477794 987528.816803738
42300 0.0845999999999998 -2.36266243139313 -0.0279855466877584 -0.0100125213586873 -0.0122550598377012 -0.0358743066795828 0.0804480216010907 2.34877148783226 373.422677894743 -332313.176117432 101.416786502421 106.789376479358 91.1801363721246 987502.340270503
42400 0.0847999999999999 -2.3550818615659 0.000879098216561388 0.0296742119000554 -0.005412049187588 -0.0123943200928988 0.0763729083332115 2.37429327547898 373.055227465354 -332308.927881444 101.432605188182 106.811060918301 91.1602149964698 987641.088804931
42500 0.0849999999999998 -2.36810331079348 0.00469391067813497 -0.0326259942808624 -0.0169418914167772 0.00451569929895027 0.0599794820993114 2.356845717316 373.597132330035 -332313.87711927 101.445620344301 106.80029716564 91.140293620815 987452.438649876
42600 0.0851999999999998 -2.39137231236658 -0.00679586745273773 -0.0185566246189339 -0.024727867127398 -0.000251891513095029 0.0725344512489276 2.38241831863637 372.323313039873 -332300.327804137 101.431366997027 106.825107389714 91.1203722451602 987327.200597075
42700 0.0853999999999999 -2.40108116455379 1.32212154715527e-05 0.0145734553913086 -0.0259100766563725 -0.00778371096696309 0.0562117462632785 2.41083010232309 372.065838379523 -332297.38334864 101.401355011479 106.867235107922 91.1004508695053 987208.436695005
42800 0.0855999999999998 -2.41003504627555 -0.0257537825998412 -0.0213432726412555 -0.063359092865975 -0.0146910345085328 0.0618112636917949 2.39154447869141 371.920841874532 -332295.013496771 101.399143062079 106.885825626724 91.0805294938505 987142.721500675
42900 0.0857999999999998 -2.39833836636408 -0.00926101084365179 0.0126940043308843 -0.0695902026314934 -0.0112333250687967 0.082872673654385 2.40751644952728 374.441332906185 -332314.616203914 101.400524992093 106.907781466696 91.0606081181957 987142.992766563
43000 0.0859999999999999 -2.39927345556033 0.0135897219770195 -0.0266619968067502 -0.037727761045958 0.000761467872522157 0.0508150649757737 2.3955010808056 373.375997301897 -332305.046365551 101.421525780274 106.908173406765 91.0406867425409 987135.053749768
43100 0.0861999999999998 -2.40028267578173 0.0290827066411064 0.0151000671224582 -0.0466101603801664 -0.0193888266349603 0.0604607424350728 2.42624288565574 375.40999724187 -332321.413666897 101.437996424495 106.941228710291 91.020765366886 987384.522480641
43200 0.0863999999999997 -2.42501637972861 -0.0232121598442207 0.0108117689523502 -0.0510840064777946 -0.00953002887095557 0.0536937511617127 2.42245540771995 374.528146588335 -332317.545533792 101.415597015318 106.964462827145 91.0008439912312 987164.857493245
43300 0.0865999999999998 -2.35775849399519 0.0209897641891293 -0.00560895974013456 -0.0474903934101552 0.00115962746143677 0.057552637774919 2.36908971224472 373.349485570683 -332306.749168313 101.434350513637 107.007217678791 90.9809226155764 987525.824030788
43400 0.0867999999999998 -2.36434159932182 -0.0198741014714471 0.0240355054128553 -0.0391528906252631 0.0102698604667666 0.0520212826840775 2.36947978392482 373.927895102474 -332309.431130337 101.393113766279 107.054531858205 90.9610012399216 987344.586196473
43500 0.0869999999999999 -2.36277485014896 -0.00464886487406984 -0.0263876345693922 -0.0434202138001244 0.0136100723001643 0.0635252553099074 2.35123074157345 373.763328794316 -332307.372560059 101.39277577528 107.07287342398 90.9410798642667 987294.180553757
43600 0.0871999999999998 -2.38623342547707 -0.00469874865846526 0.00260170226537492 -0.0348293451238549 0.027865151164587 0.0541903953765588 2.38828922811947 373.045427233278 -332300.604050528 101.400944624779 107.086371509253 90.9211584886119 987281.876595374
43700 0.0873999999999999 -2.36163886032808 -0.0131006756288742 -0.0177459744224258 -0.0377573718153035 -0.00185168752308821 0.0617358107459775 2.34956689557879 374.068693723077 -332308.852686737 101.40006311401 107.087215056407 90.9012371129571 987064.751594029
43800 0.0875999999999998 -2.31886201648412 0.0267281099816303 0.00995555510308511 -0.0465464760526374 -0.0076505322885799 0.0509436736415491 2.34034055422197 373.341300820557 -332301.775318023 101.403080833845 107.126846088581 90.8813157373023 987243.027015061
43900 0.0877999999999998 -2.34687411415263 -0.0189471023077462 -0.00211452360480258 -0.0349302688312885 0.0191841703479616 0.057200402848795 2.33950692439675 374.098703014313 -332309.513512351 101.383092840973 107.162722978123 90.8613943616475 987162.555308014
44000 0.0879999999999999 -2.31041220984439 -0.00310721611674822 0.00430923214753768 -0.0443879780805308 0.00492224174776632 0.0605137582450949 2.31469061731753 373.482540256779 -332304.021576552 101.394359747154 107.183951527409 90.8414729859926 987251.333252169
44100 0.0881999999999998 -2.26870426694781 0.0192703110177963 0.0018447425926418 -0.0547202354001389 0.00453048241152434 0.092680043390466 2.28693579313378 374.364530998339 -332310.082381905 101.404725740712 107.221270259394 90.8215516103378 987479.435314906
44200 0.0883999999999998 -2.27993176432794 -0.0174000411878204 -0.00997141451264328 -0.0396370478994858 -0.028106791841217 0.0688666744023251 2.27095213615186 372.821208421389 -332299.182956962 101.404040289815 107.243857490883 90.801630234683 987464.137220027
44300 0.0885999999999999 -2.28782425612473 -0.0120721343551487 -0.00674739840900916 -0.042395924581673 -0.0164951544878536 0.0546993916588013 2.28174898611802 373.863756961399 -332307.499645668 101.423601133698 107.266864926032 90.7817088590282 987649.771971611
44400 0.0887999999999998 -2.2548753856092 -0.0107902590998987 -0.0308218555277244 -0.0254136841573496 -0.0145759067037543 0.0543985715034385 2.23669829507976 372.11203607936 -332292.192118712 101.427032550205 107.29317749891 90.7617874833733 987708.672494931
44500 0.0889999999999997 -2.21372222477832 0.0145753124307407 0.00533427593558114 -0.0534644969523971 -0.0215834654429128 0.0587006307205757 2.22825351331704 373.011389678692 -332296.760356651 101.413760487968 107.350932566261 90.7418661077185 987894.152470841
44600 0.0891999999999998 -2.22609492114381 -0.0336146184768322 -0.0295992938540838 -0.052272732414468 -0.0371395452384376 0.0437700371036145 2.1986069048665 371.73353531114 -332285.953096085 101.390712774202 107.381229279725 90.7219447320637 987731.487713232
44700 0.0893999999999998 -2.15114877427913 0.0349349908631039 0.00185862281251808 -0.0493000623014427 -0.0591793070626639 0.0691027874522122 2.17712475720149 374.279242064777 -332303.639934894 101.407008556456 107.418068286872 90.7020233564089 988012.149078571
44800 0.0895999999999999 -2.18402690211818 -0.017771277970243 -0.0134832759156368 -0.0755427407535903 -0.0343040283706167 0.0630986730088175 2.17590566624953 372.752034452086 -332290.634662096 101.38887854243 107.438158397644 90.682101980754 987803.255669716
44900 0.0897999999999998 -2.16174807317662 -0.00970683844109643 0.0295081725951001 -0.0620712595445021 -0.0327029966433569 0.0583482940477952 2.17765749507828 371.378497559226 -332279.165109571 101.411728699714 107.445969018725 90.6621806050992 987880.637650955
45000 0.0899999999999999 -2.21845331027082 -0.0221466202738423 -0.0116369872198812 -0.0546935139215476 -0.0382519437893308 0.0700522651717101 2.20794964636233 374.871767973205 -332304.015733947 101.425864031912 107.415134615697 90.6422592294444 987517.759647412
45100 0.0901999999999998 -2.20757196354921 0.0152600760300384 0.0109463397605367 -0.0609521623569509 -0.0403905414175956 0.0837145980367344 2.22900790955973 374.234511283588 -332299.782911684 101.459393247659 107.427945401939 90.6223378537896 987744.891838012
45200 0.0903999999999998 -2.26265866248925 0.0247464329348608 -0.0207945737142784 -0.047306613896914 -0.023027803977303 0.0438006595403717 2.26807967297239 373.92524014777 -332296.962669826 101.457373912738 107.437229658068 90.6024164781348 987593.446184636
45300 0.0905999999999999 -2.23818653437915 0.00420563471159043 -0.00716321467916289 -0.0585297690303655 -0.0484997274535221 0.0530620500889788 2.24248502506637 373.329536003256 -332293.323913407 101.434090288636 107.479644958187 90.5824951024799 987539.420842213
45400 0.0907999999999998 -2.2707139216525 -0.00651150980043146 0.0109477632426721 -0.0523574358287431 -0.0402769026312216 0.0669035400739207 2.27880836340508 372.022913048376 -332282.295305933 101.434262073053 107.513680546987 90.5625737268251 987636.564049439
45500 0.0909999999999998 -2.25242322795725 0.0121855319180291 -0.0212801364188249 -0.0487135711650298 -0.0462408006272106 0.0655298704247469 2.25393041226186 372.624979470988 -332286.170957954 101.446087891248 107.5180464477 90.5426523511703 987574.53103773
45600 0.0911999999999999 -2.22202893023888 -0.00946276177190275 0.029706503909121 -0.0380805192644953 -0.0204771874527916 0.0370090653361861 2.23458390075639 375.431066693795 -332306.301991285 101.430783714644 107.557162639167 90.5227309755155 987567.446722013
45700 0.0913999999999998 -2.25547147448315 0.0165677696943064 -0.0182150282201419 -0.0183509106546664 -0.0461089420847869 0.056451150834759 2.25860418331923 372.865991409063 -332287.781527741 101.440716290225 107.564236399117 90.5028095998606 987511.740120926
45800 0.0915999999999998 -2.22215586050666 0.0095944160586826 0.0102448030996666 -0.0348369026147913 -0.0423036368857829 0.0414880756235031 2.23524822449339 374.994603595305 -332303.544270666 101.447551086264 107.575162248242 90.4828882242058 987461.182624382
45900 0.0917999999999999 -2.22591479641408 0.0296936946692626 -0.017380335515717 0.00180418492380314 -0.0448689768051588 0.0576271922090573 2.23602709453719 375.553082885237 -332308.595581747 101.461360609602 107.588480040512 90.462966848551 987500.401554279
46000 0.0919999999999998 -2.22404799700119 -0.0180970705872192 0.00559243280686253 -0.0347004018817171 -0.00328015901709482 0.0531872578798417 2.22062375234534 372.299929521428 -332284.331849331 101.445076704471 107.625095006256 90.4430454728962 987460.428072
46100 0.0921999999999999 -2.17901741159078 0.00297558603683335 -0.0431092977675921 0.000331936441536952 -0.0502515012660621 0.0519158916755989 2.16294292910441 374.886747759921 -332303.148943027 101.453794202459 107.639131561601 90.4231240972413 987456.53081526
46200 0.0923999999999998 -2.19233441123365 -0.00559093262858743 -0.00274922493885628 -0.0175471041500073 -0.0563883222189621 0.0406193909722389 2.19168465758467 373.312182446652 -332292.261063001 101.44025589399 107.685469868986 90.4032027215865 987532.187792355
46300 0.0925999999999998 -2.13496900555755 -0.0155010587435887 0.000403948564124621 -0.0145454166784773 -0.0374692308394928 0.0485976450476016 2.13026740822425 373.494629827681 -332294.731477203 101.449489444866 107.726954786127 90.3832813459317 987784.832878649
46400 0.0927999999999999 -2.13865061255905 -0.0135041183240823 0.0010129231694994 0.0313282192821195 -0.0266354888329101 0.0731550859810261 2.1373902137585 371.541560206395 -332280.587440555 101.44898059397 107.750633454747 90.3633599702769 987779.23058247
46500 0.0929999999999998 -2.10389443319692 0.00909775067244393 -0.0143973986227028 -0.00630230703123497 -0.0200510428114834 0.0648257041053387 2.10465563221811 373.620519213705 -332297.291045189 101.437791183406 107.778216300187 90.3434385946221 987705.317966715
46600 0.0931999999999999 -2.10422677248779 -0.0175174840804285 0.0135952448152744 0.0168979458086998 0.00792375418474483 0.0500584895239813 2.10447366652052 373.96949176858 -332302.319659288 101.408423182288 107.827282073576 90.3235172189672 987651.048252245
46700 0.0933999999999998 -2.02070643773581 0.0132136109869567 -0.00966469299836543 -0.0189382974098317 0.0108532405740728 0.0512884550678174 2.02488083919082 374.117804806563 -332305.774842788 101.42618482275 107.854603125779 90.3035958433124 987856.402169048
46800 0.0935999999999998 -1.98522698398391 0.0152159524565859 0.0131640536991001 -0.0242505807187538 0.00415687255949766 0.0568642093032538 2.00229572529398 375.425039076818 -332319.259682593 101.407888775878 107.906029793621 90.2836744676576 987931.154372777
46900 0.0937999999999999 -1.98930133716265 0.00407114390890946 0.00336684657320499 0.0123827214058137 0.0160523679981867 0.051542128415668 1.99532784808131 372.926451186637 -332301.371521312 101.389108795082 107.949975661179 90.2637530920028 987932.429292517
47000 0.0939999999999998 -1.98848301913475 -0.0163381271722725 -0.0243248341993951 -0.00122760659929899 0.018004797461428 0.0636726679953879 1.97149891811114 372.900502252007 -332301.600868392 101.375032266566 107.975908106557 90.2438317163479 987814.502030175
47100 0.0941999999999998 -1.98836971241702 -0.020059490481879 0.018068439255517 -0.00286654119432013 0.0243842373072195 0.0763032270663067 1.99249126329035 373.020153675106 -332305.4783043 101.394949858609 107.996937225403 90.2239103406931 987982.858400328
47200 0.0943999999999999 -1.94702210591801 0.04897981987297 -0.0259244533480944 -0.002499333729901 -0.00694751671937013 0.0607555424995776 1.96248885757731 373.554285850302 -332310.719155615 101.436876094924 107.981060485825 90.2039889650383 988027.875246535
47300 0.0945999999999998 -1.97268911213484 -0.0211634889700839 -0.0242926848547323 -0.0344731011636034 -0.0124495843419845 0.0651266020692637 1.95425431488338 373.854757104086 -332312.559405649 101.394932552716 108.033746421099 90.1840675893835 987882.988935194
47400 0.0947999999999997 -1.95041462259267 -0.00485574668854345 0.0137664276981474 -0.0191678034194662 -0.0246533797762828 0.075212337345104 1.96001860455165 373.762622903046 -332312.26366438 101.377494434321 108.084375352087 90.1641462137287 987957.687571822
47500 0.0949999999999998 -1.90926693760103 0.00778952834696394 0.0184003664848724 -0.0348766765004404 -0.0130540531002648 0.0902149895187721 1.92980213104354 374.498253025431 -332319.632140627 101.401995169751 108.090382756835 90.1442248380738 988033.03026197
47600 0.0951999999999998 -1.8837862616528 0.0140110195880428 -0.00698941765965191 -0.0299408518277778 -0.00360813358743654 0.0602255432840283 1.89098670916435 374.155841327351 -332318.580329213 101.425268188163 108.104157700738 90.124303462419 988167.311301575
47700 0.0953999999999999 -1.90235894486077 -0.0369587196013781 0.00103293155667316 -0.0322025816292336 -0.0149878752081507 0.0691443826875378 1.88948637612341 372.66360226346 -332309.654557773 101.406114731706 108.128811428713 90.1043820867642 987987.58068708
47800 0.0955999999999998 -1.90825377321426 0.0393912135832183 -0.016675569659879 -0.0468982196083004 -0.0149250166904185 0.0447421849363338 1.92367837129465 373.828863586017 -332318.602473164 101.431424135968 108.149494343457 90.0844607111094 988204.66427217
47900 0.0957999999999998 -1.93032060870572 -0.0287679359654789 -0.0475958750340464 -0.0408849128697583 -0.00427852792575396 0.0535308141343278 1.89581671860111 373.623415777374 -332319.401962428 101.383637791334 108.189136416062 90.0645393354545 987882.646428038
48000 0.0959999999999998 -1.87947623094788 -0.0251136028913281 -0.007112858595706 -0.0333241752161032 -0.0302549093013545 0.047295473697057 1.86685641030468 374.160988297171 -332325.289577905 101.379331652575 108.235650202586 90.0446179597997 988046.795598514
48100 0.0961999999999998 -1.94965162913504 0.00594914687333465 -0.0113826532250301 -0.0380374086723392 -0.0273567839366608 0.0579869210665114 1.95126980912408 373.675930474097 -332322.396002683 101.406502919597 108.215890780469 90.0246965841449 987912.569246584
48200 0.0963999999999999 -1.89905572362934 0.0214915967139896 -0.0297090075105459 -0.0275744023243036 -0.0432268412523395 0.0437563235126338 1.89905789755187 373.277163771324 -332319.884911837 101.425254952076 108.220599275562 90.0047752084901 987919.582663019
48300 0.0965999999999998 -1.90935983067535 0.00589912511322613 -0.00218575213627044 -0.0271742190060289 -0.0463390551583589 0.0284361091558577 1.91412660891498 375.012874293825 -332333.070697104 101.41329558643 108.255453205422 89.9848538328352 987902.521892274
48400 0.0967999999999998 -1.93341095587995 0.0143910061468001 0.0115795493488286 -0.0199467526801093 -0.0617743045370903 0.028636289072547 1.95027335278505 373.12861197848 -332321.336621085 101.408282415598 108.304333311148 89.9649324571804 988080.93243798
48500 0.0969999999999999 -1.94938563925546 -0.0213337239378442 -0.0229138615742153 -0.0253429580782659 -0.10151734535421 0.0134531768409831 1.9359047425676 374.058632393087 -332330.27914351 101.373505240132 108.335092016341 89.9450110815256 987803.816398512
48600 0.0971999999999998 -1.95565838182773 -0.00925726580604041 0.0119597840317861 -0.0314675339182895 -0.068880239788823 0.0117648325321374 1.96159212640234 373.47256884586 -332326.716538462 101.391751841556 108.371530457951 89.9250897058708 988095.02629643
48700 0.0973999999999998 -1.9425525861356 0.0137150768473814 -0.0435725557822664 0.00292400698820619 -0.0736864175763908 0.0128108536045215 1.93261536955741 374.461397226477 -332335.850917174 101.417663580342 108.369608359635 89.905168330216 988111.067228503
48800 0.0975999999999999 -1.92204626045387 0.00190699517823935 0.0151437971749208 -0.0187806660638567 -0.0747862188113814 0.00994683175758692 1.93529641794014 374.107334134531 -332333.954379004 101.407783417906 108.412483052569 89.8852469545611 988186.684089416
48900 0.0977999999999998 -1.94174132208096 -0.000376545977150983 -0.0161506070262421 0.0175168425240093 -0.0728841299728666 0.030684048208648 1.93860881803599 373.735448686791 -332332.844625301 101.409726171962 108.427742264971 89.8653255789063 988125.658939465
49000 0.0979999999999997 -1.91967625129592 0.000161738855737441 0.00636169959665806 -3.87438489354941e-05 -0.07148185800492 0.0147715383916506 1.92709699696843 373.029707646961 -332327.292145255 101.403597728153 108.463033516362 89.8454042032515 988168.435380554
49100 0.0981999999999998 -1.94997179338226 -0.0326802095977442 -0.0374393975457355 0.0163802274525454 -0.0675712326231857 0.0334539765775033 1.91957416417233 373.46000966267 -332330.172051544 101.402219367407 108.457859136819 89.8254828275967 987888.769427737
49200 0.0983999999999998 -1.91071486416696 0.0429661103983415 -0.00604191255517208 0.0225807378488891 -0.0602166268317589 0.0100618476461191 1.932934715035 373.212114289815 -332329.744242497 101.430723380302 108.479679342213 89.8055614519418 988146.070441618
49300 0.0985999999999999 -1.96685421415065 -0.0415893478230426 -0.00851492731540007 0.0265801660404335 -0.0601650151836099 -0.00121379740540187 1.94535322379604 373.749177047389 -332337.177448909 101.3785489122 108.520968992339 89.785640076287 987794.529447216
49400 0.0987999999999998 -1.90488634605333 0.0553329063439782 0.00161255457836474 0.0305387513270776 -0.0579154060909235 -0.0295022400794723 1.93791467850919 374.50308040869 -332346.179833678 101.409406438711 108.551235682688 89.7657187006322 988151.478280495
49500 0.0989999999999999 -1.95708514358406 -0.0405584192423812 0.0304967960747736 0.0256458495835279 -0.042760735543032 0.0186292520948944 1.95519883009753 373.070519330346 -332341.400027172 101.387069378914 108.56318085181 89.7457973249774 987823.263289114
49600 0.0991999999999998 -1.90931520752379 0.0534892712188185 -0.0202327181069952 0.0270875280940115 -0.0293826426876039 0.00389254677115184 1.92825599442124 375.626831344933 -332361.017532329 101.435385484421 108.556723247995 89.7258759493225 988015.86117849
49700 0.0993999999999998 -1.89311849420265 -0.0194069669857224 -0.0197955482272662 0.0509323672725503 -0.0476130751328677 -0.0270326652548026 1.87798897145871 374.567024517469 -332357.001137258 101.409557264668 108.608005736514 89.7059545736677 988011.496027363
49800 0.0995999999999999 -1.86344327442397 0.000399985495472864 0.00371754504266421 0.00626122952564213 -0.0307361636775638 -0.0108755449576553 1.86639028379453 374.853473474134 -332361.219684017 101.39505251137 108.664528779934 89.6860331980129 988164.803617091
49900 0.0997999999999998 -1.81670526449179 -0.00709603298917879 -0.0423218429741963 0.0190190405615515 -0.0126467541848384 -0.0347130089784816 1.79370049042627 373.426303418192 -332352.673189549 101.408706877476 108.671044872167 89.6661118223581 988137.600994341
50000 0.0999999999999998 -1.78732876322136 0.0268412820142641 -0.00437290868660681 -0.000766556128634166 -0.0385356583793916 -0.00428351979125044 1.80001978553738 373.972686409649 -332358.106079617 101.399414122023 108.733060687011 89.6461904467033 988391.262304446
50100 0.1002 -1.78636089882498 -0.0439756725095376 0.0059110218739722 -0.0147834693544368 -0.0465589561382544 -0.0170567158169995 1.77012667772515 373.687007216212 -332357.50004365 101.344577645788 108.798642562718 89.6262690710484 988232.908897114
50200 0.1004 -1.74033226559431 0.0318682257214165 -0.0231630396838639 0.0171083093517065 -0.0387586249337761 -0.0218232912845724 1.74728650481174 375.540713775331 -332374.254710025 101.391872380782 108.787689575649 89.6063476953936 988374.819680301
50300 0.1006 -1.74089871263252 0.00524538779674923 -0.0272834209922762 -0.0101449902933158 -0.0554298675336075 0.0127644245162934 1.73300095788561 374.969636530116 -332373.513928224 101.403272548793 108.789020337878 89.5864263197388 988278.277190967
50400 0.1008 -1.69467120181142 0.022274362029202 -0.00414584875353068 -0.0190975312230592 -0.0548241380300318 0.00409880657241582 1.70686837193301 374.694165973493 -332375.123058109 101.386445200867 108.845268455167 89.566504944084 988405.329658862
50500 0.101 -1.69990025733215 -0.0220671201019452 0.00134203871830176 -0.0214303978153839 -0.064867110455603 -0.0159993068625037 1.69402409453234 374.628822800728 -332375.420890014 101.350653721153 108.905225830911 89.5465835684291 988380.788461713
50600 0.1012 -1.68426552972637 0.0106307421002653 0.00244199949529091 -0.0291276551242922 -0.0402083701895195 0.0164504299189615 1.69324204068932 374.348770236621 -332377.330969824 101.346917653867 108.941801594893 89.5266621927743 988456.338704828
50700 0.1014 -1.72987068372912 -0.0330173673544103 -0.0211607463951172 -0.0396260578712614 -0.0394781229021238 -0.00696941884602612 1.70560917612923 373.602520791938 -332376.695673492 101.347967796826 108.953887509983 89.5067408171195 988356.263723815
50800 0.1016 -1.74441779067681 0.0290222868834919 -0.0120110279549989 -0.040282146626952 -0.025428429446126 -0.0077292353618512 1.75527499523429 375.595098559276 -332396.659377564 101.378461484255 108.956246301443 89.4868194414647 988454.997380494
50900 0.1018 -1.67087874001761 0.0176723768274355 -0.00820286715262982 -0.0631135072563002 -0.0493399188222827 -0.0162160081065629 1.68173268810711 373.620480952824 -332382.327231903 101.3638706198 109.006435668342 89.4668980658098 988547.870969237
51000 0.102 -1.69106481349842 -0.0054140981139707 0.0363448000951318 -0.0660609992906636 -0.0729275074055762 -0.00990397981922652 1.7154867396268 373.839034271766 -332386.102852662 101.332372929054 109.058919008696 89.446976690155 988496.344022969
51100 0.1022 -1.67757483756907 0.0283577215319216 -0.0501988974293853 -0.0760524257166559 -0.0522337127839086 -0.0222090877167178 1.67612095981223 373.667621045521 -332387.411839605 101.335390069296 109.075139496721 89.4270553145002 988452.606653505
51200 0.1024 -1.64249850070078 -0.0201833410118606 0.0284187210413305 -0.0964161403463856 -0.0677615730142603 -0.032382177068889 1.66070028142302 375.29750293291 -332401.028835226 101.288794832695 109.149704397994 89.4071339388454 988453.266398736
51300 0.1026 -1.6322461459639 -0.0190260239352877 0.000977770937978667 -0.0698552523695237 -0.0707074860683944 -0.035397215052266 1.63356868280564 374.301218326424 -332397.652193042 101.267087783329 109.188247905166 89.3872125631906 988370.131227591
51400 0.1028 -1.61823108907291 -0.0094015892058504 -0.00846913522672217 -0.064566106975334 -0.0706271251470874 -0.0220272970679555 1.61825829611952 373.724242871739 -332398.702211787 101.28110908794 109.19448974705 89.3672911875357 988343.171245598
51500 0.103 -1.56407762040751 0.0253080180535776 0.00590369572085411 -0.0812452433920554 -0.0738559254190409 -0.0331357734194896 1.59221314042819 374.140261646024 -332404.098896834 101.320528831184 109.207051166345 89.3473698118809 988621.157538502
51600 0.1032 -1.59123382136947 0.0185883773164326 -0.0145260197580146 -0.084011996176838 -0.0659990536374909 -0.0444375045110515 1.60607643975574 374.466259753961 -332410.530711696 101.321406606412 109.217058345004 89.3274484362261 988499.864848183
51700 0.1034 -1.5637721967783 -0.0124644123177641 -0.00962064142560283 -0.0692890016591368 -0.0931783696168177 -0.0742898405514303 1.57098120843521 374.158191025748 -332411.08955297 101.330353546129 109.226724560484 89.3075270605713 988454.157020032
51800 0.1036 -1.55124358969554 0.0511605730681733 0.00119770924764366 -0.0822243266205512 -0.0981881509391387 -0.0568955530341257 1.5965748520249 372.970709284821 -332403.965171583 101.357954095183 109.252787655163 89.2876056849164 988738.715736568
51900 0.1038 -1.58164274788724 -0.0321334827079817 0.00668652685169042 -0.0635438949361224 -0.0774503133413588 -0.036712415521479 1.58012355774062 373.724485917268 -332412.413187999 101.340059285592 109.2690455731 89.2676843092616 988490.665633686
52000 0.104 -1.52814415161984 0.000192789436292386 0.0437001457572842 -0.0574030398129732 -0.0791518344538636 -0.0378617777619428 1.56114749578679 375.010511317659 -332424.168919662 101.370533512366 109.283500644961 89.2477629336068 988698.031224639
52100 0.1042 -1.55151434524655 0.00373433484956839 -0.0204778199510329 -0.0646779601754874 -0.0991966949056375 -0.0501447475622439 1.55927608817269 372.826266868184 -332410.886418283 101.404367500314 109.260952584707 89.227841557952 988603.242402037
52200 0.1044 -1.56232571843952 -0.00612115402572249 -0.00637540336616144 -0.0648489076703414 -0.0783795102570107 -0.0528098818060264 1.56869049948439 372.543568188213 -332411.819832675 101.400254389487 109.297554122268 89.2079201822971 988673.519254202
52300 0.1046 -1.56556094973031 -0.0520138871739572 0.0381282330723944 -0.0705823801434331 -0.053677715556651 -0.0445326760370088 1.57000752865528 372.813408197986 -332415.580787432 101.370689402884 109.347547651665 89.1879988066423 988616.528201373
52400 0.1048 -1.53872860995572 0.0122084019581822 0.0216631151533771 -0.058429609433464 -0.0757489003365475 -0.0389227743933691 1.5659372157718 376.059888147471 -332440.911804069 101.426912333998 109.314636532167 89.1680774309875 988646.248466381
52500 0.105 -1.58344243321412 -0.000831604864372864 0.01107822324281 -0.0408817540408747 -0.0411500230849597 -0.0443898306228773 1.59362881461458 374.50184319768 -332431.728830016 101.466270307056 109.272960420983 89.1481560553327 988431.939988169
52600 0.1052 -1.56448643995712 0.00785853436273443 -0.0153746427787378 -0.0472801882414066 -0.0666457483259263 -0.0656598407301662 1.57138244531287 373.3138903981 -332424.095476542 101.491555736662 109.274534643701 89.1282346796779 988471.563926086
52700 0.1054 -1.58621642892887 -0.0101019253735371 -0.0253526010648927 -0.0373763628636267 -0.0627261799821257 -0.0410326287623695 1.57523916552947 372.686013100786 -332422.010312038 101.505105817286 109.281927601591 89.108313304023 988449.436766148
52800 0.1056 -1.58074589399326 0.00257977880544965 0.00388839939037829 -0.0401979688648441 -0.0743830220602689 -0.042988544951221 1.59247733051541 374.66166152769 -332436.567738942 101.510167969259 109.308028930617 89.0883919283682 988513.783474971
52900 0.1058 -1.60460846583797 0.00472421893530986 0.00528959856520833 -0.034838427901291 -0.0510000586337776 -0.0568776351132634 1.61617179040394 372.416902821099 -332422.26787239 101.504667419964 109.32690070307 89.0684705527134 988409.802717444
53000 0.106 -1.60676719234892 0.00652323123514025 -0.0356200380554704 -0.044329312635377 -0.0525831355384568 -0.0389430300295804 1.59850949771294 373.586630845062 -332432.916487789 101.518253093471 109.335379692107 89.0485491770586 988397.643916038
53100 0.1062 -1.62882205513639 -0.0183130138385355 0.0266168788008101 -0.0596267207036789 -0.0778128435821956 -0.00370142658326124 1.6422514182353 373.904320677206 -332436.447406628 101.50328378368 109.361442551895 89.0286278014037 988266.337125192
53200 0.1064 -1.67057373129026 -0.0270509881046095 0.00558622959157129 -0.0471817290115178 -0.0898380702699426 -0.0381429488340267 1.67066688535139 372.579193165677 -332428.200483384 101.524787111419 109.347964581737 89.0087064257489 988132.720081698
53300 0.1066 -1.66152872235332 0.0165051726582854 -0.0295515956138012 -0.0485137534863737 -0.079009000736688 -0.0317189240498793 1.66416358880644 373.533571198267 -332435.730178371 101.566027614579 109.324924831143 88.9887850500941 988104.624337591
53400 0.1068 -1.68233660178564 0.0131102580881839 -0.00850436915825976 -0.06669427609344 -0.0597700104044825 -0.0121626434404044 1.69200068746535 374.647351665944 -332444.708506684 101.574168714246 109.32628438176 88.9688636744393 987974.894089654
53500 0.107 -1.66405337463106 -0.0169137213659512 0.00546424167282502 -0.0503107967492615 -0.0478808748988906 -0.010329708071477 1.66289531024263 374.502577232501 -332445.653026308 101.571418052653 109.365018681345 88.9489422987844 988076.875593353
53600 0.1072 -1.6848759596022 0.027169932073815 0.00111298819517568 -0.085838909001925 -0.0532213798012801 0.000358324946257315 1.70814879378292 372.243275643886 -332429.549210903 101.589038294423 109.362877500498 88.9290209231296 988007.607503739
53700 0.1074 -1.70206560209625 0.00123991836975436 -0.0370675446996591 -0.0799034645853441 -0.034310652487815 -0.00757229078901795 1.69124960215801 375.714170735359 -332458.090911965 101.585516192329 109.36138554834 88.9090995474748 987738.557857763
53800 0.1076 -1.68472479631439 0.00746035116474891 0.0312547265495097 -0.0937102010203457 -0.0763282149960692 -0.0280088532566605 1.71770123024644 373.173897351487 -332439.830723871 101.575633600651 109.442878903426 88.88917817182 988156.973008596
53900 0.1078 -1.73396107202649 -0.0312392603313931 -0.0210105384276382 -0.0792865584072305 -0.071632594659471 -0.0102324363286507 1.717949280919 374.672599190724 -332453.944291537 101.550505787325 109.451386207798 88.8692567961652 987767.892672681
54000 0.108 -1.696532130796 0.0193744763204779 -0.0161465361192835 -0.0904328303045588 -0.0990113941397382 -0.00237934291928525 1.71423671919931 373.461820445919 -332445.822826977 101.598564161674 109.473682022418 88.8493354205103 988215.085685971
54100 0.1082 -1.66391472667398 -0.0295813050874396 -0.0170564001625263 -0.087656757877701 -0.0915296375503721 -0.0221006578364212 1.65569379396214 374.231530741641 -332452.859699217 101.60081171597 109.492386180728 88.8294140448555 988184.176758424
54200 0.1084 -1.62517018335562 0.0485925887514452 0.0155884687860879 -0.085357152751472 -0.1431150197586 0.000198690286823938 1.68244863147573 373.065614278403 -332443.70988058 101.639773798368 109.501315590057 88.8094926692007 988422.028966582
54300 0.1086 -1.66327952941842 -0.0231667732945875 -0.0306380936769879 -0.0851220241535009 -0.111770419916112 -0.0205162017168179 1.65476577389533 375.415249312765 -332462.115386121 101.629521023104 109.497017043772 88.7895712935459 988061.838335951
54400 0.1088 -1.6377045536909 0.0182517596628243 0.0168799704745406 -0.10613653231583 -0.121622777699238 -0.00264792576154141 1.67872385928989 372.379452881433 -332440.269488146 101.649972275169 109.546199157156 88.769649917891 988482.728580771
54500 0.109 -1.69302514370132 -0.0160189354039274 0.00770318070300291 -0.0913212187827981 -0.13068091162728 -0.0230841844622423 1.71188332930543 374.008763477128 -332452.208878556 101.636868443929 109.539192389208 88.7497285422362 988070.29596142
54600 0.1092 -1.67779286428924 0.0166467428500632 -0.00428807248085486 -0.0911861563705061 -0.131813030507111 -0.0432353435843139 1.7084401434204 373.501925717177 -332450.436276425 101.65875863086 109.55715206922 88.7298071665814 988223.265412938
54700 0.1094 -1.64392396021943 -0.0109448444952377 -0.0242915767563366 -0.0798915738964063 -0.104780893090209 -0.0108527301692889 1.64238924596867 374.880833639158 -332461.810238901 101.63454739453 109.585419193368 88.7098857909266 988020.944065682
54800 0.1096 -1.68623703467408 -0.0148982824682975 0.00268099825507852 -0.0893202612842364 -0.132526515961754 -0.0223463060131844 1.70328665248932 374.131919687155 -332457.60930333 101.630488499171 109.615010991142 88.6899644152717 988026.346307333
54900 0.1098 -1.70270243946876 -0.0053408986484557 0.016393626451919 -0.0945872718530598 -0.114491359596136 -0.0294876580582269 1.72834417088732 372.239053119177 -332445.742856808 101.647404930135 109.616464686881 88.6700430396169 987981.940330491
55000 0.11 -1.68998358302265 0.00485480520218303 0.00333590345262672 -0.100376950622807 -0.0931492078210496 -0.0157776136787846 1.71082111775377 375.785227984107 -332474.036768539 101.688052054726 109.590855081393 88.6501216639621 987924.098916547
55100 0.1102 -1.68079671624724 0.0432482098891658 -0.0168359012518211 -0.0716671221385823 -0.114334952110464 0.0150371634309464 1.71103992433128 375.090003561318 -332471.147520106 101.707663934317 109.600754356638 88.6302002883073 987981.820589159
55200 0.1104 -1.70418450982187 -0.0381222623007352 0.00840792321372434 -0.08065213066327 -0.0718328026735713 -0.00928053611106391 1.700206809317 373.947700479773 -332463.802032631 101.670771570098 109.655753361456 88.6102789126525 987896.952938186
55300 0.1106 -1.681763183111 0.0252468527163164 -0.0102654256695409 -0.0577389607267139 -0.122247848942108 0.00360514936399767 1.70569590856861 372.311961742796 -332451.355260054 101.706092548092 109.667687636229 88.5903575369976 988125.507362344
55400 0.1108 -1.71287752896983 -0.0106260556894107 -0.0316915094954236 -0.0763603657186401 -0.10680192832055 -0.00258191835912307 1.70703772740882 372.876706812254 -332455.621054444 101.687232819381 109.688389381715 88.5704361613428 987906.566313797
55500 0.111 -1.69804120589469 -0.0401570801547293 0.00748404518209512 -0.0734417206037336 -0.0883980406154908 0.00858150751098854 1.69401226181377 373.891141859344 -332461.986169899 101.66196573864 109.741943666921 88.550514785688 987921.054302962
55600 0.1112 -1.71567420441424 0.0310558310891873 0.0167996284635705 -0.0896917375371117 -0.111272605988027 -0.0044517176034103 1.75718677839635 374.677120090924 -332467.659432867 101.703222790105 109.735852736725 88.5305934100332 988044.7917297
55700 0.1114 -1.72923219453349 0.000534782296872237 -0.0325705262865191 -0.0730600151157927 -0.120839419419534 -0.00655387162715659 1.73085930653735 374.440801588195 -332465.645918635 101.700019137791 109.739256018303 88.5106720343783 987821.977768303
55800 0.1116 -1.69646727670566 0.0285356299031086 0.0220065701386339 -0.0517904753214174 -0.133016098227443 0.01453768729342 1.73959065575195 374.562364608151 -332467.596952739 101.682118626528 109.806384715288 88.4907506587235 988029.834442335
55900 0.1118 -1.72125135310323 -0.0397983421459075 -0.0197582721826582 -0.0565277593082619 -0.11319018702346 0.0425974047179111 1.70729262375834 373.369308627331 -332460.908278859 101.668956679292 109.807708264641 88.4708292830687 987691.446504267
56000 0.112 -1.69083384442445 0.0199083057741453 -0.0224526300506672 -0.06863503344524 -0.140191555011376 0.0276999441689139 1.71212140205395 374.126640747899 -332468.094778591 101.711778436212 109.807397261384 88.4509079074139 987882.155857903
56100 0.1122 -1.71437897578733 -0.000102868512108784 -0.00644691940987353 -0.0843096694755238 -0.136221920087892 0.0061342845789392 1.73349757659464 373.191192310819 -332464.016018869 101.686470298454 109.862673736222 88.430986531759 987910.967376885
56200 0.1124 -1.69618590478534 -0.0329506079881828 0.00937069972575568 -0.042221198049964 -0.151460595833355 0.0217756802938596 1.7070806671381 374.953721084566 -332477.680314332 101.656686536387 109.912993048094 88.4110651561042 987851.37147415
56300 0.1126 -1.69946644297862 -0.0106306355494764 -0.010842522741627 -0.0616636031419493 -0.152804074126814 0.0187789601104157 1.71298598644848 374.391252122845 -332478.137516192 101.717693452244 109.886375397183 88.3911437804494 987982.167007163
56400 0.1128 -1.61800469599996 0.0341620567596116 -0.0159450589245834 -0.0647899313953362 -0.136003654913388 0.00232699537174268 1.64847833596884 374.118740501293 -332477.493364078 101.758659442883 109.910532791963 88.3712224047946 988374.546586722
56500 0.113 -1.62705129740837 -0.047360602191653 0.0200957972902751 -0.0649799752104624 -0.120411875058294 -0.0164284960929573 1.63202550284351 373.626846393623 -332473.172882452 101.698416450089 109.994132769372 88.3513010291398 988317.896489802
56600 0.1132 -1.63041262462877 0.00911884692715527 0.0327384870971754 -0.0571445490267964 -0.132268512428995 -0.0250896017329673 1.67078314510471 374.231132028695 -332476.254136824 101.705642070769 110.025743216729 88.3313796534849 988449.23699428
56700 0.1134 -1.6285141963111 -0.0420947480516871 -0.0254530308790386 -0.104169224698932 -0.122507098750964 -0.00494084386494999 1.61896733815474 373.730293926124 -332473.202179852 101.71566680954 110.005416703097 88.3114582778301 988141.131617853
56800 0.1136 -1.59842805801235 0.0145162752430639 -0.0060903805222473 -0.0950313131131986 -0.11835535925889 0.0114614854740683 1.62428063750029 374.240225666405 -332477.125483801 101.747976248892 110.026574065233 88.2915369021753 988422.099688792
56900 0.1138 -1.64566393997446 -0.0240083750504236 0.00245345321188515 -0.0854979183364805 -0.130293629009389 -0.00493891345517757 1.65719978296613 373.113362231786 -332469.706589713 101.726003310886 110.040320236658 88.2716155265205 988109.108181064
57000 0.114 -1.60677490558047 0.0500780320497624 0.0178378089059064 -0.0394743204795912 -0.13269906350215 0.0162046685878206 1.65863598919223 375.203410309389 -332484.987777877 101.725627566678 110.074429091017 88.2516941508656 988188.670956
57100 0.1142 -1.62401544063595 0.00436750383350891 -0.0216033735273286 -0.0791635804007482 -0.140199757221652 0.000189258683334209 1.6394461281725 373.641797417818 -332476.650766268 101.697483563076 110.10042964837 88.2317727752108 987925.56890947
57200 0.1144 -1.62012567192645 0.0189579740102641 0.0097634110985964 -0.0908431668575431 -0.136619314829153 -0.0147046022771502 1.65921960906203 373.552939019057 -332477.273968439 101.702963376265 110.13760005949 88.211851399556 988089.202241131
57300 0.1146 -1.64470755951177 -0.0170215928481357 0.00860411485370337 -0.0620648103317298 -0.131865260187932 -0.00953085236928621 1.66003700615364 374.706260410525 -332487.905111986 101.699720152414 110.144683502881 88.1919300239012 987898.086369375
57400 0.1148 -1.65251677260516 -0.000895844429896478 0.00602735340233575 -0.0663906892121495 -0.134996950140831 0.00648240516218333 1.67551660233451 373.137320564952 -332476.438231458 101.705993172911 110.173621243383 88.1720086482464 987995.357689652
57500 0.115 -1.67261109844632 -0.0352580928475812 -0.0227837383551917 -0.106655501340904 -0.101255638198878 -0.0274901854257191 1.66392813182195 373.413738838538 -332481.681595151 101.710232460466 110.179627010125 88.1520872725915 987867.151976906
57600 0.1152 -1.65837908906432 0.044223205764947 0.0546772911244641 -0.0587219822491069 -0.0873986138063277 -0.0339598870006712 1.71857010344092 374.97956156082 -332492.994851825 101.738771496959 110.206285868189 88.1321658969367 988160.065281721
57700 0.1154 -1.69387938078834 -0.00110593624312905 -0.0291208999973447 -0.0725749726502345 -0.0837333970111398 -0.0470384318941713 1.69183830597796 373.979706601747 -332488.437824717 101.732507679278 110.207236702228 88.1122445212819 987884.400009869
57800 0.1156 -1.6520658444794 -0.0161961793159998 0.00663492010213291 -0.0577297638671632 -0.0989192524003507 -0.0419199046172002 1.66089270907758 372.667074976111 -332478.155122804 101.737649326194 110.242805704777 88.0923231456271 988029.7458529
57900 0.1158 -1.66092902127652 -0.00916444845406116 0.00898963111513997 -0.0643236962273997 -0.0847004644405875 -0.00867869864663726 1.67116819000063 373.572597633831 -332486.65032744 101.750178718322 110.246529492917 88.0724017699722 987961.333340317
58000 0.116 -1.72441504425116 0.0033846179940773 -0.0225812227409218 -0.0687812445886307 -0.110083523867838 -0.0388925791767517 1.73094995610388 373.364389647351 -332485.220470664 101.761606835727 110.244179723203 88.0524803943174 987827.746673973
58100 0.1162 -1.68492055125411 0.0324916343212803 0.0108857175455643 -0.0441741386746348 -0.124295504060633 -0.0402649797513351 1.72334881913284 374.018967992269 -332491.224232828 101.742036646688 110.30370188484 88.0325590186626 987947.442934978
58200 0.1164 -1.71801878770932 -0.0210185480383624 0.00991289859979168 -0.0392755798694281 -0.119688357608298 -0.0318568571489273 1.7273984602859 372.774711215682 -332481.379640094 101.706339519377 110.345428507827 88.0126376430078 987750.83634231
58300 0.1166 -1.71793599176565 0.00724120074833664 0.0130607705108976 -0.0467721471527193 -0.109768389212817 -0.0341316549710273 1.74141181535541 372.758520586929 -332482.115502607 101.749027248576 110.337812763478 87.9927162673529 987873.557577298
58400 0.1168 -1.72480998831826 0.0475533707352932 -0.0146531460656609 -0.069165640185393 -0.0997137173921897 -0.0453776372343879 1.75648697681308 372.630770112937 -332481.424313945 101.792299620732 110.329585123672 87.9727948916981 987996.259893437
58500 0.117 -1.69368546018612 0.0121760985106029 0.00451008378017907 -0.0689939172502256 -0.107702536860086 -0.0439583966000687 1.71808680760602 373.926612824826 -332488.107373972 101.776327434989 110.38135705597 87.9528735160433 988080.975406594
58600 0.1172 -1.68114421027078 -0.0214849511877972 0.00124807646393728 -0.0760696961419693 -0.111248616172648 -0.0502516018901778 1.68960911364944 374.305186026581 -332489.984912553 101.741627655817 110.42909000621 87.9329521403885 987947.413001891
58700 0.1174 -1.68395834395563 -0.00324665542396746 -0.0164656863871869 -0.040453781643303 -0.128466931935044 -0.0294411985224576 1.69108553259647 374.462635585617 -332489.072730438 101.747428888752 110.441092279687 87.9130307647337 987887.270366245
58800 0.1176 -1.6400518053648 0.013115428972432 -0.0182356935353847 -0.0590185621764064 -0.100561382010373 -0.0561132270533396 1.65298202607582 371.26811543705 -332464.517742518 101.749881760543 110.48710119427 87.8931093890788 988098.684930031
58900 0.1178 -1.63591972438853 -0.0191016815911745 0.00207011106082793 -0.0574015730770087 -0.113953875896642 -0.0463872888889013 1.64440760934126 371.901359678798 -332467.362831844 101.7287449291 110.534391293448 87.873188013424 988092.250464644
59000 0.118 -1.67293220689483 -0.0410618693487108 -0.0526329454008555 -0.0473395999818714 -0.134050912737869 -0.00702881600572086 1.64469828848367 372.984885978736 -332474.696085672 101.738651767406 110.529450704422 87.8532666377692 987920.288113446
59100 0.1182 -1.60491464017171 0.0207180304145711 0.0366386110442373 -0.0891591193606595 -0.114146281616093 -0.0348103800675249 1.65390069676766 373.808671262974 -332480.777450158 101.767304633344 110.567787958418 87.8333452621144 988317.116793898
59200 0.1184 -1.62563174175558 -0.0230691248801791 0.0128557405244721 -0.0817853040662872 -0.1232713405494 -0.0229078178653898 1.64143159032562 376.286669772319 -332498.361139884 101.760770633829 110.579149387386 87.8134238864595 988131.042271477
59300 0.1186 -1.61549486758385 0.00190196582380101 0.0178722386803378 -0.0821778246490151 -0.106673283482644 -0.0625294482410515 1.64565633824017 373.466556875107 -332478.342701453 101.779748878744 110.605265447071 87.7935025108047 988324.480576312
59400 0.1188 -1.62760043980955 -0.0231996416548175 -0.0239019322510996 -0.0920612450910063 -0.117528173526585 -0.0478031455910742 1.62686677825328 373.350870116052 -332476.654058883 101.767756463148 110.615584222045 87.7735811351499 988075.965813734
59500 0.119 -1.59761621353847 0.00683335479694369 0.0265647220392322 -0.0672826432645849 -0.11445613533781 -0.0378351485619657 1.63201767951301 372.150738753187 -332467.649891783 101.78088332408 110.660693226808 87.7536597594951 988382.027935857
59600 0.1192 -1.60149502137684 -0.00759825109139872 -0.013802143789508 -0.0768123537817424 -0.110659048171338 -0.0398327435456811 1.609302230272 373.59345530923 -332476.970192616 101.788569226764 110.654864832903 87.7337383838402 988180.221314563
59700 0.1194 -1.59943001982714 0.0258586204035981 0.00692358682861734 -0.0559080536823591 -0.127787519213429 -0.0608209354549644 1.63725698800049 373.087173130039 -332473.310398033 101.790452536833 110.688260587308 87.7138170081854 988272.289844257
59800 0.1196 -1.60924798008052 -0.0290507580174822 -0.00124692973261783 -0.0761302354291833 -0.106453789416159 -0.0408136202395043 1.61186654738392 373.829640455411 -332478.077889586 101.793874456513 110.710484111583 87.6938956325306 988279.433803647
59900 0.1198 -1.57717121719345 -0.00520490218258355 -0.0600285544520348 -0.0557265529298072 -0.0967700240478851 -0.0418785098734562 1.55902978845121 372.092896646995 -332463.401062005 101.804417351395 110.735541640826 87.6739742568758 988380.914171049
60000 0.12 -1.61243615416851 -0.00718323447146389 0.0181319994863502 -0.0592373380915446 -0.105334945712207 -0.0475178320629284 1.6336163939612 374.264225844555 -332479.34983552 101.772781167717 110.795326415647 87.654052881221 988382.586955643
60100 0.1202 -1.59974141290633 -0.00747464000380543 0.0174662032180597 -0.0285642041677297 -0.128564298236533 -0.0560367526680407 1.62391577006675 373.872666130101 -332476.227400388 101.788675354256 110.794843356236 87.6341315055661 988307.969425778
60200 0.1204 -1.57090885161998 0.0146178213225793 -0.00851140998572494 -0.0509267891676186 -0.12907670851362 -0.0452494888037442 1.59425949302714 372.712272368421 -332467.036504619 101.819685180297 110.788649030634 87.6142101299113 988329.062926731
60300 0.1206 -1.66138253075044 -0.0243504375558956 0.00749203786582263 -0.0444575056379916 -0.111171230752075 -0.029823223126308 1.66694030563736 373.92676251001 -332475.472467924 101.799452276548 110.814479357477 87.5942887542565 988138.321608806
60400 0.1208 -1.63108710026384 0.0254769715260699 0.00657531959351587 -0.0197430740030793 -0.110285113262435 -0.0525519201559696 1.66108184547705 372.292466335339 -332465.484464064 101.818600603613 110.844173134342 87.5743673786017 988364.187070597
60500 0.121 -1.64456146532716 -0.034718143103286 -0.00386359531404645 -0.040569662787996 -0.120556262763694 -0.04422011519623 1.64214003629458 373.684419611939 -332475.599069793 101.806497763618 110.850566481796 87.5544460029468 988078.885414497
60600 0.1212 -1.65127384193811 1.07223340549144e-05 0.0163362406759263 -0.0350080892232492 -0.116653250316127 -0.0431999174566377 1.6745341594486 372.491639071477 -332466.393619039 101.828540794197 110.863218964677 87.534524627292 988180.733697647
60700 0.1214 -1.66663608838402 0.000216678487642631 -0.000686625354639487 -0.0397338186532452 -0.106175241193069 -0.0628514337137521 1.68145772191806 374.616419164315 -332480.983280396 101.850217611265 110.846579316954 87.5146032516372 988017.836712657
60800 0.1216 -1.65656235473783 0.00959179405128147 -0.0303695359837908 -0.0193813147907141 -0.110669102634483 -0.0589412452912147 1.66113722723577 373.79770150562 -332475.611537664 101.865216911966 110.843605070964 87.4946818759824 987911.891450604
60900 0.1218 -1.64856000449847 0.0183562652990118 0.0269331999374832 -0.00498781564367451 -0.106091324592107 -0.0915360058263546 1.68877402564136 373.430501247363 -332472.217388329 101.845141240664 110.910745686366 87.4747605003275 988090.450623978
61000 0.122 -1.63300622509118 0.0074233389408948 -0.0174713747772297 -0.010760738805101 -0.103224479983127 -0.0551001407238131 1.6407962133598 373.664274492959 -332473.354699282 101.860286927981 110.927955467119 87.4548391246727 988165.640412071
61100 0.1222 -1.65543100426804 0.00591128376563394 -0.0122943713456581 -0.0363877440345507 -0.0953658457613939 -0.0669085213514673 1.66578216079375 372.507764069322 -332465.727213184 101.868579574866 110.953924263902 87.4349177490179 988252.276641521
61200 0.1224 -1.63159541972664 -0.0151688262109455 0.026657952571486 -0.0271980577431714 -0.088425578982824 -0.0696420919500429 1.64997601321867 373.037159728466 -332469.070030086 101.855386269977 111.004633116563 87.4149963733631 988350.644400496
61300 0.1226 -1.61580702394747 0.00446001259843043 -0.0262139539251939 -0.0216259264385252 -0.113633294952224 -0.0611622448251768 1.62107039480876 372.881531519221 -332469.273855167 101.854075986729 111.020742321996 87.3950749977083 988256.090379305
61400 0.1228 -1.6404401668088 -0.012925606057322 -0.0125603596941117 -0.0269991216466648 -0.0968993203760523 -0.0563885131997725 1.63990624990489 372.61301333699 -332467.408121937 101.839832920565 111.058008446518 87.3751536220534 988224.261017023
61500 0.123 -1.65650249974523 0.0119909363794794 0.02794601483029 -0.0489731473654535 -0.100662119450508 -0.0409216294756104 1.68919012791038 373.159601357604 -332471.313220564 101.846484143101 111.077130259302 87.3552322463986 988233.597900004
61600 0.1232 -1.65696273324568 0.0105113567414093 -0.0356390285962551 -0.0378416860970383 -0.106637271157132 -0.0385659575393726 1.65786538317015 373.848966395762 -332477.313590805 101.8483538311 111.08014347229 87.3353108707438 988053.171221318
61700 0.1234 -1.62221896329576 -0.00788233228795099 0.0445147238285547 -0.0277160544327464 -0.0849540054733089 -0.0457628933448464 1.65034951211217 372.791681385627 -332466.911815578 101.849566891145 111.132301018369 87.315389495089 988303.398468078
61800 0.1236 -1.70199570037821 -0.0281709437466953 -0.0604003540868391 -0.0302012241743083 -0.087485235941585 -0.0398831509245743 1.66710857607284 372.581584915864 -332466.120927737 101.852495581632 111.105609069955 87.2954681194341 987869.000017967
61900 0.1238 -1.65209330028807 0.0426000250351131 0.00871832315464178 -0.0232364137837242 -0.0827265972692919 -0.0215795344204642 1.68501104861989 374.10650377403 -332479.082725527 101.865632496788 111.16083601001 87.2755467437793 988261.936580886
62000 0.124 -1.68887538196051 -0.0179786173104106 0.00528492870070526 -0.0324356313687097 -0.0803352455865659 -0.0494034490008178 1.69149275563692 373.983697833968 -332477.686462718 101.8237261577 111.202641770413 87.2556253681245 988001.322154995
62100 0.1242 -1.66556626317709 -8.06681087829955e-05 0.0251496567886125 -0.053313578205005 -0.0942437286578283 -0.0275952719967372 1.68936577759133 374.763969352999 -332486.328410226 101.843232225657 111.210076450748 87.2357039924697 988031.028757234
62200 0.1244 -1.6660309720189 0.0124976251330612 -0.0149559424006663 -0.0562218004560748 -0.0884186998075638 -0.0362805488610854 1.6760117715194 374.058301635578 -332481.140707394 101.872592074858 111.207674300142 87.2157826168148 988068.825738159
62300 0.1246 -1.60769238302086 -0.0018217213802711 0.0091574260698899 -0.0405291842894035 -0.0954786866553009 -0.0572772844692251 1.62440470926399 372.977670937324 -332472.590478898 101.866447548169 111.264516722663 87.19586124116 988288.446950661
62400 0.1248 -1.6569283623358 -0.0372654831479584 0.00867262562180356 -0.0578283880452412 -0.123816322198232 -0.0402642836936038 1.66153839904914 371.177180925565 -332458.45407239 101.861603603251 111.289140165548 87.1759398655052 988234.32463678
62500 0.125 -1.6252212994188 -0.00103754608590047 -0.00538383409786075 -0.0116068941149361 -0.0914851615541259 -0.0825655041839234 1.63612240868581 373.86401769409 -332478.52348985 101.890633358839 111.279151017063 87.1560184898504 988201.361317443
62600 0.1252 -1.60709228487137 0.0318900842020675 -0.0122673638425813 -0.0358959187539869 -0.116011532413739 -0.0644612449255245 1.63479269075425 372.586669744117 -332468.190157195 101.934845495579 111.282491035982 87.1360971141956 988433.853381239
62700 0.1254 -1.6260334647123 -0.000774877385920896 0.0267577985230597 -0.0509234764238593 -0.131849647709203 -0.0606594789780326 1.66070543721638 374.633334988318 -332483.935216616 101.926849046996 111.30797144121 87.1161757385407 988356.605059417
62800 0.1256 -1.65453244132741 -0.0206301114799305 -0.0292176130255772 -0.0182133977616092 -0.130034742952857 -0.0521630903383477 1.6478970479251 374.333559064448 -332481.060740948 101.940049592197 111.295871496681 87.0962543628859 988151.133915879
62900 0.1258 -1.65455914189258 -0.00473103693368462 -0.0212112470626532 -0.0578726824208188 -0.125932395693895 -0.0756811082581533 1.66427834114389 372.295114420651 -332466.769676891 101.946078866033 111.326605380882 87.0763329872311 988256.374411503
63000 0.126 -1.64997004696995 -0.033308966755459 -0.0139503500668422 -0.0350116881484321 -0.116410354378845 -0.0674776105524127 1.64415795378853 374.389825278501 -332482.397431048 101.939011534873 111.348614955502 87.0564116115763 988157.108858754
63100 0.1262 -1.63095792493188 0.0479413000299593 0.00568800965497194 -0.0290879406593041 -0.10424045711262 -0.0475793609151837 1.67077133743375 373.516868711203 -332477.096541143 101.982387227769 111.370137564217 87.0364902359214 988542.395565172
63200 0.1264 -1.64138085155124 -0.0131375525788258 -0.0235755658248741 -0.0356394375610589 -0.118015299841314 -0.040029432647161 1.63850235752034 373.975881921778 -332479.173531009 101.955470181727 111.389384015323 87.0165688602666 988226.02930672
63300 0.1266 -1.63642330861722 -0.0253805547981182 0.00731359849331331 -0.0390049746642413 -0.114261923529168 -0.0580693576129413 1.64409458899939 374.511408711826 -332483.737656457 101.941307485321 111.432477029057 86.9966474846118 988244.716065004
63400 0.1268 -1.63168663971936 0.00103694995373565 -0.00491445563068916 -0.0445277804268716 -0.100349972048196 -0.0647224015037908 1.64463680712269 372.915608445213 -332472.732454189 101.966911589089 111.427711745097 86.976726108957 988224.311446519
63500 0.127 -1.63421190560543 0.0299420218601295 -0.00331702165776469 -0.0470829199769034 -0.0899132828645069 -0.0738087896929095 1.66205087228267 374.096837492344 -332481.810710904 101.955820403435 111.445744328905 86.9568047333021 988050.371491938
63600 0.1272 -1.6353762963217 0.0142926102457078 0.0341847152725479 -0.037817173914673 -0.0929327947814746 -0.0689523030746026 1.6730456579397 374.400198101021 -332484.162485256 101.936800502845 111.494644646573 86.9368833576473 988073.092966376
63700 0.1274 -1.62144396315523 -0.00522822708182645 0.00943690076218232 -0.0353932975087863 -0.0767598700097974 -0.0486384516760475 1.63236079599478 374.402387695979 -332485.992785929 101.944194534946 111.500909547265 86.9169619819925 987973.84360265
63800 0.1276 -1.63800478906994 -0.00400071696684651 -0.0261903496930584 -0.0449121179647966 -0.0873780363755989 -0.0551075466665543 1.6347080231829 374.422366907418 -332488.692293394 101.936356544064 111.532471262112 86.8970406063377 987951.029488098
63900 0.1278 -1.62808144797843 0.00427953026450291 0.0299551628648483 -0.0464921130796825 -0.0551481862493858 -0.0562382132681579 1.65295802400381 373.168392712116 -332478.891945038 101.928982548318 111.613414575487 86.8771192306829 988369.864923835
64000 0.128 -1.67329683569148 -0.0128165248170371 -0.0109678102250986 -0.0280611060496153 -0.0896322924358325 -0.0562665225866988 1.67219314673268 374.271923736735 -332489.543476539 101.906392724633 111.630267988286 86.857197855028 988073.405815412
64100 0.1282 -1.67335551578925 -0.0171511595594521 0.000651643628261029 -0.0366339502959112 -0.0622313123208988 -0.0458562827905055 1.67175585336046 373.160606649133 -332482.637407308 101.932276876818 111.634956623874 86.8372764793732 988139.197421716
64200 0.1284 -1.68876418033933 0.0147420842742708 0.015200413094535 -0.0401198752497861 -0.0944039576291679 -0.0550062001669507 1.71562138907406 374.115683236128 -332490.145155524 101.965130657934 111.622802754454 86.8173551037184 988123.331751184
64300 0.1286 -1.70925186316536 0.0258916190781832 -0.0063800485321894 -0.0310633678774056 -0.0908383176542261 -0.0561682563709317 1.72999497345888 374.569577691701 -332492.449127743 101.976415303598 111.628133238395 86.7974337280636 988053.107727972
64400 0.1288 -1.73254336015249 -0.0247347479987084 -0.0207872417866692 -0.0424010950242445 -0.0838230585091962 -0.033862396924347 1.71851094946324 373.070479300866 -332483.141876945 101.955495818217 111.653858276761 86.7775123524087 987851.291733781
64500 0.129 -1.73880471043196 -0.00330920788039553 -0.0117283705421402 -0.0168989479615999 -0.0983764079080927 -0.0567197423148007 1.74268355316507 374.553419374768 -332495.362856501 101.964855033882 111.680674513649 86.7575909767539 987952.395787538
64600 0.1292 -1.68530314277024 0.00569835896843623 0.0100018931060834 -0.0221628560789888 -0.11475115327542 -0.0362513791035506 1.70637083529392 373.759277443389 -332490.516750952 101.991676961744 111.688944408568 86.7376696010991 988058.522749006
64700 0.1294 -1.70529269980245 -0.0299239168571965 0.0149760546912139 -0.018973364226407 -0.0913418996768885 -0.0557558650760455 1.70866518663866 374.360913423873 -332495.16277361 101.989220028697 111.71260106903 86.7177482254443 988017.021140597
64800 0.1296 -1.7301408320769 -0.0141304361516719 -0.00709270827593969 -0.0424282713930754 -0.0820689856532647 -0.0734460463017445 1.73164875703658 371.528638263287 -332474.527116686 102.0148219179 111.70880449285 86.6978268497895 988004.429080476
64900 0.1298 -1.75785180005057 -0.00703792956054054 -0.0112796390319322 -0.0292329775618611 -0.104407559917 -0.0593835397845246 1.76175664847597 374.829374947504 -332499.316318506 102.034280321812 111.689779406071 86.6779054741346 987797.555496621
65000 0.13 -1.76197890225704 -0.0043072825379445 0.00840992359648755 -0.0245071561146575 -0.105495287181502 -0.0417794569639528 1.7754858660181 373.405358631715 -332489.124427175 102.039301251663 111.726496891353 86.6579840984798 987943.799524086
65100 0.1302 -1.75386685446889 0.0160183845709211 0.0123674195085331 -0.0277042650775302 -0.0919580924124425 -0.0610560848115756 1.77901666305101 373.82365416767 -332492.266090861 102.043031067187 111.758245136282 86.638062722825 988033.469971048
65200 0.1304 -1.72423264523154 0.0065062966004174 -0.00455227503156481 -0.0262589365410318 -0.114557455181775 -0.0575086353124944 1.74005765205643 373.37331191636 -332489.02909448 102.025407343047 111.798545735482 86.6181413471702 987991.827343537
65300 0.1306 -1.71313021640524 0.00767958669341581 0.0159066833390019 -0.0329910542844915 -0.0899464730469768 -0.0732902127129374 1.73754482848245 373.115742031863 -332486.617433205 102.030784738209 111.819882015689 86.5982199715153 988005.180496636
65400 0.1308 -1.76189239570101 0.00137165795048792 -0.0481637265694511 -0.0520740192534491 -0.100803409741958 -0.0599746478062304 1.75317423040042 374.020673235087 -332495.604812863 102.052767026829 111.787097071829 86.5782985958605 987701.037334523
65500 0.131 -1.70193960301656 0.0331214652962498 -0.00634177685713304 -0.0404431675109988 -0.099544167975928 -0.0551387087441553 1.72837438892772 374.937689098553 -332502.74278122 102.072518131444 111.818979410392 86.5583772202057 987946.572342073
65600 0.1312 -1.72722951548252 -0.0428650981039529 -0.0342445156062399 -0.0308589926930856 -0.105900836778693 -0.0975592095786068 1.70784460636559 374.084883627611 -332499.694632521 102.045464392839 111.849956973169 86.5384558445509 987730.965922639
65700 0.1314 -1.68742676287542 0.0205985147483998 0.0118339043821163 -0.00219559981849914 -0.117203079923614 -0.0798028155717912 1.72127470418543 373.74803536755 -332498.698193111 102.065959258666 111.896916474393 86.518534468896 988116.598898791
65800 0.1316 -1.74497092231366 -0.0168842376462332 -0.00512015644676111 -0.0156317316204613 -0.120530674691623 -0.0359920211507865 1.74784255466396 374.929369926983 -332509.672695794 102.038324393258 111.926766676557 86.4986130932412 987885.066724215
65900 0.1318 -1.71372729797445 -0.00188998351338303 -0.0205982275333579 -0.0311836663331085 -0.103033600061571 -0.0305731394216237 1.71355790719173 373.414029477079 -332502.072068409 102.031705496113 111.958103817521 86.4786917175864 987869.987529994
66000 0.132 -1.69369057986949 0.0135114931760996 -0.00232677567157839 0.00785710741053402 -0.111054481629839 -0.0467724972364277 1.71216183205182 373.477835785261 -332502.695788315 102.040246744557 111.990455606762 86.4587703419316 988010.513744444
66100 0.1322 -1.72757450842461 -0.0242720098182176 -0.0364159437836095 -0.00223858715555839 -0.0927160220034404 -0.0557126508036507 1.70757652778119 372.350869851282 -332495.86483723 102.022045381856 112.014638643794 86.4388489662768 987819.928605318
66200 0.1324 -1.73312259363077 -0.0313416942034586 -3.50105019739167e-05 -0.0191297141851615 -0.0934139022019346 -0.0500463788564375 1.72774583889695 374.334747252047 -332511.625340186 102.000903955765 112.069312596936 86.4189275906219 987869.55539549
66300 0.1326 -1.74648625910756 -0.0123948987694538 -0.00499001712747981 -0.00131339825655093 -0.101738380615116 -0.0560774168189143 1.74941696541957 374.311964551595 -332512.759876594 101.988981481506 112.108963957096 86.3990062149671 987875.787009776
66400 0.1328 -1.73277223819509 0.00200199683886496 -0.0219854810998123 -0.014032956809237 -0.0823736605904038 -0.0630685348796768 1.73242146682823 373.043201153989 -332502.633324734 101.989575104634 112.143370544456 86.3790848393123 987956.870968109
66500 0.133 -1.71231725182762 -0.00443269239217006 0.0165502102914744 -0.0182048060946399 -0.0637168008710614 -0.0758740565145938 1.72730734973805 374.535166269046 -332515.078275622 101.980419040333 112.181190559834 86.3591634636575 987973.426991039
66600 0.1332 -1.73122004102107 -0.0289017273536632 0.00232601559137209 0.00234359671796756 -0.0784212451445265 -0.0593440065083444 1.72657280686882 373.061399476384 -332503.54274714 101.990035879309 112.197810957234 86.3392420880026 987985.020947925
66700 0.1334 -1.66105408772498 0.0203400152688178 0.0109075793475942 -0.0267967035248027 -0.0897742755884825 -0.0503976887908446 1.68679213035661 373.963257510455 -332510.612932723 102.024194617339 112.212147446235 86.3193207123478 988214.137920393
66800 0.1336 -1.6769658718571 0.044451680282404 -0.0226859576317529 -0.00553810288558818 -0.0733420895650897 -0.0519593390685551 1.69603728135009 373.654639288286 -332508.199944496 102.038886314963 112.219367372709 86.299399336693 988191.920934544
66900 0.1338 -1.7106230427377 -0.00531384088014607 -0.0075258428176908 0.0151861183476245 -0.0852088685706319 -0.0322422813662033 1.71169635805471 374.2121935208 -332512.123931228 102.031176315918 112.243264272056 86.2794779610382 988099.525587807
67000 0.134 -1.69949668834602 -0.00251561010352939 0.0036480506451598 0.0104633190691707 -0.0959503700843567 -0.0363680838000752 1.70943211697446 372.820352077942 -332501.292397296 102.026744968437 112.280007787295 86.2595565853834 988151.846885585
67100 0.1342 -1.67191881855407 -0.016853667110659 0.0166074179084919 -0.00549867748412127 -0.057607737935656 -0.0226524314094822 1.67550787351073 373.298335973915 -332504.41560611 102.022712744737 112.319545882224 86.2396352097285 988232.464362993
67200 0.1344 -1.7343185820918 -0.0205222483543322 -0.00381867131800522 0.00716446471466704 -0.039667118319603 -0.0229910017712991 1.72408340867882 372.855900562307 -332499.102406792 102.040889857329 112.313361340871 86.2197138340737 988125.80128483
67300 0.1346 -1.76785422259828 -0.0193928930406671 -0.0310566010646837 0.0184525663490302 -0.059079205972891 -0.0333896067507331 1.74691060660546 375.27684928479 -332518.055481715 102.040143404717 112.310636942766 86.1997924584189 987866.301191514
67400 0.1348 -1.68692877663263 0.0418047463140033 0.0114002136477081 -0.00643636868235964 -0.0466219066646719 -0.0478428168614805 1.71767126847389 373.741313737473 -332507.195113322 102.045269254724 112.367229999596 86.1798710827641 988185.304429739
67500 0.135 -1.70777346509201 -0.0455114942910737 0.0163451218400321 -0.0246652832715155 -0.0522129238832693 -0.0194358248451663 1.69732140500482 373.71169143495 -332507.68541427 102.013231648484 112.384374770807 86.1599497071092 987797.394444717
67600 0.1352 -1.7254737310844 -0.0161713052676185 -0.0296177453586034 -0.0164083406108902 -0.0667187719115677 -0.0372204362580736 1.70798990749794 373.410504992878 -332504.757876033 102.03718841855 112.396102060811 86.1400283314544 987903.999375799
67700 0.1354 -1.70575691806631 0.0169397395863492 0.00397781651536302 -0.0191522085031927 -0.047790310494716 -0.0366175867400151 1.7197374886201 374.047608982264 -332508.731048618 102.05182122325 112.421626416872 86.1201069557996 988041.494874442
67800 0.1356 -1.70208474897286 0.0203044174356321 -0.0214371135449261 0.0183744410681942 -0.050633407096989 -0.0539300242422976 1.70701525000818 373.516708607534 -332505.792742858 102.052020259244 112.443656323047 86.1001855801448 988008.43698732
67900 0.1358 -1.6546173498389 -0.0124823339269428 0.0319931831463821 -0.00470406825970626 -0.0598093004801878 -0.0721637422976673 1.67273457105232 374.06801395264 -332510.367869274 102.055509551806 112.490604273227 86.0802642044899 988226.046763152
68000 0.136 -1.70276863726156 -0.0221530710061581 -0.0254439471031323 -0.0233150620810164 -0.05296711653704 -0.0540977905213302 1.68456993006832 371.646152087232 -332491.106558445 102.073993472131 112.487322609011 86.0603428288351 988147.45828238
68100 0.1362 -1.66046104634179 0.00487706476205727 0.0117658305891143 -0.0192026664890807 -0.0503466681305587 -0.0658232128506944 1.67528483485233 373.558446004547 -332505.292258045 102.088756962787 112.516805067884 86.0404214531803 988320.575082426
68200 0.1364 -1.63234077241765 -0.0133038261888374 -0.0211694829030272 0.0126048711044804 -0.0354454933971623 -0.0389343965686293 1.61783842580911 372.852787668399 -332501.206386762 102.086761988353 112.545185984019 86.0205000775255 988321.663895564
68300 0.1366 -1.6635554545749 0.0163587236025794 0.0104289027760523 -0.00722744286107677 -0.0414720800861161 -0.0454486150631223 1.68038640099253 373.459920784067 -332504.620217174 102.089160680403 112.5812134955 86.0005787018707 988432.308302472
68400 0.1368 -1.6860856818178 -0.0262834954014526 -0.0564487597882867 -0.0235828362636656 -0.0283398183671817 -0.0196914918154658 1.64651936532452 373.381582644781 -332505.346567327 102.071097299963 112.593604409523 85.9806573262158 988137.239890452
68500 0.137 -1.60972513467243 -0.00127226265207804 0.046564848505381 -0.00503749450008886 -0.0402329396150114 -0.0615737182077638 1.63788245463747 373.942426261697 -332508.102535414 102.091296695384 112.658898718506 85.960735950561 988676.807490461
68600 0.1372 -1.68104712537168 -0.0106386777182333 -0.0341333146582558 -0.028832915611968 -0.0523489782734049 -0.0653780892075281 1.66586580528863 373.135126658135 -332504.146065365 102.093409626371 112.624199431179 85.9408145749062 988163.68809203
68700 0.1374 -1.65588205675546 0.0194813637961929 0.0175276852614094 -0.0274104924808446 -0.0266016599632104 -0.0861636630099472 1.68232659342116 373.209972365528 -332503.583325265 102.112789817423 112.65858475189 85.9208931992514 988423.849855499
68800 0.1376 -1.66128681282669 0.0147579374319531 -0.0518947785879044 -0.0316804466051388 -0.0482708649384845 -0.0722183400284249 1.65151545613513 372.669776891974 -332500.180539907 102.090745706576 112.692013066933 85.9009718235965 988274.50131185
68900 0.1378 -1.64832206877996 -0.000172881330574478 0.0358445895432132 -0.00687350746760394 -0.0486592085447741 -0.0937012074980811 1.67649628915663 373.942829528998 -332508.12086133 102.067267424334 112.771979814261 85.8810504479417 988519.044325514
69000 0.138 -1.7032350328876 -0.0270644191054659 -0.0213587389470495 -0.0401189673871587 -0.041235926448529 -0.0786556685288375 1.68749344200326 374.5139532282 -332512.161288213 102.064891614388 112.757595776915 85.8611290722869 988140.685264823
69100 0.1382 -1.64841435755354 0.0238535425936553 0.0242658979336881 -0.0513921932510606 -0.0518220718417315 -0.0635192122988416 1.68084912870335 373.790288639425 -332508.617034525 102.097568145435 112.782525838406 85.8412076966321 988446.194048984
69200 0.1384 -1.66823281585791 0.000650368035385128 -0.0239809509505108 -0.010889867708856 -0.0416349261780121 -0.0635299644623074 1.66202747490755 373.711280672657 -332506.164248271 102.094611931183 112.794005235594 85.8212863209773 988288.770572084
69300 0.1386 -1.62449536385694 0.0144164422034947 0.00925897565967166 -0.0641056320975373 -0.0597761874634321 -0.0704152186968324 1.6478862089758 373.555397894881 -332504.740226231 102.091950685967 112.842795268835 85.8013649453224 988460.990145036
69400 0.1388 -1.63914318812195 0.00635383818094461 -0.0482816611514563 -0.0548516930160885 -0.0527152814824605 -0.0733925988959813 1.62919157798602 374.301289803024 -332511.233811875 102.083044171875 112.873190705809 85.7814435696676 988411.443369702
69500 0.139 -1.60692438976301 -0.0269776673873642 0.028746175845816 -7.00171008430193e-05 -0.0661806915795627 -0.076409267374612 1.6180334640136 373.126333217069 -332501.760299777 102.07173687459 112.935942341214 85.7615221940128 988621.760893909
69600 0.1392 -1.66838328468981 -0.00876620281665748 -0.0247097097332852 0.012259942042299 -0.0523392299715355 -0.071075883462077 1.6588994498108 373.444974262462 -332504.273275228 102.084597091667 112.93118210052 85.741600818358 988474.979439313
69700 0.1394 -1.62556822882461 0.00105693832173283 -0.0398259338634482 -0.0210392966663033 -0.0756952080544483 -0.108015081212388 1.62314471250044 372.996285909773 -332501.009056337 102.093287259537 112.949715922158 85.7216794427031 988491.642399548
69800 0.1396 -1.59752264823388 0.0355377755536357 0.0264666482070012 -0.0239206976481832 -0.0696869120473446 -0.105358201892154 1.64369747295581 374.5797921824 -332512.3259663 102.08060892257 113.002766896052 85.7017580670483 988603.310517691
69900 0.1398 -1.62031795679892 -0.0294069975611405 -0.0115510517865492 -0.000716259243446216 -0.0760394745496581 -0.0793911264792868 1.61120455929251 374.238506311637 -332511.279581245 102.04570575145 113.046194876566 85.6818366913935 988415.278180592
70000 0.14 -1.60112741168404 0.018778029943499 -0.00209729783271835 -0.0117445025273817 -0.0748197527838142 -0.0920719896098883 1.62276088876788 372.751325183248 -332499.499223199 102.075727607275 113.076949685092 85.6619153157387 988745.111977863
70100 0.1402 -1.59362698758257 -0.0125639028427168 -0.0360380054820893 -0.023685309627687 -0.0634219500782177 -0.0772468173750963 1.57950900586439 373.799296308439 -332509.952922363 102.087765931174 113.059095273418 85.6419939400838 988475.650894999
70200 0.1404 -1.57028511281952 0.0325640601197211 0.0161193214027301 -0.0134404970930612 -0.0744438809114368 -0.0768446030129462 1.60559034591959 372.129213731615 -332497.50742809 102.113956112296 113.116028996947 85.622072564429 988997.033009268
70300 0.1406 -1.63633929853345 -0.0470531945891905 -0.00875172955483631 0.000961850429243833 -0.0969265857544195 -0.0791414254976024 1.6233134228454 374.745301260212 -332517.71884415 102.056643281155 113.141070915238 85.6021511887742 988430.740852731
70400 0.1408 -1.59478865229113 -0.00152893564962817 0.0197432832828838 -0.00483779346515261 -0.0739501568896271 -0.0994519445060572 1.61832300827942 372.475287888348 -332501.636368815 102.063837650879 113.193392434049 85.5822298131194 988727.395526542
70500 0.141 -1.5792291901263 0.0298588397198509 -0.00659711724210246 0.0213247670614412 -0.0848398131483793 -0.0953461458291372 1.60687982187759 374.552667607344 -332519.155549237 102.04514401453 113.217438106219 85.5623084374646 988526.143324748
70600 0.1412 -1.57721605478526 -0.0175402328089649 0.0321901622078491 0.0129909307941968 -0.0723515989847441 -0.0916505697713209 1.59813488537885 372.902607521102 -332509.532920891 102.031058586062 113.270051421852 85.5423870618097 988618.778057653
70700 0.1414 -1.54413848512206 0.00656008643900287 0.0234834317979357 0.0411759409183979 -0.0723429784633099 -0.0894307156282205 1.5735234092817 375.206104744179 -332528.478273766 102.074839526193 113.271965560333 85.5224656861549 988829.367135897
70800 0.1416 -1.56365042345152 -0.0109686849803034 -0.0268745784961761 0.0354358521934295 -0.0975539308915631 -0.112222183238187 1.5673147898319 371.788223734092 -332502.832595783 102.090287908127 113.274608304354 85.5025443105001 988771.718527915
70900 0.1418 -1.5323042017713 0.0219683094358073 -0.00434316827176867 0.0133747067175734 -0.0917889179930446 -0.118338506688019 1.5631328790787 373.190438167726 -332513.727664208 102.080923370383 113.335591503727 85.4826229348453 988982.814337755
71000 0.142 -1.48685108884582 -0.00348291867346135 -0.0303692035402318 0.0228548236260091 -0.0786400700274138 -0.115772113639941 1.4904868664398 374.631899755794 -332525.774476848 102.042567219336 113.401671750138 85.4627015591904 988957.094393765
71100 0.1422 -1.4360704269518 -0.0207068138582974 0.0136029750800756 0.014142804161161 -0.0741256435884342 -0.125888078094884 1.45520426751109 371.688373653831 -332503.854168845 102.029973151527 113.464874779241 85.4427801835356 989155.526481419
71200 0.1424 -1.4468240507073 -0.0171169149442196 -0.0186583642442278 0.0175261287118992 -0.0632955132670702 -0.117666046061936 1.44787340807262 373.500513838263 -332519.312432683 102.018990023016 113.47283595715 85.4228588078808 988887.826136947
71300 0.1426 -1.44049499492667 0.00330529445369481 -0.024245601911956 0.0232460931011949 -0.0591513408997685 -0.0850659462536612 1.44200095940335 372.704410829651 -332514.204312681 102.025000658984 113.520090806126 85.402937432226 989127.199785575
71400 0.1428 -1.4703372354941 0.0361244215356033 -0.0103347743488108 0.0522768376925631 -0.0654261744916113 -0.0955012198831574 1.49999932965563 375.138775003753 -332535.401863359 101.994278854907 113.566603796738 85.3830160565711 989003.757863701
71500 0.143 -1.53036936289193 -0.0343162372016011 0.0122873496412446 0.0287967546619183 -0.070323967256951 -0.119578146199466 1.53957436665268 374.738832694395 -332534.0983421 101.968689097917 113.619605008536 85.3630946809163 988986.270226231
71600 0.1432 -1.50607875523359 -0.00838561681229707 0.0186778900995611 0.0326112528867348 -0.0696329538145837 -0.111831169397647 1.52957685535771 372.429040268791 -332519.200846608 101.985119232292 113.627767175765 85.3431733052615 988985.827014236
71700 0.1434 -1.52567102639839 0.00117560413744007 -0.0462622555749026 0.0114428608591212 -0.0789341193340691 -0.109275763391172 1.52183731969758 373.397667705662 -332526.643279668 102.006036205153 113.612836155658 85.3232519296067 988827.811324097
71800 0.1436 -1.51800924123374 0.014217632524328 0.0397229451480627 0.0168981584531031 -0.0609030722020587 -0.067330509437074 1.55339435670907 374.152449914711 -332534.847310179 102.010200627693 113.651151149527 85.3033305539519 988970.708130075
71900 0.1438 -1.51791219436168 -0.0116466927151447 -0.0252889730116342 0.0244084648452874 -0.0682809641017858 -0.0618762507599162 1.50855333944691 374.334882084328 -332538.853899776 101.997788494786 113.653911911894 85.283409178297 988643.457915786
72000 0.144 -1.47082437082887 0.0252030563882073 0.0294690603063439 0.020547978836169 -0.0445240547697569 -0.0802907950519638 1.50700099157689 373.357675753886 -332531.687312721 102.031710584107 113.68482732007 85.2634878026422 989010.194450553
72100 0.1442 -1.56498052873164 -0.0209003212797228 -0.0534597815112591 0.0262411229543123 -0.0537747580894307 -0.0529490957948084 1.53431456065808 373.163798650043 -332532.001169486 102.028812692338 113.667591232988 85.2435664269874 988601.126704632
72200 0.1444 -1.51247437314114 0.00730308170748656 0.00543900146659721 0.0117916345330794 -0.0600178308216547 -0.0299071179905581 1.52341749203598 373.0083962783 -332533.632495129 102.02576906586 113.733266463856 85.2236450513326 988911.653689534
72300 0.1446 -1.49740355482457 -0.0208677074197009 0.0143329815731653 0.00209700423408436 -0.0493986322544458 -0.0337652771506206 1.49804086227238 374.261985039706 -332543.360356642 102.014083367981 113.759592130941 85.2037236756777 988796.073481195
72400 0.1448 -1.4691523627734 -0.0151853067204874 -0.0184562342614678 0.023618358466631 -0.0732248415333485 -0.0356932043333259 1.45974525363034 372.235799596245 -332532.284836399 102.038477844346 113.772802908578 85.1838023000229 988916.106782881
72500 0.145 -1.5187804452285 0.0262383925898783 -0.0181169854032079 0.00890994155751906 -0.0478859209902 -0.023309326059518 1.52619396988707 372.675529047298 -332538.375990486 102.035711902677 113.800673592458 85.1638809243681 988900.224821669
72600 0.1452 -1.50272269499048 0.00166228709359991 0.0114357606253672 0.0197921972393711 -0.053940612806441 0.0014314227619706 1.51257491423296 373.917349512381 -332548.999885946 102.00654583022 113.850212492822 85.1439595487133 988816.557523066
72700 0.1454 -1.50711859281545 0.0178435437313931 0.0132143196348084 0.0256966927273055 -0.0520461921301344 0.00213800159182135 1.52597268904063 373.124712802769 -332545.93854397 102.012738994703 113.887427936061 85.1240381730584 988968.390752181
72800 0.1456 -1.49486381095772 -0.011253258297118 0.0111861661054473 0.00314275604000613 -0.0402517703247497 -0.0156098319574761 1.49683546621642 372.747831064591 -332545.428552709 102.026413913089 113.89927072356 85.1041167974036 988972.315457538
72900 0.1458 -1.48128359608788 0.0458190768406913 -0.0211477583159859 0.0207768451612528 -0.0408755633967252 0.00108042351556061 1.49685432377023 373.860194697356 -332553.738018165 102.047047243446 113.897480265285 85.0841954217488 988925.226808888
73000 0.146 -1.49810265841836 -0.0398564433114635 -0.000319657587654033 0.0137413644496684 -0.0401949829471137 -0.00500343875088908 1.48026620507575 373.397802385649 -332553.77755275 102.002681683222 113.953252143823 85.064274046094 988747.76271404
73100 0.1462 -1.45141702147656 -0.00434989317308105 0.0210306522956219 0.00448338040159775 -0.0305023362245079 -0.0267143920120385 1.46163170970583 373.259805918383 -332552.644634834 101.992448488095 114.019455630743 85.0443526704392 988991.276360132
73200 0.1464 -1.45689634168123 -0.0166944396324276 0.00557454191471937 0.00774948577161877 -0.0494776543414815 -0.0132144617305584 1.45423430031343 374.657366920383 -332563.145838751 101.993929614837 114.02702021381 85.0244312947843 988839.566798403
73300 0.1466 -1.45871718324955 0.0289443821334597 -0.022170425256991 0.00983021141276009 -0.0243840411992213 -0.0118073910097367 1.46362563836792 372.733938602748 -332549.880357863 102.02287971076 114.02933008921 85.0045099191295 988908.519909165
73400 0.1468 -1.48134721843244 0.00900656161843214 -0.0109320767384925 0.0299050393748221 -0.0451486026073059 -0.0294621178765508 1.48433098944564 372.66002197707 -332548.811506413 102.02080481407 114.052810854718 84.9845885434747 988860.238147432
73500 0.147 -1.50128701281577 -0.014124473955131 0.0434086426142668 0.0270592729372891 -0.049174183641129 -0.0371059527243055 1.52121827531333 373.333506675658 -332554.452648098 102.008885525489 114.099098513125 84.9646671678199 988914.116556809
73600 0.1472 -1.47529554723621 0.0175840377592758 -0.00194883682847579 0.00813449302680588 -0.0271853159791086 -0.0277978619646578 1.48480455155286 373.777121164916 -332557.708760077 102.024878173661 114.117468639653 84.944745792165 988996.456170782
73700 0.1474 -1.50896324447828 -0.0328798555555097 -0.0214654806261982 -0.0101451234022705 -0.0519879314386763 -0.0555643445770743 1.48777693994565 372.148239252078 -332546.975145429 102.005746638134 114.136359737425 84.9248244165102 988742.753867212
73800 0.1476 -1.49174402587934 0.00517549009218515 -0.0187592497136712 0.0158935837087998 -0.0564859150551859 -0.0276476607304892 1.48934062698253 373.319886005989 -332555.57695163 102.0142812222 114.167147699515 84.9049030408554 988860.194693456
73900 0.1478 -1.52966602360307 -0.0258217527038603 -0.00307004310217124 0.00142992606124643 -0.0261870851508092 -0.0236708920554462 1.51658320486798 372.439443812774 -332551.386325161 101.994683349053 114.199489869029 84.8849816652006 988718.264912381
74000 0.148 -1.49439886074835 0.0271668091893259 0.0408373137009311 0.0129390956553352 -0.0298231589554579 -0.0340952190005513 1.53062324426279 372.767030134268 -332552.108972233 102.029793902551 114.227969274739 84.8650602895457 989073.097927651
74100 0.1482 -1.49044486019724 -0.0230879685382372 -0.0334576164934751 -0.00117822065717653 -0.038783704817229 -0.0344568752388607 1.46495949546401 374.784031272955 -332568.483389803 102.043147538251 114.212599844056 84.8451389138909 988837.273957501
74200 0.1484 -1.44957175088647 0.013362340726274 0.0267989130251228 0.00196093112045927 -0.0520185136877498 -0.0687971353193815 1.47727518360806 372.759347239421 -332552.074736525 102.041798841208 114.272481847156 84.8252175382361 989110.353426052
74300 0.1486 -1.48386251771864 -0.0194598795826185 -0.00831114187924461 -0.0228505524238082 -0.0147248147956904 -0.0711383662771965 1.47591481023029 373.467264578141 -332556.294167536 102.027025077452 114.284165799326 84.8052961625813 988835.982201601
74400 0.1488 -1.42449741837497 0.0158376746018 0.0316914311093094 -0.0244303366146249 -0.0303754704833363 -0.0713951709289071 1.45516376620212 373.700378658081 -332558.310601903 102.054021951327 114.305235940557 84.7853747869265 989047.600473374
74500 0.149 -1.46479945257594 -0.0130374407732398 -0.00708394539990802 -0.0290329530816555 -0.0612083885135258 -0.058265550408842 1.46295734801175 375.999237585783 -332576.347994335 102.051978679314 114.299921253672 84.7654534112716 988749.439326292
74600 0.1492 -1.45427255896168 0.0262897368338567 0.00398418148559645 -0.0220928391219038 -0.0539249513664503 -0.0806952918222267 1.47961503690087 373.267001124501 -332554.500803046 102.071702896155 114.339182120286 84.7455320356168 989047.733822361
74700 0.1494 -1.47171915233571 -0.0180640734748802 0.0039632006662061 -0.0145504865024223 -0.0652416935713421 -0.079029076763229 1.47572345602667 372.921485543646 -332552.707863067 102.052913797588 114.359100634373 84.725610659962 988805.442286729
74800 0.1496 -1.49498208275791 0.00717503860695529 -0.00359322395379466 -0.0115936243841243 -0.0529340599258007 -0.109052273078415 1.51158950304832 372.116104541458 -332546.166084229 102.051951886959 114.389530683607 84.7056892843072 988826.677334899
74900 0.1498 -1.45850562886905 -0.0237078067431157 0.0101242247532538 -0.00374641594249828 -0.0289025744601755 -0.0904812270754143 1.46131456659041 373.134328328505 -332554.092312323 102.039368667762 114.434972707261 84.6857679086523 988864.903302957
75000 0.15 -1.50677525961831 0.0292742552741587 0.00265499614060676 -0.00163581173016836 -0.0368951697046506 -0.0619805115339173 1.52803296325439 374.062811965967 -332559.144683077 102.048212348405 114.453269257986 84.6658465329975 988876.050176815
75100 0.1502 -1.50330411834023 -0.0225744375415659 -0.0144987553926608 -0.000231691130010949 -0.0459510738397649 -0.0867884842950791 1.49449486252479 372.61024653201 -332548.718069417 102.03412199613 114.476435547943 84.6459251573427 988706.948065534
75200 0.1504 -1.49492869881145 0.00585435845351694 -0.0138335291719344 -0.00886124120478255 -0.0552657131046667 -0.0662288502808589 1.49858179405118 372.183871575812 -332544.466468739 102.049355901422 114.506617472272 84.6260037816879 988882.48961415
75300 0.1506 -1.5134717115601 0.00104479556128716 0.00539353096091069 0.00892338727473985 -0.0553215026929486 -0.0881220516355834 1.52744301623529 371.817797444872 -332540.134883094 102.027808389598 114.540390429841 84.606082406033 988732.484498902
75400 0.1508 -1.51710106829345 -0.0338410001121834 0.0165353833579105 -0.0317001062958047 -0.0246214617804903 -0.103909775013327 1.52136272835944 373.615365303905 -332553.184991441 102.026823723177 114.562976590648 84.5861610303782 988685.057117653
75500 0.151 -1.49546233171295 0.0188371090936834 0.0060500170868582 -0.0255601783455154 -0.00648927696952886 -0.105246931995041 1.519611749841 372.093571439515 -332541.788379878 102.087717491428 114.545601392242 84.5662396547234 988892.151645885
75600 0.1512 -1.56689990117345 -0.000943943117324514 -0.0205038415379593 0.0146739765085324 -0.0375587874250869 -0.106358013028861 1.56868886584674 372.961435512505 -332548.594337785 102.073231274819 114.54685758999 84.5463182790686 988529.747511674
75700 0.1514 -1.5658651743144 0.00594430043330523 -0.0138365669433845 -0.0289929933281671 -0.0416499422755805 -0.0663570916675692 1.56870018734117 374.39735414738 -332558.294099819 102.067054888615 114.588335980218 84.5263969034138 988594.871252728
75800 0.1516 -1.54048424139813 0.00641885575704571 -0.0054518841298601 -0.00791382264878416 -0.0385307543973984 -0.0914484591058297 1.55061840149203 373.37400392581 -332550.686457561 102.077022307682 114.613586134201 84.5064755277589 988676.208112824
75900 0.1518 -1.54409718215132 0.00762394700541568 -0.0120310486556069 -0.0128238219765516 -0.0349230217960552 -0.0883070485580453 1.55089403813564 374.177027366466 -332555.82161485 102.103503059881 114.615183158259 84.4865541521041 988713.337477072
76000 0.152 -1.57482674309174 0.0170832075209852 -0.00266014005013586 -0.0149158801665336 -0.0520074836106132 -0.085510696237798 1.59180887112348 372.554396539609 -332541.697426442 102.108528403634 114.630752438049 84.4666327764493 988663.137860171
76100 0.1522 -1.60746745777822 -0.0129076358020937 -0.018691098813153 0.013074423145573 -0.0394417988145821 -0.106894549793567 1.60402354065808 372.387266238506 -332541.128145443 102.09882081798 114.64987947733 84.4467114007945 988500.902922239
76200 0.1524 -1.53102169322919 0.0232842896264095 0.0265666778941033 -0.0253845113442627 -0.0348225284615849 -0.108960374223284 1.56912961010318 373.584452984982 -332546.485487241 102.104496846909 114.694762050673 84.4267900251396 988709.555873399
76300 0.1526 -1.55316022459507 -0.0336738141844884 -0.0378762205646214 -0.0484032506209561 -0.0119896693952975 -0.0818159151063499 1.52643785483684 373.281514426127 -332545.838842827 102.081220568618 114.710405497014 84.4068686494848 988385.710868784
76400 0.1528 -1.51384389872692 0.0328474341380871 0.027485341661552 -0.0203727249755272 -0.0150948923178681 -0.114531054519655 1.55732788059393 375.331717381153 -332558.70938368 102.093082106549 114.76041561313 84.38694727383 988698.109718793
76500 0.153 -1.57887703815123 -0.032879479897546 -0.0299217479128018 -0.018410821431288 -0.0180770015277762 -0.108333251393277 1.559453536914 373.694113626651 -332545.405494251 102.078886106192 114.760269503525 84.3670258981752 988326.002096962
76600 0.1532 -1.50345481527469 0.054124899182332 0.0212720411675338 -0.0359259646020651 -0.0153409639899887 -0.115572165807815 1.55583153613002 374.390963386319 -332548.75662367 102.115733929153 114.798166243374 84.3471045225203 988775.71781062
76700 0.1534 -1.56442620263697 -0.00727698290250225 -0.00215965867469776 -0.0187236193048667 -0.0261551606090795 -0.0978058794926843 1.56987588241379 373.808235566891 -332544.547655383 102.092577052349 114.826162642187 84.3271831468655 988559.038941012
76800 0.1536 -1.56176776602296 -0.0115970374646855 0.0118307913217616 -0.00773406394108686 -0.0146925410527519 -0.108785465266466 1.57360261093504 374.475617328037 -332550.26187827 102.086384163998 114.878735918119 84.3072617712107 988718.02969552
76900 0.1538 -1.55539373427486 -0.00458831580409148 0.00212771560804172 -0.0189651060801634 0.0135366387473382 -0.106929210119349 1.56569094152794 373.16191269047 -332539.564769788 102.119656433894 114.874066940299 84.2873403955559 988766.382442829
77000 0.154 -1.55254044089602 0.0292660428905944 -0.0262916658242574 -0.0266384241318429 0.0119118222976966 -0.139907707722153 1.57435506121389 374.184770193469 -332548.186989427 102.13631558013 114.869028032565 84.2674190199011 988650.580970747
77100 0.1542 -1.53296875962156 -0.0297027407631538 -0.0262305675355403 -0.0490227250317927 -0.000752481940749319 -0.116267644783561 1.52079132576839 372.953230405335 -332538.137111891 102.113978100616 114.935891614087 84.2474976442462 988775.90524605
77200 0.1544 -1.50742717767998 -0.0177938409044995 0.00417986984364106 -0.00438831376074496 0.0031045571524612 -0.117478914215108 1.51450112797376 372.110226688056 -332531.651308492 102.10564204793 114.984545612898 84.2275762685914 988879.827159542
77300 0.1546 -1.53604490544419 -0.0115061102719391 -0.00539614481848484 0.00460972285743644 0.000457370380896066 -0.112479514940799 1.53999676917696 373.913921952895 -332543.739597422 102.099145367274 115.004487789237 84.2076548929366 988754.487665186
77400 0.1548 -1.51853636755532 -0.0171382348926136 0.0131423262983689 -0.0142040533680796 0.0338594832651509 -0.0951324474092844 1.52701396524219 375.088117705318 -332551.08982195 102.10879329584 115.030000751313 84.1877335172818 988833.301867473
77500 0.155 -1.49720313154893 0.00141046924418678 -0.00288627668255617 -0.0285132630371434 0.0488675453405901 -0.109094530418968 1.51153233633774 372.363780272795 -332530.535456742 102.128855150468 115.024059363226 84.1678121416269 988742.477251682
77600 0.1552 -1.51092485686625 0.015104253868968 0.00263548816554449 -0.0132717621639135 -0.00962476653700505 -0.106999240550062 1.53135412538429 373.571908997333 -332538.506555335 102.146405237211 115.030333311898 84.1478907659721 988732.250341429
77700 0.1554 -1.51169905195501 0.0021218820834725 -0.00893276022449218 0.00967000682791088 0.0231733485112025 -0.111921377195826 1.52135203022366 374.369509609684 -332544.957844647 102.144077114899 115.049840936798 84.1279693903173 988643.278018216
77800 0.1556 -1.53971003842533 0.0104602240506981 0.00630663803468693 0.0102489364956724 0.0172761817632813 -0.0991795412077443 1.55798799580308 373.865854000003 -332541.209104934 102.134304051774 115.094239503821 84.1080480146625 988695.996356988
77900 0.1558 -1.53361795081862 -0.0104747388877666 0.0333150429996767 -0.0138021876319665 0.0180057797863763 -0.109701336025238 1.5576354428836 373.662292626201 -332539.581371573 102.12616007987 115.141209768686 84.0881266390076 988786.363078436
78000 0.156 -1.57114851046254 0.0103382858430392 -0.0165279427716334 -0.0272210628586266 0.0156106598018435 -0.120617155805196 1.58301396930654 371.736827546385 -332527.521464884 102.140191200995 115.154769803645 84.0682052633528 988804.362805073
78100 0.1562 -1.58560677820726 0.00487718736329207 0.00190634613966381 -0.0231728647259713 0.00890292003006612 -0.126037154944747 1.60450235883836 373.934227466083 -332542.398494702 102.151073414229 115.163522939175 84.048283887698 988750.524253899
78200 0.1564 -1.56305914452364 0.0226269920422718 -0.00536057710740642 0.00293191234867 0.0241185451487085 -0.118623754164518 1.58580894608209 373.900468343408 -332542.029865802 102.179365441154 115.171002471912 84.0283625120432 988854.168659879
78300 0.1566 -1.59128560005161 -0.0170943333251133 0.0247903826694051 0.0071430769285387 0.0100572577711478 -0.110183289841811 1.60706086251472 374.509720143256 -332545.019961268 102.162616106472 115.192931717641 84.0084411363884 988645.884709399
78400 0.1568 -1.59344036882805 0.0232975863957239 -0.0068194641279157 -0.0188128909109701 0.0110469749796453 -0.132884053395256 1.61878339206164 373.922223479996 -332540.564277447 102.166629858815 115.21122796201 83.9885197607335 988607.2712084
78500 0.157 -1.55512142959479 -0.00620921839215661 -0.0115805263977642 -0.0249488899698389 0.0104570410885674 -0.148355303668944 1.56813949737885 373.113770592968 -332536.478225319 102.148236305464 115.259329661386 83.9685983850787 988607.420300735
78600 0.1572 -1.55254494190446 0.00162954825935699 0.0200646759570105 0.014017885247482 0.0226532145732414 -0.129658377635381 1.58019381639875 374.32383996029 -332545.59065801 102.135648199656 115.312903201169 83.9486770094239 988710.422091682
78700 0.1574 -1.54675298388082 -0.00405731500044212 -0.0208274452727474 -0.0230234938196685 -0.00294530615880922 -0.139782655109322 1.55388345670141 374.402005637103 -332546.061397006 102.161620610542 115.306907051762 83.9287556337691 988675.746933168
78800 0.1576 -1.55714273330409 0.066329637808005 0.00097029108378872 -0.0207682168519615 0.027516937113419 -0.140671032155841 1.61144525510771 373.273346386368 -332536.040260203 102.169839009956 115.343284476253 83.9088342581142 988832.451448786
78900 0.1578 -1.60663193998957 -0.0657533477765265 -0.019942662275623 -0.0128446064292976 0.0189405199872316 -0.135144741586021 1.58220025426608 374.218323395491 -332544.909082133 102.099060912573 115.387426487828 83.8889128824594 988290.910841671
79000 0.158 -1.54397109412487 0.0138756073920252 0.0344182654650433 -0.0264597110215336 0.0373756092824044 -0.155268612505581 1.59308720472709 374.216403960793 -332545.923677222 102.136853209257 115.440528692602 83.8689915068046 988876.829935253
79100 0.1582 -1.53996341502235 -0.0175462847321769 -0.0289022333282202 -0.0475555973122868 0.0195380967907442 -0.111136662746349 1.53152808498609 374.883728415628 -332551.508932097 102.143207299779 115.42197354373 83.8490701311498 988544.529592625
79200 0.1584 -1.51516587888311 0.0471704184526534 -0.00762674660731832 -0.0273659541767596 0.0013179355847131 -0.153890434281744 1.5593538821589 373.361469174871 -332542.030526032 102.169776167452 115.480297726607 83.8291487554949 989066.273481028
79300 0.1586 -1.5229465211498 -0.0204033658813 -0.015981121548834 -0.0103911425938436 -0.000899705060880492 -0.139255894798366 1.52407449663424 373.89056480502 -332548.104965065 102.116414225963 115.544131842288 83.8092273798401 988861.086931312
79400 0.1588 -1.50985426952136 0.0112907765747826 0.0200107553174083 -0.0159238266577836 -0.00537273883979961 -0.143065083628406 1.54579196528948 372.200779852483 -332536.545217608 102.110385743986 115.602926721853 83.7893060041853 989070.706429782
79500 0.159 -1.53195468077199 -0.00615867824982298 -0.0223785385937729 -0.0228827985073106 -0.0021237440697944 -0.113236638467748 1.53088873999764 372.25640965432 -332536.464287931 102.101689030996 115.624866458953 83.7693846285305 988938.980972203
79600 0.1592 -1.50884794295411 -0.000742805669250002 -0.0041167606342125 -0.0215088367641842 0.0102209293709978 -0.148142417213893 1.52867394481749 372.177428303551 -332535.531814188 102.09618369153 115.679022094856 83.7494632528757 989113.546017095
79700 0.1594 -1.51759881061767 5.60784375647651e-05 -0.00731568084547194 -0.0094798647070658 -0.00956748439799018 -0.147522905971778 1.53557030308877 373.67491948795 -332547.690910836 102.09683454079 115.691337142671 83.7295418772208 988989.846278565
79800 0.1596 -1.48322276577587 -0.000659239544211931 -0.000661523382136739 -0.0034902082083816 -0.025858921232635 -0.162906847081404 1.50985090056695 373.097240999314 -332542.190881446 102.095257856435 115.728425146848 83.709620501566 989056.238477002
79900 0.1598 -1.46500245494239 0.00200400876190157 -0.0222012059333008 0.0200351810749048 -0.023146950523664 -0.148854117398905 1.47867131734979 372.820907399665 -332538.784888623 102.08480257955 115.757658961979 83.6896991259112 988969.356260377
80000 0.16 -1.44712698055802 0.0329144292112504 0.0110682842638318 -0.0113277288779758 -0.0263885796544588 -0.165626979851339 1.49781091684232 373.803343642761 -332546.799338438 102.087427404484 115.795816967097 83.6697777502564 989085.2975937
80100 0.1602 -1.46649349158624 -0.0290835738855854 0.0219430465964485 0.0252485290149673 -0.0384961169954399 -0.125864319629253 1.48188425878686 373.99776117011 -332547.949984419 102.077807772844 115.818736190486 83.6498563746015 988952.324949276
80200 0.1604 -1.46366636112061 -0.0290934374490387 -0.0133929577159797 -0.0105497776761978 -0.0454223715056156 -0.13283592989959 1.46295218078126 373.233293690157 -332542.128933434 102.09320659754 115.824289155832 83.6299349989467 988913.367201693
80300 0.1606 -1.47121459465269 -0.0434330933967521 0.00463590609012283 0.0178528873495861 -0.0296738141185638 -0.155589594845461 1.47841970389239 372.415199471117 -332536.284999252 102.106114296991 115.836502968309 83.6100136232919 988907.068993489
80400 0.1608 -1.50878472981691 0.030590695229015 -0.0167232377968616 0.00412641004883203 -0.0458823737604983 -0.168643992776444 1.54621164433447 373.296424818286 -332543.840775825 102.147507333013 115.830648521353 83.5900922476371 989022.258143508
80500 0.161 -1.50022492810296 0.00226646862868072 -0.0107022354592845 0.02532250111584 -0.024920578004739 -0.159039530852021 1.52244235626602 372.07255470857 -332534.388879023 102.13655623236 115.863007470876 83.5701708719823 988956.747719864
80600 0.1612 -1.48631097901091 0.018911054619857 -0.00623018767543086 0.00188291617069454 -0.0428475279892441 -0.15817505923026 1.5195587244025 372.961666764704 -332539.367382725 102.116761360079 115.92075131997 83.5502494963274 989022.042870767
80700 0.1614 -1.51354337990474 -0.0492060593958553 -0.0145534229516738 0.0341151255256282 -0.0322711214063868 -0.172346736296085 1.5139199899539 372.302563613396 -332534.36512766 102.087697587057 115.955325151982 83.5303281206726 988799.628535285
80800 0.1616 -1.47836277748423 0.00291045142636921 0.0170368246681933 -0.00400823446384658 -0.021356148422772 -0.167756794438571 1.51695037193401 373.362944627432 -332541.117659327 102.116936198406 115.970299059949 83.5104067450178 988974.633313283
80900 0.1618 -1.50016212743935 -0.00266585328266237 -0.0342951522091162 -0.011114200433779 -0.0436562828272175 -0.149677944334988 1.5064625441321 374.813756356776 -332551.208971822 102.13530057143 115.958265928574 83.490485369363 988813.914869553
81000 0.162 -1.48447022239521 -0.0132495659358934 0.026554270856745 -0.00680864335642073 -0.0314712346412832 -0.158590111529991 1.51762895710366 374.262776315793 -332546.179381208 102.144896295627 115.992162165677 83.4705639937081 988959.857836148
81100 0.1622 -1.50300170119068 0.0227509260548379 0.000113699605598859 0.00322723599175106 -0.0173396122456435 -0.156921625691517 1.53905852302093 372.896542364589 -332536.303155314 102.170912011855 115.984694739841 83.4506426180533 988911.982512623
81200 0.1624 -1.55817397885125 -0.025539349141376 -0.0166141894544685 0.0243646871492707 -0.01395852902957 -0.163743624226038 1.56381870254672 373.454299000255 -332542.483718118 102.165953903262 115.994102311343 83.4307212423985 988708.118989725
81300 0.1626 -1.54511643057471 0.032177334585839 0.0291784826222388 -0.00568195606040321 -0.0241839969186999 -0.138047275581468 1.59441435834726 374.050353074009 -332546.490343462 102.183694329857 116.027361272053 83.4107998667437 988927.152819311
81400 0.1628 -1.57360308525241 -0.00415191642351207 -0.0177960015249332 0.0226733897345084 -0.0178640798539489 -0.132936338738224 1.58033706575883 374.794324753031 -332552.073302496 102.173707866292 116.036701063399 83.3908784910888 988673.91598728
81500 0.163 -1.54651955599878 0.0112031309314707 0.00652949361075493 0.0221218305710507 -0.0406963385041222 -0.115470519451169 1.57024794412583 373.011347458389 -332540.61120923 102.185562237384 116.075143858862 83.370957115434 988879.916432201
81600 0.1632 -1.55147710174418 0.0196304503593538 -0.00134004995518065 0.0334768039651599 -0.0273509758911526 -0.134022603522458 1.57967220725289 372.877497100132 -332539.166385746 102.170791061815 116.121343212457 83.3510357397792 988894.149656752
81700 0.1634 -1.52134470024292 -0.0250134215562598 -0.0117143719978218 0.0515465921235211 -0.0371476263043728 -0.130957200486877 1.52402240833368 372.827899212319 -332539.449355923 102.138848198807 116.177449888293 83.3311143641244 988826.245721039
81800 0.1636 -1.5067006742034 -0.00867967250137911 0.00165742311299192 0.0448093118051561 -0.0239229085154632 -0.130302695740036 1.52260824931866 371.823512896721 -332530.019301746 102.152140728371 116.199431417424 83.3111929884696 988905.582874588
81900 0.1638 -1.53970947884608 0.00418628150178223 -0.030521935025772 0.0361598732095675 -0.0335117204772622 -0.131117929261393 1.54599494190942 373.939609564196 -332545.89971995 102.161183124124 116.206838284094 83.2912716128147 988819.657669725
82000 0.164 -1.5399687336819 -0.027537140832017 0.0415330977823844 0.0404561472376316 -0.0372452504505389 -0.124465717307045 1.56596005755714 373.47628164108 -332542.273598332 102.154576794352 116.251412092788 83.2713502371599 988898.396361179
82100 0.1642 -1.53153646879328 0.0175493490222847 -0.026516311023833 0.0560921984745406 -0.0422128298444249 -0.110759985166137 1.54432356080714 373.5983769044 -332544.624409332 102.190175640075 116.244690330225 83.2514288615051 988949.16160163
82200 0.1644 -1.53239772484235 0.0212082198668946 0.00515363931360141 0.0299034584689642 -0.0368963066418054 -0.112019475904764 1.55994180691711 374.212843153748 -332548.322300853 102.18250714477 116.302520418243 83.2315074858503 989130.153463704
82300 0.1646 -1.58052572428539 -0.0276059616491215 -0.0333330963309945 0.0292389574842914 -0.0389281471323635 -0.101064744729679 1.56219461282223 373.360341995987 -332542.232137282 102.13935804417 116.341041464937 83.2115861101954 988803.21861887
82400 0.1648 -1.56672149208729 -0.00579314495235994 0.0201127261824236 0.0411695874941131 -0.0448913284296138 -0.0914886036707204 1.58551146964405 374.433638655317 -332550.742029287 102.130958426575 116.39719756705 83.1916647345406 988962.323548228
82500 0.165 -1.57809692710652 0.0207422259608586 0.0115796962850003 0.0234632276209372 -0.0535453334494348 -0.107762733986478 1.60835707354023 375.119872354177 -332554.14988966 102.141659788585 116.402519404081 83.1717433588858 988874.313104616
82600 0.1652 -1.569644057753 0.0393488560931922 0.000730409690971978 0.0379265772057933 -0.0651122696331054 -0.113223814741345 1.60739098231406 375.014567097319 -332553.617317503 102.163495176287 116.395102161483 83.151821983231 988785.793405522
82700 0.1654 -1.61455701941167 -0.0286172920286441 -0.000600136535670555 0.0244234543224154 -0.062010047841391 -0.14032565001325 1.62259742926462 373.219665946584 -332539.25492168 102.157867638197 116.405802219736 83.1319006075761 988585.319939986
82800 0.1656 -1.59032306089612 0.0381834209263664 -0.0274671938515116 0.0149844061213067 -0.069601751698574 -0.10032047255556 1.61084770021794 374.88857076679 -332551.647504744 102.17425910451 116.428639530728 83.1119792319213 988700.934616427
82900 0.1658 -1.54858093349636 -0.0210724599886291 0.0151943131801032 0.019582515769733 -0.0474405086780112 -0.106519923584527 1.55946687413355 373.004549321932 -332536.532680521 102.151969526551 116.492620246235 83.0920578562665 988791.383198619
83000 0.166 -1.55695670156263 0.000410282648139075 -0.0036277665367744 0.0192584195535778 -0.0448016196935596 -0.100257097325661 1.56729326455353 372.212584872313 -332530.81246713 102.181182561007 116.49622030398 83.0721364806117 988867.581606632
83100 0.1662 -1.60005508374196 -0.0183143642305526 -0.0386344989360297 0.0274055280185344 -0.0665861352641701 -0.0872757797075885 1.58385003754844 374.005276416358 -332544.536378995 102.194744708339 116.487265548915 83.0522151049569 988685.657040616
83200 0.1664 -1.57556979669365 0.0558985110407173 0.041619628294059 0.0393733763990428 -0.059697317751561 -0.0866548751304523 1.63599097817259 373.771813607163 -332542.128114136 102.210244572983 116.556379147355 83.032293729302 989184.973057964
83300 0.1666 -1.6183478412544 -0.0135036558582951 0.00777267008836078 0.0171289075634684 -0.0776622375735055 -0.104657182973297 1.63155035936039 373.937780931252 -332545.008022705 102.168867709111 116.595100455216 83.0123723536472 988875.703991336
83400 0.1668 -1.59265278071747 -0.0110889365250669 0.0365262506309745 0.0353791268847961 -0.0580478982399341 -0.112572964414506 1.62197398191951 372.957979266488 -332536.320334707 102.17097971189 116.628927886911 82.9924509779924 988945.666631671
83500 0.167 -1.62185873135794 0.0136743277077474 -0.0114457118470104 0.034528871301217 -0.0503294171805043 -0.0962833368412958 1.63508472898753 374.459421274844 -332547.321195822 102.194686960447 116.60550333663 82.9725296023376 988739.071667335
83600 0.1672 -1.64294819500574 -0.0027867692019199 -0.0286445998256605 0.017321828109393 -0.0545742010463864 -0.0974131994282332 1.63911264880441 373.268426229675 -332538.080287458 102.196422664533 116.62128210799 82.9526082266827 988652.232231362
83700 0.1674 -1.55983857139265 0.0386844302012478 0.0294481743895055 0.0285128738207456 -0.0505371209507959 -0.123159980770074 1.61127366514038 376.472785798072 -332560.513652498 102.190188719092 116.689284916315 82.9326868510279 988930.828260728
83800 0.1676 -1.5791906328617 -0.0183588628780576 0.0100076004205157 0.0196335547889835 -0.0357701894073852 -0.124164874985303 1.59138978407581 373.124573968436 -332536.220305197 102.176137664697 116.726803393259 82.9127654753731 988875.176935995
83900 0.1678 -1.59137437856578 0.0189057903632616 -0.00113762817832633 0.0441158807649018 -0.0587069210699185 -0.139556864100732 1.62349466804863 372.288198313893 -332528.529096117 102.188663634272 116.742531413722 82.8928440997183 988892.007255547
84000 0.168 -1.62489824058465 -0.0168186586803373 -0.0158738843995478 0.0319791982322744 -0.0751766702384521 -0.123149473918072 1.62879098964492 375.002741422566 -332549.11155278 102.177913244062 116.75308875824 82.8729227240634 988639.739435883
84100 0.1682 -1.57891578538752 0.013994712173914 -0.000103350716934116 0.0427617435813663 -0.0692410448758945 -0.106113351440807 1.60273343177693 373.895324727097 -332539.906725082 102.180273180927 116.80395986723 82.8530013484086 988855.586007094
84200 0.1684 -1.61132229360132 -0.0288646496656606 -0.0194228186421565 0.0134257944717675 -0.0460810845186843 -0.13782279404833 1.60720227827741 373.176175886864 -332537.141388263 102.159189231178 116.822855665565 82.8330799727538 988573.730357195
84300 0.1686 -1.57299978915645 0.026409897659282 -0.015953269350302 0.0256757881305616 -0.0425668376391648 -0.102631709039451 1.59096300174109 373.861129391251 -332539.813477599 102.206563485585 116.829472906798 82.813158597099 988850.30757464
84400 0.1688 -1.57405447233733 0.0284385850142776 0.00118966727960985 0.0370854239387082 -0.0852114789838705 -0.146029101624128 1.61707846776497 374.865255781166 -332548.160587249 102.200505905373 116.853131051937 82.7932372214442 988754.022180422
84500 0.169 -1.60421417922316 -0.0167098680282477 -0.000591952458526719 0.0223707527591464 -0.0761799780302039 -0.111993724181622 1.61324402598691 374.443365337063 -332546.232635813 102.163653421313 116.917613504991 82.7733158457893 988704.954091732
84600 0.1692 -1.57182962923241 -0.0102425578573968 -0.00787866574857576 0.0340055536110794 -0.0538790587348139 -0.147340299367025 1.58731114663102 373.16620301018 -332536.912625622 102.157569843927 116.966906769632 82.7533944701345 988824.8576362
84700 0.1694 -1.59967706330289 0.00746862549251518 -0.000117528343710961 0.0294565487672354 -0.0624583551424027 -0.137566815825443 1.62538083227821 372.765965875226 -332535.12146669 102.185920160628 116.96104997457 82.7334730944797 988811.649768383
84800 0.1696 -1.57905406667897 0.0208402302173221 -0.0299284007892697 0.0393207140984566 -0.0754187490253873 -0.129360684977497 1.5977858589829 374.100747963799 -332547.694646412 102.199345964183 116.964699137634 82.7135517188249 988734.286148344
84900 0.1698 -1.56293971620708 -0.0207780360868126 0.0268526559591402 0.0535736202671605 -0.0643754648366445 -0.132938715588734 1.58998322777901 374.360622086953 -332550.790526514 102.181503848052 117.042033344342 82.69363034317 988977.033984013
85000 0.17 -1.58452660440982 0.0140099890755097 0.0133981663360691 0.00773999336107332 -0.0768819818283202 -0.14276941683227 1.62277637184861 373.979482704846 -332550.128446359 102.200902203713 117.059200804777 82.6737089675152 989071.541462258
85100 0.1702 -1.55741029108426 -0.0232647552829486 -0.0160468344299687 0.0242624482417583 -0.0610346223757091 -0.129481154292118 1.5581931032369 374.255894816686 -332554.037929991 102.195540758662 117.06897730028 82.6537875918604 988863.917494809
85200 0.1704 -1.56774659722968 0.0256550396521177 -0.0161651774203754 0.026062694429683 -0.0872262463174876 -0.123048429984947 1.59509469915222 373.161958960681 -332547.012319153 102.189694099975 117.117892196352 82.6338662162056 988982.073331842
85300 0.1706 -1.5772132881121 -0.00104599157811779 -0.0107511234867584 0.0494982593005066 -0.0817943836191188 -0.115111161810086 1.59256822775092 374.69812206798 -332561.187011601 102.140671948433 117.188240867379 82.6139448405507 988862.951423267
85400 0.1708 -1.56724325173563 -0.0184962427142185 -0.00569530950895209 0.0176516532789396 -0.0766394315831474 -0.142438348314996 1.58051515907971 373.05327305465 -332550.131227187 102.121830390283 117.244031229285 82.5940234648959 988912.70280231
85500 0.171 -1.55065371294441 0.0139945747408395 0.0114248189629163 0.0175303040233306 -0.0798091774548998 -0.131076498252042 1.58609069668195 373.618619939037 -332553.257401849 102.128586692592 117.275764190438 82.5741020892411 989007.20026999
85600 0.1712 -1.56887944383402 -0.0163630061837598 -0.023049810140166 0.0559446550792243 -0.0858542709292932 -0.102655282213133 1.56942257890242 372.788665801547 -332548.177025071 102.11015482872 117.304598264594 82.5541807135863 988833.208083733
85700 0.1714 -1.57375049841297 -0.0198913760124547 0.00329652870366677 0.0257349799177953 -0.0755964982020944 -0.115372356244125 1.58433275842427 373.792793180714 -332558.49611639 102.084933535035 117.370678976641 82.5342593379315 988907.169669346
85800 0.1716 -1.58934063194859 0.0167773456169109 0.0116099976934208 0.0270139721162587 -0.066367418173002 -0.136956205243779 1.62573566795623 373.586722277899 -332557.436476338 102.080000726297 117.420588222159 82.5143379622766 989041.091834866
85900 0.1718 -1.5614105501128 -0.0460933264175436 -0.00123937918626196 0.0106683430543509 -0.0717421977493709 -0.140098627555893 1.56231599542904 372.775342847609 -332552.33244292 102.085659919557 117.435676686078 82.4944165866218 988984.193846129
86000 0.172 -1.53908781107518 0.0380383182377867 -0.0149662342331107 0.0195636796861695 -0.105274080945474 -0.143032341708729 1.58186987677221 375.537565297105 -332571.266894893 102.132198451392 117.418432660892 82.474495210967 989050.861376777
86100 0.1722 -1.56479214760603 0.0191179861532954 -0.0186827128007658 0.0437703339651621 -0.0962187410390145 -0.140131564123389 1.59460325006224 372.656816487835 -332549.663021572 102.125867435 117.444804857028 82.4545738353122 988972.738820041
86200 0.1724 -1.53511319628954 -0.0236215433605293 0.0273752504770181 0.0187077538510295 -0.105924347746062 -0.135095154832557 1.56644529529244 375.732688156343 -332572.490792046 102.095723377828 117.503301801261 82.4346524596573 988934.281930438
86300 0.1726 -1.54304295861687 0.0160496376880718 0.000282598975475213 0.0161670160316423 -0.0866262344904067 -0.121957631778368 1.57300777894301 374.740485834385 -332565.37709957 102.119954622799 117.507564579733 82.4147310840025 988965.825259157
86400 0.1728 -1.57520956091518 -0.014200769029028 -0.0356610650801227 0.0271918995437757 -0.10125503626982 -0.140820324933286 1.57992921325469 374.492697205378 -332565.51619161 102.109462386862 117.515767328131 82.3948097083477 988694.197527222
86500 0.173 -1.54151368027131 0.0206224611342979 0.0362009778207949 0.0381608266029967 -0.0908709073980235 -0.140254630334839 1.59781199579281 372.953137992486 -332554.783010608 102.109306536116 117.588266597279 82.3748883326929 989063.451801956
86600 0.1732 -1.5562154897414 -0.0385864364027206 0.0211187516782812 0.0389462140794066 -0.112496316536586 -0.146607610579687 1.5825204712749 373.757328420757 -332563.389030916 102.102652314521 117.595802724499 82.354966957038 988823.188107435
86700 0.1734 -1.55639016452381 0.0456847684922427 -0.00436503498292268 0.011282713588118 -0.0918615739734522 -0.172505749501751 1.61367214275583 372.223776108833 -332550.510000415 102.15783623667 117.591741036544 82.3350455813832 989084.136571202
86800 0.1736 -1.57656669694183 0.0362679669164144 0.0152958409887352 0.042456175922275 -0.0790005238790931 -0.151948766766354 1.63133289779998 374.784141118793 -332569.866751301 102.143499268303 117.617375311901 82.3151242057284 988921.57873719
86900 0.1738 -1.59096673456844 -0.0322828022991415 -0.00295577201929217 0.0192215988970652 -0.099448986594329 -0.162430188379937 1.60810343479072 371.835638609356 -332548.495967896 102.126706189014 117.653613112957 82.2952028300736 988824.262267762
87000 0.174 -1.62615912910421 0.00483195141825508 0.0240669813365398 0.0266594699133269 -0.0730814190001316 -0.155535921544253 1.66811366082751 372.984826663812 -332558.260643918 102.126390168019 117.687863430256 82.2752814544188 988869.623907077
87100 0.1742 -1.60505883468587 0.0124341253888114 0.00951602692809122 0.027891273663853 -0.0932776824800435 -0.146326168414424 1.64445795864401 372.369352632492 -332555.137763045 102.131224069003 117.716526546835 82.2553600787639 988917.776810015
87200 0.1744 -1.57733700420285 0.0150949202550461 -0.0255907359915284 0.022859160574909 -0.0803264819791372 -0.12455009692533 1.59379059273879 374.45142515427 -332569.372881011 102.14632782668 117.724375700643 82.2354387031091 988890.416160344
87300 0.1746 -1.61671955160621 0.036396521086639 -0.0229639651679696 0.0286894697250556 -0.0735679090662303 -0.144756614642702 1.64916828868807 373.292256686056 -332560.042731824 102.146693682663 117.737419165883 82.2155173274543 988763.93999496
87400 0.1748 -1.65010009708758 -0.0236318934170424 0.0111703091035405 0.0235426709709042 -0.0698509391406829 -0.128917482288964 1.6641436451082 373.539606908779 -332563.713167415 102.108524287405 117.797873452691 82.1955959517995 988662.356617952
87500 0.175 -1.60626751493885 -0.0152221671260623 -0.00320646777672132 0.0194731974006062 -0.0501347427550898 -0.137660887861204 1.61747236516196 375.191027967522 -332576.943917369 102.104176019538 117.834490004834 82.1756745761446 988687.877662394
87600 0.1752 -1.60937583762379 -0.0127414820998672 0.0157092845422523 0.0106446518018994 -0.0799038957468752 -0.174379571101785 1.64505158301467 372.968658509579 -332559.15764396 102.128288075693 117.840987374317 82.1557532004898 988736.134995124
87700 0.1754 -1.65599082972146 -0.00227261935954813 -0.0258366261836076 0.0195712704818024 -0.0686282972062515 -0.120301208631097 1.65983936882988 374.804678128561 -332572.519893908 102.128207787266 117.831655850165 82.135831824835 988417.329735924
87800 0.1756 -1.60671852845135 0.0262427003889351 0.0322050226665296 0.0156636282287291 -0.0310033702405046 -0.120074801165896 1.65021444472149 372.534922045552 -332556.275090951 102.1498700861 117.885232851407 82.1159104491802 988836.609243069
87900 0.1758 -1.60701108023126 0.000421153223539273 -0.0165515091847141 0.0269226309517708 -0.0676194808766861 -0.12402858400922 1.61829694045448 373.791203482368 -332566.156686698 102.13658462199 117.891636618937 82.0959890735253 988521.836969178
88000 0.176 -1.62008294925438 -0.00395263882552319 -0.00142936357857311 -0.000677629119930009 -0.0387041424634494 -0.129616084643969 1.63427595175462 374.317052360593 -332571.837983792 102.113552118176 117.948450034819 82.0760676978705 988535.256028362
88100 0.1762 -1.62726950887022 0.000688472167811396 0.0373331867881899 0.000705838708524793 -0.0409416197283713 -0.143969236667446 1.66687061447095 374.206981488471 -332569.495632967 102.115558421719 117.993793400502 82.0561463222157 988694.679632391
88200 0.1764 -1.60536580502752 0.00948230090737769 -0.0246526633385005 0.0201270565697689 -0.0228439416250927 -0.148561591371225 1.61949661629305 375.276796380314 -332578.410052704 102.133107427669 117.99287728964 82.0362249465609 988616.841455611
88300 0.1766 -1.63746938687904 -0.0124155677299651 -0.0115883311152839 -0.00630387959224827 -0.00837515664409445 -0.180038881321959 1.65520891318124 371.645066359322 -332553.164578024 102.119248910601 118.050364311881 82.0163035709061 988724.135091465
88400 0.1768 -1.634534611514 -0.000364774447348198 -0.0260855117617218 0.0151699525684267 -0.0247312679756826 -0.177767671822614 1.65120255700678 373.883606563098 -332571.011782899 102.09133151073 118.104207433718 81.9963821952512 988664.473725952
88500 0.177 -1.63955467725425 0.00174268247570417 0.046149795101138 -0.00401001401176474 -0.0242495919944163 -0.131015594927003 1.67988747198395 373.143748649046 -332567.897145721 102.105300901121 118.13648925109 81.9764608195964 988829.728045454
88600 0.1772 -1.65203731047096 -0.0068049904614057 -0.0139471764687947 -0.0245051301415559 -0.0182753744110665 -0.154277758451407 1.66412084740497 373.511893205961 -332571.129587098 102.132957959737 118.110084362836 81.9565394439416 988636.185285118
88700 0.1774 -1.6281344110334 0.0562094080939571 -0.000638108729951087 -0.047993859858496 -0.0663480760504414 -0.169239393478453 1.68835343689066 372.755643043749 -332564.212436426 102.149155053113 118.141041519261 81.9366180682868 988811.72696794
88800 0.1776 -1.63820993543179 -0.00868255254784399 0.017497183364834 -0.0244897053613381 -0.0385945145930903 -0.152925664175321 1.66587277114848 375.452430990105 -332585.465457486 102.102731677069 118.19179154725 81.9166966926319 988546.512139621
88900 0.1778 -1.61966645032402 0.0175707602513099 0.0104867490707107 -0.0242230877022232 -0.0230825325650794 -0.150379845211889 1.65535453531927 373.103462066295 -332567.578470901 102.09863414154 118.251218279288 81.8967753169771 988763.344181232
89000 0.178 -1.65350104667877 -0.0153490284905922 -0.000811954810799147 -0.0470010088833902 -0.02349930828886 -0.132558167509203 1.66390090993749 374.61059978373 -332579.525287486 102.071090350858 118.275460666817 81.8768539413223 988458.747587298
89100 0.1782 -1.62962383091546 -0.00520711954533226 -0.00057903177342204 -0.0351343583000992 -0.0490598950122092 -0.151474284770886 1.65106822409893 374.566510191428 -332579.292655535 102.086349976075 118.292254344775 81.8569325656675 988506.32123417
89200 0.1784 -1.644109049811 -0.00905847268840182 -0.00709095777767039 -0.049722658892304 -0.0399199520264005 -0.14228730842593 1.65817553889893 372.636358756032 -332566.743948991 102.095062876566 118.312971974593 81.8370111900127 988523.196059547
89300 0.1786 -1.594631147314 -0.027348997925764 0.0243052348963157 -0.05865523141807 -0.0393388481475775 -0.115993183224422 1.6110013816581 372.025863679063 -332562.767305882 102.09886747564 118.347790114913 81.8170898143578 988610.241951744
89400 0.1788 -1.59982269918219 -0.0069852265324139 -0.0139091995188483 -0.0648692572038345 -0.0407684953016243 -0.153762901947896 1.617000233244 374.794939316375 -332586.131575986 102.126580627507 118.332072073339 81.797168438703 988506.502779118
89500 0.179 -1.6321690651412 0.00360695262768687 -0.0017714573009325 -0.0772720356608987 -0.0190749634126474 -0.150773173343729 1.65957715945953 373.31819323846 -332576.20262217 102.128269433371 118.360183234588 81.7772470630482 988516.876218441
89600 0.1792 -1.60738727391479 -0.0405458779310055 -0.0226703825141768 -0.0580679296440179 -0.0524711154478819 -0.123916623571845 1.59617068502038 373.236129389038 -332579.451387605 102.117762830486 118.394226028011 81.7573256873934 988458.616821777
89700 0.1794 -1.60394133281728 0.0307551959390668 0.00931700335284833 -0.0576745880920853 -0.0344649058657768 -0.10101516260764 1.63762088133965 373.811962265657 -332587.599525856 102.137900026284 118.432348672252 81.7374043117385 988730.9031363
89800 0.1796 -1.64620136628485 -0.0464893127989039 -0.0131040841808735 -0.0499327828705569 -0.0266736907927467 -0.106978701554544 1.63019864240612 374.222593186222 -332593.281538667 102.114389068667 118.462907497603 81.7174829360837 988517.385749899
89900 0.1798 -1.59037074410363 0.0230152426193185 0.0391605330332893 -0.0717569889607388 -0.0207308653085981 -0.105289630142344 1.63686218700048 373.464893274655 -332589.459507378 102.156570220597 118.497834809709 81.6975615604289 988976.137547272
90000 0.18 -1.63757395383116 0.0028124329913403 -0.0472967858641331 -0.070095215599064 -0.0347372300597993 -0.110611283447777 1.63286391432546 374.87432142853 -332602.828949724 102.148900537644 118.483060505211 81.6776401847741 988537.484523543
90100 0.1802 -1.61335678940619 -0.0120125186448465 0.0133473521865016 -0.057020315155302 -0.0240954387076971 -0.105721196772249 1.62806115188387 373.29579055622 -332593.499589412 102.14487823443 118.532877131173 81.6577188091192 988672.978188866
90200 0.1804 -1.64494649588862 -0.0193736288477151 -0.0162686870552898 -0.0586676375516088 -0.0347799594596025 -0.102613050573124 1.64106277214679 373.955206404745 -332602.719714914 102.147688103373 118.518505845137 81.6377974334644 988339.126277311
90300 0.1806 -1.57086739984886 0.0256529124911182 -5.47320113087086e-05 -0.0626422236453683 -0.0327633894507917 -0.120475574190117 1.60219560903574 372.246229127559 -332592.855361527 102.188507002124 118.542954702014 81.6178760578096 988696.714314225
90400 0.1808 -1.56070171834733 0.0193910250134214 -0.00366587865947618 -0.0622202698388467 -0.0323181805609053 -0.0902670925657594 1.58113395276047 375.364645418616 -332617.958771778 102.189978767918 118.578421213011 81.5979546821548 988765.365648137
90500 0.181 -1.60414552795447 -0.0358542461307842 0.00142058043011482 -0.0770922556213007 -0.041018057353365 -0.126111519936467 1.60933967202881 373.506894521863 -332605.304721217 102.177885781795 118.608373186762 81.5780333065 988656.651437288
90600 0.1812 -1.57000734200977 0.0153905457157063 0.00934029181499869 -0.111125434262942 -0.0441661375760187 -0.123576563716878 1.6101686368415 373.66448306569 -332607.056271219 102.193555320826 118.638270905063 81.5581119308451 988815.989049335
90700 0.1814 -1.57982838478542 -0.0179155810965874 -0.0137165243467473 -0.050118720652228 -0.0275205949680868 -0.120988586695896 1.58109782150231 375.041746786289 -332620.098737692 102.19059509791 118.644834494167 81.5381905551903 988600.515785468
90800 0.1816 -1.53326898437609 0.00618133381663951 0.000280017593726974 -0.0406048976764291 -0.0247481802219402 -0.126510834355246 1.55423807334216 373.002441981468 -332606.046210376 102.223097128536 118.672037104399 81.5182691795355 988900.01263252
90900 0.1818 -1.54213838676111 -0.0121430467019176 0.0139268947890949 -0.0586693096220539 -0.0432589993625702 -0.122929430862283 1.56292274061054 373.543522492123 -332610.943258282 102.207621088756 118.693836451521 81.4983478038807 988690.251444821
91000 0.182 -1.56437823646464 0.0131359081197341 0.00637997628481431 -0.0565860050563965 -0.0507917227282821 -0.153242695201098 1.60179094673576 375.519578786966 -332627.477036927 102.205327513497 118.71383543255 81.4784264282258 988592.93793921
91100 0.1822 -1.55051088972944 -0.0349624911339213 0.00888378194012025 -0.0571664329203693 -0.0307978363966269 -0.137920248268643 1.56044099570467 372.381784954368 -332606.588824334 102.206180655795 118.734667492005 81.458505052571 988532.91689189
91200 0.1824 -1.52398548250252 0.0356151271015679 -0.0047490550991997 -0.0559209145017621 -0.0455108330398225 -0.153190475314593 1.56749113059854 372.715397147646 -332611.745727285 102.256115536139 118.750635785905 81.4385836769162 988906.989627383
91300 0.1826 -1.50967290359831 0.00833794657088874 -0.0137153792958435 -0.048827749600847 -0.0638196207899192 -0.138548801404552 1.53242444934935 373.335741157151 -332618.352244577 102.24719365231 118.788599293527 81.4186623012614 988894.863129815
91400 0.1828 -1.51793135351404 -0.0285507337158139 0.0331366936493571 -0.0548693852633787 -0.051606023003824 -0.133195321131404 1.54407917607571 373.245611150238 -332619.512746864 102.227748497344 118.835473186653 81.3987409256065 988854.929658852
91500 0.183 -1.55819223736769 0.0249913877929399 -0.0152409662567001 -0.0393828007506795 -0.0756049436853973 -0.15848048146504 1.59422186526411 374.37539035699 -332629.52270545 102.273034138021 118.818393497268 81.3788195499517 988908.710725769
91600 0.1832 -1.56693100587047 0.0136775747176188 -0.0319964413619411 -0.0298585584275984 -0.0745581828812945 -0.134580032888504 1.5817406814149 374.828410045914 -332637.246495905 102.275112984341 118.840228070028 81.3588981742969 988868.40915192
91700 0.1834 -1.55974906143043 0.0236328504841583 -0.0368885136791331 -0.060023678830812 -0.0830782513994262 -0.150420846030139 1.58566279126021 374.83698840545 -332639.506263894 102.249707358173 118.893516528958 81.3389767986421 988823.891411742
91800 0.1836 -1.5326978005054 0.0088449874084236 0.0290758312704711 -0.0281050465244048 -0.0787105472776879 -0.13451986974509 1.57581492669946 374.475293500275 -332636.424032584 102.227911344945 118.969285940133 81.3190554229873 989000.857073422
91900 0.1838 -1.52261140299957 -0.00783793921135577 -0.015288268143671 -0.0586063422547464 -0.0484175946937214 -0.13812307977977 1.53553881404012 375.813604065675 -332648.274847216 102.210973805614 118.979180049014 81.2991340473324 988676.968813068
92000 0.184 -1.50414219544455 0.0294175907331824 -0.0163317256645969 -0.0341118274485797 -0.0556938892479284 -0.13705561084329 1.53391274375853 374.398843358028 -332641.689031525 102.242178634354 119.006529095312 81.2792126716776 988963.747818629
92100 0.1842 -1.52672326191084 -0.00782018764709914 -0.0320298072067586 -0.02062784376591 -0.055142351698197 -0.133937480973352 1.52810238407226 373.793002225375 -332640.926326472 102.234559285665 119.021524203496 81.2592912960228 988772.244677357
92200 0.1844 -1.50723322395038 -0.0320470626021927 0.0213000724531012 -0.00721698141707682 -0.0568628340262836 -0.161700987104238 1.53167069263182 372.225188251655 -332633.844079017 102.235106000988 119.053967975051 81.239369920368 988804.587694641
92300 0.1846 -1.48486008108698 -0.0119920650500354 -0.00646788317269957 -0.0411514987343147 -0.0542451823218193 -0.172737922466126 1.51027488444497 375.227406657181 -332659.457138989 102.271872603477 119.034374863713 81.2194485447131 988754.879849819
92400 0.1848 -1.55903861256175 -0.00311451010898665 -0.0319090929167006 -0.0268546527741791 -0.0591586520168667 -0.164128309783248 1.57175183055438 373.428635206599 -332649.555859442 102.278318398024 119.030215401864 81.1995271690583 988540.117569105
92500 0.185 -1.52264697178194 -0.00211085132222873 0.00644848531009596 -0.0271761010751458 -0.0787353847543306 -0.171355560613551 1.56013452134379 373.344234115063 -332651.127605335 102.249102801555 119.10137600631 81.1796057934035 988605.956904763
92600 0.1852 -1.51724222225471 -0.0251292927446589 -0.0188573895379382 -0.0384711770788787 -0.0666784070628361 -0.181405204186117 1.53372109187705 372.262987736668 -332645.68143217 102.234158752841 119.152047502612 81.1596844177487 988639.337806595
92700 0.1854 -1.50224159063448 -5.66454608349776e-05 0.0434293472451538 -0.0382435504224443 -0.0832230869921489 -0.147516724394152 1.55377738129921 374.113505443131 -332661.00768883 102.256473742954 119.178351262799 81.1397630420938 988830.652041152
92800 0.1856 -1.51574450627685 -0.0413712218235541 -0.0508568909440798 -0.0275917561786062 -0.0571881594326707 -0.18913239616368 1.50973166632107 373.17858893213 -332658.78108943 102.276603976175 119.147995420697 81.119841666439 988530.63653802
92900 0.1858 -1.49510613945479 0.0374162920604234 -0.024428272411507 -0.0180441724597822 -0.0589100196136706 -0.151656818699681 1.52907125099446 373.2347607606 -332661.644126348 102.29507697275 119.197843563446 81.0999202907842 988879.922502654
93000 0.186 -1.55473542944221 -0.0578231524622724 0.0176214389063778 -0.0353083433326902 -0.0550254224778196 -0.136071382763707 1.55812126572243 373.543190098548 -332667.452493553 102.230642020915 119.259804878649 81.0799989151294 988527.86730956
93100 0.1862 -1.47854410220511 0.0372017055771867 0.0355457835964684 -0.0181178750814596 -0.08715938693821 -0.155488378376118 1.54637741024103 373.856848689982 -332670.836006624 102.289998558177 119.275128978798 81.0600775394746 988985.859671164
93200 0.1864 -1.51008349904036 -0.0122614540020434 -0.0355168725841913 -0.026675879205199 -0.0831457926450481 -0.157247004049754 1.51862883925697 373.923175728268 -332672.494934596 102.30104231548 119.243790610438 81.0401561638197 988589.745165182
93300 0.1866 -1.47362934986061 0.0199246581284562 0.000138915758149347 0.00844282945971909 -0.0617554999938344 -0.146610003569739 1.50919929911514 372.570945005552 -332664.946617371 102.291570693468 119.301310639578 81.0202347881649 988731.930150777
93400 0.1868 -1.47457907250873 -0.0206309909319565 0.037060303657668 -0.00811367555072224 -0.0869123861069425 -0.159137621104158 1.51657726067806 375.387588852205 -332687.043522814 102.270081622128 119.353948591388 81.0003134125101 988717.208832582
93500 0.187 -1.48773978042316 -0.00674043943534317 -0.0144113198472638 0.00348580801670613 -0.0979730195262094 -0.172106189635911 1.51649316956873 373.796941467236 -332677.080818329 102.287217186072 119.358674558787 80.9803920368553 988678.809070882
93600 0.1872 -1.46502958162552 -0.0246201217390918 -0.0107241784437352 -0.00963883217869834 -0.0988299120753564 -0.175796912908384 1.48905432981177 373.324592254109 -332675.224661624 102.294576280418 119.393010982365 80.9604706612004 988791.073019682
93700 0.1874 -1.47855106982634 0.00600625701449368 -0.00169612628933514 -0.00309902563337599 -0.0735010022256429 -0.177147662004857 1.51753584476382 374.426873879425 -332685.865472365 102.305850945959 119.408038545846 80.9405492855456 988781.162140951
93800 0.1876 -1.49571811322421 -0.00117485511409762 -0.00136885624031243 0.0153097472597828 -0.0780289392955332 -0.183821899868536 1.53418050721668 373.629169039953 -332684.011543212 102.311526599025 119.427473325685 80.9206279098908 988753.543959767
93900 0.1878 -1.48693264548875 0.0251259723669255 -0.0260027575383824 -0.00111351919477597 -0.0641376176395193 -0.195078031271353 1.52909669766125 373.271539319722 -332682.550838735 102.311468633426 119.452977388675 80.900706534236 988720.667380259
94000 0.188 -1.47288928792475 -0.0112578435678729 0.00774949876947916 -0.00930257665565647 -0.0683904105790312 -0.224815351657031 1.5265735072463 373.720204673258 -332689.596993148 102.274818762129 119.543531571888 80.8807851585811 988872.17949748
94100 0.1882 -1.49836738791941 0.0203154241105631 0.00119128612060567 -0.00184658227136873 -0.0864342474839898 -0.190912280517398 1.55225161623964 373.719869800878 -332689.386163327 102.257793909038 119.593341467936 80.8608637829263 988875.906770197
94200 0.1884 -1.48100245628484 0.0027242262203056 0.00463309335313855 -0.0242225917157156 -0.0584714220164377 -0.196296101385325 1.52705407596888 374.457712068025 -332695.382161233 102.263034367914 119.617088743222 80.8409424072715 988879.265903826
94300 0.1886 -1.48665943419259 0.0172305877320375 -0.0323954007014525 -0.00620800360681097 -0.0646409095994293 -0.177781095199185 1.51558081964563 374.679460810468 -332700.521403878 102.27724898821 119.615058952145 80.8210210316167 988756.221889974
94400 0.1888 -1.42274094797838 0.0223249539850619 0.012542560613401 0.0220983704017266 -0.0701476406630913 -0.200970077349717 1.48713447862034 375.78728324935 -332709.459759318 102.278444463108 119.667421798439 80.8010996559619 988956.797686671
94500 0.189 -1.472337718443 -0.0119297872453553 -0.0251508620024403 -0.0161223322033066 -0.0375741816534474 -0.22246712578852 1.50570517440372 372.285211238345 -332685.861384096 102.264375905094 119.679246568216 80.781178280307 988674.657907826
94600 0.1892 -1.43327077445743 0.0132396159095415 0.0218938800295434 -0.0064213483836268 -0.0684371650737659 -0.20548172112594 1.49860886814521 374.108949018481 -332699.863352287 102.272887496406 119.729623371261 80.7612569046522 988929.206667668
94700 0.1894 -1.47383721979195 -0.0361115276824137 -0.0118924378046128 -0.00407107757768072 -0.065899691827749 -0.204965212786493 1.49718815863201 373.908202662816 -332699.492658956 102.262055921289 119.732187111539 80.7413355289974 988601.725529275
94800 0.1896 -1.41714267507432 0.0125433125312085 0.0244082582143067 -0.013208202879008 -0.0487797809400227 -0.192138070060663 1.47631935282782 374.535741969533 -332706.175406401 102.276431928017 119.778551907965 80.7214141533426 988879.533465704
94900 0.1898 -1.46824789189942 -0.0224410267981934 0.00193247454528931 -0.0169540259708597 -0.0702875291136957 -0.195481741433905 1.50216962931928 374.519212190685 -332705.958727602 102.272675539774 119.778415804144 80.7014927776877 988598.052450602
95000 0.19 -1.4269558268522 0.0200805658277681 -0.0187208039429818 -0.0101729635003598 -0.0363366833459181 -0.21980248256869 1.47935249320478 372.607151717278 -332693.979428536 102.302432730286 119.802907218814 80.6815714020329 988843.735459953
95100 0.1902 -1.41315951472263 -0.00903599230233912 0.0104374109851183 -0.0165033085533625 -0.0324354716667605 -0.180858283236487 1.44961634792077 373.242732010293 -332699.289761902 102.274757763285 119.876397783036 80.6616500263781 988938.410950339
95200 0.1904 -1.41059416423959 -0.0237996149690069 -0.0375068295512021 -0.0173772452221239 -0.0161485815828272 -0.224672822725496 1.43439875452407 373.00201228689 -332697.388455774 102.269181095405 119.8986540984 80.6417286507233 988823.809921537
95300 0.1906 -1.40414379362678 0.0343935345006931 0.0133659776612546 -0.00137459240841629 -0.00219164517648014 -0.202967464133678 1.47077881751781 372.052779922369 -332690.353517358 102.292401674705 119.945144300688 80.6218072750684 989187.400364019
95400 0.1908 -1.42302053939702 -0.0285671181970958 0.0140285735312255 -0.00672648863877698 -0.0120953569660864 -0.221409128275454 1.46743077556955 373.108196507443 -332699.23125316 102.261076964949 119.953248814054 80.6018858994136 988706.935255523
95500 0.191 -1.43330522922213 0.0270935382943939 0.00501494535777419 -0.0230987282429894 -0.0221045558696626 -0.191608652159394 1.48802439132349 373.425754630914 -332701.664794426 102.285750185481 119.969052992976 80.5819645237588 988831.325929025
95600 0.1912 -1.44451582952185 0.0294927980586979 0.00306818944100627 -0.0251886912761388 -0.0136827750633082 -0.20932133051957 1.50610787023239 373.30371316369 -332700.898543254 102.297354735345 119.980248725904 80.562043148104 988791.292877751
95700 0.1914 -1.45502611235641 0.0182821902504181 0.022893435480329 -0.0077698056212639 -0.0188470222243319 -0.2395184989849 1.53323399337533 372.79486642533 -332698.209850506 102.286368616686 120.02463868292 80.5421217724492 988806.321182731
95800 0.1916 -1.51487257023382 0.00260233766452013 -0.0323101572441658 -0.0173218627839058 0.00239947296046853 -0.219797105151699 1.54816661212782 372.779502002635 -332699.695445395 102.259923688388 120.057457605558 80.5222003967943 988576.405210507
95900 0.1918 -1.46739559354897 -0.0330176189228319 0.0363082166199002 -0.0406958202944834 -0.0390312775546553 -0.242963622136891 1.53242240698769 373.282500720575 -332702.04341745 102.246696957783 120.143265216289 80.5022790211395 988910.284492179
96000 0.192 -1.46270437327518 -0.0145982267607644 -0.0405443246961647 -0.0484228740687608 -0.0344908102658835 -0.230292326189573 1.49325776286468 373.58978840152 -332703.897640059 102.264167729843 120.125888307811 80.4823576454847 988691.4774344
96100 0.1922 -1.41179529490895 0.019457625461568 -0.00441862858197533 -0.014726324640847 -0.0600941572781741 -0.237030552793245 1.48152522936688 372.340246949467 -332694.764253865 102.299144377047 120.137428879935 80.4624362698299 988879.816059271
96200 0.1924 -1.43879352831984 0.00130710973174371 -0.0157687185988628 -0.0287134540301723 -0.0341720756322074 -0.234134016487803 1.48997426587569 374.241594532199 -332706.0663689 102.301355304475 120.149315167734 80.442514894175 988754.166733824
96300 0.1926 -1.45059098971465 -0.00646107026926346 -0.00882838685795125 -0.00728006435474132 -0.0493090397178272 -0.226850908051278 1.49797705635514 372.833392318262 -332696.443985115 102.299015938287 120.173428658664 80.4225935185202 988685.085104474
96400 0.1928 -1.40469894780042 0.0357204557250464 0.0235550188517164 -0.0205727505088547 -0.0611066250296277 -0.23386780906778 1.49465278710301 373.984753790306 -332704.056075307 102.308358154519 120.234337373416 80.4026721428654 989031.473067513
96500 0.193 -1.48967733517937 -0.0574927628316172 -0.0391106869627717 -0.00579520008118258 -0.0425158245782729 -0.233457658832816 1.49894898175522 373.037621432382 -332696.278897673 102.280115843988 120.229346236424 80.3827507672106 988472.430408778
96600 0.1932 -1.44254226720256 0.031184215497955 0.0266552551721191 -0.00913391674164989 -0.0115978407182896 -0.246063130246515 1.53215887418911 371.935305330812 -332687.275799547 102.347294579082 120.267414636879 80.3628293915557 989189.644260101
96700 0.1934 -1.54247086377218 -0.0325220878525701 -0.035425395637921 -0.0135914913037943 -0.00989025768375843 -0.232586985748942 1.56163620743715 372.975940082204 -332695.629563397 102.299912266228 120.268012441071 80.3429080159009 988491.506617156
96800 0.1936 -1.48055213321828 -0.0153680650849765 0.0477060726981616 -0.0156883648196663 -0.0339673885081441 -0.248816442960765 1.55983541242053 372.417865152111 -332690.219158616 102.309518243571 120.324424568629 80.3229866402461 988802.786234178
96900 0.1938 -1.52690397119819 -0.0343116938002488 -0.00520929785502809 -0.0197538447052876 -0.0244220381042188 -0.238145635534219 1.56371885247596 374.5125827671 -332706.71020721 102.36318215246 120.250505235665 80.3030652645913 988468.448050118
97000 0.194 -1.52823844779054 0.0304311942763192 -0.0311727846963377 -0.0218958078347674 -0.0169487522520535 -0.222987705801349 1.57756028794384 374.180549886368 -332704.125849722 102.415477306234 120.2256031973 80.2831438889365 988523.342967247
97100 0.1942 -1.51318825102685 0.0320661389651225 0.0053294772199317 -0.0476105621385451 -0.0286892190999431 -0.241205157256849 1.59091807751257 372.743737647469 -332692.287800333 102.418299260055 120.280438776425 80.2632225132816 988756.054448724
97200 0.1944 -1.57458964034089 -0.0414161743153197 -0.0252366571547982 -0.0129985435955644 -0.0213396049709084 -0.239937533520955 1.59695702594282 374.075036564638 -332704.88135334 102.385444955802 120.297707642223 80.2433011376268 988335.421401867
97300 0.1946 -1.50233493891382 0.0154075297813659 0.0438674679359176 -0.0577954190358428 -0.0167928862439196 -0.262739128261509 1.60172079626349 373.084037974349 -332693.950314658 102.41893363891 120.33963576883 80.223379761972 988757.741931984
97400 0.1948 -1.6008846416741 -0.0149623669188423 -0.0555387807208578 -0.0452924695228991 -0.0215140402036788 -0.242861374115332 1.62386347785745 375.037117024083 -332708.408366136 102.425641573421 120.280422943229 80.2034583863172 988090.525618335
97500 0.195 -1.52421049873366 0.0141558693234828 0.0496168941106124 -0.0282373507766265 -0.00469827819197536 -0.258118540502247 1.62009704116797 372.759403908009 -332691.223144398 102.44893915667 120.343942820211 80.1835370106623 988591.589929547
97600 0.1952 -1.58437841576454 -0.0154968757968321 0.00310294114369055 -0.0251794585184623 0.00838056185207883 -0.270784942672184 1.64711940109547 373.521239160144 -332694.864230731 102.441500783913 120.339957642676 80.1636156350075 988241.490999948
97700 0.1954 -1.56166645033169 0.0313618621571152 -0.00525398162382334 -0.0189995804640514 -0.0350150822746828 -0.26460220513685 1.64181422505758 371.790528649895 -332681.907865701 102.481686968645 120.360730704998 80.1436942593527 988554.093938122
97800 0.1956 -1.59878489845987 0.000934020551475595 -0.0125725868330964 -0.0129870788002914 -0.00412514526168629 -0.269223242439865 1.66002312599801 372.756107953558 -332689.790887976 102.46051584234 120.38864580226 80.1237728836979 988333.368799502
97900 0.1958 -1.58909970130473 0.0038833371012676 0.0170435286387362 -0.0297021343341249 -0.0167372240591545 -0.273143270336712 1.66914376431217 374.340677728958 -332701.633612024 102.461183600831 120.416473621942 80.1038515080431 988322.474390378
98000 0.196 -1.59850228719835 0.0396518070976243 -0.0233124627965228 -0.0110767964230027 -0.0240258346605971 -0.271640457968717 1.67565914883883 374.590707761113 -332704.583148727 102.478669426987 120.441129400356 80.0839301323882 988447.654788874
98100 0.1962 -1.57588016113413 0.00314799382590338 0.00474141906735384 -0.0256276078659382 -0.00961900819519549 -0.275816872935687 1.65115755077412 372.222748060194 -332687.446966203 102.440559670751 120.530529168178 80.0640087567334 988567.519104646
98200 0.1964 -1.59776341901249 -0.051613084145956 -0.00253419968634553 -0.0161318067998139 -0.0294816900801031 -0.2914746695797 1.65140352224749 374.141350316806 -332701.851784791 102.390236696757 120.597683913085 80.0440873810786 988386.424176732
98300 0.1966 -1.54914058281669 0.0327361931573988 -0.00778130367542373 -0.0315074761555044 -0.0468431194073785 -0.292978908284998 1.64528205284791 374.444305020356 -332704.678905665 102.41061643696 120.628969296298 80.0241660054238 988593.507732723
98400 0.1968 -1.53909801171148 0.0048609825276753 -0.00223959936804319 -0.0437008690267367 -0.0529335239176289 -0.286074737579553 1.62251293524604 372.420510506917 -332690.71470966 102.405386700792 120.645159219439 80.0042446297689 988429.575863231
98500 0.197 -1.5220903923847 -0.014861712029128 0.00774837102375921 -0.0230004886025288 -0.034001642095229 -0.289983467448256 1.60114169047836 373.399549562257 -332699.245974357 102.429930956713 120.656503956735 79.9843232541141 988513.243228443
98600 0.1972 -1.53103453386144 0.0206369205152659 -0.0055625342653837 -0.0256650604594078 -0.00445768994148773 -0.279644616724012 1.61380197100732 373.07433512518 -332695.67996216 102.454588518783 120.670666679982 79.9644018784593 988620.97112204
98700 0.1974 -1.56154810890435 -0.0202939853435978 -0.0241885423302298 -0.0248688968455384 -0.0221152471044582 -0.275582774948712 1.6126491171522 374.564289515708 -332708.024902432 102.419954978046 120.697420925341 79.9444805028045 988259.631095118
98800 0.1976 -1.54606922945994 0.0449766346149542 0.0153013401364002 -0.0431730769503287 -0.0611802776173884 -0.262412084714193 1.64575026647033 375.076054063736 -332711.211785115 102.439528232162 120.751310303835 79.9245591271496 988643.399362547
98900 0.1978 -1.56246852079773 -0.0399387762141459 -0.0191550970398763 -0.0320718343521639 -0.0464548513481556 -0.262041586985062 1.60178959337764 373.75908501344 -332701.459696591 102.419422224496 120.767440285426 79.9046377514948 988334.987489772
99000 0.198 -1.53404576896007 0.00747395055827631 -0.00728425730242517 -0.036359531376816 -0.0564493274227454 -0.276482285716576 1.6113980796599 373.871270549485 -332702.600643282 102.440443389076 120.801879191388 79.88471637584 988573.210701855
99100 0.1982 -1.57059479994984 -0.0201141639381805 0.024257772233603 -0.0212111097708637 -0.0344346325063583 -0.257596428759745 1.63668311679245 373.562690844872 -332701.896940603 102.433611964135 120.829389383369 79.8647950001852 988485.831839824
99200 0.1984 -1.55919853989291 -0.0142879086514821 -0.00071631652447436 -0.0277054761886214 -0.012014758992575 -0.27077468621086 1.6219101637288 375.718775911455 -332717.966925653 102.44561977703 120.835755362794 79.8448736245304 988407.183988907
99300 0.1986 -1.56968061380311 0.0337154005299847 -0.00351616264711734 -0.0279919748225377 -0.0335697714619961 -0.257702036972452 1.64849339952606 374.551316944016 -332709.42361337 102.45590349305 120.864878948098 79.8249522488755 988497.957473655
99400 0.1988 -1.53459892839019 -0.00953158683665001 0.000223690007528079 -0.0365545750111441 -0.0282598976202839 -0.261222690563923 1.59747283993249 372.949953353406 -332698.596396314 102.445071259034 120.897229633656 79.8050308732207 988411.268327615
99500 0.199 -1.55258676144067 0.0173670842217074 -0.0251387583245602 -0.0452885848250769 -0.035711436577231 -0.266751488640071 1.61965359602623 372.529376107019 -332696.51096474 102.475017572947 120.894176910551 79.7851094975659 988428.43272097
99600 0.1992 -1.50942676967373 0.0125135458936825 0.00692162561227109 -0.0352657914195128 -0.0322105184535439 -0.239750810887951 1.57705673943549 373.456311869621 -332704.615064465 102.477919774064 120.952334776792 79.7651881219111 988685.012779797
99700 0.1994 -1.54704305988032 -0.00797315936582846 -0.0220595897657301 -0.0346153185062405 -0.0268086662477426 -0.234222860749081 1.58669039362857 372.695644863768 -332700.040415019 102.463345924915 120.967615774785 79.7452667462562 988422.37872128
99800 0.1996 -1.52277570800075 -0.000699755191548986 0.0244550715236378 -0.0412932071436081 -0.0239475782210313 -0.23355486655625 1.58937566412736 373.304058919103 -332703.519613752 102.475560686806 121.006247681165 79.7253453706014 988608.878531022
99900 0.1998 -1.4726042690232 0.0155353575931806 -0.0054107454494996 -0.0385651013555076 -0.00672386454101957 -0.259851590999587 1.5462837843693 373.206129421719 -332703.598631015 102.476786687147 121.046846616654 79.7054239949466 988705.284728242
100000 0.2 -1.4993346166247 0.00655685479645426 -0.0011836189583066 -0.0325086993864583 -0.0267065969271658 -0.235082318306295 1.55795185674248 372.403418227668 -332699.182252715 102.460648602875 121.089433114557 79.6855026192918 988650.210333385
100100 0.2002 -1.51562172083871 -0.000142228105067749 -0.00955622175806563 -0.0448050933458214 -0.0195719364608992 -0.262517064097223 1.58000547465293 373.473684198989 -332708.05022151 102.439353722173 121.147065751354 79.665581243637 988667.956952548
100200 0.2004 -1.56175459728098 -0.0368889219663716 -0.00312838703934929 -0.0253197723149888 -0.0274207670690287 -0.255581268246016 1.60560882670925 374.15647680054 -332714.21578351 102.410844210847 121.182757204394 79.6456598679821 988436.764665872
100300 0.2006 -1.56721578448751 0.0431338523125952 -0.012146806426442 -0.00781061131344308 -0.0266295053268948 -0.245397652778095 1.64019241183055 374.272764898131 -332713.886121278 102.432219021163 121.202814863913 79.6257384923273 988559.378206808
100400 0.2008 -1.55334739693624 0.00259646657591607 0.0244189140549384 -0.0333051240081069 -0.0104956250823427 -0.249920313011232 1.62678538403718 372.93081435228 -332704.701045034 102.405942904187 121.252217371776 79.6058171166725 988461.263707937
100500 0.201 -1.52593406748563 -0.0120878864116762 -0.00171509924360608 -0.0196790132672665 -0.017083395453786 -0.238347822834013 1.57480380706508 374.618988105478 -332717.610692013 102.422402407009 121.260463760509 79.5858957410177 988439.954114336
100600 0.2012 -1.55326796780736 -0.00206024726993908 -0.0106290111675896 -0.0256353455621846 -0.0128015800128946 -0.204963686470833 1.58792958778091 374.241661481564 -332713.778203629 102.450187172041 121.257427572817 79.5659743653628 988435.85838221
100700 0.2014 -1.56113282796513 0.0136618806737811 -0.0280965799977936 -0.0180405160391921 -0.0117041836573783 -0.22172951200079 1.60151191514979 374.976644602328 -332722.500380112 102.458856913147 121.2689802335 79.546052989708 988366.159084657
100800 0.2016 -1.54792962389035 -0.0109099854748998 0.0249843812397056 -0.0455897410050606 -0.0111311532357463 -0.197474599243107 1.59451677764642 373.764572176817 -332715.2882483 102.455079633268 121.321221552899 79.5261316140532 988507.860845145
100900 0.2018 -1.56964474027639 0.0417508594789541 -0.0164746535526758 -0.0315351588129861 -0.0120140849876826 -0.187947018575939 1.61726630849688 374.10377916416 -332719.693132806 102.477314294789 121.319427831397 79.5062102383984 988460.095028809
101000 0.202 -1.59337177908167 0.00249907203415872 0.0109031756550241 -0.0215265843826301 -0.0227296332600059 -0.201239241161823 1.63851092554711 374.677104971348 -332726.123649465 102.459691223114 121.35717311201 79.4862888627435 988349.882262618
101100 0.2022 -1.58097781153146 -0.0313995518333253 0.000255436561353029 -0.0372931960703632 -0.0377803600453128 -0.193749090236304 1.60384452088843 375.874005348451 -332737.621918926 102.47349666181 121.359678787989 79.4663674870887 988255.716816224
101200 0.2024 -1.51697082677042 0.0177586758492264 -0.00586866307539043 -0.0151141325605144 -0.0172632741866419 -0.177990699322396 1.55444934407388 375.656298930936 -332737.314305257 102.515696954181 121.370160145879 79.4464461114339 988500.215224233
101300 0.2026 -1.57865085464495 0.00404091238555005 -0.00833195968152928 -0.00683537259453409 -0.0220399036111602 -0.176350885912923 1.60635619291928 373.312570638598 -332720.808988669 102.502614657678 121.4046049945 79.4265247357791 988406.663296898
101400 0.2028 -1.60414741514365 -0.0045234895068431 -0.0251621812873886 -0.0420549129328888 -0.0520267767784124 -0.170487450529465 1.62075063778407 374.298985437839 -332732.537992233 102.490907731753 121.427419724308 79.4066033601243 988231.573983021
101500 0.203 -1.58449309918543 0.0312585332209458 -0.0186120595506244 -0.00548671298647004 -0.0375597195180204 -0.199832502211607 1.62993359325985 373.912227676152 -332730.412665917 102.508153973538 121.474758144165 79.3866819844694 988535.127042318
101600 0.2032 -1.60986063837013 -0.024371611546604 -0.00770088503970795 -0.0241943374482574 -0.0532762856189444 -0.211245203193867 1.63848387681568 373.208691543223 -332726.741482025 102.477266504032 121.517985796338 79.3667606088146 988340.858107982
101700 0.2034 -1.54728511073698 0.029163906818569 0.0330355607752318 0.00748628809568048 -0.0614096596145176 -0.195528004992488 1.61786437452334 375.495853437192 -332744.320032342 102.492433735766 121.563664992991 79.3468392331598 988610.50787743
101800 0.2036 -1.5386621416592 -0.0365240929297004 -0.0241969995299716 -0.0226623603880061 -0.0622522134082056 -0.201518840317364 1.55244451162186 373.746879104862 -332734.79436129 102.481498245287 121.568924887098 79.326917857505 988299.606998661
101900 0.2038 -1.51778722911475 0.0109290488241065 -0.0222031001895103 -0.0334618258099227 -0.065584157383194 -0.228236988500743 1.56842622951529 373.934921387123 -332736.580809712 102.473713596898 121.597312321196 79.3069964818501 988207.062705609
102000 0.204 -1.52902269822804 -0.018466003398847 0.0200688104065449 -0.0278452535185567 -0.0553295399735017 -0.202510701819664 1.57353658445303 375.802841683977 -332752.297966446 102.450575932185 121.647997790563 79.2870751061953 988147.477811894
102100 0.2042 -1.57075950009241 -0.0217009959692501 -0.0283191906461185 -0.0270550272099623 -0.0640897650795419 -0.218707690993866 1.59605502997433 374.757197250344 -332746.949346234 102.448344935905 121.65925543519 79.2671537305405 987969.107697763
102200 0.2044 -1.54480044912314 0.03270968854907 -0.00479465133152347 -0.0298979558033028 -0.0556293696511646 -0.193085459374288 1.59830937588831 373.468379484293 -332739.870874502 102.478523123085 121.698056449444 79.2472323548857 988326.873020254
102300 0.2046 -1.58788639549283 -0.032835402324195 -0.0201627717805082 0.00200481878952153 -0.0638223148474806 -0.197992619585138 1.60246245739981 374.360089315388 -332748.13591602 102.440788533373 121.748475959409 79.2273109792309 988123.805300243
102400 0.2048 -1.54944270565715 0.00150041692430721 0.0218939213518083 -0.00696466094214473 -0.0576489292355624 -0.179729590415591 1.59514686583641 374.129709564252 -332746.407925481 102.450523663516 121.803418290937 79.207389603576 988415.073405061
102500 0.205 -1.57566630726255 0.00739244667854845 -0.0309962592534064 -0.0234570037469568 -0.066214090529247 -0.204741041595577 1.60852026004143 375.038617526187 -332754.681503513 102.455548110238 121.8152294536 79.1874682279212 988310.766653619
102600 0.2052 -1.55539260154724 -0.0191643474288418 -0.0242576918038869 0.00524209500687733 -0.0674426115164679 -0.193452433602055 1.57422937966359 373.606906660477 -332745.133080782 102.449678708436 121.861010102528 79.1675468522664 988376.844240998
102700 0.2054 -1.54269333052961 -0.0048837215713748 0.0411463530983014 0.00267635803626439 -0.0769902978518337 -0.193093427619053 1.60231765709626 375.505310945889 -332757.743803036 102.460240211546 121.892042279375 79.1476254766116 988481.65417222
102800 0.2056 -1.58349609317211 -0.0178427114710698 -0.0458614291971917 0.0140689341338568 -0.0495287581767109 -0.205088108033106 1.59446682454307 374.857881390571 -332754.477007997 102.470369458496 121.880049820128 79.1277041009567 988233.31352754
102900 0.2058 -1.52304251841976 0.0233854318548425 0.00175275226593702 0.00999294321535599 -0.0629237922276299 -0.198279478158364 1.57752212024573 373.898506687306 -332748.573714374 102.470294130676 121.951617255785 79.1077827253019 988563.927101279
103000 0.206 -1.54490094209558 -0.0425948834559699 0.000834002822066982 0.0162492917575361 -0.0742513956427547 -0.181654355843155 1.56217152824747 373.028426596603 -332741.411386873 102.441492709039 122.001132253663 79.0878613496471 988438.359144144
103100 0.2062 -1.54055868399523 -0.00325195202616655 0.00997890768555282 0.00519711804098602 -0.0589423643858751 -0.208276259451456 1.58885731622759 374.49816947493 -332754.660397204 102.460511047187 122.017102626667 79.0679399739923 988502.221756206
103200 0.2064 -1.57563359974135 -0.00662527467388231 -0.00137920609823604 0.0190535356550372 -0.0757258497997409 -0.210855864397634 1.61917222120896 374.990196030717 -332758.547709017 102.479446489062 122.015699632893 79.0480185983374 988424.436967854
103300 0.2066 -1.5665258650343 0.0119793889812311 0.00654395319080822 0.0134433198387306 -0.0681623162714136 -0.199717425766406 1.61779792930125 373.120965043857 -332748.608732182 102.500802787119 122.018919318228 79.0280972226826 988407.350650368
103400 0.2068 -1.57955384563048 -0.0241541408994914 -0.0447723215179822 0.0177343766204774 -0.0725254221197383 -0.189094780837781 1.58480840549472 372.686046031553 -332749.409872539 102.499557397135 122.039733073378 79.0081758470278 988314.743188722
103500 0.207 -1.57037750086649 0.00849093513482658 0.0230461425679757 0.00229808816518464 -0.0762830548234149 -0.19817073304982 1.62828321405094 374.35633764796 -332761.146266828 102.483794981174 122.111818367278 78.988254471373 988497.132894961
103600 0.2072 -1.53491328442292 -0.0121718471056727 0.00428882576509655 0.0152679323477576 -0.066588943542424 -0.187872727892441 1.5697031134832 373.596910900497 -332758.127903403 102.495628847506 122.120788370599 78.9683330957182 988434.543156578
103700 0.2074 -1.55249781981666 -0.00120114269355861 -0.0434848757426969 0.024205498224573 -0.0731087737911145 -0.18212012557435 1.56844199676766 371.720833434152 -332744.174726672 102.531865271514 122.099399395514 78.9484117200633 988361.416555038
103800 0.2076 -1.5292300885126 0.0191213698681991 0.00865399125764965 0.0237280141355982 -0.0774347994260405 -0.165942271553596 1.57593865256991 374.623450570735 -332768.206544284 102.537647863859 122.121586817158 78.9284903444085 988347.31276815
103900 0.2078 -1.54421676488272 -0.0163144254238658 0.0105847337723348 0.00377189920098696 -0.0701575153254037 -0.174801069510399 1.5756851101033 373.859568338889 -332763.893504524 102.526230437602 122.151218534695 78.9085689687537 988227.559228154
104000 0.208 -1.52598726310352 0.00180302427769761 -0.00300546717491483 0.0261160703198558 -0.084697862143231 -0.158009267742369 1.55733362972979 372.9033325096 -332758.052501471 102.539217920985 122.173459563472 78.8886475930989 988283.13336997
104100 0.2082 -1.54736821182179 0.00812835738920028 -0.00286188561699896 0.0157133296483457 -0.062183460432063 -0.158686598292995 1.57812561630904 374.019437985172 -332767.485465144 102.558001167754 122.192717767134 78.868726217444 988370.328268553
104200 0.2084 -1.53527682472365 0.00396488281507632 -0.0114656126328018 -0.00279674681068287 -0.0844707799102602 -0.133623955180399 1.55587511060606 372.995498897686 -332763.614193476 102.542903130275 122.225067279571 78.8488048417892 988236.769219752
104300 0.2086 -1.60075320708661 -0.00452629761720665 0.00234055780342803 0.00269070425808013 -0.0900927161524424 -0.165232815255364 1.632551996573 375.062832701753 -332781.625179446 102.515168843173 122.269454252993 78.8288834661344 988078.570320112
104400 0.2088 -1.60057051713532 0.0091439682737915 0.0187669634262895 0.0132159077088532 -0.0924036096634971 -0.168584916897621 1.6486859876168 374.156870594283 -332775.941470245 102.524089001033 122.308918299403 78.8089620904796 988233.682640636
104500 0.209 -1.60458441231731 -0.0204072015750553 0.0102306150303147 0.00189930556765008 -0.0796754893086792 -0.146446359632447 1.6255727677708 372.457149935504 -332765.992044529 102.54588587314 122.301696398761 78.7890407148248 988135.57485133
104600 0.2092 -1.57999109696878 0.00698496045668204 0.00554218760781425 0.00123237164957754 -0.0896241757342588 -0.156665440523719 1.61676827593782 374.967117939388 -332786.618588971 102.587672239112 122.305345103817 78.7691193391699 988317.767450904
104700 0.2094 -1.59992746576721 -0.0265917520609785 -0.0175924507856458 0.00348290795537867 -0.0811289068338907 -0.137923020758583 1.60202233037589 372.823058557807 -332772.329373209 102.594618198818 122.313346269784 78.7491979635151 988199.356558942
104800 0.2096 -1.60016918662543 -0.00189127363688854 -0.0127526430288333 -0.00981789498491761 -0.0619504740580644 -0.117888256337199 1.60957958782058 372.274086688466 -332768.157162439 102.621051916204 122.330174077423 78.7292765878603 988339.873175719
104900 0.2098 -1.57479294027325 0.0225922723097967 -0.0157274628018117 -0.0220294126201783 -0.0898661580010863 -0.137047588297301 1.60434607543315 374.649949712188 -332785.182304588 102.609960485743 122.376957370968 78.7093552122055 988360.831913941
105000 0.21 -1.60521856564172 -0.00410880345614081 -0.0161110225758935 0.0148911442606351 -0.0752840625669309 -0.151186315143883 1.6219494036657 372.834677559138 -332773.382933036 102.552606816992 122.458247712212 78.6894338365506 988214.371802952
105100 0.2102 -1.62671695256469 -0.019589202132567 0.0494674796954398 0.0144118682800613 -0.0647559513144979 -0.138737304809418 1.66419907643404 373.164302100805 -332775.937737594 102.51576815166 122.536864824095 78.6695124608958 988243.333603559
105200 0.2104 -1.63823224466453 -0.0316047696227703 -0.0196069092064227 0.00272668451244735 -0.0775793397965497 -0.141957306793106 1.63682787169916 373.576231653384 -332780.985928652 102.551829825523 122.494903790136 78.649591085241 988002.182107112
105300 0.2106 -1.60763946439586 0.0412884390321809 -0.00932978005779334 0.0115771332902372 -0.0526803527686769 -0.138309927768628 1.64443798850409 372.373767672433 -332770.49865408 102.609636106209 122.49800236153 78.6296697095862 988333.702745983
105400 0.2108 -1.61338995935977 -0.0295383126515433 -0.0363385762849202 0.0260919878836138 -0.0660248899661961 -0.145731650201452 1.60520872443545 373.275540932473 -332777.498347506 102.567169008289 122.544646035875 78.6097483339313 988050.440661312
105500 0.211 -1.60541311558975 -0.0195224536829928 0.0271124916365185 0.00629263826140743 -0.0684331870659441 -0.1384698634479 1.63183079342298 373.264132965726 -332779.276088279 102.543745440005 122.630497693267 78.5898269582765 988266.330433641
105600 0.2112 -1.62015188678708 -0.0284382079657705 -0.026390874976719 0.0208941535835513 -0.0630813078622982 -0.142489657372152 1.61585047370847 374.181464040663 -332785.261216569 102.549783979552 122.631117798595 78.5699055826217 988078.997445428
105700 0.2114 -1.61363580976378 0.0317868771384419 0.00949027023984786 0.0105854126393045 -0.0763617836438806 -0.132670377009692 1.65585609885448 376.461906793917 -332804.975398327 102.583399225384 122.636583286627 78.5499842069669 988196.315455185
105800 0.2116 -1.63763742396956 -0.00155859417260056 0.00186978823143297 0.011193473035063 -0.0910011128288958 -0.115605444259611 1.65761519670243 374.727776467165 -332794.900958413 102.572121353745 122.663823467815 78.5300628313121 988056.501230882
105900 0.2118 -1.62639246186633 -0.0184914413134776 -0.0170552264326177 0.00932932870470808 -0.0638419504513739 -0.139808059846697 1.63057794042775 372.966470276627 -332784.299186413 102.570868402278 122.695590164561 78.5101414556572 988049.59888707
106000 0.212 -1.63171541254965 -0.0226997051835044 0.0168428945694223 0.00884530133111686 -0.0761812535120677 -0.146954742391934 1.65425281774586 375.59664313632 -332806.924055311 102.568348140905 122.726769993433 78.4902200800024 988025.634085679
106100 0.2122 -1.62442042106237 0.00774974198795234 -0.0562144696550967 0.00839953413983778 -0.0773426324602341 -0.146530068667372 1.62672704279358 372.769699772626 -332786.468427894 102.595900228979 122.714772877492 78.4702987043476 987943.618408372
106200 0.2124 -1.57494114580109 0.0365994033819721 -0.00405366748689426 -0.0101656395145661 -0.0601674272714701 -0.136187171620548 1.61245550556099 373.173326242371 -332790.581752412 102.609771858127 122.773479832516 78.4503773286928 988298.927891713
106300 0.2126 -1.62509797569347 -0.0323635970061218 -0.00900948022671075 -0.0200001991177876 -0.0842639167517145 -0.109273428881218 1.62261160299476 374.92007973418 -332805.791023898 102.576313400605 122.817862861904 78.4304559530379 988082.851918802
106400 0.2128 -1.57535030939969 -0.00907856163769849 0.0112461031254079 -0.0202633299839406 -0.0865619409624282 -0.133331980405408 1.60078018338823 373.252893713946 -332796.028400718 102.609944279892 122.833521969914 78.4105345773831 988281.739440968
106500 0.213 -1.61355439717961 0.0247591389741312 -0.0126389179369339 -0.0187342130189913 -0.0730234763267619 -0.126859884090924 1.63997884181888 374.408618208756 -332806.972105043 102.633160339526 122.830527832648 78.3906132017283 988230.109664689
106600 0.2132 -1.62847863646205 -0.00194465220728118 -0.00278706749506379 -0.00837158262026483 -0.0924521365168414 -0.126993001331592 1.64878058106368 373.940961062263 -332803.166740183 102.636052591696 122.855597165884 78.3706918260735 988208.462016197
106700 0.2134 -1.6655753527698 -0.000337510573428096 -0.0261836153624291 -0.0206116740270097 -0.0814323602086318 -0.124392683087126 1.67279227952859 374.742276976414 -332812.054944162 102.628245941423 122.873785374685 78.3507704504187 988028.371084534
106800 0.2136 -1.65678111767032 -0.0102157801753141 0.0158431626481375 -6.19836769134518e-05 -0.0557121867905454 -0.143274759758592 1.68096958814683 374.424995020014 -332813.427859416 102.623612720606 122.923337984809 78.3308490747638 988130.895631051
106900 0.2138 -1.65227925544017 0.0129494617393797 -0.00415892835696524 0.00265139367996366 -0.077383445463818 -0.104711014538612 1.67202537878347 373.57008870521 -332808.980985383 102.62875424139 122.935688720633 78.310927699109 988028.346522761
107000 0.214 -1.65688735639055 0.0340907340382251 -0.0154616517940283 0.00511936096825403 -0.0422749900671803 -0.0873943940037664 1.67523843995909 373.611300149244 -332810.8016279 102.622184336206 122.985741350462 78.2910063234542 988115.912574017
107100 0.2142 -1.66234528264984 -0.051850580332005 0.0211268574518812 0.00929495865871875 -0.0547948256788768 -0.106302432985301 1.66123926599022 373.540166298048 -332813.913086605 102.585916503 123.040479154183 78.2710849477994 987954.878974836
107200 0.2144 -1.64658214263783 9.85816181397464e-05 -0.00049650585064628 0.016675241921272 -0.0655308533376095 -0.111205348657554 1.66174450524386 374.396007468829 -332820.43634003 102.63422234976 123.038106933335 78.2511635721445 988149.466712745
107300 0.2146 -1.64948001755548 -0.00783297452546288 -0.029542533605818 -0.0077762610180906 -0.0416946980422083 -0.11129666513442 1.64389612890407 372.775528780186 -332809.277239351 102.656093666732 123.034162647741 78.2312421964897 988076.745646965
107400 0.2148 -1.65513223368963 -0.0203652906480263 0.000887287497902105 0.0103752605637834 -0.0539979182872267 -0.0973354186736828 1.65684955779495 374.430811703039 -332822.348321252 102.644711715333 123.060471667158 78.2113208208349 987926.818101695
107500 0.215 -1.62512012306832 0.0142954731048834 -0.00227726211200937 0.0192066264117908 -0.0682039163332167 -0.0661215557630868 1.63980692109047 373.42399489904 -332814.776041321 102.666804495273 123.081722591455 78.1913994451801 988058.359036218
107600 0.2152 -1.68975345656046 0.0118526335607451 -0.040470747226527 0.0255875204491503 -0.0650345419489325 -0.0789296333182867 1.68597435873332 373.393504187996 -332815.724877882 102.646965823396 123.090782799351 78.1714780695252 987688.446731635
107700 0.2154 -1.68153763912164 -0.0171009752121539 0.0311007787109794 0.0141088343848277 -0.0575292254441433 -0.093545655468314 1.69990586965176 373.093743687699 -332813.330175486 102.632284674675 123.158215509217 78.1515566938704 987836.382644724
107800 0.2156 -1.67307882002312 0.00323216928574053 -0.00509095078205234 0.0107059974367965 -0.0513406458127215 -0.102861992557172 1.68408101912871 372.278415391908 -332807.742717201 102.673843929883 123.143562982005 78.1316353182156 987866.93872617
107900 0.2158 -1.63541613931215 -0.00808055333203223 -0.0286208193884413 0.0157130643057199 -0.0620567592209507 -0.0873637680552631 1.62800743708342 373.572305695158 -332818.409608904 102.716193374074 123.144371865651 78.1117139425608 988028.907698257
108000 0.216 -1.65246527514915 -0.0258038236317157 -0.00959511870217406 -0.0198034798080697 -0.0478885227462704 -0.0595376257633561 1.64053251335376 373.506885781334 -332818.316720317 102.703237419518 123.199479508793 78.091792566906 988094.310736642
108100 0.2162 -1.60803324731432 0.0106262551946844 0.0517847522179227 0.00532618131672163 -0.0489901434582481 -0.0850518332030431 1.64844194600222 372.126543783279 -332806.85922013 102.718211353754 123.253919118245 78.0718711912511 988422.844524065
108200 0.2164 -1.65078395139012 -0.0254340868405086 -0.0214308447027765 0.00954333778677012 -0.0736805159260066 -0.0865286240084829 1.63930051140524 374.371577029432 -332823.455434767 102.745237847952 123.203041449262 78.0519498155963 988022.620269945
108300 0.2166 -1.60761504192799 0.00268584653316298 -0.00498738348234955 0.00767733275387705 -0.0696813130455673 -0.0574919193186655 1.6141347104765 372.112719888907 -332807.087311565 102.788165859088 123.221609433389 78.0320284399415 988332.075129026
108400 0.2168 -1.62032991740927 -0.024682308876556 -0.0109928504234331 -0.00336939098623855 -0.0680645683017648 -0.07756206565129 1.6124832651464 372.040136493092 -332806.116844176 102.776801187904 123.248376585414 78.0121070642867 988185.125047982
108500 0.217 -1.64956301178699 -0.00543593852917581 0.00187415752207096 0.010031777166179 -0.055056516418091 -0.0873295747328254 1.65755872622306 373.545134625429 -332816.52530073 102.780725376048 123.260359415534 77.9921856886318 988066.555902514
108600 0.2172 -1.58554225581712 0.0274793488694492 -0.0329910545258721 -0.00381545258608507 -0.0407654519970411 -0.0766255246133856 1.59078560845997 373.806062752943 -332819.41380201 102.791117407446 123.28809099566 77.972264312977 988136.317484593
108700 0.2174 -1.64406778608233 -0.0497412487170716 0.0196560138066872 0.0121261634227633 -0.0372697615515519 -0.0716528448504463 1.63625964091183 373.430947787681 -332817.179748926 102.765860907821 123.316497028409 77.9523429373222 987868.681641982
108800 0.2176 -1.67680712494225 0.022317234036356 0.00194021088101729 -0.000868165748468759 -0.023263362080258 -0.0687103322763797 1.69369562094437 373.87143458439 -332821.305431662 102.811929341957 123.307766923551 77.9324215616674 987989.00849161
108900 0.2178 -1.71965808596013 -0.0239183302483998 -0.0127850233209918 -0.0164662305189812 -0.0476838682758632 -0.0812100487029957 1.70937308418863 374.044450991718 -332823.176569611 102.826399458356 123.282005648585 77.9125001860125 987669.087131811
109000 0.218 -1.64522486603817 0.031416717077464 -0.00754282861431361 0.0165007516543717 -0.0748183004934763 -0.0659578368200024 1.6667288674114 373.814653473515 -332822.33433216 102.87612275766 123.294843373947 77.8925788103577 987996.903879367
109100 0.2182 -1.65760214769457 0.00080881383220781 -0.0238241566068462 0.00116543310909378 -0.0419715622217015 -0.0623104205368728 1.65136876217432 373.278335441479 -332818.879673574 102.866576263402 123.323374717331 77.8726574347029 987881.110666713
109200 0.2184 -1.61429910206587 -0.000984839046232578 0.0231353054213428 0.0251113879158106 -0.0593038988635486 -0.0646780138405563 1.63317800769569 371.2112497656 -332803.099163047 102.88061940897 123.366245795033 77.8527360590481 988106.597643744
109300 0.2186 -1.67719566674965 -0.004927554302305 -0.0240978771549329 -0.00131970894563512 -0.0652045063155431 -0.0627101246884525 1.67013412892998 374.038466567939 -332825.739777346 102.899293914155 123.344338359768 77.8328146833933 987857.611775106
109400 0.2188 -1.65619887249414 0.0182297041128368 1.50264486907049e-05 -0.000484398111650167 -0.052335767008778 -0.0319774741241711 1.66878073270571 375.293416069267 -332836.026100835 102.901514641206 123.391083964264 77.8128933077384 988000.377895702
109500 0.219 -1.65656064118122 -0.0264608081455774 0.0325411854672068 -0.00187476447665746 -0.0403154501422068 -0.0281833141778645 1.66257489732952 375.183715419175 -332837.996847404 102.851639344862 123.467017662829 77.7929719320836 987876.238429177
109600 0.2192 -1.67555285043043 -0.00356729569751618 -0.00770143035385684 -0.0146460318182557 -0.024816762515223 -0.0487077332982736 1.67279677085311 373.286845966368 -332824.523496246 102.880506139762 123.482961938541 77.7730505564288 988028.027285906
109700 0.2194 -1.69363442842645 -0.0214099922240267 -0.0422851732145376 0.00448985445486764 -0.0290786647838018 -0.0586818320248244 1.66577015380175 371.434258028649 -332813.078657091 102.917453213043 123.459080242972 77.753129180774 987938.577078006
109800 0.2196 -1.62054847410681 0.034452390925147 -0.00362021412170354 -0.00257164237014186 -0.0343450162273851 -0.0418542427780077 1.63898782960491 374.830135604446 -332838.492927017 102.934263299238 123.510351631339 77.7332078051191 988257.021845833
109900 0.2198 -1.62074880812869 -0.0247180600853921 -0.00856888185981636 0.000389264851009585 -0.0481619945781786 -0.020758192198297 1.60673626492879 373.430344868767 -332829.423875559 102.898518063928 123.540459897237 77.7132864294643 987901.41880875
110000 0.22 -1.65775619958868 0.0324848012102024 -0.0168754966525563 -0.0189761236542685 -0.0492732041754779 -0.0358530354769928 1.66977256737022 373.602939457981 -332831.307158247 102.930104579761 123.556682385957 77.6933650538095 988081.082740282
110100 0.2202 -1.66675544881243 -0.00518119839746081 -0.0147133638802709 0.000585583780044105 -0.0669233871934742 -0.0507166958436696 1.66320030327115 373.746654120515 -332832.892245206 102.904212456081 123.601794069254 77.6734436781547 987939.814296081
110200 0.2204 -1.64520782567885 -0.00187270821603179 0.00824951410554154 -0.00489950905005096 -0.0523839806622264 -0.0317389388547739 1.65185147990212 372.15362841009 -332824.545523072 102.883739854158 123.658639806481 77.6535223024998 987944.089827765
110300 0.2206 -1.6623022510972 -0.00106015051206599 0.0179062025006354 -0.0353976637632966 -0.0160166406649579 -0.0251237490573327 1.67272679594031 373.775419772444 -332838.158058946 102.886289845871 123.696592632885 77.633600926845 988018.266608391
110400 0.2208 -1.66281896378523 -0.0267069808014826 -0.00459453048064213 -0.00292943155258659 -0.0473161498524972 -0.0191098398583181 1.64965680764872 374.039827602457 -332841.973004493 102.884974169206 123.723787653417 77.6136795511902 987969.262241369
110500 0.221 -1.60588200057686 0.00652835699221309 0.0205380475452275 -0.0241602553792522 -0.0247247130141361 -0.0029425976255573 1.62057516565652 376.207051281129 -332859.200142048 102.910843307578 123.769425802662 77.5937581755354 988328.456973275
110600 0.2212 -1.65543689007633 0.010034287859635 -0.00561235620518726 -0.0141984429732578 -0.0365791041426031 -0.00489785844199009 1.65911749863133 373.187688617315 -332838.736852221 102.928092273231 123.76123636357 77.5738367998806 988174.937274339
110700 0.2214 -1.61926275223519 0.00374122369758993 0.00179234368298907 0.00506914515296719 -0.0336207685354637 -0.0135959283880264 1.62326996175907 374.683833497172 -332849.876165695 102.93461922052 123.803838020725 77.5539154242257 988323.903705987
110800 0.2216 -1.62871097614372 -0.0141453852941579 -0.0106315182368612 -0.020594803142594 -0.0248076828500305 -0.0106031873440791 1.6173941223891 373.072254656269 -332838.865096463 102.89525300762 123.863902187593 77.5339940485709 988171.339848852
110900 0.2218 -1.61233842630582 -0.0143326691170406 0.037944187400568 -0.0171466042973437 -0.029604936343784 -0.00778866624333069 1.62591123751231 374.695397583209 -332851.294767958 102.90073626984 123.90983078263 77.5140726729161 988336.425830949
111000 0.222 -1.56787694028872 -0.004521352424887 -0.0321576879786667 -0.0216200333030265 -0.0130620605547944 0.00371667583123602 1.55035306055344 374.138345308516 -332849.10621432 102.944746423137 123.877462450869 77.4941512972613 988246.796084544
111100 0.2222 -1.58949706324911 -0.0115637012669534 -0.00725344286104765 -0.0164217236172184 -0.0308243285660524 -0.00999693873579652 1.58134525856559 372.76933804329 -332839.129189026 102.924102611117 123.932302467538 77.4742299216064 988231.915386526
111200 0.2224 -1.56675397610463 -0.0472095008848603 0.00586982856886286 0.00652974562846783 -0.049962911094382 0.0300731556894795 1.55010296544272 373.450019697047 -332845.121799917 102.908776728742 123.983752924612 77.4543085459516 988240.788938405
111300 0.2226 -1.56726045752347 0.0138579431989911 0.0117692337805711 -0.00654707609297932 -0.0285086467790678 0.0188667517992164 1.58122482504068 372.643400508745 -332840.678583279 102.938819254767 124.000565318497 77.4343871702968 988409.049899542
111400 0.2228 -1.52432615179432 -0.00538580141108071 -0.021428813668653 -0.0156308614345178 -0.0500136804829831 -0.00218945262035998 1.51371075338295 373.70534684448 -332847.903934458 102.93145573538 124.027552577021 77.414465794642 988299.123247694
111500 0.223 -1.49682553042365 0.0128484649721299 -0.00992252210773133 -0.0175096108590611 -0.0340696273012421 -0.00142476057709595 1.49988845950012 373.243415324363 -332846.019784636 102.918715297004 124.082202556895 77.3945444189871 988357.810139031
111600 0.2232 -1.49966377475106 0.00825947401917588 0.0100808070611554 -0.000675404502794499 -0.00888976944930159 0.00467649319232808 1.50893549668488 374.864149842715 -332857.38942718 102.887455154206 124.147859639776 77.3746230433323 988325.971809139
111700 0.2234 -1.51704589539315 0.00457399354805837 0.00766735725329195 -0.00474986106457858 -0.0749661885843192 0.03076994347791 1.52964421325874 372.702974727653 -332842.652566982 102.872242779875 124.203359175919 77.3547016676775 988367.06609696
111800 0.2236 -1.53580996152101 0.0127593492327524 -0.0243823270070861 0.0238426375233195 -0.0488855041624933 0.0140483319514849 1.53342649412453 372.909674019189 -332845.750960172 102.886283592521 124.21448522438 77.3347802920227 988335.920989921
111900 0.2238 -1.511758352348 -0.00345176857552923 -0.0339671038291341 -0.00101355258302544 -0.0152751476684844 -0.00852626025011059 1.49359118197884 371.784192937208 -332837.719227257 102.885363564688 124.269454456571 77.3148589163679 988509.747329376
112000 0.224 -1.47459571872837 0.00886159341153629 -0.032553461148119 0.00385718063990886 -0.0280911179131729 -0.0162961905373147 1.46428549193411 373.382874674716 -332850.031630905 102.863867375263 124.353608460195 77.294937540713 988717.659311447
112100 0.2242 -1.47969116378007 0.009848135809095 0.0589906349106844 0.0145489190181883 -0.0404831308717238 -0.00362198519891587 1.51655300436551 374.077136899019 -332855.534886684 102.845621287109 124.443652346249 77.2750161650582 989003.115232562
112200 0.2244 -1.45972280319868 -0.0349288275534823 -1.83112149045818e-05 0.0139205165822763 -0.0458102971317095 -0.0428952101567685 1.44685659276604 374.97472763832 -332865.058432693 102.833824802759 124.458495355434 77.2550947894034 988752.660866315
112300 0.2246 -1.43642720149904 0.0376629743825474 0.000741117779313173 0.0263919595824643 -0.0313491586415754 -0.0361323719665653 1.45905225567068 375.473239814489 -332870.187072762 102.861113859551 124.49719288927 77.2351734137486 989067.446746107
112400 0.2248 -1.37989155291998 -0.0294628228722285 -0.019246803952143 -0.000627467953268864 -0.0360693653771591 -0.0398762434287838 1.3587614398089 372.659569029704 -332850.310000895 102.818169679727 124.57498491885 77.2152520380937 989017.11038171
112500 0.225 -1.38674104520844 -0.0144375758641961 0.0138198844712085 0.0190861953154545 -0.0470202885712599 -0.0536926903653526 1.39253990716777 371.678891814326 -332843.49439579 102.764026984584 124.67767783791 77.1953306624389 989055.929949282
112600 0.2252 -1.41317804586682 -0.0181066137643881 0.00994206269854015 0.00797739764591328 -0.0574598404685665 -0.06507375196437 1.41737099312959 376.455921880991 -332881.622102535 102.755892366195 124.706158775492 77.1754092867841 988948.278327893
112700 0.2254 -1.38633357434608 0.0249557000150265 0.00985528155535295 0.035918807581704 -0.0325904334890569 -0.0518751971193681 1.40917861872144 373.823231628756 -332865.001043472 102.786728679235 124.711582079969 77.1554879111293 989032.709576256
112800 0.2256 -1.3840620595727 -0.00235717102399669 -0.0400805470939707 0.0318675521996242 -0.0287933784896046 -0.0295492784181373 1.36622185503024 374.410026830857 -332871.505699037 102.762201369268 124.748980345843 77.1355665354745 988837.840064445
112900 0.2258 -1.37115623893216 -0.0189752851496128 0.0200828853142423 0.0243939065433962 -0.0382609236357708 -0.0457845602047988 1.37666195827598 374.402681204727 -332873.197692676 102.727863295574 124.831957909026 77.1156451598196 988909.464823177
113000 0.226 -1.42260342604694 -0.000351378866095746 -0.0112685671452345 -0.00249135270327052 -0.0582671734151966 -0.0433436714016334 1.42240391938807 373.414149045827 -332868.194470712 102.734404787075 124.843802407678 77.0957237841648 988810.76702348
113100 0.2262 -1.42355170425203 -0.0059037801693767 -0.0118195646118307 0.00378008233714229 -0.0454585445871002 -0.0286618683141721 1.41777323525605 374.439550963951 -332877.890605849 102.760436702517 124.860254078696 77.07580240851 988936.053691317
113200 0.2264 -1.39268225939529 -0.0202376751587391 -0.00146753115868141 -0.0107080732616545 -0.0551060814290371 -0.0552357356405444 1.38864121578967 373.983783369036 -332875.809133824 102.77764439017 124.881138975035 77.0558810328552 989011.407989752
113300 0.2266 -1.40322560794588 0.0390117870026081 0.0180419798507006 0.00457838929892303 -0.0618598262532669 -0.0373728926211085 1.43735103392561 373.08390478167 -332868.076755553 102.804483138375 124.893404134326 77.0359596572003 989111.050856919
113400 0.2268 -1.45998018707942 -0.0264523019834659 -0.0426297747866737 -0.000789634499461502 -0.0510137361485908 -0.0370597997333844 1.42968612298801 374.207927190861 -332877.485276113 102.768085386865 124.89865957679 77.0160382815455 988546.761535376
113500 0.227 -1.41699394830876 0.0115014535552253 0.00845163228605706 0.00656681006858385 -0.0752846561138212 -0.0277783592102112 1.4337710340009 373.594418084397 -332874.334029333 102.77113756177 124.968604653244 76.9961169058907 988873.884577591
113600 0.2272 -1.4428988148594 -0.00860579409348129 -0.0026088311312418 0.00585564319238331 -0.0915327156803659 -0.0287486032821035 1.44691079941654 375.104160413332 -332887.558884481 102.751908450096 124.988924564941 76.9761955302359 988593.773884071
113700 0.2274 -1.44195037808024 0.0154296401376981 0.0160912100971427 0.00119414131058176 -0.0870453062239233 -0.0509636286333386 1.4681443805951 373.809838752062 -332880.935481926 102.772322079878 125.005928395563 76.956274154581 988668.761717511
113800 0.2276 -1.48402057815743 0.0180242940753808 -0.0184311534296036 0.0369705442354859 -0.0696605034472689 -0.0519933105192166 1.49314373505195 374.528311511265 -332888.846874093 102.795827156484 124.989946887942 76.9363527789262 988512.495379626
113900 0.2278 -1.44422491093879 -0.00616730691320226 -0.0124651699193948 0.00493865336580369 -0.0578361125897868 -0.0264624399294983 1.43916699747453 374.024534217642 -332887.778608402 102.814034907583 125.000048546299 76.9164314032714 988511.46681627
114000 0.228 -1.42210766114025 -0.00562533800597345 -0.0296854888405358 0.00809430812758695 -0.0795608184355011 -0.0426415688995542 1.41335116634833 373.347209625433 -332884.828750869 102.828699567548 125.021712342405 76.8965100276166 988567.699069675
114100 0.2282 -1.4159161407743 0.00809136436394638 -0.000811516584557794 0.00591120675267423 -0.0524648794466551 -0.0325070651912682 1.42363320851093 373.021187162583 -332884.692840862 102.812652778396 125.08784079171 76.8765886519618 988680.035587936
114200 0.2284 -1.41880231980646 -0.0225390044949945 0.0263227263815771 0.00329785453148268 -0.0775809903890611 -0.0215898374355919 1.42816314815873 374.216618531664 -332894.289999475 102.788281393641 125.157939816949 76.8566672763069 988743.311857216
114300 0.2286 -1.40608969061541 0.00666436442776223 0.0151578346904695 0.00299634475997469 -0.0473317138858988 -0.0444816399883883 1.42148830462481 374.464291909948 -332896.811309663 102.802866718458 125.180077829246 76.8367459006521 988802.160058874
114400 0.2288 -1.42889589438564 0.0184261697961045 -0.0462884194803157 0.016080188190054 -0.0833765483535115 -0.0409940110244923 1.4254607932948 374.791507969311 -332901.002407672 102.803913162611 125.186646481406 76.8168245249973 988607.730095307
114500 0.229 -1.40979157945774 -0.000807278984944981 0.0162886025444287 0.0368879388431221 -0.0770726888780711 -0.0135057839761719 1.42550581676579 373.225491874375 -332889.592757721 102.799222293184 125.254786661731 76.7969031493425 988844.194340327
114600 0.2292 -1.4780017730259 -0.000373607490905007 -0.0207564463413879 0.0243053781413099 -0.0696017366238031 -0.0311862244919589 1.47407781346847 373.097513692858 -332890.855557678 102.802568386278 125.25177173284 76.7769817736876 988596.066698618
114700 0.2294 -1.42776843265043 -0.00139273806665278 0.0192850176794118 0.0445418781876736 -0.0604481108501824 -0.0529882738204941 1.44561632891917 373.378181777521 -332890.852926623 102.816520535416 125.296650763503 76.7570603980328 988827.870925552
114800 0.2296 -1.46801083192978 -0.0315669209585902 -0.022103056663425 0.0410509822368719 -0.0637114506929417 -0.0378545192971012 1.44865001794924 373.370109318195 -332891.955910008 102.800373358653 125.310394601861 76.737139022378 988524.398633744
114900 0.2298 -1.39123710645724 0.0142710517624414 0.0331343092106311 0.0300703027005111 -0.0306968131955999 -0.040080646313264 1.4186896751929 372.849162964086 -332886.951185121 102.823913561085 125.338808317916 76.7172176467232 988718.213020518
115000 0.23 -1.43716316831645 0.0115585367968577 -0.0216541440101676 0.0307438020415167 -0.0452770704233256 -0.0334379777501008 1.43670512212526 373.595336393193 -332892.435770668 102.816987567824 125.371411758404 76.6972962710683 988651.992905868
115100 0.2302 -1.44149454990779 -0.0236653615790826 -0.00377752472006592 0.0423110416691793 -0.0303412057225898 -0.0383002667726972 1.43225900564922 372.981660943957 -332888.652955078 102.786361191426 125.412937162019 76.6773748954135 988428.062039809
115200 0.2304 -1.47887186977969 -0.00694056498220592 -0.0129146163227785 0.0135807887265192 -0.016174438167282 -0.0482594995253306 1.47178434250684 374.120701947744 -332899.915981124 102.79467282226 125.437570869899 76.6574535197587 988445.280508241
115300 0.2306 -1.44529680861179 0.0254371529095997 -0.00869136673973379 0.0242267168283595 0.00641763602717074 -0.0599175951055941 1.45831542634377 371.712952257288 -332882.845360283 102.799279850233 125.47135108488 76.6375321441039 988498.826531852
115400 0.2308 -1.49102899008234 0.00216944139903939 -0.0206421972837513 0.00102448781812125 -0.0065253992781752 -0.0441237144691681 1.48393774172165 374.243016899702 -332903.925409314 102.783603755244 125.503307700841 76.6176107684491 988342.83356724
115500 0.231 -1.46813185691628 0.0219653971665923 0.0256730313410416 0.00154367559463854 -0.0189406807102273 -0.0357955385385907 1.49360492345771 373.047333243172 -332894.844712635 102.794424253247 125.549709349412 76.5976893927942 988555.232462742
115600 0.2312 -1.51474974505962 -0.0168966472321599 0.00109709903053817 0.0308621131371345 0.0186486430829139 -0.0590784111003108 1.51169149229589 374.924562371223 -332911.826542413 102.7842120705 125.564947307106 76.5777680171394 988319.885559382
115700 0.2314 -1.42091748494067 0.0343222009085943 -0.0124093949339529 0.0420084789157825 0.00683123005377468 -0.0626055981820694 1.43843429785768 374.162273367611 -332908.074630155 102.809566375065 125.615157618439 76.5578466414846 988701.708167858
115800 0.2316 -1.46965642120767 -0.0477789825123883 -0.0249513195504517 0.00136396758991871 -0.0114699806590739 -0.062241816604259 1.43761506864842 371.830954650346 -332893.223597748 102.786607203866 125.647950345833 76.5379252658298 988481.680661229
115900 0.2318 -1.44464566986637 0.0524082909843457 0.0286557438214141 0.00513126124180867 -0.00449431805475677 -0.0682824809207279 1.4900681119322 376.086435064314 -332928.057857128 102.804710008976 125.704791328942 76.5180038901749 988845.578453321
116000 0.232 -1.47603840497681 -0.0447003854449439 -0.0159286781029048 -0.0327797358322318 -0.0343754410509418 -0.0519850299883869 1.45107348264001 372.940964184646 -332906.809992008 102.746114361066 125.751747262513 76.4980825145201 988393.735630687
116100 0.2322 -1.51879316837519 -0.0119181825081721 0.0537443382087452 -0.0185933438875358 -0.0204049282219288 -0.0514315015725387 1.54406956394326 373.291213043326 -332910.903136972 102.743775126439 125.816974217958 76.4781611388653 988626.375307439
116200 0.2324 -1.54565843446428 -0.0105265777215749 -0.0276743743301518 -0.0149263954389897 -0.059481714463772 -0.0563481673025658 1.53343004354688 372.403837955159 -332906.139380865 102.761928239144 125.801789692469 76.4582397632105 988424.177004897
116300 0.2326 -1.52995809590832 0.0237480128889436 0.0110842370971805 -0.00913919458384633 -0.0379898247518567 -0.0309370406834797 1.54981896180452 373.643135037745 -332914.823145773 102.792972380398 125.830369411777 76.4383183875556 988689.723658453
116400 0.2328 -1.58821503951227 -0.0377459096720276 -0.0407081520119508 -0.0148474763677816 -0.0195475023473352 -0.0486540267082527 1.55186330980418 374.105978928505 -332919.529592234 102.772598017261 125.803993295773 76.4183970119008 988028.985626915
116500 0.233 -1.55474693923546 0.060582086384351 0.0429972431155873 -0.012232511631873 -0.0485581420475065 -0.0619899941711151 1.61252678756398 375.134219407145 -332926.768791209 102.806432498222 125.871390466112 76.398475636246 988625.963746899
116600 0.2332 -1.62326822184342 -0.0591820994831982 -0.0228089610181352 0.0159909017496977 -0.0161132794230967 -0.0733437733157249 1.58816343360867 372.47674361342 -332907.4375484 102.779914166022 125.855759461206 76.3785542605912 987990.523256306
116700 0.2334 -1.58575211878276 0.0127064761874869 0.014339033406794 0.0194132675253721 -0.0112445183644584 -0.054617303358579 1.60254210931338 374.245549638231 -332923.111872311 102.825092819197 125.860828998088 76.3586328849364 988206.810012279
116800 0.2336 -1.5899407507274 0.012692240502575 0.0100122852930463 0.0151193814219033 -0.036104232274361 -0.0501948069900758 1.60508554036826 375.676806556654 -332936.257436194 102.825211526564 125.890708030593 76.3387115092815 988184.671844467
116900 0.2338 -1.61244586897236 -0.0209252742721834 -0.0114863878693184 0.0408879893793808 -0.00356905522776081 -0.0623987840843099 1.60149417741378 373.55557734238 -332922.374152266 102.815759109441 125.928938526541 76.3187901336267 988135.963733132
117000 0.234 -1.61693457069381 -0.0184049409674685 -0.0261281569353408 0.0110890938262181 0.0107564380859117 -0.0551104457258035 1.5977604095068 374.936740357692 -332935.506200627 102.825872648914 125.947060507719 76.2988687579719 988117.381364368
117100 0.2342 -1.60087196604971 0.00271184796080058 0.00145231295281466 0.0202777354401763 0.0168479623225791 -0.0730260374503087 1.60858521460227 372.11287971016 -332917.678750578 102.824723516845 126.006007998313 76.2789473823171 988310.693921295
117200 0.2344 -1.61852326405595 0.012563994824944 0.000822191895622278 0.0138583628178619 0.0411262523285574 -0.0647279189039631 1.63084364360106 374.570504926427 -332935.971958004 102.820678608209 126.041530136172 76.2590260066622 988292.243301999
117300 0.2346 -1.62862582189825 0.00089275974482001 0.00103690133472869 0.00469568990022403 0.00259889563089305 -0.0769721311673187 1.63506154266796 373.212613634905 -332925.559777368 102.810771873299 126.062588963429 76.2391046310074 988103.935337308
117400 0.2348 -1.65939560329892 0.00650409872532841 -0.0189891122639799 0.0230428104448801 0.00410430926343932 -0.0696166177299532 1.65818740141636 375.284239400234 -332943.700900522 102.781883193702 126.119240371716 76.2191832553526 988011.973251308
117500 0.235 -1.64909614244542 0.00286193418108136 0.0408776516433964 0.0135280875636251 0.0103563962880498 -0.0789090963192455 1.67712902960497 374.792909287693 -332939.552001836 102.76982194741 126.188950064999 76.1992618796978 988183.721608099
117600 0.2352 -1.64139596324714 0.0203444711693333 -0.00276908478934949 0.0350035001531596 0.00414351160207 -0.0992339469677265 1.66035422339647 372.897093907619 -332926.005945552 102.768542321344 126.206011330504 76.1793405040429 988046.641802914
117700 0.2354 -1.6241877160006 -0.0134806061301652 0.00950472804816624 0.0125944220004329 0.0221473621088659 -0.102312787810968 1.63256836167706 373.943951165172 -332935.369585173 102.758937581937 126.247634698846 76.1594191283881 988021.689815837
117800 0.2356 -1.63568240494048 -0.00138172925542366 0.00862708492317354 0.00848236009310789 0.0205234508583089 -0.0909306005397557 1.64732537661143 373.627118615178 -332933.584957002 102.783678541757 126.261231544022 76.1394977527333 988107.476659248
117900 0.2358 -1.64806209577137 -0.0389910979811103 -0.0441281947775631 0.0218288445357614 0.0225290300726279 -0.101334098643389 1.61698110001885 373.039752315139 -332930.192700704 102.785477501574 126.255550296924 76.1195763770785 987821.784849375
118000 0.236 -1.60205274060281 0.0399991012453287 0.0170047779379544 0.0040442231118881 0.0219558880900871 -0.0919353031410854 1.63888885207644 374.147074183979 -332936.466426684 102.818238566166 126.303785885795 76.0996550014237 988255.444977759
118100 0.2362 -1.70111169231039 -0.0484199825688864 -0.0287990891671736 0.00545921182986425 0.019163172524191 -0.123994545394355 1.67675793934502 372.651171206654 -332927.092808979 102.794819234663 126.296215984126 76.0797336257688 987712.498106532
118200 0.2364 -1.63971948062853 0.0185526397068275 0.0221380461601755 -0.00948178618031977 0.0117332139987154 -0.102649994988653 1.669766044072 373.215626365894 -332933.356466351 102.845087198247 126.319518357148 76.059812250114 988119.024291253
118300 0.2366 -1.7032102556712 -0.0208960916748712 0.0134023661589177 -0.0175472591508738 0.0139197296417776 -0.0769809098475906 1.70538596481365 373.066728330107 -332933.3765978 102.845586614452 126.317971903286 76.0398908744592 987852.922106016
118400 0.2368 -1.6902167316648 0.0223223267141185 -0.00507316392654184 -0.0147660359286124 0.0303108538318274 -0.0559222384544828 1.70276743359969 372.98187063364 -332933.770112363 102.88402100567 126.329051127268 76.0199694988044 988049.84536873
118500 0.237 -1.72699900254152 -0.00421967389498073 -0.0293581690781467 -0.0114958583675906 0.0294769398432823 -0.0680521287020829 1.71528099452717 374.107432181454 -332944.810525006 102.869736457694 126.352089951713 76.0000481231495 987833.896255451
118600 0.2372 -1.77644525476665 -0.00653492056637394 0.020568376710395 -0.0202278662384661 0.020349095895506 -0.0592605325138361 1.7872584521394 373.187086058452 -332938.776399784 102.846483539483 126.424543462354 75.9801267474947 987917.900959146
118700 0.2374 -1.76475938086797 -0.0297209751611845 -0.0173716112719633 -0.0154581778493874 0.0173510898736921 -0.0696969013792802 1.7458895777317 374.251577022715 -332948.962436116 102.866402047831 126.420664397463 75.9602053718399 987819.848910713
118800 0.2376 -1.76041782559629 0.0104878703100466 0.00394600124351014 -0.0247115825200204 0.0265618008583908 -0.0636482078262967 1.77219259801454 374.870785513967 -332953.931662609 102.899628536695 126.407855027714 75.9402839961851 987779.67556193
118900 0.2378 -1.72505461565638 -0.0116399131337979 -0.0347482402679971 -0.0359832635962465 0.000521154210677409 -0.0695612012312589 1.70737555121113 374.35424559176 -332949.086987576 102.899862419382 126.409625254341 75.9203626205302 987536.625738715
119000 0.238 -1.72569540534824 0.0147655680845887 0.0304864802443612 -0.0286093843826305 0.0255558937822988 -0.100366709158554 1.7582515212193 374.229839021794 -332949.055671229 102.892218244852 126.46027740357 75.9004412448754 987599.726639735
119100 0.2382 -1.75901456320341 -0.0596901011326399 -0.0328720675518534 -0.0350327238509107 0.0102114776866199 -0.108349194525047 1.72429948579685 372.900140685961 -332938.882526862 102.888539700732 126.456650595451 75.8805198692206 987276.89992956
119200 0.2384 -1.74774835359504 0.0099714334819888 -0.00558767418593438 -0.0215891956191995 0.00884295600599027 -0.083575614176723 1.75643386094286 371.807934667042 -332930.59253044 102.90627269694 126.504042871422 75.8605984935658 987557.787397633
119300 0.2386 -1.72757426566443 -0.0158744244816028 0.0249272957214324 -0.0163824243888654 0.0233507784718932 -0.0611562367796807 1.73639932291274 373.692107022776 -332942.988186232 102.893645971048 126.571372249363 75.840677117911 987702.713414472
119400 0.2388 -1.73915899250075 0.0263100140846929 0.00330110392306741 -0.0389862430141954 0.0268149258689041 -0.0964747694462626 1.76392396406286 372.413117524711 -332933.654817684 102.936033327064 126.583039759473 75.8207557422561 987941.111156947
119500 0.239 -1.75601889112001 -0.0203161355231391 -0.0114436077083197 -0.0280628407862262 0.0110378821814773 -0.077919672276684 1.74616303595195 373.529861283599 -332941.22442691 102.940610941894 126.576708426794 75.8008343666013 987676.055892061
119600 0.2392 -1.72546514101004 0.0263142979912103 -0.00931737621371061 -0.0182448145552171 0.00329674121057604 -0.126511667958521 1.74832171425514 373.165874414638 -332936.973777999 102.956610412521 126.625983711439 75.7809129909465 987954.404144667
119700 0.2394 -1.75154516775778 -0.0162574459796038 0.00848330706207655 -0.00773221681413941 0.0236198095937014 -0.105295774910787 1.75780617691042 374.052202481635 -332942.558811079 102.942101037904 126.644882199373 75.7609916152917 987702.885822729
119800 0.2396 -1.73643297470433 0.0101764828317961 0.0236609213770436 -0.0349799817520128 0.0190126350554303 -0.115764439152887 1.76616475151463 373.601076440782 -332936.876681439 102.975985935277 126.65540453454 75.7410702396368 987850.269476765
119900 0.2398 -1.75275704768612 -0.0280747196314355 -0.0372261446793579 -0.0354624203534271 0.0575761695412482 -0.0927101196498006 1.73156948308562 372.693797646052 -332929.648606363 102.967095948538 126.647918036553 75.721148863982 987446.815646951
120000 0.24 -1.80677599155004 -0.0263846614214136 0.0178366846053957 -0.0400067402841978 0.0250899823278657 -0.0954780098012121 1.81232403488595 373.977950899483 -332940.497001413 102.977098624742 126.677521513078 75.7012274883272 987513.702960118
120100 0.2402 -1.77423930096759 0.0127369876201413 0.00340796046242718 -0.0195044443120148 0.0260105504637227 -0.109805551354006 1.79333299472535 374.125772985353 -332941.87222371 103.025628781151 126.674167516233 75.6813061126724 987692.943883619
120200 0.2404 -1.80133780720608 -0.00605489184479671 -0.0322133368602834 -0.0243196894340352 0.0492265213452726 -0.0973176910925925 1.79282444569946 373.000927799613 -332936.899227383 103.038999694964 126.672610667065 75.6613847370175 987548.970382886
120300 0.2406 -1.78325983056254 0.0175935689458175 0.00644068681464726 -0.0333684021398873 0.0316097989926118 -0.102920591068616 1.80588717276559 373.140106848497 -332938.323479244 103.041702251331 126.728737056366 75.6414633613627 987752.309026808
120400 0.2408 -1.81501911073953 -0.0140450190078778 0.00602522440820021 -0.042774350314169 0.0579902981200604 -0.117947930690332 1.82684678733371 373.198762583684 -332940.01368867 102.994987581924 126.782386030958 75.6215419857079 987462.334958013
120500 0.241 -1.80337821051291 -0.0104699835976808 -0.0236063830503467 -0.0468007581782053 0.0207203876645902 -0.131904329038839 1.80310712627697 374.825056705003 -332952.235185917 102.988214571052 126.822557507742 75.6016206100531 987450.06179695
120600 0.2412 -1.77215408550332 -0.0118363359024516 -0.0215924208428718 -0.0227756478894837 0.0240072892510462 -0.114918229847534 1.76763791262288 371.852174934193 -332933.655417568 102.993659662151 126.86708018093 75.5816992343983 987588.641770487
120700 0.2414 -1.75352891533279 0.00509549919617051 0.00453844133992272 -0.0243732859029017 0.0163198651345674 -0.123516569215088 1.77204139340694 375.779797910601 -332964.797104555 102.986928635605 126.906652948754 75.5617778587434 987571.763713575
120800 0.2416 -1.73057991867541 0.00368624033514066 0.013485353162573 -0.0244407952831876 0.00882796908029943 -0.0925804333575675 1.74714300191051 374.908890563003 -332959.434460765 103.004207864641 126.941694265705 75.5418564830886 987749.70968835
120900 0.2418 -1.72699748332102 0.0612942448459276 -0.0262185521785523 -0.0483806632779313 0.019224421311767 -0.114074036004901 1.7596354285985 373.946704454166 -332954.715467681 103.023672715727 126.960501954713 75.5219351074338 987822.168518849
121000 0.242 -1.77453011154763 -0.0159144518242547 -0.0252167779684725 -0.0450102520631495 -0.00042963897474667 -0.105227197440567 1.76514955934385 375.106905956116 -332965.444954562 102.950055426884 127.060641912615 75.502013731779 987634.301048958
121100 0.2422 -1.7067483355506 0.00149985494761862 0.0238596942155328 -0.0220468335755816 0.0310632231515784 -0.116928364106756 1.73267933698929 372.822608116871 -332950.726230786 102.937793115143 127.183766054652 75.4820923561241 988212.775765567
121200 0.2424 -1.70352762205821 -0.0190852627691179 -0.0333262950333167 -0.0163182059671516 -0.00170566739919197 -0.129632313656346 1.69256664874829 373.734952795615 -332958.843998954 102.910602424147 127.190590041417 75.4621709804693 987743.994528887
121300 0.2426 -1.67203050421613 0.0145306999967187 0.0277928596795546 -0.0330791442953563 0.00640781901430615 -0.125139263762744 1.70804490580349 373.210105205778 -332956.826702946 102.928554073047 127.26146286083 75.4422496048145 988205.83320035
121400 0.2428 -1.71186651563963 0.0158852668011127 -0.0643053373656706 -0.0187336463925727 -0.0103949368561882 -0.123041208516664 1.70288042007581 374.054395221106 -332963.524247863 102.908545084008 127.286588185479 75.4223282291597 987947.84569593
121500 0.243 -1.66207864566201 -0.018014312918229 0.0218245020606663 -0.00717583001035956 0.0226873852235085 -0.0973377060116027 1.67336629377235 374.309406389716 -332965.898956125 102.855029084189 127.394654843157 75.4024068535048 988011.379488304
121600 0.2432 -1.65667568730279 -0.0327421788189401 0.0185299478990111 -0.0150659408433879 -0.0323218538086142 -0.0834381269469217 1.6576345233766 372.76917973014 -332955.402042196 102.86503574505 127.413406936483 75.38248547785 987991.85121815
121700 0.2434 -1.65060497892231 0.00308392384218232 -0.00990273784550571 -0.0242369902390611 0.00125943402764874 -0.104582885993831 1.65769705794801 374.551180538466 -332968.81625175 102.915137507935 127.373656106622 75.3625641021952 987903.535810845
121800 0.2436 -1.69004349022308 0.0387131416152004 0.00507530947794431 -0.0205165414935714 0.0081686298813462 -0.0821517169437207 1.71851361625248 373.54632083088 -332964.37523531 102.930632893698 127.407682426752 75.3426427265404 988054.973350902
121900 0.2438 -1.69377392843396 0.00214777488262069 -0.0410004929199471 -0.0257949260488507 -0.0108782391303816 -0.0883591066861596 1.68244145546291 374.007691314257 -332970.37153581 102.906987486116 127.467982753833 75.3227213508856 988034.205615086
122000 0.244 -1.65377862758201 0.00626060685749385 0.00456904736896507 -0.0394306875618105 -0.0208692742711475 -0.0923672837814185 1.66867945653553 373.842278882803 -332968.046610504 102.873017822163 127.575337027456 75.3027999752307 988278.458995656
122100 0.2442 -1.69471597495024 -0.0386092223765772 0.0438423035052103 0.0107342361247749 0.0118181980824736 -0.10105604305572 1.70805093929329 371.96106867614 -332954.690427068 102.844400728122 127.627939015822 75.2828785995759 988149.431088485
122200 0.2444 -1.67679082862678 -0.00343574298037251 -0.0387451077458106 -0.027539496027794 0.0282414034351107 -0.0951125857313891 1.66555879596594 373.738579675404 -332968.852401518 102.858077368494 127.620351184944 75.2629572239211 987960.579366221
122300 0.2446 -1.63376656426473 -0.00103245316192133 0.0443352307811835 -0.00926857060494697 0.0306230137206618 -0.0845921995629898 1.66327713151254 372.365380297669 -332958.587815455 102.879907435903 127.657008012135 75.2430358482663 988192.460298753
122400 0.2448 -1.67190635792131 -0.00188985751759674 -0.00450834223287277 0.0128164981654185 0.0426021417095467 -0.0957851571606466 1.6787051735518 375.314220373921 -332980.365442229 102.896488317347 127.625446712847 75.2231144726114 987845.757673693
122500 0.245 -1.64713416567094 0.0379537926367912 -0.0249892129239426 -0.0125975836891204 0.042054410236055 -0.0679444709812767 1.66043666529884 373.69339406185 -332970.53598719 102.915536404829 127.652364217675 75.2031930969566 987975.296596653
122600 0.2452 -1.6581050232665 -0.0414268162646969 0.0133942496027056 -0.00633105853626815 0.0500461778003643 -0.107375942152024 1.65755985781292 372.342572413307 -332963.12489141 102.876135838239 127.724578542829 75.1832717213018 987893.98770046
122700 0.2454 -1.65557643937504 0.0221334663599085 -0.00311158014565736 0.0317946167158758 0.0523874281655665 -0.106735568791944 1.67882025284509 374.576202505936 -332982.621956267 102.923249368829 127.714396328906 75.163350345647 988005.754065693
122800 0.2456 -1.63878695381887 0.0270016376407832 0.0125678208790431 0.0242694216636292 0.0335213213843163 -0.11034538524327 1.67113214402383 375.314884205237 -332991.65977426 102.945009442618 127.739271718025 75.1434289699922 988145.148233743
122900 0.2458 -1.62852589224797 -0.00148201259282667 -0.0149885010633497 0.0253960103107026 0.0563581807452217 -0.106897788208636 1.63438783009236 374.903544643882 -332992.158446106 102.931138509151 127.799278924 75.1235075943373 988214.079794203
123000 0.246 -1.6359021555991 0.0320456192605827 0.0280186946121639 0.0420228439125363 0.0472486884449216 -0.0809419524148893 1.6754101493866 373.485465018015 -332984.386610189 102.916590771577 127.882620996191 75.1035862186825 988456.576323677
123100 0.2462 -1.65441510846955 -0.034431722626041 0.00279121407778431 0.0211122262865774 0.032380059905146 -0.120113217326567 1.65341960630769 373.71927258286 -332990.382642613 102.873549298083 127.935954507648 75.0836648430277 988193.061112157
123200 0.2464 -1.64355640217888 0.0104350177097181 0.00729687930715418 0.0275725155988402 0.0417932933705593 -0.0762259454138737 1.65995751879673 373.429166917272 -332989.647127063 102.883764184304 127.975488851974 75.0637434673729 988334.285969871
123300 0.2466 -1.68419260794708 -0.0238462492975358 -0.0241499859396837 0.0130321839216131 0.0301285008357645 -0.0895184949486901 1.66838820148781 375.553761932024 -333007.816982753 102.865635481361 127.986075084989 75.043822091718 987979.604984161
123400 0.2468 -1.63912539733706 0.0232453077497749 0.00815361047515039 0.0353217662397874 0.0297571344861974 -0.107608495342948 1.667259497648 373.037039089256 -332989.187909364 102.885151503417 128.040862113144 75.0239007160632 988327.618452059
123500 0.247 -1.65481117324122 -0.00803714771040019 -0.00245295751190254 0.0195231017966924 -0.00504669539759285 -0.105053208416236 1.65994583207582 374.277708695139 -332999.500049743 102.868211597482 128.066293137887 75.0039793404084 988098.71420972
123600 0.2472 -1.68129201901961 -0.0459060459155991 -0.0206759615011267 0.0333815356438167 0.0228789446421371 -0.116223896765652 1.66187305952181 373.777048901017 -332999.245739288 102.882152408956 128.063912902253 74.9840579647536 987951.781255268
123700 0.2474 -1.65415290871263 0.0410720016232295 -0.0133255913561532 0.026821292509533 -0.00171542486056315 -0.0975173820609428 1.67786362160912 373.872303528527 -333001.671116412 102.931667135695 128.068234840585 74.9641365890987 988198.007531262
123800 0.2476 -1.6454402477359 0.00582678165847457 -0.0625823902985504 0.035123867248467 0.0204489901669189 -0.126632915305055 1.6344613897171 373.717448437493 -333004.126124697 102.904523695892 128.122899695045 74.9442152134439 988096.457185664
123900 0.2478 -1.67394898370038 -0.00313518582462828 0.066919981249744 0.0242128579921596 0.018809067872617 -0.163408019509377 1.73104081016747 374.861774843041 -333013.791714537 102.851328939298 128.242747593691 74.9242938377891 988246.716751513
124000 0.248 -1.68028805926534 -0.012523808668704 -0.0279220648175809 0.00858936973582325 0.0254606683495316 -0.161133808322578 1.68405831906243 374.809305366405 -333015.748714213 102.839340307355 128.244811683911 74.9043724621343 987884.692878773
124100 0.2482 -1.60401085967608 0.00692496783339292 0.0494618782097411 0.0250979406570446 0.0219146836493026 -0.16682283463997 1.6589960567888 374.134105807702 -333010.429166522 102.858251877325 128.309724364423 74.8844510864794 988303.564516419
124200 0.2484 -1.64411614532006 -0.0287858430973003 -0.00557470064589924 0.0136520675173863 0.023552973814514 -0.150910241648322 1.64859621248989 375.090548571626 -333020.992031854 102.858656526722 128.304692083292 74.8645297108246 988005.783994899
124300 0.2486 -1.61369397072063 0.0416384599200097 0.0262385439647796 0.00426477357394197 0.0286717684471125 -0.14424398764102 1.66727633964576 373.745162957776 -333010.334691526 102.891323394771 128.331518132962 74.8446083351698 988263.157467634
124400 0.2488 -1.63219899495843 -0.0376043302004269 -0.0385229660627488 0.0317004285226551 0.0443399237389721 -0.145510897892558 1.61669454107918 373.383373601053 -333007.945252885 102.838160369156 128.379120381089 74.824686959515 987855.912189597
124500 0.249 -1.54064129107644 0.00836001614999422 0.0402343135925907 0.00227754990193051 0.0301447880921973 -0.150863757051459 1.58770767304792 374.761880212973 -333018.899607162 102.836489592654 128.474383119381 74.8047655838602 988309.683481769
124600 0.2492 -1.59462510570438 -0.0243840060679528 -0.0157063706709351 0.0153734480534753 0.0667198685437438 -0.156970190386498 1.60229240945344 372.870866631211 -333006.966200753 102.845090025665 128.470747138643 74.7848442082053 988101.152328601
124700 0.2494 -1.56612779788328 0.0442836108773877 -0.0124972523695709 0.00588169175451148 0.0250076017528012 -0.144562517561385 1.60308555907239 374.456428759837 -333020.610462325 102.874932068119 128.506270029406 74.7649228325505 988397.797467901
124800 0.2496 -1.57863514661946 -0.0132824396734435 -0.0251128933093952 -0.000924036395648904 0.0552656192454365 -0.154525030814675 1.58516548257252 375.926628271029 -333033.274718731 102.837638652731 128.566760980625 74.7450014568957 988241.194360507
124900 0.2498 -1.55197097824999 -0.0110007512241657 0.0153877208589903 -0.0148759144863737 0.0605083349746273 -0.149365300014337 1.57940719091072 372.409373921601 -333008.068502119 102.839433241643 128.64096409251 74.7250800812409 988565.272288079
125000 0.25 -1.59456225407593 0.0120522590269707 -0.0224072028412978 -0.000772019350426619 0.0292011197526349 -0.142774481520158 1.60958011252002 374.789483288954 -333027.134522712 102.834673405374 128.632313682094 74.705158705586 988189.527571041
125100 0.2502 -1.57420909091843 -0.00194303067098917 0.00991254426580695 0.00367265186305184 0.0193556175067872 -0.138930852132242 1.5968315399208 376.378189180181 -333041.738798768 102.807480632172 128.699498717357 74.6852373299312 988180.631373456
125200 0.2504 -1.54352991979144 0.017948796209316 0.0500856090071712 -0.0216848031436599 0.0446435100843224 -0.145502473363669 1.60010381999077 374.044427422707 -333025.846521854 102.803675980785 128.768342543765 74.6653159542764 988408.92206429
125300 0.2506 -1.59323362414987 -0.0246567410285024 -0.0383494920895707 -0.0239839433430273 0.0551748850865427 -0.124298214598291 1.57998462898168 373.624113502312 -333026.116027243 102.780966211503 128.782102490328 74.6453945786216 988032.488264902
125400 0.2508 -1.58182378709376 0.0177337626803229 0.0166034162743237 -0.000583829493153106 0.0455824083887338 -0.108889479212197 1.61201198043879 374.769592592867 -333037.523030291 102.785370180339 128.844866168079 74.6254732029668 988292.548945502
125500 0.251 -1.59694664947993 -0.016594517196767 -0.0127673513532071 -0.0014785063507914 0.0580025635218324 -0.131702153923144 1.60178388087288 375.036375271001 -333041.354475925 102.803981271835 128.852923497193 74.6055518273119 988269.420438157
125600 0.2512 -1.54536567462089 0.0155696996249742 0.00828082614605159 0.0113219066610052 0.0253674163587475 -0.144936125809731 1.57814112982353 371.607870470162 -333017.07219647 102.828408438358 128.894640788646 74.5856304516571 988560.240896495
125700 0.2514 -1.60690000691205 -0.0139318156939427 -0.0233791209054043 0.012402146748146 0.0292537967120994 -0.136842053369653 1.60679609453821 373.54017739997 -333033.502013055 102.809405856181 128.901033212704 74.5657090760023 988162.570949948
125800 0.2516 -1.59948506945036 0.0160782517980219 0.0169945733714769 0.013019834709871 0.0457254101123791 -0.151322867447078 1.63920800341126 373.021789822961 -333028.868616842 102.812218119571 128.948162647156 74.5457877003475 988286.801496103
125900 0.2518 -1.64358216278818 -0.0324680184372431 -0.0419895042962091 0.0559137368112409 0.0399999417386207 -0.154835574656585 1.63295451061123 374.870151214448 -333042.275319946 102.796015413901 128.954448654651 74.5258663246926 987915.144214245
126000 0.252 -1.59561274977928 0.0174671594963448 0.00675989464570194 0.0147447318584922 0.0333373683048599 -0.15285361250109 1.63062834751162 373.453362205851 -333033.001632792 102.799506346104 129.023974293473 74.5059449490378 988217.115812706
126100 0.2522 -1.63766187532947 -0.0193069847666132 0.00737011989695404 0.0277678671837106 0.0232698448187346 -0.155538187200336 1.65513481201093 373.708711205031 -333037.38873752 102.756287870084 129.077093080433 74.486023573383 987944.102487585
126200 0.2524 -1.63011226997481 -0.0118747807859441 -0.00254472257965612 0.0379496969829481 0.0421133224740714 -0.15590822580084 1.64816295622671 373.049331021048 -333032.076304652 102.776611638567 129.095529795635 74.4661021977282 988016.328112191
126300 0.2526 -1.6546533185177 -0.0196194108594332 -0.0452104474289195 0.029248670477357 0.0320666352698699 -0.172223146689981 1.65129714650507 374.426209490624 -333043.136263124 102.804220392785 129.083778693449 74.4461808220733 987927.414211017
126400 0.2528 -1.62738608965056 0.0125621441240839 0.04446005476447 0.0415681678942492 0.0311013033889943 -0.187712674441552 1.6901338301393 376.210126761834 -333057.863655775 102.82628629292 129.139294626242 74.4262594464185 988299.904552036
126500 0.253 -1.66716664916678 0.0114927467504357 -0.0233914845941613 0.00785358583682844 0.0310284057544391 -0.1400873611711 1.68003043513617 373.980410359565 -333041.968875936 102.819470372777 129.144810573698 74.4063380707637 988012.076941709
126600 0.2532 -1.62581002777169 0.0169640960650796 0.00207216986680538 0.00152604868162035 0.0276967483495866 -0.172962973619689 1.66328632748911 374.776611478902 -333047.739099661 102.809681654153 129.206754546738 74.3864166951089 988127.237888007
126700 0.2534 -1.65531672533257 -0.0305561128283293 0.0338242479896972 -0.00463457781211312 0.0437292911621769 -0.168068220543449 1.68497374584924 373.563068636185 -333040.947075482 102.796158337249 129.239776866872 74.3664953194541 987985.109437391
126800 0.2536 -1.67643615962856 -0.00207479020704062 0.0205746101963377 -0.0105292752901412 0.0552017561747492 -0.165912761947978 1.71288578256872 373.916598234409 -333042.290968177 102.841897203282 129.191420340499 74.3465739437992 987790.199185765
126900 0.2538 -1.68466750483432 0.0227026981176215 -0.0368273112390061 0.0171684226379969 0.0244592569245855 -0.130173300828023 1.69426425403068 373.515033865404 -333040.185513609 102.889916919255 129.158784098407 74.3266525681444 987737.03641797
127000 0.254 -1.66377893440164 -0.0301614696837954 -0.0199738269368951 -0.0195560174501869 0.042367376357584 -0.13879005636811 1.65824390746517 373.228058178314 -333041.536968056 102.866194112046 129.220100561123 74.3067311924896 987713.30366722
127100 0.2542 -1.66667997760065 0.0136278534116152 0.0327107910869556 0.000124462904466769 0.0475033475646681 -0.172347968041374 1.71806431541797 374.223551445153 -333052.011769937 102.883234737695 129.250024584855 74.2868098168348 987840.785428552
127200 0.2544 -1.71326681154985 -0.0107720036003516 -0.034545954041351 -0.00499836214862432 0.045069101241091 -0.172064769051366 1.71859425735191 373.123771972474 -333046.867049494 102.902425951697 129.238680195238 74.2668884411799 987673.397562657
127300 0.2546 -1.69653299773909 0.00682742632375014 -0.0110696433480486 -0.00515965095502076 0.0471051883575591 -0.145070099624759 1.7149765138044 374.0400731183 -333053.698911091 102.91035735361 129.296151274261 74.2469670655251 987923.694094327
127400 0.2548 -1.64205318535776 -0.0338140891757068 0.00878950910628846 0.0052241862544006 0.0270504692046293 -0.137321677609515 1.6479118965871 373.49443836417 -333049.450070244 102.913496032091 129.330200006213 74.2270456898703 987948.84181331
127500 0.255 -1.67623132478527 0.000753631474919612 -0.0135292130755651 -0.00103443106669151 0.0290315289301932 -0.13745544956066 1.68752603794087 372.958209884119 -333046.127466966 102.934964413647 129.341065062153 74.2071243142155 987972.721471077
127600 0.2552 -1.70714023532671 -0.010716134943871 0.00886830032469299 0.00264980455221995 0.0261489736392068 -0.176576922497743 1.73409122769895 373.519185821807 -333050.522780077 102.916677569947 129.371197782132 74.1872029385606 987762.089710493
127700 0.2554 -1.65009291087479 0.0128447739935 -0.0210017647712968 0.00273207968096612 0.0247074158774952 -0.152452444779746 1.66787339233566 372.710761895263 -333046.288491916 102.927998643645 129.410691435583 74.1672815629058 987906.964622229
127800 0.2556 -1.65247227112226 0.00506423599371301 -0.0137784699705198 0.0184684588503531 0.0401916033234633 -0.142133653093677 1.66824012655164 371.845697474931 -333039.699179998 102.906174921272 129.451679736765 74.147360187251 987744.953352922
127900 0.2558 -1.74575517634071 -0.00220628432252892 -0.00682002425461812 0.00529306950244975 0.0274831684901232 -0.160708186113332 1.76402129549614 373.732423623024 -333054.985053793 102.895316953695 129.46962353043 74.1274388115962 987512.244876618
128000 0.256 -1.73154589431272 0.00566394106085159 -0.030450685921426 -0.0156974021897337 0.0237243837353286 -0.15507435916912 1.74098694086969 372.927146417323 -333050.562925594 102.911826491417 129.491045485689 74.1075174359414 987568.63494065
128100 0.2562 -1.74183460596105 0.0318609679634359 -0.00526420783544284 -0.00351266458276142 0.0175338909420971 -0.122538915281438 1.76848302037338 373.773948591023 -333058.819558555 102.913781219502 129.545533930832 74.0875960602865 987737.367024379
128200 0.2564 -1.80441875845746 -0.0446255464727197 0.0142023984159343 0.0262483391671001 0.00995260466105805 -0.142811043980653 1.80759701425171 373.336235779985 -333056.83050942 102.894027856689 129.571796980163 74.0676746846317 987482.392506051
128300 0.2566 -1.76904976082533 0.012871379568386 0.00840661232771404 0.0277969553575896 0.0161238257105044 -0.144133436229733 1.7979789513122 375.526784630993 -333073.340137601 102.946807718598 129.575192171611 74.0477533089769 987749.075342153
128400 0.2568 -1.74517387126489 0.0434076747832914 -0.0210263128730819 0.0365667070510373 0.0311106954495621 -0.132620409858481 1.77415043387243 373.691203438008 -333062.124305619 102.987636762208 129.567902371835 74.0278319333221 987819.399162099
128500 0.257 -1.7870544147762 -0.0080789973542275 -0.0193484125363432 0.0149431308321264 0.0389482520109033 -0.129466899485741 1.78894895052966 374.760832169071 -333073.886606193 102.951987480542 129.614577467665 74.0079105576672 987567.357500614
128600 0.2572 -1.75725325285797 -0.00217536258676315 0.056627604104267 0.0232747924082585 0.0337735632361228 -0.151716678544016 1.80584078389638 374.745769609968 -333075.162068484 102.941072897904 129.697613414128 73.9879891820124 987829.290337981
128700 0.2574 -1.78529080863175 -0.0281392695244194 -0.0244643009602133 0.032139060209115 0.0213831640351422 -0.153055438846116 1.78011260661143 374.442457725725 -333075.855242025 102.948001349569 129.665246925516 73.9680678063576 987383.317381057
128800 0.2576 -1.8058946435444 0.0107603713962882 0.00691495449306865 0.0387803436820123 0.0477667114635229 -0.129316508507282 1.8316084281572 374.595771627851 -333081.49214675 102.977730572408 129.671797399027 73.9481464307028 987452.332087956
128900 0.2578 -1.82432105233215 0.00544939408598846 -0.0396410960590526 0.0215224877522471 0.0409220483825359 -0.138763566207056 1.8253129236087 375.459092060598 -333092.308599979 102.985322444016 129.669613422436 73.9282250550479 987242.466842853
129000 0.258 -1.77998122143711 0.00252800409713847 0.00532835796850199 0.0340273821278032 0.0256798837493176 -0.147726763533851 1.80367962376667 373.977370032441 -333084.193501892 102.983678176577 129.734978930248 73.9083036793931 987458.197046578
129100 0.2582 -1.86991749580234 -0.0165008157364774 -0.0116111805751476 0.026131048670803 0.0251530058710647 -0.129851083287662 1.87050000202238 374.899099079955 -333094.541075708 102.957588555823 129.75807273347 73.8883823037383 987117.626208507
129200 0.2584 -1.82958553184369 0.0267516627623581 0.00633458409035086 0.0187575380394027 0.0253838813033483 -0.125713082789964 1.85981277342074 374.128578165506 -333091.507641383 102.976064100304 129.794184970114 73.8684609280835 987303.268013124
129300 0.2586 -1.79921025351413 -0.0102572379276039 0.0147554052127272 -0.00358531267867391 0.0245285790504692 -0.114717688822742 1.81302204317126 374.240352298141 -333095.800222993 102.969000222016 129.831514791922 73.8485395524287 987253.157020332
129400 0.2588 -1.80119074533329 0.00673610926204581 -0.00617217278609061 0.0102855382474832 0.0136476372523916 -0.11811985578756 1.81332897110358 375.039540719653 -333102.828379804 102.975104861067 129.866778643323 73.8286181767738 987313.444148942
129500 0.259 -1.84945260777386 -0.020761726436262 0.00318023889852755 0.0189088607421816 -0.00410397165102957 -0.125688590526097 1.85390993282828 373.237594053671 -333092.443547034 102.955206841904 129.902661318946 73.808696801119 987128.978336304
129600 0.2592 -1.86019446171755 -0.0107975583024517 0.0189756971913045 0.024032887392693 0.00755168790975158 -0.113524410659555 1.87530933929998 375.884652477734 -333114.46652366 102.957896730539 129.933860467246 73.7887754254642 987125.354517231
129700 0.2594 -1.81040454151079 0.0120071719552147 0.0142851107544572 0.0246680703473347 0.0301937021795465 -0.11695786712254 1.83601169190641 373.664336442077 -333101.420164107 102.982880857941 129.956384702582 73.7688540498094 987269.441670489
129800 0.2596 -1.86231746037718 0.00477544117345188 -0.0402111524140676 0.00617714239636866 0.029145837855387 -0.120597470226709 1.85751438955499 375.445311313402 -333115.786134663 102.998067919701 129.950708957356 73.7489326741545 987105.270314667
129900 0.2598 -1.82832172774239 0.0566902711981395 -0.0097157088619585 0.00826101682420051 0.00589833660702817 -0.136603291434647 1.86783147075325 373.949846718637 -333107.303279303 103.007995422839 130.018047779772 73.7290112984997 987445.162657436
130000 0.26 -1.84338580381172 -0.0517843977545127 0.0109897940113356 0.0164940323308353 0.0313451156153209 -0.139156567030855 1.84067919153221 373.81759516318 -333108.95343214 102.955217107535 130.097766783602 73.7090899228449 987277.522502034
130100 0.2602 -1.84944488403558 0.0197244405158636 0.00376721708996233 0.00966415453165938 0.0172053586209995 -0.134247738818746 1.87602171393856 374.862019629964 -333118.722326825 102.982721267298 130.113413153584 73.6891685471901 987393.103296892
130200 0.2604 -1.85548450103 0.00402191927415365 -0.0287771497314298 0.003715615903595 0.0343627452298818 -0.143515569954533 1.86097388356905 374.688030585641 -333120.252651888 102.990558081231 130.119803750179 73.6692471715352 987249.773782342
130300 0.2606 -1.85997489615627 0.00209564798834962 0.0133340439849804 -0.00679673982848963 0.0448104727317771 -0.114695152644896 1.87989019775127 372.943614134675 -333110.299570339 102.977841582516 130.17886888739 73.6493257958804 987308.904690312
130400 0.2608 -1.85714346319515 -0.00115992611706475 0.0007507490965082 0.0126607891195288 0.0323214275603677 -0.148807314751912 1.87570532970368 374.654774944625 -333124.95341043 102.966260733279 130.227243014392 73.6294044202256 987297.586478655
130500 0.261 -1.83412487905606 0.00853124317579316 -0.0228442067454827 0.0240114245277174 0.0501495511530781 -0.135073076582465 1.84460310766017 373.980419587396 -333121.274702718 102.950132924032 130.286463772587 73.6094830445708 987324.641160152
130600 0.2612 -1.85854104002073 -0.00709905539657819 0.0403486191393119 0.035329304690484 0.0147931643985289 -0.131652673126361 1.8905908051265 375.292718090865 -333131.923191387 102.937140319531 130.339131594604 73.589561668916 987331.830038795
130700 0.2614 -1.89857669529261 0.00640551225743663 -0.0244223179028908 0.028972065087269 0.042015729264324 -0.134885445454554 1.90619449548344 373.247282288583 -333118.744788037 102.952246367285 130.330604842833 73.5696402932611 987144.819129161
130800 0.2616 -1.82756787184446 0.0390769604573958 -0.00203654282142054 0.02158570989785 0.0397052617921473 -0.15109748268761 1.86652823218905 374.09462168595 -333125.816755054 102.969030508177 130.374737150353 73.5497189176063 987372.63571089
130900 0.2618 -1.8647997760477 0.00134959657126666 -0.0217721699534672 0.0179532950705948 0.0626161893308752 -0.167372266814574 1.88060340793214 372.653686835292 -333117.678142555 102.932297428313 130.434489569474 73.5297975419515 987205.302597087
131000 0.262 -1.87481382080297 -0.00236233732897334 0.0238958280063255 0.0247187231315921 0.0685669811875235 -0.196979091728579 1.9204871299043 373.085066033211 -333122.482177934 102.910050753634 130.50294392022 73.5098761662967 987242.384352339
131100 0.2622 -1.89566946135239 0.00223850330081968 0.0197593621160658 0.0324568997665939 0.0679936995425925 -0.158643766519956 1.93084124536625 374.425036572158 -333134.476650398 102.902330670917 130.539170783354 73.4899547906418 987174.756296257
131200 0.2624 -1.84586589725177 -0.00650514991119083 0.02621471163166 0.043102043642638 0.0765100516370679 -0.17140897148542 1.8856775986889 374.649619899111 -333134.527996693 102.931355878379 130.551132794972 73.470033414987 987275.990459081
131300 0.2626 -1.84422911098736 0.0162158035738588 -0.0266030913422178 0.0231109465502607 0.065829216853008 -0.186129588665288 1.87135299151194 372.202706463264 -333117.535530521 102.973679730551 130.538023128555 73.4501120393322 987314.980094194
131400 0.2628 -1.87567686912657 -0.00628816871308001 -0.01739376264298 0.0375971364221145 0.0629346696399941 -0.18493002506849 1.89544112809954 372.415241965005 -333120.541630681 102.946044175856 130.57969664096 73.4301906636774 987097.323189234
131500 0.263 -1.82014038561395 -0.0148581609949189 -0.0036197092822441 0.0681139715530575 0.0690315028727887 -0.164636067719292 1.84092055215387 373.114591603485 -333126.532857649 102.93891918851 130.650088927416 73.4102692880226 987293.166080012
131600 0.2632 -1.85499792988136 -0.0232120380234582 -0.00197990921034961 0.0268304686979884 0.0781203788579674 -0.181403546081028 1.87455936514165 374.920007442771 -333140.462671681 102.934819598761 130.677266554797 73.3903479123677 987191.246456695
131700 0.2634 -1.83150442579057 0.00688686513563945 -0.00758811385683837 0.0389307625825476 0.0336685622158816 -0.156485171590711 1.85329213674159 371.70843298145 -333118.976160561 102.986614066883 130.672968788781 73.3704265367129 987387.40200086
131800 0.2636 -1.85172660105743 -8.60843522797242e-05 -0.0120560346340396 0.0427117799495177 0.0456195981140677 -0.168268861149785 1.87168677893038 373.521515982396 -333130.53631189 102.997153145219 130.679457482131 73.3505051610581 987269.346456361
131900 0.2638 -1.80898097238541 0.00245197812457895 0.000801230489419768 0.0230314675072505 0.035655603032366 -0.155120352325182 1.83190996590653 374.068588186985 -333136.428951621 102.989376529619 130.758695804914 73.3305837854033 987525.120004158
132000 0.264 -1.85092884190288 0.00757393571968053 0.0192775553965333 0.0212070962537272 0.0414042312761344 -0.14101166535288 1.88203766753378 373.522816341878 -333132.271918816 102.966660895178 130.809173272204 73.3106624097484 987420.123359637
132100 0.2642 -1.85699490878771 -0.00708833289001764 -0.0285709179689209 0.0548196158768548 0.036633167449972 -0.129875839681051 1.85648048859446 373.806631402054 -333135.520925874 102.963967621078 130.8360607143 73.2907410340936 987328.882834287
132200 0.2644 -1.8857222740206 0.0105745864658996 -0.0108583021758697 0.036355743981932 0.074515070274089 -0.141635587602871 1.90697736191232 373.251562699368 -333132.75393952 102.986497486312 130.860460921383 73.2708196584388 987460.617436343
132300 0.2646 -1.8623320378039 -0.0177034108088187 0.00259501028269475 0.0309617544858611 0.0469319662070754 -0.135316986019026 1.87214465927484 375.789737464934 -333152.47709713 102.966154635818 130.897887985961 73.250898282784 987279.428984302
132400 0.2648 -1.80387653460996 0.0582795707069791 0.0262778736114019 0.0347639403158397 0.0670287870179162 -0.141748470965847 1.86720094529987 374.801252996677 -333143.849514874 102.984099226135 130.967799971328 73.2309769071291 987710.190602584
132500 0.265 -1.87724471628141 -0.0227971292589395 -0.0295290055517918 0.0182835736225165 0.0761136350528611 -0.143828697477531 1.87269326521853 374.680147716609 -333144.605314864 102.931523641218 131.001596232416 73.2110555314743 987192.068383287
132600 0.2652 -1.859003902164 0.0213664644277207 0.0164517583413762 0.0313075592263071 0.0532931592672719 -0.155866397766465 1.90024192573819 373.936982684364 -333140.064104143 102.916081324979 131.082484977983 73.1911341558195 987384.679456233
132700 0.2654 -1.85907279002502 -0.0107424430953144 -0.0214973952469217 0.01411556982422 0.0538079074747655 -0.152892234465646 1.86439635342649 374.505207281237 -333147.787601198 102.903114280212 131.116648298447 73.1712127801647 987248.791557374
132800 0.2656 -1.83899679586127 -0.0136515873960682 0.00491164555141261 0.023318903522683 0.0472221641197419 -0.157922764930944 1.8572167194988 374.74223502698 -333151.166290401 102.91548718459 131.160420163221 73.1512914045098 987428.21117711
132900 0.2658 -1.83005270119418 0.0444454815382485 0.0171782674409879 0.0245845200028315 0.0469630476152988 -0.142355793892945 1.87952118645102 372.772348443982 -333135.28894405 102.921178262044 131.230620565899 73.131370028855 987742.27425082
133000 0.266 -1.84960945622899 -0.0193235987550612 -0.00517102027284275 0.0121825832248313 0.0665436901928707 -0.131199018586166 1.85510615904832 374.673939541197 -333149.86536897 102.867790858646 131.280594469857 73.1114486532002 987336.829030727
133100 0.2662 -1.84867038345474 0.0128370443872411 0.0181825211668818 0.00562594894803804 0.0471330843109088 -0.105499791983358 1.87492380589287 373.244178280064 -333141.048616291 102.874495210504 131.332337505597 73.0915272775454 987521.200551618
133200 0.2664 -1.83416554507221 -0.0357269992898354 -0.00399783665252615 0.0223455528094218 0.0673394820949074 -0.146345627489766 1.83624720792802 374.124267350672 -333146.918265211 102.883000475145 131.328995372961 73.0716059018906 987308.544468835
133300 0.2666 -1.83150899212532 0.010471980556372 0.00542444808933016 0.0184311878919107 0.0417406452369074 -0.158156858196668 1.86142651436519 373.602747070803 -333143.623765455 102.913721066097 131.338663906403 73.0516845262357 987406.791954653
133400 0.2668 -1.84410157240803 -0.0171229876431523 -0.0310158086169325 0.029886846323904 0.0514791206951335 -0.135963500105181 1.83813766179189 374.535666579471 -333152.165216351 102.905192940843 131.346170272471 73.0317631505809 987112.135747835
133500 0.267 -1.81694844603008 0.0230120328281118 0.00856250580771075 0.0343227412844331 0.063739993537525 -0.146076201364037 1.85440396779844 374.100606542014 -333150.319347567 102.924281770729 131.410096463957 73.0118417749261 987506.318543751
133600 0.2672 -1.85004055919916 -0.0306371380885406 -0.00529824177583278 0.0313345886402441 0.0734987647862026 -0.147011872935108 1.85498296219038 374.529720199037 -333156.377124242 102.91706029824 131.415187710793 72.9919203992713 987205.854727272
133700 0.2674 -1.83346233344603 0.0363793133438544 0.029670637440667 0.0190072960336515 0.0414153541099243 -0.15210328204131 1.88664898182004 372.662151376993 -333143.19817202 102.950479005338 131.459431532046 72.9719990236164 987589.275622859
133800 0.2676 -1.90523499573461 -0.0569940250484176 -0.0436657473530091 0.01396674580402 0.0594437205470147 -0.13581646192745 1.87278680295133 376.067194208063 -333170.090610755 102.89834945992 131.501432892059 72.9520776479616 987135.018140456
133900 0.2678 -1.84083848050665 0.0114518089812569 0.0680404432123267 0.0213130302541821 0.0549177882357564 -0.172330956282577 1.90748647947677 373.168471022685 -333149.326232128 102.924782616597 131.581647753068 72.9321562723068 987721.103414615
134000 0.268 -1.89219241008262 -0.006161776667767 -0.0371054641344846 0.0323566386681069 0.035550446975974 -0.174984020643575 1.89697098053193 372.624313589655 -333147.277345519 102.93551483885 131.541659410731 72.912234896652 987254.149127529
134100 0.2682 -1.83541072320422 0.0128377357385354 0.0178325926032056 0.0175246925707036 0.0680009924237954 -0.15083622671578 1.87305298975033 374.054341674922 -333159.607129274 102.941581444374 131.608987656921 72.8923135209972 987547.784047274
134200 0.2684 -1.82174275449053 -0.0134497042445297 -0.00418590955092267 -0.00825679200645098 0.0690164268151627 -0.154943446225374 1.83664856980364 375.856777375988 -333173.633708098 102.930682691273 131.65481452841 72.8723921453423 987517.100681965
134300 0.2686 -1.7973682616644 0.00731361224561549 0.00885185355191669 0.00656637306741119 0.0711703669188521 -0.179190365207581 1.83611210020151 373.17261656601 -333154.300296455 102.938017387551 131.68204031991 72.8524707696875 987521.663671295
134400 0.2688 -1.81391511716111 0.0393759056293904 -0.00554933064221477 0.0262103515299997 0.0273618500290642 -0.180590376977272 1.8589222597501 373.070204260415 -333156.246168285 102.929520508769 131.727807753623 72.8325493940327 987513.237354727
134500 0.269 -1.82689778662087 -0.0505727352514918 0.0333229157303041 0.0212494662304046 0.0540371871861986 -0.195543015817864 1.85370466910553 375.198261592855 -333174.118726904 102.875541745746 131.822407659493 72.8126280183779 987434.009005939
134600 0.2692 -1.79878635112087 0.00385222636401767 -0.0181651313333316 0.0144938492410753 0.0364621819983697 -0.21584449919849 1.8315803278496 373.394292821329 -333161.699616661 102.906705670511 131.84950692446 72.792706642723 987665.885938131
134700 0.2694 -1.83974324227283 0.0246911423504725 -0.0200762759129857 0.0203831998207304 0.043574647779935 -0.199185775140771 1.87633189381036 373.756238896852 -333164.381402359 102.905892797722 131.868129802562 72.7727852670682 987527.251250312
134800 0.2696 -1.80761910112215 0.0028525421424334 -0.00407451962925977 0.0121681871142355 0.067443023328275 -0.222328930370894 1.85140342570188 375.239866269649 -333176.32336097 102.863960958971 131.966637689332 72.7528638914134 987591.831348117
134900 0.2698 -1.74138574542655 0.0088731382026443 0.0231471582024069 0.0170631808519614 0.0392597589412248 -0.19594886813004 1.79144591235198 373.434629386053 -333163.751174027 102.837106117252 132.071905522792 72.7329425157586 987851.011065712
135000 0.27 -1.75749666083178 -0.00851242921849692 -0.00331925885172859 0.000261421734769925 0.0474996331748001 -0.20246816706896 1.78824061888827 375.142447514554 -333176.932980054 102.817762652351 132.108596476987 72.7130211401037 987668.987621553
135100 0.2702 -1.79029821298269 0.0289659109342749 -0.0289294077754458 0.0192590723935872 0.0514418194356497 -0.201838887461764 1.82729725870556 376.30207666584 -333189.259815233 102.83013387855 132.116662638032 72.6930997644489 987577.493892456
135200 0.2704 -1.76706590572071 0.0021247176654176 0.019610958936529 0.0334634723382803 0.0426461108233186 -0.184308353819437 1.80886757854661 373.792550058006 -333172.661975547 102.812950717034 132.187291515629 72.6731783887941 987669.590115063
135300 0.2706 -1.78079171828563 -0.0167547222105322 -0.0335933296146725 0.00670718366930491 0.0365569820508959 -0.206999295286963 1.79306900544678 373.483307891185 -333173.999634814 102.801367864471 132.228026341196 72.6532570131393 987591.849996602
135400 0.2708 -1.73328249216545 0.0178459390596898 0.0305344588121176 0.0124823442090994 0.0524233057561154 -0.213124624968745 1.79827955609839 373.822961275883 -333179.044786792 102.811249968344 132.301639493097 72.6333356374845 987965.671628294
135500 0.271 -1.72133357601978 0.0212042432096696 -0.0254452790448592 0.0343582048351945 0.0430890649770828 -0.19670580894854 1.75570973104799 372.211602949424 -333169.556248715 102.806145323292 132.354457659652 72.6134142618296 988039.952635904
135600 0.2712 -1.73335825636954 -0.0178977379303371 0.0107655842549855 0.0248781194206607 0.0422967403569682 -0.21231333497003 1.77066423574011 374.220785063341 -333187.310362008 102.778547406478 132.413283144556 72.5934928861748 987942.622755968
135700 0.2714 -1.73743050797682 -0.019746073102926 0.0058146720185024 0.0434381469490072 0.0632669535198358 -0.226081965413944 1.7793275046625 373.833246875019 -333186.068187392 102.79048874345 132.432873967242 72.57357151052 987932.40564701
135800 0.2716 -1.76752584978438 0.000413422402457342 -0.00882631277834804 0.0200863586584245 0.0580945539846278 -0.236915082551688 1.81358234943933 374.663024007811 -333193.818785125 102.807083890559 132.431204257766 72.5536501348652 987808.219017642
135900 0.2718 -1.73949587870197 0.0270531147581841 -0.0120795936732733 0.0164317579666505 0.0871857657936431 -0.201795033476928 1.78853981123202 374.546972008246 -333195.818189102 102.816735758383 132.465170773485 72.5337287592103 987883.016832683
136000 0.272 -1.75687904836292 -0.0124332337556034 -0.029016009164196 0.0349971986218233 0.071532078250797 -0.201787381793139 1.7764058669484 375.826487249661 -333207.108786794 102.782097936293 132.503856502126 72.5138073835555 987567.308898444
136100 0.2722 -1.74219418589689 0.0150831974885942 0.0404816035327445 0.0272524736155051 0.0685172057079396 -0.196512547512398 1.80705959616199 374.349264541464 -333198.53929 102.778934064977 132.564709397205 72.4938860079007 987719.013386162
136200 0.2724 -1.76618527752762 -0.0123809465786921 -0.0185799654279459 0.0386765867757087 0.0714194205978959 -0.223648960449429 1.79856681875438 374.413344150901 -333200.957373992 102.785720351862 132.560801702303 72.4739646322459 987483.677077762
136300 0.2726 -1.80927397159806 0.00292171666426437 -0.0136011161069726 0.0378976133988561 0.0444486115150006 -0.224731055332068 1.84827797596743 374.793910475013 -333206.727148979 102.790130117769 132.567272069324 72.454043256591 987302.783550742
136400 0.2728 -1.83290246028158 -0.0206283620288863 -0.00798349293718799 0.0139937668707522 0.0403770988324974 -0.230784429323419 1.86351174773897 373.813803467526 -333203.059243444 102.791296706309 132.601824514701 72.4341218809362 987299.788428115
136500 0.273 -1.82310521169358 0.0231177409718388 0.00166137362030004 0.034225479651181 0.0352386009823945 -0.236600369340154 1.88270150593466 373.643505967493 -333200.486447131 102.820120753276 132.637603982356 72.4142005052814 987571.430607548
136600 0.2732 -1.82804301808901 -4.54199422314352e-05 0.0115022365853924 0.0185718656714749 0.0535980678149723 -0.233827570524381 1.88055753834187 373.708138650989 -333203.818045051 102.79602991028 132.685601562354 72.3942791296266 987425.611926143
136700 0.2734 -1.84136908547443 0.00803597601103574 0.00594421802725659 0.027201564313739 0.0226294741883185 -0.243276525345498 1.89677131121781 372.836253734867 -333199.867719438 102.7962513904 132.736681494134 72.3743577539718 987536.045270959
136800 0.2736 -1.82840907373771 -0.0132085368247232 -0.0175742029833354 0.0370734632319967 0.014180204382068 -0.219529666783837 1.8537405082985 374.133739945595 -333210.086735772 102.797510804263 132.744177929983 72.3544363783169 987332.074352758
136900 0.2738 -1.79050532530552 0.0238423303036748 0.0326030712093049 0.0374217009796806 0.0490175417145939 -0.22310334585481 1.86240806855373 373.918006605803 -333209.88544926 102.824850729365 132.782416548622 72.3345150026621 987607.160043155
137000 0.274 -1.84475570364366 -0.0433587268692524 -0.0168424378828755 0.0224721758752287 0.0531859300219127 -0.236381750595229 1.8630970897661 374.691330299178 -333217.009757429 102.799352860466 132.795451220267 72.3145936270073 987187.231991579
137100 0.2742 -1.80132460807975 0.0125091524978468 0.0150112556269329 0.0306807306001778 0.0373815297291665 -0.232925211187753 1.86126733455054 373.634495692998 -333210.386820786 102.827763444189 132.847888265258 72.2946722513525 987577.844377223
137200 0.2744 -1.81922430218782 0.00217173367430703 0.0127138635423177 0.0260944828461458 0.0264807871264787 -0.223752366718824 1.86845869012668 374.364455817508 -333216.519799073 102.841595731614 132.849328665773 72.2747508756976 987449.227050729
137300 0.2746 -1.84873852078608 -0.00109982377436919 -0.0360858370882948 0.0324075792661333 0.0324168111174268 -0.215212663049591 1.86965345379597 374.267212530149 -333216.777587378 102.843070707014 132.850589931701 72.2548295000428 987200.58316072
137400 0.2748 -1.84550627845859 0.0533758076637488 0.0524041094058164 0.0143642835482965 0.0158771675664932 -0.187472189026096 1.92632336252998 373.788001133739 -333213.598850314 102.855270436023 132.932206031219 72.234908124388 987651.862707253
137500 0.275 -1.91102565403861 -0.0215250029581402 -0.0427955943888528 0.0446313563710615 0.000509000223441432 -0.18577752593005 1.90787601031001 373.081807896499 -333210.390854535 102.838963274672 132.922983758792 72.2149867487332 987154.449005746
137600 0.2752 -1.83261405191065 0.0560959638269914 0.0269863855131548 0.0309151685314054 0.0186388912551925 -0.203320981303929 1.90814597739137 373.374630191502 -333212.36867827 102.869150448759 132.994555641066 72.1950653730784 987703.357201038
137700 0.2754 -1.87978708453646 -0.0230210021537066 -0.0161772390659777 0.0383794898394443 0.0224272873032988 -0.169725163061909 1.88485601234017 372.741077017606 -333209.040390463 102.825198055389 133.03116116293 72.1751439974235 987280.582522216
137800 0.2756 -1.92702956928418 0.00354142460949928 0.0166323621058065 0.0347278072984989 0.00441877396929934 -0.188395694928574 1.9653763434553 373.402738548652 -333214.956510475 102.831105460114 133.081490365418 72.1552226217687 987438.216139802
137900 0.2758 -1.89171487742286 -0.0166416428751778 -0.0191817087276243 0.01433383784817 0.0309998657725874 -0.200352114877149 1.90658478408937 374.431178221943 -333222.689080363 102.837335862133 133.104845442176 72.1353012461139 987398.657524434
138000 0.276 -1.86065339791756 -0.0283321114504835 0.0305057350294877 0.0323628134852983 0.0251661233133177 -0.195287833181292 1.89423522755695 373.627659336982 -333218.109335529 102.838321684248 133.157744538442 72.1153798704591 987527.745187292
138100 0.2762 -1.86461833940348 1.75981018518709e-06 0.000133726352800165 0.034565984428747 0.0354725477098816 -0.194146860683358 1.89670570636981 373.385717629365 -333216.896418126 102.859408177084 133.13173093753 72.0954584948042 987264.470285082
138200 0.2764 -1.83976511316239 0.0260042014977708 0.0030386403198732 0.0550407384591089 0.0404230116990345 -0.199183428469112 1.88991712411231 373.079215226343 -333215.912634439 102.878650955599 133.160778927805 72.0755371191494 987391.706640827
138300 0.2766 -1.85065251907041 -0.0290854233244591 0.0168771120062136 0.0636403230694059 0.0520345485932852 -0.182468619797983 1.87725878010725 374.054534930095 -333224.157003968 102.86567774984 133.20055478608 72.0556157434946 987289.138687023
138400 0.2768 -1.86691129721696 -0.00573339862441345 -0.0268014016952063 0.0632009091213806 0.0585457146247018 -0.199898941769825 1.88874570995835 373.332895754243 -333220.539042555 102.883828154823 133.205072413738 72.0356943678398 987223.818867697
138500 0.277 -1.84332946413039 0.0223047273273105 -0.0238129741679201 0.029054170238786 0.0617838184190924 -0.177178031418279 1.87212161397656 373.960265467319 -333228.787613168 102.88906508668 133.271817883691 72.0157729921849 987495.600225233
138600 0.2772 -1.8708362146529 -0.0598698045745083 0.00590797816485491 0.0279677900689537 0.0694376504487836 -0.194253508132466 1.87964412594875 374.740735208412 -333236.726377872 102.847198255915 133.330007221603 71.9958516165301 987251.588208623
138700 0.2774 -1.80360952977071 0.0119133018145002 0.00980136753393458 0.0389132339566613 0.0566417141889603 -0.192024018341911 1.84853471401503 374.183174028373 -333233.138531115 102.877787842732 133.363857204073 71.9759302408753 987522.618333465
138800 0.2776 -1.85581294994769 0.0245165924037477 -0.0199928499325707 0.0249810385167216 0.0619130403251771 -0.17770923635373 1.88733712080206 375.462155244607 -333245.150785273 102.904367364008 133.359172863074 71.9560088652205 987469.673769338
138900 0.2778 -1.82786589410156 -0.00163219712695084 -0.00158006359999816 0.0280515601151695 0.0597528025037681 -0.169800876842585 1.85331961688007 375.337709164657 -333246.241632231 102.921541206465 133.376843076629 71.9360874895657 987491.868634231
139000 0.278 -1.81064427654001 -0.0120204303487217 -0.0380834302113331 0.0151148043837664 0.0381864932942654 -0.170768402342356 1.81146212365987 374.889634954067 -333245.021221247 102.938645091476 133.384185213102 71.9161661139108 987436.814052562
139100 0.2782 -1.80522134818804 0.0102260218915656 0.030283979893814 0.0234208866843521 0.0499720501544734 -0.188410938218721 1.85695958987348 373.675169452358 -333237.618586212 102.914311107045 133.471490062289 71.896244738256 987575.909162378
139200 0.2784 -1.81529756478831 0.0083963590415589 -0.00343288282605608 0.0353359404419356 0.0282770944066836 -0.199647454684032 1.85206601637471 373.541210462757 -333237.928180457 102.899000853695 133.503972720878 71.8763233626012 987395.630434011
139300 0.2786 -1.82018686625348 0.00409790455192724 0.00508647570644113 0.0520986501128652 0.0233600475962808 -0.175393256122578 1.85253545281843 374.34564877363 -333243.070215045 102.906641852744 133.53197564798 71.8564019869464 987402.330678754
139400 0.2788 -1.8156494535999 -0.0451303643488646 -0.0143068265458843 0.0328590406757989 0.0348599233628143 -0.183628339361665 1.81612347912982 373.500734102454 -333239.01755117 102.900656027335 133.565559399595 71.8364806112915 987319.417500529
139500 0.279 -1.85015394832053 -0.0350056346866145 0.000422643523449204 0.0518097911426382 0.0532387655071964 -0.183799825551301 1.86500110785059 372.854298927699 -333234.544871881 102.902630770518 133.616071688989 71.8165592356367 987437.852127804
139600 0.2792 -1.86804986016394 0.00838056817698164 -0.010394964259758 0.0427264773500701 0.0362184878565248 -0.194805087412464 1.89983466414391 374.946758959486 -333250.482104652 102.936182762616 133.609385309743 71.7966378599819 987436.399223258
139700 0.2794 -1.8616547570981 0.0169190597670885 -0.0200797571928114 0.0430843111211342 0.030065489938462 -0.216500404411098 1.89994772008405 373.317111412209 -333238.03210597 102.955569867149 133.621897874993 71.7767164843271 987440.804440372
139800 0.2796 -1.88563792397859 -0.0107132938978846 0.0387769552923802 0.0277615775290372 0.0342146505980885 -0.188030641426299 1.92937107609105 373.967820944326 -333244.505234248 102.937711225344 133.675916705242 71.7567951086722 987394.519092086
139900 0.2798 -1.90357969526855 -0.0108130327297856 -0.0278234932099745 0.0367537266493725 0.0633275706526285 -0.175307417410365 1.91283556186933 373.82808312309 -333242.378554842 102.941417431005 133.694760675924 71.7368737330174 987295.092743558
140000 0.28 -1.89952006743656 -0.0109799056096372 -0.011022004772087 0.0282645254721966 0.0489648974835804 -0.175219640602462 1.91525443212184 374.33234989051 -333247.268855937 102.931062766588 133.723451256587 71.7169523573626 987133.428929692
140100 0.2802 -1.90255502273974 0.0174389379739531 -0.00665075029094466 0.0418958314503014 0.0425739024200547 -0.182288637366892 1.93677461305994 373.368643788601 -333240.80412405 102.939871593997 133.755202222231 71.6970309817078 987178.017955184
140200 0.2804 -1.93189781682716 -0.010057694183087 -0.00714754392125742 0.0143285209085816 0.0647434610443182 -0.166650366879662 1.94822454317691 374.108702754761 -333247.682717465 102.939448324413 133.756011428408 71.677109606053 986905.638330993
140300 0.2806 -1.93682842026614 -0.00196327459220394 0.0238243484054492 0.0252284092232511 0.0628042963100705 -0.152851203523257 1.96928838274844 371.699768309116 -333229.620485008 102.970112095038 133.775592032952 71.6571882303981 987069.721288366
140400 0.2808 -1.98660761294297 0.00974691648157344 -0.0363310359405145 0.0465031909217076 0.0417055329636166 -0.139180068354038 1.99132760359691 372.574719348838 -333236.652535287 102.996044337465 133.754669197075 71.6372668547433 986889.44738273
140500 0.281 -1.99076937261281 0.00767593700146696 -0.00412025456943308 0.0275229158771167 0.0199451089806204 -0.159502365353434 2.01249539885452 374.054692800878 -333248.107528507 102.988588844659 133.808573758096 71.6173454790885 986941.176783319
140600 0.2812 -1.96829132860981 0.0014645946223312 0.0404134337401586 0.032426316964613 0.0587550462332751 -0.164002290231762 2.01305147321303 374.557011523437 -333251.849537444 102.967050992648 133.893815218861 71.5974241034337 987088.720037886
140700 0.2814 -2.00670770737206 -0.0487633410622014 -0.00839204818381785 0.00999259021292687 0.0567151771728147 -0.183481685805261 2.00628181094422 373.239838509533 -333242.077881412 102.95648112045 133.909930749116 71.5775027277788 986831.532866388
140800 0.2816 -1.98831677093975 0.0348813535130678 0.0288075521769654 0.0327203007166218 0.0647574806838823 -0.186405255343914 2.0496614950256 374.783380262186 -333251.548890117 103.008047413916 133.920616217284 71.557581352124 987129.763790925
140900 0.2818 -2.05317022010563 -0.0117014957347141 -0.0230716084493798 0.0045054244665085 0.0516460611676771 -0.193064553701801 2.06504157626129 373.507617214828 -333241.755960441 102.985796414765 133.922839458251 71.5376599764692 986658.157056021
141000 0.282 -2.03797999486022 0.0113943634110417 0.00288697518876488 -0.00749915982474071 0.064755074490812 -0.183262663806438 2.07269795092362 373.985043201713 -333244.914998618 102.981338590648 133.981553177649 71.5177386008144 986773.128140358
141100 0.2822 -2.04038692250546 0.0351394189904435 -0.0243376524557447 0.0254784401331552 0.0380271479027597 -0.179996590507097 2.07156531401253 372.966647506977 -333237.579660163 102.969413506477 134.033246625723 71.4978172251595 986764.59768798
141200 0.2824 -2.04515791063008 -0.0247743355927128 0.00697128922818175 0.0499011570724261 0.0297757148530846 -0.197070878868303 2.0673018318218 373.23065892375 -333238.466239287 102.935842113613 134.094260413298 71.4778958495047 986616.945780633
141300 0.2826 -2.090728585096 0.000546777450173872 0.0196341041998795 0.0159536149839728 0.0596650955776333 -0.172212200059987 2.12464780002149 374.981479375607 -333252.594741351 102.941908910626 134.121840365755 71.4579744738499 986602.98029989
141400 0.2828 -2.08372360822331 0.0407152564500997 -0.00762360287215829 0.0233865814906085 0.0637733725991787 -0.177968912134032 2.12643949136467 373.631197725685 -333243.329262998 102.967326684393 134.150224662973 71.4380530981951 986780.257417155
141500 0.283 -2.12346709017957 -0.02307433889187 -0.0119061554818121 0.0209111965493301 0.0726465335341713 -0.212570423373236 2.14194653412926 372.480582792466 -333234.423751548 102.942706386499 134.195815233697 71.4181317225403 986604.381306972
141600 0.2832 -2.09241591228564 0.0285938574270327 0.0123717420428342 0.0382529908822222 0.0593407235462957 -0.177873610376093 2.13878686109225 373.852508727483 -333242.877297903 102.96445239127 134.226591441537 71.3982103468854 986763.784344849
141700 0.2834 -2.11092070973748 -0.0299885677622998 -0.00885732590942254 0.0202471859453797 0.0465964182669473 -0.179079214026671 2.11628197746672 374.281878833551 -333246.678291059 102.960793940418 134.24955069247 71.3782889712306 986622.139836928
141800 0.2836 -2.11850824021538 0.0230887133421772 -0.00370970201590395 0.0405484162373383 0.0241364356401215 -0.166228507516215 2.14926504571893 374.459392692808 -333247.684674878 102.965580694658 134.280960963882 71.3583675955758 986623.419676317
141900 0.2838 -2.12897767598559 -0.00610566142609998 -0.00224529649955873 0.0314925441861136 0.0363987554401278 -0.168896900132789 2.14646779410265 370.814429086535 -333220.758988568 102.936377373604 134.3430913221 71.338446219921 986524.473446038
142000 0.284 -2.09918716571098 -0.0038387055129619 0.0221063231246384 0.0251074756432456 0.0408100065139028 -0.183895162641156 2.13397797748566 373.252852384508 -333237.055265982 102.938868075949 134.392174109631 71.3185248442661 986633.18744144
142100 0.2842 -2.18374150460649 -0.0112908124353997 -0.041273567871597 0.0405843302338234 0.0379917010684821 -0.149142418788764 2.17515670070364 374.15612184102 -333245.390904369 102.938341426364 134.369868263703 71.2986034686113 986188.834603138
142200 0.2844 -2.09441509984281 0.0543482470164375 0.013629589897839 0.0366669098258799 0.0466197045114566 -0.16983529171602 2.1513792850646 373.585955862587 -333241.85247541 102.970174817237 134.44972454609 71.2786820929565 986804.28822902
142300 0.2846 -2.18174826134287 -0.0234580639944652 -0.0436803053307973 0.0579350034530876 0.0458710090815984 -0.177819171937441 2.17398731960277 372.371975837912 -333232.756428665 102.912780212601 134.501084021674 71.2587607173017 986355.250304354
142400 0.2848 -2.14731591441738 0.00380974799728815 0.0156578214467152 0.0604402857434272 0.0260281967803862 -0.158438850581403 2.17744547137614 372.942927342108 -333236.58635457 102.894095694411 134.614024262312 71.2388393416468 986728.329817544
142500 0.285 -2.18332727949224 -0.0438082818480673 -0.0340425131929856 0.0572469320093002 0.0203677829782 -0.168218436454929 2.1666793624336 373.103725305064 -333238.381421981 102.870547001624 134.630943670462 71.218917965992 986350.593375973
142600 0.2852 -2.16057378852694 0.0371925686402071 0.0143033236307181 0.0601398962096418 0.0231165802996732 -0.167490035453822 2.20839488129763 372.373278509459 -333232.083454048 102.909163678553 134.665664219641 71.1989965903372 986699.253148358
142700 0.2854 -2.16786355698143 -0.011455082769171 -0.0498132948760762 0.0491790775420169 0.0418928795087847 -0.150846507425495 2.15630185222737 372.941324013458 -333236.033806948 102.921398223957 134.645040935075 71.1790752146824 986389.365780358
142800 0.2856 -2.11425096999947 0.0188600352864291 0.0365329266048468 0.0361388512662762 0.00478600462806781 -0.140911982717481 2.15678660483124 374.326973536704 -333244.481274763 102.920566199828 134.727886145246 71.1591538390276 986712.063228416
142900 0.2858 -2.19548812293034 -0.063231479323392 -0.0530841035351227 0.0617149549549152 0.0234340432569252 -0.16327126878607 2.1590054109843 374.965732936125 -333250.000664712 102.900060267282 134.702957945506 71.1392324633727 986056.810012593
143000 0.286 -2.15100522448262 0.0551484044704818 0.0339122710708823 0.0350279894548589 0.0219367229087853 -0.166120147355974 2.21554211983989 374.737953541505 -333248.557229333 102.951870733362 134.741670146815 71.1193110877179 986560.469835775
143100 0.2862 -2.21787228150464 -0.0189661049888147 -0.0240193242902558 0.0554678246312506 0.0629342086504146 -0.159284527608269 2.21840690987497 374.839293729922 -333250.384789667 102.917156515587 134.754737332497 71.0993897120631 986047.175537512
143200 0.2864 -2.16895132314814 0.0477369123187673 0.00328222215229437 0.0593310875400781 0.0363155499521248 -0.167942355376562 2.21726670916495 372.949946862535 -333236.747087772 102.911226899062 134.870289457784 71.0794683364083 986559.348226825
143300 0.2866 -2.1812860729535 -0.0278439838243338 0.0257689698784769 0.0364100556947488 0.0280192869981223 -0.183037801710538 2.20510326275839 374.712073583275 -333249.292483625 102.864889183785 134.936516272697 71.0595469607534 986322.840818573
143400 0.2868 -2.18614921685951 -0.0155887799138428 0.00114574546933722 0.0299575701692061 0.0221411826310212 -0.181440553505641 2.20246703512377 373.288961049199 -333238.760228352 102.898748427139 134.923250269628 71.0396255850986 986273.923818152
143500 0.287 -2.20697558931199 0.00898694140243403 -0.0383055706553701 0.0495977473452496 0.0407358324593457 -0.160698099134737 2.21308783275399 374.332031333704 -333245.841525649 102.948099128566 134.891948864117 71.0197042094438 986241.380144453
143600 0.2872 -2.23045380364071 0.039095791506451 -0.0245815908210651 0.058331131328818 0.0331302799966111 -0.167382596710232 2.26007575240741 374.287762104159 -333245.036465683 102.943645365778 134.94777284239 70.999782833789 986330.095721176
143700 0.2874 -2.18058751810777 -0.015927561766111 0.00558892173422156 0.0547811184518148 0.00828297247505695 -0.178314728772448 2.19940644699721 374.527842735681 -333246.745717462 102.889197896348 135.062702289025 70.9798614581341 986371.155292234
143800 0.2876 -2.22111798322089 -0.0227066670124223 -0.00635925735059908 0.0601887613177175 0.0212175978227816 -0.171070900037187 2.22917748559529 374.187521169268 -333244.237025162 102.866735941024 135.118218919361 70.9599400824793 986284.280784683
143900 0.2878 -2.18270983522317 -0.0096221984079591 -0.00638589250159002 0.0766606920080402 0.0451075880260675 -0.146287550966727 2.19483209804365 375.410576096601 -333255.392965432 102.883861134496 135.165998099643 70.9400187068245 986520.260437696
144000 0.288 -2.1690824445602 -0.033626883231344 -0.0225139171168237 0.0807560882278604 0.0516563710099604 -0.162510612249297 2.16583103550452 374.108966462076 -333247.897539795 102.895639292866 135.179511109182 70.9200973311697 986454.740495466
144100 0.2882 -2.19622404346632 0.000389544684500254 0.0218903195683682 0.0703733023279664 0.0307459941303709 -0.158934401337584 2.22851430745408 373.385480857173 -333243.952596289 102.917470455349 135.187954656733 70.9001759555149 986448.49325229
144200 0.2884 -2.20294985915574 0.00429035885817686 -0.00910916074588761 0.0509894906334268 0.0292756709059233 -0.170232976512164 2.22257097673714 373.660553227283 -333245.663957194 102.92976270604 135.19326046717 70.88025457986 986327.818930126
144300 0.2886 -2.16603938823328 0.0173874358535605 -0.0148854246028751 0.056433298568225 0.0220200587989942 -0.188467799654327 2.19442428429496 372.479856392114 -333239.917378303 102.93038330285 135.258352718988 70.8603332042052 986531.312170679
144400 0.2888 -2.17229314175239 0.00967251781392878 0.0164294328968073 0.0851524132241985 0.0536813042804956 -0.175107528316437 2.21317621061774 373.139399384438 -333248.220709907 102.92652072552 135.319696082577 70.8404118285504 986664.229003954
144500 0.289 -2.21772771761656 0.0174474904346827 -0.0134333586745355 0.0732206253830655 0.0346318653792466 -0.169335119681062 2.2435781144662 374.355576675979 -333260.002768031 102.913270576908 135.325158124627 70.8204904528956 986299.592176538
144600 0.2892 -2.1941555432574 -0.0203932785816007 -0.0232220386481396 0.0766020710383456 0.0349273567707324 -0.205063107146408 2.20601844046603 372.950368629253 -333251.826297607 102.902670006633 135.374592313382 70.8005690772407 986280.743085106
144700 0.2894 -2.15206260724954 0.0123807519412278 -0.0146073334586673 0.0776200996985896 0.0356673401358274 -0.178686243652848 2.17825771381132 374.425425826532 -333264.26620502 102.888683291605 135.433100078564 70.7806477015859 986295.295308322
144800 0.2896 -2.18018794055416 -0.0317667500214792 0.0177809780415063 0.0916817290219665 0.029717057954598 -0.191952853914236 2.20522597515234 373.992062025357 -333264.879304745 102.87005088178 135.484767306761 70.7607263259311 986215.233428154
144900 0.2898 -2.1443001730389 0.0438291121818709 -0.00813625563161562 0.069207350102843 0.0103953849767053 -0.188976165854557 2.19060091366668 373.926151385456 -333267.164910348 102.908886203338 135.496162356147 70.7408049502763 986392.746508773
145000 0.29 -2.18131167108199 -0.024286348533997 -0.0342215258431213 0.0717199986057954 -0.023400692802556 -0.186030754375467 2.17998231584872 374.850483968134 -333276.255611587 102.861613198707 135.546171391351 70.7208835746215 986025.767346454
145100 0.2902 -2.15015469552969 -0.00608553614484395 0.0575329358144365 0.0639137315100212 0.0130159855409706 -0.179282060174903 2.20151574785688 375.179325424541 -333280.616904847 102.857979688683 135.649388404683 70.7009621989666 986463.803236411
145200 0.2904 -2.15917959066381 -0.0154150206449267 -0.0175779316582003 0.063524559527834 0.00571474264302431 -0.193537799181485 2.17155915434741 375.797615114318 -333289.345578504 102.897222455005 135.605182407789 70.6810408233118 986240.596140871
145300 0.2906 -2.1543693230469 0.0222302763220871 -0.0101650331694572 0.0651981451225265 0.0341537950370958 -0.178597382111823 2.18633633474123 371.753807872163 -333261.677892193 102.929853962049 135.632511597754 70.661119447657 986474.069831535
145400 0.2908 -2.19269435621932 -0.014092209377134 0.000472343464990994 0.0653956851465068 0.0232124885426774 -0.174843138971494 2.21006932516406 374.479918688117 -333284.552898511 102.887135336654 135.682795675686 70.6411980720022 986152.125473299
145500 0.291 -2.18227947222582 -0.0129490518423604 0.0551315882429425 0.0396335337308182 0.0226637761778281 -0.16753885769925 2.22458536534095 373.366173823556 -333277.878987088 102.901031938412 135.732508234418 70.6212766963473 986368.442583231
145600 0.2912 -2.18134536440407 -0.012325684266882 -0.020944981738858 0.0482552413605784 0.0293173078464567 -0.178173767868627 2.18879581791212 375.516873943983 -333296.479058528 102.925344500865 135.693005781265 70.6013553206925 986036.134014221
145700 0.2914 -2.17817599347743 0.0101636170041923 -0.0213970534489629 0.0488253085244268 0.0311729084585847 -0.151637175193102 2.19084671829427 373.335018576503 -333283.80072818 102.948101421428 135.728170942005 70.5814339450377 986231.377359422
145800 0.2916 -2.15399357123682 -0.00918366983799675 0.00376269879685272 0.0533421885661242 0.0422043460080258 -0.150635608735381 2.17027594300832 373.853157122949 -333289.70485596 102.902325626949 135.828985102149 70.5615125693829 986246.619515147
145900 0.2918 -2.15576334350142 -0.01264171659218 0.0304477174727259 0.049942142108974 0.0297932938208245 -0.13197996175137 2.1793518783682 374.802436462663 -333298.274532333 102.881585385538 135.914352221353 70.541591193728 986388.997496211
146000 0.292 -2.18284952640078 -0.00784274198373145 -0.0100283545082264 0.0615300692992834 0.0540780116784223 -0.114347544863688 2.18752435242849 374.727454299641 -333299.943017897 102.878239761044 135.941196563216 70.5216698180732 986273.127326023
146100 0.2922 -2.17772415831145 -0.0293138737860714 0.00898418993306004 0.0531013262515782 0.0489790104862526 -0.117382028461938 2.18091841917157 374.33848142171 -333299.538204663 102.869733255527 135.990234957067 70.5017484424184 986268.642724139
146200 0.2924 -2.16952398176133 0.0276921676536028 -0.0116704882515389 0.0604435154255228 0.0455296791653293 -0.121438766537035 2.19185793231925 372.145545642615 -333284.992858301 102.876908437088 136.047366115206 70.4818270667636 986472.985319178
146300 0.2926 -2.17440501666339 -0.00716724640134039 -0.0062559585310646 0.045047351904928 0.0376833900640737 -0.119282987264373 2.17989186872681 374.373318553828 -333304.035034211 102.83417814449 136.135676230752 70.4619056911087 986424.429401604
146400 0.2928 -2.22111262215766 0.0117983580993919 0.0250668661780667 0.0466386897653168 0.0292189906285306 -0.148618489854974 2.2563341980764 374.503086599128 -333303.428841773 102.817439956536 136.211122590956 70.4419843154539 986531.461110323
146500 0.293 -2.22552470225064 0.00872822046481824 0.0341733562717406 0.0584742199836851 0.0268196849458086 -0.130384550356379 2.26115024473587 375.578857510973 -333312.204491372 102.83043605352 136.22618656016 70.4220629397991 986486.212911442
146600 0.2932 -2.22759687337335 0.00806576687849004 0.0165425519738686 0.0508229306573499 0.0312644097379323 -0.147695918086999 2.25684161652958 373.16703335681 -333295.054323578 102.839768306906 136.231108278429 70.4021415641443 986332.286314315
146700 0.2934 -2.23722769420038 0.0116824620022878 -0.0121416387671305 0.0733450068668231 0.0413508527516345 -0.161832439757935 2.25929714316356 374.569845946544 -333305.864270981 102.848641554454 136.2369408119 70.3822201884895 986180.487275869
146800 0.2936 -2.246535405735 0.00233864111122173 0.00856663278051247 0.0421550415954168 0.0510120638897169 -0.167731432361131 2.27354757374376 375.322947358092 -333313.228995244 102.852474084444 136.274150907699 70.3622988128346 986207.378777579
146900 0.2938 -2.26826822579983 -0.0262228744112196 -0.0332873655424218 0.0546979474302127 0.0389911126837391 -0.181738916894012 2.26353749116801 373.517480642675 -333302.682151107 102.848045808274 136.285462250414 70.3423774371798 985967.542103386
147000 0.294 -2.25601273651758 0.0312217712701503 0.0265626470171411 0.0570428274283777 0.0403431457523387 -0.170798370558402 2.3071557169279 374.392480805796 -333309.706484143 102.864095782607 136.3557747516 70.322456061525 986350.748528718
147100 0.2942 -2.30491555472852 -0.0263331333228888 -0.0424607700983366 0.0662236354670736 0.0409226859014842 -0.171860568965827 2.29395699087728 374.092565312816 -333310.993302304 102.846995160152 136.357926882939 70.3025346858702 985922.960588672
147200 0.2944 -2.27540675210305 0.0163061164530887 0.0235170815235627 0.069993355911176 0.047257023271624 -0.164475040742025 2.31755870191278 374.037861309285 -333312.783341202 102.855167333718 136.428405669233 70.2826133102153 986231.388137762
147300 0.2946 -2.3003671127211 -0.055021015238209 0.000699248877719735 0.0533559513220071 0.0347387765716459 -0.184484247546727 2.29870819289756 373.85585217202 -333312.745202518 102.837367804473 136.445075776933 70.2626919345605 985901.672919988
147400 0.2948 -2.2918244026253 0.0205121070063094 -0.0172431122904061 0.0833348086535287 0.0573503115354972 -0.195837661430491 2.32524863895322 374.269212890503 -333315.681323588 102.881168485039 136.438658797181 70.2427705589057 985995.567773935
147500 0.295 -2.32069762422806 0.0113591675059981 -0.0328209895904408 0.0607182422681649 0.0345526011652559 -0.170745702890097 2.33227660826883 371.514022495801 -333295.388289332 102.873369992088 136.463972429867 70.2228491832509 985824.081049479
147600 0.2952 -2.29832793108454 -0.00346654749015445 0.012958941484427 0.0667405871466742 0.070077615792255 -0.16174106127219 2.32614032987759 373.856579596232 -333313.23754337 102.840487476754 136.560176200928 70.2029278075961 985923.9572284
147700 0.2954 -2.33998616668087 0.00751972251066771 -0.0110898970934547 0.0495406873642583 0.0400882574452003 -0.157842170252449 2.35677120707824 374.630866848306 -333319.205959614 102.82969110091 136.585300798491 70.1830064319412 985722.030084202
147800 0.2956 -2.3230461077342 0.00355168704883955 0.0431832922193608 0.0423798423775173 0.0432252860918637 -0.158017071074902 2.36489669572635 375.60923694063 -333325.103747238 102.847443491386 136.638712168673 70.1630850562864 985997.780869563
147900 0.2958 -2.35212979182824 -0.0172180509214878 -0.0226047293516449 0.0542134647738691 0.0495720456378782 -0.171481809389348 2.35450035690941 374.194077793777 -333314.885576488 102.8617841772 136.627030410954 70.1431636806316 985770.987478174
148000 0.296 -2.34988422612573 0.0408576140793864 0.0309277141683495 0.0680882154188847 0.0324876226686908 -0.167585566283089 2.40693465645191 373.246868096638 -333306.41044727 102.8951342841 136.674126951729 70.1232423049768 986150.354395421
148100 0.2962 -2.32533247758636 0.00424097538938333 -0.0402976874610498 0.0597383676783645 0.0382399846976197 -0.142441303475287 2.32402701372107 373.035384210314 -333305.423482531 102.875367634107 136.704732798772 70.1033209293219 985901.534098504
148200 0.2964 -2.29467016329985 0.00479983122197941 -0.00577636475825756 0.0603139674826183 0.0435656926442105 -0.144292842873119 2.31136820359183 373.204860472478 -333307.751272066 102.851496821972 136.807208941894 70.0833995536671 986131.335725824
148300 0.2966 -2.33270888132837 -0.0129159374919653 -0.00179654965174077 0.0487066911821192 0.0283285218224138 -0.156649886466377 2.34318153843105 373.154615849468 -333307.362061455 102.828036620048 136.866508273285 70.0634781780123 986053.376478041
148400 0.2968 -2.32534092859021 -0.0152606350457909 0.00152203246013677 0.0652579630909593 0.0394462834971609 -0.13829759098741 2.33459727450662 373.578131015664 -333310.851185976 102.826451677494 136.930119782109 70.0435568023575 986215.965595171
148500 0.297 -2.37296205383307 -0.0190225974583416 0.0027598237044756 0.0365443875472626 0.0491305824966944 -0.124623604434674 2.37710348666605 373.018612584028 -333305.393669632 102.820584671231 136.942164853822 70.0236354267026 985965.939947305
148600 0.2972 -2.31906653672852 -0.0165864507028059 -0.00908957404260441 0.0581362037286416 0.0472162853750864 -0.137106700536485 2.32205824394737 374.417367435132 -333315.986820338 102.860832076489 136.950090502312 70.0037140510478 986128.33743655
148700 0.2974 -2.33505076416793 0.0387332970756821 0.00273625874901909 0.0492139416533428 0.0498696275035014 -0.134288828162203 2.37055369141039 375.173734830907 -333320.994289548 102.872112505806 136.978935893347 69.983792675393 986163.492814329
148800 0.2976 -2.32645456612914 -0.0218081714378338 -0.0175941748430387 0.0814323557954352 0.0483637672664684 -0.145821009614642 2.32633331287442 373.868192418233 -333313.153910177 102.840414995935 137.050839948255 69.9638712997382 986096.356809692
148900 0.2978 -2.30708481995614 -0.0247285618356202 0.0268226586997223 0.0547873551593729 0.059707323629964 -0.114039858277476 2.32124556914865 375.772559512933 -333326.806109159 102.837408128332 137.103059750506 69.9439499240834 986162.363642441
149000 0.298 -2.31689019010121 -0.012414415060573 -0.0138691785907944 0.0822195130395021 0.0509612485552825 -0.131241008118865 2.32099162965848 373.5541434378 -333309.898131811 102.857884133713 137.100860064244 69.9240285484285 986061.964392825
149100 0.2982 -2.3225039849564 0.047324404203734 -0.0104436135158971 0.0774152899770815 0.0368906425556632 -0.129768538387985 2.35692706932573 375.239318048252 -333321.717755284 102.874249490158 137.138910371385 69.9041071727737 986211.511626875
149200 0.2984 -2.33138295655151 -0.0522506342524231 -0.0302693963547113 0.0666992153888466 0.0414974549764003 -0.12624663276185 2.30463718973397 373.445126453138 -333309.558841629 102.831335661745 137.19639961253 69.8841857971189 985932.314325688
149300 0.2986 -2.27005036223649 0.0279816848303178 0.0613401527289319 0.0580775630540761 0.0502696689729935 -0.14737360024933 2.33271943619392 374.559177877589 -333315.968725219 102.859456538377 137.267148349797 69.8642644214641 986429.218512202
149400 0.2988 -2.32920824160213 -0.0384512012067038 -0.0699985053960141 0.0792348249640448 0.053238317710791 -0.155387990276612 2.29696964537879 373.904710395084 -333312.508117693 102.84949659452 137.227158648293 69.8443430458092 985765.190592899
149500 0.299 -2.32530782188636 0.0393316416275578 0.0164767105168229 0.125054589142165 0.0407833330100358 -0.142763428278443 2.37719339750794 373.566640950812 -333310.479981681 102.894300564918 137.284445202245 69.8244216701544 986324.905643431
149600 0.2992 -2.34296632605204 -0.0381161909390564 -0.0503861997046329 0.111654833142503 0.0321299935616463 -0.13224743513788 2.31887251355847 374.149864040753 -333315.229393938 102.879144059358 137.282597828712 69.8045002944996 985884.987870717
149700 0.2994 -2.33073280388155 0.0344733938143381 0.0038541536558318 0.12760970425084 0.0302575349759744 -0.147208628783627 2.37472682327584 374.24432756647 -333315.136171819 102.879610580047 137.373791554499 69.7845789188448 986262.814539667
149800 0.2996 -2.36434168056591 -0.0231548231871558 0.0104887883049081 0.133511969777868 0.036197579022461 -0.168231200198554 2.38817212892645 373.957600126109 -333312.409535973 102.84889050781 137.416179263485 69.7646575431899 985990.991408006
149900 0.2998 -2.317383818501 0.00558645890270055 0.0049334229267068 0.117222086671593 0.0366514283481175 -0.183651188561055 2.35395638544667 374.19400017118 -333313.300672538 102.870015749321 137.438014828359 69.7447361675351 986068.568425631
150000 0.3 -2.30817428959419 -0.00886903554862727 0.0143109214468001 0.144925534713505 0.0333046352807298 -0.148415933381315 2.33945708540889 373.6445896807 -333309.137971595 102.88364969515 137.468444629311 69.7248147918803 986135.856442946
150100 0.3002 -2.33566962473549 0.0018007287035902 -0.0248797490277625 0.140186001882874 0.0187823722292868 -0.168413211791631 2.35525335855726 375.811964687487 -333326.35786813 102.910990870777 137.451004155617 69.7048934162255 985990.985102826
150200 0.3004 -2.32525478067316 -0.00331686700538222 0.0178030318835611 0.135618204620578 0.0257402703569694 -0.16961244578605 2.36312304824448 374.011730589702 -333312.414224011 102.914585120578 137.508782340404 69.6849720405707 986157.981602803
150300 0.3006 -2.33212986023396 -0.00482805398854525 -0.0165988475054907 0.143992463277473 0.0192434799540387 -0.150824323978794 2.34960303307508 372.528943942259 -333301.817741476 102.907773003327 137.543018960609 69.6650506649158 986056.248926933
150400 0.3008 -2.32232491483628 0.015097948079767 0.0306358285384325 0.124086699788794 0.0268155771665356 -0.163663190241579 2.37251181979923 373.814389256792 -333311.563137341 102.893941089729 137.619635415654 69.645129289261 986190.816448586
150500 0.301 -2.31735017726438 -0.00887050771753502 0.00721640466098204 0.125792496478796 0.038384215446319 -0.167947816682426 2.34584402540219 372.399176965465 -333301.435197011 102.896652826707 137.639857692217 69.6252079136062 986079.585014619
150600 0.3012 -2.30208251154741 -0.000230344419917922 0.00456388411182068 0.136760660364323 0.0266194886679359 -0.167454420856579 2.33493922076489 374.742911960544 -333320.66381077 102.933350009305 137.643448288423 69.6052865379514 986174.746450423
150700 0.3014 -2.36712003241067 0.0130592243962464 -0.0177096097386901 0.123745113861872 0.0427251431712811 -0.180337711834758 2.39623550992892 372.547852135137 -333306.36466086 102.906326679508 137.689320495558 69.5853651622965 985962.150274568
150800 0.3016 -2.3336790829186 -0.023409718311846 0.00141470498361515 0.138964827069238 0.0232696895067068 -0.199614676212117 2.36101843605258 373.674791673758 -333316.151880333 102.867653977356 137.792411553302 69.5654437866417 986047.182048492
150900 0.3018 -2.28417275545585 0.0327591253989958 0.0327854368383347 0.0990065139694643 0.0447342006668417 -0.210836279374166 2.35308317504515 373.532432064341 -333316.054255628 102.888061346188 137.872073013691 69.5455224109869 986530.379445558
151000 0.302 -2.33553464731951 -0.0391849919023212 -0.0366428656776865 0.112967322067855 0.0485634688350703 -0.162345020052861 2.32454159109053 374.973318088265 -333327.30115124 102.869071215762 137.868781600731 69.5256010353321 986042.214129111
151100 0.3022 -2.34118924267217 0.0164435839510081 0.00636028556244489 0.125035077852721 0.0773993218751973 -0.173316239875662 2.38531975570805 374.849680350363 -333328.418998164 102.904247271971 137.886221442838 69.5056796596772 986221.498092426
151200 0.3024 -2.36419142256544 -0.0090189486625095 -0.0221923544140835 0.128080323351708 0.0433073145427613 -0.164628365742069 2.37742151340997 375.331294807238 -333333.870475946 102.905012512926 137.882347592569 69.4857582840224 985918.464308759
151300 0.3026 -2.33582100726813 0.00321158953241251 0.0189275567096222 0.12608657418071 0.047328130926302 -0.155796345057578 2.37388109894625 374.413659697387 -333329.050133092 102.916845990594 137.9403730712 69.4658369083676 986163.982613563
151400 0.3028 -2.39555263325653 -0.00267301315978997 -0.0130415973717775 0.114034846946253 0.0482747959527037 -0.151915642124234 2.41172301553387 374.202807207764 -333327.735389495 102.902638200075 137.962314008336 69.4459155327128 985901.862609244
151500 0.303 -2.35671732729109 0.0149816239415227 0.028271017976288 0.107230140202281 0.0605704553531717 -0.163113664425884 2.40457281379089 374.376777781544 -333331.334462958 102.903409636336 138.035410516292 69.425994157058 986148.64803107
151600 0.3032 -2.35824651882531 0.0213265308205115 -0.0190502359971109 0.102549529859229 0.0469408797238338 -0.167530752058006 2.38543034507287 375.229832338114 -333337.317274157 102.90537496961 138.053495089188 69.4060727814031 986013.67209965
151700 0.3034 -2.36411892673164 0.011807353871573 -0.0108437127716134 0.128680068380806 0.0357842777908901 -0.129676788870671 2.38656383310436 374.395750337417 -333332.595043945 102.887353157257 138.130261474889 69.3861514057483 986106.061147466
151800 0.3036 -2.38256841245039 -0.0399702706312676 0.0160464218346153 0.115550570768938 0.0762686962496809 -0.16339367024445 2.39994323751552 374.021560055847 -333329.634356812 102.853776749788 138.215319535426 69.3662300300935 986108.079952794
151900 0.3038 -2.34523801990597 -0.017214177841416 -0.00843709987424079 0.127093363852862 0.0691086418368987 -0.178441681768994 2.36611829311289 371.91345306865 -333316.492404917 102.88855987005 138.232451633471 69.3463086544387 986280.501389812
152000 0.304 -2.35066952053428 -0.0015751225375959 -0.0346827710212966 0.0928924744779742 0.0633820545598166 -0.172125623720138 2.35974324800207 373.611893906469 -333331.040021826 102.917613301515 138.21589685546 69.3263872787838 986157.475659716
152100 0.3042 -2.3207273400655 0.0221989799894286 -0.0122289124518861 0.0871331807427071 0.0376786475913802 -0.160967755165868 2.34831737106821 374.774269739044 -333340.083505195 102.904249289377 138.270545381399 69.306465903129 986135.829243189
152200 0.3044 -2.3592699575163 -0.0360063479587765 -0.00430533944332016 0.0829428759342989 0.0555826368313983 -0.174971793456581 2.36515555280784 374.843945106299 -333340.472290268 102.856448828499 138.340061178798 69.2865445274742 985889.842281959
152300 0.3046 -2.36061629313717 0.0528969188398607 -0.00251019055204968 0.0988242597962305 0.0398536488149125 -0.182628370077428 2.41423138684341 374.663173186152 -333339.578039989 102.880726747303 138.375972584355 69.2666231518194 986094.929057908
152400 0.3048 -2.34757600462975 -0.0563550565281349 -0.015305117686468 0.0975759315772258 0.0517182799237831 -0.183832414959312 2.34166684422967 374.868173699027 -333342.925032935 102.836752276345 138.420471581719 69.2467017761645 985706.839146599
152500 0.305 -2.26164655821418 0.0474998353794881 0.031534682618832 0.110373751599377 0.0261708792872258 -0.166142380059096 2.3274358830005 374.373983102472 -333339.885904671 102.868984369954 138.508834784963 69.2267804005097 986361.384907176
152600 0.3052 -2.34520893312407 -0.0345144944673967 -0.0290079281334257 0.127443062388578 0.0292238404211652 -0.195714833219992 2.34909839984248 374.42298161107 -333341.844204835 102.845435020431 138.514017809555 69.2068590248549 985888.692203806
152700 0.3054 -2.26139266587272 0.014204548342044 0.03521759067197 0.120837885648866 0.030355820883096 -0.196975091492566 2.32154449048308 376.098834430451 -333354.345621317 102.884650625531 138.552696372338 69.1869376492001 986256.043454787
152800 0.3056 -2.26013674292741 -0.00804280981412262 -0.000627074005655884 0.127023235164952 0.0215001025265072 -0.189325402273945 2.29041629495752 373.810748252456 -333338.692413216 102.922000486309 138.550028766166 69.1670162735453 986311.009197042
152900 0.3058 -2.28106228827412 -0.00137046216527431 -0.0638129321458642 0.136279858852839 0.040369786148679 -0.192830586057143 2.28707257408096 373.643907489699 -333336.422751922 102.91768851296 138.568292071464 69.1470948978904 986115.593375891
153000 0.306 -2.24479099802213 0.0243391968901632 0.0099379993942458 0.100166511278402 0.0107732865257913 -0.187260035024707 2.29175220891707 375.30317729743 -333350.317003953 102.895784171685 138.68897513349 69.1271735222356 986480.079939806
153100 0.3062 -2.25446342278993 -0.0544836441790889 -0.0172105101171903 0.11882177264863 0.0286086229967624 -0.17049722850129 2.24840378262364 373.898792696729 -333341.421935637 102.846129359124 138.753584323466 69.1072521465808 986179.083675127
153200 0.3064 -2.22614865950034 0.0210239449975421 0.00549718006147686 0.0958680840884741 0.0144934188780413 -0.175494865146322 2.266215361197 373.976890964563 -333345.87532487 102.867661304563 138.81264538835 69.087330770926 986520.946239857
153300 0.3066 -2.22036085442425 -0.0142124806581636 -0.0217954616843778 0.109598627083263 -0.00469009709201685 -0.184978255265285 2.23364531660322 375.477156544015 -333359.370906112 102.852707477645 138.844301807063 69.0674093952711 986317.993452537
153400 0.3068 -2.17504635698155 0.0194075918549968 0.0309180920261741 0.125216220556541 0.0322097990530963 -0.187266930847249 2.23525755049292 373.385871593958 -333345.061824043 102.876662264864 138.918644595434 69.0474880196163 986791.241671682
153500 0.307 -2.2191322848736 -0.0181992847460729 -0.0364393611706023 0.117589109605826 0.0308956220050604 -0.193860153559452 2.22741645796109 375.342181453484 -333362.657478887 102.880005746421 138.895038933798 69.0275666439615 986370.960028917
153600 0.3072 -2.14758649712898 0.0585804512630072 0.0161990968648468 0.118841675492868 0.0697978762668226 -0.177713629883437 2.21972973690751 373.882489757423 -333355.487786936 102.908595241321 138.96049356856 69.0076452683067 986825.143004477
153700 0.3074 -2.17724499137101 -0.0141304809809371 -0.00683821352016802 0.104921426669836 0.0700233912431116 -0.184794532062088 2.20115287345287 371.963140570679 -333344.180545361 102.890343615206 139.021176479 68.9877238926519 986796.029960886
153800 0.3076 -2.12369664396057 0.0346185185730001 0.0150625424035124 0.0932088936031878 0.0360271287844315 -0.180431813704695 2.17810084497879 374.602086367478 -333367.296005912 102.911569632715 139.068729156253 68.967802516997 987052.099764419
153900 0.3078 -2.105080437777 -0.00636003493268929 -0.0054579704698074 0.102608446755542 0.061658459827123 -0.177157034418631 2.13158765846065 375.824477192658 -333377.96001645 102.871333274835 139.167370792075 68.9478811413422 987080.824804477
154000 0.308 -2.09787936143689 -8.09088334108477e-05 0.0323293121686597 0.110779728588618 0.049206176146177 -0.192439474102166 2.15057618403233 374.732926200128 -333373.905259377 102.832314327311 139.275311553044 68.9279597656874 987186.420056062
154100 0.3082 -2.13365132008314 -0.0486350205418502 -0.00237605504406381 0.0988037507498381 0.0261291833285447 -0.19196484625403 2.14190798379565 374.304545268113 -333374.062909835 102.820386047079 139.278096926567 68.9080383900326 986806.362900083
154200 0.3084 -2.13863104241575 0.0333003753564067 -0.0264420172586559 0.0950269288592129 0.0393853101203792 -0.191709387296429 2.17556895652733 374.155474221626 -333375.490306455 102.845281215039 139.297266479799 68.8881170143777 986895.748411351
154300 0.3086 -2.10453510729756 -0.0444351882490946 0.00349786669810719 0.104372670782653 0.0426891388566798 -0.217310751033115 2.12717560989406 374.309079963647 -333378.651806127 102.800115745175 139.393965820239 68.8681956387229 986861.672573468
154400 0.3088 -2.10198122394013 0.0201036864658181 0.0275966045938758 0.11113417658308 0.0369246024308363 -0.190298772514093 2.16078334919508 374.889818120115 -333383.32733465 102.790923305413 139.462274570851 68.8482742630681 986971.404268134
154500 0.309 -2.12088358092255 -0.0697178188958647 -0.0384997207450101 0.103703403329277 0.0324054773919267 -0.198689428080527 2.10383817011181 374.499383333839 -333384.214181617 102.778191019999 139.461272761119 68.8283528874133 986556.51872764
154600 0.3092 -2.08749391627389 0.0427027345447337 0.0138002125409237 0.0997619558422359 0.0454732709228764 -0.205348875942244 2.15396619112795 375.572633325074 -333394.182238915 102.842252649962 139.46788490234 68.8084315117584 986932.506938352
154700 0.3094 -2.14009409785258 -0.0258782140296661 -0.0106913906222452 0.113938487862531 0.0393484956993046 -0.21084950883358 2.16314841418794 374.327507311727 -333390.054714768 102.852978073204 139.445156841915 68.7885101361036 986588.864898892
154800 0.3096 -2.12934434507765 0.0173047812715086 -0.0145167604396269 0.0892854494345298 0.0319407979225693 -0.194468894245143 2.16361645586826 373.513350845881 -333385.359845707 102.883464657801 139.464570025778 68.7685887604488 986732.846240797
154900 0.3098 -2.12408196376075 -0.00624356373410517 -0.0141683512444319 0.085619949719507 0.0437979565299431 -0.2023831380892 2.14921911067487 375.273607899731 -333400.820685179 102.864324395622 139.520608580218 68.748667384794 986659.778150305
155000 0.31 -2.15880029384987 -0.00372212965160874 -0.00509692896782715 0.0937678074358109 0.0171195866241259 -0.210937828879377 2.19137895689456 374.397292610662 -333397.095442388 102.815766594784 139.606379212402 68.7287460091391 986514.337698968
155100 0.3102 -2.16225901606774 -0.00110978865726433 0.0143816735227721 0.0864796953564901 0.0308004180766372 -0.217863534918533 2.20725193396421 376.161936640954 -333412.315533711 102.799672019779 139.680067423167 68.7088246334843 986594.487148561
155200 0.3104 -2.19627675031728 0.0167213240702283 -0.0375532994445372 0.0738050509632992 0.0107125204992367 -0.207585767394095 2.21949497815999 373.807968631485 -333396.603107809 102.782927566334 139.709003515104 68.6889032578295 986352.070807918
155300 0.3106 -2.23031142019225 -0.0234677196813794 0.030468258638475 0.0817884083736502 0.0221725282157369 -0.216991317279735 2.27043940060236 373.969441982579 -333399.93268243 102.771865094439 139.781259752652 68.6689818821747 986469.805624124
155400 0.3108 -2.22587787248686 0.00623734254770739 0.00786683156779764 0.0692969294852815 0.0293691236456031 -0.19751378453614 2.26274327100591 373.760309199104 -333400.01884155 102.811854787135 139.784350394228 68.6490605065199 986589.172226355
155500 0.311 -2.22960489277517 -0.00378323684777508 -0.0334132462831971 0.0802674447213722 0.0562960044481427 -0.184934858878755 2.24068022691104 375.675214002043 -333415.458129032 102.825603328906 139.771196026716 68.629139130865 986341.937844285
155600 0.3112 -2.18672991240814 0.0472570468487738 -0.012491809742035 0.0738035552518893 0.0388121995363738 -0.162849740541271 2.22737730578467 374.771296202205 -333409.955090155 102.824962453804 139.871749327867 68.6092177552102 986758.85837555
155700 0.3114 -2.21348147715325 -0.00781827745735749 0.0204594365605228 0.0312650212747245 0.0528616048952784 -0.172715653063288 2.24252726532032 373.983598269047 -333403.062355368 102.766057191805 139.981288762488 68.5892963795554 986679.328634816
155800 0.3116 -2.23113180899676 -0.0116654413894421 0.0443749716144726 0.0535422872945865 0.0717228927021994 -0.190077957361588 2.2772731579549 375.391802157271 -333414.837190284 102.77652611892 140.009907109277 68.5693750039006 986694.921137258
155900 0.3118 -2.2389897763447 0.0458033572975752 -0.00960704884107448 0.0484365080286831 0.0698937937767851 -0.192296746548949 2.28678300031396 374.753798455065 -333411.440300038 102.810813108852 140.014593895087 68.5494536282457 986770.361497065
156000 0.312 -2.28039463311689 -0.0224195073888092 0.00990478551133591 0.0183290335889737 0.0603816954525746 -0.170429984641971 2.29598972656517 373.94582562826 -333409.693403457 102.783737058197 140.056779082521 68.5295322525909 986520.935367988
156100 0.3122 -2.27097056210407 0.0110350763670365 -0.00349665504633856 0.0400508238900504 0.0375886651984223 -0.165585041866732 2.29475610015896 373.821335486822 -333409.098237093 102.80790237208 140.092466179706 68.5096108769361 986717.383882728
156200 0.3124 -2.27451979812903 0.00574439846725488 -0.0113557756428367 0.0599126630337752 0.0383025534703664 -0.163765740458581 2.29271275982862 373.516126739299 -333404.980964055 102.793425532647 140.143644200156 68.4896895012813 986651.868447397
156300 0.3126 -2.26909411818431 -0.0158192254641529 0.012086235028101 0.0604276011602601 0.0336474411304186 -0.159351695225572 2.287233034592 375.386091775763 -333419.9397121 102.762419751148 140.217409741359 68.4697681256265 986586.388157862
156400 0.3128 -2.27898790884924 -0.00329632542301296 -0.0271452147401463 0.0542063561329739 0.0511729446608972 -0.162238199972525 2.28488575955735 374.48462731115 -333413.46341437 102.759104585663 140.246616176118 68.4498467499716 986472.954495113
156500 0.313 -2.2593180163544 0.0069028596782155 0.0023382234324668 0.0408020787285023 0.0586714738824394 -0.165038801756671 2.28527203929918 372.53295869095 -333398.424203758 102.771618579448 140.294286993052 68.4299253743168 986641.205253258
156600 0.3132 -2.25326606747819 -0.00362816712465464 -0.00603712934251073 0.0487752575433154 0.0461076490860404 -0.145981891658043 2.26559134760318 373.580903802647 -333406.648002008 102.774616519087 140.330943520832 68.410003998662 986640.471437878
156700 0.3134 -2.31240769316639 -0.00865046693762415 0.00115144654722088 0.0478622238747893 0.0345224761875386 -0.156724607659451 2.32682407013893 375.203883915222 -333419.751253544 102.757747836955 140.368123918383 68.3900826230072 986452.552709683
156800 0.3136 -2.2980945507037 -0.0283305676132861 -0.0306506710361213 0.0346182550501608 0.0329852260707279 -0.142432380594957 2.28348158081447 372.301705094136 -333398.349592061 102.771059475987 140.409373509607 68.3701612473523 986582.799394682
156900 0.3138 -2.28467962365831 0.0442687635962154 -0.018749722207537 0.0282534367954027 0.026827821977748 -0.133785499349577 2.31072602548327 374.578628328694 -333415.099790437 102.799688068187 140.433460911619 68.3502398716975 986739.329874636
157000 0.314 -2.27681486218088 -0.00963050254137138 0.0122772125645927 0.0193939461828079 0.0564241607936244 -0.1534408940115 2.29599334813789 373.352688194702 -333407.93969267 102.784633695967 140.474734031829 68.3303184960427 986597.148705729
157100 0.3142 -2.2806646095993 -0.0011355409977988 0.0185393267312279 0.0163356891563276 0.0472169282921216 -0.133377682407888 2.30268256726687 374.697323193043 -333419.043283421 102.791655798251 140.493276218017 68.3103971203879 986507.092726809
157200 0.3144 -2.2761488436826 0.00910648835660779 0.00869276027232935 0.0067994587481015 0.0467140922719738 -0.12219323401552 2.29628515345104 375.428255728379 -333426.227068688 102.822135820721 140.498651785657 68.290475744733 986549.579551769
157300 0.3146 -2.23428270019429 0.00163282827332562 -0.0210595109519334 0.0104450231903885 0.0258737608773939 -0.107039273203051 2.23289115433529 373.259907004724 -333411.552673102 102.836278005616 140.525563164196 68.2705543690782 986586.375115594
157400 0.3148 -2.29058629109503 -0.0136312962592938 0.0184770976153462 0.0178270134840213 0.0425475822419164 -0.12472128090029 2.30471578648974 373.870585940775 -333418.287691801 102.824482060171 140.597349565141 68.2506329934234 986689.139571423
157500 0.315 -2.24925463485114 0.000800696890371318 -0.0251331958676481 0.028858965973692 0.0406537685623761 -0.154023341612048 2.25470511259215 375.574988809984 -333430.425371876 102.826218002477 140.632950475411 68.2307116177686 986667.564873601
157600 0.3152 -2.20512525032405 0.0432670917134176 0.00501664210092765 0.046014185855018 0.0426597243491585 -0.119755679303691 2.24177718405752 374.419798178993 -333423.933101807 102.826983094531 140.704893890194 68.2107902421138 986891.430659493
157700 0.3154 -2.21363156428954 -0.0115937325020598 0.000144605518924413 0.0208176294775034 0.0169253220176972 -0.143634975862087 2.22238817607263 373.992390860368 -333421.064238016 102.780640965332 140.799748391713 68.1908688664589 986823.366931614
157800 0.3156 -2.22396230100855 -0.0270798296609413 0.0201121793440216 0.0120638553128919 0.0336595436122586 -0.141170527954393 2.23513262119529 373.399747580122 -333417.284142177 102.760079530325 140.858438157688 68.1709474908041 986748.853622612
157900 0.3158 -2.21751664308071 -0.00129135247762874 0.0144064089238953 0.0396577860416294 0.0347560698262439 -0.133089469104899 2.23789439602408 374.560859677483 -333428.110483594 102.78099231981 140.882268672877 68.1510261151493 986828.178536987
158000 0.316 -2.21697770159825 0.00124466421611359 -0.0264122844257428 0.0397300999224799 0.0440276172518965 -0.155445797033057 2.22327844233862 374.292954782649 -333428.044393759 102.797252575204 140.891955119484 68.1311047394945 986763.630990311
158100 0.3162 -2.23294761882242 0.001702662809721 0.00770545449095803 0.0337558592117258 0.0574002157849291 -0.14604407843597 2.25486172564441 374.401343798129 -333433.143296749 102.818646723925 140.915790856196 68.1111833638396 986847.332703418
158200 0.3164 -2.19864687775128 -0.00355635323763891 -0.00566089234526833 0.0219307691971995 0.0494097943152951 -0.158059421782708 2.21303465578812 375.143445335805 -333441.953204978 102.819079364024 140.944979862414 68.0912619881848 986767.202287982
158300 0.3166 -2.18427745721758 -0.0355630946454046 0.00583244937058903 0.0238071502096285 0.0321520822196511 -0.13445438378005 2.18327042697223 373.422135500346 -333433.857076329 102.798125862923 141.024296040536 68.07134061253 986832.49395707
158400 0.3168 -2.16952428786955 -0.0377799589573795 -0.000463638398174059 0.0142246563995674 0.0449391330795382 -0.161320407598456 2.17025659028496 374.649099701198 -333444.548268671 102.816817881821 141.054093644188 68.0514192368752 986931.567390015
158500 0.317 -2.17865854851888 0.018828821247654 -0.0332433835579235 0.00824701343155114 0.0515506799160096 -0.141941399016383 2.1876592015613 375.488082530239 -333454.201223529 102.86940487847 141.02262655553 68.0314978612203 986927.06618875
158600 0.3172 -2.14977032244685 0.0150990379032444 -0.0127411202583708 0.031247585355715 0.0408720554283785 -0.153712456441577 2.16932880949618 376.87121800798 -333467.302230957 102.857337621814 141.086733475482 68.0115764855655 986970.788685293
158700 0.3174 -2.18067022805531 -0.0179063123504544 0.00781786004867521 0.0233142385033625 0.0403848304226151 -0.149333256794037 2.19254863787254 374.288651535865 -333449.958131674 102.835683006469 141.153274960578 67.9916551099107 986939.222831794
158800 0.3176 -2.15820457333726 -0.0271770774584284 0.0202194062073049 0.0176910342472152 0.0637171697188551 -0.121865267463943 2.16845562699043 374.1477163094 -333449.663120904 102.864408276502 141.170992940175 67.9717337342559 987049.536764103
158900 0.3178 -2.211286669831 0.0121954667084918 -0.0233010066213044 0.010954544930058 0.0813600011496286 -0.138581433973371 2.22351969494798 373.237026657329 -333441.041707413 102.895703785003 141.161165339611 67.9518123586011 986991.747335524
159000 0.318 -2.16712192207903 0.00480860720074656 0.0170977644210465 -0.0101131168685947 0.0559927263316358 -0.150480050274487 2.19585280958105 374.498747263658 -333449.948229522 102.897271186711 141.212068484739 67.9318909829462 987073.23545145
159100 0.3182 -2.21048200738386 -0.0280407781389523 -0.00224438870213562 0.0195570341720042 0.0267438071457665 -0.157333410959984 2.21304514407642 374.950485745403 -333453.066223132 102.886188820497 141.216387972269 67.9119696072914 986707.672521034
159200 0.3184 -2.17429260765312 0.0240332725405639 -0.0171025863563995 0.0150793197773998 0.0491136389142865 -0.166514695253425 2.19886308092214 374.922979217297 -333453.341648828 102.93825901164 141.229752320883 67.8920482316366 987010.851217688
159300 0.3186 -2.21250648649608 -0.0471241761614112 0.0338512479994964 0.0243015593917208 0.0438307830192712 -0.158490229288639 2.22568481340125 373.153848977369 -333440.903737538 102.902519808381 141.286062223885 67.8721268559818 986771.93529911
159400 0.3188 -2.24466908248436 -0.0125673137069332 -0.0120373127685994 0.0211740922273182 0.0320511848266942 -0.200441879511021 2.2601812551628 376.371103869161 -333467.064002379 102.906691817625 141.306883281133 67.8522054803269 986667.681728292
159500 0.319 -2.23605361042989 0.00207346693641147 0.0109043074099477 0.0256600258547239 0.0275862969116663 -0.180786086701708 2.26525152928117 373.980913921787 -333451.327511566 102.935265743557 141.321456691081 67.8322841046721 986753.638878106
159600 0.3192 -2.25216861646554 0.0042187709563811 -0.0430932592224111 0.0331779027403382 0.0358775130094256 -0.170049255492371 2.25403690243485 373.590100123702 -333450.194980904 102.940392399599 141.348530715701 67.8123627290173 986701.967668763
159700 0.3194 -2.25829858134456 0.0257593397809461 0.0226577801117214 0.045321461962806 0.0381119060339773 -0.16347186956528 2.30228905181423 376.599446373853 -333473.863107574 102.916281644471 141.427045033188 67.7924413533625 986728.85439501
159800 0.3196 -2.28649517945166 -0.0415329114323555 0.0172985040953139 0.0177090689796953 0.0549662919467823 -0.1627391791628 2.29452562913218 373.844193357421 -333454.929833365 102.894091675281 141.439442404746 67.7725199777076 986312.659693386
159900 0.3198 -2.24578214887549 0.0225374684566781 -0.00335253147397562 0.00956527358195045 0.0742901132367442 -0.17752820455265 2.28004335926321 375.076146319946 -333463.847518522 102.9411586836 141.449808877633 67.7525986020528 986546.077515639
160000 0.32 -2.26823392360248 -0.0113369528308417 -0.0157090903185655 0.00503186027052778 0.0460943370367391 -0.166181457152902 2.27443057513103 374.564788028562 -333462.17410808 102.933674502297 141.477518263991 67.732677226398 986377.48707262
160100 0.3202 -2.27376061705083 0.0164210896316574 -0.00202913150733969 0.0237957285012342 0.0308985459193794 -0.156806210451458 2.29811786789959 373.701542552217 -333457.735303878 102.937279163345 141.535962455283 67.7127558507432 986529.273861456
160200 0.3204 -2.26131433797072 -0.0167976654943351 0.00284423543393249 0.0174699032262549 0.0364995082449399 -0.164069157961764 2.27332262823704 373.364761897851 -333453.041122651 102.929922223009 141.581493094488 67.6928344750884 986485.786309307
160300 0.3206 -2.32222457661921 0.0141013092684398 -0.0126826742369918 0.0315773587757444 0.0200652327104032 -0.172967447836363 2.34318423439904 374.665173112306 -333464.45535061 102.941131608431 141.592279781349 67.6729130994335 986378.015961291
160400 0.3208 -2.3364235102279 0.0144946269815891 -0.0206151561180029 0.028692387821417 0.0107058869828115 -0.180138791017658 2.35492507701208 375.134433682121 -333469.336568697 102.946776301362 141.624347227478 67.6529917237787 986365.058661121
160500 0.321 -2.36926269694398 -0.0161225217089962 -0.00198194605062054 0.0513438273783865 0.0538529040876347 -0.182894031159868 2.3848905736815 374.234919746167 -333464.028097017 102.942094132588 141.672599322836 67.6330703481239 986365.706557862
160600 0.3212 -2.32816156832909 0.0166049037774272 0.0284146805820342 0.043446671552125 0.01811055730579 -0.178879321756603 2.37242506734322 374.681695995355 -333465.752434235 102.951567107485 141.715770796707 67.6131489724691 986466.42414246
160700 0.3214 -2.39062905059592 -0.0130348785762569 -0.0424263111603541 0.0321696515181873 0.0126306233319216 -0.154887192588063 2.3789683455164 374.854111771725 -333467.52643635 102.939854456285 141.726670879245 67.5932275968142 986139.421430203
160800 0.3216 -2.30706808423437 0.0144365486143654 -0.00758614807572854 0.0382104242812546 0.0228636463155206 -0.146718319407525 2.32578376282123 373.958356737948 -333461.607746869 102.941829980286 141.804346025314 67.5733062211594 986408.019144552
160900 0.3218 -2.34610260397639 -0.00523610843559295 -0.0104072960445642 0.0377973103683778 0.0300362447368773 -0.157357069804939 2.35560052037065 374.127284274824 -333464.454330997 102.906453674614 141.868241259 67.5533848455046 986222.51157154
161000 0.322 -2.30818961873195 -0.00557990160319862 -0.00050242569637036 0.0117050892939048 0.0252903280311341 -0.162501666878926 2.32277397526666 373.447722260808 -333461.751596347 102.92441916768 141.902189583589 67.5334634698498 986339.770486746
161100 0.3222 -2.33079611676165 0.0230709150618107 -0.0157080741434456 0.0330581797040716 -0.00387074258007839 -0.138017512728493 2.3476335336741 374.528642870789 -333470.148086393 102.976525641683 141.893001162822 67.5135420941949 986484.130719013
161200 0.3224 -2.32536589728415 0.00720177254148543 -0.036445087724917 0.050599242977892 0.00895237339291688 -0.129026448549599 2.32353878512797 374.654574121678 -333471.254337562 102.959715185937 141.944285240803 67.4936207185401 986388.434410497
161300 0.3226 -2.30404162693758 -0.00887260657163577 0.0208163699462346 0.0412525980336594 0.0309204602279388 -0.150021465738701 2.32643855757836 374.776558826034 -333472.362541619 102.933237256964 142.056269587942 67.4736993428853 986621.463433822
161400 0.3228 -2.30963072804312 -0.0151221869153881 -0.00027290557030519 0.035038543335446 0.015519020758053 -0.133390277502316 2.31448617760184 373.881503783343 -333467.023920065 102.913144896236 142.108951704527 67.4537779672305 986503.350160106
161500 0.323 -2.31397814036098 0.00815210657721846 0.00665455230919712 0.0330543725616791 0.0406315799665631 -0.167988921322359 2.34130412247556 374.437539668062 -333470.377330707 102.929682440168 142.144894195418 67.4338565915757 986619.955851156
161600 0.3232 -2.3314974178497 0.025391505192327 -0.0254527239877976 0.0386005668097751 0.0419861197887436 -0.162027681355498 2.3507857735785 375.746827588514 -333480.71060472 102.945954407866 142.149060154801 67.4139352159208 986513.326236517
161700 0.3234 -2.33555222726097 -0.00739287690987532 -0.036123284076122 0.0281665548338508 0.0362776679567058 -0.177320344515127 2.33557663470658 374.311039577885 -333470.534048727 102.920846790672 142.205407594575 67.394013840266 986372.112391803
161800 0.3236 -2.29859613116617 0.0178834255732492 0.0232694277898995 0.033731642138583 0.012044175762612 -0.14529585274103 2.33361616849551 372.212528885891 -333454.95317324 102.923687651989 142.293403352397 67.3740924646112 986717.960197376
161900 0.3238 -2.31511078809742 -0.00824032697187084 -0.0334014976515157 0.0225589041179506 0.0405800018351396 -0.135870682710177 2.30783238058737 374.591627983144 -333472.75900237 102.913978482748 142.310363017872 67.3541710889564 986450.710309646
162000 0.324 -2.30630775718573 0.00787846141472452 0.0318542263155232 0.0228648117878592 0.034939555231155 -0.139977376557022 2.33998478427394 373.042326790495 -333460.583715812 102.926376140359 142.379113379113 67.3342497133015 986754.21848231
162100 0.3242 -2.32457739891792 -0.0311838555720259 -0.0311832240518821 0.0191841355635409 0.0408181657838457 -0.146466940206452 2.30870430065251 373.576733413267 -333463.578209339 102.903721209321 142.38716021789 67.3143283376467 986300.890614029
162200 0.3244 -2.34044654763064 -0.0306310708749347 -1.8305606176765e-05 0.0423968705821742 0.0260802769732472 -0.115228316915687 2.33541436121426 373.205525601496 -333459.587968402 102.909250117042 142.439976051141 67.2944069619919 986427.737579479
162300 0.3246 -2.30285322295696 0.0191460513226374 -0.0194936982156154 0.0333791326152756 0.0209005977619474 -0.11176341824702 2.31205068695105 372.539925878431 -333455.541388019 102.931707342868 142.461885408483 67.2744855863371 986502.63557664
162400 0.3248 -2.29743494209228 -0.00673634891079758 -0.0138831446350649 0.0250381658496287 0.0448007965287251 -0.127743265452868 2.29952974660979 374.107237955155 -333467.159575238 102.896388895391 142.540551634854 67.2545642106822 986416.508170619
162500 0.325 -2.28020157715799 -0.039360227110921 0.00902246771343524 0.0498115785172276 0.0218946812429402 -0.137240679913889 2.27980602428395 373.372709852665 -333459.270947424 102.879630527993 142.621437400695 67.2346428350274 986523.209565107
162600 0.3252 -2.2847503457408 0.0215527261453744 -0.0187378705370793 0.0134257998368383 0.0414815207420635 -0.128576658926692 2.29848507550756 376.465221946425 -333480.864784187 102.919796735096 142.59848545461 67.2147214593726 986457.174841973
162700 0.3254 -2.29664688100357 -0.000491297515341138 -0.012479001638113 -0.00607966988477957 0.0301991715675625 -0.124630029475805 2.30095487236687 373.992298061028 -333461.731885562 102.947010533349 142.619322862304 67.1948000837178 986569.706713147
162800 0.3256 -2.32153182878002 0.023640777019569 -0.00996253906586049 0.0246896037031915 0.0496285413303449 -0.115278053157264 2.33906882157263 372.928215760869 -333453.897673761 102.966095806392 142.634270453801 67.174878708063 986563.45019615
162900 0.3258 -2.34319129990913 -0.0116070671378555 -0.0165489512093279 0.0271403533692396 0.0422519932852003 -0.119183639459276 2.33986468554093 374.273050620519 -333465.384255333 102.932686879921 142.691139940658 67.1549573324081 986343.971271972
163000 0.326 -2.36113803211425 0.00298885292949175 0.0413552881803145 0.00997636795202773 0.0168628959911967 -0.103936585131345 2.3905712977702 374.074786485058 -333463.374675849 102.92773431745 142.761158086765 67.1350359567533 986487.760373012
163100 0.3262 -2.36265584548739 -0.0319462952997197 -0.00296167247194792 -0.0210496087956802 0.0312736078711274 -0.138261755549437 2.35843468550897 372.817585290872 -333452.778763321 102.945875665341 142.75107653522 67.1151145810985 986299.19841612
163200 0.3264 -2.40470858079098 -0.0377761388799526 -0.0126547784468987 -0.0185716002257552 0.000884680872610617 -0.147510885295586 2.39348621787185 374.364669745694 -333463.664858382 102.949294245468 142.760680363772 67.0951932054437 986105.521527771
163300 0.3266 -2.39184164153995 -0.00291939228771853 -0.000116088903976673 0.0145240719082356 0.0432102272849785 -0.161886985999167 2.40800968669878 372.87682387553 -333451.794548244 102.966024040068 142.812350894288 67.0752718297888 986329.795716551
163400 0.3268 -2.45752094520696 -0.031191946009969 -0.00230405272676412 0.0323606134846188 0.0538033896359094 -0.144860331363732 2.45617142008738 373.75918296075 -333459.3024681 102.955411686413 142.84134872205 67.055350454134 986135.420678485
163500 0.327 -2.43965820813027 0.0211325567145248 0.0181954000916988 0.0463702070046222 0.0329762508466466 -0.132125389743638 2.47191349582454 374.734949578236 -333466.733864373 102.962201930179 142.906238804503 67.0354290784792 986355.349501431
163600 0.3272 -2.45531956554172 -0.0200757167043252 0.0187282708556556 0.0276572784204938 0.0412486061372263 -0.143644710392464 2.46895039458301 373.35052162189 -333454.261332285 102.958481125661 142.924900874153 67.0155077028244 986155.358481177
163700 0.3274 -2.47874804473573 -0.0120105392257219 -0.0290397885316899 0.0290568462664101 0.018484205291006 -0.148144417027709 2.47234209441937 374.36715453341 -333463.081918374 103.004522293087 142.897919789553 66.9955863271695 986116.876195279
163800 0.3276 -2.45258606893812 0.0114523657328182 -0.00976924634687547 0.0205106898804393 0.0253921002227272 -0.151285357830418 2.46809704357137 373.77360310789 -333456.074521549 103.03024473667 142.93572854374 66.9756649515147 986330.732229072
163900 0.3278 -2.43473884006466 -0.0294765943729435 -0.0358956636494073 0.0329333476057747 0.0346121786234218 -0.146979658666641 2.41692883947443 373.307432865414 -333453.372986135 103.00463281929 143.003191955169 66.9557435758599 986257.518973385
164000 0.328 -2.44756878671417 -0.0185246136031074 0.0116861653262871 0.00729005446073887 0.0364785275792497 -0.14195436906536 2.45746947385056 373.116828995739 -333449.422828945 103.000848452186 143.076619908129 66.9358222002051 986434.098276384
164100 0.3282 -2.47886991462746 -0.0193623407395072 -0.0442957238593085 -0.00791159015430039 0.00886983451873039 -0.136998875615868 2.45869990287748 374.494006108336 -333459.253947711 103.001354804068 143.061364219514 66.9159008245503 986040.215821416
164200 0.3284 -2.4668142030188 0.0162354212937039 0.0278774417960109 0.025667116072345 0.0104968147948953 -0.127888979706016 2.49919035156788 373.147492082616 -333448.406681137 103.046831045993 143.093583566818 66.8959794488954 986403.983654261
164300 0.3286 -2.49059661522177 -0.0345546858740874 -0.00397076419378164 0.00155815128659193 0.0148896841360607 -0.117212120134609 2.47993571769443 373.185689857899 -333447.613471679 103.082096904641 143.055606981426 66.8760580732406 986185.913942634
164400 0.3288 -2.51721567724785 0.000127996729986953 -0.0257467442759503 0.0140461977067184 0.0165130217444839 -0.105620402263322 2.51145973376949 372.49800369177 -333441.358822556 103.133447397503 143.023902379991 66.8561366975858 986164.660986481
164500 0.329 -2.52410316917346 0.00958844672972486 -0.0136620341905831 -0.00160770340136049 0.021307854906152 -0.103413794634757 2.52876991988648 374.381627200012 -333454.568769028 103.12724677496 143.073034019178 66.836215321931 986150.183381662
164600 0.3292 -2.49688131114911 -0.0470504584202496 -0.00492525529336944 0.0299481719213097 0.0239811183803606 -0.134493643218935 2.48300764061207 373.641205499049 -333448.845455784 103.088086299889 143.14595646766 66.8162939462761 985984.177226657
164700 0.3294 -2.4993104205893 0.0234561013871118 0.0151275882890777 0.0256928160548575 0.0354263069046911 -0.124143582620318 2.52891077618101 373.439400564791 -333444.668223771 103.105231068013 143.185466760733 66.7963725706213 986126.246122357
164800 0.3296 -2.51597871245665 -0.0259221274841988 -0.0109573456351651 0.0453879082492565 0.0272150592534945 -0.110709429706803 2.50659944808112 374.091836182272 -333448.368836359 103.095334779379 143.176283063209 66.7764511949665 985674.297206936
164900 0.3298 -2.554080889728 0.011974090200301 -0.0059385431190534 0.0384014685907165 0.0300313961614356 -0.106916071240964 2.56523235439196 372.823311235029 -333439.228091142 103.102132004066 143.23741326932 66.7565298193117 985865.95252341
165000 0.33 -2.57611970220678 -0.0329380640489835 -0.0222129080987913 0.0319889575261047 0.0281489786509117 -0.126385565132539 2.55900973068524 374.043928226909 -333446.721630745 103.08007158439 143.278453148357 66.7366084436569 985643.194622161
165100 0.3302 -2.4958880320712 0.0571581057740467 0.0397186871692559 0.0677362842159757 0.0162797842952909 -0.115204549899008 2.55503445116756 373.89781588911 -333444.770051911 103.136070193583 143.335358974082 66.716687068002 986275.830167647
165200 0.3304 -2.52280188530533 -0.0563936448479885 -0.0154881948200869 0.0515637915744602 0.0149233613835852 -0.0914625358833512 2.49388716341107 373.981743713258 -333446.041772224 103.118339657476 143.334865926327 66.6967656923472 985808.436536118
165300 0.3306 -2.53509155237088 0.0328880711728755 0.0439918770669469 0.0510896738842157 0.0309706284169545 -0.0990738998369461 2.5813391690001 374.350241196208 -333447.652377816 103.162777185018 143.378000253486 66.6768443166924 986235.386622491
165400 0.3308 -2.57734621264721 0.0024153450177137 -0.0662414484280581 0.0573775475416795 0.0233344737671046 -0.0772527497310538 2.55189719565557 373.948818817317 -333443.358000809 103.16799410581 143.356498955617 66.6569229410376 985842.721508431
165500 0.331 -2.50156686239795 0.0264768100372011 0.0400426319967324 0.0392779246304098 0.0424440348523974 -0.0713606714606604 2.53984125927162 374.093209269062 -333441.388090675 103.156640726626 143.481694759569 66.6370015653827 986300.233320821
165600 0.3312 -2.5695128326705 -0.0476519713114242 -0.0173362611380229 0.0475676689191184 0.0310951040636511 -0.0727176341908735 2.54218519745218 373.777568564236 -333438.017133483 103.118141975859 143.490732060898 66.6170801897279 985699.472534016
165700 0.3314 -2.56089756276851 0.0570595476277528 0.028447696033364 0.0552080203364856 0.00416628879735487 -0.0915778730811421 2.61035799087645 373.861851142845 -333437.164119911 103.169668900189 143.522962561101 66.5971588140731 986118.550643189
165800 0.3316 -2.582901741469 -0.0341391797228225 0.00699857529435201 0.0421133149050028 0.0334317356247877 -0.0804028637130746 2.57503413163907 373.360758157731 -333433.00743147 103.146037631126 143.565710059046 66.5772374384183 985891.319869141
165900 0.3318 -2.56678444189944 0.0178876571078948 0.00908964610268098 0.0576325527892087 0.0440995536517482 -0.0878346061946975 2.58781971749747 373.835298553293 -333436.501902122 103.149184022985 143.633629576148 66.5573160627634 986092.674435849
166000 0.332 -2.57888781901303 -0.0105316429106321 -0.0108374874502544 0.0264903330446177 0.0681619004144773 -0.0630946277930601 2.57364608416926 374.854343798623 -333445.989149357 103.141179049239 143.670155080006 66.5373946871086 985971.687113342
166100 0.3322 -2.5527700351439 0.0365058465588051 -0.0051791500855471 0.0172641107757443 0.0426713768295798 -0.0893996514134151 2.57458479271032 373.029908338358 -333433.465761305 103.142336047411 143.733315934473 66.5174733114538 986120.874893022
166200 0.3324 -2.55009681369351 0.0160983709596765 0.00379938290213179 0.0348380566928112 0.0454986208035234 -0.0545510006627378 2.56373287727143 374.526257866521 -333446.515001066 103.120156870452 143.812997784144 66.497551935799 986159.951447119
166300 0.3326 -2.53664098454728 -0.0591092663740563 0.0097318185633541 0.0522899698209022 0.0462581694779642 -0.0610584554926262 2.5177897178873 374.311293703293 -333446.8691872 103.108405785527 143.85964934042 66.4776305601442 986071.941160677
166400 0.3328 -2.56115882389757 0.0162708797604213 -0.0117429546517577 0.0495230438703725 0.0643930207458188 -0.0340807395118133 2.56807446011434 374.655068243011 -333449.559425027 103.167835407222 143.839549780743 66.4577091844893 986206.817869025
166500 0.333 -2.55204418996207 0.00777865372874415 -0.0244838888248269 0.0873557412301024 0.0530284272229508 -0.0379202858018413 2.55084112253073 375.103397674493 -333455.997569954 103.163626401536 143.88947310317 66.4377878088345 986213.142070848
166600 0.3332 -2.58881264923572 -0.0237782956193848 0.0335218242542064 0.0672074226875476 0.0557522778639747 -0.0577653556654359 2.6004898166136 374.410939015634 -333452.94064509 103.11712746498 143.984783731915 66.4178664331797 986125.808772593
166700 0.3334 -2.57735172674022 -0.00490538337567027 0.018874234586787 0.0760282858641847 0.0448913273970753 -0.0619511347474296 2.59116149146757 374.774732092794 -333458.025804999 103.161912019568 143.981419461504 66.3979450575249 986235.139309297
166800 0.3336 -2.56371793664823 0.0391279450043239 -0.00682187626136054 0.0859179728986657 0.0171148955454985 -0.0445445521969002 2.58578708930315 376.4503931387 -333470.950523657 103.211188033584 143.950839792716 66.37802368187 986200.680075583
166900 0.3338 -2.54046691836316 -0.00636414740238842 0.00637698379238415 0.0727945924705465 0.0663271723732653 -0.0489257123905476 2.54762688428737 375.447798052002 -333463.99916419 103.203111291476 143.977536883914 66.3581023062152 986010.381341057
167000 0.334 -2.54085109026922 0.0105120801347634 0.0214355650411135 0.0705150939436873 0.0495694428826956 -0.0352141996602372 2.56192345141239 374.469657796318 -333457.776275656 103.201989384882 144.019857479485 66.3381809305604 985993.392082295
167100 0.3342 -2.56933060013963 -0.0181032422065228 -0.00944460415374062 0.0807801402525428 0.08237130861411 -0.056375916153085 2.56522752997747 374.980100723254 -333463.100579153 103.20168857022 144.043999363094 66.3182595549056 985859.655672185
167200 0.3344 -2.50072018456109 0.002267325458195 0.00537295147087258 0.0367903799675783 0.0749859016302216 -0.0365092120957041 2.50951339577096 371.753172542299 -333440.767048304 103.215942476717 144.122822167899 66.2983381792507 986239.023891257
167300 0.3346 -2.503987585088 -0.0353767222805255 -0.00146878937516093 0.0681117756077784 0.045885437891102 -0.0100753227161677 2.48986614699158 376.392497207499 -333476.524814847 103.196346024661 144.156164832048 66.2784168035959 985983.541665954
167400 0.3348 -2.46931900060007 0.021737501342466 0.0103947293851655 0.0375338409503442 0.0688815260412003 -0.045720146025665 2.490374876461 373.21554669178 -333454.827088052 103.237749662444 144.18991636153 66.2584954279411 986313.52651041
167500 0.335 -2.47203092948343 0.00881108574289937 -0.00849274608582628 0.0386490253586862 0.0767151868358515 -0.057521856395998 2.47871169100606 374.533588781328 -333465.662777431 103.236136443836 144.202810441397 66.2385740522863 986089.744788572
167600 0.3352 -2.52512222997356 -0.016268966326066 -0.0251343448151415 0.0297472952511312 0.0677242879422272 -0.0618085036768126 2.50999136957302 372.986986924324 -333453.974018061 103.233304001661 144.222987703256 66.2186526766315 985904.060855226
167700 0.3354 -2.49855194780459 -0.000230488534076671 -0.00405233651890418 0.0619201474505644 0.0819994883039208 -0.0590937654640082 2.50484067300025 372.024395585765 -333447.099044255 103.23451235189 144.293902197982 66.1987313009766 986103.624942907
167800 0.3356 -2.46111628310966 -0.000592756426815884 0.00385742403430056 0.0365130377887621 0.079590746274848 -0.0610072826200077 2.46967911584683 373.855258387576 -333460.854533614 103.228746714015 144.352693388875 66.1788099253218 986153.45199524
167900 0.3358 -2.51022547896064 0.00370304230832655 -0.0139576839990408 0.0437906128655793 0.0410258168673854 -0.0730084613607429 2.51048672975939 373.008853999676 -333455.741357377 103.240520806575 144.38015850759 66.158888549667 986156.636151321
168000 0.336 -2.46682219147388 0.0130930657027727 -0.00848001092664634 0.0452692469292088 0.0266623467974811 -0.0517206753746835 2.47249900296881 373.461062936102 -333459.606623159 103.248147580386 144.434668738587 66.1389671740122 986304.755126516
168100 0.3362 -2.47453085985008 -0.0124203327832707 0.024391718046599 0.057103546177092 0.0300020366919026 -0.0626772862461182 2.48560794387594 373.660346888944 -333461.150037953 103.22790809778 144.507758161251 66.1190457983573 986313.250187144
168200 0.3364 -2.47076143014437 0.0168460097261799 -0.00956152612964971 0.0556220910167153 0.0126784042258557 -0.0757798282353624 2.47995725247759 373.790835556432 -333462.083054719 103.22231552921 144.561541868361 66.0991244227025 986329.6201807
168300 0.3366 -2.41789831722144 -0.0212532297192057 0.0106376248406221 0.0728067322000854 0.0339100908627368 -0.0844075789066801 2.42117364590993 374.484199899078 -333467.600125807 103.199138144292 144.664340356007 66.0792030470477 986511.967088357
168400 0.3368 -2.4422008930666 -0.000648719506613049 -0.00422998726719472 0.0645577169152081 0.0580489215044571 -0.0658594833277974 2.44705343884136 372.763203392973 -333456.029326797 103.20107428727 144.681397190972 66.0592816713929 986349.341861198
168500 0.337 -2.43924209692286 0.0143947127215399 -0.00460695700969199 0.0672616032100713 0.0462286058893346 -0.0695524158641126 2.4512379929867 375.145137241701 -333474.063192253 103.202095115641 144.73544504766 66.039360295738 986430.001766618
168600 0.3372 -2.4542532050903 -0.00681539909121812 0.0459990024043374 0.0760545983501478 0.0406536015777957 -0.0720809643228163 2.48191441958981 374.30064709547 -333467.063359729 103.187532327656 144.805231319324 66.0194389200832 986468.694387073
168700 0.3374 -2.44556250942529 -0.0323364483442305 -0.0180769850913951 0.0803357803007266 0.0232357837446888 -0.0586194989226555 2.42684252006634 374.091084206113 -333467.383815316 103.231896462334 144.772348385426 65.9995175444284 986370.978864419
168800 0.3376 -2.42789315863346 0.0228918435091471 -0.0211769874078818 0.100189587884631 0.0371807547840163 -0.0759635146491812 2.43964309101272 374.277590858854 -333468.330923842 103.27499432383 144.764597217184 65.9795961687736 986432.106325863
168900 0.3378 -2.43315441262933 -0.00979902770257654 0.00122758764845248 0.0960746172795272 0.0308456821549975 -0.0730042317666486 2.4384479764257 374.328029734922 -333469.927432153 103.245710368766 144.843821065041 65.9596747931188 986394.167658231
169000 0.338 -2.43707129365959 -0.0033765168977239 0.0518232832198664 0.108321673063105 0.0505956530214801 -0.0524122484219248 2.47212022277012 375.259713311889 -333478.669539023 103.249596262699 144.879750482406 65.9397534174639 986377.983983139
169100 0.3382 -2.47181314717701 -0.00173160609393768 -0.0394142046465918 0.10278151971891 0.0433558404217257 -0.0662049655471626 2.46173197326609 375.680041095918 -333482.851161711 103.273912324277 144.848395387132 65.9198320418091 986098.754708936
169200 0.3384 -2.48297921080506 -0.00687189602102482 0.00995778991882191 0.0777304678781895 0.0826748904690469 -0.0843324541120404 2.49660372486676 374.285968766115 -333472.465117233 103.2683991374 144.907714553851 65.8999106661543 986151.812909182
169300 0.3386 -2.52197977855369 -0.00819285184723883 0.0080684863812259 0.068591168074868 0.0330100016598302 -0.0854399703793213 2.52973316274826 374.453924518554 -333474.716430901 103.258928311151 144.947442736349 65.8799892904995 986033.547092064
169400 0.3388 -2.45059306114933 0.0528345601816735 0.0165584738905602 0.0767113862985668 0.0365888955919048 -0.0776539143465992 2.49347384119227 373.862900352395 -333470.16980011 103.269855576674 145.013010644582 65.8600679148446 986285.646839968
169500 0.339 -2.50196002058812 -0.043504509799778 -0.0195555746032071 0.0616732689583968 0.0311477432280617 -0.0858368802196457 2.47787805870029 374.567720303808 -333477.662130893 103.219056969988 145.063681962246 65.8401465391898 985846.666228816
169600 0.3392 -2.46275106559241 0.0280629573613831 0.032677593377201 0.0752194293995493 0.0383397517444904 -0.0913530923479923 2.50241680215777 375.536701441715 -333487.895437578 103.243997930732 145.13194417144 65.820225163535 986250.394950496
169700 0.3394 -2.50763286471918 -0.0111099420358886 0.013715633108612 0.0901309308953039 0.0371272717172985 -0.0888020704568931 2.51940153811602 374.000360359687 -333477.848031454 103.25734365334 145.134747873312 65.8003037878802 986098.390382057
169800 0.3396 -2.46118689485069 0.0234128751045376 -0.0417499153752578 0.0940841117799251 0.0568209260356992 -0.0907761025161507 2.465064089923 374.410468783548 -333484.806178881 103.286157917185 145.154716575877 65.7803824122254 986210.605842537
169900 0.3398 -2.43355306274703 -0.00734817022690199 -0.00516221854931889 0.0970575121428813 0.0566091038966011 -0.0542357573214853 2.43689912215648 373.128777239717 -333477.981545034 103.26894575162 145.236098634432 65.7604610365705 986300.304100975
170000 0.34 -2.43511689088541 -0.00041719452904278 -0.0301948412858112 0.106425088471096 0.033305365878361 -0.0754626540927257 2.43116025165198 375.237803884325 -333495.151264163 103.250808448398 145.291051484884 65.7405396609157 986201.349587183
170100 0.3402 -2.39046258558007 0.000433760753873591 0.0149386433042503 0.0914692832455901 0.00907608837446294 -0.0622499312919746 2.40587771479246 374.547240490082 -333491.318250574 103.226262352114 145.387086437341 65.7206182852609 986319.629527183
170200 0.3404 -2.41037971229695 -0.0201735783925276 -0.0367787486940524 0.0799433912015048 0.0370835727440567 -0.0601513171719697 2.38910532808648 373.799301592859 -333489.324846655 103.212839552652 145.408653358267 65.7006969096061 986038.687814504
170300 0.3406 -2.39874172619844 0.019797320996655 0.00755087146351152 0.0838444595375726 0.0182291612911015 -0.084827592843112 2.42147399957554 373.437732803852 -333487.419580967 103.221798183038 145.477799897049 65.6807755339512 986294.058829449
170400 0.3408 -2.39372151495297 -0.0311679576533149 0.000590419736842665 0.0944459699497376 0.0389293094937234 -0.100682208007879 2.3915300732546 374.667432863788 -333499.768717696 103.197673860142 145.525259607959 65.6608541582964 986086.058864466
170500 0.341 -2.34099317584118 0.0226250438201561 0.00677975669456952 0.0818207917263572 -0.00532345667405654 -0.121522257272133 2.36938006081336 373.790018819719 -333495.565932271 103.226749674146 145.568710368357 65.6409327826416 986359.044488737
170600 0.3412 -2.32051805410733 -0.0157730851098888 -0.0198681205664756 0.0916297951470957 0.0162294062984302 -0.124036578450993 2.31831007123982 375.600050186665 -333511.046651774 103.236566334194 145.588941053579 65.6210114069868 986290.51910951
170700 0.3414 -2.30129554162571 0.00254445382481402 -0.0018187959702773 0.106094740588099 0.0553368915470684 -0.126450839906151 2.32132931196259 373.846204270218 -333501.153326784 103.252497536486 145.672079080006 65.6010900313319 986706.387871898
170800 0.3416 -2.31797732216688 -0.0154787903667478 -0.0165780066863143 0.123347169647387 0.055078780079793 -0.111046957610522 2.32178996088477 375.025966880573 -333511.928777368 103.227456231742 145.725522476276 65.5811686556771 986529.321999747
170900 0.3418 -2.30091485964812 0.0128115649185907 0.0364475386157785 0.128486014110679 0.0576630542789709 -0.119428377764353 2.34752343270588 374.90447200172 -333512.863113465 103.248041648711 145.776202736536 65.5612472800223 986769.377468131
171000 0.342 -2.32581465329273 -0.041198026528186 -0.0421731105053566 0.129283213206363 0.0671901268639155 -0.141788939548683 2.31111330017395 373.897339729422 -333508.542626779 103.251234751398 145.770609517372 65.5413259043675 986462.196212672
171100 0.3422 -2.26932567842281 0.0519830221736329 -0.0157151865740962 0.124848864598081 0.048126992456075 -0.130873730807498 2.3110609748297 374.26816377802 -333512.246582509 103.290728574277 145.831434405488 65.5214045287127 986951.216792225
171200 0.3424 -2.32393949691289 -0.0214830670238138 -0.0322771522494261 0.129932753300109 0.0565389882927545 -0.12365906127567 2.32006065350016 374.258823522279 -333514.804986339 103.255704997435 145.872062295622 65.5014831530578 986591.371813796
171300 0.3426 -2.21760803568522 -0.0252599675649209 0.028355202959486 0.152224365342051 0.055435771969187 -0.124177127624877 2.24762180483075 373.254188847631 -333511.447011076 103.261369173396 145.97550192585 65.481561777403 987044.846799854
171400 0.3428 -2.24287539289175 -0.00126534564236946 -0.0278906521856179 0.14595946397279 0.0562143552125949 -0.166044576840391 2.26317167207425 373.935028757846 -333518.891508868 103.274849092709 145.986838719243 65.4616404017482 986950.013563742
171500 0.343 -2.24339583549248 0.00304384101116075 0.00511540771228772 0.120880267082731 0.0461789681743204 -0.186751915774108 2.28166860072604 375.281017016242 -333534.18740845 103.290168394965 146.016369467603 65.4417190260934 986995.63121614
171600 0.3432 -2.160982811967 0.0378106373147243 -0.00393778228424661 0.145731471832142 0.0327607430820691 -0.188805665278717 2.21777251625232 375.217389403796 -333537.722194052 103.307234839618 146.062562517648 65.4217976504385 987170.403563241
171700 0.3434 -2.22255641978837 -0.0323760142587536 -0.00361930524967454 0.154378522537308 0.0421898061035671 -0.186916514111534 2.2455179828495 376.725534272519 -333554.532249616 103.257665820012 146.095963572288 65.4018762747837 986621.847842805
171800 0.3436 -2.14469232601783 -0.0102176448645882 0.00267707978765755 0.139640956821146 0.0699780431913297 -0.179156290835557 2.18017256229617 373.762513131656 -333539.778533519 103.298949499377 146.152256467779 65.3819548991289 987095.862582741
171900 0.3438 -2.1774759571948 0.00341849347791396 -0.0336158211946357 0.13048076838376 0.04387609855685 -0.172286578617595 2.19608816727096 375.542464409509 -333557.585408309 103.302171124264 146.161661554935 65.3620335234741 986889.38120335
172000 0.344 -2.14427032640763 0.00435597841812394 0.0388554795387234 0.116352225923976 0.0730022915709015 -0.175711799001719 2.20025843551599 373.963511489019 -333548.700790529 103.306425876719 146.22115310533 65.3421121478193 987030.810498342
172100 0.3442 -2.18500095835611 -0.0427007364697001 -0.0205373766571818 0.138168906761986 0.0669295213917273 -0.163148622192199 2.18814649132892 374.879761235643 -333560.350633424 103.340348513534 146.189088966171 65.3221907721644 986837.451722494
172200 0.3444 -2.16785201492115 0.0555703647057515 -0.0412780211257856 0.109513065679974 0.0595407403195982 -0.154774628311869 2.20366331598542 376.787465751967 -333578.701232204 103.38205570714 146.185872282591 65.3022693965096 986912.935652448
172300 0.3446 -2.12291992555975 -0.00577481870048574 -0.00349311402080637 0.11329067608679 0.0621663387579397 -0.174253512839027 2.15135549425723 376.997724436145 -333584.359328217 103.33853221577 146.297068638489 65.2823480208548 986946.654623724
172400 0.3448 -2.12757549313468 -0.00255982802555614 0.011761248067807 0.120996945411527 0.0954088544346626 -0.185496205951061 2.17273676256383 374.555677895373 -333567.617633791 103.301916743675 146.408641000654 65.2624266452 987048.078345106
172500 0.345 -2.11907982934668 -0.022382095221383 -0.0185556120319829 0.121064167193186 0.0589031700072238 -0.173279546004582 2.13275285959919 373.860944956083 -333564.817275874 103.314314918538 146.407518448095 65.2425052695451 986857.643260673
172600 0.3452 -2.12904076410491 0.00348234510554843 -0.007677739513609 0.129903056745738 0.0526249308486491 -0.162782441329217 2.15926078845648 372.842159925221 -333562.150783036 103.364226099622 146.390200235059 65.2225838938903 986916.16449316
172700 0.3454 -2.12449280775973 -0.0386467686288314 -8.85619543847448e-05 0.122101772168864 0.0505882294939438 -0.143572637819386 2.13234853134038 373.083805874927 -333566.214959108 103.406855899522 146.382466433103 65.2026625182355 986969.482352758
172800 0.3456 -2.14003547465778 0.0195572063488763 -0.0119494581941413 0.129228478081128 0.0472145892505807 -0.13644725944827 2.17012277772635 374.508015991535 -333580.247225786 103.444556793186 146.371123075925 65.1827411425807 986951.174726914
172900 0.3458 -2.12473624834927 0.0145432851723239 0.0128893184040419 0.116518309131274 0.0578819859120603 -0.119837144423045 2.16028810726999 373.768151674581 -333577.7621383 103.442609345926 146.441783779582 65.1628197669258 987107.261012476
173000 0.346 -2.11066793215505 0.000483981139229883 -0.00510326917250274 0.127173407678188 0.0417578894202117 -0.101903148084355 2.12840344620162 374.792873257577 -333585.814365602 103.437577923765 146.49122242486 65.142898391271 987090.616314993
173100 0.3462 -2.11038709596121 0.012474921581123 -0.0190740728910099 0.147792791198078 0.0722344221117823 -0.116771493341738 2.13603666403345 375.431147174288 -333595.81643423 103.429329994993 146.530908219903 65.1229770156162 986977.377626541
173200 0.3464 -2.07968280918143 -0.014374621676702 0.0395985247132769 0.132384485327779 0.0594276424897048 -0.114541898294715 2.11717113630121 374.277340947686 -333590.466355772 103.408787292722 146.627707447501 65.1030556399614 987131.162460189
173300 0.3466 -2.1263919012658 -0.00321069878059611 -0.0180988938414635 0.135053766372034 0.0709663936167324 -0.119542171994122 2.14224367899743 375.026809345974 -333595.934339953 103.387735110913 146.664550959822 65.0831342643066 986876.114510577
173400 0.3468 -2.11538430843637 0.00267762060739838 -0.0117843731820533 0.13905438365099 0.0747447105403675 -0.0915133622997259 2.1343984755904 371.961244445108 -333575.714965968 103.404130552693 146.692805695218 65.0632128886517 986920.585710918
173500 0.347 -2.15988007135343 0.00285216658627671 -0.0159121522847764 0.132424035081524 0.068527050911812 -0.124994630870829 2.17962103446962 375.188857493108 -333598.85241065 103.411093561403 146.707553597185 65.0432915129969 986784.039534542
173600 0.3472 -2.21316426412988 -0.0227823362316455 -0.000570522925114605 0.161759682648667 0.0407780391239053 -0.101409426595256 2.22738803417575 373.511237607789 -333590.665355362 103.407371417748 146.734105499783 65.0233701373421 986624.833724303
173700 0.3474 -2.18273468212107 0.054015343317735 -0.00313355111919961 0.152918298520797 0.0382089993372565 -0.0908793835319454 2.23109790671818 373.005185744522 -333587.12438936 103.436528404775 146.782309555581 65.0034487616873 986924.775908542
173800 0.3476 -2.22485897575722 0.00580645046606758 -0.0316061065238586 0.149394124454232 0.0244978928015875 -0.0926522564567537 2.23345530986933 373.333916038811 -333590.93768406 103.406506225634 146.852725915442 64.9835273860324 986809.130251341
173900 0.3478 -2.17182638794123 0.00580685590992626 0.0532789841968479 0.16049454008791 0.0305503009439609 -0.0838841537004452 2.22461280698176 376.518194549538 -333613.783522577 103.396757226922 146.944826205208 64.9636060103776 987032.247463212
174000 0.348 -2.22731240965807 -0.00285370828389188 0.0183867443128206 0.14094798705153 0.0512870496710288 -0.10387320025724 2.25738237684586 373.333049728195 -333590.59633419 103.405433830953 146.944581764294 64.9436846347228 986810.730164403
174100 0.3482 -2.24629829052364 -0.0114243992888955 -0.0283417665554412 0.144720954696842 0.0514571323672978 -0.097067020584719 2.2485954099572 376.002282752407 -333613.149553209 103.42903943386 146.909764630189 64.923763259068 986499.432405367
174200 0.3484 -2.20335824812102 0.0374895752665143 -0.0033955326680595 0.146406957211365 0.0229639300993532 -0.10123928303035 2.24233994956369 374.027720178334 -333600.560138303 103.472961541255 146.944183992668 64.9038418834132 986846.683320526
174300 0.3486 -2.22820425016674 -0.0216075301307635 0.0128351318319054 0.148200417454521 0.0272448106792417 -0.0937021928597371 2.24515337558948 374.933612132893 -333608.441004385 103.456262747889 146.99550048915 64.8839205077583 986729.041807894
174400 0.3488 -2.23846221030274 -0.00422190221640999 -0.00978903117705003 0.146832401295001 0.0340938774693695 -0.0935663745973912 2.25252144990833 372.587221080162 -333591.43757396 103.464984605614 147.045645031972 64.8639991321035 986845.773512525
174500 0.349 -2.23935027575534 0.0102871418809992 0.00491084369916525 0.131286523489718 0.0336463025714488 -0.0863481538827104 2.26412795125861 373.226082741703 -333594.335819083 103.477049600901 147.059345217551 64.8440777564487 986749.654921714
174600 0.3492 -2.3070744514681 -0.0196323764912988 -0.0141406957672003 0.130280685568871 0.0112574097369324 -0.100559606448717 2.30794700301983 373.295759433996 -333595.908352432 103.49156793214 147.061676178806 64.8241563807939 986600.547093407
174700 0.3494 -2.2782637897127 -0.0190963628506251 -0.02559702440358 0.140183689200756 0.0277265039372384 -0.114423959906194 2.27809851485381 373.957116967932 -333602.280414757 103.494218390543 147.083886084544 64.804235005139 986471.569118513
174800 0.3496 -2.24999862991716 0.0113009950037903 -0.00167940529421856 0.138633793450933 0.0224246480052731 -0.123802567863326 2.27803417843922 373.232339039511 -333598.461725441 103.495673381738 147.158406545744 64.7843136294842 986681.835498456
174900 0.3498 -2.33092475256671 -0.0236633765023642 -0.0124632660724047 0.148132133417921 0.0645196364780447 -0.126724900780784 2.34006782399891 373.580936466589 -333603.115068071 103.461778256707 147.202458881054 64.7643922538294 986350.564886341
175000 0.35 -2.30384732675388 0.0113488985148906 0.00263323191218128 0.143393678782732 0.034143368468578 -0.153699142424857 2.34010338986248 374.569429305702 -333613.40419099 103.461554871738 147.271145119016 64.7444708781746 986505.135913094
175100 0.3502 -2.28438886773663 -3.00680526032568e-05 -0.0184983088461809 0.138796963919487 0.0387816625897429 -0.109150369619243 2.29662695413162 375.416699689678 -333622.915257922 103.452346745505 147.329432969154 64.7245495025197 986504.113469962
175200 0.3504 -2.28385368369918 -0.00717756036605681 -0.0122056566052777 0.154455071708017 0.0728541758847403 -0.125986319249034 2.30368011319444 374.841468485229 -333621.890331144 103.446691492859 147.381570138921 64.7046281268649 986495.548468513
175300 0.3506 -2.28282544017382 0.0344990722200843 0.000973374930865176 0.161220426526606 0.0799483513081742 -0.139558446999459 2.33431101672477 373.94587018614 -333618.042847817 103.459319926431 147.431156982057 64.6847067512101 986644.062385618
175400 0.3508 -2.28312178277686 -0.0297065968939457 0.00771237656451626 0.131890470746461 0.0865850019955384 -0.140732036773104 2.30167186141501 375.296321982529 -333630.975860101 103.445367065478 147.459375271722 64.6647853755553 986395.937883199
175500 0.351 -2.27321456666199 0.0125309858129255 -0.00120726059878432 0.112914460413789 0.072616146074945 -0.142725578905622 2.30403981024303 373.946069468048 -333624.897075577 103.489410606378 147.456618320783 64.6448639999005 986493.457938656
175600 0.3512 -2.28759352304007 0.0235638615133465 0.00229575814297013 0.116248271210009 0.0674543941699766 -0.140787298819555 2.3251669428925 374.324602224575 -333627.868989997 103.511895603134 147.475803859391 64.6249426242456 986532.062475822
175700 0.3514 -2.27922283974971 -0.0253810314827673 0.0161316083191778 0.108521835315656 0.0624764550437794 -0.14568466495452 2.29908722593262 374.97751716934 -333634.637486888 103.480858365004 147.54371607795 64.6050212485908 986386.259116979
175800 0.3516 -2.23707684444878 0.00877404243279652 0.0103478606389388 0.120756043907457 0.0537703430126221 -0.114023490103023 2.26689371799694 373.887915288117 -333628.004469873 103.483826157609 147.620097167223 64.585099872936 986620.875032486
175900 0.3518 -2.23403644778328 -0.0198078414217591 0.000704313674001389 0.111983232694264 0.0664893780397824 -0.150256533986183 2.25105797209545 373.954054543858 -333629.057965169 103.492965064562 147.647433664124 64.5651784972812 986586.317885328
176000 0.352 -2.25364501355681 -0.0151460257387607 -0.0163653989096351 0.094436543104294 0.0626107099709267 -0.148382137909521 2.26113168597188 373.954099891317 -333630.713797076 103.528473063955 147.646795792896 64.5452571216263 986616.036618905
176100 0.3522 -2.31626991111509 0.00824858199424727 0.00732967346235273 0.122232379065756 0.0647181622584154 -0.166595786088369 2.35412427501313 373.051979985847 -333623.181699995 103.533698563306 147.684758432164 64.5253357459715 986614.919797927
176200 0.3524 -2.35859998638864 -0.00454449006554113 -0.00528256924400997 0.102831801730542 0.0544569686489538 -0.152501219381908 2.37702125223287 373.780989347602 -333629.815450634 103.505504980121 147.731066164322 64.5054143703167 986350.911016712
176300 0.3526 -2.28080270621279 -0.00141514710481704 0.0195841831780803 0.151726231078924 0.0439000340558144 -0.159713167706713 2.32277491442117 374.38654008725 -333636.504167678 103.508645465315 147.806479028401 64.4854929946619 986579.577793443
176400 0.3528 -2.31980108774966 -0.0153588572491213 0.0111718950783914 0.118301783487201 0.0567095054676893 -0.140510998674127 2.34161489635016 373.018568678508 -333628.16533117 103.505973608139 147.82414124431 64.4655716190071 986367.189519301
176500 0.353 -2.31149462372124 0.00630465831297483 -0.0243595923576659 0.119844614248653 0.0546665260195856 -0.135706972229666 2.32580370167144 375.092363178129 -333643.773887648 103.522663421815 147.83826545381 64.4456502433522 986315.607322666
176600 0.3532 -2.32080342266481 0.0205170986220847 0.0143054939611405 0.124971083345938 0.0361188557983975 -0.128968613721092 2.35964886163064 373.766055511053 -333636.231086135 103.524814646084 147.921403783929 64.4257288676974 986585.712473817
176700 0.3534 -2.36752312775361 -0.026089632225004 -0.0140419645346327 0.091642451498394 0.0571530868481023 -0.152701354512056 2.36972832339943 373.500823260234 -333637.334054748 103.498291107396 147.938452778438 64.4058074920426 986141.602826038
176800 0.3536 -2.30434502700728 0.0471550333227845 0.00712753936276949 0.102748380863293 0.0491723534543305 -0.134912086009266 2.3517141286177 375.986808629691 -333656.821878975 103.537605588471 147.99806954043 64.3858861163878 986608.482223662
176900 0.3538 -2.34803944457024 -0.0465409356161035 -0.0185609688050596 0.0643312454794919 0.026030906636933 -0.12139775056228 2.32824713259088 373.964167245321 -333645.491909665 103.508364517187 148.038514183469 64.3659647407329 986294.127153056
177000 0.354 -2.28542221210124 0.0229098293307866 0.0335971132407006 0.0645410716114699 0.0234514160916173 -0.140713023826665 2.32953382743672 375.807271945704 -333661.113841004 103.529740281538 148.099527862545 64.3460433650781 986598.943008126
177100 0.3542 -2.30246394376066 -0.00357593498877673 -0.0004543187988724 0.0575854643151408 0.0389960163415651 -0.117913147665717 2.31263765504667 373.719129421221 -333648.990410093 103.543988399453 148.090287729842 64.3261219894233 986367.686839264
177200 0.3544 -2.31071350902086 0.00252660920087701 -0.0229438643486916 0.0736122172152573 0.0367857072217555 -0.13357971351048 2.31660435298099 375.808365780495 -333666.528013666 103.549703422892 148.1304099464 64.3062006137685 986383.809495088
177300 0.3546 -2.28285319267478 -0.0192280609393017 0.0224950559635442 0.0674810645888849 0.0443029974503213 -0.144379530671042 2.30266600859046 373.041047320941 -333648.357208149 103.517335813799 148.245922144358 64.2862792381137 986538.713706703
177400 0.3548 -2.29819785297701 -0.0296043726505625 -0.0148368295920257 0.0470530986835765 0.0572477733058898 -0.107960059118974 2.28728573624684 375.372345267729 -333670.109262354 103.491477825723 148.292591553085 64.2663578624588 986297.044123771
177500 0.355 -2.25911125492245 0.0312237047756612 0.0268981297358194 0.0811746356296664 0.0449470382272089 -0.142807372216715 2.30710997403756 374.599237886726 -333667.456873065 103.515717091183 148.353505464515 64.246436486804 986627.353363602
177600 0.3552 -2.28391677620175 -0.0166979187748532 -0.0160941285623528 0.0565675027536735 0.029535272443684 -0.129929880281849 2.28134008907461 373.91598299302 -333665.130386136 103.512481955291 148.386965315963 64.2265151111492 986513.046609887
177700 0.3554 -2.25771918100153 -0.0046253806243327 0.00465689035201491 0.0730221725121309 0.0348305382265591 -0.116927206875598 2.27114151659043 375.002777959815 -333676.033661072 103.521605088073 148.43911362556 64.2065937354944 986640.59394416
177800 0.3556 -2.25711613102154 0.0146800428610584 -0.000295283570318595 0.088130584443782 0.0573389099763154 -0.105134739670091 2.27894392620165 375.124823089835 -333678.781892341 103.547620428571 148.459353603566 64.1866723598395 986716.860852364
177900 0.3558 -2.2351234715985 0.00829223977279604 0.0128329732349079 0.0809264739205314 0.0473968504111172 -0.0805090310791671 2.2558708305584 375.83951540143 -333686.516748052 103.563359139838 148.460499157235 64.1667509841847 986568.159226846
178000 0.356 -2.21594875379409 0.0138629707647733 -0.0210321609979538 0.0708313248004817 0.0574541654491691 -0.0868043063870454 2.22329205440709 373.784502985952 -333673.794638413 103.595578253756 148.467085231279 64.1468296085299 986612.464675347
178100 0.3562 -2.1962384248194 0.0270230179088146 -0.0279352049744811 0.0693068161086063 0.0526178181322734 -0.0818578955160485 2.20602441167237 375.547220406424 -333688.340581355 103.593571958225 148.528259760881 64.1269082328751 986693.352568639
178200 0.3564 -2.17717481625212 -0.00199425111467811 0.0162983278331103 0.0911245363753904 0.0584825889645777 -0.0801179905067581 2.1968074862953 374.880913632602 -333683.644981922 103.548880411427 148.632406798758 64.1069868572202 986652.64096957
178300 0.3566 -2.17655249541219 0.0191521782981734 -0.0112829167701086 0.0708002643509254 0.0185159041941431 -0.0914037186718919 2.19005691626065 375.155264242615 -333687.359340736 103.558251694716 148.691508650396 64.0870654815654 986827.545915162
178400 0.3568 -2.19605161792473 0.00148342517419142 -0.0207209300434508 0.0668862783072177 0.0291045771081225 -0.0616058057125156 2.19276237384127 376.085496452236 -333697.581742813 103.570302071006 148.705587633938 64.0671441059106 986729.007158122
178500 0.357 -2.21169294084301 0.00983797531940751 0.00558092515402312 0.065943580612167 0.0401100375063085 -0.0539402632056966 2.22539015324723 373.771774268617 -333685.912788043 103.586332503216 148.776072666016 64.0472227302558 987042.492245813
178600 0.3572 -2.19824124494365 -0.0017609006482087 0.00269020845562705 0.071543700345964 0.0393347757727505 -0.0688970303542342 2.20648137726406 375.838855246647 -333704.049159742 103.565248455724 148.828087026182 64.027301354601 986879.547028878
178700 0.3574 -2.11895550605736 0.0145905208138299 0.000264559852304851 0.070205292708468 0.0316623953442252 -0.0601839842991715 2.13314767232669 374.553426285496 -333699.297317081 103.591753125588 148.857265307894 64.0073799789461 987018.447155656
178800 0.3576 -2.14455994832769 0.00280840766783533 0.0073636443961966 0.074138070406165 0.00699698605532973 -0.0898975837614577 2.15913740607396 375.240192073342 -333705.780168862 103.616291191716 148.858476806857 63.9874586032913 986953.009316585
178900 0.3578 -2.20324226930869 -0.00436535968401487 0.0015973231516446 0.0572651785802952 0.0200505176495373 -0.0427937418354485 2.20561653686725 374.565311549502 -333703.58311337 103.628485888093 148.864771478759 63.9675372276365 986803.584500643
179000 0.358 -2.20245910888713 -0.0177298048641232 0.0229692128214242 0.0702513881226949 0.017656813631182 -0.0421848584535586 2.21013452693055 373.542318005616 -333700.538943079 103.638192325318 148.893157799507 63.9476158519817 986776.793616226
179100 0.3582 -2.24330774565555 0.00668595899330376 -0.00534279349574441 0.0661800445080123 0.0325399635282623 -0.028632412042781 2.24818307352436 373.019866043822 -333698.093876786 103.692656423262 148.862672731195 63.9276944763268 986785.716973497
179200 0.3584 -2.24525732257825 -0.00618906717982622 -0.0613334327032675 0.0555487679924287 0.0189801006130144 -0.0480698279706997 2.21591186866535 375.095911516959 -333716.583776127 103.727494476685 148.857742942004 63.907773100672 986776.962948817
179300 0.3586 -2.22404281852497 0.0160110996400152 0.0177406344046976 0.0514320582246889 -0.00230379959409477 -0.0253646319270932 2.24312295353572 375.284162675158 -333719.921944985 103.696209772033 148.974392909641 63.8878517250172 986944.637948101
179400 0.3588 -2.21492387624586 -0.0353532659017593 0.00580684727473109 0.0621135484963612 0.0138350433561467 -0.0217052878391247 2.20351887578603 373.978537585013 -333712.076525024 103.654870920419 149.037987278126 63.8679303493624 986664.573588574
179500 0.359 -2.23506507731824 0.0283033033469415 0.0156517596898413 0.0562346994103914 0.00645444007441579 -0.0261967506336033 2.25965311433998 374.567540981525 -333718.535556623 103.679309367592 149.061786927991 63.8480089737075 986746.915765523
179600 0.3592 -2.25261430411967 -0.0247445446213447 -0.0283388815114177 0.0672696622118057 0.00806557070787364 -0.0334207814252488 2.22991715062017 375.254056824596 -333730.314353079 103.667649285394 149.07426943573 63.8280875980527 986410.696159738
179700 0.3594 -2.25604426796458 -0.00142195401285591 0.0372728574193825 0.0677615417752929 0.00344778229323313 -0.0339583701763807 2.27801038326095 374.587242083169 -333727.475755783 103.682792837987 149.129926603305 63.8081662223979 986615.092667374
179800 0.3596 -2.25670832842419 0.0257018707702733 -0.0304055897568304 0.0811684732220188 0.0149854004539026 -0.0206112325229215 2.25968963419536 373.912513690989 -333723.748506756 103.702154861606 149.139206987809 63.7882448467431 986552.639595419
179900 0.3598 -2.25972668774796 0.00910823900630476 0.0555505651282084 0.0831386074368997 -0.0021058930208472 0.00414198458132005 2.29694136684101 373.821860807022 -333726.886116449 103.675058369631 149.253288845858 63.7683234710883 986741.053373571
180000 0.36 -2.32586606761227 -0.0252418957282195 -0.0299262750143241 0.107214065130551 -0.0205618027031068 0.00844005328780015 2.30609695403852 373.53836096882 -333726.843691639 103.638066573148 149.270848299977 63.7484020954334 986196.839927658
180100 0.3602 -2.26136790136743 0.0396739231144102 0.0280693862947265 0.123025450210898 -0.00545468816681299 0.0320299582020758 2.30581838366527 373.372498140978 -333725.859573533 103.673582070126 149.329008738171 63.7284807197786 986610.769071839
180200 0.3604 -2.27749494113801 -0.0297408469568266 -0.00717014606337068 0.113522248454695 0.000388513842070692 0.0495144901070415 2.26928594484966 374.478813621428 -333733.337162715 103.655912546572 149.359098355622 63.7085593441238 986332.96205759
180300 0.3606 -2.2802042697406 0.019030260665318 0.0314402934895596 0.0978782219278117 0.0247855833740848 0.0360762484730811 2.31293210281735 374.868583061063 -333735.617020971 103.683710359149 149.390720106749 63.688637968469 986497.779731822
180400 0.3608 -2.32373673710933 -0.0344604164473343 -0.0442661972850822 0.128836396484627 0.0210817302553231 0.0389726121717236 2.29654532864729 373.399572835711 -333726.397304793 103.68431611686 149.362834789167 63.6687165928141 986010.888109724
180500 0.361 -2.30725376774114 -0.0184863773187209 -0.0101742109828397 0.130990148135116 0.0102904283450574 0.0439891602608611 2.30546046354235 373.590809330727 -333726.378582965 103.690691279446 149.439714318072 63.6487952171593 986270.369793535
180600 0.3612 -2.33517083299868 -0.00138856054935937 -0.0157681396171139 0.10781342812433 0.00969414020279984 0.0369154325874724 2.33504369192168 375.044172914568 -333739.863262555 103.6889423751 149.47586686878 63.6288738415045 986183.568651922
180700 0.3614 -2.34852686644975 0.0157763889736805 -0.00816789067859063 0.101338314470329 0.0151117689974168 0.0387179006548222 2.36005982125928 374.291501685713 -333733.011061607 103.700919075344 149.517824342669 63.6089524658497 986265.446236533
180800 0.3616 -2.31340363700534 -0.0271720325953779 -0.0194256190934158 0.139657515867917 -0.00970437178196385 0.0355519029174096 2.30373871226914 374.731572219407 -333737.010396576 103.699664025618 149.574074208544 63.5890310901948 986315.550654201
180900 0.3618 -2.33689552222702 5.9222617034157e-05 0.00765803426230214 0.116943464340351 0.0111463821398248 0.0577798907925441 2.35172041168106 373.400358082628 -333725.501067096 103.706393413751 149.61403234011 63.56910971454 986333.964438623
181000 0.362 -2.38337604940878 -0.0288898191411553 0.00940988587163698 0.102582756693649 0.00213836030536338 0.0624610332041828 2.38296788263578 374.183622243011 -333730.803141409 103.703490255212 149.62459398993 63.5491883388852 986066.867089568
181100 0.3622 -2.39851931983512 -0.0150664177262774 0.0144160514826012 0.108434810337934 -0.0131496133177049 0.0501843108799207 2.40735030392436 373.883909345893 -333729.100710291 103.754782545166 149.615683586532 63.5292669632304 986186.583558032
181200 0.3624 -2.40050944043632 0.0271698839989263 -0.0297136351610963 0.133837554787061 -0.00981847940332374 0.0532401144982575 2.41273660060094 373.909497790795 -333728.941419496 103.795026001536 149.57866556912 63.5093455875755 986015.709229055
181300 0.3626 -2.42537073067227 -0.033850074360903 -0.0204656009111426 0.122455648443194 -0.0222205356954315 0.04911043249557 2.40941120531321 372.265025299107 -333717.17420576 103.744998554175 149.679809299425 63.4894242119207 985897.530099862
181400 0.3628 -2.4183687333389 -0.0271633658335851 0.0208368312642995 0.124670012807773 -0.0152223115954132 0.0536126617866394 2.42711586096593 374.448649488507 -333732.535287139 103.714672194179 149.785464068078 63.4695028362659 985995.572461817
181500 0.363 -2.444056124593 -0.0121970660798358 -0.00192931021934742 0.0910269784774041 -0.00621594489967209 0.0506492891302663 2.44370279293457 372.926249366296 -333719.879298949 103.738086104021 149.796013127673 63.4495814606111 985978.051950358
181600 0.3632 -2.45419851113006 0.0103974693352876 0.00600217703081265 0.111216076517014 0.0104641994109645 0.0360068898650234 2.47077823358603 374.810541518523 -333733.809067811 103.750909141369 149.826849341246 63.4296600849563 985993.250495662
181700 0.3634 -2.43709004236827 -0.00484318176576886 -0.00441342238269512 0.0955720624814308 0.0132652043992749 0.0459586185458574 2.43949519259502 373.983744338933 -333726.472262067 103.750524030858 149.89299595598 63.4097387093014 986115.085440384
181800 0.3636 -2.47609625451917 -0.0268948264970123 -0.0144509856714256 0.110743295198893 0.0043037339561119 0.0491294107129937 2.46440841838033 372.233406956359 -333713.04203205 103.742886585733 149.931661408603 63.3898173336466 985986.983392182
181900 0.3638 -2.48232913544715 0.0233033995364788 0.00206713673524787 0.110037746571257 0.015433535060273 0.0515414324101323 2.50408549475043 374.233740128636 -333728.457053228 103.753988639839 149.979176168338 63.3698959579918 986095.0056168
182000 0.364 -2.51954384571589 -0.00200964623170157 -0.0334654171078074 0.106364282925486 0.00306106303616082 0.0434335037455228 2.50986145678452 374.252040385209 -333730.22480694 103.748669572858 149.974465567524 63.349974582337 985703.512624872
182100 0.3642 -2.5450381820797 0.0199708857786762 0.0299762850588712 0.100561465546213 -0.0187888866463388 0.0528789782848164 2.57775503432108 374.440070188635 -333729.295583866 103.771476451365 150.026138409946 63.3300532066821 985949.74654122
182200 0.3644 -2.55314632855884 -0.0164869013772054 -0.0109844834583805 0.101626679246353 -0.0256619572160823 0.0536455912759451 2.54759144855232 372.430172477396 -333712.908805768 103.799931021688 149.990897771094 63.3101318310273 985678.281463155
182300 0.3646 -2.54269880951796 0.0231709205331665 -0.0269314061460745 0.108618176255322 0.00942995008694498 0.0544973877162817 2.54994354126099 372.257257644571 -333711.829142561 103.8362340839 150.000043810231 63.2902104553725 985772.854122333
182400 0.3648 -2.58457568153906 -0.00064819797925488 0.00655435937830653 0.125922694162064 -0.0070882486009681 0.0525244892370688 2.5983342305148 374.408573889 -333727.915815798 103.80247729672 150.091654918136 63.2702890797177 985743.865871706
182500 0.365 -2.58027663071291 -0.0042006564942201 0.0104995039899102 0.150854694239215 0.0113207823498932 0.0644978316784083 2.5991129366459 375.153449779352 -333731.180798011 103.77591131306 150.175767990034 63.2503677040629 985733.399684985
182600 0.3652 -2.57942186276074 -0.0331150546657278 -0.00942595871629953 0.123176889614904 0.0117908766629867 0.0732665427500657 2.57033031186543 375.698930614533 -333734.768041819 103.772580636054 150.213282626064 63.230446328408 985637.460959384
182700 0.3654 -2.54321683060691 -0.0198464877890487 -0.0364895045400685 0.138336096655866 0.0107818899117065 0.0707785976353826 2.52951904245621 374.78259256763 -333728.58798689 103.781140243816 150.247272593121 63.2105249527532 985631.176386049
182800 0.3656 -2.57440576634928 -0.000226819975664833 0.0446999869384289 0.144013888526164 0.00161579873548095 0.0969497139089407 2.61428592165848 374.476843186721 -333723.825704951 103.792329223897 150.28200993154 63.1906035770984 985654.608067988
182900 0.3658 -2.62818532004554 0.00882993157801037 -0.0355473915678441 0.139003009324964 -0.01331382092143 0.124528537419431 2.63511184949049 373.382334834924 -333716.646535822 103.803858731415 150.239458420857 63.1706822014436 985174.300888237
183000 0.366 -2.55190392718229 0.0205703541807708 0.0178714195893614 0.136556963269877 0.0270355045545041 0.0921001135849509 2.58732907331826 374.715693997061 -333725.033791536 103.823930617484 150.323238565071 63.1507608257887 985603.364676915
183100 0.3662 -2.60284107193552 -0.014950260229441 -0.0486910372502781 0.1442563391272 -0.00298391695153192 0.116149544190846 2.59112492593047 374.407742931398 -333724.828029528 103.80945643684 150.341181583768 63.1308394501339 985272.679322932
183200 0.3664 -2.55572179018657 0.00471516569033882 0.0262681721122121 0.137570829271351 -0.00122184819060454 0.136317273149503 2.59307075223061 374.825018034415 -333728.746062757 103.820742888665 150.435694133724 63.1109180744791 985688.124693767
183300 0.3666 -2.59536906928709 -0.0282005696418132 -0.00239297762485991 0.130107986437365 0.0245934720111449 0.119527157006155 2.59860185088853 373.328330123013 -333718.361744012 103.802696102019 150.482627803431 63.0909966988243 985513.070558191
183400 0.3668 -2.57955894800416 -0.000374019236191509 0.014417601517224 0.163866450860363 -0.00125132154811143 0.122907611646849 2.61083208876392 374.297782512226 -333725.970988728 103.826677815838 150.519985884803 63.0710753231694 985674.139441652
183500 0.367 -2.63409359929459 -0.0276755456387849 -0.00265027657915617 0.163709834508925 0.0040969370126506 0.135034073517895 2.64469721046569 375.643788897901 -333736.847853553 103.829276916409 150.517872805118 63.0511539475146 985373.641643539
183600 0.3672 -2.5970065418563 0.000446456580105082 -0.017211900756715 0.13659484356393 0.0201605208719565 0.125911190268617 2.60882383855885 374.071459196728 -333728.223343562 103.862467769464 150.537156805707 63.0312325718598 985503.443877767
183700 0.3674 -2.60878513703966 -0.0147844787251656 0.00488949720515995 0.119569888328079 0.0252690041372846 0.11630939600474 2.6202387021551 374.220470384281 -333730.198949099 103.878816155923 150.587431453182 63.011311196205 985676.118039917
183800 0.3676 -2.62308712399759 -0.0425449487889346 -0.0182418319573963 0.144485112534403 -0.00880386562512947 0.122367418191953 2.61348149026889 373.998187221354 -333727.887572541 103.87980987804 150.617471845571 62.9913898205502 985570.48754447
183900 0.3678 -2.61243164355186 0.0302181991069008 0.00775743963913645 0.145821275577678 0.0058080665877652 0.162937385000651 2.65862469381917 373.504314169132 -333722.963368926 103.898486415132 150.666273257299 62.9714684448953 985755.225050968
184000 0.368 -2.62516088718943 0.0102566148822743 -0.0157715311408954 0.123234600603775 -0.0169652169804928 0.130468786233753 2.64102213389035 376.052952695465 -333742.009831449 103.853519079599 150.745172490181 62.9515470692405 985532.697965263
184100 0.3682 -2.60389965336898 0.00829766291461119 0.00519331871864453 0.122840055835042 -0.00342796466693388 0.144412231881555 2.63122486030813 372.280978948786 -333714.103646666 103.845047930626 150.829676755491 62.9316256935857 985692.704807821
184200 0.3684 -2.63242228985407 0.00116554052584814 0.0102916595308542 0.141576262316484 0.00322835899659343 0.144081306209391 2.66126729807069 375.425043840093 -333738.704064528 103.848955690605 150.857195773444 62.9117043179309 985597.548948093
184300 0.3686 -2.64001015212572 -0.0148662175962154 -0.0254315865312092 0.119832293153084 -0.00534361645036393 0.139745628738152 2.6392249260443 373.187902924504 -333721.461458409 103.85529426313 150.891077063231 62.891782942276 985566.892340253
184400 0.3688 -2.58893923179702 0.0169089408057236 -0.0137559366760787 0.111915668095818 -0.00504719301495223 0.123957929695819 2.60676533201407 374.898332182265 -333732.548714313 103.854036813313 150.951060491781 62.8718615666212 985634.440121097
184500 0.369 -2.60222806674374 -0.0035479130805413 0.0240590948968518 0.126401259240794 -0.0262394273976653 0.159688303432362 2.63669127735655 374.677826534265 -333730.47504623 103.82985904217 151.018585117134 62.8519401909664 985533.406440065
184600 0.3692 -2.6007151674323 -0.0276593206091767 0.0325544466970819 0.101574688863054 0.00110548286777886 0.129627000182041 2.6192634214086 372.983152679559 -333718.51137035 103.847432404388 151.067700811448 62.8320188153116 985708.261831627
184700 0.3694 -2.59119675333559 0.0060423368780825 -0.0327960129131761 0.108229973522369 -0.00232979712649408 0.177331378315138 2.60303352791441 374.122069082659 -333727.195376963 103.890145878039 151.037851236466 62.8120974396567 985606.253290276
184800 0.3696 -2.56817323749848 0.00285014075419773 0.00976218079984576 0.0939688357986529 -0.0119955946234017 0.158216854455082 2.59422432195913 374.135921124444 -333725.520075743 103.900559028137 151.097401602144 62.7921760640019 985780.933444569
184900 0.3698 -2.59038258963123 -0.00114452430724825 -0.00163713021962057 0.110811134971702 -0.0204055617522835 0.172512884906961 2.61347414330675 375.243135429577 -333732.731403997 103.880186019996 151.151943576157 62.7722546883471 985630.61026478
185000 0.37 -2.55507533398048 -0.00700942072888769 0.0387756989990733 0.113986599734213 -0.0175316567986198 0.161367817993287 2.59411243167198 373.00974471385 -333715.123511804 103.892535310828 151.233979578 62.7523333126923 985969.779309239
185100 0.3702 -2.6261862947243 -0.0239639829053222 -0.0418344634720885 0.0807838844167005 -0.00649618863304601 0.187664678547821 2.61739109706945 373.02530342209 -333714.640903926 103.919571129827 151.211745711873 62.7324119370375 985768.323846767
185200 0.3704 -2.60641378711057 0.0387600473328341 0.00342163529601939 0.104947323914687 -0.00748511369555264 0.17523566872194 2.65142408846033 374.23881274376 -333721.094925827 103.956319865522 151.225781970484 62.7124905613826 985895.272868514
185300 0.3706 -2.63882115764296 -0.00709789191303134 0.00457726143058974 0.0786282606386292 -0.041747222278013 0.195559248741749 2.66370707668795 373.976386662252 -333717.208518889 103.938510352907 151.249438327828 62.6925691857278 985567.393065743
185400 0.3708 -2.61984432645204 0.0083160410737475 0.0210340069082594 0.0603118420768165 -0.0184926225914856 0.193053348786247 2.65792415061789 374.347385516427 -333719.814101671 103.932053619092 151.310015754195 62.672647810073 985587.594575466
185500 0.371 -2.65885002896747 -0.0163010603259166 -0.0224365266794865 0.0880441541068611 -0.0187341824068327 0.22290377652549 2.67212573321086 375.171406141613 -333726.886707079 103.934169505252 151.334157078613 62.6527264344182 985451.572863233
185600 0.3712 -2.63271381587192 -0.0208185163189464 -0.0203424356437698 0.0876142326725126 -0.028507001700677 0.239556718444249 2.64969238368363 373.914744010276 -333717.5449779 103.938004725791 151.384168298075 62.6328050587633 985500.155279427
185700 0.3714 -2.59201469545835 0.00765034555513493 0.00185657552374162 0.0900424465924089 -0.0355699237497863 0.234082210395115 2.63357780604535 375.156413977752 -333727.519641877 103.967926957499 151.412276874287 62.6128836831085 985653.301166815
185800 0.3716 -2.57186647383268 0.0331313004411098 -0.0100865055664796 0.0458941233678323 -0.0334039724388734 0.244187384531311 2.61989458153657 374.321594515089 -333721.7769279 103.986934075054 151.447385580918 62.5929623074537 985748.352747144
185900 0.3718 -2.61679193352649 -0.00330384237039942 0.00742582066712548 0.0671011941456383 -0.0216027529904611 0.23829881499251 2.65400521817731 372.64437299355 -333709.398821784 103.967446051657 151.514063865832 62.5730409317989 985683.720803341
186000 0.372 -2.58684334451455 0.0141980214727339 0.0177500909424573 0.0714309052995324 -0.0224913896662382 0.270322111445268 2.64777542981498 373.151793596027 -333712.292650315 103.974982832692 151.584883158216 62.553119556144 985901.94572116
186100 0.3722 -2.64282049323384 -0.0250983915914987 -0.0119086825443728 0.0549249943027995 -0.0187643356517968 0.261133890591953 2.66492950283124 373.459350121206 -333714.3934713 103.956800878002 151.621234987059 62.5331981804892 985651.93006576
186200 0.3724 -2.64710790929853 0.00418783934851637 0.00895193931123334 0.0426556647215896 -0.0521173431668234 0.254401044482045 2.69254335625169 373.963649369815 -333716.297054782 103.966310309444 151.674142390608 62.5132768048344 985771.921554393
186300 0.3726 -2.64693460513097 -0.0133811163454054 -0.0158522224216488 0.037399572770157 -0.0141950923047458 0.256136961136187 2.67034106609598 373.549069886484 -333712.992091747 103.954093375202 151.71409909998 62.4933554291796 985601.557980307
186400 0.3728 -2.64792134596745 0.000511891725434554 0.00682198005642551 0.052098288159679 -0.00943684538888066 0.262953799548016 2.69198704278645 374.090964762443 -333716.855521865 103.946215634295 151.783543902361 62.4734340535248 985663.671942214
186500 0.373 -2.68601355710463 -0.0312266611634141 0.00714770212210947 0.0478090152997982 -0.025802201479599 0.266279361364538 2.71529193143403 374.671217001906 -333719.327267696 103.927357031693 151.845597740738 62.4535126778699 985573.365807396
186600 0.3732 -2.67691943733016 -0.0207917463438303 0.0163273495301333 0.0243502089360063 -0.0258268539600399 0.272677840180003 2.71695135901913 371.531453411941 -333695.320219446 103.951468118973 151.88650641952 62.4335913022151 985753.067780983
186700 0.3734 -2.67307935860687 -0.000374335510787334 -0.0169842146585712 0.0520231787356049 -0.0212572332482888 0.283611800481703 2.71109138992544 373.157418063594 -333704.932197879 103.957125175817 151.912460418588 62.4136699265603 985660.558913718
186800 0.3736 -2.66937170336998 -0.00797748424437815 0.0189326057036611 0.0583686484328391 0.0283403959555335 0.277900772869048 2.7202349991374 374.517393193187 -333711.850607856 103.963878142584 151.976553658594 62.3937485509055 985825.713532532
186900 0.3738 -2.66689344751367 0.024969303360551 -0.0174007226185101 0.0294514694890873 -0.00618686198174199 0.294548964628605 2.7197169467794 372.681510172702 -333695.018592382 103.985272013542 151.988062451578 62.3738271752506 985788.400118076
187000 0.374 -2.66480021414953 0.00285495541987777 -0.0441452212190655 0.00901927308685523 -0.00338056301178206 0.263410144691862 2.68358825001388 372.075368713984 -333688.028278486 103.968851027806 152.047809289611 62.3539057995958 985705.260467926
187100 0.3742 -2.68440118656942 0.00411621416800604 0.0117422855811194 0.0188383673549884 -0.00798520470949614 0.282709710665488 2.73673474801209 373.632027513895 -333696.890325626 103.926129203764 152.167153576281 62.333984423941 985758.559842389
187200 0.3744 -2.69710300284089 -0.00638858493936266 -0.0214019139548447 0.0465754601805123 -0.00634779817088868 0.256166930812499 2.72089435504803 372.852706074163 -333688.532474425 103.935044535664 152.189182585303 62.3140630482862 985670.730308742
187300 0.3746 -2.70417239123067 0.00641853830642829 -0.021205198922796 0.0396570462777145 0.01071700619141 0.250914537221732 2.7326043489984 374.913989845048 -333701.885693489 103.951866525275 152.214587986866 62.2941416726313 985679.613985439
187400 0.3748 -2.65114459211864 -0.0249120544357886 -0.0134675927590271 0.034902172515906 -0.00971633920166087 0.257461701592215 2.67022123153881 373.276454799075 -333688.7558623 103.927572005121 152.295845294574 62.2742202969765 985660.00738978
187500 0.375 -2.60713955698312 0.0152952935792961 0.0203303055815284 0.0490110629108042 -0.0102103289350043 0.2459842132393 2.66072125419792 374.281203976355 -333696.003059333 103.923415022429 152.388343514994 62.2542989213217 985903.718264321
187600 0.3752 -2.60036496662335 -0.0394730646904906 -0.00192637630175935 0.0437578757274007 -0.0287374376685635 0.266373099718052 2.62236834907481 375.002506080468 -333702.138815412 103.912348665493 152.421408685751 62.2343775456669 985697.107853501
187700 0.3754 -2.5829130281519 0.00622866089674643 0.00760384943288521 0.0405820733391745 -0.0158905447930873 0.263100879649232 2.63069983007754 374.983646962961 -333701.057760603 103.960825349923 152.43846527846 62.2144561700121 985951.599003665
187800 0.3756 -2.63785858085891 0.00904048564807588 -0.0160302852822509 0.0412011455149853 -0.0165045339068557 0.282249750005205 2.68053128649643 372.934339300216 -333685.286573201 103.999668741825 152.409909375277 62.1945347943572 985819.454793886
187900 0.3758 -2.60903433571818 0.0270572187765664 -0.0282848333856688 0.0547035794999855 -0.0255498279992041 0.273006664914765 2.65342956441831 374.560887129897 -333696.056810653 104.020218013502 152.436145479167 62.1746134187024 985868.094711073
188000 0.376 -2.60229066473277 -0.0157022261612264 -0.0261569468843929 0.0678405494761091 0.017781777581467 0.263623757286886 2.6242627619021 373.195129582583 -333686.713456314 103.990388622619 152.532977996563 62.1546920430476 985895.466462195
188100 0.3762 -2.62548965976199 0.0246137183426426 0.0393032378233301 0.0344910721754135 0.00287043602191011 0.285464533586499 2.70374852048378 372.548396317557 -333678.673141015 103.993030482606 152.615206441673 62.1347706673928 986135.83875322
188200 0.3764 -2.62315190320845 -0.0292569101609105 -0.0367308725043529 0.0384367763162597 -0.0115539741655475 0.269326832144603 2.63275594945416 371.876810391382 -333672.895230191 103.989068961876 152.593518500522 62.1148492917379 985642.026159336
188300 0.3766 -2.53425056818163 0.0364443281518278 0.0754777254404357 0.0424704383572519 -0.0287878842771188 0.2833526117422 2.63801106144852 374.024457022886 -333684.282220679 104.034267040638 152.686052653189 62.0949279160831 986351.947883148
188400 0.3768 -2.62142698070407 -0.0174998382233059 -0.0503829164305776 0.0386469463559454 -0.0114264370548523 0.299947592748036 2.64020280381516 374.669051026828 -333686.922164661 104.024891612867 152.637142796679 62.0750065404283 985630.817119369
188500 0.377 -2.56790116097811 0.029524779996252 0.0190902841759782 0.0495921410601556 -0.023581907727221 0.293490785459316 2.64330939380061 374.169946211925 -333679.98156136 104.047350150454 152.72899635865 62.0550851647735 986120.29742224
188600 0.3772 -2.59791133019417 -0.0461301989715541 -0.0121836914692771 0.0383024087311248 -0.0364225358686513 0.308202242299669 2.62539716190281 372.293327906123 -333663.579746296 104.003808871049 152.77918417259 62.0351637891187 985714.997493801
188700 0.3774 -2.53000118843119 0.0253182283145164 0.00516063372929916 0.0388978610776867 -0.0214098141562212 0.305344335939825 2.60080262977913 374.514111656326 -333678.078734155 104.028452034329 152.86982031442 62.0152424134638 986216.66496165
188800 0.3776 -2.5650145673287 0.00457626143832362 0.00483663049392928 0.0192339872292257 -0.0245885641226116 0.311265647330206 2.62622327266509 372.011736495373 -333657.212631881 104.012409947944 152.93656800673 61.995321037809 986178.232807981
188900 0.3778 -2.61053062426395 -0.0213119937018465 0.020723167743162 0.0300434345357232 0.0077229536463314 0.324665855027899 2.67091160523479 372.078830933955 -333654.491344498 103.97924311918 152.996941785553 61.9753996621542 985936.030170178
189000 0.378 -2.65520337000499 -0.0118123585269941 -0.0378389873097859 0.00831543993051001 0.00670918190650098 0.323813411468212 2.68966591302977 373.110249084271 -333662.037752795 104.000896039743 152.985779547794 61.9554782864994 985752.435803211
189100 0.3782 -2.65519701800197 0.0300292411196098 0.00990571037040807 0.0573077341223212 0.0379153154458877 0.304400076558233 2.72927687280068 374.147836376347 -333669.161785478 104.033314419993 153.02378175472 61.9355569108445 985987.508117341
189200 0.3784 -2.6714572922117 -0.0646935545669475 -0.0434258022147778 0.0506536538585238 -0.00981323489332409 0.331950360710772 2.68135579687133 373.299807792234 -333663.330297487 104.005981393343 153.06473235514 61.9156355351897 985675.105170321
189300 0.3786 -2.64109867103975 0.0396862658597232 0.0445801489167936 0.0644734324556524 0.024813051117507 0.336617127603124 2.74845448948373 372.56398709204 -333655.637820408 104.039898696338 153.131347591681 61.8957141595349 986108.275208525
189400 0.3788 -2.70751700492095 -0.029363690847347 -0.0413448159013856 0.0849315217583006 0.0321892142757613 0.330629236776804 2.73738141927968 374.645953068164 -333671.025951947 104.034303152517 153.114700094552 61.8757927838801 985630.710615268
189500 0.379 -2.66167901987367 0.00516410660138923 0.0281089603558501 0.0564521468222519 0.00262095498949301 0.324492778501839 2.73847345903176 374.922004753775 -333671.717000243 104.059653219037 153.192793389944 61.8558714082252 986056.134144998
189600 0.3792 -2.61868651438373 -0.00556525594849565 -0.0149572947134325 0.0534842686324994 0.0181378820693827 0.346600756040354 2.67841619003772 375.029853808103 -333672.231189733 104.065343866653 153.229455550308 61.8359500325704 986028.390469715
189700 0.3794 -2.59883798205432 -0.0183480770803182 0.00904082884179842 0.0705529794458234 0.0152977122902383 0.363437403275981 2.67249893622254 373.605436844655 -333660.934175205 104.061500568269 153.298615910499 61.8160286569156 986119.208506239
189800 0.3796 -2.58342746819481 -0.0150887874867404 0.0171280891919309 0.0751315002863661 -0.00801766175169258 0.35681805941376 2.66068220852975 374.722723045507 -333666.526072464 104.071996771627 153.341043695496 61.7961072812608 986173.709768622
189900 0.3798 -2.61607140045197 -0.0140808814272921 0.0155474221120018 0.0572301254036251 -0.00268313929090915 0.342553616345498 2.6851818303522 375.238673889494 -333671.107540241 104.107650418093 153.327334034838 61.7761859056059 986105.363121909
190000 0.38 -2.61024628527 0.0197929395971411 -0.00639685394801388 0.105782275937014 0.00946279782861815 0.3982758466597 2.71267788333664 373.499839492174 -333658.472808286 104.166825334323 153.326444363065 61.7562645299511 986341.966728409
190100 0.3802 -2.59547349905012 0.0015011658762363 -0.0362465226131123 0.0763745007757658 0.00404693538408237 0.364446097302191 2.65775915147892 372.215099959769 -333646.985297656 104.164846215254 153.372121109857 61.7363431542963 986298.7939725
190200 0.3804 -2.53452082307562 0.029323438229101 0.020353053737851 0.0741521642195365 0.0235956762734902 0.377254417557581 2.64490222505773 373.997984513025 -333659.832977007 104.151041787498 153.480863666376 61.7164217786415 986548.842136912
190300 0.3806 -2.56437728172839 -0.0160591738980881 -0.00800121166613644 0.0843226969301731 -0.0115149278776387 0.384297109167118 2.6418375985678 375.935881166337 -333673.605655427 104.120143355453 153.52893621014 61.6965004029867 986246.621435152
190400 0.3808 -2.56913508646891 0.0515866170757354 0.00782168849435891 0.0640719462220432 -0.00439084053785889 0.363217251153285 2.67648196596621 372.535570907701 -333647.229692186 104.118090870345 153.619641634735 61.6765790273318 986491.212193752
190500 0.381 -2.60277724773296 -0.0566179757704534 -0.014180908192156 0.0489310935525382 -0.00396886471315876 0.356916679518859 2.64238112992071 374.376661953175 -333660.593031647 104.070610770499 153.658809838445 61.656657651677 985974.190568981
190600 0.3812 -2.58790535682696 0.0326817736748905 0.0277229053670545 0.0659383359478043 -0.00875141688410652 0.381832221589018 2.70280728930558 374.277007403464 -333658.771422909 104.122508430065 153.685433765463 61.6367362760222 986318.011001315
190700 0.3814 -2.61005026589512 -0.00056109646760288 -0.0511473343202178 0.0542152745810008 -0.0112954417402462 0.351815137511747 2.65716216572763 374.630284049589 -333664.15913145 104.133970592729 153.648673763662 61.6168149003674 985871.90206688
190800 0.3816 -2.54554513080369 0.0164781983266424 0.00906286988864845 0.0269260146564058 -0.0170176548011564 0.368745552526887 2.63741994413069 373.946474708422 -333659.004271295 104.147424911068 153.760968407937 61.5968935247125 986400.882447911
190900 0.3818 -2.54863363679298 -0.0282579771416086 -0.0373296956325887 0.0299631465045602 -0.0121003731677908 0.382889054120155 2.60239434640418 373.680932564683 -333657.158515091 104.092790575871 153.854907994564 61.5769721490577 986166.706431469
191000 0.382 -2.56751992024999 -0.00738226508020059 0.0114615339626161 0.00916389996975094 -0.0203845462001238 0.380631744519792 2.65311943131938 373.974990845344 -333658.756570838 104.075070696846 153.93544411547 61.5570507734029 986195.79852741
191100 0.3822 -2.56805253863196 -0.0149729910579971 -0.0388349854811621 0.02183861668768 -0.00181264005771187 0.363432727696815 2.61831122602033 373.892738308265 -333656.964865452 104.107216946677 153.909076400923 61.5371293977481 986012.230859888
191200 0.3824 -2.56384604630828 -0.000278063953269727 -0.00458533175483204 0.0208951064918264 -0.0218091209053654 0.403261796527633 2.65545746307301 373.501027416567 -333653.566689043 104.136046304094 153.927496210537 61.5172080220933 986083.987964873
191300 0.3826 -2.57312687605057 0.0196516763447854 -0.0167211754304213 0.0230009917223118 -0.00416076442363326 0.396219308927994 2.66498126657204 375.689844874149 -333666.870267179 104.15953691375 153.937604437519 61.4972866464384 986051.773797346
191400 0.3828 -2.57308137020291 0.00744835565973025 -0.00268474217542877 0.012339294500467 -0.031671838508324 0.375405266419736 2.65694204271575 375.063428111088 -333662.267181485 104.153537843812 153.995987493223 61.4773652707836 986049.411479016
191500 0.383 -2.61668371100111 -0.00662027043441872 0.0302669557215903 0.00183886547910006 -0.0121341457953993 0.381447618890454 2.7105402683382 373.467181064542 -333649.047199957 104.132528375657 154.057730361692 61.4574438951288 985926.18722072
191600 0.3832 -2.63782570994446 -0.00656108370599654 0.010398649794274 0.0169231104680876 -0.0221912415884006 0.388098628017001 2.72445680393421 375.633388360062 -333665.397986565 104.146142921372 154.091270559009 61.437522519474 985950.067099187
191700 0.3834 -2.64798832265594 -0.0239828796839379 -0.00212344294269689 0.0168850426148781 -0.0116457293230788 0.373497200258836 2.71348564387965 374.353108385702 -333655.846032523 104.1449169431 154.131320205278 61.4176011438191 985874.936870997
191800 0.3836 -2.62485954584489 -7.98223941959216e-05 0.00354300474180554 0.0100031312008791 -0.0194018479395529 0.374542490547554 2.70578390848402 373.792795969461 -333651.491457995 104.168373211983 154.182435981258 61.3976797681643 986104.053900039
191900 0.3838 -2.61038849184433 0.0297037400578806 -0.0410475718274558 0.0323453596772322 -0.0235226519489034 0.387121797010988 2.69122485528126 374.722623452318 -333659.987084147 104.170125026314 154.232256883129 61.3777583925095 986119.217414385
192000 0.384 -2.62182582554121 -0.0250516302205083 -0.00482239313273286 0.0429818100737194 0.00571756850758775 0.388212601757192 2.69331462265867 373.420709289109 -333648.653385423 104.13746018305 154.316394772646 61.3578370168547 986027.645266652
192100 0.3842 -2.5843733977476 -0.0348130021754576 0.00290169247975038 0.046812918925763 0.0116338898411224 0.392911617073115 2.65856267699175 373.99556514109 -333653.844768151 104.147748538981 154.353308737668 61.3379156411998 986040.704304302
192200 0.3844 -2.59795781179252 0.0189407453580411 0.0124743138839221 -2.81982372904319e-05 0.00142444135270412 0.382617116324139 2.69638119348057 374.052102991101 -333651.849809509 104.177415770971 154.379054554994 61.317994265545 986165.709771808
192300 0.3846 -2.61853315297079 0.0162723810099515 -0.0347469115934737 0.0369604035647344 -0.0088675782244042 0.400747398217592 2.70120469481345 374.090173508428 -333651.813794503 104.187992621903 154.393580996245 61.2980728898902 986038.181712483
192400 0.3848 -2.66452503266172 -0.0106805560605955 0.00406594862854627 -0.00226470281007085 0.00497469531674119 0.396667566334683 2.74852105674449 375.627727723241 -333665.94317718 104.177767040232 154.43976667778 61.2781515142354 985915.824688017
192500 0.385 -2.62459140048877 0.0378530805081949 -0.00231284949767696 0.0170852696483502 0.0443517488241147 0.382872905632048 2.72577260523429 372.477103314204 -333640.707167854 104.196913910759 154.495312902473 61.2582301385806 986130.995843944
192600 0.3852 -2.64163760950791 -0.0112295463783979 -0.0179241503217387 0.0264738784928284 0.0242079771738858 0.387390980924328 2.71211317050287 375.077099733559 -333659.844707366 104.178636641165 154.542253229561 61.2383087629257 985936.847319246
192700 0.3854 -2.64258482563679 0.0336213359338795 0.0119868329368626 0.0400341970678412 0.0343931205380383 0.392771646600651 2.75241978100569 374.94930864075 -333656.78470626 104.203546823626 154.616218771294 61.2183873872709 986323.623080197
192800 0.3856 -2.65639555379003 -0.0300214983759858 -0.049137589622549 0.0207759419916429 0.0345617549161812 0.394282594230377 2.70541214127355 373.515377863506 -333645.970159532 104.166060610272 154.665439117137 61.1984660116161 985961.723812515
192900 0.3858 -2.57282908872382 0.0131726440862422 0.0483986902131539 0.0248420246478067 0.0157743666410732 0.384776477709865 2.68821448858487 372.954708189542 -333639.603999648 104.179412107959 154.77294711861 61.1785446359613 986452.314423576
193000 0.386 -2.63189751846348 -0.0538702069723424 -0.0506165807014575 0.0597622712281314 0.00519467372207578 0.389717122493248 2.66853090483348 375.13815677303 -333655.315919135 104.170019016001 154.744955517235 61.1586232603064 985863.855336107
193100 0.3862 -2.5893278800709 0.0336357269149151 -0.00669056394224445 0.0291328342978208 0.0465007538610402 0.3852207675764 2.68886744666436 373.891532222853 -333644.451861425 104.206093900395 154.810847826555 61.1387018846516 986303.829694369
193200 0.3864 -2.57955082590393 0.0203478546303752 -0.0242079920718346 0.0271481595798249 -0.00070854152310982 0.368911419307044 2.65633528854183 374.107678863602 -333645.661785357 104.195402847084 154.847157734752 61.1187805089968 986112.52850211
193300 0.3866 -2.56029803552048 -0.0263794444524167 0.0136608796071611 0.0487191712360986 0.00248244595358724 0.361066985099297 2.63097944480297 374.008518356851 -333644.995113062 104.197203511787 154.900698574877 61.098859133342 986149.00454793
193400 0.3868 -2.55498796432666 0.0287548072048861 0.0486041504637297 0.0344811862635345 0.0235559266911132 0.334439349358514 2.6586061836792 376.325420753886 -333663.260940697 104.25228329218 154.912113081305 61.0789377576872 986421.271567541
193500 0.387 -2.57560315669712 -0.0116474855218637 -0.0125594394188065 0.0324393533977218 -0.00301586446050392 0.369545123742602 2.64280274003821 374.37009270216 -333649.4844667 104.300949553925 154.873985975245 61.0590163820323 986317.053054899
193600 0.3872 -2.55986636553435 0.0101353729663298 -0.00175574676079635 0.0337269553639613 0.0316462834446087 0.358643023214042 2.63946615338703 374.198043965483 -333649.319830455 104.321222199238 154.92286929501 61.0390950063775 986498.170808017
193700 0.3874 -2.59712361636952 -0.0231787207222783 -0.0272911692518268 0.0246012052217442 0.0234025344522629 0.340380478446409 2.63925355474495 374.434844278866 -333652.353058336 104.30583716224 154.960662903721 61.0191736307227 986271.311132196
193800 0.3876 -2.53375997223369 0.0272949376118265 0.00199556339387216 0.0137277138583288 0.0175246926589103 0.30384326883934 2.60255607317525 373.862967446508 -333648.865196661 104.319851096874 155.021297373016 60.9992522550679 986467.625806146
193900 0.3878 -2.55867327569406 -0.0342282120726701 0.0062845811533219 0.0117150854610953 0.00226796033972347 0.322745421993309 2.60569711773981 373.73652684151 -333648.419344782 104.294167877375 155.057036374113 60.979330879413 986129.967907327
194000 0.388 -2.57757635303985 0.0166649831203866 0.01034107363346 0.0162921745760147 0.0219233854448708 0.319796072881299 2.65005078228942 373.320294766507 -333646.610065765 104.316188801775 155.076119828579 60.9594095037582 986137.307055927
194100 0.3882 -2.54752596338455 0.00964214408888844 -0.0168148054709901 0.0141402239667131 -0.00413131203766129 0.33826459613181 2.61076113124723 374.642164451256 -333657.813769682 104.31831862814 155.137494003638 60.9394881281034 986225.329445092
194200 0.3884 -2.48406293641801 -0.0295490596697443 0.0264829751229853 0.00212390401548688 -0.00618827701713217 0.322360853006088 2.54503189427727 374.556809593963 -333659.021763322 104.299011111306 155.243378596034 60.9195667524486 986393.229520529
194300 0.3886 -2.50033944116953 0.047537037721201 0.0324094675963323 -0.0198503634883813 0.0110358101790467 0.303884787496128 2.5945993111238 375.002311979935 -333665.519069362 104.337105891262 155.257297672911 60.8996453767937 986519.269282544
194400 0.3888 -2.49695734265924 -0.0427902102454293 0.0129346676339381 0.0117299140362518 0.0341872508629472 0.318405367824186 2.54378944713916 375.14595629466 -333668.58311361 104.317278260015 155.298815676959 60.8797240011389 986272.822623572
194500 0.389 -2.45976454122717 0.030012679769495 -0.0130130871024601 -0.00637353415398517 0.0221511678930648 0.312135701228653 2.52736962651083 373.923052308899 -333662.516174513 104.374866373578 155.301147595583 60.8598026254841 986509.193741748
194600 0.3892 -2.48948409857914 0.00698828678563828 -0.0349427558448292 -0.0214129427983918 0.021903902007957 0.295053613700213 2.52852480375584 374.587986254276 -333671.867373844 104.376396334688 155.324779326852 60.8398812498293 986350.800661891
194700 0.3894 -2.44528349392173 -0.00172462141617056 0.0104825631195694 -0.0113643485281873 0.0330369762499227 0.27289529495387 2.49560318350315 375.49989946404 -333682.170273247 104.361250406826 155.433769561243 60.8199598741745 986576.537208341
194800 0.3896 -2.46838618230955 -0.0200773352329211 0.0152669039573652 -0.0110613056583301 0.0260455936397909 0.299908127557072 2.52076097054789 373.778462390239 -333671.459485726 104.354326394516 155.499564537496 60.8000384985196 986605.405284112
194900 0.3898 -2.42595941137275 0.0333678942528052 -0.0404870717327311 -0.0214202641923512 0.0238855269327562 0.295760739951399 2.47742267324865 376.113768605719 -333692.058646108 104.36699481597 155.510802384059 60.7801171228648 986473.159484479
195000 0.39 -2.34663283862777 0.0273412044783976 0.00990674767813636 0.00138864319579437 0.0394613677292231 0.306248830129525 2.42501756513481 374.105600372875 -333678.44294068 104.354133262686 155.63038119649 60.76019574721 986786.50330232
195100 0.3902 -2.39800518844591 -0.0349903476954732 -0.00884416087501282 -0.0183974509233188 0.0544290693987401 0.2907698860592 2.43101849797215 373.038183070501 -333669.832458798 104.328385717778 155.68489875908 60.7402743715552 986565.048614643
195200 0.3904 -2.39455476041292 0.0421248922770111 0.0369029760162045 -0.0387338573332532 0.0488006446560612 0.290141012405979 2.48775033438848 374.250658900341 -333678.529190297 104.36198459941 155.730409617113 60.7203529959003 986847.494534035
195300 0.3906 -2.44035759089967 0.0140137273150605 -0.0240184169775278 -0.0542559267109027 0.0531346857498529 0.290850821322046 2.49060707651423 373.726318372234 -333675.945317698 104.36855032752 155.726511015719 60.7004316202455 986561.092380341
195400 0.3908 -2.41924753297903 0.00745141402604504 0.0192193138323088 -0.0437579284808924 0.0563019645424143 0.301520680614896 2.49109646099744 373.743936201248 -333678.905020771 104.381370688136 155.790766531437 60.6805102445907 986765.447038024
195500 0.391 -2.38083735989019 -0.0129008702078969 -0.0123207045506478 -0.065812113528564 0.0478989116930501 0.329836959528733 2.44023589656612 373.475717333053 -333676.724062004 104.38379727725 155.832583477681 60.6605888689359 986729.20884117
195600 0.3912 -2.39662687863153 0.0381432172086536 0.00695739056656906 -0.0406791801494428 0.0496058875576948 0.322811485137704 2.48558163040429 374.89458451947 -333689.817480636 104.389574080498 155.869760897919 60.640667493281 986695.091921116
195700 0.3914 -2.39697959007496 -0.028333443977707 -0.0135847556417561 -0.0268602112461186 0.0620597385992218 0.334460033210331 2.44845782090905 374.530576175517 -333688.286895603 104.356086372103 155.922412659516 60.6207461176262 986387.606901265
195800 0.3916 -2.35356786409327 0.0226423050166117 0.0618823149982637 -0.0448847511426732 0.0608554224921373 0.336436007149283 2.46938832256778 374.119256024361 -333685.239826963 104.357383521574 156.042911413191 60.6008247419714 986837.765389379
195900 0.3918 -2.3727648797558 -0.0290163953463045 -0.0298639361905707 -0.0660557920465851 0.052822633893928 0.33228837236713 2.4174115777216 373.92197230141 -333686.881882885 104.361277121472 156.035262988235 60.5809033663166 986501.812545267
196000 0.392 -2.3711679498149 0.0344727627418129 0.0352422401027928 -0.0490427070083893 0.0697702380258844 0.342606019860117 2.48252186098745 375.500848603579 -333698.333580072 104.410915169453 156.08354163934 60.5609819906618 986951.751095809
196100 0.3922 -2.41987571955903 -0.0188764851544983 -0.011730536775878 -0.0565804299421319 0.0438085438537568 0.360116442765717 2.48725128656662 375.040901723518 -333694.63802252 104.399989876644 156.080546132386 60.5410606150069 986504.924702559
196200 0.3924 -2.39923240278568 0.00974909045880295 -0.00859339359315791 -0.0515093597214174 0.0446666403207513 0.348527357012713 2.47743829415436 374.604662709656 -333689.926693785 104.423036243268 156.118134533809 60.5211392393521 986635.560897497
196300 0.3926 -2.41723772238599 0.0157909702181539 -0.0299117025598559 -0.0435671142966465 0.0640892099251267 0.342429551956932 2.4860233293611 373.97906341792 -333685.419780914 104.422581851505 156.152167475969 60.5012178636973 986521.513874821
196400 0.3928 -2.37977699655732 -0.00774667453639987 -0.00942638069694956 -0.0429217948564354 0.0430077607596688 0.35357799577454 2.4512597571902 376.64353906707 -333704.385199216 104.401798732315 156.231118770706 60.4812964880425 986498.924539765
196500 0.393 -2.35677538252707 -0.00775599452596711 -0.00598529042287508 -0.052050803963934 0.0238853071716542 0.345224025995441 2.42681538348431 373.971429278472 -333684.898119973 104.413135144513 156.279256120413 60.4613751123876 986584.963179928
196600 0.3932 -2.38503649274324 -0.0194367060804729 -0.0189278745075489 -0.031331216482195 0.0467507707184693 0.349089881179037 2.44384111102189 373.287650915877 -333680.75082068 104.410927529533 156.299659557986 60.4414537367328 986367.802388084
196700 0.3934 -2.37695947812364 0.0124761121467074 0.0142041247915744 -0.0488449948391437 0.024041436100186 0.34587676166721 2.46603286196441 372.472966619676 -333674.639015541 104.421577276042 156.380804911449 60.421532361078 986655.243737601
196800 0.3936 -2.39995091000437 -0.0166153941015691 -0.0452750236456061 -0.0416088646209702 0.00657311618500652 0.339286792444884 2.44202255021555 374.040508639293 -333687.30196337 104.40632350497 156.433090745045 60.4016109854232 986515.585891028
196900 0.3938 -2.31746046572785 -0.0016134232037065 0.0308425339528847 -0.0438694718009162 -0.000425766007211593 0.339146354588532 2.40628319840092 373.316637342938 -333682.105428573 104.424596796331 156.537583320613 60.3816896097683 987021.682425101
197000 0.394 -2.36200328371851 0.0100899292222057 -0.0053277991770165 -0.0442230200936081 -0.00493163916130842 0.307538155005238 2.42490634219113 372.923100327032 -333675.422768034 104.452223469454 156.525464312977 60.3617682341135 986880.672049274
197100 0.3942 -2.37442289158024 -0.0152138032542885 -0.0073541887000616 -0.0783294939258085 0.00899371986427515 0.332124600229957 2.43598875410962 374.603997965361 -333690.431747224 104.479175757052 156.512474473363 60.3418468584587 986727.640165264
197200 0.3944 -2.36946062434399 0.0282335238411489 -0.0465514454511405 -0.0486605651892561 0.0104399374850602 0.301942454150428 2.41994975199524 375.835069174596 -333699.693695982 104.507469291236 156.524977944897 60.3219254828039 986747.826041721
197300 0.3946 -2.3622338097026 0.00594319943042157 -0.0108321469274753 -0.0326665090360826 0.0267685566742359 0.30892009311141 2.42083923678703 374.663075209781 -333693.00016365 104.491305611682 156.604041455334 60.3020041071491 986767.568300664
197400 0.3948 -2.35096074035589 -0.0353737452363682 -0.00251544653665991 -0.0390187957497867 0.0170841335159486 0.321042103782361 2.39869884483925 373.515911962407 -333686.765843952 104.455785906707 156.691234022455 60.2820827314942 986655.294052566
197500 0.395 -2.35956150637755 -0.0162664638054931 0.00673445405857892 -0.0601792026676983 0.0243570970870046 0.305651049345455 2.41627207518224 372.748075339119 -333683.080253316 104.477248514871 156.746294590008 60.2621613558394 986878.559303475
197600 0.3952 -2.33722428380681 0.0151069788429709 0.0212520022452446 -0.0407874390947947 0.0328639950881394 0.314122622993067 2.41913317122525 372.879709697558 -333684.983488298 104.502545317622 156.763574140515 60.2422399801846 986899.972635484
197700 0.3954 -2.37139040458483 0.0127420622314573 -0.0216838006326738 -0.0418128597135865 0.00408204715501454 0.327549653614371 2.43523267960103 374.442973875736 -333698.812709795 104.504495747067 156.771188908871 60.2223186045298 986639.953744974
197800 0.3956 -2.29172441703388 0.0114858858544799 0.00299115515390766 -0.00437466481820149 0.0527449267083086 0.34267560375387 2.37612455727649 375.894108950768 -333713.072011991 104.498415002421 156.883852559875 60.2023972288749 986964.959148515
197900 0.3958 -2.28803168829353 0.00284875927138433 0.0157234563089083 -0.0283431950725162 0.0481218796637277 0.322515292399841 2.36626263802092 373.455785479059 -333695.841853818 104.495131429891 156.959825829291 60.1824758532201 987085.142327692
198000 0.396 -2.28369366027078 -0.00781359998051035 -0.0173219155202506 -0.0182799105807677 0.0238466265067462 0.323851716523317 2.33996344505902 374.234836343871 -333704.003688324 104.500181658896 156.981537803847 60.1625544775653 986942.594111174
198100 0.3962 -2.32488477087154 -0.0162560025386762 0.00704749353285188 -0.008806302595011 0.0345923148984349 0.317632114419074 2.38549826709516 373.698700543974 -333702.36135958 104.51532709784 157.006588735772 60.1426331019105 986916.250126956
198200 0.3964 -2.31507412122288 -0.00928215995962998 -0.0066050259102772 -0.0125879161057224 0.0321171990378403 0.303206798605336 2.36690296554853 373.471983523672 -333701.942255668 104.546868691872 157.013181652022 60.1227117262556 986928.531109999
198300 0.3966 -2.37009572201805 0.0136570872734381 -0.0346371061058758 -0.00206600788766196 0.0220356719820294 0.305924916967579 2.4190345280563 372.424752364655 -333695.185565795 104.551030590674 157.033275486448 60.1027903506008 986767.058377613
198400 0.3968 -2.36252082422428 -0.0324843831320723 -0.000536748288296423 -0.0125088192595176 0.020823120787115 0.303032585200758 2.40453448372415 374.716728180591 -333711.580574312 104.535052528773 157.109148027474 60.082868974946 986765.773912051
198500 0.397 -2.37683416730499 0.00621478741295458 -0.0109657125053979 -0.0353308873086769 0.0403245497573959 0.308239254750561 2.43555596425719 373.605300589965 -333701.801675839 104.530258453913 157.173439309638 60.0629475992912 986797.004031123
198600 0.3972 -2.41367212614456 -0.0152781303940627 -0.0125112152376611 -0.0229031159124439 0.0473675528321072 0.310066348519377 2.46082622347886 374.867326219627 -333710.694804885 104.512714535918 157.221761867218 60.0430262236364 986607.379854005
198700 0.3974 -2.43450063948657 0.0046371591939705 0.00188713346403301 -0.0135830985174403 0.0505639262280882 0.303767819889064 2.49554430349207 375.896398447512 -333719.447158549 104.53927925904 157.239078455327 60.0231048479815 986639.385618457
198800 0.3976 -2.41410901789155 -0.00615202866882061 0.00509573338333198 -0.0319139980859935 0.0478148869918385 0.321401201419633 2.47896712326766 373.453512442626 -333702.895590658 104.561783980328 157.258723911896 60.0031834723267 986647.509761853
198900 0.3978 -2.39748122212909 0.00790242027588094 0.0025291235264817 -0.0417324827695536 0.0465169526600384 0.33505840411637 2.47416312778205 375.223036524728 -333716.288452786 104.555933113428 157.31422250102 59.9832620966719 986612.812237446
199000 0.398 -2.4325233655624 -0.0122651828639061 -0.00225467456115303 -0.0680357662710367 0.0451975940167874 0.337506019208187 2.49874446449101 373.617805243439 -333705.895869977 104.540393308954 157.370808043551 59.9633407210171 986493.266073008
199100 0.3982 -2.39323856686697 -0.00711568719312963 0.0144760940147089 -0.029427699259578 0.0387516290811768 0.326406785621633 2.46420300480534 374.860745045318 -333715.401811829 104.548151208083 157.425940314189 59.9434193453622 986584.222868672
199200 0.3984 -2.43772638702473 -0.00974699272662537 -0.016700628395806 -0.0433555910707213 0.035139340212652 0.331743007152978 2.49354220296603 372.194665029951 -333696.033915322 104.577970154207 157.429005660555 59.9234979697074 986556.852048681
199300 0.3986 -2.4456991957254 0.0197145897806736 -0.00802680875476752 -0.00814696648693074 0.0596739523292951 0.326535015179881 2.51821327570597 374.526078497407 -333715.398839276 104.560212098316 157.503973152484 59.9035765940526 986530.967136648
199400 0.3988 -2.45019162113894 -0.0539017290189691 0.00681626532531725 0.00214134618254624 0.065384084474364 0.318221896354125 2.49159072794596 374.529468831335 -333718.277749665 104.52326831311 157.584209071583 59.8836552183978 986356.653907723
199500 0.399 -2.47726596111803 -0.00608192480513306 0.0230109786024079 -0.0241118891295825 0.0307637438178996 0.320478868752792 2.5479784822819 372.712848632047 -333706.228992576 104.561649198038 157.576556205768 59.8637338427429 986342.690994235
199600 0.3992 -2.46031181539257 0.0191750547473629 -0.00564677209240031 -0.032458741152259 0.038187496854125 0.309506233237884 2.52623113712121 374.345342909065 -333719.063014754 104.600500941735 157.567071276835 59.8438124670881 986321.455651668
199700 0.3994 -2.48127804995856 -0.000826883986061248 0.0074090264707872 -0.00732709889842096 0.0470642347060665 0.299728664545538 2.53957724699247 372.634883043905 -333706.188477573 104.601416187758 157.618566238081 59.8238910914333 986323.985126754
199800 0.3996 -2.50569379717098 -0.00442621376858254 -0.0296549684483587 0.0129948862290058 0.0330255701096565 0.295295968890084 2.54150544783361 373.181774812746 -333709.988572937 104.587490407598 157.651655532981 59.8039697157785 986071.236671651
199900 0.3998 -2.47675939910557 0.00340826351878491 0.0203727314998802 -0.0125102902460066 0.0396306062828734 0.315622476391949 2.54904454110992 375.186414828326 -333724.920508523 104.58490256106 157.731448495681 59.7840483401237 986217.280853587
200000 0.4 -2.5250663552876 -0.0221221789690892 -0.0447585437347218 -0.0331146505791406 0.0443234682289837 0.300943614318181 2.54744362531667 374.910943065135 -333723.587451275 104.570427675777 157.756297495517 59.7641269644688 985907.496481332
