Step Strain Szz_GPa Sxx_GPa Syy_GPa Sxy_GPa Sxz_GPa Syz_GPa VonMises_GPa Temp PotEng Lx Ly Lz Volume
0 1.42713131890567e-16 -0.200335786867048 0.0763243861436201 0.347150085271966 -0.015883423214791 -0.124771864739793 -0.121424900192593 0.562589565017494 372.136150688141 -333784.956919637 99.5763636250304 99.5763636250304 99.5763636250304 987344.673055292
100 0.000200000000000091 -0.454574176446417 -0.133579476728508 -0.129601330689087 0.00134715792039729 -0.128422115506819 -0.108386915650676 0.434805382781984 374.385732589853 -333802.675698215 99.6012854498086 99.3391477852386 99.5564483523054 985042.045399283
200 0.000400000000000039 -0.355858050937419 0.0849171929059449 0.0618883199571316 -0.0204545485255267 -0.136096657690521 -0.124309128354626 0.536509955202717 371.563358241645 -333777.419547989 99.767258369736 99.3240493649981 99.5365330795804 986336.182295527
300 0.00060000000000013 -0.460376022985168 -0.0403023768947833 -0.091796093660248 0.00823193485630791 -0.143862121429707 -0.122436923810023 0.514535657453363 371.34189583214 -333774.065048493 99.7400260556909 99.270683465551 99.5166178068554 985339.962499855
400 0.000800000000000079 -0.437511544546948 0.0488230016162797 0.0174919313468782 -0.0105472524277374 -0.133568238107516 -0.135625968328099 0.575590054696315 371.748683937216 -333774.437272824 99.7395936879263 99.3424498301596 99.4967025341304 985850.697881015
500 0.00100000000000017 -0.462619157914732 -0.0615827130108881 0.00129718973944175 -0.0245531856791032 -0.113885999641829 -0.119973615153797 0.5233554141206 374.445680954515 -333794.231901453 99.6957729496492 99.3547495889551 99.4767872614053 985342.30342527
600 0.00120000000000012 -0.485075143415345 0.0318749217146575 0.0170802949011627 -0.0257860448546304 -0.137518272472935 -0.115567519981821 0.598835794412338 373.148076436591 -333785.453032659 99.7537237742692 99.3361374339504 99.4568719886803 985533.024714982
700 0.00140000000000007 -0.567170467385025 0.00428039925418031 -0.0378549602889301 -0.00463120973433873 -0.12484738402069 -0.108581495652572 0.621649394413884 373.322809847725 -333786.044167757 99.7729804244428 99.3032071943183 99.4369567159553 985199.187478218
800 0.00160000000000001 -0.563778428242727 0.0115406719149038 0.00762788421225056 0.00496214338017504 -0.123860386342051 -0.114242632040577 0.64343489713836 373.292358477398 -333786.181867075 99.7792193846492 99.3404887456179 99.4170414432303 985433.288949802
900 0.00180000000000011 -0.577862436018527 -0.0189514428655115 0.0183573927385756 -0.0064060895565567 -0.122520984159572 -0.144889860867807 0.665403839647528 374.05265326059 -333791.214841824 99.7668281212355 99.3629023447279 99.3971261705053 985335.798404208
1000 0.0020000000000002 -0.649555053539768 0.0152738351624983 -0.0186239561727701 -0.0191538174896442 -0.131746263936285 -0.122128237887884 0.720088911449967 372.732703863386 -333780.946344362 99.7967881822889 99.3504561445771 99.3772108977803 985310.778234186
1100 0.00220000000000014 -0.639934170603178 -0.00869311185990153 -0.00263567176336097 -0.00309813072275889 -0.126225493669908 -0.142158732466032 0.714689029138743 372.254903010688 -333775.398380775 99.8064469627941 99.3589800022599 99.3572956250553 985293.191670707
1200 0.00240000000000009 -0.693682380716084 0.033607896016515 -0.0244115476563544 0.0094541711002872 -0.132884535399457 -0.134364440573818 0.772997333242419 373.138792000721 -333780.959013629 99.8104118040368 99.3572500685243 99.3373803523303 985117.679643213
1300 0.00260000000000004 -0.699355862701407 -0.0299438947469883 0.0206945726541711 -0.00877592037385249 -0.129443325113568 -0.14262875823666 0.772075964495426 373.087951722055 -333781.719066769 99.7982466285163 99.3807333064391 99.3174650796053 985032.89627108
1400 0.00280000000000013 -0.712878766734762 0.0109355994747408 -0.00529693974130701 0.0246260187858486 -0.125060966615167 -0.150351467886235 0.79308141900977 373.10625039134 -333781.472647284 99.8262314407616 99.3724475059047 99.2975498068803 985029.404636191
1500 0.00300000000000008 -0.765548675440578 0.00769297485113466 -0.0233615844675605 0.0251918571313862 -0.126808849845512 -0.143121133778624 0.828523189597313 373.039799224487 -333782.497100742 99.8207787702165 99.371113745728 99.2776345341553 984764.83495406
1600 0.00320000000000017 -0.780179124692896 -0.0290232886288383 0.0254522400268335 -0.0219638938203768 -0.124900422575065 -0.136562573428985 0.843989264449483 374.576917533502 -333791.427358169 99.8063162088179 99.407365663699 99.2577192614303 984783.771384314
1700 0.00340000000000012 -0.816876236546812 0.0151241185753834 -0.0279794494096959 -0.0296651645554613 -0.128858914422298 -0.131356219729782 0.873176740101091 370.866276615826 -333764.498424154 99.846955545284 99.3850760257385 99.2378039887053 984766.229184244
1800 0.00360000000000007 -0.879309321226921 -0.00922397502352597 -0.0269332832036996 0.0135307829659768 -0.134400505901708 -0.143094979587517 0.926348624173162 373.234623259866 -333781.903126848 99.8236521896768 99.4111025798528 99.2178887159803 984596.589402274
1900 0.00380000000000002 -0.857836773704068 -0.00392163053904486 0.0476978777110934 -0.0234321470559815 -0.143949255153751 -0.149264493140877 0.952137255125951 372.811065717848 -333778.912538072 99.8191264900872 99.4523487960433 99.1979734432553 984762.743024964
2000 0.00400000000000011 -0.919444917951287 0.00792595139643821 -0.0790695125062664 -0.0111310720786934 -0.13463513439558 -0.146124348806029 0.951691345734326 371.873446163312 -333771.644631718 99.8412440192564 99.4227940153721 99.1780581705303 984490.54201567
2100 0.0042000000000002 -0.950584185691329 0.0120871890811065 0.0475574688894999 -0.00367499131576934 -0.15193508380246 -0.143273113548892 1.0454737780233 371.534204556839 -333766.780179878 99.8443409589881 99.4564860508618 99.1581428978052 984656.948513785
2200 0.00440000000000015 -0.970209405592112 -0.00252317034211337 -0.0398694963876002 -0.01827213508417 -0.129506973070932 -0.178148440033804 1.02381651351844 371.718787227546 -333769.722723707 99.8446989396573 99.4370469504319 99.1382276250802 984270.299684905
2300 0.0046000000000001 -0.97971018793771 0.00827662020667429 0.0320674630051799 0.0242899158547555 -0.136453384408679 -0.159049825591327 1.06475729420196 373.46867465644 -333780.59600623 99.8474784823479 99.4667938197219 99.1183123523552 984394.367146311
2400 0.00480000000000004 -1.03429260641178 -0.0389331721468107 -0.0236049535021004 -0.000785533280772288 -0.152634773345929 -0.145393682593747 1.06749444345664 373.708467233268 -333782.915532096 99.8342155737307 99.4573989116654 99.0983970796302 983972.898272627
2500 0.00500000000000013 -1.00584693315061 0.0113517952468013 0.00465934624500173 0.00238948180208795 -0.149646712969674 -0.162438809617991 1.08364622312843 373.638172533435 -333782.667698094 99.8752399218352 99.4698572016853 99.0784818069052 984302.692911673
2600 0.00520000000000008 -1.08445554890646 0.00755048849441387 -0.0581717698251603 0.0132158144864541 -0.151134194719948 -0.153697409426034 1.12469764237922 371.835586320432 -333769.555900582 99.8762346250736 99.4571725409166 99.0585665341802 983989.147357751
2700 0.00540000000000017 -1.0977688826159 0.00222395129662052 0.0143965776516423 -0.00817556661534187 -0.138369279908885 -0.162506916340304 1.16635603284887 372.431168986812 -333772.351277282 99.8758626129086 99.4975074715747 99.0386512614552 984186.632291101
2800 0.00560000000000012 -1.14493564281913 0.0221018187630277 -0.00905724914237758 -0.000262957471644078 -0.139065161434632 -0.18001678625324 1.2172999710624 373.832322084756 -333782.535450757 99.8871648871201 99.4957411532946 99.0187359887302 984082.607479188
2900 0.00580000000000007 -1.12717136277415 -0.0174711564184365 0.0272611362789729 0.0205685911049325 -0.151827762037492 -0.151083760262291 1.19246722264136 373.734142987141 -333781.094006739 99.8990958510107 99.5060401216495 98.9988207160052 984104.057799487
3000 0.00600000000000002 -1.15462726035839 -0.0110976658662155 -0.0121429903577917 -0.00564534970117025 -0.141785187429606 -0.156856258150857 1.20028415464719 373.856040260476 -333781.032183948 99.9169395327182 99.4819573447274 98.9789054432802 983843.660469868
3100 0.00620000000000011 -1.21512022664892 0.000143978459403528 -0.00212358638366161 -0.0217030746061828 -0.170893030557604 -0.163718856328877 1.28201188974823 372.568013448741 -333771.169677344 99.9340469780877 99.490276373781 98.9589901705552 983896.390514042
3200 0.0064000000000002 -1.21491107603557 -0.00929653149188824 0.0116651366950952 -0.00149247460977632 -0.161994617760193 -0.156952390001622 1.27744006621267 372.784075805784 -333771.749887498 99.9361889561179 99.5067972746459 98.9390748978302 983882.820063816
3300 0.00660000000000015 -1.24430251224446 0.00446078172986461 -0.00757654876821939 -0.00640145205332682 -0.134823258970042 -0.143174778318009 1.28867172154199 373.66676479107 -333776.485631891 99.9420071937954 99.504067692874 98.9191596251052 983715.060545563
3400 0.0068000000000001 -1.30079491722768 -0.0325211910092827 -0.0154871709365199 -0.0246958453601302 -0.140906974179328 -0.176508865811537 1.33614083170428 374.377844468038 -333781.256986347 99.9297444853416 99.5181681061085 98.8992443523802 983535.688644303
3500 0.00700000000000005 -1.31239098988734 0.00534741193261112 0.00394808674801009 -0.0150955154078695 -0.138249301068232 -0.15619083082343 1.36594343499406 372.279430309147 -333764.96132637 99.9466599050483 99.5389362610032 98.8793290796552 983709.331956364
3600 0.00720000000000014 -1.32666423738318 -0.0267140590752219 -0.00436463606852095 0.00493556002428506 -0.165257845084931 -0.163655861404031 1.37177854170218 374.508222892189 -333781.412354383 99.9425288772227 99.5342389836944 98.8594138069302 983424.142063697
3700 0.00740000000000009 -1.35182752481817 0.0347568966394504 -0.00537023529971923 0.00090339321755469 -0.15492947740278 -0.153910792644432 1.41833154165806 372.484975681926 -333763.26159475 99.96800019142 99.5505575214893 98.8394985342052 983637.855436043
3800 0.00760000000000018 -1.40550378935588 -0.0543538248763292 0.0115619851578613 -0.0048360064188348 -0.149999152647743 -0.136891497042667 1.42926572374034 373.31330270075 -333769.776183218 99.9263080310186 99.5701667499075 98.8195832614801 983223.147519597
3900 0.00780000000000012 -1.42091397800851 0.00616563277446852 0.014230097848037 0.00120880983304349 -0.157779364393642 -0.181966946210435 1.49068882080609 372.47773367109 -333762.687660343 99.9597119143315 99.5713915139164 98.7996679887551 983365.703380963
4000 0.00800000000000007 -1.43787450724633 0.00937508674343639 0.00255717419331018 -0.00421076940619307 -0.133431635375093 -0.158396242162793 1.48776475101157 373.306378279553 -333767.844846273 99.9717118360184 99.5685480150696 98.7797527160301 983257.430943337
4100 0.00820000000000002 -1.46862876566337 -0.0143712636703032 0.026244715426146 -0.0259874566127069 -0.142436046492203 -0.161654260233656 1.52212583495667 372.960428190282 -333763.42628813 99.9717227850794 99.5876539438066 98.7598374433051 983247.937709667
4200 0.00840000000000011 -1.50370676382339 0.0287223989899156 -0.058164969727388 -0.0273291609692396 -0.148915154907864 -0.170524714066278 1.54231762931781 373.715395229618 -333769.226036377 99.9930513708491 99.5830842877687 98.7399221705801 983214.274546736
4300 0.0086000000000002 -1.55905878973123 -0.00701941116010537 0.0209572099644056 -0.0234467315453307 -0.173890885637137 -0.184336457518528 1.6270626596184 373.056610998839 -333761.737842484 99.9810432871996 99.611194364412 98.7200068978551 983175.36640751
4400 0.00880000000000015 -1.60675613370784 -0.0355981815254371 -0.00798841896273014 -0.0332274957197718 -0.140658876764506 -0.151946832528855 1.62622550272189 374.476854733858 -333771.92242313 99.9907925002322 99.5951361096648 98.7000916251301 982914.395769689
4500 0.0090000000000001 -1.5716238375296 0.0394566771723402 0.0250601345163468 -0.00098377628969045 -0.162075318363893 -0.171244467589603 1.65510598720938 374.302256905341 -333768.385454151 100.007589974425 99.615786967221 98.6801763524051 983084.952774491
4600 0.00920000000000005 -1.63717956903553 -0.0279624124934523 0.00119509261191404 0.0125591671378349 -0.157993213444321 -0.177827301968349 1.67558264104396 374.225715287043 -333767.025502066 99.9851741267761 99.6209482255331 98.6602610796801 982717.158089664
4700 0.00940000000000014 -1.65703703520651 0.017370674525784 -0.00946841472680181 -0.00588471594693334 -0.160601005658644 -0.167184067219492 1.70902177073708 372.508900920055 -333752.676576912 100.015899993038 99.627070920263 98.6403458069551 982881.125917221
4800 0.00960000000000009 -1.69457624424244 0.00775249198065806 0.0147029066863229 -0.0032199322036732 -0.167753661354944 -0.178354043033088 1.75775106192559 372.832363134168 -333753.445063284 100.016535103703 99.6365046924332 98.6204305342301 982781.976122521
4900 0.00980000000000018 -1.72013084060225 -0.0391070873261695 -0.00853537328814887 0.00627182582530959 -0.170891983548603 -0.175793806563021 1.74888760961153 374.711429038719 -333767.022969735 100.022960115395 99.626185470213 98.6005152615051 982544.863740023
5000 0.0100000000000001 -1.72772165240782 0.0199442099159247 0.00520283904532412 -0.00399261742584881 -0.167727291213221 -0.189013433797413 1.79455110649296 373.133512924441 -333752.287897281 100.067696650898 99.6221074110357 98.5805999887801 982745.547823849
5100 0.0102000000000001 -1.75741775676426 -0.0156800302235613 -0.0034715226182381 -0.0269390026683096 -0.166848309239822 -0.175472031198215 1.79808978632197 371.716474383664 -333741.6678723 100.067512532509 99.62248753237 98.5606847160551 982548.9545751
5200 0.0104 -1.78121168922827 0.0684459414596349 -0.0163615634498818 -0.014133001605449 -0.144131464394534 -0.185148829039048 1.85400160302729 373.190061808406 -333752.126830202 100.07116751281 99.6505394239464 98.5407694433301 982662.922442433
5300 0.0106000000000001 -1.81079278233927 -0.0169173428196851 0.00206423029102888 0.0227408405250503 -0.188963566146948 -0.193477673050276 1.86369899013205 374.242779204366 -333756.811422515 100.025166173961 99.6926267016602 98.5208541706051 982427.450912176
5400 0.0108000000000002 -1.81177926543823 -0.0158541324606172 0.0296378863977407 -0.0156808458237667 -0.170778629208246 -0.183442982677551 1.8703755072442 372.819473622825 -333745.365079364 100.041281118922 99.7024521676143 98.50093889788 982483.927892736
5500 0.0110000000000002 -1.89794315553053 0.0124966361518562 -0.0479123874410843 -0.0229757414590888 -0.196647438654443 -0.209834451273081 1.94620333871472 373.766831719633 -333752.532537813 100.080623882659 99.650141648661 98.481023625155 982156.009796284
5600 0.0112000000000001 -1.87197086837376 0.0559823146563496 0.0302435100682619 0.00150500320631088 -0.185569683973809 -0.201884805230754 1.97322839364026 373.497440510932 -333747.224780097 100.091062691658 99.696560883423 98.46110835243 982517.281030107
5700 0.0114000000000001 -1.87950501040374 -0.0530014254945784 -0.0233511406300082 -0.00965763153024399 -0.158204439462456 -0.185110848760097 1.88926299365667 372.882044940125 -333741.084948972 100.04302890974 99.7179156651937 98.441193079705 982057.445813795
5800 0.0116000000000001 -1.91953678591776 0.00728186575545004 -0.00211265634241951 -0.0195622321613359 -0.187610275074441 -0.182018832588083 1.97503171823938 372.786968685533 -333739.609833969 100.070692533972 99.7300404607165 98.42127780698 982249.688457186
5900 0.0118000000000001 -1.92698699352635 -0.0253155966510161 -0.0241463747758691 -0.00532310492114481 -0.188431498259956 -0.204867523101096 1.96242078708476 371.843652577318 -333730.720214118 100.065065324126 99.736490475878 98.401362534255 982059.220251795
6000 0.0120000000000002 -1.97112522585149 0.000475800158326454 0.010411981911475 0.022198960634387 -0.170356900736882 -0.202252900063546 2.0293252644187 373.068616059809 -333737.887115341 100.092408114658 99.7470084783829 98.38144726153 982232.329809348
6100 0.0122000000000001 -1.99936004563797 0.00167731769388292 -0.000396978309876001 0.000356695308585172 -0.17045634693197 -0.216050797250711 2.05601663652041 373.315468035189 -333737.181902753 100.12322599805 99.7287581702196 98.361531988805 982156.125850998
6200 0.0124000000000001 -2.00054572958019 0.00211815571914242 -0.00840553609778633 -0.00111087990263367 -0.182685960063982 -0.20674590262622 2.05379058206139 373.102818363821 -333735.73947709 100.128375670286 99.7412332525114 98.34161671608 982130.613382008
6300 0.0126 -2.00434167401402 -0.0294334253847403 -0.0501873272400563 -0.00169520726645732 -0.199696119562964 -0.221514283359281 2.03139268430945 373.056140448129 -333733.63136259 100.13228695587 99.7412814105865 98.321701443355 981970.552031389
6400 0.0128000000000001 -1.99381695890139 0.0205836275694881 0.0300341080794843 -0.00560370925584318 -0.203248926218199 -0.210362411119884 2.0817583199241 374.01989204395 -333738.856191169 100.139508592714 99.7797697289799 98.30178617063 982221.33296471
6500 0.0130000000000002 -2.07176877875515 -0.0625184723268838 -0.040574933415069 0.00972824045334881 -0.19408356925538 -0.222371468091191 2.0840572919379 373.559306392994 -333733.87156875 100.116968265029 99.7684441257354 98.281870897905 981689.85858342
6600 0.0132000000000002 -2.04869994895743 0.0363933643147192 0.0159421683873535 0.0074207347713414 -0.197935568776234 -0.233468949556186 2.14163807537247 372.32517973238 -333723.042356985 100.166360268207 99.7855374288726 98.26195562518 982143.387821243
6700 0.0134000000000001 -2.08400152826805 -0.0162068378087535 -0.0213727960966261 -0.00437687661380681 -0.19794355219486 -0.232111293494107 2.13174782896891 372.710436754446 -333726.255707315 100.152650112532 99.7865589867675 98.242040352455 981819.980410589
6800 0.0136000000000001 -2.08534597175515 -0.00184608698092688 -0.00342535701194507 0.00207801122449099 -0.19018716739646 -0.240138986470836 2.14923486008601 372.720224519103 -333723.913397643 100.15055292961 99.8221796280239 98.22212507973 981950.794642198
6900 0.0138 -2.10424779211052 -0.02041502587499 0.0255009936068211 0.0033564605135571 -0.186773332764018 -0.255876378628294 2.17744193464943 372.066848315417 -333717.235981282 100.153086390078 99.8323614568126 98.202209807005 981876.672529845
7000 0.0140000000000001 -2.12307380630342 -0.00149274080872196 -0.0165140451458658 0.0134746376538664 -0.187203058623435 -0.247748789122721 2.18157763620226 372.183601586827 -333714.909539921 100.183836998448 99.8120292047122 98.18229453428 981778.965990842
7100 0.0142000000000002 -2.12754109889802 0.00214028584872137 -0.0205323650479573 -0.00996194031662321 -0.205442171429753 -0.243509881541142 2.18919612928409 372.40733072256 -333716.720247814 100.193595532747 99.8206383711874 98.1623792615549 981760.10745101
7200 0.0144000000000001 -2.14189212532252 0.00511214948482306 0.0104357367055142 0.0163450996549005 -0.20578674515307 -0.272653075751698 2.22978712001457 372.857324400326 -333719.511774055 100.173576717398 99.8524781418185 98.1424639888299 981677.835625289
7300 0.0146000000000001 -2.14752261248568 -0.00287504810380959 0.00643973586767814 -0.0247725983976225 -0.202263061713923 -0.271236299075181 2.22819575945887 372.84345832297 -333717.54807541 100.152588999641 99.8859242415364 98.1225487161049 981601.680909066
7400 0.0148 -2.21994692476564 -0.0377317946341755 0.0101504270661035 0.00435675076430412 -0.203095639523632 -0.296869275977739 2.29282346709448 373.324377217065 -333719.547203828 100.154212918234 99.9018967176487 98.1026334433799 981575.300563481
7500 0.0150000000000001 -2.20838501209689 0.0314806884723498 -0.0141364754452328 -0.00133825053393275 -0.195958449716314 -0.262492849871196 2.28884577132314 373.068170546971 -333717.701230838 100.214460579212 99.8751363465578 98.0827181706549 981703.346216937
7600 0.0152000000000002 -2.20745032702854 -0.0126086428478364 -0.0134462968335052 0.000988778870456449 -0.209384620099026 -0.269693555394382 2.27271307786828 374.616934566501 -333726.96018567 100.219794997723 99.8870840808267 98.0628028979299 981673.6814233
7700 0.0154000000000002 -2.22340559642346 -0.00774303586213856 -0.0290002679128467 -0.0048570152344642 -0.205727116162674 -0.245798540373099 2.2739406494245 372.574954255643 -333712.663707522 100.215114638624 99.9117025077308 98.0428876252049 981670.365940195
7800 0.0156000000000001 -2.24764997983816 0.00349939040190698 0.0121825854088567 -0.00638926147846019 -0.198768442458367 -0.23903004288704 2.31891166009527 374.536040676522 -333724.997276832 100.224579104242 99.9310373951418 98.0229723524799 981753.604569802
7900 0.0158000000000001 -2.25976593675725 0.0296467275359463 0.0104611639517442 0.00458782076635487 -0.214108780384509 -0.272641122930927 2.35763550206246 372.244791322888 -333705.470741973 100.242731581412 99.9331960402543 98.0030570797549 981753.126110568
8000 0.016 -2.30166959212769 -0.026653989888596 -0.0263779771885182 0.0439284044480595 -0.215532913767744 -0.255686059594508 2.34895774928584 374.188232901038 -333718.736877853 100.2315626585 99.9171059722074 97.9831418070299 981286.239220561
8100 0.0162000000000001 -2.30923222235646 0.0186975532977593 -0.00835587725174687 0.00599470500056742 -0.186909843172696 -0.278776292064338 2.38643516210106 371.912446076263 -333701.176091207 100.266934324093 99.936313625208 97.9632265343049 981621.682450419
8200 0.0164000000000002 -2.3207180919117 0.000453683178250994 -0.0120280378448254 0.0184307311246685 -0.174140501850981 -0.306571367384716 2.39436292422329 373.08955559107 -333708.218796997 100.247753500425 99.9493007020433 97.9433112615799 981361.896465645
8300 0.0166000000000001 -2.32000472470127 0.00680794246358186 0.0411733936341557 0.0426559784061219 -0.200125097933904 -0.281674452872073 2.42050209534352 372.131911206968 -333698.093700923 100.239446765073 99.9901695366585 97.9233959888549 981482.210193345
8400 0.0168000000000001 -2.38498376348247 -0.0243851618960174 0.000923051778443783 0.0153552197563646 -0.182198624715273 -0.282246591429593 2.44378693369256 372.850618919408 -333698.787970203 100.253386806186 99.9676015358666 97.9034807161299 981197.556226471
8500 0.017 -2.37091263758315 0.0191313142840749 -0.0257561568989247 0.0359361078238511 -0.199101364526157 -0.282608695443681 2.44324440933301 373.614076187166 -333704.555609386 100.307916467203 99.944222657549 97.8835654434049 981302.00095894
8600 0.0172000000000001 -2.41516872940923 -0.0229399093290848 0.00155870538891965 0.0442482874273076 -0.201161094256643 -0.279700507205196 2.4786959098418 372.225575960798 -333691.179553119 100.297457838141 99.9666658487525 97.8636501706799 981220.342148925
8700 0.0174000000000002 -2.43643055090387 0.00311243931753694 0.0154091945011018 0.0274617071538072 -0.186203962390103 -0.269904617575848 2.51124339021768 375.413777344464 -333713.699414837 100.303640226518 99.984462755977 97.8437348979548 981255.794563253
8800 0.0176000000000002 -2.49802388911898 -0.0175056175879866 0.00224814219344228 0.0159252740542696 -0.208233699070659 -0.284580221139238 2.56440305697679 372.870326393499 -333693.532703414 100.305156879096 99.9935594231788 97.8238196252298 981160.160957991
8900 0.0178000000000001 -2.51366620056001 0.00499405821724148 0.0200349427171321 0.0263563152112478 -0.195752835255201 -0.289704040840507 2.59818886588735 374.20512765668 -333700.296767658 100.317782872592 100.012433883757 97.8039043525048 981269.078780554
9000 0.0180000000000001 -2.54190971534151 -0.0243397641356413 -0.0101630230371661 0.0237351366336445 -0.170830213583167 -0.276964258906694 2.58716387855221 373.499388258842 -333693.022287249 100.306092571676 100.035761241379 97.7839890797798 981183.74411808
9100 0.0182 -2.54281427464803 -0.00446439564089387 0.0131419049319159 -0.0151227076471047 -0.18211646307582 -0.296528235329214 2.61766944652605 372.058130716371 -333678.308426447 100.304049335807 100.050381893841 97.7640738070548 981107.299766943
9200 0.0184000000000001 -2.57080446216581 0.00138311788493571 -0.0416384596714228 0.0161211948748835 -0.186501572612739 -0.26831042839519 2.61312837077105 372.583781494556 -333678.946993814 100.306780338743 100.051908122868 97.7441585343298 980949.112045161
9300 0.0186000000000002 -2.57386203173766 -0.0248547956184719 0.0262229521020953 0.00527878490871665 -0.185670611917503 -0.274076881214439 2.63801120357611 373.172894760199 -333680.120191667 100.293627257243 100.082148957859 97.7242432616048 980917.034465095
9400 0.0188000000000001 -2.62196598743508 0.00355209746921511 -0.0303204360424136 0.000914783095578259 -0.189492346431758 -0.287653396765744 2.67610119426289 373.688939724959 -333682.770947372 100.316940440432 100.06161649481 97.7043279888798 980743.853029407
9500 0.0190000000000001 -2.67007101140011 0.0211616674004883 0.0103804147250641 0.0283927921291471 -0.193710461152541 -0.291209200383513 2.75376701678146 374.296061144664 -333684.807816527 100.321472915729 100.075059228199 97.6844127161548 980719.98519873
9600 0.0192 -2.68599450707716 -0.0167167088083687 -0.021304179519722 0.0301704785782776 -0.161759901009709 -0.280354599173456 2.72577428438018 373.194666397241 -333675.282168231 100.324370157429 100.082893809932 97.6644974434298 980625.123534385
9700 0.0194000000000001 -2.67853321750279 0.0187206201446392 0.0112825749465998 0.0509858542718627 -0.194889479152055 -0.298482133329056 2.76481291306937 372.446643124088 -333666.573590363 100.350773481197 100.090397440984 97.6445821707048 980756.712957772
9800 0.0196000000000002 -2.7494320681953 0.000438313695309656 9.62188354041867e-06 0.0101411684454267 -0.202871013963691 -0.287045828179371 2.81630482215572 372.708016811504 -333665.294062571 100.360778247116 100.096362050231 97.6246668979798 980712.879859124
9900 0.0198000000000002 -2.7224668467295 -0.0127117892197728 -0.0508012491496117 0.0517791113179014 -0.18844013678599 -0.28007296520501 2.75515971479934 372.395884880669 -333662.602477304 100.353795691334 100.116006414826 97.6047516252548 980637.013990846
10000 0.0200000000000001 -2.72621785281316 -0.0203137086215167 0.039807578484857 0.0193005927438042 -0.201057154862507 -0.269221553488527 2.79786426733776 373.121974833858 -333664.884068957 100.344517474489 100.16785639099 97.5848363525298 980853.998785093
10100 0.0202000000000001 -2.77203316905626 -0.0150603338634857 0.00385120841623618 -0.0113778055296978 -0.195669135542408 -0.285540781858798 2.83076733029411 373.141618022174 -333662.382775726 100.347575364728 100.165319140246 97.5649210798048 980658.868152368
10200 0.0204 -2.76529039573088 -0.00941327717310904 -0.0159290133427117 0.0637689369797551 -0.18627198404923 -0.305478620449704 2.82368329136587 372.739320992127 -333657.118082756 100.358696600376 100.167947783418 97.5450058070798 980593.087353742
10300 0.0206000000000001 -2.7836227782857 0.0159532812863788 0.00496871856666604 0.0257994854049077 -0.178332959441771 -0.305675999455098 2.86089372026858 373.41393356769 -333659.595722737 100.373178601413 100.175348382822 97.5250905343548 980606.801400956
10400 0.0208000000000002 -2.84910872738377 -0.0186616328183916 -0.00532273714023544 0.0162319791532077 -0.176505703236914 -0.292014942974893 2.89817789685476 371.170350587152 -333640.476204306 100.361977060032 100.188431545464 97.5051752616297 980425.171993675
10500 0.0210000000000001 -2.83952664946884 0.00409153511797152 0.0205070172578991 0.0371611124635431 -0.171436584931878 -0.296908970793291 2.91374198838865 372.468099879203 -333646.096170125 100.387477838191 100.202841614411 97.4852599889047 980615.006433316
10600 0.0212000000000001 -2.87758428991241 0.00963527226608349 -0.0181889742922624 0.0298117522832542 -0.178767697311697 -0.296163777458487 2.93566945000983 373.872826575797 -333654.307000741 100.400330741415 100.192450676199 97.4653447161797 980438.520795112
10700 0.0214 -2.89460613969648 -0.0182140369388978 -0.0164771818540834 0.0424458820579987 -0.169351107989376 -0.304979894989737 2.94093743265782 371.983571836628 -333637.90963735 100.395389805602 100.216545428279 97.4454294434547 980425.666863779
10800 0.0216000000000001 -2.92736720329968 0.0231648007518922 -0.0111608816425463 0.0257540595386429 -0.163057335326585 -0.303302963872664 2.99387195737896 372.925760465557 -333641.620250522 100.400807966659 100.24668980693 97.4255141707297 980573.055030019
10900 0.0218000000000002 -2.96391226603669 -0.0242023740034492 -0.00984768727165446 0.0402143139703359 -0.141144421934089 -0.28848619290927 2.99976475546054 371.793402823903 -333629.937632229 100.380452997753 100.258061628146 97.4055988980047 980285.042247005
11000 0.0220000000000002 -2.9341953794409 0.0211722298676285 0.0110424719394143 0.0180942425135409 -0.142793926660308 -0.291638289693424 3.00361022055626 373.538514914857 -333638.282764876 100.412756604477 100.261302800005 97.3856836252797 980431.713323721
11100 0.0222000000000001 -2.99829243168571 -0.00794288784516972 -0.0271037963330034 0.0422851984473276 -0.148270432976264 -0.306679131426617 3.03952832980235 374.353122462791 -333640.96606464 100.402331116373 100.25570146689 97.3657683525547 980074.684997306
11200 0.0224000000000001 -2.99602183548794 0.01055369133868 0.00586084162757255 0.0305916553226268 -0.138836589618605 -0.296989553177126 3.05788353969288 373.207117644464 -333629.621281999 100.413991692024 100.2899657038 97.3458530798297 980322.949847569
11300 0.0226 -3.00707157681096 0.0184385144725467 -0.00427308844978596 0.0275460911108473 -0.174141773348454 -0.296705062618338 3.0729248381902 373.41606592575 -333626.835927831 100.407590922745 100.31971058634 97.3259378071047 980350.590868278
11400 0.0228000000000001 -3.07560181722027 -0.0335552664544598 -0.0069959684350058 0.039002169450625 -0.183698680806787 -0.335705173995096 3.12720965869984 371.433404424601 -333611.578109083 100.412498507086 100.319061373933 97.3060225343797 980191.550243934
11500 0.0230000000000002 -3.0475210760871 0.0729860933947876 -0.0203384896040201 0.0371943488314501 -0.145363728472233 -0.320644144447363 3.13544806108621 371.132835478577 -333604.38155524 100.458427677006 100.309695319862 97.2861072616547 980347.654234256
11600 0.0232000000000001 -3.12843207942714 -0.0399657602396102 0.00619010233052024 0.0175650570863966 -0.173043078609446 -0.308284204010584 3.17162106210197 373.438047243068 -333619.488572826 100.431773919316 100.316088518784 97.2661919889297 979949.367808936
11700 0.0234000000000001 -3.12060766251009 0.0381515063549292 -0.0373142319519625 0.0406381765166657 -0.152878096445834 -0.323277907531315 3.18334286710039 372.19360763103 -333606.362745545 100.466261462981 100.324382823549 97.2462767162047 980166.196697274
11800 0.0236 -3.16669313522442 -0.0183726441643939 0.0142449180420164 0.0247185178099796 -0.171680924473373 -0.322976168409899 3.22782793999155 374.067369583436 -333617.949297363 100.429421576574 100.348600781831 97.2263614434797 979842.597202937
11900 0.0238000000000001 -3.16136289836992 0.0120594106448472 0.0177067672380179 0.0329397045233562 -0.164101135182139 -0.315350496291703 3.2358836379001 372.337566598272 -333602.051427242 100.436135314961 100.379736554819 97.2064461707547 980011.361200273
12000 0.0240000000000001 -3.19988339262086 -0.0246397995822055 0.000453149116358609 0.0255001078227172 -0.183185655338399 -0.314688017799074 3.24995155669959 373.18759803339 -333604.826208413 100.438839051737 100.372906328434 97.1865308980297 979770.284900815
12100 0.0242000000000002 -3.18772811339589 0.0298468319749266 -0.0217249701833935 0.0533205008351219 -0.174733834958537 -0.316582436612438 3.25427569906484 371.893447770228 -333592.855213147 100.475895063798 100.380080929074 97.1666156253046 980000.960646529
12200 0.0244000000000001 -3.26493315444749 -0.0159999675003527 0.00817193423040272 0.0151725236147318 -0.159285021586111 -0.333948513895612 3.32356053477702 374.172291365941 -333606.314383747 100.450082960946 100.404295413007 97.1467003525796 979784.684956782
12300 0.0246000000000001 -3.27815466269839 0.0139901970452292 0.0161171956137993 0.0319932171681478 -0.173708099760257 -0.329698178738209 3.35632560486235 371.839636635044 -333586.593308685 100.475963742703 100.414207424673 97.1267850798546 979932.945488201
12400 0.0248 -3.28939209894422 0.0134690533860129 -0.0201226473653343 0.0272172555384399 -0.176828350401649 -0.345159748839612 3.35447527351906 373.257462578719 -333593.068782794 100.474272949745 100.429678252516 97.1068698071296 979866.474143639
12500 0.0250000000000001 -3.29424804025752 -0.00534437689642359 -0.0103693452086059 0.0351200217785475 -0.170587478549698 -0.33398246399703 3.35052522607456 373.053220145473 -333588.92644909 100.458439459965 100.454598109106 97.0869545344046 979754.182515555
12600 0.0252000000000002 -3.34475809496823 -0.00276762273737036 0.016027442967085 0.009075784809345 -0.162950909332267 -0.320636413010961 3.40887015530042 372.999942255691 -333585.174515545 100.454598610897 100.486895673903 97.0670392616796 979830.683909552
12700 0.0254000000000001 -3.36763531978158 -0.00373995208607491 -0.0169281266337451 0.0324040470786136 -0.164015526950185 -0.356619789196943 3.42592888158321 373.032479207343 -333582.612718494 100.456080800975 100.484697166419 97.0471239889546 979622.672835572
12800 0.0256000000000001 -3.36297921209637 0.0117024806443349 -0.000437146016725809 0.0134544989612791 -0.154804517917076 -0.342608934579274 3.43106915626822 373.985034649505 -333585.999310156 100.477342428804 100.486736463624 97.0272087162296 979648.818852098
12900 0.0258 -3.40596615278851 -0.0181962928459806 -0.0111797435960125 0.0281206286840067 -0.146188465804436 -0.342592356795318 3.45244817349189 373.184118247673 -333578.603113757 100.475098337322 100.503164923371 97.0072934435046 979585.991421471
13000 0.0260000000000001 -3.38838411324541 -3.78907474233006e-05 -0.0144748297808798 0.0344951934731058 -0.177751921273502 -0.319377757382971 3.44042797458209 372.32160985678 -333568.276452926 100.488100852639 100.526934057225 96.9873781707796 979743.284032819
13100 0.0262000000000001 -3.38669108838816 -0.0242301543877409 0.00642095711329543 0.0163480161904597 -0.167462713058175 -0.35108415618664 3.44454053484518 373.859408883087 -333577.916074733 100.468747193643 100.556350757307 96.9674628980546 979640.031669877
13200 0.0264000000000002 -3.42043264830321 -0.00180524849970073 -0.00423177387541302 0.00910141084265544 -0.186786355813971 -0.345487617034276 3.4844977853834 371.976607608055 -333560.473895103 100.475195748898 100.588191666397 96.9475476253296 979811.853900784
13300 0.0266000000000001 -3.44895704813454 -0.0132673828036676 -0.0091513770278476 0.00804090776277678 -0.168376283591464 -0.33600503291042 3.4988663264143 372.323649209936 -333559.738370298 100.46978706548 100.601935172124 96.9276323526046 979691.682756622
13400 0.0268000000000001 -3.452408810582 0.017770894901823 0.000549357913550037 -0.0077456438207859 -0.184571903594434 -0.328486854227223 3.52260885275649 372.291167340841 -333556.055387164 100.478109669736 100.618086051583 96.9077170798796 979728.790763621
13500 0.027 -3.45387739815598 0.00170891089227016 -0.0162706167366822 0.0406626435842639 -0.182792156090462 -0.319452397650263 3.50579790703994 373.09140447915 -333559.201837285 100.465445237969 100.64851768441 96.8878018071546 979700.205487371
13600 0.0272000000000001 -3.44218990695664 -0.0151038621371925 0.0275072360691588 0.00479334761102615 -0.181213676607387 -0.332782286957655 3.51049606667703 372.825824234179 -333553.535477116 100.457327322207 100.69382975859 96.8678865344296 979860.617580964
13700 0.0274000000000002 -3.49069026439345 -0.00199401106627609 -0.0072882621327579 0.0415582228557659 -0.162250727195496 -0.360779686378127 3.55347754215643 371.99382063477 -333544.955837834 100.462239352543 100.69421850084 96.8479712617045 979710.850352449
13800 0.0276000000000001 -3.45465283310735 0.0196525920932592 -0.00792111891928183 0.0248216483661251 -0.169335254038543 -0.348973768062876 3.52547567048836 372.23076393035 -333543.765392326 100.473579646548 100.702066821377 96.8280559889795 979696.309925061
13900 0.0278000000000001 -3.47305785889947 -0.00983628460780817 0.00214353795038556 0.0146262208100567 -0.16842214014696 -0.33055626642236 3.52832511759069 371.989134938864 -333538.696731326 100.478380873766 100.729009947018 96.8081407162545 979803.694508792
14000 0.028 -3.46185672664025 0.00290193498283998 -0.042487768007377 0.052033713939625 -0.168797114964357 -0.367202470329277 3.51389546297462 374.812859332133 -333558.758002385 100.469043684495 100.732516873588 96.7882254435295 979545.200585358
14100 0.0282000000000001 -3.48253864764416 -0.00588368648887029 0.0123540703174948 0.00929436935569747 -0.173899978381654 -0.341666977196412 3.54852933701391 371.900685769845 -333534.5000305 100.467206875227 100.782411441981 96.7683101708045 979810.820462242
14200 0.0284000000000001 -3.46461364723711 0.0238811269524071 -0.0178664180116929 0.024917288163901 -0.140527165264801 -0.369890826090463 3.53514730818585 374.409065180382 -333550.407556547 100.471748204971 100.80707751178 96.7483948980795 979893.218254978
14300 0.0286000000000002 -3.512954662494 -0.0283119729305789 0.0245957459011358 0.0248448364086235 -0.149649125389855 -0.363670551647233 3.57710827157534 373.199202200253 -333538.325016029 100.454089931322 100.845113756429 96.7284796253545 979888.916291332
14400 0.0288000000000001 -3.51221415715412 0.0111525609609615 -0.0034864519833497 0.0255082627000546 -0.15066886906395 -0.371088491728819 3.58412110074711 372.361445344534 -333528.217940002 100.473911006624 100.847112717221 96.7085643526295 979899.898544516
14500 0.0290000000000001 -3.56490908529544 -0.0411092046674277 -0.0287921661043313 0.0465302826051567 -0.132425299433692 -0.354549018669249 3.59123094335042 372.649276220239 -333527.382311379 100.463860067721 100.859801212747 96.6886490799045 979723.354991066
14600 0.0292 -3.50148583689446 0.0191954685324294 0.0074357023476412 -0.0107787869714371 -0.149326462147121 -0.347205113999746 3.57530846986952 373.865968152652 -333533.099534151 100.49638313726 100.87088081954 96.6687338071795 979946.29460063
14700 0.0294000000000001 -3.56609366016384 -0.0204593056880871 -0.0155415725599717 0.0252413182072691 -0.129205408282778 -0.351034630306533 3.60702828701265 374.051251911019 -333531.40545308 100.514200268669 100.850418549767 96.6488185344545 979719.328121508
14800 0.0296000000000002 -3.56353046847475 0.024594196894503 0.014727289908907 0.0174058996427714 -0.127768580151303 -0.32047657921059 3.63281314100727 372.56185154685 -333517.829879491 100.556514191985 100.850902255636 96.6289032617295 979934.500965643
14900 0.0298000000000001 -3.57565325233864 0.00992960317729381 -0.0388982907186012 0.000875878391641408 -0.127861474408607 -0.310606555599746 3.60862707775621 371.195234806095 -333503.578639778 100.552723385494 100.85889822881 96.6089879890045 979773.276936085
15000 0.0300000000000001 -3.58452758830595 0.0169754438878385 -0.00233056301359626 0.0217205609161105 -0.106572979979349 -0.341290941029093 3.64507797422478 374.993718811212 -333526.858510431 100.551547616598 100.896111661124 96.5890727162795 979921.272867471
15100 0.0302 -3.63048684045831 -0.0225343483551355 -0.0343939989173732 0.0138486030178119 -0.115664838335065 -0.332109486326904 3.65325516894266 373.832682958432 -333514.557326901 100.534402351418 100.91230306571 96.5691574435545 979709.36778365
15200 0.0304000000000001 -3.60706562495352 0.0188959626695221 -0.0150096522979642 0.0106500184848988 -0.130036315331708 -0.335069487464531 3.66247045736247 373.77872473835 -333511.707088169 100.544730629929 100.931436863841 96.5492421708295 979793.694358259
15300 0.0306000000000001 -3.58959029551005 0.019222538778208 -0.0275905135264216 0.0245322239790497 -0.101438640616581 -0.329876100142258 3.63536952710811 374.598959082595 -333514.604908754 100.536489381657 100.95586392648 96.5293268981045 979748.356299781
15400 0.0308000000000002 -3.6333568580029 -0.0107029327177811 0.0186691322351618 0.00427995321032463 -0.120518601505317 -0.339581070289298 3.69059129013226 371.893589629788 -333491.286845402 100.510814146492 101.002903512665 96.5094116253794 979752.357830196
15500 0.0310000000000001 -3.65874920654058 -0.00924859320076441 0.0101857936851193 0.00675817808659286 -0.0869019911318572 -0.318080230574928 3.70357613873 371.684015874462 -333485.993638723 100.52626892682 101.005931540811 96.4894963526544 979730.169293763
15600 0.0312000000000001 -3.6637701864953 0.0232578729031066 0.00162420748899747 0.0107907591245068 -0.119168179836879 -0.320183655068853 3.72362527659337 373.111091940463 -333492.435797003 100.544842768961 101.010782420152 96.4695810799294 979755.989316207
15700 0.0314 -3.65851814811896 -0.01541882790394 0.0143068193129495 0.0107456071515236 -0.131810793779015 -0.339451176971056 3.71207485392639 373.29218199524 -333488.632003151 100.565157584179 101.021479844888 96.4496658072044 979855.403161696
15800 0.0316000000000001 -3.71238065730153 0.0374381327781864 -0.0204212827290521 -0.0138482527888432 -0.127257674528354 -0.31256365342652 3.76693155350222 373.637648389739 -333490.104504235 100.597172049304 100.999511724469 96.4297505344794 979751.844177856
15900 0.0318000000000002 -3.72314744239707 -0.0374268260152724 0.0168018986751005 0.0444493567639868 -0.108863252132541 -0.339855081031235 3.76501453283355 372.784576060976 -333479.524181807 100.573949927889 101.04371843725 96.4098352617544 979752.020228938
16000 0.0320000000000001 -3.71745734726598 0.0391089650398473 -0.0238467263511153 -0.00977344652653596 -0.100004867662734 -0.353251522609747 3.77940551469412 372.142239900771 -333469.557616316 100.58247326825 101.062725504146 96.3899199890294 979816.923941061
16100 0.0322000000000001 -3.74201020399949 -0.043663835993601 -0.00273114671906353 -0.00890853500032916 -0.119818126907717 -0.342245995809564 3.77167453620304 373.535636949135 -333477.011482503 100.545517686057 101.09157459179 96.3700047163044 979534.091976238
16200 0.0324 -3.72847088008981 0.0278410949051001 0.0426931979475694 0.0459330545860819 -0.117848350030171 -0.3519781071679 3.81910321568677 373.536389408503 -333472.487786494 100.577595751453 101.113397662159 96.3500894435794 979855.593242027
16300 0.0326000000000001 -3.81629695054885 -0.0610219750897277 -0.0289937748748387 0.0190427852651218 -0.140813807266888 -0.349119271471781 3.82748179757872 373.812374130871 -333472.296477684 100.57016507853 101.091682070187 96.3301741708544 979370.303893294
16400 0.0328000000000001 -3.76452602127602 -0.00303590567939173 0.0300552204600848 0.0213129613889563 -0.14787406085291 -0.348034777881431 3.83467370406945 374.071212417272 -333472.182811994 100.616311239763 101.109323887511 96.3102588981294 979788.071811893
16500 0.0330000000000002 -3.77835984445212 -0.00251726379469079 -0.0305782950655005 0.0284827577428308 -0.146462718412417 -0.347721139341365 3.8185518638624 373.737986063321 -333467.518267468 100.618254473127 101.109364914068 96.2903436254044 979604.785339434
16600 0.0332000000000001 -3.79416314687586 0.000864433920010987 0.0270280420393199 -0.0013940956607016 -0.143890810364717 -0.359292349418311 3.86673027134025 372.907965236615 -333457.768944973 100.598319885244 101.155894214007 96.2704283526794 979658.757900644
16700 0.0334000000000001 -3.82397457657102 0.0134767291565888 -0.0190629575976196 0.0490208483503731 -0.141745442740582 -0.347064239870806 3.87699201620859 372.015264665968 -333448.453160197 100.624165976693 101.136499746813 96.2505130799544 979519.905419141
16800 0.0336 -3.83869017045777 -0.0295668592043312 0.0187144193849353 0.0210070500235749 -0.133985495000667 -0.334474028923298 3.8841292049962 372.420313843906 -333448.079808284 100.633467749565 101.139263165465 96.2305978072294 979434.521963546
16900 0.0338000000000001 -3.84510324173561 -0.00961700354120014 0.0129397062931495 0.0201854737656311 -0.140917967407746 -0.344649865577364 3.90065712526515 374.396145246728 -333459.577556956 100.669103445504 101.132677823188 96.2106825345044 979514.801929587
17000 0.0340000000000002 -3.84621891142201 0.0218787822837995 -0.0350176714112779 0.0320608979731976 -0.129741113600135 -0.33500287737722 3.89044967708638 371.893702127636 -333439.226014289 100.710992400883 101.119249940905 96.1907672617793 979589.460646834
17100 0.0342000000000002 -3.86760265995625 0.0180422850336757 0.00552748913311591 0.0339618189351026 -0.104652493081494 -0.35325558380933 3.93197792161295 374.647662038537 -333455.680066203 100.724003961667 101.126525914128 96.1708519890543 979583.661203215
17200 0.0344000000000001 -3.91537539745821 -0.0231005201970099 -0.0473125894790991 0.0346029651255205 -0.124984637760245 -0.332974304224249 3.92927743381654 372.530365455962 -333438.009305855 100.744233012319 101.109286916066 96.1509367163293 979410.514028001
17300 0.0346 -3.89431203008065 0.0260208447295058 -0.00460127671527043 0.0364475213266163 -0.143639574073263 -0.353729196248703 3.96120612114938 373.419476338248 -333438.94959347 100.77395944762 101.123605642101 96.1310214436043 979635.299428055
17400 0.0348 -3.94513975914813 -0.0149026939566288 -0.0259538794939942 0.0491628850744204 -0.129053004098571 -0.348708420884549 3.9781226009373 374.398186166979 -333443.552038295 100.749007768394 101.131987780877 96.1111061708793 979271.007500011
17500 0.0350000000000001 -3.92901720517614 0.0105565616843043 0.0237855933688529 0.0252471210657425 -0.144963479972298 -0.355645179263087 4.00211683756763 371.246731572063 -333416.048685372 100.753578866789 101.182297923256 96.0911908981543 979599.592501259
17600 0.0352000000000002 -3.96449017428895 -0.0539036343845826 0.0033742844443911 0.0462585300839545 -0.11273629345123 -0.328199083741412 3.98593150851579 375.150073749408 -333443.152902574 100.739355270817 101.18544900853 96.0712756254293 979288.799895089
17700 0.0354000000000001 -3.94471244105709 0.0532036983656959 0.0233911267481309 0.047470214185075 -0.123431526364745 -0.339777950246272 4.03284608450202 373.54200232881 -333425.905277461 100.798131609332 101.192104508295 96.0513603527043 979721.480850097
17800 0.0356000000000001 -3.9497262629567 -0.0429545397683611 -0.00594629924895365 0.0305281319941012 -0.133297400526449 -0.335680135844237 3.97529390194589 373.28382835171 -333421.858516901 100.789174639928 101.191924753038 96.0314450799793 979429.565265181
17900 0.0358 -3.95204472149081 0.0268093927942456 -0.00788320020448975 0.0355945271891116 -0.152337650671728 -0.323753850711356 4.01027651546239 374.976286390223 -333429.822041181 100.81073816089 101.196992691097 96.0115298072543 979485.003290358
18000 0.0360000000000001 -3.97768921194572 -0.0181345213084968 0.0346825241822069 0.0596011138903147 -0.15021247239009 -0.32356939255131 4.03514989349386 374.145477278212 -333421.012812487 100.788329162628 101.233700549313 95.9916145345293 979419.292822122
18100 0.0362000000000002 -3.99121998756434 -0.000574234842479368 -0.00902181176454784 0.04885878761725 -0.154683067982225 -0.357477590991478 4.04399881063715 374.174520333392 -333420.052149211 100.829927485891 101.211506103088 95.9716992618043 979405.473581735
18200 0.0364000000000002 -4.00298468644679 0.0271603344775055 -0.0073814164411719 0.00579910279669323 -0.154128689455835 -0.323936528374984 4.06081595587947 373.099441232241 -333409.902338208 100.851765713221 101.218249220369 95.9517839890793 979479.568074969
18300 0.0366000000000001 -4.05366421085446 -0.0373721060782883 -0.00233090972851823 0.0661618710270123 -0.122514066834645 -0.338183753960326 4.08336036373831 373.808319108982 -333413.875821135 100.83267112853 101.243845823089 95.9318687163543 979338.460350492
18400 0.0368 -4.01425260577788 -0.00851033301511742 0.02333568971717 -0.000155115121442226 -0.132957486261084 -0.321050979237815 4.06654726148485 372.725756502783 -333401.895507304 100.867500707498 101.267029005361 95.9119534436293 979697.647366046
18500 0.037 -4.08038496673552 -0.0137856019624427 -0.022799883667622 0.0224537914867632 -0.139809054367879 -0.333686383956865 4.11033407649695 371.686943216254 -333393.463850492 100.897383815034 101.234188801751 95.8920381709043 979466.670351485
18600 0.0372000000000001 -4.0214851452724 0.0489236353515777 0.012689825196667 0.0470741797975291 -0.142409376878915 -0.332233358473226 4.101302275119 373.265062537861 -333399.750971617 100.937321058774 101.255401509598 95.8721228981793 979856.139832763
18700 0.0374000000000002 -4.07752492715512 -0.0245697352784202 -0.0307771353397643 -0.00194109068407048 -0.108462253964576 -0.296593081814087 4.08662842187951 374.047132205384 -333401.478530898 100.899821525925 101.265359729181 95.8522076254542 979384.953700119
18800 0.0376000000000001 -4.05723603567522 0.00922745203842608 0.03036174751334 0.0143894387889722 -0.112310805036324 -0.297764945235571 4.11423966276928 373.294011173894 -333393.13700974 100.916400887543 101.302230640698 95.8322923527292 979698.940984769
18900 0.0378000000000001 -4.13436701017063 -0.00653265968535691 -0.0171083064985496 0.033168770243385 -0.106183142967716 -0.305091787676934 4.16075015224313 373.745882724719 -333391.165355764 100.924247713345 101.269863498097 95.8123770800042 979258.523837256
19000 0.038 -4.07842139613361 0.0246945396461604 0.00314853766861605 0.0120405686441493 -0.09980852778849 -0.316824337496528 4.13268339019732 374.108511048283 -333390.121717887 100.955258303726 101.287796279063 95.7924618072792 979529.23190575
19100 0.0382000000000001 -4.12253609135801 -0.0541210325227676 -0.0332859994586692 0.0120415073456358 -0.100925732673875 -0.321945682862229 4.12057530257792 372.97611310559 -333378.991898924 100.906652886993 101.318191312432 95.7725465345542 979147.826596581
19200 0.0384000000000002 -4.09740856704858 0.0262915296612929 0.0242044206263034 0.00224127030408527 -0.109300649902091 -0.307152321348849 4.16115162467248 372.818958097765 -333377.070365455 100.932291493245 101.346663954161 95.7526312618292 979468.126514198
19300 0.0386000000000002 -4.1346093261635 0.024177791603569 -0.0148005144844269 0.00652114996128145 -0.0849126278293356 -0.307528720955228 4.17617132119144 372.873541944886 -333373.488090236 100.932303402111 101.35730997336 95.7327159891042 979367.393134897
19400 0.0388000000000001 -4.14893948062312 -0.0132171938324826 -0.0139187236302954 0.0161228696980082 -0.0790180075044418 -0.296441553164714 4.16946545180807 372.875031621665 -333370.471833037 100.90934090552 101.391886989233 95.7128007163792 979274.847523486
19500 0.0390000000000001 -4.13333828314227 -0.00373938453503244 0.00373738748801114 -0.0190481145724469 -0.0707148070422027 -0.323272485744886 4.17302343378753 374.77778855786 -333383.665592792 100.910325904106 101.422159503362 95.6928854436542 979372.96707585
19600 0.0392 -4.17818629606433 -0.0291175998455959 -0.0267679088842674 0.00365789944815222 -0.054048835652123 -0.319716048012643 4.18807648221292 372.839340865389 -333366.183148701 100.915779241833 101.423700892694 95.6729701709292 979236.941031328
19700 0.0394000000000001 -4.14121904052826 -0.0122250386042399 0.0439553377951685 0.00553267609297442 -0.0685954477147371 -0.32664758454025 4.19738250712389 372.560905672744 -333360.043340656 100.945079536013 101.455318571021 95.6530548982042 979622.650600341
19800 0.0396000000000002 -4.19779076401988 -0.0161500903439115 -0.0089371152972715 0.00767901548355739 -0.0456753601581237 -0.323891529858218 4.22344475604195 374.187401349817 -333369.655572258 100.951676501977 101.445808734724 95.6331396254792 979390.885966392
19900 0.0398000000000001 -4.16201489863023 0.0138343567636593 -0.00457862581985581 0.00343903253725283 -0.0513328624396837 -0.302219855527327 4.20037110199187 373.682124303519 -333363.82521759 100.98517803825 101.449180113198 95.6132243527542 979544.433777137
20000 0.0400000000000001 -4.18183987157035 -0.0223854545017782 0.0454962150968147 0.0141178080269544 -0.0824283563108319 -0.306455657417196 4.22974539758132 374.273715443599 -333364.275823625 100.987215762438 101.478439934016 95.5933090800292 979642.631690394
20100 0.0402 -4.23964335683669 0.00813798034069957 -0.0202478471286583 -0.0169308530352056 -0.0629048051261002 -0.281549599012576 4.26314634870758 373.142436427157 -333352.841432918 100.99354872777 101.47649373133 95.5733938073042 979481.175294593
20200 0.0404000000000001 -4.20324762173168 0.0207240991759664 0.0485996319700946 -0.000312357202070442 -0.0453726363582801 -0.304971947664406 4.27149383638344 373.53794413708 -333350.975964316 101.005607337292 101.517847536478 95.5534785345792 979793.123332763
20300 0.0406000000000002 -4.2501565181661 -0.0211191978690627 -0.0164189608043628 -0.0148906591507193 -0.0832796793579704 -0.288438170675157 4.26329891888119 372.626819822491 -333339.578576787 101.023802055003 101.480270917534 95.5335632618541 979402.715528129
20400 0.0408000000000002 -4.24235721596478 0.0239547962190883 0.0292607837573971 -0.0122562624640578 -0.0781187817160986 -0.278214024642382 4.29826136336329 374.023730358909 -333346.921632672 101.057484862549 101.463899298644 95.5136479891291 979366.999844626
20500 0.0410000000000001 -4.23037833826742 0.00200238678414107 -0.0212198575383916 -0.0271624129016729 -0.0672379615651927 -0.276797985098748 4.24981506530233 373.011747680608 -333335.108852447 101.087872161684 101.45470869304 95.4937327164041 979368.503193067
20600 0.0412000000000001 -4.28347178307773 0.0207837486544342 -0.00817445952561853 -0.000681345498555035 -0.0783967136649144 -0.303946035532015 4.32416464035566 373.486668324651 -333336.612849163 101.088011669207 101.474235475852 95.4738174436791 979354.064663428
20700 0.0414 -4.32642051186409 -0.0460502842147463 0.0189941473652563 -0.0257344580671748 -0.0962143999644225 -0.299144229184829 4.34769301366566 372.218094585028 -333323.648998008 101.059794832531 101.506922729323 95.4539021709541 979191.785056952
20800 0.0416000000000001 -4.26415927365674 0.0153680803979488 -0.00249402513792464 -0.0167668784140267 -0.10602199031228 -0.306507101355338 4.30750940116711 374.84764037026 -333339.880662791 101.117623736054 101.494046066748 95.4339868982291 979423.429047786
20900 0.0418000000000002 -4.30326847739752 0.0599809660121487 -0.047019913241571 -0.0190100776049603 -0.0836823758968879 -0.2837124491163 4.34120881752275 373.580527974486 -333326.346950324 101.142360950167 101.482592781681 95.4140716255041 979348.067217778
21000 0.0420000000000001 -4.27091700737175 -0.0158225638345763 0.02363586759857 -0.0510614793901786 -0.0921308886490978 -0.31074637996985 4.31257012783902 373.539661443803 -333322.245984662 101.109393252026 101.551901731305 95.3941563527791 979492.99969307
21100 0.0422000000000001 -4.31372688669353 0.010736141038116 -0.00223754379367107 -0.0407820415467713 -0.105632450276403 -0.271804358820477 4.34800432050629 373.847728367414 -333322.631674647 101.131034726651 101.556534034469 95.3742410800541 979542.799678346
21200 0.0424 -4.31487996588978 0.00323782413854018 0.00652959012565796 -0.0373623959783675 -0.0787875665870714 -0.274739793599238 4.34851957198754 373.932086493769 -333320.562453411 101.136351456768 101.576875949826 95.3543258073291 979585.919098129
21300 0.0426000000000001 -4.30139450761635 0.0396048036958009 -0.0167404983501204 -0.0324996643735738 -0.0828563482961249 -0.295186671790025 4.34603550583951 374.272443540355 -333320.117979161 101.132914321722 101.603791241102 95.3344105346041 979607.545136094
21400 0.0428000000000002 -4.28299648933091 -0.0197068283429791 0.00404222866692043 -0.0422054565794217 -0.110607083775258 -0.297877508699876 4.31111245197927 373.485609209556 -333311.491359117 101.109565850918 101.654096967297 95.3144952618791 979661.598783795
21500 0.0430000000000002 -4.30968107192307 0.00324972074979875 0.0211588511745184 -0.0125774069002318 -0.0934292903238232 -0.290964758649589 4.35425960894725 372.250473484277 -333296.622176737 101.13462199302 101.665432278594 95.2945799891541 979808.871545205
21600 0.0432000000000001 -4.31628878396126 -0.0125448059021458 -0.0216895321693146 -0.0246969195888514 -0.0863771617807786 -0.278839820203331 4.32901918289025 373.460231152787 -333301.752201086 101.141670599303 101.667605852895 95.2746647164291 979693.32366889
21700 0.0434000000000001 -4.29827404450715 0.000546677015271111 0.0511100979733802 -0.0348458048671174 -0.0805825318848886 -0.289923773175714 4.35603834275344 374.078041807268 -333302.326014539 101.141259467662 101.710307469086 95.2547494437041 979895.95202805
21800 0.0436 -4.37924896181103 -0.0309428880550595 -0.0601771927291339 -0.0402818374626125 -0.0940239382093663 -0.272511138526887 4.36298945621892 371.979768730178 -333285.168709565 101.140483785032 101.681439518073 95.2348341709791 979405.509000091
21900 0.0438000000000001 -4.30598775866027 0.0310466983889594 0.0289564347118757 -0.0146904728611806 -0.0911094524847467 -0.284848407723993 4.36689509587376 375.705175340468 -333308.769239332 101.161589361645 101.730633731423 95.2149188982541 979878.876899628
22000 0.0440000000000002 -4.40002922727693 -0.0487989732177499 -0.0475406494425145 -0.00641558837593065 -0.0872572381070994 -0.294891453455441 4.38435051379231 373.623273280959 -333291.419515278 101.133427389463 101.726632425719 95.195003625529 979362.674513232
22100 0.0442000000000001 -4.34163201510807 0.0206950403324211 0.0308279179477146 -0.022925443879119 -0.0591540829401356 -0.280638080770153 4.39574231292727 373.294909608373 -333286.65693265 101.14383640047 101.76291788519 95.175088352804 979607.862704221
22200 0.0444000000000001 -4.39293197515108 -0.0324992028561113 -0.0289830048913319 -0.0578742470556768 -0.0773930498393576 -0.28451968597739 4.39312988235321 373.956849273802 -333289.390079919 101.120651369585 101.756093067713 95.155173080079 979112.70462993
22300 0.0446 -4.33973987639035 0.0148318244486958 0.01394217639371 -0.0167302352126679 -0.078956246423556 -0.291598327004684 4.38555038447542 372.561716831365 -333277.227704202 101.166110966529 101.772417946608 95.135257807354 979504.977622267
22400 0.0448000000000001 -4.37437183578503 0.0241979285313776 -0.0229592104919256 -0.0432839719125641 -0.0912874435243254 -0.294075510158626 4.40820572536879 375.569594758534 -333297.514458013 101.1720283549 101.764124025062 95.115342534629 979277.400085304
22500 0.0450000000000002 -4.36491464721458 0.0284708793201718 0.0298902718042992 -0.0415239702940123 -0.0983222461280404 -0.243443425577687 4.41814926805164 373.256032708095 -333277.501859107 101.184482969769 101.810463580646 95.095427261904 979638.773454594
22600 0.0452000000000002 -4.45470279261298 -0.00239810632716175 -0.00873334222831028 -0.0437916350649426 -0.0842544374244372 -0.290469825671323 4.48051542411181 374.359258975954 -333283.662142027 101.165377180197 101.827272934961 95.075511989179 979410.353789168
22700 0.0454000000000001 -4.41426338161889 0.0274721661225781 0.0283045494199452 -0.0436885499341696 -0.0663204157481103 -0.25901617536547 4.46686713408149 374.801783598022 -333284.109393098 101.172822728719 101.872695372706 95.055596716454 979714.095589209
22800 0.0456000000000001 -4.43665590206857 -0.0275528219695319 -0.013405356308069 -0.0684874656482691 -0.0880543337779231 -0.267626038451696 4.44465647057937 375.573528086631 -333287.902925465 101.135836413222 101.892213165537 95.035681443729 979338.34488014
22900 0.0458 -4.41334572131885 0.0185435275238449 0.0404873455370281 -0.0600494376782336 -0.0912029576119877 -0.262577349931348 4.47012178287197 371.65043294726 -333254.336572615 101.153381875806 101.937974887413 95.015766171004 979742.806473039
23000 0.0460000000000001 -4.42532264313587 -0.0212950689664472 -0.0502774482155935 -0.0647812598034778 -0.066184717969648 -0.279099039759269 4.4190586738015 372.780521823245 -333258.953605706 101.151901423677 101.923280476742 94.995850898279 979381.91772481
23100 0.0462000000000002 -4.41471191697015 0.0189786506371895 0.0406328963379681 -0.0514712611874294 -0.0723660975025388 -0.271171818674139 4.47195148393589 373.582062170647 -333259.882116699 101.169466540246 101.960395914569 94.975935625554 979703.261243307
23200 0.0464000000000001 -4.4442566158587 0.0144194695636515 -0.0471538288841708 -0.034073510157021 -0.0765183517384408 -0.296237855938475 4.46019810110758 373.010681167464 -333252.492904533 101.180778555537 101.934143969336 94.956020352829 979355.128348309
23300 0.0466000000000001 -4.48820970499114 -0.0133441210758902 0.000156161116403808 -0.0478448190417694 -0.0861234434152382 -0.293194411865626 4.51353788196976 374.216121369198 -333259.189665338 101.17135609677 101.965902926682 94.936105080104 979363.582272963
23400 0.0468 -4.48091422673108 0.0404165621177723 0.0132399996070229 -0.0431121643308652 -0.104256498523424 -0.280319048977059 4.53808516614428 376.181942981475 -333269.038673332 101.185065655433 101.991980534695 94.916189807379 979541.271783231
23500 0.0470000000000001 -4.53221323805239 -0.030661776073152 0.00467207896691037 -0.0131249740252921 -0.0997806680248325 -0.275033662989139 4.54770129848784 372.681201001648 -333238.079972715 101.177030699021 102.011567041898 94.896274534654 979446.033653847
23600 0.0472000000000001 -4.51363071065668 -0.00739944681448167 -0.0169299174790658 -0.0466252888031725 -0.114605771488167 -0.276249621524739 4.53190150926219 371.970010899504 -333229.9957232 101.207402408891 102.00424878708 94.876359261929 979464.164493337
23700 0.0474000000000002 -4.51682048061223 0.0103733229590753 0.0160698777225241 -0.0054350976568972 -0.0951233603519621 -0.267991392343095 4.55675298148593 372.306693824252 -333228.053201569 101.246364479136 101.996945641167 94.8564439892039 979565.416669746
23800 0.0476000000000001 -4.5214610520768 -0.00690984860760022 -0.006726000368427 -0.020809679772924 -0.113440673280346 -0.277698732404593 4.54458555207753 373.76238786331 -333234.440546944 101.257139486971 101.984248224841 94.8365287164789 979342.050566274
23900 0.0478000000000001 -4.51237626343249 0.0396758802851977 -0.0267435723940472 -0.0620224450733 -0.0994884747419253 -0.285745447590056 4.55076159057132 374.50643994809 -333235.028406809 101.288996231595 101.995661745653 94.8166134437539 979554.055310863
24000 0.048 -4.53819028736633 -0.031848235150766 0.00123029751818708 -0.0236369012237401 -0.101980759372112 -0.273806875720569 4.55138034165482 372.570067661169 -333216.934761542 101.262867720092 102.021207836442 94.7966981710289 979340.903931605
24100 0.0482000000000001 -4.53504859565432 0.0144380453967065 0.024758341667936 -0.0513458443295572 -0.0970713134306414 -0.313511026806973 4.59085312924367 372.769048644158 -333213.584324612 101.282692913147 102.046934632048 94.7767828983039 979573.812516974
24200 0.0484000000000002 -4.58170820365103 -0.0379590466287481 -0.0426238193959072 -0.0425285931361191 -0.107864575064508 -0.294024499513525 4.57429384353735 371.149960719619 -333199.255673843 101.271064088417 102.037275184662 94.7568676255789 979162.836514608
24300 0.0486000000000001 -4.53299673340845 0.0270061321860166 0.0204883940328177 -0.0330946690717419 -0.0924268319564726 -0.291116386223843 4.5877127079437 374.577615447498 -333221.140258743 101.28906983201 102.075495757016 94.7369523528539 979497.857346756
24400 0.0488000000000001 -4.55520891586905 -0.0330392365036895 -0.011479435698007 -0.0407896861499532 -0.0864731606034383 -0.298730372732295 4.56542705957066 373.893510621528 -333211.86747519 101.274179391624 102.083742452555 94.7170370801289 979227.091160612
24500 0.049 -4.61761376464484 -0.008960107497703 -0.0113637758092943 -0.00633352547571624 -0.0987904975398132 -0.289823874001561 4.63788845231032 373.406154495755 -333204.604687748 101.26642334261 102.120750515202 94.6971218074039 979301.114108952
24600 0.0492000000000001 -4.62716367857681 -0.0316108105652701 0.00521936897305245 -0.0387988574541424 -0.0808619190669094 -0.274282076284673 4.64107117355665 373.196469602723 -333201.144944772 101.254763092836 102.151522875998 94.6772065346789 979277.424828008
24700 0.0494000000000001 -4.58360709213162 0.0289541761243662 0.0122331106400469 -0.0372355198242369 -0.087882024180311 -0.269074349665834 4.63070257387638 374.83699793936 -333208.160705715 101.273523512945 102.177482300219 94.6572912619539 979501.690619162
24800 0.0496000000000002 -4.64580617390263 0.0146468219772548 -0.0021889487799844 -0.0318032123746518 -0.0784180880898022 -0.263882270853859 4.67675393119023 373.752459949911 -333196.209586308 101.275362511612 102.183327303692 94.6373759892289 979369.413711979
24900 0.0498000000000001 -4.63238407129712 0.00348247654196789 -0.0323221751865837 -0.0481599941188233 -0.0733922289463418 -0.281322551010549 4.64619194408544 373.617126651797 -333191.151985816 101.267074110918 102.196862008509 94.6174607165039 979212.867066852
25000 0.0500000000000001 -4.59620607456351 -0.0096193636848816 0.0276868771190054 -0.0305395896616103 -0.0529407644024739 -0.291573918477056 4.63416982245365 372.904211154045 -333181.484788995 101.237093289577 102.269035855254 94.5975454437789 979408.11171309
25100 0.0502 -4.65131069667784 -0.0311062880308497 -0.0291811483193171 -0.00557478867047985 -0.0594188368314041 -0.293659147447001 4.65022355772083 373.149704108974 -333180.683075688 101.225330319155 102.267146303749 94.5776301710539 979070.054902923
25200 0.0504000000000001 -4.64766258083014 0.0296182120044673 0.000824625958433092 -0.0345029534974726 -0.0767715160028685 -0.300936944060826 4.69425724582252 372.934394095056 -333175.366850742 101.25254268912 102.293840183734 94.5577148983289 979382.611912103
25300 0.0506000000000002 -4.63965574317084 0.00952537922050197 -0.0250042007424595 -0.0235287542003533 -0.0873857334633475 -0.255200873600934 4.65569492053399 373.448797979609 -333175.542760261 101.262254677487 102.299478505217 94.5377996256038 979324.236613782
25400 0.0508000000000001 -4.63893336370394 -0.0198356983787309 -0.018876471763208 -0.0268350339273137 -0.0692332751697475 -0.25803113905117 4.64292744136916 372.943305692981 -333167.486707947 101.270900824386 102.315018787774 94.5178843528788 979350.283720005
25500 0.0510000000000001 -4.66391314222082 0.0126800240951965 -0.00975357101166134 -0.0298250715998666 -0.0766565531954985 -0.26124505201928 4.68947313987354 373.269545788319 -333166.852240228 101.276931626181 102.3431453831 94.4979690801538 979471.424698032
25600 0.0512 -4.65766741289594 0.00169135880629903 0.0153529368031353 -0.0283809155775476 -0.0555405678156667 -0.275191191881505 4.69172956006857 373.422400439062 -333163.206195702 101.26304138375 102.376464443583 94.4780538074288 979449.463582678
25700 0.0514000000000001 -4.6733510152168 -0.0318373786855203 -0.00404827327038263 -0.0238838575574393 -0.0560822641805153 -0.261885175548492 4.67870741730614 373.253886722067 -333157.357832971 101.279423237661 102.354757567358 94.4581385347038 979193.757755297
25800 0.0516000000000001 -4.64727381708489 0.0659316773626058 -0.00146461408717721 -0.0360883024690689 -0.0483628252900203 -0.263654118658436 4.70326059133627 373.998662300431 -333158.680703171 101.33771510759 102.33293513425 94.4382232619788 979341.924375591
25900 0.0518000000000002 -4.63205544276355 -0.0141160315043136 -0.0327795491657463 0.00924434300154416 -0.0451199806651234 -0.258040366203785 4.63094418478147 374.06194549153 -333157.243281442 101.303819859482 102.364005452458 94.4183079892538 979105.085514499
26000 0.0520000000000001 -4.60590439035831 0.0044475666138354 0.0338815239708765 -0.0229511844337073 -0.0467208802133961 -0.252295428410643 4.64661168702962 373.87986860061 -333152.234371042 101.289101346986 102.44438962518 94.3983927165288 979524.937426515
26100 0.0522000000000001 -4.64354042206688 -0.0758729117376344 -0.0165076794102546 -0.0171484672302845 -0.0388556616855562 -0.23740782308975 4.6165756009389 374.497880443691 -333156.306686057 101.271238615945 102.448179992042 94.3784774438038 979181.807632063
26200 0.0524 -4.60575300780008 0.0509900391911904 0.0159187321499085 0.0222070347479336 -0.0375555995201485 -0.234075072603352 4.65760151604357 371.883379448196 -333133.46679973 101.361947924787 102.446840711752 94.3585621710788 979839.250689251
26300 0.0526000000000001 -4.63757458733797 -0.0384922225799556 -0.053203911893329 -0.00679787488122056 -0.0547117829302399 -0.244614674824162 4.61223834477953 372.790433278246 -333137.959009151 101.342332301969 102.447503560454 94.3386468983538 979449.204414655
26400 0.0528000000000002 -4.63921492434679 -0.00689858624898108 0.0549284383539385 0.0318017495580979 -0.0149428720882096 -0.236460106276811 4.68188248902812 372.247086205205 -333127.176925481 101.358402381437 102.489929238606 94.3187316256288 979803.30866411
26500 0.0530000000000001 -4.73320545638578 -0.0025596319648653 -0.0500377104905212 0.00459122169166862 -0.0515926325506527 -0.253454921810041 4.72836429851193 375.734671153635 -333152.833947961 101.359915453789 102.452436809017 94.2988163529038 979252.690735065
26600 0.0532000000000001 -4.64350579433197 0.0310436631089248 0.0728305918118519 0.00543448961055626 -0.0504296213437024 -0.230566403998845 4.71335278580813 373.726795454849 -333134.665521542 101.357231000704 102.5219154415 94.2789010801788 979683.877051419
26700 0.0534 -4.74372578936675 -0.00192647789840538 -0.0628603532617883 0.002399336027167 -0.0477819439651793 -0.247233752685053 4.73177320224806 374.464398350617 -333136.843432397 101.323634515875 102.513501881358 94.2589858074538 979071.912267717
26800 0.0536000000000001 -4.6837775081256 0.00324199310230132 0.0462236976541986 0.0145774907666253 -0.0271904531031251 -0.233398169770237 4.72628129803283 372.711095591366 -333120.031010701 101.326924950892 102.584801284711 94.2390705347288 979577.67449115
26900 0.0538000000000001 -4.75854666497608 -0.0370396399621641 -0.0201822628294214 0.00947711806756526 -0.0124107526379037 -0.216995353163952 4.74494441068629 373.913049203835 -333126.007459813 101.322091522233 102.561420831729 94.2191552620038 979100.744798635
27000 0.0540000000000002 -4.72390068430254 0.0326709689681371 0.0160955322410244 0.0205828892722353 -0.0339027275115554 -0.216903021715389 4.76364002613573 373.040473691519 -333115.86321049 101.338589343896 102.609584560501 94.1992399892787 979512.951220293
27100 0.0542000000000001 -4.77525668526274 -0.0694217673873329 0.0123247432991142 0.0343029858566563 -0.0174102518716455 -0.219545577230576 4.76290778488088 373.798320381032 -333117.983385519 101.327819229236 102.612886165318 94.1793247165537 979233.294025018
27200 0.0544000000000001 -4.79389130354208 0.0458277553152696 -0.00356801702555692 -0.00448990986126165 -0.0259105768677094 -0.221164281243514 4.83063912126685 373.733325645075 -333115.226557765 101.389623670153 102.598402656825 94.1594094438287 979485.105786298
27300 0.0546 -4.78893435316661 -0.0373632357464726 0.0068596085010866 0.0058943292857007 -0.0253263887698977 -0.211020518360314 4.7880193418653 373.781468088093 -333113.196299797 101.371538915882 102.61470724323 94.1394941711037 979258.861904604
27400 0.0548000000000001 -4.74187856180995 0.0588302336917968 0.0270157580150517 0.0199211950391986 -0.0162284334614654 -0.201043142241068 4.79774121334035 373.776960636686 -333108.952688445 101.39926144044 102.647362144484 94.1195788983787 979631.091789579
27500 0.0550000000000002 -4.7742768161741 -0.0669582154055525 -0.0127460862608897 -0.00681242047014922 -0.0191000394500289 -0.175558893130706 4.74454187088793 373.836810008503 -333106.74575898 101.377565556836 102.650944501139 94.0996636256537 979248.41823469
27600 0.0552000000000001 -4.76865215303907 0.02625522688727 0.0187582724451625 0.0390894158612168 -0.0142689816302657 -0.162850754221549 4.80000017161203 373.924998439401 -333104.045112303 101.435525569355 102.648356651366 94.0797483529287 979576.215544961
27700 0.0554000000000001 -4.81875557679504 -0.0139065144311065 -0.0348837870250729 -0.0118836831881173 -0.00486089293577142 -0.166252318521427 4.80308608921087 374.266117812831 -333105.301096714 101.414268133501 102.655039170845 94.0598330802037 979227.356156883
27800 0.0556 -4.78529678062681 -0.0200183748964402 0.0527403195980605 0.0071709710910707 -0.0217476260725973 -0.186498688709548 4.81308694875941 373.092296344113 -333094.142238121 101.429110993525 102.702644870759 94.0399178074787 979617.39411295
27900 0.0558000000000001 -4.82716221165999 -0.0161660027635849 -0.0366879103213966 0.0156119063468947 -0.0143540576458014 -0.189536126490318 4.8121196985063 373.403502745516 -333092.847829581 101.453231265041 102.663213527182 94.0200025347537 979266.722667887
28000 0.0560000000000001 -4.81790123275016 -0.0349473647042552 -0.00411884115230103 -0.0119061612284609 -0.0410650079810093 -0.188799962215009 4.81014241572459 373.868051894306 -333092.878643652 101.477292765783 102.668183302218 94.0000872620287 979338.902839398
28100 0.0562000000000002 -4.83938594863973 0.0413038245569586 -0.00710900489219965 0.00428316165272178 -0.0332769937474285 -0.186954846907461 4.86779435867667 373.142916552223 -333083.176633668 101.516964747327 102.666460201424 93.9801719893037 979497.762364816
28200 0.0564000000000001 -4.82166189694256 -0.0351170958239477 -0.0116042086063095 -0.0106227992548778 0.00330678175165588 -0.168558882437906 4.80725671288799 372.228398274613 -333072.835975916 101.476543145261 102.711998902782 93.9602567165787 979334.468667326
28300 0.0566000000000001 -4.85831844928866 0.0253466211838924 0.000104508765060222 0.00297856917456804 -0.0170892059020399 -0.186404469857362 4.88187364438232 374.657205616215 -333085.067622613 101.489299369065 102.71970274211 93.9403414438537 979323.42478893
28400 0.0568 -4.88809124468945 -0.00968650710269171 3.95061542449626e-05 0.0193822143341626 -0.0092536437441071 -0.164287250647771 4.89170007367935 373.689979360855 -333075.071230273 101.481866892855 102.746987586283 93.9204261711287 979304.162258291
28500 0.0570000000000001 -4.86491710792889 0.0227097427654095 0.00667804521182861 -0.0119589878785621 -0.00273733935874562 -0.174806892543505 4.88906127715995 374.094049655239 -333074.329881414 101.502440001521 102.761007191889 93.9005108984037 979428.618522623
28600 0.0572000000000002 -4.89790454087554 0.0100338120454132 -0.0298639735209934 -0.00686152642046574 0.00524930133277116 -0.17320247437098 4.89733152195154 371.359497558318 -333049.965751204 101.523547271176 102.764296718557 93.8805956256786 979455.87260339
28700 0.0574000000000002 -4.8975432084437 -0.00745000325453913 0.0218270673497216 -0.00157500219045213 -0.0127591680510928 -0.157436403708919 4.91242209108422 372.138377693676 -333051.025120636 101.523246416142 102.797982762265 93.8606803529536 979566.190429653
28800 0.0576000000000001 -4.91408962669705 0.00433597272897217 -0.0183695048893403 -0.0129519186918535 -0.015379849651623 -0.176573842157535 4.91675691432474 375.417252912339 -333071.826933172 101.543749814676 102.77698395534 93.8407650802286 979356.039471677
28900 0.0578 -4.91220034566739 0.00250160266161602 -0.00339532519727376 -0.00640061592274971 -0.0130177733002023 -0.169344026498218 4.92057027799415 373.294770720708 -333053.68518284 101.571155948532 102.790372590018 93.8208498075036 979540.050441824
29000 0.058 -4.93943790719164 0.00121679724000865 -0.0140983833296388 -0.00512155623657066 -0.0514355328079471 -0.177382200184128 4.94338399400602 372.51473024843 -333043.929354465 101.560568966735 102.805866140378 93.8009345347786 979377.645330221
29100 0.0582000000000001 -4.93059562957874 -0.0250435959657438 0.0248939093167656 0.00620240656161759 -0.0315515050230804 -0.172147261867056 4.94003152629259 375.345354354598 -333058.261148389 101.542766340061 102.831605494773 93.7810192620536 979243.180462834
29200 0.0584000000000002 -4.93207171431662 0.0557320065270842 -0.000787882233194784 -0.016943043615216 -0.00222093728805472 -0.192315694358968 4.97104640098904 372.914485679807 -333034.715394165 101.561773976334 102.844428120767 93.7611039893286 979340.597193862
29300 0.0586000000000001 -4.9745093928877 -0.0510721978329074 0.0205019053305091 0.0099908937982027 -0.0248584670753793 -0.185243186159401 4.97019573716149 373.240372239807 -333031.37741957 101.521993940612 102.873020174752 93.7411887166036 979021.17583093
29400 0.0588000000000001 -4.98290711691402 0.0146294658720039 -0.0207680625031287 -0.00570810869347577 -0.0179016806314694 -0.170051778609921 4.98874096526897 373.344107047025 -333028.084340165 101.557228769541 102.857917187035 93.7212734438786 979009.144635884
29500 0.059 -4.98386931672605 -0.0300969821525585 -0.0069914462582133 0.00831093884766713 -0.0407438389489803 -0.165596158688266 4.97416399334913 374.820844328023 -333034.893921382 101.550125824404 102.891221458974 93.7013581711536 979049.555690125
29600 0.0592000000000001 -4.96489128617155 0.0329331989572925 7.25377763174459e-05 0.00631736558162541 -0.0449000073353718 -0.197141881915826 4.9937821452557 372.464461209746 -333012.425164117 101.562303118356 102.928600940474 93.6814428984286 979314.492748949
29700 0.0594000000000002 -5.00399862156413 -0.0257165152627903 0.0199007577482294 0.00936980598622845 -0.0430910984934572 -0.179712334842527 5.01150604084945 373.771072744705 -333017.447421258 101.548297969402 102.957911959768 93.6615276257036 979250.071255689
29800 0.0596000000000002 -5.02623074129514 -0.0149464093248707 -0.0184098597174433 0.0205589344989087 -0.0306329072344796 -0.166747043841821 5.01827890625088 374.120232560244 -333015.854073673 101.579780315207 102.933068786564 93.6416123529786 979109.068330012
29900 0.0598000000000001 -4.99401451894567 -0.0157665610243854 -0.00792393415858385 -0.0116660024137598 -0.0562614363405153 -0.167218109341464 4.9915775864242 372.632855025811 -332999.636877343 101.614332179492 102.940193379299 93.6216970802536 979301.582613938
30000 0.06 -5.06290375848044 -0.00243423912034637 -0.0306621790046996 0.0321494006736018 -0.0428047954274515 -0.16424992789095 5.05527779290574 373.341748638555 -333000.578943895 101.630906917702 102.929985586225 93.6017818075286 979155.863849791
30100 0.0602 -5.03840712416588 0.00636117180382924 0.0372188065002037 -0.00218460922828676 -0.0572040982974972 -0.197949814531117 5.07283871241756 372.365232508432 -332988.498395472 101.639342769988 102.967773132414 93.5818665348036 979388.210153268
30200 0.0604000000000001 -5.10369529494412 -0.0343289312221476 -0.0150106654109556 0.00996847860277552 -0.0596669336991274 -0.183735854695574 5.09009184843148 372.680157494322 -332987.298807592 101.6150945754 102.971549431913 93.5619512620786 978982.083922324
30300 0.0606000000000002 -5.06257719893189 0.0436170088558471 0.0127365306591715 0.017656909004623 -0.0607135477243629 -0.192054840959428 5.10285606914633 372.545943678062 -332982.107559919 101.65004600589 103.007222729747 93.5420359893535 979449.560668915
30400 0.0608000000000001 -5.07752558923898 -0.0435167155456949 0.00607553969764193 -0.00344900304380745 -0.0675322293179393 -0.221574969398972 5.07487502104364 371.719739505608 -332971.909774389 101.624992542851 103.017974684146 93.5221207166285 979101.871223366
30500 0.0610000000000001 -5.04939047099613 0.0571396131236509 -0.0281867430446342 0.00444038681393635 -0.0608492874927246 -0.173813486756196 5.07444666198601 373.523237962826 -332978.885296586 101.662093585386 103.031663137768 93.5022054439035 979380.863979645
30600 0.0612 -5.08439482198627 -0.0515342914742763 -0.0105874348599123 0.0148554570234098 -0.0444733499858968 -0.182123145402318 5.06394547697897 372.662349997665 -332968.028464887 101.619931514059 103.057095703053 93.4822901711785 979007.774262739
30700 0.0614000000000001 -5.10603086681953 0.0122833318776974 -0.0108278686859017 0.0144843730812434 -0.0639544564854182 -0.181866393113127 5.11776416433184 373.371204432689 -332968.681054777 101.666659523874 103.050299754534 93.4623748984535 979184.715692831
30800 0.0616000000000002 -5.11736768075219 -0.014730662626551 -0.00409801717861108 0.0111117012784016 -0.070730466130835 -0.196923737072642 5.12083858396842 371.156600994523 -332947.22604291 101.686364929739 103.055244585438 93.4424596257285 979212.801422241
30900 0.0618000000000002 -5.12488057249845 0.0186530561233493 -0.0317341833332457 -0.0107896621679215 -0.0378970196385012 -0.166199094475084 5.12706863829611 373.368675191339 -332956.956219802 101.701253144853 103.060682274887 93.4225443530035 979199.106579326
31000 0.0620000000000001 -5.10938448628697 0.027028607693138 0.00903089717774599 0.00449673801201931 -0.0452200328862076 -0.166558737019013 5.136150345186 371.943019783831 -332940.218697605 101.695797894072 103.112091165776 93.4026290802785 979426.168941357
31100 0.0622000000000001 -5.12093852306871 -0.022145632234781 0.00901381591215882 0.0168683378255793 -0.018740324281031 -0.172419404424803 5.12334148796598 372.960306199044 -332942.308291741 101.685430484117 103.12847895313 93.3827138075535 979273.122332297
31200 0.0624 -5.12744567367733 0.0313178319202926 0.00109349788076526 0.0180933766887199 -0.0227770871935464 -0.165047632016035 5.15190206487616 372.087104353992 -332929.687479503 101.726217747805 103.108721195738 93.3627985348285 979269.343958456
31300 0.0626000000000001 -5.17720874956637 0.0191046112950896 -0.000127990776940493 0.0422391350518392 -0.0312899778667524 -0.149998537305133 5.19402465487547 372.107254183829 -332924.868141498 101.739678658145 103.095831279452 93.3428832621035 979067.598166267
31400 0.0628000000000002 -5.20348204732853 -0.0216821706114042 -0.0220165253728513 0.0254476760676166 -0.0266867146674195 -0.158333624379151 5.18927792851521 374.967904289115 -332941.270151028 101.725699841023 103.116152292521 93.3229679893785 978917.129381977
31500 0.0630000000000001 -5.19219873848431 0.0343179758827411 0.0212853490652133 0.0318776915857858 -0.0302726284155321 -0.147222749493636 5.22679185013977 372.506052373226 -332918.084203775 101.720426862559 103.181319251102 93.3030527166535 979275.983567646
31600 0.0632000000000001 -5.24892581363833 -0.0224951640521801 -0.0209230675570998 0.0155905463861763 -0.0363951870855791 -0.13789922574728 5.23312028081247 371.871786735472 -332910.142998976 101.70582777348 103.178235915472 93.2831374439285 978897.189561477
31700 0.0634 -5.20269204528211 0.00697115097260499 -0.00960124888682878 0.0205917800593084 -0.0465881628849279 -0.170446505793036 5.21051514825731 372.194782159257 -332906.793858815 101.74021706621 103.199647872087 93.2632221712035 979222.291088693
31800 0.0636000000000001 -5.22715474788155 -0.0257077186747627 -0.0103518937972314 0.0214963922612069 -0.0382587836046032 -0.151689413912028 5.21631728634105 373.521030262844 -332911.322804886 101.741782639201 103.210081596031 93.2433068984785 979127.236627195
31900 0.0638000000000002 -5.20373558954919 -0.00376932507085292 -0.0104195450782868 0.0127738148295563 -0.0194425913208333 -0.151569869104536 5.20342735965611 373.05930448837 -332903.37980321 101.748266611202 103.230453634075 93.2233916257534 979173.732190339
32000 0.0640000000000002 -5.19469368382989 -0.0137409888909305 0.0101871589982559 0.00979867388480321 -0.0343584629114601 -0.154825048089306 5.20024575633174 373.016349126833 -332897.962387603 101.762243119511 103.250853016224 93.2034763530284 979292.50570103
32100 0.0642000000000001 -5.24298476612428 0.000969379411313932 -0.0439389863857669 0.0243475492804759 -0.0324101959084258 -0.153342712259156 5.22886661379701 373.233399945795 -332895.58261469 101.767095617172 103.241808433767 93.1835610803034 979044.172455157
32200 0.0644000000000001 -5.19343128312487 -0.00109325098267302 0.0251179503663471 0.0161419306124872 -0.0190159419030109 -0.141232377166261 5.21141678833408 373.653574007754 -332894.309597585 101.749035690088 103.319181203084 93.1636458075784 979394.663524704
32300 0.0646 -5.21612017799268 0.0106476141861664 0.0138613819958812 0.00167869539059927 0.0111924498072285 -0.138726333751623 5.23393052625102 374.703211368408 -332897.383454288 101.749359617297 103.337975566131 93.1437305348534 979366.539111923
32400 0.0648000000000001 -5.20468269366102 0.0128218963908987 -0.0406545159993858 0.0112807176304681 0.00276965537158544 -0.147052516687589 5.19725682947505 373.05304162457 -332880.847390678 101.766295532565 103.338812478287 93.1238152621284 979328.047979771
32500 0.0650000000000002 -5.16293172225757 0.0164049876246868 0.0385070479541518 0.0143285952456651 -0.0278126974787618 -0.15079210568478 5.19727261259134 374.678568322657 -332887.623572974 101.759569483256 103.386632845437 93.1038999894034 979506.958199244
32600 0.0652000000000001 -5.20613149319027 0.00653460805954382 -0.0117284039957308 0.022759723468654 -0.00877266763457605 -0.13260194254204 5.20879613312982 373.823968936927 -332877.643446846 101.750267530366 103.399693929806 93.0839847166784 979331.625064823
32700 0.0654000000000001 -5.18090068817442 -0.0302268243229215 0.0277831736907887 0.032708531452049 -0.0125811222008161 -0.15235065420561 5.18699465545812 372.053218835083 -332858.863564259 101.75593942178 103.436064921594 93.0640694439534 979521.103812639
32800 0.0656 -5.16737190697061 0.00501927714657673 -0.0120511668103424 0.00477576732915101 0.0125331470014854 -0.143244425804229 5.16988621804313 373.494490836281 -332864.652423239 101.77791390032 103.42480910776 93.0441541712284 979416.385196966
32900 0.0658000000000001 -5.15082545829 -0.00394946490881551 0.00565208468768214 0.0202873373984881 0.00911619423876686 -0.122116880001986 5.15616759875281 372.638691860791 -332850.949583896 101.786409249651 103.44034764022 93.0242388985034 979435.611915629
33000 0.0660000000000002 -5.15324206907256 0.0144641639599016 -0.00999808941237118 0.014079209121975 -0.00256609362954029 -0.130559236400275 5.16053523804101 373.362186750776 -332851.505427273 101.791402575364 103.46392840378 93.0043236257784 979497.205396126
33100 0.0662000000000002 -5.17440624703481 0.00525536205004878 0.0235276757063011 0.00700046074408818 0.0114599074676436 -0.126261196870956 5.19348046505651 373.381703525011 -332845.960684329 101.779986247854 103.485069253799 92.9844083530534 979377.707793459
33200 0.0664000000000001 -5.17487819762896 0.00744478289767424 -0.0329907175464681 -0.0174360551425183 0.0221156229402498 -0.130474398187622 5.16739844962124 374.586054387183 -332849.837533292 101.764440732763 103.495690128506 92.9644930803284 979118.86994303
33300 0.0666000000000001 -5.16027616416641 0.0135562247425024 0.0395147598628598 -0.00416759934852255 0.0238941516530633 -0.120274706303525 5.19121213753346 375.399808523506 -332853.774981606 101.760213155324 103.5524801732 92.9445778076034 979405.57573552
33400 0.0668 -5.15382818291273 -0.0317933930860228 -0.0188017619305748 0.00777423253870359 -0.0006375162253689 -0.129040640890025 5.13342865478711 374.095909131732 -332839.204824397 101.761167416048 103.55569067089 92.9246625348784 979235.259409735
33500 0.0670000000000001 -5.08849624083959 0.0143489550816927 -0.0127759131379538 2.37316176720896e-06 0.0454460810164013 -0.137878817926455 5.09554497504269 372.855873028273 -332828.262530854 101.771264508903 103.608633497857 92.9047472621534 979623.111775223
33600 0.0672000000000002 -5.09439821322643 0.00104717144811858 -0.0207998191230293 0.0184997507100348 0.00759373223613817 -0.112276928819713 5.08839256099564 375.037612111794 -332843.972827085 101.730545902524 103.667497611897 92.8848319894283 979577.47532565
33700 0.0674000000000001 -5.02712710655324 -0.00327043848479283 0.0381326015824323 0.0391132243715395 0.0183672481994679 -0.120704906778572 5.04957063480504 373.771045265591 -332833.422074006 101.724635245327 103.730765079478 92.8649167167033 979908.209127071
33800 0.0676000000000001 -4.97862005989492 -0.00523457379602721 -0.00974039834795974 0.0409954379366355 0.0444042335671155 -0.135355796365305 4.97776003377669 375.072389653923 -332843.307140426 101.729107181787 103.765948636262 92.8450014439783 980073.442448854
33900 0.0678 -4.92653635178632 0.0290766509374105 -0.0165146485583527 0.0612696311817238 0.0430145945048636 -0.131324689807286 4.93991873965125 375.504081722548 -332845.086030957 101.711418837298 103.825737761722 92.8250861712533 980257.332209064
34000 0.0680000000000001 -4.84841794277714 -0.000392603710151353 -0.0287088484879062 0.034828302145235 0.0401803109059282 -0.134372202807946 4.8404053235727 374.409831840599 -332839.320892578 101.684419818794 103.880705386047 92.8051708985283 980305.591556241
34100 0.0682000000000002 -4.69909625613112 0.0212125230225582 0.000300419878314036 0.0554366135712192 0.0359340517593952 -0.125595438903916 4.71629693382123 375.177831401429 -332847.05190859 101.663696406452 103.971218778798 92.7852556258033 980749.283976491
34200 0.0684000000000002 -4.62960271014195 -0.000165027035623203 -0.0241809654521203 0.0368081483509848 0.0420878439084112 -0.127650476960863 4.62378117440013 374.650481638273 -332844.556812204 101.606408717931 104.061617815609 92.7653403530783 980838.303016495
34300 0.0686000000000001 -4.50461667531973 7.82027638891295e-05 -0.00338865364909829 0.0263001313725246 0.0453549276397757 -0.137386866740779 4.51015992909036 374.717994053608 -332846.507416785 101.576679696791 104.158098576617 92.7454250803533 981249.733716964
34400 0.0688000000000001 -4.44337645343888 0.0167726454756333 0.00619040126384137 0.0330631621843165 0.0500812877868227 -0.105641005379368 4.45983492651326 375.773861493794 -332857.361006775 101.545068132838 104.225299247238 92.7255098076283 981366.470706133
34500 0.069 -4.32214984970324 0.00501384111546736 -0.0338386740361263 0.02768082278953 0.0503304441936203 -0.125006979500611 4.31445388336382 375.187492680367 -332857.434043841 101.490900506444 104.325381086444 92.7055945349033 981573.961413102
34600 0.0692000000000001 -4.22874871352908 0.0151954073881228 0.003340096775556 0.0152121533200474 0.0599833864409488 -0.107302944474048 4.24345601939417 374.218606412289 -332852.790231014 101.445923540801 104.43486500707 92.6856792621783 981957.625404762
34700 0.0694000000000002 -4.09219339884732 -0.00791383107789171 0.00014583547052501 0.0161279177095006 0.0614656016466767 -0.106796129259936 4.09397766319645 375.011482579452 -332861.172660631 101.395823328048 104.527268158478 92.6657639894533 982129.999331184
34800 0.0696000000000001 -3.95401485219234 0.0261849234349784 -0.00868672333523181 0.0109889849994372 0.0274142024028814 -0.133629779362815 3.96996194032808 375.312113595786 -332868.524046126 101.391937920635 104.579008847423 92.6458487167283 982367.326744552
34900 0.0698000000000001 -3.81680541939838 0.0236134071422416 -0.0270666885399066 0.0449628448292836 0.0643138234009993 -0.0964388710210602 3.82140387621822 376.730692376319 -332885.697764961 101.354110555211 104.666232736819 92.6259334440033 982608.591907911
35000 0.07 -3.66621855980407 -0.0294046144421424 -0.00784167471561627 -0.00602998785259251 0.0322298815588289 -0.102150496898906 3.65237328097164 376.416712360975 -332889.933555882 101.307705000163 104.765857963914 92.6060181712783 982882.181782031
35100 0.0702000000000001 -3.51617558236994 0.0143511297091154 -0.00423717587701924 0.0114695046009902 0.052590072231614 -0.105203814977699 3.52721323485852 375.324245513877 -332889.022103565 101.308750796827 104.850522963473 92.5861028985532 983475.092628603
35200 0.0704000000000001 -3.33155556780227 -0.012689217553308 0.0173067640145834 0.0147023242554221 0.0312749999370043 -0.128206936707458 3.34188871318778 374.75019248842 -332889.785621362 101.2720709163 104.958767330802 92.5661876258282 983922.269080654
35300 0.0706000000000002 -3.21045577389852 -0.0219599887895081 -0.0215567151614454 0.0406924506068179 0.0583086454575798 -0.114226395993335 3.19720216755059 375.869122820034 -332906.361342469 101.249376991645 105.025892514486 92.5462723531032 984119.123354818
35400 0.0708000000000001 -3.01108038926797 -0.0286622556101519 0.0174682803808677 0.0560905166801402 0.0568341558400647 -0.0979321462850468 3.01370659076149 376.760419795627 -332920.10851219 101.244201416664 105.110394686107 92.5263570803782 984648.649530753
35500 0.0710000000000001 -2.90136805385425 0.0285555149696559 -0.0201381180011539 0.06070326876186 0.0553462701075041 -0.112921981072535 2.91593089371756 376.727529438359 -332929.591499569 101.235294480371 105.157375104183 92.5064418076532 984790.076930853
35600 0.0712 -2.71166331187389 -0.00379225896474155 0.0164995312234889 0.0454671494021984 0.0484658913155272 -0.109829980643449 2.72715262389667 377.512967288212 -332945.483084087 101.199096292437 105.257913905951 92.4865265349282 985167.013826501
35700 0.0714000000000001 -2.60330320209698 0.00230783513331081 0.0102637828238028 0.0147328078446083 0.0496199212211151 -0.131252862752215 2.62101541356071 377.097064165857 -332952.466221949 101.184874833636 105.314957507985 92.4666112622032 985350.173638546
35800 0.0716000000000002 -2.51496887528187 0.0154108209024762 -0.0298533698856528 0.0335784154399197 0.0536732780946464 -0.132002714561976 2.52083990105382 376.107219949126 -332959.47861077 101.164372134411 105.361253140994 92.4466959894782 985371.307415557
35900 0.0718000000000001 -2.31165861260717 -0.00364880127766528 0.0184363011286885 0.0463766642575428 0.0409141133446388 -0.130579178255249 2.33259441788246 375.744440355852 -332967.699763529 101.140863407059 105.455224348698 92.4267807167532 985808.556224065
36000 0.0720000000000001 -2.21347248870164 0.0128009245885767 -0.0350351135212429 0.0372518555579669 0.047946190515457 -0.130661211193683 2.21683607141756 377.281222915579 -332991.175237911 101.11645323128 105.506790227066 92.4068654440282 985840.095369238
36100 0.0722 -2.08316195286423 0.0190512742193333 0.0029543227570979 0.0411530243885961 0.0494106118077061 -0.167525731519851 2.11714900084577 377.26238232308 -333002.407313332 101.107296462664 105.586299485784 92.3869501713032 986281.07025104
36200 0.0724000000000001 -2.02515975999912 -0.0253721906479012 -0.0414535453007636 0.037146836164426 0.030194931681039 -0.150876210199772 2.01057588660252 375.376700899904 -333000.146633675 101.09394414349 105.633712661738 92.3670348985782 986380.975062621
36300 0.0726000000000001 -1.97643269881404 0.00460998442899522 -0.0149474913378994 0.0350663539583408 0.083942957343631 -0.176792339526676 2.00119044949924 376.154603000819 -333014.532821 101.072529688607 105.707387383941 92.3471196258532 986647.065893878
36400 0.0728000000000002 -1.85765781849698 -0.00242834796969062 0.0232371698513789 0.0146810332360668 0.0838392168550023 -0.156500702035227 1.89350510493839 375.487778551717 -333017.62589464 101.061282556204 105.789829684444 92.3272043531282 987093.765437578
36500 0.0730000000000001 -1.79951036160321 -0.0192388813006485 0.0244341516882838 0.0360789357748753 0.0872823634441676 -0.168721088118632 1.83335317135859 375.449627039914 -333022.803503949 101.076616808488 105.809203760952 92.3072890804032 987211.350013852
36600 0.0732000000000001 -1.75092787865203 0.0166460455461053 -0.0252576517190205 0.0292527465500932 0.0636387480138647 -0.157662387360138 1.77236980909435 374.240461787349 -333018.954368457 101.111019138845 105.790321465565 92.2873738076782 987158.097344291
36700 0.0734 -1.66388418784238 -0.000521560356206781 -0.00881542610815686 0.0285248020191611 0.0804584509680448 -0.17188633861928 1.69220115015819 374.44134613407 -333023.583808323 101.119424676229 105.816740747074 92.2674585349532 987273.611526226
36800 0.0736000000000001 -1.65382980480478 0.00727240713282599 -0.0105624325192826 0.0117344229738965 0.0695585842172867 -0.178244930016195 1.68528786668798 373.900139502386 -333024.117755427 101.101168724813 105.852712807687 92.2475432622281 987217.800581597
36900 0.0738000000000002 -1.60899688787505 -0.0262691231320066 -0.00214707964617144 0.0334836020253337 0.0707673236742257 -0.201605493802141 1.63832521214356 374.673659030431 -333034.967475725 101.071574345588 105.900739731712 92.2276279895031 987163.441581159
37000 0.0740000000000001 -1.56511236669147 -0.00018277984570598 0.0347511172423251 0.0353467610124881 0.0581597720142215 -0.236432192027563 1.63905170148877 374.343881559094 -333037.139135021 101.076848577097 105.942053807213 92.2077127167781 987386.829402709
37100 0.0742000000000001 -1.60670817691741 -0.0206149496516869 -0.0142269651043832 0.0250550458903962 0.0588510135108989 -0.211884981821277 1.63487730391697 375.69155366275 -333053.789495756 101.078765843183 105.943587893838 92.1877974440531 987206.590981479
37200 0.0744 -1.61398525041289 0.0322086911439885 0.021617082596687 0.0202859816357916 0.0658502299918263 -0.186341760534483 1.67661680483295 374.313529273148 -333047.880338639 101.127629014661 105.955796192423 92.1678821713281 987584.244614012
37300 0.0746000000000001 -1.65870418989541 -0.0087546109584104 -0.0466457069937175 0.0363442922389742 0.0864752470024776 -0.181941256475518 1.66941769501685 374.492923525481 -333054.131856176 101.134710480169 105.941608969456 92.1479668986031 987307.776169485
37400 0.0748000000000001 -1.65003005275852 0.0103487776867404 0.0186633633583534 0.000566122234655652 0.109203111587854 -0.221675795410231 1.71870001745376 374.052103524629 -333055.22681722 101.136411172106 105.992333484832 92.1280516258781 987583.62127132
37500 0.0750000000000002 -1.70829377113026 -0.0190820148350512 -0.013043849718853 0.0279992292350883 0.12474452794414 -0.214553328555717 1.74665606551403 373.60256024956 -333057.772554554 101.124354392744 106.000665342066 92.1081363531531 987330.034487384
37600 0.0752000000000001 -1.75297757581708 0.0178682454120599 0.00915850536038028 0.00948338137588624 0.13996956629757 -0.215792193887408 1.82189193703297 374.566821104263 -333067.928522291 101.112806791328 106.025639188924 92.0882210804281 987236.375762933
37700 0.0754000000000001 -1.77615532909339 -0.0276500869548633 -0.00792215341570196 0.00206715673321287 0.148944063569455 -0.200254817707639 1.81080809751652 375.771210642973 -333081.324971802 101.092151117696 106.041111368168 92.0683058077031 986965.246142075
37800 0.0756 -1.81651107789181 0.00640258507208057 0.00708875215193355 0.0207993334310248 0.139954810641405 -0.205542018059102 1.8737843964108 374.107478566533 -333071.203459115 101.10933387366 106.054264703445 92.0483905349781 987041.892780688
37900 0.0758000000000001 -1.84483412430182 -0.0137447570383891 0.00960210765721812 -0.0272329076040212 0.160570885836468 -0.206717885690431 1.89840836423488 374.424469658405 -333076.614113751 101.112723177154 106.053691418496 92.0284752622531 986856.084880618
38000 0.0760000000000002 -1.83503593663082 0.0238782812321365 -0.041811762386477 0.0382637868848679 0.159171980955862 -0.193451067700835 1.87894506376778 374.427449177142 -333080.130155183 101.143801067124 106.038079950427 92.0085599895281 986800.497388512
38100 0.0762000000000001 -1.87130367452082 0.00204129230373079 0.0103532298522217 -0.00259821153512594 0.120240018924218 -0.205411742320359 1.9222478429212 374.07174952413 -333083.282533193 101.118614010914 106.072193155499 91.9886447168031 986658.535115111
38200 0.0764000000000001 -1.89301508104722 -0.0104465205440606 -0.00124613307943243 0.00464915559860951 0.112514403441891 -0.205541464007218 1.93035089801763 375.264970750172 -333095.889066306 101.12346019471 106.083191100834 91.9687294440781 986594.485571982
38300 0.0766 -1.93567340915343 0.000853184195573699 -0.000988490882478093 0.00878859664379908 0.137924466092794 -0.183055442517734 1.97595578497849 375.243790686533 -333098.603155524 101.137908530605 106.073664253204 91.9488141713531 986433.181774034
38400 0.0768000000000001 -1.95405610826397 0.0135245014465221 -0.0350110147344375 -0.00373468841762432 0.118060789597284 -0.157276107234015 1.97339702722324 373.440808196271 -333087.875071641 101.142775291933 106.10256311871 91.928898898628 986535.686329255
38500 0.0770000000000001 -1.93001989448109 -0.0195367342498384 0.0239662617209182 0.00518152018742364 0.131164090434425 -0.146620069599323 1.96243091398095 374.440697844153 -333096.693613298 101.136159802986 106.145488329548 91.908983625903 986656.456284093
38600 0.0772000000000002 -1.9365310755095 0.0127707879365198 -0.0165268952817443 -0.00523284561138024 0.137819321397951 -0.158538455825085 1.96875444141255 373.297444762477 -333088.691342827 101.172060416702 106.131097252847 91.889068353178 986659.03531316
38700 0.0774000000000001 -1.91737550467408 0.00550379672436343 0.00278656142446529 -0.000684626350939566 0.14466703362944 -0.169186200898248 1.95982301377429 375.969053007379 -333108.615944055 101.179994130311 106.151516564902 91.869153080453 986712.354172349
38800 0.0776000000000001 -1.94619879045081 -0.00414263009998543 0.0179729456899811 -0.00188664740020411 0.134625645314079 -0.18422099767965 1.99279098709672 372.867581986486 -333089.558387338 101.176309775215 106.163680900724 91.849237807728 986575.576526179
38900 0.0778 -1.9149626401772 -0.0339105336846049 -0.0253327766324987 -0.0101103053619644 0.16025564339381 -0.184464666904196 1.93235600285728 373.656987936574 -333096.82555993 101.189421068008 106.160821894086 91.829322535003 986462.916470292
39000 0.0780000000000001 -1.91785973244954 -0.0102515683320604 0.0175176318472113 -0.0218679963956877 0.143799975640559 -0.190812008731421 1.96606469478229 374.058186092892 -333101.919859193 101.222722249491 106.148332393052 91.809407262278 986457.484225097
39100 0.0782000000000002 -1.89586651693004 0.013540960092972 -0.0331406862622568 -0.00701726721709108 0.135740807817736 -0.181955215753786 1.92707792610627 372.645505621051 -333092.70798275 101.269595008018 106.129395443806 91.789491989553 986524.16942155
39200 0.0784000000000002 -1.89717223571312 -0.0168392765104334 -0.00105602297519499 -0.017472547527836 0.138219170109146 -0.19331330069594 1.93285242679519 373.861767613856 -333101.81410364 101.267377107383 106.152543476322 91.769576716828 986503.646078633
39300 0.0786000000000001 -1.83851798470867 -0.00738610312757813 -0.0111174979916846 -0.0150080682758676 0.120694702052621 -0.178206035062537 1.86704974422238 373.237739417084 -333098.911009469 101.267027393791 106.194297182317 91.749661444103 986674.097743918
39400 0.0788 -1.78813751591348 -0.00609786444242364 0.00425859405855725 -0.019588207946533 0.124892967294941 -0.178215547593852 1.82687065581248 372.261199263883 -333092.20091151 101.278386082921 106.231764920329 91.729746171378 986918.660575142
39500 0.0790000000000001 -1.79035476662029 -0.0127967728509707 -0.0136526658048567 -0.0259374486438989 0.120879645768522 -0.185856766843279 1.81870115405421 372.552436278507 -333093.10532239 101.287242566457 106.250645409865 91.709830898653 986966.05833122
39600 0.0792000000000001 -1.75318894410953 0.0032583847473994 0.0225968145346584 -0.0117924275404539 0.137522125099304 -0.213945112105908 1.82041749303801 373.862296463952 -333099.89804709 101.284323289512 106.295352454675 91.689915625928 987138.476724856
39700 0.0794000000000002 -1.76514556539626 -0.00561295443517374 -0.0108552117137548 -0.0343113564564521 0.127901483607439 -0.222109263571248 1.81310902006065 374.14785949242 -333100.561619585 101.283330079981 106.306034586414 91.670000353203 987013.569696961
39800 0.0796000000000001 -1.74524277376698 0.0184892411261545 0.0309510365205068 -0.00834559300656903 0.121586112051329 -0.227198921010076 1.82545931974041 372.788353508499 -333087.824589056 101.306206895536 106.326622481385 91.650085080478 987213.182098339
39900 0.0798000000000001 -1.75691892527065 -0.0074082500822855 -0.0201483900656971 0.0108334919210076 0.112463779928339 -0.235001592244832 1.80073166989483 374.68861144857 -333100.387886105 101.285951398141 106.331827083367 91.630169807753 986849.623159851
40000 0.08 -1.72478078591643 0.00501684536595469 -0.00347408127467627 -0.0111962264152198 0.102308100613336 -0.210839970750036 1.77277233305458 372.914342145607 -333086.159197606 101.281418817349 106.364017907915 91.610254535028 986889.664881802
40100 0.0802000000000001 -1.79343694250844 -0.0122559017267218 -0.0187721448486284 0.0212133171566275 0.136197106269848 -0.212168699536906 1.8311437392219 372.538606208778 -333083.793533671 101.266588753716 106.377869434833 91.5903392623029 986659.123892037
40200 0.0804000000000002 -1.77683315600803 0.0388771198912289 0.00646176606052273 0.00103211923109198 0.117067004620931 -0.215925361123989 1.84932047016612 373.863145627335 -333094.826510332 101.284843569888 106.417880263573 91.5704239895779 986993.495795792
40300 0.0806000000000001 -1.82094290857811 -0.0170258201579293 -0.0146251582295973 -0.00201702299518536 0.0897057972244724 -0.201160447065304 1.84499414412375 373.538835261781 -333091.764513265 101.239124252012 106.46023037556 91.5505087168529 986725.934860871
40400 0.0808000000000001 -1.79081165874064 -0.00549799068059269 0.0120196487858846 0.0446580479847066 0.100114233371067 -0.209193898702613 1.8401804549851 373.765675892071 -333093.887919795 101.241066371763 106.511718797786 91.5305934441279 987007.339405647
40500 0.081 -1.8159080504328 -0.0115045215673368 -0.00999694034037507 0.0324169766242684 0.122079393604724 -0.204115046854975 1.85241632088366 372.945749824407 -333088.842792213 101.256779063603 106.499450812646 91.5106781714029 986832.060734333
40600 0.0812000000000001 -1.83362999341007 -0.017446967063782 -0.0302695894405977 0.0111253468930549 0.120816202120754 -0.183311362696671 1.84942345797689 374.142050751378 -333099.288924677 101.263212003714 106.504541739904 91.4907628986779 986727.144981555
40700 0.0814000000000001 -1.86484034264471 0.0195111632704015 0.0120499591833403 -0.00247467945094156 0.105041713707721 -0.200540431424984 1.92107932869339 373.383145663881 -333096.726636638 101.254137147133 106.542981553325 91.4708476259529 986779.973052236
40800 0.0816000000000002 -1.88318378104681 -0.0459434758427235 -0.0150275788873401 0.0241749493977278 0.0978275915876346 -0.194982655640827 1.89148787182837 373.839122176692 -333101.262725766 101.219275108145 106.556669749208 91.4509323532279 986352.158135779
40900 0.0818000000000001 -1.88790520042201 0.0242798982908909 0.0377565680490929 -0.00289756178981839 0.0882223804620685 -0.195788933550974 1.95468105628478 375.228541064212 -333114.093292109 101.265482317713 106.571427334516 91.4310170805029 986724.175464566
41000 0.0820000000000001 -1.92340701734213 -0.0217829262058623 -0.0324404324464714 0.00364180437958057 0.0850096665316924 -0.197482857420464 1.93254737358862 372.988006691892 -333098.361224898 101.284769296284 106.543498702714 91.4111018077779 986438.561113747
41100 0.0822 -1.92884428962866 -0.00628156884959361 0.0153376270436784 0.0143892027182861 0.0620423633618506 -0.200499951508253 1.96749807337179 373.034612435984 -333098.87464079 101.304564954565 106.572569618019 91.3911865350529 986685.552329555
41200 0.0824000000000001 -1.94362409863788 0.030675401896261 -0.0111286754922918 0.0130735489906091 0.0503005498539923 -0.17420499012363 1.9789435702757 372.896288756524 -333097.249077736 101.3153738355 106.577753110369 91.3712712623279 986623.779860745
41300 0.0826000000000002 -1.92986772827692 -0.0110162086467958 -0.000160312540998567 0.0664487221682657 0.0542798484066578 -0.176289695849454 1.9540366506433 372.944715146977 -333098.270099014 101.304879022901 106.606373442247 91.3513559896029 986571.419942559
41400 0.0828000000000002 -1.9691044574509 -0.000657990638270767 -0.00606328263475033 0.0546394440500331 0.0478090872639159 -0.18035853203549 1.9943850719466 372.441062472884 -333093.955943971 101.291263059203 106.632031651842 91.3314407168779 986461.134115864
41500 0.0830000000000001 -1.94154026912046 -0.0133450663678982 0.0072195811614702 0.0560503197710198 0.053372146085233 -0.188068633185123 1.97030261754262 375.07423468463 -333113.991223247 101.285164793335 106.668181161662 91.3115254441529 986520.983039823
41600 0.0832000000000001 -1.9001002453211 0.00809383063469015 -0.00929974770735232 0.0618234159120718 0.038589837353192 -0.172076197968261 1.92693576165786 373.894663135072 -333104.41154622 101.300795172512 106.689361190341 91.2916101714279 986653.8986212
41700 0.0834 -1.94961565190953 -0.0218656915355922 -0.0318225184226188 0.0445238237761534 0.0537743409875398 -0.190518648588317 1.95464549055912 372.898954605916 -333098.142952775 101.289138976529 106.692240820406 91.2716948987029 986351.776922502
41800 0.0836000000000001 -1.8713080846236 0.0217996819616985 0.00529992486985047 0.030075736130483 0.0566998582540254 -0.193384060851111 1.91766626294973 372.666102925211 -333093.857911709 101.314421067998 106.720257668636 91.2517796259778 986641.719227657
41900 0.0838000000000002 -1.86385309509032 -0.0378887136482709 -0.0100711086842934 0.0366274868002282 0.061796174203361 -0.191841126679503 1.87392736538683 372.590831903915 -333093.204496268 101.300091671256 106.7287185566 91.2318643532528 986365.067969878
42000 0.0840000000000001 -1.86309936205244 0.0077154906262388 0.0139675212965177 0.0153878841018842 0.0710102620799108 -0.19610107360211 1.90863519794252 374.587126308319 -333108.422168899 101.331491870152 106.745278636655 91.2119490805278 986608.489213956
42100 0.0842000000000001 -1.88358906454885 0.00974318348898527 -0.0107205590434468 0.0470520332479585 0.0614558927163924 -0.232306210832417 1.9303501731777 373.673129441001 -333102.932020965 101.345151419707 106.752093333411 91.1920338078028 986589.019471556
42200 0.0844 -1.90041907830268 -0.0178470998495549 -0.0167443508423852 0.0323238389870741 0.0773391832462069 -0.224804333864562 1.92843044457442 373.088476088984 -333098.358325288 101.327016345317 106.788023895399 91.1721185350778 986528.988335891
42300 0.0846000000000001 -1.83557353678368 0.0132181661300298 0.0237394689879175 0.0345273226865573 0.0596971836469785 -0.240070019419831 1.90388068636626 372.063584814597 -333089.869466485 101.321965407764 106.850560686411 91.1522032623528 986841.90156453
42400 0.0848000000000002 -1.90533991323408 -0.0502350634988715 -0.021454613557896 0.0293094257407265 0.0637341109421935 -0.218255542937286 1.91136149227351 372.47612759557 -333092.978974104 101.332977215875 106.819977802999 91.1322879896278 986451.096611705
42500 0.0850000000000002 -1.84110107565965 0.0496412563986077 -0.0104282166653398 0.0502321646081384 0.0471407475680889 -0.225590908226005 1.90574115430061 374.091924931892 -333103.62809177 101.397720520585 106.817236893361 91.1123727169028 986840.325960944
42600 0.0852000000000001 -1.82451194369785 -0.0371230587737818 -0.0105800295023289 0.0356883439456489 0.0712691658730237 -0.230739868398985 1.84978047079777 373.252877951281 -333097.466069718 101.365747657445 106.853750422776 91.0924574441778 986650.672713791
42700 0.0854 -1.83245013945216 0.031490618434316 0.0191653563714974 0.0489399912718968 0.081937464136338 -0.225681917762815 1.90566972453898 373.067201042606 -333095.509581259 101.393254405764 106.87107519433 91.0725421714528 986862.623950978
42800 0.0856 -1.86457243276829 -0.0212809114943188 -0.0442435514553278 0.023294073821536 0.0876967819858912 -0.218974220841614 1.8773580431568 374.909355751828 -333109.329430951 101.371847269627 106.861119252129 91.0526268987278 986346.616332464
42900 0.0858000000000001 -1.81662969295473 0.0247122797165179 0.0245240940818673 0.0361479943949631 0.0805149682031971 -0.217025548360003 1.88543418351329 371.219374885621 -333079.726969423 101.377534593378 106.940470555848 91.0327116260028 986918.512596569
43000 0.0860000000000002 -1.87690161268405 -0.0131470535328736 0.0138603424123784 0.0385374887435792 0.0714079022725341 -0.222243495291984 1.9216073497861 375.172385901977 -333109.496065984 101.342936953908 106.963182021421 91.0127963532778 986575.346086975
43100 0.0862000000000001 -1.89964751322378 -0.0193440496361066 0.00162041245252216 0.0284533395584064 0.0923675325177099 -0.202009934643885 1.93024565182744 374.018688247546 -333102.146900517 101.359150521879 106.981129294422 90.9928810805528 986682.79711132
43200 0.0864000000000001 -1.89565153417852 0.0279871747902543 -0.00950421066929071 0.0352172656756256 0.0966909157601478 -0.220725932454562 1.95130714779973 373.031513405376 -333095.361889692 101.373598573369 106.98029599812 90.9729658078278 986599.774733349
43300 0.0866 -1.92121344924263 -0.0201889951314927 -0.0134906619045168 0.0418506639632828 0.0894860286397639 -0.188131360205167 1.93962121207426 374.228172564701 -333105.804823522 101.347009071583 107.003592467197 90.9530505351028 986339.815945288
43400 0.0868000000000001 -1.87476005322346 -0.0168030790499596 0.0296342566795809 0.0513371631922786 0.0943345180803338 -0.206929087344895 1.92444838181146 372.67952217416 -333091.863063877 101.334485986915 107.056533808855 90.9331352623777 986489.829715729
43500 0.0870000000000002 -1.89470295542994 -0.019133999370521 -0.0197619503474679 0.0582423933243982 0.069624244033545 -0.237818000311887 1.92638855813857 374.077990351807 -333102.780227202 101.32501806099 107.059905473641 90.9132199896527 986212.687608541
43600 0.0872000000000002 -1.90390821475286 0.0285645084524035 0.0420550301661328 0.0494984048035486 0.0714041446898069 -0.217281386226397 1.98115683872186 372.735760095217 -333091.222367696 101.353840516614 107.081034667697 90.8933047169277 986471.772201427
43700 0.0874000000000001 -1.93546346370957 -0.0068637223282755 -0.0372877288563513 0.0172463393774062 0.0724624479657848 -0.197972622462371 1.94832519282655 373.46614603282 -333098.598416082 101.359000150905 107.058138458234 90.8733894442027 986094.944497478
43800 0.0876000000000001 -1.93764662502377 0.0135115890470447 -0.00627177618296569 0.0854714762775109 0.0701522094366776 -0.197431877450264 1.98051191317893 372.971796814556 -333094.10634702 101.375596094391 107.094666835998 90.8534741714777 986376.69818352
43900 0.0878 -1.91562079948913 -0.0290179130802093 0.00919155572890853 0.0496121729181975 0.0790882956427527 -0.209615668157968 1.94699298208713 373.149082592099 -333095.18992602 101.366924188739 107.12839817684 90.8335588987527 986386.705804986
44000 0.0880000000000001 -1.92979074670343 -0.00682866381589264 0.00884075887749992 0.0624153396157694 0.0844222214464358 -0.2213977438081 1.97693693624777 375.001209948343 -333108.53493865 101.374753798103 107.138377651053 90.8136436260277 986338.48557904
44100 0.0882000000000002 -1.93734355154179 0.0110187802646459 0.0196363797640178 0.0885901601330792 0.0531862635310964 -0.224924185869072 1.9991958130077 373.994085092664 -333102.423509222 101.384939338102 107.163503105131 90.7937283533027 986452.545781586
44200 0.0884000000000001 -1.94213914076687 -0.0322967601272109 -0.00936202935119587 0.053933568058808 0.0829243000885747 -0.218616364557781 1.96584861931719 373.674631842204 -333101.638272028 101.39173514483 107.154730074805 90.7738130805777 986221.533712645
44300 0.0886000000000001 -1.8905702416329 0.00953357706803372 -0.00323027383954486 0.0814732505545155 0.0673528952105216 -0.235442960628669 1.94579748898936 373.611171022314 -333101.447449896 101.435044085256 107.16367584739 90.7538978078527 986508.680455109
44400 0.0888 -1.94563931739262 -0.0323903457213241 0.0073179912283425 0.0949566724102772 0.0736241830544398 -0.203504809345497 1.97626536847599 373.752454265129 -333102.37148179 101.422208664493 107.178638603928 90.7339825351277 986305.088528116
44500 0.0890000000000001 -1.92653378312213 0.0233327228001777 0.02127900204407 0.060357956681303 0.0940128384476626 -0.213329966429424 1.9929758255647 375.369291662746 -333115.311933708 101.436140054832 107.208024213604 90.7140672624027 986494.450250625
44600 0.0892000000000002 -1.96038337547087 -0.025506640913223 -0.0090919181015557 0.0869809993801103 0.0610714836747445 -0.209589061578222 1.9853077523759 374.241121668709 -333108.474453599 101.422565007134 107.231396224085 90.6941519896777 986360.870060974
44700 0.0894000000000002 -1.95516963640563 0.00864835629410183 -0.0178378771215704 0.0881406660097303 0.0700881111732386 -0.216305365406823 1.99591479817651 373.947305241452 -333105.436451784 101.446322054858 107.240570718714 90.6742367169527 986459.66281872
44800 0.0896000000000001 -1.93141521399624 0.0361723641845887 -0.00939108076803456 0.0502449157776213 0.102273801730243 -0.220934815749436 1.99228935190043 374.485265863587 -333111.56107874 101.459213315942 107.237163979232 90.6543214442277 986336.99366314
44900 0.0898 -1.95442562848338 -0.0371932624673813 -0.0145198999193097 0.0831211229870167 0.0894695244985843 -0.226304891500357 1.97943112879558 372.826861955816 -333099.997329651 101.432286066678 107.256240514738 90.6344061715027 986033.970924012
45000 0.09 -1.90557947072732 0.0208920894579944 0.0358342310526721 0.0620284568067447 0.107398621158695 -0.246808770071452 1.99228292102881 373.938389355235 -333107.493377085 101.459464506139 107.29334164542 90.6144908987777 986422.550787831
45100 0.0902000000000001 -1.94289014529034 0.00117092522207317 -0.0188940012449895 0.0508848397224535 0.091756090513577 -0.230602530976136 1.98326158834034 373.291944522912 -333104.497771064 101.46249969119 107.279077596092 90.5945756260526 986104.142754426
45200 0.0904000000000002 -1.84901071951387 0.02723213061101 0.0150627053464594 0.052317873181907 0.106939772053929 -0.235134055500176 1.92509387477204 373.58048875991 -333107.527726137 101.485279736116 107.328372196159 90.5746603533276 986561.832997668
45300 0.0906000000000001 -1.89551919010342 -0.0358798556212715 -0.0170521855501333 0.0625237415143355 0.0960060486375449 -0.222852198676458 1.91885227612839 372.261972534615 -333099.153697672 101.459068565138 107.350758279464 90.5547450806026 986295.836433351
45400 0.0908000000000001 -1.89941012603943 0.00168795946802921 0.018801181883221 0.0584364808572042 0.0771156581997617 -0.218176311644585 1.95394174873872 372.855859569382 -333103.417921855 101.456332889266 107.401769072266 90.5348298078776 986520.888171761
45500 0.091 -1.89582347707015 -0.00996625399774136 0.00136250160078979 0.0695011708787656 0.0584458218213147 -0.205579152150534 1.93118553381444 373.306999560659 -333108.669640465 101.472957015418 107.395158020521 90.5149145351526 986404.769133143
45600 0.0912000000000001 -1.88129347709734 0.0546207572479157 -0.0267415157691811 0.0779517521613919 0.050490305274168 -0.241332281876687 1.9487109612103 374.850563364489 -333119.230877635 101.502968753288 107.398528610664 90.4949992624276 986510.374793471
45700 0.0914000000000002 -1.91077760188218 -0.0200105061217708 0.0209348558497255 0.0641589061465109 0.0553669737363634 -0.231178376547525 1.95856345381565 373.867900979469 -333111.121460685 101.462562873853 107.462693952173 90.4750839897026 986489.680693464
45800 0.0916000000000002 -1.90701116758504 0.00420133153473575 -0.0221996744228431 0.0609747287579957 0.0473277967472052 -0.214801044328065 1.93888222358688 373.348064089423 -333109.435623259 101.465782038079 107.464858577486 90.4551687169776 986323.694929091
45900 0.0918000000000001 -1.84305356872028 -0.00993783874028067 -0.00126965625915941 0.0643854428568027 0.0633127784687588 -0.237369278809324 1.88938421228171 372.581532219621 -333105.794469498 101.493765857011 107.476938364204 90.4352534442526 986489.378252934
46000 0.0920000000000001 -1.82789313134286 0.0132107294560219 -9.13850985294252e-05 0.0747662539385069 0.0478060071410126 -0.249774807732258 1.89106805348468 374.954843543485 -333120.613038117 101.505831268595 107.488271469913 90.4153381715276 986493.395763559
46100 0.0922 -1.87097491800123 0.00238105450616962 -0.011444597542973 0.0606311130401135 0.0773390284807133 -0.241102156096223 1.92018657977574 374.448615459719 -333119.828516093 101.477369836789 107.529492686624 90.3954228988026 986377.688375079
46200 0.0924000000000001 -1.83316333879139 -0.027239326855996 0.0202264554701462 0.0595660577367717 0.0589115829163344 -0.250229461848944 1.88632832605154 373.375114866284 -333114.360997005 101.461563822605 107.592326052422 90.3755076260776 986582.932707143
46300 0.0926000000000002 -1.83271856602036 0.00369099441616862 -0.00431934031495753 0.0551355974970532 0.0657618754497584 -0.233924497805045 1.8825540287027 372.594471644898 -333109.876412286 101.501602664752 107.577600756041 90.3555923533526 986619.719069424
46400 0.0928000000000001 -1.86663676347029 0.00997917199684421 -0.046781001388016 0.0325104977469941 0.0638264527980749 -0.246660501875911 1.90165940584444 373.617410148794 -333117.303849251 101.510179443148 107.561209349542 90.3356770806276 986335.299158175
46500 0.0930000000000001 -1.81499902098716 0.00812871970868832 0.0344831183352141 0.0596909652980117 0.0558690455433799 -0.243744336059746 1.88966233420025 373.180590030742 -333113.819262812 101.490205842048 107.653587991587 90.3157618079026 986770.578003861
46600 0.0932 -1.85635593415346 -0.0720748588959734 -0.0128165714496174 0.0916932498975746 0.0783165761080852 -0.267210894004632 1.88433870127699 372.428348001838 -333107.321856374 101.458785180325 107.66786831646 90.2958465351776 986378.384516225
46700 0.0934000000000001 -1.81673714195494 0.0301251542799883 0.0338455125493882 0.0735492417063616 0.0421752374312376 -0.256106270013913 1.90686159990211 373.151327976135 -333111.567191124 101.532555774287 107.660964668863 90.2759312624525 986814.591259806
46800 0.0936000000000002 -1.87334993229771 0.000180625518993399 -0.0581551080309466 0.0545448101337685 0.0593477949867281 -0.262559432769516 1.90539504773131 373.444674080403 -333113.747924799 101.551819454375 107.619724909902 90.2560159897275 986406.091983267
46900 0.0938000000000002 -1.86621281483494 -0.000980892655185575 0.00622190464599955 0.0822239328804658 0.0537593235650433 -0.25838380990482 1.92920086848177 372.531925936815 -333106.569325826 101.519568162948 107.695145729524 90.2361007170025 986566.1499155
47000 0.0940000000000001 -1.87640552199988 -0.0155768696236898 -0.00820453924653071 0.0605386590568766 0.0345879472774682 -0.256552716592908 1.92054625654927 372.885108035249 -333108.985586924 101.488594281189 107.749112429214 90.2161854442775 986541.589970099
47100 0.0942000000000001 -1.87503168477877 0.0115753563741996 -0.0150250219485899 0.0762053752900337 0.0344020252808756 -0.254180791048016 1.92992361147449 374.40258482471 -333120.626806444 101.494410360943 107.764049689746 90.1962701715525 986517.076252172
47200 0.0944 -1.88206090092174 -0.0073930832609613 -0.0189648640690471 0.0529800577805686 0.0273963641658297 -0.273036021603793 1.93057981880202 373.850956870506 -333118.211266909 101.500115778965 107.774961301787 90.1763548988275 986454.570922253
47300 0.0946000000000001 -1.83481991275664 -0.0225130768330722 -0.0131829579090248 0.04442974116587 0.0362080712127971 -0.250655554834629 1.87077306411865 373.575075752242 -333115.590258458 101.495860578918 107.798084727695 90.1564396261025 986406.95927597
47400 0.0948000000000002 -1.84059970138109 -0.0112857707936857 -0.00412735475618269 0.0504138257906877 0.035302000117742 -0.248702813127359 1.88585744759288 374.831016961522 -333124.454669516 101.500016199714 107.821819371357 90.1365243533775 986446.588270466
47500 0.0950000000000001 -1.84163066623674 0.00262520590239521 -0.032667668270994 0.0526117758027946 0.0665455233594066 -0.255401872289274 1.8853953125145 372.836724216883 -333111.751203885 101.523004279213 107.81566188878 90.1166090806525 986395.667462531
47600 0.0952000000000001 -1.85215911432633 -0.0153864898536826 0.020080171207731 0.0284172016072172 0.059075038254527 -0.257211221472253 1.91089004916758 373.046439562511 -333113.446837808 101.527910578939 107.839310885718 90.0966938079275 986441.663611356
47700 0.0954 -1.87270725519995 0.0068287093328638 -0.000626323701582064 0.0273042423605579 0.0551682408759929 -0.246236389279472 1.92664559905492 371.793935336712 -333103.781839494 101.531928400614 107.8595149574 90.0767785352025 986447.425406647
47800 0.0956000000000001 -1.86115123216443 -0.0109190673572293 0.0145020451949041 0.0464016208337843 0.0359716610665339 -0.250510081339709 1.91563236863596 374.524101058703 -333125.318710221 101.53313530786 107.88143920035 90.0568632624775 986441.522781723
47900 0.0958000000000001 -1.87525669971995 0.039758773757648 -0.0271738986445456 0.0400124917539689 0.0486473962952264 -0.270270661002148 1.94284032785655 371.680325555967 -333106.085794391 101.548334097647 107.896701252706 90.0369479897525 986510.553173562
48000 0.0960000000000002 -1.87870795344829 -0.0363216023102751 0.0122850214770441 0.0538066566967358 0.046303712345923 -0.268847796195632 1.92827830817539 372.036763778534 -333107.340944451 101.520622985696 107.951380619289 90.0170327170275 986522.893646712
48100 0.0962000000000001 -1.84533784371062 -0.0159552729143965 -0.0173158282366803 0.0700284172997076 0.0696112883672043 -0.277831191884599 1.89867667360601 375.150995985446 -333131.90695589 101.533227476862 107.964906781466 89.9971174443025 986550.690929584
48200 0.0964000000000001 -1.83623911641947 0.00988161765189098 0.0411260175249309 0.0755397954614545 0.0716761673723888 -0.267973948852951 1.9273765134283 374.14329053665 -333122.708567086 101.537114947436 107.992745127336 89.9772021715775 986624.475408971
48300 0.0966 -1.85999357746043 -0.04909785582652 0.00573251120023529 0.0504532542464317 0.0505939450324387 -0.279356955075978 1.90553890548228 375.135050484903 -333129.512889 101.53298402849 107.984413916783 89.9572868988525 986289.874041424
48400 0.0968000000000001 -1.84174721072703 0.0461560560667932 -0.000457291711742767 0.0350534365418449 0.0786605727869333 -0.257628714795192 1.92346468874512 374.435606886265 -333124.733315413 101.584269105464 107.984553020845 89.9373716261274 986570.86645263
48500 0.0970000000000002 -1.82316162176962 -0.0085897315793106 -0.0121404798971945 0.0442603401204071 0.060601208508725 -0.250962664008483 1.86871129207143 373.04239998557 -333115.083003486 101.581179997678 107.997017737925 89.9174563534024 986436.262679835
48600 0.0972000000000001 -1.78938140349803 0.00360389516152801 -0.00381278496486821 0.0148511945963947 0.0640431916042819 -0.260222800476403 1.84869339607753 373.449080905434 -333119.639498947 101.570568519623 108.032487496 89.8975410806774 986438.631974944
48700 0.0974000000000001 -1.817405894571 0.0104947329705655 -0.00332542804290374 0.0301889250754444 0.0457425927916875 -0.258580388407628 1.87769873510441 374.537193171957 -333127.297709365 101.562638681111 108.072885999905 89.8776258079524 986511.872856822
48800 0.0976 -1.79368638562137 -0.00660918960366644 -0.0180634852051468 0.0157195276709606 0.0600933803723255 -0.267595953661106 1.84382866122101 371.99530554975 -333109.92651995 101.556545252302 108.101559808656 89.8577105352274 986495.771908598
48900 0.0978000000000001 -1.82599036531672 -0.00951903029055829 0.0343238824813536 0.0317925203569935 0.0671718355654835 -0.246492154550678 1.89208174045495 374.434045809191 -333129.310330738 101.580115467525 108.102185830323 89.8377952625024 986511.751207066
49000 0.0980000000000001 -1.8501702802952 0.0373240814440641 -0.0333263108714043 0.0401900988825901 0.0368200321988164 -0.225612639279091 1.89628328364912 372.763616672365 -333116.944195811 101.61326337387 108.094590403561 89.8178799897774 986545.589760232
49100 0.0982000000000002 -1.84020427386027 -0.0386136800752268 -0.0244304433225662 0.0378744769793646 0.041862646462056 -0.265100865370291 1.86865686944623 373.493702720693 -333125.653907245 101.564811148665 108.15079583342 89.7979647170524 986369.144675717
49200 0.0984000000000001 -1.7955774025303 0.015813876308386 0.0350676192530501 0.0700644272673808 0.0571966233233903 -0.265470742641217 1.88476807920347 374.348627723977 -333131.271236008 101.571568266504 108.209930743768 89.7780494443274 986755.242908467
49300 0.0986000000000001 -1.8025488648916 -0.0308757653105176 -0.0184713026357891 0.0425325776195735 0.0479773289588428 -0.273464735494884 1.84326816083442 374.387480186761 -333132.247843369 101.593345227653 108.178416679645 89.7581341716024 986460.495296031
49400 0.0988 -1.78355592508826 0.06121187588254 0.014000374607225 0.0448733608164395 0.0532246010660316 -0.253961020052169 1.87785274638075 372.3925320322 -333116.17274604 101.62641795178 108.204940750676 89.7382188988774 986804.57720338
49500 0.0990000000000001 -1.780437964677 -0.0199678938745446 -0.0224130807966989 0.0507406802858689 0.0528744545355694 -0.27749845602979 1.82813657142129 374.755484286524 -333134.638405597 101.58560590457 108.244797560806 89.7183036261524 986552.635904827
49600 0.0992000000000002 -1.75988612334297 -0.0187519129391652 0.020356434266484 0.0518117937036228 0.0549086818803372 -0.284406978071489 1.83328419677825 373.141923938797 -333123.939006071 101.576936615912 108.286543648305 89.6983883534274 986629.832462557
49700 0.0994000000000001 -1.78680338495067 -0.00412496106315106 -0.0412893933679798 0.0508353768454545 0.0499358786426641 -0.273791890240557 1.83117197620698 374.285267420341 -333133.987982059 101.572305015068 108.290676701646 89.6784730807024 986403.446119534
49800 0.0996000000000001 -1.73750116890017 0.0193735355774756 0.0376598152986259 0.0564181055371377 0.0499270099704172 -0.292320880809072 1.84186086241129 373.769785041268 -333131.864029958 101.575829945465 108.355950621884 89.6585578079774 986813.074482701
49900 0.0998 -1.7269391004114 -0.0121713172780229 -0.0176200119918791 0.0382540705947011 0.0677581907344054 -0.282846503983203 1.78585695553237 374.367080710621 -333138.629627623 101.579190687746 108.36760297191 89.6386425352524 986732.622145544
50000 0.1 -1.72206730212643 0.00705856059186299 0.0160788557305869 0.0460938680569071 0.0334226029228304 -0.302486641549688 1.81377354997342 372.974558375761 -333130.561604339 101.598674408982 108.3959543422 89.6187272625273 986960.761606458
50100 0.1002 -1.72604096224127 -0.0315499321122178 0.00499863877222192 0.0274484564089026 0.0320539416165499 -0.320941281129576 1.80247591144672 374.472607267834 -333144.76648222 101.590837378343 108.40907476605 89.5988119898023 986784.750172232
50200 0.1004 -1.66583875176391 0.0300350210025223 -0.0100606534823926 0.0416626772088945 0.047714399504518 -0.307876837319843 1.76238477131419 373.460685001921 -333137.253958879 101.624056784822 108.419385664487 89.5788967170773 986981.879011777
50300 0.1006 -1.73233110093032 0.00313447403100174 -0.0258357935963973 0.0415371288181304 0.0491877871126591 -0.319645450385171 1.81145165333987 374.738827440076 -333148.86630361 101.611820543668 108.412644432224 89.5589814443523 986582.292233627
50400 0.1008 -1.71206324312455 0.0186549053153144 0.0319566254138716 0.0444762191895629 0.025896808983785 -0.333458709516485 1.83306143996887 374.231899296755 -333146.396413312 101.620634680572 108.445246469116 89.5390661716273 986745.112244014
50500 0.101 -1.69936223722598 -0.00827556489591018 0.0047360714825446 0.0526172524192376 0.0442849590565373 -0.325142574435947 1.79256506731647 373.012434706648 -333138.298851829 101.607314954901 108.465608019566 89.5191508989023 986581.5381521
50600 0.1012 -1.68419067263804 0.0202100071661265 -0.0232156201946308 0.066018814492787 0.059753411757844 -0.313238218448074 1.77510399705898 373.075359082287 -333139.485076342 101.629847293062 108.463662940438 89.4992356261773 986563.096578845
50700 0.1014 -1.73624288712179 0.0115926193200105 -0.0335695129635207 0.0455992892272848 0.0461306847893555 -0.351360701096847 1.8333078383121 372.402985931438 -333136.305777161 101.624667652053 108.478996828157 89.4793203534523 986432.733630066
50800 0.1016 -1.69675791488007 -0.00937355407751484 0.00569945328589368 0.0266565680596417 0.0440684614830461 -0.343965046305322 1.79883873610765 372.940914811975 -333141.907139908 101.604461528253 108.549738570844 89.4594050807273 986660.100462772
50900 0.1018 -1.71386390787285 -0.00575617046632461 -0.0161650660326895 0.0309579743854106 0.0545921530229277 -0.321505689005154 1.79495813178954 372.680134339185 -333141.325504787 101.614735656503 108.562439058321 89.4394898080023 986655.626650656
51000 0.102 -1.7307872676088 -0.0270346578540492 0.0341732562724833 0.028501405177285 0.0205582927334373 -0.358724240566064 1.84405983369012 372.647347235708 -333140.921428346 101.625810264991 108.581173280533 89.4195745352773 986713.682585788
51100 0.1022 -1.75598852698974 -0.0109003525677109 -0.0206804221542175 0.0231832989467825 0.0282055935827797 -0.351348544345147 1.84464028035465 374.18535945944 -333152.064072292 101.645522771805 108.573604703278 89.3996592625523 986616.499964428
51200 0.1024 -1.78438978440377 0.0349419143883213 0.00846070629120173 0.0262852249579488 0.0397140706365494 -0.33392503983341 1.89837118113257 374.007578250087 -333149.779489359 101.656149404381 108.582063580712 89.3797439898273 986576.695794246
51300 0.1026 -1.77800732401036 -0.0124837019912196 -0.00326111734093549 0.0294541423697294 0.0419142830914057 -0.379197320457068 1.89015509719341 373.825587193412 -333151.077162155 101.641915114903 108.595952523164 89.3598287171023 986344.905956297
51400 0.1028 -1.79549905863734 0.015901877212434 -0.00887375167372843 0.0239905728071633 0.0456364981807241 -0.358494900898436 1.90537111329879 372.664797015647 -333140.88316288 101.639169372921 108.616680557629 89.3399134443773 986286.663657348
51500 0.103 -1.82180290144559 0.00567301002469169 0.0481585587268553 0.0289885609473269 0.0314209935574837 -0.353067433859702 1.94899133675707 374.242280688377 -333153.013848465 101.628259948016 108.646459452428 89.3199981716523 986231.281517779
51600 0.1032 -1.83657601201317 -0.0156836528775692 -0.0024111887944263 0.0317526563799764 0.0221995173396145 -0.360022565461016 1.93218652373223 371.933360643239 -333135.390060093 101.633645958592 108.644985456756 89.3000828989273 986050.264015774
51700 0.1034 -1.82086975797992 -0.0316429938799542 -0.00189479126080914 0.0621728465769344 0.0093630436483701 -0.329733034956194 1.89564623824661 373.667066169019 -333149.674195236 101.636767401022 108.680874435477 89.2801676262022 986186.299244627
51800 0.1036 -1.85879839662047 -0.0282194769974957 0.0222216792644798 0.0387929639986944 0.0275320695383425 -0.352141273597432 1.95568381007429 372.734946418475 -333142.954847177 101.642120588397 108.693850328958 89.2602523534772 986135.971433723
51900 0.1038 -1.83789218443167 0.0344150139182633 -0.0132533578385655 0.0543808629597885 0.0191103578203525 -0.350657279284787 1.94869333598903 373.711913002832 -333152.26395367 101.670180309856 108.694311102785 89.2403370807522 986192.306473722
52000 0.104 -1.87999872989462 -0.0262749139387664 0.00130250388312826 0.0318156042213999 0.0221332450766373 -0.373291150859925 1.97755369221026 371.573964483851 -333135.545699656 101.650755636256 108.744222969689 89.2204218080272 986236.514572572
52100 0.1042 -1.87369817802621 0.0289747306784008 0.00629283523321742 0.0443340103893763 0.0281661398027425 -0.37872297182144 2.0040190153288 373.336986274577 -333147.555230371 101.664147130177 108.76803758447 89.2005065353022 986362.233194509
52200 0.1044 -1.87526659498131 0.00529733533460019 0.0048846638386417 0.0323753272095579 0.0458132144401831 -0.380452280126834 1.99484777885972 373.987342852923 -333150.252225708 101.659023326215 108.783026784775 89.1805912625772 986228.205276348
52300 0.1046 -1.91349792522584 0.00754357599919153 0.00467037568912694 0.023132497746811 0.0480245365409577 -0.364288455776981 2.02275352190895 372.291077522037 -333136.337267748 101.65860365184 108.814364520417 89.1606759898522 986287.939902212
52400 0.1048 -1.89752555276703 -0.0498933922488813 -0.0205359169114589 0.0500628942697197 0.0154608429626742 -0.361008012143826 1.96673959261607 372.489641769554 -333134.264433635 101.658187629656 108.811731254429 89.1407607171272 986039.741129223
52500 0.105 -1.88057246822278 0.0294993993593303 0.0200229206109524 0.0560497124785374 0.0241508407628534 -0.370777556140765 2.01344631814848 372.375746187422 -333132.758915265 101.703058678287 108.80548929827 89.1208454444022 986198.002262681
52600 0.1052 -1.89797664410531 -0.000122282417162067 -0.0304605274739094 0.0307769066901059 0.0127361055610077 -0.378871673006931 1.99478157438777 372.609168235472 -333133.080048071 101.697088622271 108.803359708754 89.1009301716772 985900.44823552
52700 0.1054 -1.91190898989194 -0.00438475484037139 0.0131498568864675 0.0323415578161691 0.0272796450177382 -0.357377563206692 2.01517505467196 371.221538590126 -333118.43732447 101.690895122741 108.853198341558 89.0810148989522 986071.531328481
52800 0.1056 -1.91513198837542 -0.0172646182028762 0.010500362383667 0.0455797247240406 0.0316577695566638 -0.379775595365574 2.02417721189247 373.002852238983 -333129.704055558 101.679171594598 108.871622893961 89.0610996262272 985904.273337523
52900 0.1058 -1.94223740561023 0.0221069834007383 -0.00566865655553495 0.0273936796757229 0.0354270072484641 -0.387420338438984 2.06425760451775 373.074524486108 -333130.403765761 101.694576288422 108.883567201177 89.0411843535022 985941.301504828
53000 0.106 -1.94191849841526 -0.0269976463204618 -0.00854910258430262 0.0140293764174934 0.0264038931952675 -0.37054248471344 2.0290827695077 372.863906876037 -333126.9265145 101.690082535653 108.908901439222 89.0212690807772 985906.564799988
53100 0.1062 -1.95129165482745 0.00839915397240058 0.0335975214992023 0.0312408101402201 0.0173373990741706 -0.336250563154006 2.05752936251186 372.251949641972 -333122.623023866 101.72228560266 108.918355744338 89.0013538080522 986083.743458933
53200 0.1064 -2.00354338043854 -0.00792593381831415 0.00184046030110517 0.0604500188189539 0.0207151196336092 -0.367060001927324 2.10202841563072 372.591157640275 -333124.449976108 101.724198885401 108.936470681389 88.9814385353272 986045.605231963
53300 0.1066 -1.97090314088019 0.0256229928675588 0.0116008810300067 0.0424589945044601 0.0145484454038229 -0.367130589446678 2.09014726495061 373.179428728585 -333127.072658051 101.731822718591 108.972767200079 88.9615232626022 986227.289778951
53400 0.1068 -1.99060412770842 -0.0471854081374812 -0.0266173727461187 0.037037907189571 0.0363094215458649 -0.364962263801455 2.0554645637048 373.03564958865 -333125.129707118 101.703311832679 108.984257608009 88.9416079898771 985834.113796067
53500 0.107 -1.99540399747385 -0.0109376433439096 0.0329134085757458 0.0205187512994099 0.0130150874950792 -0.370141812056975 2.10709199624189 373.33162101836 -333124.736790419 101.743521213191 108.991987656529 88.9216927171521 986072.978768605
53600 0.1072 -2.0656348662872 0.0160195906902774 -0.0183904454765713 0.0290939373368858 0.00981418730582352 -0.381698694061061 2.16858237778098 373.640900356965 -333127.946974805 101.771973117737 108.952637317801 88.9017774444271 985771.790376663
53700 0.1074 -2.02333241661962 0.0212600264408655 -0.0216964981268262 0.0262732646763604 0.0130894055228435 -0.376542332476436 2.12657286991845 373.121433259946 -333120.838860869 101.773297433676 108.97764284241 88.8818621717021 985789.982902809
53800 0.1076 -2.02621236455877 -0.0326628605126643 0.0350380735887485 0.0456441487965425 0.0217269245198372 -0.398153813330539 2.14406947767005 372.933996390397 -333118.983683185 101.736419521746 109.025283518973 88.8619468989771 985642.673266405
53900 0.1078 -2.0577195960173 0.00741131750596313 -0.00800530243369169 0.0438823678291709 0.00552655707510566 -0.37748147270726 2.16021096783863 373.009998124548 -333116.039514637 101.748118412614 109.029852255902 88.8420316262521 985576.391130271
54000 0.108 -2.03204789082945 -0.00049006535696393 0.0185140455230327 0.0523800547970607 0.0483592937728323 -0.400787818353432 2.15947581717624 371.393162471678 -333105.601568166 101.747145375341 109.062655908616 88.8221163535271 985642.495890386
54100 0.1082 -2.04762542267594 0.00498808926814934 -0.00554653466391732 0.0432866872426642 0.0318432394071258 -0.389651656623018 2.15774375781346 372.454079803645 -333111.095731492 101.763325773054 109.067176394056 88.8022010808021 985619.057785938
54200 0.1084 -2.07579076496424 0.0239057928975002 -0.0451064871262788 0.0499018450648227 -0.0117085383591503 -0.399536886678874 2.18067753383202 372.249398578462 -333107.824342729 101.769328756137 109.087265376512 88.7822858080771 985637.655947481
54300 0.1086 -2.08905527282911 0.00946241738833322 0.0187884828000063 0.0120838757050346 0.0209445839377959 -0.397207205053235 2.21325759076568 374.026548830737 -333119.730791057 101.765918087997 109.124182191472 88.7623705353521 985717.005847177
54400 0.1088 -2.11660614520227 -0.0169382153195007 -0.0324605274182502 0.0412492542459657 0.0293287197118983 -0.398385333102672 2.20455716692969 372.723677994357 -333108.934505914 101.793951779724 109.099416752799 88.7424552626271 985543.603877731
54500 0.109 -2.10045806907874 -0.0072209378502961 0.0306273960428983 0.0427071792427618 0.0248012416310691 -0.395884675410385 2.22256400688544 372.905230172389 -333107.524840485 101.812437285229 109.134718632967 88.7225399899021 985820.247427842
54600 0.1092 -2.13804379632612 -0.0108721081079989 -0.00727953247354713 0.0441560178828555 0.0422338843519236 -0.410257470460992 2.24691972794961 375.121495224642 -333123.980539664 101.817707899978 109.127943247076 88.7026247171771 985588.793913779
54700 0.1094 -2.15443859433568 0.0329680809735503 -0.00330701108549728 0.0479621979906664 0.0199790799249348 -0.406334499120374 2.28257250721906 371.522294274884 -333096.333741245 101.839743176686 109.148611337195 88.6827094444521 985767.426639924
54800 0.1096 -2.11887152884815 0.0109309777828044 -0.0149378179034885 0.0566873197117657 0.0369128568399793 -0.394335538025074 2.22752375278979 374.184950136054 -333112.789427799 101.837092825105 109.158383923565 88.6627941717271 985608.644799123
54900 0.1098 -2.10648006507465 0.0257193900628766 -0.000899565159132175 0.059201443259539 0.0293995957184645 -0.395140600446483 2.22974031832096 373.510259558717 -333106.904017584 101.826330844748 109.182270332381 88.6428788990021 985498.728071479
55000 0.11 -2.10510135317386 -0.0124664779442422 0.0353069383065269 0.0639385012683708 0.0386870857865031 -0.406930092328206 2.2349286577121 373.752308621205 -333105.641677825 101.834446786563 109.220484800653 88.622963626277 985700.728375227
55100 0.1102 -2.11580445466384 0.010110345613932 -0.0446605887342337 0.0338653808422014 0.0376534649806207 -0.421838328290832 2.22432280060992 372.535087891192 -333094.693581415 101.886660426912 109.181673806515 88.603048353552 985634.142944244
55200 0.1104 -2.10347715630019 0.0147445780714012 0.00202463015853939 0.0197473195459824 0.0364760940277084 -0.409548774072571 2.22899830061338 372.159374933971 -333090.577577149 101.890925137628 109.218133887346 88.583133080827 985782.931182103
55300 0.1106 -2.0707205578743 -0.0256733749691092 0.0138392419512668 0.0397161821738179 0.0289262961871113 -0.432987588264639 2.1986954007122 372.867326208485 -333093.482514831 101.861755162275 109.273875746271 88.563217808102 985782.01335324
55400 0.1108 -2.11678931372669 -0.0145426504031873 3.47374269866379e-05 0.0402445589607021 0.0383407434149043 -0.438758827339792 2.24434748551046 373.255566052569 -333093.806160077 101.881867241253 109.267371843772 88.543302535377 985696.262251321
55500 0.111 -2.14381754374376 0.0296850747356813 -0.0186519139862642 0.0161579681764949 0.0515209516931175 -0.431484347245341 2.27786571518367 371.903936452464 -333081.020690628 101.912998381333 109.256261368716 88.523387262652 985675.445730708
55600 0.1112 -2.16268429005729 -0.0107587842890318 -0.0214488414323605 0.0249288689763544 0.0377852078520582 -0.424667162640515 2.27047738624961 370.163247170315 -333064.845045812 101.899460508273 109.282743598909 88.503471989927 985561.620048068
55700 0.1114 -2.12117803230394 0.0153282544239171 0.0279534548522195 0.027435598348681 0.0486005877387589 -0.426089091400014 2.26843387780776 374.9567746998 -333097.630683159 101.896805255012 109.328412533452 88.483556717202 985725.930805855
55800 0.1116 -2.15474082490896 -0.0262525371157833 -0.0127685466467322 0.0333489235184123 0.0352793623311701 -0.433172561438034 2.26480252590047 373.418199278208 -333086.937048757 101.905993025468 109.310951025489 88.463641444477 985435.515649193
55900 0.1118 -2.15932190036584 0.0436388189089726 0.0177829437124062 0.0206278987332778 0.0530213831274211 -0.413812474702612 2.30655101916534 374.245880965282 -333089.904512521 101.918710876027 109.346011499988 88.443726171752 985652.662732458
56000 0.112 -2.18434944274189 -0.00018084270488842 -0.0325767745053378 0.0357860511387555 0.0709783561819485 -0.442670042261255 2.30384673909339 372.718104260414 -333076.530127432 101.881241588189 109.385495910518 88.423810899027 985424.140462702
56100 0.1122 -2.15259138948235 0.0119508402483069 0.0617740578113418 0.0262952399594273 0.0583273242568336 -0.427880240024144 2.31453989473929 372.626839698316 -333073.861275422 101.866078276864 109.445941423753 88.403895626302 985599.900787141
56200 0.1124 -2.17346304162007 -0.0497587488147073 -0.00868299322999783 0.0393097251588813 0.0306533028884316 -0.432146832281409 2.27304799593078 373.633605745625 -333080.82084577 101.883439802348 109.422618473196 88.383980353577 985335.791511599
56300 0.1126 -2.15985083248856 0.0384617640375419 0.0074747771237823 0.0399360896461743 0.0357833268475197 -0.42723953065869 2.30686936011216 370.929677693011 -333057.281780643 101.933963438699 109.425911068306 88.364065080852 985631.940839016
56400 0.1128 -2.2468147998223 -0.0541720526540947 -0.0241384894907457 0.0402657737493545 0.0638367152210657 -0.442295937489618 2.34059897702797 373.183558517332 -333072.625305843 101.911757097723 109.428985425365 88.344149808127 985222.809164462
56500 0.113 -2.21487277030774 0.0252560914152206 0.0311731257242469 0.0303483206050449 0.0455910007552345 -0.44321945390925 2.37271919545102 372.612657350685 -333066.207735983 101.974453834611 109.421026994377 88.324234535402 985535.010396079
56600 0.1132 -2.21795721279462 0.00547115524389958 -0.0531198009753863 0.00910069163977089 0.036284087410443 -0.449698180463239 2.32973759189294 373.400526923745 -333070.322353517 101.977817945064 109.412222884154 88.304319262677 985266.016283974
56700 0.1134 -2.21978847719636 -0.00773989672547149 0.0306192721476469 0.018586021253085 0.0368237106202156 -0.438066677678329 2.35802761075432 371.900233749829 -333057.801870197 101.969803779105 109.482368664621 88.2844039899519 985597.873666539
56800 0.1136 -2.261994361453 -0.0204606173997504 0.00582210639872823 0.00956567350838158 0.0262832082860589 -0.453966583916646 2.38844757634763 373.595920045174 -333068.226660595 101.969379152459 109.47680633498 88.2644887172269 985321.375803568
56900 0.1138 -2.28013200023053 0.0155467459956872 0.0196963347209151 0.0178908833717068 0.042994992507903 -0.424217059676613 2.41372545001108 372.564256154246 -333057.33110245 102.016988387962 109.465124711826 88.2445734445019 985453.832985108
57000 0.114 -2.34696927147782 -0.000656259106032155 -0.0176534845303869 0.0326900811502819 0.0340115302224868 -0.422549776843083 2.45110466219242 371.585915007227 -333047.082396652 102.056389316813 109.422333620657 88.2246581717769 985226.662217416
57100 0.1142 -2.31345563351924 -0.0223500768366504 -0.0154995384596006 0.0378375472554996 0.0452317690389328 -0.419558567356322 2.40903048161375 373.284136415636 -333058.165657793 102.051267738426 109.459619480929 88.2047428990519 985290.4573163
57200 0.1144 -2.33013972289803 0.0197998571607798 0.00511585485774182 0.0344410275172671 0.0328593621080578 -0.426214598103954 2.45758001878261 371.862451803526 -333043.388003405 102.044733588473 109.495057944943 88.1848276263269 985323.825411881
57300 0.1146 -2.31193379782175 -0.0258136328147874 -0.025872241968524 0.0310396552895742 0.0417307082599861 -0.433370901119116 2.40785322957314 372.72866340683 -333050.217836033 102.025294871114 109.518368366397 88.1649123536019 985123.328623586
57400 0.1148 -2.27244185638317 -0.00660647886576564 0.0213927868462186 0.0395746557176979 0.058230702903148 -0.442123450096392 2.4082205014216 372.904605070465 -333050.108244546 102.032967617248 109.547805372787 88.1449970808769 985239.618761382
57500 0.115 -2.31093659852118 -0.000325287486857538 -0.0487835323100603 0.0264606585464703 0.0638894263486845 -0.426687745138025 2.40620822766283 373.392136588652 -333052.423689503 102.055226547757 109.532503766881 88.1250818081519 985094.284834067
57600 0.1152 -2.30193629719013 0.0435327544265317 -0.00284921802667805 0.00904023115535449 0.0746824614428597 -0.451951034288991 2.45445425261553 375.011420909174 -333061.933485638 102.08020016049 109.56584152057 88.1051665354269 985412.502353631
57700 0.1154 -2.33453769341515 0.0121364902635139 -0.0138462132568899 0.0563394070180526 0.0685487289778569 -0.462943195919967 2.47247856708229 373.889068650087 -333052.590059729 102.054596523783 109.594661238032 88.0852512627019 985201.730767081
57800 0.1156 -2.30228925375667 -0.00352439222091362 0.0175325607450691 0.0173400051410575 0.0383163232582952 -0.448517317713143 2.4376172934966 373.554797990961 -333048.506409946 102.038080837923 109.65226718085 88.0653359899769 985337.232676216
57900 0.1158 -2.29300156446884 -0.00660293925371653 -0.0169351407470291 0.0160557675382177 0.0634253706016281 -0.459897058672126 2.41897902143259 374.136554953815 -333051.251686892 102.070338798627 109.636707807482 88.0454207172519 985286.007757446
58000 0.116 -2.3170248976151 0.0100201098109305 -0.0228848544900528 0.0328187176986905 0.0491508161863866 -0.429193495153454 2.42955750129557 373.277481769218 -333043.763960248 102.090139295342 109.647883471691 88.0255054445269 985354.664463793
58100 0.1162 -2.33245682804399 -0.0106657244288021 -0.00469881406109306 0.00818489716041868 0.0392514305439086 -0.444478802517212 2.44992054400525 373.225614890729 -333042.057882983 102.050442274141 109.688834435355 88.0055901718019 985116.453098295
58200 0.1164 -2.29224862877902 -0.0283893527798821 0.0227030658148808 0.00844467650474492 0.0239671272355829 -0.433609633574901 2.41025402245669 371.806203886623 -333030.349040471 102.030782114341 109.751023371638 87.9856748990769 985262.069983199
58300 0.1166 -2.30938700937501 -0.0146644027216991 -0.0131782692833704 0.0057513477774017 0.0507310081486388 -0.415278403639607 2.40714621725214 373.093340836605 -333038.855091258 102.03886395668 109.761864640737 87.9657596263519 985214.394324083
58400 0.1168 -2.29993834923423 0.0226295665680756 -0.00401218780491757 -0.0162513652426018 0.0509829023475893 -0.434305906331858 2.43055737910037 373.823894553933 -333043.093810323 102.07291742711 109.768735606387 87.9458443536268 985381.745194159
58500 0.117 -2.32906628442163 0.0174573900185751 -0.0381747603827913 0.0218460482442711 0.049347919114053 -0.42043380827018 2.43264409545125 372.588130377556 -333032.992640813 102.08102851524 109.776657006112 87.9259290809018 985307.98959757
58600 0.1172 -2.26652570703068 -0.00445228629856533 0.0519367730603174 0.012093349999172 0.0378792976769424 -0.439174099362305 2.41476231102899 374.642889969803 -333045.975984892 102.069971926914 109.844269103316 87.9060138081768 985584.77428324
58700 0.1174 -2.2773984651515 0.00449729400319851 0.0258500846724249 -0.00193636476982228 0.0685360869001852 -0.455193622517401 2.42733095722064 374.064835802822 -333039.396099434 102.068260638782 109.850882617251 87.8860985354518 985404.29353407
58800 0.1176 -2.2923667837129 0.00845010831057834 -0.00464180124212846 0.0244685054997758 0.0672401900575533 -0.459192295762859 2.43140704701899 373.320555102579 -333031.023322495 102.085860459601 109.865321796131 87.8661832627268 985480.392267201
58900 0.1178 -2.3037214407335 -0.0184031009630462 -0.0249856968922668 0.00233887335182405 0.0698153988022862 -0.468204013193905 2.42486368525904 372.566583966842 -333024.01332574 102.077634987911 109.878790671972 87.8462679900018 985298.419756368
59000 0.118 -2.30254956950837 0.00883386985992664 -0.0309050802622658 0.0195876077272149 0.0327796730972171 -0.451290906919988 2.42230997784615 373.655683002046 -333031.503638644 102.09473542736 109.884680396711 87.8263527172768 985292.881158669
59100 0.1182 -2.24912988691571 0.00390121100500494 -0.0012755497072238 0.0227864829700624 0.0445489252264241 -0.474695285574033 2.39750513205951 371.05093528728 -333008.934764678 102.098151274408 109.917480560331 87.8064374445518 985396.466182702
59200 0.1184 -2.28017337462868 -0.0153313005793438 0.00959875621009099 0.0211994210499441 0.042027061216742 -0.455464681726683 2.41155241836541 372.857921029806 -333018.651578825 102.104526302109 109.916810803809 87.7865221718268 985228.480680899
59300 0.1186 -2.25646521330791 0.0261918692705369 0.0201023515066343 0.0251377677730795 0.0396498900757328 -0.450316950379476 2.41073189900308 374.342081812913 -333027.040726404 102.145732544532 109.909343166487 87.7666068991018 985335.541918154
59400 0.1188 -2.23551088444635 -0.0026540995368383 -0.0292578106113523 0.0453347687667101 0.0263024729935222 -0.417617838616229 2.33632404944358 374.299242152498 -333026.796571503 102.147919512316 109.927499670413 87.7466916263768 985295.788560868
59500 0.119 -2.28364507615061 -0.0472068137559621 0.0215513731447496 0.0170053091581755 0.0218255345878095 -0.465712055047974 2.41104064419415 372.808985045575 -333014.969510236 102.129350015293 109.979463606339 87.7267763536518 985358.655892389
59600 0.1192 -2.30137168292129 0.022511903700866 -0.0298409226285584 0.00974659649277959 -0.00135312431122102 -0.44833316186074 2.42586319113717 372.237311976143 -333009.567588174 102.168526276562 109.972052922605 87.7068610809268 985446.45108036
59700 0.1194 -2.3107345626094 -0.00528908774507279 0.0150417284202164 0.0379435257303508 0.0357184423158768 -0.449427062771111 2.44468083332755 372.782456423261 -333011.241860842 102.166669268026 110.006579162817 87.6869458082018 985514.091701432
59800 0.1196 -2.34683358349686 -0.0257556952040359 0.00355075783937021 0.0297196855288396 0.0144935926167244 -0.465040454080486 2.47150800837343 374.08343370677 -333018.706598309 102.154572262489 110.031481229513 87.6670305354768 985396.613567604
59900 0.1198 -2.31972415175945 0.0207602951591267 -0.0135124969741674 0.0182884281870058 0.0294577080938818 -0.478973760640056 2.46793058923221 373.755022866001 -333013.559963027 102.164534954929 110.059620642776 87.6471152627518 985520.81348539
60000 0.12 -2.31669387226706 -0.0468807890636279 -0.00780602499275636 0.0502243335630228 0.00057998786815353 -0.456068931140579 2.42359975050302 374.887497950794 -333020.866760647 102.12328083947 110.104128368675 87.6271999900267 985297.308480021
60100 0.1202 -2.30222268740651 -0.00232406603734871 0.0200498381613629 0.0555519968956376 0.0206706760263883 -0.468456220899279 2.45160877137917 372.379085064641 -333001.768530097 102.140030844122 110.132956695529 87.6072847173017 985492.908485426
60200 0.1204 -2.33677078165776 0.0136223061957744 -0.0239714915250897 0.0488383814796742 0.0249528311645154 -0.453294496412693 2.46228592045027 372.233383935396 -332999.680853901 102.141388801022 110.122278705895 87.5873694445767 985186.452657903
60300 0.1206 -2.2955502208917 -0.0154953477393636 0.0221400676949358 0.0147530341376371 0.0300065597177211 -0.466297008590982 2.43752544582297 373.748487780704 -333009.087525317 102.147546876851 110.16389055636 87.5674541718517 985394.037641399
60400 0.1208 -2.33613301824806 0.0215991955300872 0.000544204302613713 0.076832271003059 0.0196216468106846 -0.453530811362457 2.4790396698527 374.673435526484 -333015.822868524 102.161077103188 110.171835653211 87.5475388991267 985371.485523801
60500 0.121 -2.31411013147134 0.0312239988864162 0.0239145130071037 0.0402977621932493 0.0228238651879377 -0.487872192400878 2.49078195927112 373.360057701107 -333003.488858103 102.16460368344 110.208191104279 87.5276236264017 985506.439399022
60600 0.1212 -2.34710110575725 -0.0138209566721155 -0.0218001595790542 0.0246127367828255 0.02495116297521 -0.456848331501438 2.4607841112275 372.46565632901 -332995.648568352 102.14698729162 110.23072945678 87.5077083536767 985313.774619166
60700 0.1214 -2.29394511336904 0.0498826231211168 0.010297723541242 0.0515197184374842 -0.00786448577333887 -0.451885487624312 2.45419337326611 374.45903655937 -333008.620151161 102.155747738675 110.290195973275 87.4877930809517 985705.49317569
60800 0.1216 -2.34915217049383 -0.0101634799276 -0.00612492116293524 0.0178722598795495 -0.0109533438982466 -0.443531450720547 2.46410413160898 371.897037106698 -332987.89986276 102.117649108142 110.318769685129 87.4678778082267 985368.801275618
60900 0.1218 -2.34366542704586 0.00611530557027241 -0.0342687531856588 0.030373930705464 -0.00724507157762953 -0.489006347548352 2.47961962897938 373.33997928092 -332994.936590979 102.103380647545 110.352351992288 87.4479625355017 985306.643339797
61000 0.122 -2.30640526108712 -0.00145333173293118 0.0456181466715469 0.0459032257370255 -0.0104694222348749 -0.472219660645615 2.46964389825426 371.213031814405 -332977.458020555 102.099833592327 110.409141842602 87.4280472627767 985554.957726158
61100 0.1222 -2.34118848460714 -0.00476813700311443 -0.0433209051068932 0.0253731177483427 -0.0120539119213341 -0.472429676481943 2.45809022579026 373.993688015285 -332997.070448088 102.11191411597 110.379627432273 87.4081319900517 985183.614461654
61200 0.1224 -2.33906832591288 0.0123791687000611 0.0477921802645741 0.0221354361981267 -0.0146722031312844 -0.476828562883181 2.50959029066789 371.793624246464 -332978.569599463 102.148068145781 110.412473691977 87.3882167173267 985601.088687729
61300 0.1226 -2.34937732015558 -0.033622231208202 -0.0386645491395671 0.0505738055675793 -0.0149660180010848 -0.446747984514756 2.4409356081354 373.677600684179 -332991.079922345 102.144666390529 110.398917689506 87.3683014446017 985222.684098125
61400 0.1228 -2.29655638851495 0.0313152303440491 0.0380584652495458 0.0333691281212509 -0.00300530204737953 -0.437369302768149 2.45193238955107 374.068720093749 -332992.366540961 102.175803644738 110.444692414586 87.3483861718767 985706.902535209
61500 0.123 -2.38833192020177 -0.0351881183439956 -0.0195546027435299 0.0438376259640981 -0.0239479923676978 -0.479249023185141 2.50416506632565 374.409547636143 -332994.104823771 102.141429785009 110.446742729554 87.3284708991517 985168.916959249
61600 0.1232 -2.33492436784533 0.0178949650930621 0.0156336524713816 0.0372322881947761 -0.0152229466328172 -0.447766628194304 2.47725296872726 373.353381439694 -332985.13423143 102.17281280535 110.486303501799 87.3085556264267 985599.778047123
61700 0.1234 -2.33599896292222 0.00729965943578245 0.00192524086786179 0.0223772836795114 -0.0407349834115029 -0.467439316560511 2.47799560923513 372.592247176624 -332977.598294364 102.156426631645 110.505838688584 87.2886403537016 985391.126183805
61800 0.1236 -2.32411306434015 -0.015364435591956 -0.00627080133420756 0.0514246319180922 -0.0184431387800968 -0.454823951011583 2.44559731889837 372.011081650161 -332972.531608734 102.15162958874 110.54099079247 87.2687250809766 985433.412206271
61900 0.1238 -2.30785955866189 0.0233423632234943 -0.0311970449561237 0.0410033857029339 -0.019642030096759 -0.459685197967658 2.43935796453244 373.939926408848 -332984.960658222 102.163105300958 110.560559483649 87.2488098082516 985493.636071833
62000 0.124 -2.33792877973986 -0.0333952908274019 0.0178128047619124 0.0129992052253343 -0.021923527277581 -0.470813679927009 2.46950461966272 374.897152089682 -332992.87964901 102.127922824228 110.622452227298 87.2288945355266 985480.758291181
62100 0.1242 -2.28945327697644 0.00237816897809326 0.00470427157275715 0.0298629852110333 -0.0318976576033809 -0.460250787443668 2.42879557803013 373.364702924588 -332981.075555767 102.141740602071 110.661442021865 87.2089792628016 985736.375027591
62200 0.1244 -2.28820023498831 0.0103460338344199 -0.0184243954525207 0.0372768300455871 -0.0226854231983219 -0.438775658533725 2.40858824452152 375.236279028062 -332994.183632115 102.172694413827 110.641567880101 87.1890639900766 985632.880871362
62300 0.1246 -2.26631860128084 -0.0127345487237647 0.00837129118221003 0.038799058973499 -0.0125513433655587 -0.465093327459464 2.40428252124831 373.943329447004 -332984.569383291 102.184919156029 110.659585803864 87.1691487173516 985686.141998459
62400 0.1248 -2.30083440948755 0.0282789619242892 -0.0635545105404195 0.0350260093100419 -0.0224425138736323 -0.471853797868815 2.42743514802245 373.577952276866 -332981.14626349 102.197356814528 110.664438203768 87.1492334446266 985624.110284704
62500 0.125 -2.28823920246102 -0.0113981154703888 0.068293538849254 0.0305402264289246 -0.0178306598773526 -0.4687234385362 2.45655413681597 374.186698855742 -332985.354764784 102.162780674056 110.748940591319 87.1293181719016 985817.676369093
62600 0.1252 -2.330595285088 -0.020985424581469 0.00888595374218709 0.056492193555865 -0.00970483867206674 -0.48255916149441 2.47237293413048 375.075131197213 -332992.090853311 102.158543257989 110.730952771756 87.1094028991766 985391.394038941
62700 0.1254 -2.27199177822575 0.00776695599099872 -0.0116906691300073 0.0616747824468821 -0.0109955861472143 -0.467971164336325 2.41289968122606 372.180902256123 -332971.556052969 102.183939998853 110.764194605714 87.0894876264516 985706.847712907
62800 0.1256 -2.2656296153538 -0.036550356354964 0.0029545424435172 0.05116695074341 -0.0138584589326268 -0.465833208206934 2.39120191645762 375.63269782775 -332998.135504997 102.170493132265 110.784733041062 87.0695723537266 985534.464808711
62900 0.1258 -2.29387802771053 0.0475052426997184 -0.00506934617194772 0.0452789333724276 -0.0128168105019996 -0.490253753430003 2.46767745645418 374.069838564253 -332987.684164024 102.187989799166 110.799396725401 87.0496570810016 985608.218868779
63000 0.126 -2.30569187990154 -0.0185617012234538 -0.0144079387784483 0.0335500309924991 0.00134223132096961 -0.476096380110699 2.433899630503 374.643788250325 -332990.98598502 102.161510733811 110.840821689171 87.0297418082766 985495.710439667
63100 0.1262 -2.26951328246983 -0.00137581603725177 0.0152474026224843 0.0207509167587684 0.00676032236758518 -0.505802542576966 2.43954200349884 372.67347279466 -332976.924044811 102.180493085404 110.871607707898 87.0098265355516 985726.976385872
63200 0.1264 -2.28932255467424 -0.0104444588568317 -0.0299030261530836 0.0342546550400079 -0.0300257199491725 -0.498290062191512 2.42907884652552 374.08986409237 -332987.335348181 102.208403361614 110.852014619221 86.9899112628266 985596.340390373
63300 0.1266 -2.25907858647544 0.0314477222047241 -0.00686870856290106 0.0244922279050709 -0.0273948228624296 -0.510447376675324 2.43842874339219 371.782035444451 -332969.114756053 102.217497343665 110.894817946976 86.9699959901015 985838.888849617
63400 0.1268 -2.24961157429655 -0.00286490555944124 0.00531488593995414 0.03884536539631 -0.0241237033087157 -0.528996467476637 2.43148102110691 374.476631486664 -332988.828844306 102.160113479298 110.95820307 86.9500807173765 985622.86752802
63500 0.127 -2.24284222083334 -0.0122555378885201 0.0166544812951941 0.0356079918463974 -0.0115935700192435 -0.531982046016993 2.42776867819722 372.327340801525 -332972.690687107 102.15870085426 110.990806149248 86.9301654446515 985673.029542735
63600 0.1272 -2.22309953159255 0.033579444052373 0.0125720748094068 0.0231823773092276 -0.0171195236316114 -0.525642195431949 2.42425763382379 373.960936980789 -332985.4485385 102.181968925133 111.008676266178 86.9102501719265 985830.364514294
63700 0.1274 -2.27403442880961 -0.0271277261373253 -0.0187958133171987 0.0253977149178382 -0.00279762643200331 -0.508074021229348 2.41738628007629 373.928297369091 -332985.857131748 102.164417168278 111.025165660654 86.8903348992015 985581.544998038
63800 0.1276 -2.20001999439251 -0.0377667658624172 0.00962110950491751 0.0181236676513746 -0.0207021131812537 -0.507528805807889 2.35692104707797 371.457421351615 -332969.339270625 102.179230261318 111.060113561753 86.8704196264765 985808.728870888
63900 0.1278 -2.23615859082961 0.01230565906977 0.00757406051925449 0.0473782404883617 -0.0225418983157248 -0.513304875058154 2.41737031291122 374.440912779943 -332991.898916607 102.214389574546 111.050649126865 86.8505043537515 985837.843934913
64000 0.128 -2.23580648135058 0.0272873145699907 0.0100839515137167 0.055227371637583 -0.0351003943126973 -0.497824917908361 2.41646268501732 373.920771908837 -332988.429422468 102.238341662007 111.054802458515 86.8305890810265 985879.617273902
64100 0.1282 -2.24023102012086 0.00596039669278527 -0.0473426456072267 0.0342091970206711 -0.0147880544851714 -0.496268418766985 2.38149158233377 372.673525602319 -332979.242842984 102.23663923162 111.07166157399 86.8106738083015 985786.713956492
64200 0.1284 -2.2024823362357 0.0247815771082188 0.0165185027116614 0.0293863001070567 -0.0167378464988183 -0.480723972066344 2.3746760859203 373.114605806573 -332983.523535462 102.211500049618 111.155887493492 86.7907585355765 986065.391938579
64300 0.1286 -2.19685710979995 -0.0335144462179991 -0.0175811975954678 0.0519054547833104 -0.0116334379572985 -0.485909285831888 2.3305764236596 373.202275128365 -332983.056550953 102.177381479706 111.18348856944 86.7708432628515 985754.761303138
64400 0.1288 -2.20837618130659 0.0110168012356861 0.0037206043208757 0.0483817277897239 -0.00110928025622985 -0.480766193255013 2.36854381027793 373.24795100441 -332984.948009319 102.180913354948 111.210766654475 86.7509279901265 985804.381811391
64500 0.129 -2.20660777739378 -0.0369229806077275 0.0222757961044762 0.072374198264212 -0.0154119094470796 -0.455284532616825 2.34046105925553 372.748132742901 -332981.832068349 102.176143700061 111.226463323665 86.7310127174015 985671.168306817
64600 0.1292 -2.15191812648729 0.0409573527422526 -0.020290814397852 0.0530934542234617 -0.00441339717695588 -0.448590123269551 2.30007805877713 375.133247164465 -332999.198988653 102.237117456167 111.214976756003 86.7110974446765 985931.073477164
64700 0.1294 -2.14335378035774 -0.0192952497916859 0.00832062708417165 0.0700662668958115 0.00173920101212885 -0.451970860716623 2.28004712962795 374.491155833147 -332994.06469452 102.230573467671 111.247850073329 86.6911821719515 985932.877366165
64800 0.1296 -2.20707052564732 0.041283630146134 -0.000103959113488143 0.0749652125684728 -0.0207744563182654 -0.422933012963787 2.34915441550027 372.221618382597 -332979.967602106 102.227261975871 111.28171656742 86.6712668992265 985974.515725554
64900 0.1298 -2.17411428118197 -0.0184275298000111 0.00242686304099835 0.0787606743736539 -0.0238262230581126 -0.421723899143948 2.29046758406804 372.960153299026 -332985.034280395 102.194884538475 111.360354292327 86.6513516265015 986132.115406117
65000 0.13 -2.12829755261032 0.0128002865768317 0.00338944372103201 0.0681409081463378 -0.00440385448955729 -0.437071639834887 2.2696523021308 373.265547242712 -332985.656955474 102.19754505547 111.394844217107 86.6314363537764 986236.494538765
65100 0.1302 -2.16884330332721 -0.013509669819828 -0.00161394049600064 0.0591994447646373 -0.0231834518924045 -0.423650254799562 2.28512769903402 373.712385382378 -332989.172315598 102.216132705097 111.371773780897 86.6115210810514 985984.863821203
65200 0.1304 -2.11478176077495 0.0356046832687947 -0.0265360197627158 0.0485183624645188 -0.0137882135744566 -0.439696270805129 2.25433530579355 372.407392057442 -332980.285013967 102.25289748873 111.378019369514 86.5916058083264 986168.002925661
65300 0.1306 -2.12972865370676 -0.0071413047908115 0.00387025255818907 0.0407759055996592 -0.0140072054888653 -0.453097527761989 2.26943606174209 372.653149275751 -332983.925432575 102.221247947227 111.414832874635 86.5716905356014 985961.80254374
65400 0.1308 -2.11027174731775 -0.0279031557713159 0.0204471436564145 0.0491771242347074 -0.0321886806555362 -0.425220142581008 2.23429627814551 373.718334408357 -332991.047874148 102.236316084951 111.432087979294 86.5517752628764 986032.97841302
65500 0.131 -2.1079690759898 0.0442324438894987 -0.0131080319531469 0.0518231641391865 -0.0399094879631315 -0.412023762893891 2.24365260665769 373.266626607245 -332987.231858505 102.285614183297 111.423365560114 86.5318599901514 986204.246972267
65600 0.1312 -2.13897049576561 0.00302018665833394 -0.0087667083245889 0.0412660395021438 -0.0253434904376751 -0.415248534606534 2.25551439084438 372.728161037791 -332984.38275072 102.258296979494 111.465279617173 86.5119447174264 986084.744980005
65700 0.1314 -2.15260436771305 -0.0153215055238171 0.0150565391120232 0.0384069065663195 -0.0218680208211916 -0.409525705626062 2.26777890146199 373.389817927669 -332990.523225048 102.256139184104 111.504991227231 86.4920294447014 986188.165750892
65800 0.1316 -2.13419190888402 -0.000885960789841297 -0.00951458501297381 0.0349483825555879 -0.0323263938554579 -0.422078404056314 2.2525343324824 374.000805254938 -332993.187609743 102.264956281417 111.516678239774 86.4721141719764 986149.454543865
65900 0.1318 -2.13916353972498 -0.0200393222205334 0.02495254138488 0.0482886107935696 -0.0433329812779579 -0.41532012195048 2.26233421214654 372.934353033168 -332985.393417074 102.254176627626 111.555891663896 86.4521988992514 986165.061203586
66000 0.132 -2.18594803449973 0.013102922219799 -0.0205386638068402 0.0087881228656844 -0.0686536195391238 -0.422733531882768 2.30509433067157 373.88882393077 -332990.925949822 102.263170499059 111.554629638397 86.4322836265264 986013.450917083
66100 0.1322 -2.15125864747271 -0.0145540663626017 -0.0376032160132006 0.0336890935220348 -0.0652590707327287 -0.444387821484444 2.26393710562908 372.497769914949 -332980.812992409 102.232773648956 111.596362363645 86.4123683538014 985861.916613166
66200 0.1324 -2.12792343061312 -0.00186420403108796 0.0390245250800005 0.0106770383807241 -0.084121396276761 -0.424421618743541 2.27391819106225 373.071976969209 -332983.024322316 102.198362925869 111.678745283987 86.3924530810764 986030.323066777
66300 0.1326 -2.13022294228174 -0.0149866510585444 0.0309732816630073 0.0231644218203831 -0.049801755171484 -0.446546415067732 2.27614026785632 374.277114886603 -332992.848855561 102.228101667372 111.660685053517 86.3725378083514 985930.415171677
66400 0.1328 -2.07874614302847 0.0155527920406056 -0.00983115267281598 -0.00635755286603848 -0.0429633858811069 -0.44962569751244 2.22389734976788 374.00688590859 -332990.393194425 102.266683352602 111.655710802269 86.3526225356264 986031.169584791
66500 0.133 -2.10399236325094 0.0215936222351764 -0.0133611639474898 0.0204205043561699 -0.0849059756337645 -0.426281784616471 2.23898744076723 374.205449480668 -332993.392666931 102.254222310557 111.686535675986 86.3327072629014 985955.76356615
66600 0.1332 -2.08654239059573 -0.002422040396849 0.0130311520672352 0.0216258989088172 -0.0694234012724946 -0.436133600263001 2.22766742680299 375.176967442504 -333001.44294607 102.234400908242 111.762086345801 86.3127919901763 986203.914362485
66700 0.1334 -2.09188802409296 -0.00366095213535365 0.0248185276996055 0.0127007563173116 -0.0674817911040059 -0.43848089774122 2.23873106975619 374.309468243905 -332996.864221653 102.24553556851 111.781355491869 86.2928767174513 986253.762401928
66800 0.1336 -2.13067515033731 0.00519061495439733 -0.0127359515292474 0.0313405360966021 -0.0741859449880846 -0.422917873546798 2.25388356480436 373.406304385071 -332988.590461615 102.27512583239 111.764310848008 86.2729614447263 986161.113008085
66900 0.1338 -2.09010414194331 -0.00968103363576869 -0.0228739613776118 0.00503617859284317 -0.0629592394402857 -0.438076203127447 2.21101502871394 373.045109659158 -332985.553405066 102.263193869537 111.801999793792 86.2530461720013 986150.878851457
67000 0.134 -2.09357362705622 -0.00778032487739336 -0.0167042129487972 -0.0234075694567306 -0.0831468378566317 -0.442671154501863 2.22311878566305 373.786712078346 -332990.186878806 102.254755308766 111.847429480847 86.2331308992763 986242.414012509
67100 0.1342 -2.10916767442815 -0.0176600882459676 0.00880031186844324 0.00150860034484044 -0.0766060969623244 -0.449951462159353 2.24842779030214 373.804150868267 -332988.967500711 102.266284809308 111.857954397215 86.2132156265513 986218.615308462
67200 0.1344 -2.09073266873737 0.0109202203875824 -0.0348975020311606 9.02080859661837e-05 -0.0642927668807284 -0.443396910752348 2.21922381628952 373.21505683786 -332985.018227271 102.283673403441 111.855567739946 86.1933003538263 986137.407910874
67300 0.1346 -2.07946110905094 0.0311483760984866 0.0051804336098997 0.0201411799868664 -0.068034378335306 -0.434478490175544 2.23202962652592 374.357957427324 -332993.860767414 102.282882920611 111.902897525743 86.1733850811013 986319.105544355
67400 0.1348 -2.1155348897192 -0.0158669904252603 -0.0342301562158431 0.00496399270863904 -0.0561319449450407 -0.427699340152332 2.22006586153302 373.353681833312 -332986.550266467 102.244508320944 111.937628949492 86.1534698083763 986027.136930803
67500 0.135 -2.08434856092412 0.0221765091056597 0.0152288753572161 0.00301692817617722 -0.0522246989113993 -0.444811575440963 2.24157140230799 374.28539889502 -332992.088092704 102.243662376845 111.985055923061 86.1335545356513 986208.721098759
67600 0.1352 -2.08220339637783 -0.00370256907964382 -0.0102958689062477 -0.00510137970561575 -0.0269904518992838 -0.408105812368367 2.19281088320677 373.891994356675 -332989.910234264 102.241638381411 111.997292473326 86.1136392629263 986068.913158791
67700 0.1354 -2.0302675831836 0.00129955327521871 0.00572146131060272 -0.00556152426430056 -0.0638247910037611 -0.442315150614817 2.17612262226694 374.070641569305 -332990.268350361 102.263498679568 112.029870190448 86.0937239902013 986338.472601926
67800 0.1356 -2.07203310720426 -0.0180591381238496 -0.0189738873856844 -0.0167558694545697 -0.0903475919273133 -0.445880511524556 2.19970217586632 372.59534549599 -332979.493932383 102.257396553236 112.034199406637 86.0738087174763 986089.574533689
67900 0.1358 -2.05802927147539 0.0027005669241577 0.0234709245100344 -0.0363796929337442 -0.0993620357496965 -0.449190636394243 2.22007804870629 375.13960508303 -332996.098915016 102.270646592136 112.080245862695 86.0538934447513 986394.407100177
68000 0.136 -2.04901314031214 -0.0349956610338123 -0.0148154080027105 0.00434218485893776 -0.0992573064837192 -0.40951889116985 2.15175435420638 373.219611949926 -332979.854316935 102.271751781427 112.083540889431 86.0339781720263 986205.777354793
68100 0.1362 -2.05621684276068 0.0102237534694348 0.00975287535250425 0.0165176836564895 -0.0998414282851459 -0.446272328546647 2.21300798135092 372.715518707038 -332976.023787874 102.305106159478 112.08746188695 86.0140628993013 986333.554073651
68200 0.1364 -2.07835747005089 0.0125805982861884 -0.0367304103692732 -0.0122389203932263 -0.0897551271222865 -0.442646202990041 2.20992570488827 372.596009164798 -332974.568962003 102.318279791437 112.093496702572 85.9941476265763 986285.261101836
68300 0.1366 -1.99895470410984 -0.0209126259879058 0.0219013927871158 0.0029665753728612 -0.075514374675954 -0.435747563959285 2.14147914214472 374.514341551095 -332989.527196609 102.287476445169 112.167532317377 85.9742323538512 986411.067699057
68400 0.1368 -2.03861916199715 0.0256332945645565 0.00304959973110805 0.00123167974305957 -0.0773696423585015 -0.436301058777558 2.19181850471417 374.717348758494 -332990.647024308 102.313680099387 112.169293922484 85.9543170811262 986450.70207787
68500 0.137 -2.0664736210947 0.00860222540352295 -0.0320470015456794 -0.0225119083755028 -0.0796367427292004 -0.433725482481923 2.19274751675768 374.172055550778 -332986.910838497 102.304659170243 112.172816878463 85.9344018084012 986166.162861732
68600 0.1372 -2.00204637350437 0.0151117571290277 0.0263172700799186 0.0204444280248805 -0.0653973688525395 -0.446761434369954 2.16899227482463 374.048971387528 -332984.02762934 102.309607233105 112.245391301715 85.9144865356762 986623.22523758
68700 0.1374 -2.06535210334069 -0.0151415883071577 -0.0125218301091163 -0.00117299768200448 -0.0588332875521884 -0.438945395951894 2.19023935945753 372.410919848024 -332970.927091837 102.311835955666 112.263413605018 85.8945712629512 986574.390869852
68800 0.1376 -2.0414059024731 -0.0335709587026635 0.00438718345832227 -0.00045407694064738 -0.0660873458109609 -0.475254291495742 2.19083518808589 374.025397460731 -332982.539557427 102.297184340508 112.299350545008 85.8746559902262 986520.09293298
68900 0.1378 -2.02616163109013 0.0383883490107985 -0.0199484160796124 -0.00684753287403767 -0.0584301965369732 -0.455757287458867 2.18605985193142 372.311088371324 -332967.556866927 102.326795907969 112.312613527858 85.8547407175012 986693.324522229
69000 0.138 -2.07788955222371 -0.0511240926173238 -0.00372452135280288 0.0138217858656033 -0.0644257626568121 -0.439091073767462 2.19032436789867 374.271380061794 -332980.747209366 102.30681927955 112.31035592751 85.8348254447762 986252.040008381
69100 0.1382 -2.04671397178996 0.0294699881245596 -0.0201632058862573 0.0255754662315887 -0.0717207473243142 -0.456414835206782 2.20279210632078 373.305652842412 -332974.413523956 102.345154017827 112.31918809385 85.8149101720512 986470.248344236
69200 0.1384 -2.09167743564214 -0.0121229266933519 -0.0155831244133479 0.0118911455447805 -0.0727009826066073 -0.446019951744919 2.22046057105134 374.727087289308 -332985.224421789 102.309081748261 112.339690609535 85.7949948993262 986073.671157583
69300 0.1386 -2.06557248694829 0.0151264835916413 0.0108010223552476 0.00774703404513981 -0.0537456837809865 -0.46613646465249 2.23182042044159 374.569407974613 -332984.582621419 102.294054254413 112.414972226766 85.7750796266012 986360.515467196
69400 0.1388 -2.08185949325695 -0.00974716118036222 0.0203770583057468 -0.00870906483745018 -0.059011302276841 -0.436165799073676 2.2222452856739 374.279086811459 -332982.069152647 102.296313105958 112.423750528019 85.7551643538762 986230.284909503
69500 0.139 -2.05570750773117 0.0177499420493 -0.024229163315904 -0.011179590009845 -0.0500460738211377 -0.458538533581062 2.20286352076834 373.459429888033 -332975.23893688 102.364832781946 112.392154717191 85.7352490811512 986384.394218898
69600 0.1392 -2.05841527118703 0.011528498201841 -0.0153936555807258 0.00210394209382687 -0.0693771235106726 -0.435262872530493 2.19373626638269 373.384254785162 -332974.357548238 102.369405746614 112.418800402234 85.7153338084262 986433.129604176
69700 0.1394 -2.0792721825333 -0.00498567397607313 -0.0324793960382958 0.010896570495785 -0.0656615971019001 -0.443491943587323 2.20221171130749 374.026244369908 -332980.131815516 102.341795050337 112.450574015144 85.6954185357012 986216.606152791
69800 0.1396 -2.03817134593291 -0.010884783248608 0.0124900026710499 0.0522815131871036 -0.0582156853002563 -0.433254963567584 2.17699826263914 372.623563183927 -332968.883893641 102.356406695041 112.500396062455 85.6755032629762 986565.097020706
69900 0.1398 -2.06272198519118 0.0109384277627135 0.00759986062141719 0.0529717634426023 -0.0727011035795294 -0.426513159128707 2.20525971238023 375.544914329082 -332989.593293392 102.364493037881 112.501706733415 85.6555879902511 986425.184348035
70000 0.14 -2.03423451018346 0.0364959711028484 0.00318233849674216 0.000801083336208006 -0.0844596986831526 -0.463980785073811 2.21072108684642 375.344088874838 -332988.327891699 102.365811693682 112.546456531239 85.6356727175261 986600.824737232
70100 0.1402 -1.99780699862887 0.00588119864202267 0.00481231858135157 0.00636962307669746 -0.0708185075932565 -0.456928816938703 2.15734678775111 374.241298007741 -332979.924957704 102.347523303471 112.586074875168 85.6157574448011 986542.31847144
70200 0.1404 -2.03600488103582 0.00235225262869345 -0.0009886608642787 0.0592252978524431 -0.0786397061512888 -0.443235747455688 2.18324306767438 373.181595693483 -332969.89316663 102.329673783463 112.633400082296 85.5958421720761 986555.343853913
70300 0.1406 -2.0422727839925 -0.0564944641243975 -0.0142670086530531 0.0434998980319182 -0.0508270391247316 -0.460492072307769 2.16299301716667 374.816945740052 -332981.542877423 102.311884377186 112.653413116714 85.5759268993511 986329.561539695
70400 0.1408 -2.04510459455746 0.0186553050558029 -0.00947669366721536 0.0189122268710201 -0.0577597928271088 -0.453573001859624 2.19775013224187 372.634593459139 -332965.381153725 102.358442973703 112.645567985796 85.5560116266261 986480.059615828
70500 0.141 -1.96767227511311 0.0129413198661233 0.0108667293873794 0.027543274639522 -0.0584530512449498 -0.454718352264139 2.13343808619481 373.773720992376 -332975.287152269 102.356856400039 112.687667837667 85.5360963539011 986603.737861064
70600 0.1412 -2.01951300396573 -0.0203187544693316 0.0302310780035086 0.0248856086610951 -0.0379824312316964 -0.429645449821453 2.15878747926565 374.195601316039 -332977.075079838 102.333941686014 112.744914314965 85.5161810811761 986654.183481811
70700 0.1414 -2.00511315440113 -0.0324831999364897 0.0104369458530142 0.0115133641370796 -0.0696577769421426 -0.436980059579159 2.13672311007682 372.963800888495 -332969.098958424 102.333076804791 112.767997007913 85.4962658084511 986618.024276302
70800 0.1416 -2.04342308906935 -0.0291379943501579 -0.00925421051749537 0.00946351150711921 -0.0499176687305548 -0.427687969074881 2.15737952359963 373.329741245921 -332972.510020118 102.329473797625 112.782667716361 85.4763505357261 986481.795742299
70900 0.1418 -2.02641152804812 0.0311301154987876 0.00734455154870404 -0.0114011097349802 -0.0367435322630148 -0.43088832899257 2.17865510194355 374.074376896386 -332978.777042011 102.352239608322 112.791439995652 85.4564352630011 986548.098872442
71000 0.142 -2.04616706692514 -0.0390495679445962 -0.0173457029654961 -0.00114360800701674 -0.0600646073710528 -0.43229713520282 2.1549996644249 374.152575265413 -332979.927007141 102.343073040825 112.789295321928 85.4365199902761 986211.101495516
71100 0.1422 -2.0024349397138 0.00713308695537865 -0.000387951871487744 0.00048743715359899 -0.0426577261502473 -0.406857032314731 2.12729026522005 373.276654366488 -332972.383685021 102.379836884811 112.806516046918 85.4166047175511 986485.995395842
71200 0.1424 -2.04042304615519 -0.0373861101949497 -0.00627920414940174 -0.0109444410020695 -0.0429786459479496 -0.418051275311188 2.14607416669472 374.468385606289 -332981.906379603 102.367823991521 112.812376519592 85.3966894448261 986191.499334705
71300 0.1426 -2.03120436710294 0.0141677573444479 -0.00632057066100677 -0.000606896055344984 -0.0580230852967364 -0.399270029299839 2.15183908627337 374.73452595319 -332985.059746172 102.384909450857 112.837663603946 85.3767741721011 986347.112038288
71400 0.1428 -2.01386683757625 -0.0120560200212327 -0.00794447296307029 -0.00849203104618802 -0.0419988316164789 -0.414655133331085 2.12998091109197 373.499518404395 -332975.860016162 102.389144559288 112.870437251484 85.356858899376 986444.25280269
71500 0.143 -2.05131399273022 0.00665794988162916 0.00494080745344858 -0.0330449095648827 -0.0456012845833398 -0.388106929614641 2.16635937237411 373.428288987906 -332976.120970483 102.406715214711 112.882250917468 85.336943626651 986486.579218341
71600 0.1432 -2.02365413095403 0.0178107287137573 0.0217952048160298 -0.0245305526081424 -0.0162678512544178 -0.397177823589684 2.1567518774529 375.205072010748 -332989.978338598 102.402199809542 112.932787287264 85.317028353926 986654.392426236
71700 0.1434 -2.01186642069945 -0.0014458111011311 0.0116198328162042 -0.0476776089856747 -0.0117658526223962 -0.411641773494945 2.14098360490581 374.108196533979 -332980.956130704 102.381420763447 112.973865771874 85.297113081201 986582.651520007
71800 0.1436 -2.00776964060324 0.000802718561574835 -0.0044116907487427 -0.00171806895400507 -0.0347628371192717 -0.391153271887866 2.11814859247352 373.638329216122 -332977.90883935 102.39675255328 112.976825334177 85.277197808476 986525.854147107
71900 0.1438 -1.98829717767673 -0.0215843115963427 -0.00937191921237246 -0.0216429424293588 -0.0626602894190399 -0.368517148782184 2.07671032228425 374.352730362816 -332982.082601032 102.419143399828 112.978887935645 85.257282535751 986529.14650946
72000 0.144 -1.9651847779046 0.0157780628569029 -0.00773540677937129 -0.0202155030290745 -0.0183581275077602 -0.377607310197509 2.07561707800213 373.476743227731 -332976.821029706 102.421234318162 113.01055434519 85.237367263026 986595.289919059
72100 0.1442 -2.00487672581676 -0.020406414947549 -0.0119185607199587 -0.00573205490156888 -0.0309028088562316 -0.388512633466354 2.10019715082729 372.889385829047 -332974.359948587 102.382633671764 113.065205591009 85.217451990301 986469.855064565
72200 0.1444 -1.95680006732736 -0.00521479498435683 -0.0235795648627611 -0.008103917727921 -0.0146941217134909 -0.3682961354783 2.0447378384246 374.492844099832 -332986.580983778 102.370166111973 113.110704425731 85.197536717576 986516.045668835
72300 0.1446 -1.95215395498195 -0.0126493065023345 -0.0106982084000722 0.00279069178567376 -0.00873037332338887 -0.365205405257851 2.04103974442501 374.01256795976 -332983.994593093 102.365509647596 113.164093974462 85.177621444851 986706.097654425
72400 0.1448 -1.95607012886134 0.0365446210153589 0.000200619299121117 -0.000633672654666039 -0.0356994597512762 -0.37337851024492 2.07881551096735 374.758169322913 -332989.029854272 102.371824401268 113.191534495106 85.157706172126 986775.470716871
72500 0.145 -1.94434066179915 0.0092667324452285 -0.00810056176235226 0.00124486687814827 -0.0179531950512061 -0.36586543129979 2.04584914926572 373.453035081374 -332981.457875604 102.347615400866 113.225761611716 85.137790899401 986609.643973414
72600 0.1452 -1.98998390034013 -0.0400319720021838 0.00593662942549023 -0.016332875293488 -0.00682303600953744 -0.387252293445264 2.08444121154473 371.87292507582 -332971.223757776 102.350068211397 113.250329533639 85.117875626676 986616.528465112
72700 0.1454 -1.91921760660381 -0.00501120991339466 -0.0366572906422533 -0.0327372094454163 0.00801076037904553 -0.381743373664993 2.01126879727659 373.558076043868 -332982.759630818 102.389602844873 113.240241771818 85.097960353951 986678.80080162
72800 0.1456 -1.93183744669446 0.0410767165984803 0.0189503888227725 -0.00501519545551449 -0.0231046973331242 -0.407869237722636 2.08565946586844 373.211790183036 -332980.061419516 102.391277009633 113.2893416505 85.078045081226 986891.741353255
72900 0.1458 -1.98487913893722 -0.0403539289957661 -0.0277096271677933 -0.0101913095789937 0.0125706139579192 -0.388949966257568 2.06411172475404 373.259882970914 -332981.238187542 102.343158493226 113.315756540742 85.058129808501 986426.993433663
73000 0.146 -1.89923090231584 0.0223858085716347 0.0302089358804025 -0.0100094999078397 -0.0122848292207099 -0.403455718125418 2.04860633306335 372.524824911023 -332975.282293383 102.357906900586 113.381723530398 85.0382145357759 986912.351017569
73100 0.1462 -1.91387931028267 -0.0188414085646974 -0.0174507286129738 -0.00140001414434269 0.0111348854605804 -0.373247155592911 2.00302873887823 373.2069129351 -332979.743163188 102.339524129793 113.391742379821 85.0182992630509 986591.194219302
73200 0.1464 -1.85269045687469 0.00234185020533753 -0.00699817721169973 0.00744404208270936 -0.00921497473027983 -0.406322830676058 1.97980346513648 373.108887525115 -332977.38286708 102.374549885877 113.414480481089 84.9983839903259 986895.530037676
73300 0.1466 -1.90002349712383 0.030654445893304 -0.0290446093670548 -0.0123769072739585 -0.0396270168476139 -0.389096268219084 2.01870746527611 371.901021041504 -332967.509877634 102.389917501271 113.425709171688 84.9784687176009 986910.108635643
73400 0.1468 -1.88684718027243 -0.0445433703567682 0.0110958185011052 0.0141769781377425 -0.0403154368553975 -0.401622202769168 1.99726399900598 371.252432204246 -332961.168575542 102.346632540868 113.473064735472 84.9585534448759 986673.471945418
73500 0.147 -1.90273887657249 0.0288764616369599 0.00160411554308687 0.0067565313836761 -0.050137508685345 -0.416766311023223 2.05133192076169 374.505230143257 -332984.3495732 102.366871840833 113.490849153317 84.9386381721509 986791.889378322
73600 0.1472 -1.8985930979167 -0.0190308162365539 -0.0370835313453973 0.0057318113060534 -0.0265049333456765 -0.420174577781898 2.00773384484525 373.531087395126 -332976.770628066 102.355310882638 113.516217264377 84.9187228994259 986669.597574358
73700 0.1474 -1.9503740006558 -0.0181434579432631 0.0150481372600869 0.0154826253442438 -0.00173105002734081 -0.384078815175536 2.05961843545395 374.078802559721 -332982.549448522 102.364224995749 113.528474599056 84.8988076267009 986630.634663889
73800 0.1476 -1.88142103398044 0.0191701397306997 0.0250776788034781 -0.0256377539416864 -0.0346873843236496 -0.378720478429533 2.01478997782586 374.476751950264 -332985.026199624 102.402494274903 113.540976302281 84.8788923539759 986876.62597212
73900 0.1478 -1.90520522902313 -0.0366523834742207 -0.0430825134609676 -0.00602550775759314 -0.0218404035708688 -0.381809060715941 1.97949247332405 373.033212969271 -332975.276622873 102.38911415047 113.560051469422 84.8589770812509 986681.89356431
74000 0.148 -1.90638031871001 0.0106872681408956 0.0108551340036046 0.0020438924152937 -0.0274410586844748 -0.397287006881597 2.03746225389386 374.522751807795 -332988.289981106 102.399596072156 113.600435028088 84.8390618085259 986902.150314185
74100 0.1482 -1.91397317496191 -0.0166532797282991 0.00838019132556302 0.00630557434649786 -0.0263897651337787 -0.401732971495806 2.03330338200551 373.259473377606 -332980.223755171 102.391394369594 113.625444312137 84.8191465358009 986808.655100504
74200 0.1484 -1.87956222201151 0.00116502619127995 0.00308520535990559 0.0199544382796349 -0.00708520483363993 -0.386204423527259 1.99738747166497 374.193957792315 -332986.606311959 102.409948664634 113.643163642952 84.7992312630759 986909.612336951
74300 0.1486 -1.88950606310303 -0.0074064381966033 -0.00216866646127666 -0.0111466940954796 -0.00611917726876931 -0.36464059809836 1.9878525642632 373.611658264138 -332982.204318071 102.40528799806 113.670441366286 84.7793159903509 986869.752097645
74400 0.1488 -1.95278554376155 -0.0232030687007892 -0.00945480311855595 0.0052913936236115 -0.0216362588177676 -0.368488474947951 2.0393247910357 371.397142663062 -332967.455863174 102.383107105705 113.708321781259 84.7594007176259 986752.948016585
74500 0.149 -1.93645225556707 0.0340120678414492 -0.0247053559318369 -0.014792078840449 -0.0138760668000397 -0.374838601944911 2.04773601374188 374.035026439009 -332985.852713797 102.382029371923 113.743753377099 84.7394854449009 986818.111031132
74600 0.1492 -1.94098716753733 -0.0311656324637774 -0.00734776532067432 -0.00123811753882215 -0.0222650133077226 -0.400050531973715 2.04330285025755 372.957546931576 -332980.116825097 102.352055903002 113.789366787638 84.7195701721758 986692.881403484
74700 0.1494 -1.98832769024351 0.00952241944231095 -0.00409707399295051 0.00952941103364915 -0.00165365679873515 -0.374502333929634 2.09413883781429 371.886123370267 -332972.498004891 102.365578257537 113.789565756767 84.6996548994508 986592.989173872
74800 0.1496 -1.96929119889728 -0.0210044151230711 -0.000277077586913909 -0.0135798686631105 -0.00205740297116468 -0.372544197669405 2.06241782551602 373.441731376651 -332985.296160753 102.3743871161 113.8175081712 84.6797396267258 986688.12646496
74900 0.1498 -2.00000781371971 0.0109466693483003 -0.00997153691240951 -0.00334419470661308 -0.016251653517618 -0.382141968927397 2.1074233785727 374.270416796108 -332991.465454837 102.39904229005 113.821232997081 84.6598243540008 986725.936177709
75000 0.15 -2.01073629916501 -0.00262750920270547 -0.00726447805447501 -0.0256877102172383 -0.0118531551895956 -0.351212223431437 2.09658341612954 372.474993521792 -332978.462442039 102.418965838297 113.814990437422 84.6399090812758 986631.64476228
75100 0.1502 -2.0086436192554 0.0194771354250568 -0.017238334982452 -0.014900699347516 -0.0199743796227558 -0.346802270684735 2.098293801803 373.60926367999 -332984.407521068 102.425520327308 113.830778407576 84.6199938085508 986599.460814858
75200 0.1504 -1.95382269514572 -0.0226236956198116 0.00831361837306805 -0.0207110028948115 -0.0277043280767932 -0.360169952858133 2.04523578448276 373.971144907887 -332986.68346699 102.390219557576 113.88866291169 84.6000785358258 986528.723787664
75300 0.1506 -1.94817835598896 0.0167699742258073 0.0138821692873015 -0.0450599145030552 0.00599622525759665 -0.340390426237098 2.05162176606654 373.654370555042 -332984.568467092 102.389121982516 113.921167187957 84.5801632631008 986567.40737462
75400 0.1508 -1.98097948668165 -0.0258920520665821 0.0226340618289817 -0.0236287679455424 -7.36560387037475e-05 -0.344328763805178 2.06808034691541 375.118475900724 -332994.892574568 102.373522640804 113.937666630732 84.5602479903758 986327.669509087
75500 0.151 -1.97853781156536 0.0408193414676515 -0.0169156602123792 -0.0239749897439692 -0.022006965393854 -0.339832467812206 2.07706155224559 373.336627684228 -332981.594234856 102.424137229274 113.928324655606 84.5403327176508 986502.018220951
75600 0.1512 -1.97017030277037 0.0180874118250456 -0.00996570444306391 -0.0245077695286545 0.0029917056113955 -0.341023284748866 2.06128558855243 372.966554290127 -332978.69659663 102.430238593467 113.974011932753 84.5204174449258 986723.913536481
75700 0.1514 -2.00326185762675 -0.0291322882588804 -0.0138958224565605 0.00657917061791291 -0.0140530641088318 -0.34431800278141 2.069754924532 374.041296888028 -332987.019606294 102.407850103548 114.011618301412 84.5005021722008 986601.221797037
75800 0.1516 -2.02346999235682 0.0014425771298158 0.00850312923785888 -0.00410056509937959 -0.00904076315469839 -0.33549774927844 2.11011602419926 373.818654814166 -332984.974810591 102.431178400287 114.031412115691 84.4805868994758 986764.674807994
75900 0.1518 -2.02899243457454 -0.00258614731585546 0.0397622571544072 0.00883294050324415 -0.00767906562035426 -0.383878981738314 2.15323735013077 372.315301193239 -332973.318914117 102.442158378305 114.047359120734 84.4606716267508 986775.785852756
76000 0.152 -2.01064470513394 0.0248576513216642 -0.018005010794683 0.00110699110035906 -0.0149210988164447 -0.369070546751482 2.11356826255839 374.257546467198 -332987.570955504 102.479809231486 114.018359644902 84.4407563540258 986654.751371766
76100 0.1522 -2.00330169763279 0.0087687433717829 0.0184001795419639 -0.00777143308458688 -0.0153223526581416 -0.354909013604137 2.10871194925987 374.453888470581 -332988.306877658 102.487056362033 114.041321976108 84.4208410813008 986690.478310073
76200 0.1524 -2.01434320043864 -0.0117570125704413 0.00298332412805908 -0.00121340079521407 -0.00531356444058105 -0.363315509134325 2.10622199886472 374.137903657615 -332986.510915179 102.481996240289 114.055732173391 84.4009258085757 986533.650832412
76300 0.1526 -2.00531838533926 -0.00826364105955042 -0.0237960753895952 0.0019794673001319 0.0196245365159912 -0.344806041300077 2.07732773702686 373.282708140189 -332979.110609327 102.459812332036 114.087975252887 84.3810105358507 986366.129788706
76400 0.1528 -2.00573594539358 -0.00929065125720797 0.00393544370000392 0.0285631807205481 -0.00231336345654608 -0.371642183075707 2.10456439071322 374.253810006031 -332985.867558863 102.444990700053 114.144148624961 84.3610952631257 986476.150628579
76500 0.153 -2.00786193847655 -0.0232702278924467 -0.020431312371888 0.0407632625418671 -0.00556916324531897 -0.359107740103635 2.08235431419189 373.981746117353 -332983.032074126 102.446190017887 114.145975649048 84.3411799904007 986270.603635532
76600 0.1532 -2.0251565498357 0.00793951713279339 0.0171428930756813 -0.000197581103358421 0.00553769532459761 -0.343689998939144 2.12290749410321 373.011788355908 -332975.937366408 102.473000770034 114.151730841074 84.3212647176757 986345.498326101
76700 0.1534 -1.9672096096989 -0.00521628205649097 0.0154721762943879 0.0278284925738059 0.00684952477035354 -0.35183180065393 2.0650078251875 374.795395071239 -332990.753837661 102.509814034267 114.145678224085 84.3013494449507 986414.494395706
76800 0.1536 -1.99479328821453 0.0301765053139239 0.00634592613158893 0.0488923363749193 -0.0168635477983257 -0.361556522979461 2.11021521071405 372.56667520287 -332973.943491808 102.535148346161 114.163178205504 84.2814341722257 986576.421490077
76900 0.1538 -2.01214436091908 -0.0447615352754669 0.00267799329645907 0.0497746544925098 -0.00959396607648427 -0.371279666943339 2.09461974109361 373.401076592917 -332981.182360189 102.495881345918 114.212686380483 84.2615188995007 986393.142448118
77000 0.154 -2.02098657726387 -0.00625270267428745 0.0167654761819402 0.0439965636991244 -0.0234813147727857 -0.342252835891184 2.11303813192253 372.100316800711 -332971.178169352 102.52305042712 114.236736294316 84.2416036267757 986629.125957952
77100 0.1542 -2.0156403606482 0.00622978148961026 -0.0382783158657173 0.0376512817203269 -0.00712416998325793 -0.362366467221858 2.09720855839671 373.161126400384 -332980.065627155 102.54786231376 114.220778378516 84.2216883540507 986496.776098746
77200 0.1544 -1.99028898669274 0.00386542377576709 0.00334878565258365 0.0325322560103072 0.000481146871954278 -0.362978159126826 2.09142463241533 373.438515180375 -332981.794024831 102.560262623117 114.25297805343 84.2017730813257 986660.836235827
77300 0.1546 -1.99899826264804 0.0504096284373733 -0.00788740925517152 0.0301973577967817 -0.0157172705151981 -0.371050629288337 2.1214403802817 372.106660339749 -332970.224167355 102.549975754272 114.28514902159 84.1818578086007 986606.260414925
77400 0.1548 -2.0059682860866 -0.0720850484344534 0.00781012184203237 0.0690783400673389 0.0259127557624569 -0.360285354755291 2.07522095694867 372.223392106762 -332972.047668896 102.503736400293 114.345385985583 84.1619425358757 986447.762327103
77500 0.155 -1.96198825876551 0.00510246708632165 0.0291011363297213 0.047486044359195 -0.00515682452913957 -0.374132768961449 2.08422646507903 373.243325186611 -332978.11553492 102.564358338176 114.335964653574 84.1420272631507 986716.291950328
77600 0.1552 -1.94701158980613 0.023880428970106 -0.0211872997131356 0.033763149028681 -0.0176755976119952 -0.368252434339693 2.05153833018531 373.332904829001 -332980.432886801 102.597140576975 114.315093537516 84.1221119904257 986617.923104792
77700 0.1554 -1.98546369546958 -0.0308305185455445 0.0119877567221398 0.0129367959417148 -0.00381671888136412 -0.373839264987229 2.07988736586414 373.995064364483 -332984.571735324 102.579379703704 114.348333422597 84.1021967177007 986500.358591011
77800 0.1556 -1.97313560579792 0.0267064914086213 -0.0166550462994636 0.0149569004899882 0.00645738642802306 -0.355694749439465 2.07241040642902 372.526275816367 -332973.887105287 102.599753309454 114.36962830501 84.0822814449756 986646.349417666
77900 0.1558 -1.93937147436022 -0.00154350658404156 -0.00520184629561572 0.0136779245498048 0.00282273910624161 -0.356941272253843 2.03246347053988 373.985032471121 -332981.623748138 102.597315636657 114.404868834985 84.0623661722506 986693.156018062
78000 0.156 -1.98945544602316 -0.0304951362911316 0.00750407327967825 0.00621885524781094 -0.0302978411840795 -0.365249717505638 2.07761891279914 372.70054679029 -332972.834274537 102.578941264678 114.437134892234 84.0424508995256 986560.895966386
78100 0.1562 -2.00180024634743 -0.00840175266039457 -0.0353232157814365 0.0324813771823123 0.00449097813623294 -0.36478164026561 2.07921131135015 373.46909895035 -332978.346108711 102.578973870077 114.461614701463 84.0225356268006 986538.417415456
78200 0.1564 -2.01343473959377 -0.0115600108654382 0.0560216423579193 0.0100998280531016 -0.0113178355794618 -0.360330480731711 2.1301559048358 373.609896458678 -332977.668243373 102.570030071044 114.515817430525 84.0026203540756 986685.608739495
78300 0.1566 -2.03383784148322 -0.0295684979822803 -0.0418673660022869 0.000158972278979476 -0.00446458786694751 -0.347436204690477 2.08681389725107 374.149815290026 -332983.06980797 102.584396461626 114.472255612271 83.9827050813506 986214.553908356
78400 0.1568 -1.99148553075296 0.0281418541259073 0.00150950196702331 0.0152468060453255 -0.00606524873371575 -0.321525783875835 2.08248910544368 371.815470887031 -332966.699001196 102.629316511456 114.501717276647 83.9627898086256 986666.304984981
78500 0.157 -2.02252983201535 -0.0572499317244543 -0.0214181034274966 0.0069894206445218 -0.0182349113286323 -0.352636243069834 2.07562752682285 373.745966651599 -332983.416385802 102.592939172621 114.513005264212 83.9428745359006 986179.842967579
78600 0.1572 -2.04024808551847 0.0277327534653435 -0.00755307022061145 0.0221943933899471 -0.0205933004921032 -0.310126486325418 2.12040203037491 373.353964859009 -332980.030210134 102.635769538222 114.528601778878 83.9229592631756 986491.825776679
78700 0.1574 -2.0237601193431 -0.0139617818809168 -0.0428830791418435 0.0100824773450276 -0.0222511295248339 -0.331637317032354 2.0769545158808 372.019576951462 -332969.689887393 102.626563189894 114.557556112591 83.9030439904506 986418.577084505
78800 0.1576 -2.06260401549776 -0.0072685517396111 0.00724236286200129 0.0183514863514849 -0.00564097696271257 -0.333737521682594 2.14235553206523 373.085905833168 -332977.180525193 102.598310844718 114.622971174725 83.8831287177256 986475.930347296
78900 0.1578 -2.03775914813793 -0.00845832669487927 -0.00266298028797344 0.0384466689194064 -0.0223042052396243 -0.311010752524401 2.1037979578605 373.218056828922 -332978.003777162 102.574080525654 114.665469204335 83.8632134450006 986374.382903219
79000 0.158 -2.00686883763386 -0.0229083295858708 0.0556715610607362 0.0270211704738382 -0.00142321261180608 -0.30380231760141 2.09218965406613 371.973802596503 -332968.370479061 102.565110104231 114.719934104413 83.8432981722756 986522.269629536
79100 0.1582 -2.08339285619041 -0.0402388746768193 -0.00120712734099091 -0.00337258129641729 -0.000881255233730825 -0.296620955006744 2.1259675362157 374.607427839089 -332987.763088094 102.608248094341 114.659745967546 83.8233828995506 986185.089011388
79200 0.1584 -2.06311378570523 0.0200403725366385 -0.0426247102205555 0.0342126389418185 -0.0114321075016683 -0.309093122293311 2.1221301562011 372.417968565417 -332972.016500909 102.685491884074 114.611083846069 83.8034676268256 986274.254722227
79300 0.1586 -2.06989209662787 0.011238086633395 -0.00192010837872367 0.00402530079784193 0.00448612919893179 -0.346432050582175 2.15964037358003 373.497672714115 -332978.555126912 102.683979368534 114.649196925114 83.7835523541006 986353.245522093
79400 0.1588 -2.11167799526105 -0.0181258658886009 -0.0139431154185515 0.00103431938538244 0.0284854706219452 -0.334604496573114 2.17486845645774 373.280636264656 -332978.311855569 102.653691083439 114.673826890177 83.7636370813755 986039.703095013
79500 0.159 -2.09113869394994 0.00147520354602526 -0.0290640776113428 -0.00782114348351951 0.00590207670102099 -0.341305913765048 2.16004996289779 373.056528985965 -332976.076599465 102.681313482391 114.701973373135 83.7437218086505 986312.559653044
79600 0.1592 -2.08333112987013 0.0102867059655828 -0.0175495693624646 -0.00491134910563964 0.00446328149206885 -0.332972857494603 2.1583504989744 373.709886920157 -332978.798043788 102.698585958448 114.719735153803 83.7238065359255 986396.596501018
79700 0.1594 -2.08746682087404 -0.00376869653314489 -0.0205060232535029 0.0110303933136965 0.0305480283673507 -0.348456886249002 2.16209010791831 374.599409368929 -332983.937632669 102.67731234051 114.750546564039 83.7038912632005 986222.492337647
79800 0.1596 -2.04448436172718 0.0160832772994532 0.014956381461621 0.0427957545970517 0.00144573339543576 -0.371745650774768 2.15956092914315 374.328411663407 -332979.905261375 102.6914014848 114.798090451838 83.6839759904755 986531.714376814
79900 0.1598 -2.00478951260004 0.0014885097905574 -0.00915152129231365 0.0347781449570246 0.0210118148582698 -0.367148319357258 2.10077713365347 374.009578025443 -332977.227407733 102.69977476694 114.807613598901 83.6640607177505 986459.184193731
80000 0.16 -2.01572467670813 -0.00727706219527441 -0.00539872927575518 0.0377068787098344 0.00393358124279313 -0.382911417905792 2.11702933112099 372.877693521308 -332968.65250279 102.700529545811 114.828122699516 83.6441454450255 986407.79628441
80100 0.1602 -1.99495354112729 0.00352462771772143 -0.014373235203474 0.0358309386885472 -0.00830005287632075 -0.354956227441147 2.08338830942846 372.162289898786 -332962.995969136 102.693556262914 114.86561885111 83.6242301723005 986427.981501061
80200 0.1604 -1.94656886638829 -8.64031853685683e-05 -0.00860362282794315 0.0199974906539206 -0.0119518656325971 -0.378228611197301 2.05014311477902 371.824289122764 -332960.436600853 102.695986777033 114.908987881654 83.6043148995755 986588.761645201
80300 0.1606 -1.97309150996151 -0.0369856567334145 0.0106691611858706 0.0153042181074083 -0.00982312382473986 -0.337429546884588 2.04587630720333 371.889483435869 -332960.80650271 102.683792031102 114.945648657171 83.5843996268505 986551.272757603
80400 0.1608 -1.94791934277796 0.0182211671367016 0.0450613799316358 0.00897803481057425 0.000381215905875298 -0.373595388119791 2.0828258027973 374.01964695049 -332975.133407499 102.710359433174 114.982794277405 83.5644843541255 986890.220089782
80500 0.161 -1.98148119192477 -0.0323699700740167 -0.0542447320271253 0.0156164520849318 0.00711494719489133 -0.360355998366753 2.03649933493275 373.755691372696 -332972.23288234 102.694579140446 114.978520668264 83.5445690814005 986466.768023841
80600 0.1612 -1.92332365159222 0.039634036718917 0.0435452116756935 0.0402302333722185 0.00414796826998799 -0.373743211949329 2.0699890462825 373.23771638103 -332968.671286497 102.696048202333 115.058676188859 83.5246538086755 986933.269387479
80700 0.1614 -1.94377997139712 -0.027008778455601 -0.00483864114500596 0.0120131875847521 -0.0101047522359031 -0.366491957635225 2.02994747092981 373.625814055865 -332972.530537914 102.688391275812 115.052619199144 83.5047385359505 986572.44328899
80800 0.1616 -1.93822982156777 0.0234864595576433 -0.0197127829002587 0.0151978652964889 -0.0164896867127806 -0.342503333907741 2.02950401348843 374.802517337623 -332981.284318391 102.707721665736 115.085561866676 83.4848232632255 986805.292274018
80900 0.1618 -1.91929877263694 0.000332495761177652 -0.021326561109092 0.0111611898892829 0.00479817153023094 -0.360470956229602 2.00851602762554 374.960391083928 -332984.14366643 102.664936608178 115.165951088784 83.4649079905005 986847.762621707
81000 0.162 -1.91732155240921 0.0144419412443993 0.0158047188102858 0.0183911033701387 0.0110281917762644 -0.371958316271798 2.03734708499793 373.653914875205 -332974.995276635 102.635157476647 115.232114335564 83.4449927177755 986892.764033033
81100 0.1622 -1.90005119709917 -0.0292043649099883 0.0118499049615498 0.00679599213498596 0.00188735630471994 -0.366591725274544 1.99546418041318 373.128435510894 -332971.859642277 102.587497066478 115.303332507467 83.4250774450504 986808.568879307
81200 0.1624 -1.87556872363686 0.0041414784530632 0.0167601632123154 0.0221996138948021 0.00105015428881644 -0.357787547757392 1.98562501761007 373.522457184002 -332976.207747994 102.586229433575 115.354927104936 83.4051621723254 987002.261578918
81300 0.1626 -1.88626991623476 0.00505609326732648 -0.0254436935607057 0.0481869013213196 0.0113737673265013 -0.352568420416688 1.9750004466975 374.18574097501 -332985.364730503 102.594328975874 115.362591207524 83.3852468996004 986910.061640898
81400 0.1628 -1.93110843269767 -0.0117647905985915 -0.000240800808558218 0.0191113539777502 0.0263316733391834 -0.363087299298589 2.02603165787035 374.203588338064 -332985.525366914 102.55597049905 115.419163253273 83.3653316268754 986789.119847418
81500 0.163 -1.91594803727144 -0.00218348410518035 -0.0105160714541929 0.042958432484172 0.0109660118056825 -0.331469398460062 1.99552762797676 374.165655546868 -332989.999537785 102.54110324248 115.465824087432 83.3454163541504 986809.145275713
81600 0.1632 -1.91257857427188 0.0415818575076327 -0.0120892803006179 0.0384730877786516 -0.00619355101381851 -0.363857448851494 2.02940235420657 375.846798749198 -333003.997594253 102.513314459465 115.53672503185 83.3255010814254 986911.619796803
81700 0.1634 -1.96540493252065 -0.0203454319603872 0.0232621009805668 0.0352200814366355 -0.0170567619931202 -0.365828616577961 2.06786440943599 373.944338928856 -332993.243740242 102.471752219903 115.591546188746 83.3055858087004 986743.690873021
81800 0.1636 -1.91430785834147 0.0222299860245228 -0.0276610781559052 0.0370463256436421 -0.0130879537111528 -0.405643142606501 2.03821545937244 374.984488631384 -333002.551837455 102.518917459615 115.57274029352 83.2856705359754 986801.291043549
81900 0.1638 -1.9059632242647 0.0283369691716252 0.038387892258939 0.0285908860638848 -0.000447626296032625 -0.404570036640669 2.06265446037446 374.324918086059 -332998.488005649 102.517360771714 115.622157181537 83.2657552632504 986972.178403458
82000 0.164 -1.92385045067835 -0.0248654567212045 -0.0173046897168292 0.0234328047590029 -0.0165289724364492 -0.387333329733725 2.01819404179333 372.820488661543 -332987.197532988 102.484561751966 115.662472211002 83.2458399905254 986764.368664221
82100 0.1642 -1.90950624375279 -0.00864274055645794 -0.0036750380268514 0.0548477895004934 -0.0183663264871715 -0.421026936371737 2.04072965128221 372.845952403924 -332988.43253779 102.491561111385 115.697058072038 83.2259247178004 986890.693117091
82200 0.1644 -1.9349116146669 0.023671520123364 -0.0148549028946461 0.0405202884764459 0.00806851963248991 -0.391991684286722 2.0562510558782 373.365711193327 -332991.58945173 102.493661467985 115.728604073569 83.2060094450754 986943.78494664
82300 0.1646 -1.91662518245197 -0.0143929700114243 -0.0401803210209694 0.0407692660964235 -0.0120838464261873 -0.392802170495459 2.00957805033793 373.770827710631 -332997.516130048 102.487797077245 115.73869460459 83.1860941723504 986737.131838912
82400 0.1648 -1.88333984693835 0.0339653060015766 0.00317605207896154 0.0352003290309444 -0.0163935380163208 -0.399775967054008 2.02532973555067 371.824635203196 -332983.658526842 102.509114021235 115.785071813809 83.1661788996254 987101.46720253
82500 0.165 -1.93803348844346 -0.0137112636585201 0.00135895128151946 0.0378433336204239 0.00848079938979193 -0.371071883153754 2.03711517560893 374.327888839371 -333003.123403925 102.496030404632 115.797190278194 83.1462636269004 986842.410611936
82600 0.1652 -1.90724884892799 -0.0016733585080111 -0.0229067103872824 0.0598533860595787 -0.00331612670097387 -0.366963738913468 2.00149306283837 374.638570030668 -333007.793968204 102.529006005833 115.785929341048 83.1263483541754 986827.4822226
82700 0.1654 -1.92155154199258 0.0129230316939621 0.00951481321062306 0.00674722302387424 -0.0118994879157046 -0.380285030406973 2.04206313853021 374.212371726533 -333004.693608306 102.551078757949 115.795952077557 83.1064330814504 986888.876333727
82800 0.1656 -1.93667600240218 0.0123525740543219 -0.0311760366832459 0.0282489321000648 -0.00730307182836609 -0.365025348340007 2.02929868462896 374.937033370283 -333009.242365583 102.549436663327 115.814242507471 83.0865178087253 986792.426908067
82900 0.1658 -1.93227600645447 -0.0310674960508473 0.0302746129020051 0.0192760889443521 -0.00297306638839705 -0.387700513083672 2.04622996695666 373.344870934272 -332999.647778994 102.524511691402 115.876915340013 83.0666025360003 986849.858465292
83000 0.166 -1.92854620274295 0.00198920634101824 -0.0100614726120744 0.0107222992961373 0.0169943862371597 -0.36697305614521 2.02708335412601 374.325213157489 -333006.451528971 102.551396602438 115.876934348743 83.0466872632753 986872.141163157
83100 0.1662 -1.87281086882035 0.000528959460190035 0.0200182689325099 0.008157130445643 -0.00366253069049321 -0.35121434388004 1.97903674797408 373.94131494403 -333003.556443909 102.56123474231 115.911480877332 83.0267719905503 987024.307848121
83200 0.1664 -1.88061651759836 -0.0137116682820067 -0.0169306914907204 -0.00447429311693265 0.00751356807121731 -0.326381870660485 1.94913808232578 374.254596925097 -333005.243267692 102.549285906426 115.924878082201 83.0068567178253 986786.630441734
83300 0.1666 -1.88196372114678 0.0240022838508789 -0.0160063706868867 0.0113958799357976 0.00903657340322185 -0.308888312293583 1.96084739712703 374.389198070326 -333007.861952876 102.546457547497 115.953889626719 82.9869414451003 986769.556621604
83400 0.1668 -1.95326759051172 0.00464135943525218 0.00574421326665091 0.00532284197734272 -0.00695420367464033 -0.317833204709138 2.03441683997883 371.924408010534 -332993.230170092 102.528846191323 115.999521508256 82.9670261723753 986751.491687493
83500 0.167 -1.93286950789251 -0.0125240405836139 0.00503432282062078 -0.0198719155106765 0.0114157255940656 -0.325898251010321 2.01046208096582 375.422492939571 -333019.02429484 102.532214468048 116.011201131017 82.9471108996503 986646.374684894
83600 0.1672 -1.93613277519006 0.0594322362205866 -0.0367067900936354 -0.0063168808728035 -0.0087049753967948 -0.336152389575036 2.03445645709024 374.813054580682 -333016.028699087 102.551262790377 116.019546519061 82.9271956269253 986663.710459704
83700 0.1674 -1.93318010433031 -0.00186035950672617 -0.0142997016386972 0.0063056877349926 0.000569078865409221 -0.31707571520457 2.00196344398922 374.376476002405 -333014.605700662 102.520006236225 116.089997867203 82.9072803542003 986724.919090029
83800 0.1676 -1.95857627247096 -0.00185298153119335 0.0300262972675371 -0.000765787220283707 -0.00647498639515637 -0.30203642553794 2.0410700124539 370.92962348028 -332990.842085458 102.512250073425 116.133514764485 82.8873650814753 986783.02545856
83900 0.1678 -1.93531121792533 0.0206740824501435 0.000524557107732723 -0.0129959378409718 0.0048658295025688 -0.3116950081212 2.01963149352339 374.566796382597 -333019.837404012 102.533565666355 116.131318483901 82.8674498087503 986732.40548156
84000 0.168 -1.95516713019782 0.00164760676050486 -0.010657713424271 -0.00841022592629344 0.0121814059802173 -0.291426972495585 2.01510359543889 373.239155684959 -333012.284312521 102.546239216493 116.142673051709 82.8475345360253 986713.666910221
84100 0.1682 -2.00173805887939 -0.0109154023495333 -0.010333699442747 0.00138717659413271 0.0283798745660541 -0.290559123519637 2.05431961798948 373.049315663022 -333011.993400271 102.536723456666 116.176405219134 82.8276192633003 986671.419221228
84200 0.1684 -1.9333953443896 -0.0093811356819349 0.0216693190559142 -0.0158622837212369 0.0311183890751299 -0.29627668291393 2.00737037918187 374.168869648471 -333021.365454863 102.530048667872 116.226597016392 82.8077039905753 986796.110391555
84300 0.1686 -1.93004545643323 -0.0221219556539282 -0.0351594897571855 -0.0101544719610153 0.0038707406710082 -0.267796248889213 1.95728542245976 372.324526839417 -333009.725404879 102.53799191172 116.233653397465 82.7877887178503 986695.117585741
84400 0.1688 -1.93971957429235 0.0320312230288596 0.00573031955761296 -0.0102806953650256 0.0628365572548186 -0.282458689364278 2.02191622658734 372.813925707245 -333012.881952513 102.544007110768 116.273473897842 82.7678734451252 986853.599283224
84500 0.169 -1.94256065073695 -0.00784674669870463 0.00427467916823662 -0.0303124499189639 -0.000472196654002205 -0.279625280713863 2.00101084610197 373.393603538048 -333017.238519841 102.529173440346 116.317524787662 82.7479581724002 986847.157236736
84600 0.1692 -1.91934979283537 0.00402399258867791 0.00366327791954968 -0.0297506416699142 0.0373706042628562 -0.295472769236396 1.99184098756447 374.007796262281 -333021.119039894 102.529993853392 116.358279642843 82.7280428996752 986963.230492298
84700 0.1694 -1.94171253758416 -0.00140326211775487 -0.010134998381813 -0.0159135320391608 0.00988507201493967 -0.314141016092532 2.0112286439493 373.797076994432 -333020.143104498 102.52050255736 116.385169730929 82.7081276269502 986862.30348529
84800 0.1696 -1.91537454418494 0.00560970076562508 -0.00243977674923188 -0.0247107856448646 -0.00303611765392864 -0.310515121280253 1.99145695117778 374.245983504642 -333023.27671973 102.525790974158 116.41600687909 82.6882123542252 986936.998458345
84900 0.1698 -1.89008161086139 -0.0288003696101381 0.00639472517754003 -0.0248014154720745 0.00281937308557351 -0.311042301480324 1.95530704509441 372.314576135517 -333010.032073166 102.519848740157 116.43955691826 82.6682970815002 986841.699235703
85000 0.17 -1.88743821709311 0.0278106666819746 -0.0207523582060479 -0.0179170153818581 0.00218152841741131 -0.296701560753067 1.96025487091798 373.346996248473 -333016.895274582 102.562576310292 116.438956207783 82.6483818087752 987010.06186111
85100 0.1702 -1.87951656131233 0.0129069050687069 -0.0510325748329111 -0.0319079324632712 -0.007139237457528 -0.300605667508009 1.93355962349656 373.044511258512 -333014.268265297 102.555418839792 116.459786944677 82.6284665360502 986879.884455485
85200 0.1704 -1.88918161984945 0.0120351054110653 0.0507689830406848 -0.0423422095056245 -0.0341795640276749 -0.28180242747119 1.98415926426408 374.32724039274 -333023.628061307 102.537361837999 116.51482514155 82.6085512633252 986934.505036413
85300 0.1706 -1.89129650531875 -0.00732525457146348 -0.00119165842712768 -0.0388070856955784 0.00851098025241757 -0.280892020874401 1.94996848068665 373.833883100996 -333021.218864655 102.540865763227 116.510213167353 82.5886359906002 986691.234928151
85400 0.1708 -1.90069693585186 -0.0225275131127813 -0.0407772995713103 -0.0506673491648626 -0.0122727265629477 -0.275298380930331 1.93108732071197 374.449890998921 -333026.425122833 102.555769485327 116.515303099062 82.5687207178752 986639.782319129
85500 0.171 -1.86928536989649 -0.00903185172233194 -0.0012953665278493 -0.0343046356359118 -0.0229791455269999 -0.261795215717347 1.91982279944455 372.473192826815 -333013.478261276 102.559814149199 116.562406051135 82.5488054451502 986839.493351823
85600 0.1712 -1.89320627241785 -0.0176062010147186 -0.00116082927613951 -0.0452688966308431 0.00268936254182064 -0.259338374632738 1.93828009152362 375.76422772484 -333038.175413798 102.558819828365 116.59651167261 82.5288901724252 986880.520943042
85700 0.1714 -1.88537118888814 0.0223678649060603 -0.00460729054053466 -0.0209915419885224 0.0250550685375647 -0.252968768011295 1.94522985672805 373.866166148941 -333025.840568418 102.582280395882 116.593812247414 82.5089748997002 986845.223003251
85800 0.1716 -1.86298493078828 0.00840775260447543 0.0120281376980928 -0.0247834870594814 0.0318260620071291 -0.24202329000526 1.92080868956163 374.375071582797 -333030.329510715 102.590273190412 116.620470928202 82.4890596269752 986909.500698745
85900 0.1718 -1.88681541287251 0.00897626379016005 -0.00101942917964642 -0.0469458681961173 0.0216877141612764 -0.252684284428155 1.94287083999332 374.543457893559 -333032.412958285 102.615346097638 116.616545669048 82.4691443542502 986879.154922936
86000 0.172 -1.85619188121287 0.0119053013672932 -0.013847101754318 -0.0331008166841643 0.0440500367128894 -0.245663531855294 1.90591243244906 373.718974730764 -333027.445905016 102.63383959669 116.634814385692 82.4492290815252 986973.241202672
86100 0.1722 -1.86082954378596 -0.00990855309127098 -0.000545354572769444 -0.0454749151249621 0.0368061096259648 -0.245731977099028 1.90650132716972 374.238164384141 -333031.550490563 102.633167451145 116.660187525031 82.4293138088001 986943.036067037
86200 0.1724 -1.81783288767475 0.0110065896720939 -0.0201221148950187 -0.0456791191586186 0.0165989375628496 -0.245458304551857 1.86454527543465 373.797688625147 -333028.238645049 102.643899125206 116.692019546923 82.4093985360751 987077.021036702
86300 0.1726 -1.79517056670387 0.00587727302542052 -0.00493077993574526 -0.0353747150778158 0.0326043820995651 -0.21813820539144 1.83687789281595 373.584337579781 -333026.635089336 102.604221856701 116.780092816062 82.3894832633501 987201.544552298
86400 0.1728 -1.77225457921587 -0.0233696342123405 0.00820542692113777 -0.0595278798869753 0.0315825498246711 -0.25197363370739 1.82178810470988 373.658229827959 -333028.24408089 102.554693859732 116.857330751402 82.3695679906251 987138.959761734
86500 0.173 -1.76347821372807 0.0308737237945594 -0.00055394681356306 -0.0545494983504494 0.0429200306226057 -0.238989834673754 1.83032675393016 372.359662936773 -333020.385901162 102.574786464581 116.8825500711 82.3496527179001 987306.671708045
86600 0.1732 -1.76558095054436 -0.0110231885092573 -0.00716084542527332 -0.040449671771637 0.027720392138799 -0.250828736818631 1.8114147829671 375.254127756238 -333041.929834616 102.540758202096 116.937312837151 82.3297374451751 987202.768260499
86700 0.1734 -1.77451389147097 -0.0052265973679139 0.0373473348090886 -0.0489980107010989 0.0367888041976965 -0.22633861630919 1.83642744404332 373.682098532745 -333031.721462656 102.509344944657 117.013862805769 82.3098221724501 987307.504332317
86800 0.1736 -1.78957165332738 -0.0528111788584307 0.00680828478008965 -0.0380791646596558 0.0278497434341434 -0.225294450063638 1.81173558080052 374.027861584823 -333034.539774435 102.51156946499 117.013764007672 82.2899068997251 987089.206960289
86900 0.1738 -1.76275381527778 0.0362941025936408 0.00683539156315591 -0.0369480373108322 0.00238865762522783 -0.219859658529444 1.82580694255873 373.289737682244 -333029.676297468 102.535109451195 117.046009558209 82.2699916270001 987348.940243014
87000 0.174 -1.78803327051344 -0.0333021729083781 -0.00544439765872855 -0.0470513099941901 0.0163923147222723 -0.211117560321254 1.80828638748821 372.715731369273 -333025.948948905 102.50104836622 117.076895071849 82.2500763542751 987042.410125665
87100 0.1742 -1.74927625184274 -0.00789254134292477 -0.0325458661708855 -0.0522627931058955 0.0216861829866483 -0.204784526586276 1.7679109967894 372.40850589545 -333024.303248207 102.528832981089 117.091371860055 82.2301610815501 987192.959551231
87200 0.1744 -1.72947206765323 0.0408750988859458 0.0515642850627081 -0.05104245785419 0.0128951680261206 -0.232072223439152 1.82292466204659 372.825967595394 -333027.416916451 102.539859996014 117.126512297921 82.2102458088251 987356.246967481
87300 0.1746 -1.80450366530168 -0.0378993117161648 -0.0240305622381655 -0.0560468217720324 0.00936594981012936 -0.254992824189256 1.83039197999494 375.068511227868 -333044.947231103 102.506052659229 117.132678001589 82.1903305361001 986843.555957409
87400 0.1748 -1.78828340056976 0.0109463259061281 0.0287628917776139 -0.0570928634537759 0.0207338309911974 -0.268606996767808 1.87005848842925 374.254358727525 -333038.355236499 102.529075799849 117.17467479093 82.1704152633751 987179.84808892
87500 0.175 -1.82428169334064 -0.0197150428753067 -0.0278757183071456 -0.0696814168203216 0.00511416577138246 -0.236269902914598 1.85038273731688 372.296910579291 -333025.061272384 102.538074161725 117.164302532659 82.1504999906501 986939.83634042
87600 0.1752 -1.82338632698071 -0.0260448451456575 0.00377020913029622 -0.07843942659559 6.50973680089657e-05 -0.24042815058394 1.86461484066989 372.488884331136 -333026.466087053 102.55741990762 117.191761617871 82.1305847179251 987118.028557632
87700 0.1754 -1.85845554073215 -0.00284326904444722 -0.0352546284900375 -0.0430331112856908 0.0109651920288757 -0.223294350679506 1.88140953441174 374.210753124019 -333040.170069485 102.548118964574 117.199488147048 82.1106694452 986854.228714691
87800 0.1756 -1.80305166654017 0.00424651433730636 0.0421979282780048 -0.0439019932256272 -0.00382356929925204 -0.239090166023946 1.87447989648917 373.613136248171 -333035.857410602 102.523191413358 117.300099312222 82.090754172475 987221.811748226
87900 0.1758 -1.8306935353991 -0.0194613089343731 -0.0157960909907795 -0.0168553532937129 0.0117443526655387 -0.256326813177259 1.86697364110659 372.833491906158 -333030.815468089 102.495465930083 117.337759331362 82.07083889975 987032.192020413
88000 0.176 -1.818848647232 0.0209701465068113 0.00537831263048034 -0.014137526385482 0.00479153372072064 -0.248070437146333 1.88196053645783 372.700049951134 -333029.357769739 102.504588369355 117.38107324045 82.050923627025 987244.802880141
88100 0.1762 -1.81816062595572 -0.0494669932632353 0.000601353656638348 -0.0124730071258992 0.0245685306514903 -0.264678085436841 1.85250657343875 374.621260017293 -333045.71433603 102.492225787735 117.393261449556 82.0310083543 986988.615307095
88200 0.1764 -1.74489142247632 0.0525151417706899 0.0210456548689064 -0.0167378796482336 0.0340788999140785 -0.257234343688184 1.83791466893728 374.799568434243 -333047.387093178 102.545141159299 117.419247944552 82.011093081575 987476.984415073
88300 0.1766 -1.79994180933953 -0.031440691322865 -0.0318590464562199 -0.0213327096864849 -0.00134562578839235 -0.293761308140491 1.84041145455069 374.040747280114 -333043.321980808 102.512867328356 117.441817615373 81.99117780885 987116.179392892
88400 0.1768 -1.7779731207201 -0.000532491818038669 0.0233565265118207 -0.0121415280818856 0.0320359557499394 -0.273055074774756 1.85189782798843 374.651177427011 -333049.035320458 102.520016537872 117.486332869711 81.971262536125 987319.330525889
88500 0.177 -1.78701035317321 -0.021401232586023 -0.00785912849948567 -0.0140461674004865 -0.00522486647729708 -0.268174908016726 1.83245631429108 375.155970963716 -333053.132879653 102.551021200913 117.481825351599 81.9513472634 987340.092924229
88600 0.1772 -1.77159029205364 0.00459000076991082 0.0115982911725579 -0.022067135457621 0.00268506695926869 -0.273389587473349 1.84201564592185 373.942934245806 -333045.71763526 102.579374251165 117.494831642101 81.931431990675 987482.378114995
88700 0.1774 -1.77248405146763 0.0152466505094702 -0.0107066853860499 -0.0163409846088214 -0.00181636084265101 -0.276973083691285 1.83880676285981 374.094056496209 -333047.955771321 102.569142506371 117.51864587245 81.91151671795 987343.953711559
88800 0.1776 -1.81259757695539 -0.0202129297034645 0.0278755039863735 -0.0237178956487167 -0.00478347867215165 -0.288023059252051 1.8846156902999 372.287416047446 -333035.81449955 102.534590096429 117.581042326299 81.891601445225 987295.299783709
88900 0.1778 -1.82402897331163 0.0189344143832378 0.0101503799374411 -0.00773579335467227 -0.00197431723543262 -0.274553341575992 1.89913990721031 374.152222413923 -333049.153578583 102.54455343889 117.596172305283 81.8716861725 987278.135153157
89000 0.178 -1.82043408728127 -0.0376144721889418 0.00473305976547844 -0.0105458114566289 -0.0209302214919875 -0.250544236529436 1.85626027602461 374.543325874143 -333053.238774202 102.531460829512 117.608390380844 81.851770899775 987014.496358127
89100 0.1782 -1.77882102790021 0.0208574554941985 0.0117190394484556 -0.0112483730826716 -0.014930715232491 -0.272210775763829 1.85629319324823 374.597768154355 -333051.637703485 102.55334930512 117.627701946466 81.83185562705 987147.069190491
89200 0.1784 -1.84288777576383 0.00663590164040582 -0.0257163306485174 -0.00104106180521857 -0.00704941580524451 -0.297078693789079 1.90443373885957 373.502685117271 -333044.880375406 102.542487256176 117.62842156944 81.811940354325 986808.336725641
89300 0.1786 -1.83547539475904 -0.0379544515883479 0.0321461087922904 -0.0129663590333287 -0.0295813644151588 -0.29694341430838 1.90516628664802 373.934925384338 -333047.66623844 102.539540655557 117.672475683943 81.7920250816 986909.249226477
89400 0.1788 -1.85504870516708 -0.0106465451912203 -0.0149955085172313 -0.0242562198203647 -0.00711825385979661 -0.291207456805517 1.91053381382399 373.392000692738 -333043.735572236 102.579384032334 117.653476873343 81.7721098088749 986892.971361315
89500 0.179 -1.80284431081321 -0.00126926455691722 -0.00355860543623147 -0.0109052894402869 -0.0319047843902004 -0.301659385178434 1.87562233532965 372.563842279412 -333036.868545047 102.613527072343 117.671780389014 81.7521945361499 987134.565949153
89600 0.1792 -1.79037970582178 0.0153544334891826 0.019878403861709 -0.0308456148010759 -0.0501404279226577 -0.314850841926107 1.89120465241254 375.447282766865 -333057.480408447 102.627777593276 117.709899518365 81.7322792634249 987350.8935838
89700 0.1794 -1.79858466052029 0.0129399010685936 -0.0403901054456087 -0.0146176741504447 -0.0155929461237752 -0.318424532234863 1.86906653371424 374.470413669837 -333052.582723615 102.626734774656 117.710754129517 81.7123639906999 987107.447469256
89800 0.1796 -1.79714767608004 0.0188972607581123 0.0161299432780303 -0.00854196370048667 -0.0158943446382432 -0.331363659976169 1.90351877039015 373.668545936308 -333045.222794065 102.615076309861 117.783521406489 81.6924487179749 987364.755985817
89900 0.1798 -1.83105472451687 -0.01078923218117 -0.00709516983036489 -0.0228689710362504 -0.0154510740455088 -0.330090133728353 1.91030572124965 372.811032594635 -333037.083853715 102.610376569538 117.807642122245 81.6725334452499 987280.985176652
90000 0.18 -1.81452344121475 -0.0178727518822697 -0.0187633678726758 -0.0150579336731705 -0.0212724266365329 -0.311606284039037 1.87608303870192 373.353442586838 -333039.462207895 102.622844560078 117.815889998415 81.6526181725249 987229.289476443
90100 0.1802 -1.82793184503048 -0.0192441694362539 0.000507957101969007 -0.0117763967091936 -0.00987044627894856 -0.321089706816791 1.90196498636131 372.014529868648 -333031.049848335 102.627308696577 117.84095615657 81.6327028997999 987241.434127075
90200 0.1804 -1.85442783957587 -0.0163282970798945 -0.0213564903236744 -0.0186957552586912 -0.00960285859057791 -0.293543771654135 1.90505169674066 372.676839820486 -333034.535754087 102.631758503403 117.851324248887 81.6127876270749 987130.223849447
90300 0.1806 -1.81001651309289 -0.0102928761488773 -0.0107857534607011 -0.0204396993388141 -0.0235399940674815 -0.316340782992447 1.88182054941403 373.588219689825 -333040.309970401 102.628936248784 117.891711537378 81.5928723543499 987200.399222338
90400 0.1808 -1.84323295104195 -0.0206200998505173 0.010927593473308 -0.0228960560277944 -0.00151768350816626 -0.299536816235191 1.91080051408701 372.966028523847 -333035.204851525 102.613458001288 117.932683142823 81.5729570816249 987153.543630819
90500 0.181 -1.82337722420581 0.0185114646368241 -0.0141735531608977 -0.0248689895710406 -0.0477900290120431 -0.318474647651051 1.9095563495309 374.028364443638 -333040.786314811 102.63881247655 117.940689938647 81.5530418088999 987223.4137783
90600 0.1812 -1.85888336756763 -0.030909291553371 -0.0252959698186616 -0.0130461055651354 -0.0503685123256427 -0.317944722827009 1.91394091930917 374.060546636365 -333040.759031596 102.628562067246 117.945153437994 81.5331265361749 986921.113793465
90700 0.1814 -1.82517888762846 0.00984078687613447 0.03568835994692 -0.0318250580964556 -0.0303103492199433 -0.327693864417404 1.93477145138235 375.894730559661 -333055.696536381 102.647484781546 117.983954612915 81.5132112634499 987186.627516606
90800 0.1816 -1.82292405477811 0.0120946686072979 -0.0341145921700658 0.00506214835447226 -0.0442398665096235 -0.306833582777709 1.89024418216304 375.401838185629 -333051.620126579 102.652871220789 117.995008521015 81.4932959907249 987089.700284468
90900 0.1818 -1.85991415748376 -0.0337391732787373 0.0388790058827571 -0.0117196318126702 -0.049408462511511 -0.308180544776764 1.94048018732829 372.64369809974 -333033.236225806 102.630693145849 118.059593363529 81.4733807179999 987175.305263196
91000 0.182 -1.83591049842861 0.00628890560827915 -0.0021638655735228 -0.012212825153804 -0.0217515339678978 -0.324748687430183 1.92261550510975 373.185655784522 -333037.65093662 102.658036106462 118.071033684428 81.4534654452748 987292.603220734
91100 0.1822 -1.83202260618636 0.021294272871287 -0.0183745961835698 -0.00687418673317651 -0.0267718868689293 -0.345359766610035 1.92949479373946 372.462662565825 -333032.06895465 102.681299281764 118.076688226066 81.4335501725498 987322.167097391
91200 0.1824 -1.83537480753898 0.00467396483847123 0.0025562515165082 -0.00839498794206264 -0.0466453441882725 -0.329303962419317 1.92716095967755 374.076587456407 -333044.771576128 102.671260350904 118.109409559149 81.4136348998248 987257.716634412
91300 0.1826 -1.84860814488936 0.0127248597771391 0.000545246913643303 -0.0227696723025254 -0.0355735367899425 -0.289907804328878 1.92341622909482 373.478119661892 -333038.426024753 102.659379897344 118.160501875293 81.3937196270998 987328.922755381
91400 0.1828 -1.89001490287023 -0.0413925697692731 -0.0312045643695689 0.00372737404741156 -0.0697024057036578 -0.333656969198796 1.94549221934311 374.133010962955 -333043.193763752 102.641464444516 118.168625307416 81.3738043543748 986982.934284493
91500 0.183 -1.84536668516447 0.021515958099937 -0.00228104165097618 -0.000461370147155625 -0.0811763676041715 -0.359478777274216 1.96184487552239 371.784524288849 -333025.30581887 102.671145280406 118.198374595539 81.3538890816498 987275.204755412
91600 0.1832 -1.87602335829873 -0.00689273658497314 -0.0184655835786723 -0.0198112969628459 -0.0485093095841779 -0.340381096279683 1.95651906278574 374.683562782932 -333045.960850617 102.643866661199 118.244605839057 81.3339738089248 987157.235991312
91700 0.1834 -1.85745533520992 -0.0054529860096604 -0.0125476745683534 -0.00846168534414735 -0.0782469607390366 -0.344446164375552 1.94713525405449 372.880633568682 -333032.799777809 102.635657191782 118.291752156884 81.3140585361998 987230.059088316
91800 0.1836 -1.8401760314355 -0.0168788041038279 0.0231801741304161 0.0310076277869327 -0.0620579334814009 -0.336190472747525 1.93715435808359 374.134015704007 -333041.382422923 102.618904610894 118.348970103004 81.2941432634748 987304.498941935
91900 0.1838 -1.87962726880283 -0.0317174845115843 -0.00928943607892997 -0.00889848244691597 -0.0712430923241529 -0.342080153633394 1.95531055755548 373.027714325965 -333033.641867617 102.633777594122 118.341745018842 81.2742279907498 987145.422284013
92000 0.184 -1.83761441379588 0.0234086883565492 -0.0182136411218428 -0.00679736550813795 -0.0708988032444398 -0.333289707549766 1.93291073493978 373.716887375476 -333039.025053422 102.692506333224 118.325958613879 81.2543127180248 987336.531568089
92100 0.1842 -1.78280998122797 -0.0412235570194457 -0.0116753545557501 0.00698044164701091 -0.0520348048894436 -0.349643421058599 1.86023593279237 373.677741526311 -333039.938378113 102.667942119013 118.364226430633 81.2343974452998 987177.582741123
92200 0.1844 -1.83070855431318 0.00633977934203956 0.0082110300321465 0.00565480993901546 -0.0504169279347698 -0.356357781473084 1.94084563926898 372.448922624996 -333028.304289428 102.678224790275 118.39286694713 81.2144821725748 987273.246403779
92300 0.1846 -1.80311421129661 0.00976247349624522 -0.0167581613821669 -0.00383311127302359 -0.066562810999688 -0.349231361200812 1.90220138531441 373.540619768982 -333036.724228374 102.680393557039 118.421629348067 81.1945668998498 987291.791765328
92400 0.1848 -1.81815677924585 0.0177944630514718 0.0151690688947226 -0.0116781398947706 -0.0627898897118287 -0.342146303639252 1.93114807511238 373.194265843983 -333033.178978485 102.662068724741 118.480588364407 81.1746516271248 987364.815205456
92500 0.185 -1.83494923116981 -0.0153236201348574 -0.0136485413526642 -0.0176634736240087 -0.0783982991615131 -0.338528548362946 1.91762034706603 374.896596645493 -333047.000938129 102.651978081219 118.508387742201 81.1547363543998 987257.14048196
92600 0.1852 -1.83322433878329 0.0132706506281661 0.0506512981738073 0.00398653361128798 -0.0676621623256847 -0.331123906800878 1.95516637247939 373.356391689454 -333035.658029844 102.678667831364 118.553811317301 81.1348210816748 987649.910341013
92700 0.1854 -1.86037121887677 -0.0303505840553054 -0.0347216397410038 -0.00195734536272968 -0.0698353293347818 -0.323726488233691 1.91573339447958 374.816077008865 -333046.13108299 102.679752741085 118.545836222532 81.1149058089497 987351.492351765
92800 0.1856 -1.80376685947279 0.0150812428229754 0.0481682774937949 -0.00443495464840258 -0.0957764552539967 -0.348574203402039 1.93947770849608 373.749976518835 -333036.885333907 102.695050838106 118.605933091601 81.0949905362247 987756.636362116
92900 0.1858 -1.84387571148354 0.00890254875401005 -0.0246596598180081 -0.00093385784123205 -0.0753341941682653 -0.33789481877007 1.93165147928001 373.36827563292 -333032.705444833 102.684862643999 118.598114645889 81.0750752634997 987351.004001993
93000 0.186 -1.81947320637427 0.0188218443968453 0.00251158331763943 0.00254350304462376 -0.0637067300204206 -0.344126760879903 1.92797208987095 374.473495182603 -333040.286892419 102.684668737713 118.637388712443 81.0551599907747 987433.490046362
93100 0.1862 -1.87800238235281 0.0136968841819277 0.00319109527671452 0.000151587874594431 -0.0864823158644132 -0.330488746104249 1.97708592862206 371.979990917996 -333020.10660276 102.679169176331 118.662579507119 81.0352447180497 987347.60898024
93200 0.1864 -1.85446732325664 -0.050038178750134 0.0246197709254742 0.00948768376380523 -0.0900974647204789 -0.339819628629942 1.94095547994831 372.959636836629 -333026.833301574 102.675533299137 118.683676180159 81.0153294453247 987245.49263887
93300 0.1866 -1.81839616033815 0.0401544718468243 -0.00909212743576931 0.0390493414729498 -0.0748552560606995 -0.355501209539689 1.94052472103479 372.43948265561 -333023.212114865 102.726393522603 118.668159872351 80.9954141725997 987362.61641104
93400 0.1868 -1.84102643113024 -0.0196602357076272 -0.00385353426588228 0.0320765426011098 -0.0674262833378257 -0.329246926235626 1.92050792797704 373.393453434895 -333028.582828459 102.696940731557 118.715878139986 80.9754988998747 987233.646128951
93500 0.187 -1.85066325129281 0.00631049676954832 0.0210903016970789 0.0351603583309116 -0.0750564827784008 -0.325697213228801 1.95316687886838 373.02104236836 -333027.158430001 102.714259122069 118.737761537116 80.9555836271497 987339.252892081
93600 0.1872 -1.90070841050268 0.00587675005382762 -0.0482080762117679 0.014001624864402 -0.103554797695781 -0.349068033307785 1.98322444928033 373.99609922945 -333034.877182177 102.740994998356 118.714582678337 80.9356683544247 987160.558249275
93700 0.1874 -1.85019277546519 0.0202193793941359 0.0299881499748861 0.00229483684994458 -0.0862342316074716 -0.367059044848745 1.985782097639 370.199635013889 -333006.281519082 102.769726989121 118.756620933618 80.9157530816997 987543.227712895
93800 0.1876 -1.87610340279795 -0.0153836818476619 -0.0400271027556368 -0.00331854968552255 -0.0866770406716493 -0.353391882978501 1.95301303481885 374.273825761153 -333034.980698172 102.770598420594 118.733100953111 80.8958378089747 987113.003449951
93900 0.1878 -1.86579198639272 0.0474241587708766 0.0399501500554963 0.0189390874437405 -0.0711507971399245 -0.352772619964846 2.00892046230524 372.82510411897 -333021.551704066 102.796099341316 118.798175044797 80.8759225362497 987655.876658338
94000 0.188 -1.90286012320429 -0.000711683520005279 -0.0283334149285755 0.0332340422636809 -0.0679009961695312 -0.335441701192508 1.98017664832558 375.346398124746 -333040.314671483 102.764859482077 118.801454201339 80.8560072635247 987139.842682592
94100 0.1882 -1.92625754607337 0.0370825453054738 0.0136491457119979 0.050785350519576 -0.0548919280501123 -0.34576483724485 2.04564965244175 374.89586363293 -333037.256325263 102.75810935672 118.860698684008 80.8360919907997 987323.998416597
94200 0.1884 -1.93035294078671 -0.00995900728923685 -0.00318595344801995 0.0226862907516593 -0.0782988056553457 -0.359773388472083 2.02711924932984 374.784644041149 -333037.033303893 102.732540421208 118.898061711127 80.8161767180747 987145.348161076
94300 0.1886 -1.87813005070742 0.0239179672500591 0.0154803158651775 0.014939547464291 -0.0853572266781724 -0.347373584354436 1.99658242967318 373.774687740692 -333028.278706605 102.738514789142 118.936180468635 80.7962614453497 987275.901492063
94400 0.1888 -1.92660213446889 -0.0536381487686688 -0.023035274649754 0.0258357927567503 -0.0756161343526844 -0.349231030264786 1.98778557950874 372.552883264789 -333020.955016205 102.721238913782 118.947134547318 80.7763461726246 986957.46784229
94500 0.189 -1.83275521461855 0.0573750848348224 0.026800934193441 0.0167109641637799 -0.0774619513025925 -0.331330471558391 1.96568478498202 373.100750940701 -333023.388445479 102.765521641523 118.998369971143 80.7564308998996 987564.705361375
94600 0.1892 -1.91145949650554 -0.0367631384446051 -0.0233148716952549 0.0346070301687362 -0.092300189539509 -0.333463339121089 1.97550576250602 373.512330619351 -333026.450363031 102.726715838513 119.011344288205 80.7365156271746 987055.941960901
94700 0.1894 -1.847192655902 0.0174615273813452 0.0143898960830069 0.00158776559622546 -0.0864986469498778 -0.3415920734936 1.96054231599249 372.966251620985 -333021.257394178 102.754243100555 119.057223147872 80.7166003544496 987457.415086951
94800 0.1896 -1.91596484651482 0.0306213877220425 -0.0110128390625483 0.0231536080520427 -0.0910863647485795 -0.328698120786621 2.01507135692045 374.007714831862 -333027.351447098 102.777507379454 119.045225149508 80.6966850817246 987337.781964156
94900 0.1898 -1.92944028609528 -0.00461583243409769 0.0329720713618027 0.0212822223109306 -0.0702596370439798 -0.302820144440169 2.01741922086127 372.834370612233 -333017.856765097 102.799032438134 119.057460348611 80.6767698089996 987402.318364665
95000 0.19 -1.93884718163217 0.0194696783884322 -0.0344101865401029 -0.00329622265256827 -0.093013137944051 -0.307105051732428 2.01030385298371 373.534603401816 -333020.144402413 102.819081399755 119.038271200054 80.6568545362746 987191.964849221
95100 0.1902 -1.89914717920862 -0.00708048123996878 0.0183163122541581 0.000968227936826345 -0.0731670114806173 -0.321820338322112 1.98881418223611 374.507201653786 -333028.602190785 102.812747805764 119.085702674487 80.6369392635496 987280.6492166
95200 0.1904 -1.89847483715702 -0.0251131312625212 0.003529699099413 -0.005222993181499 -0.0694959711770181 -0.305583496537998 1.96435170055252 373.960399401361 -333021.409353517 102.810549633115 119.115111587965 80.6170239908246 987259.46214283
95300 0.1906 -1.89049943103707 0.0199962730721853 0.0139606268948755 0.0141850244364611 -0.0851087138656405 -0.33292481378473 1.99833683535449 373.279440576886 -333015.226015267 102.836187610819 119.133947945116 80.5971087180996 987417.828442066
95400 0.1908 -1.91659016802845 0.00760872558373916 -0.012641613162294 0.00405905488859524 -0.0828856721774781 -0.343826340171392 2.00979973313536 374.313273156456 -333022.669002122 102.833648401948 119.138847045846 80.5771934453746 987190.059934454
95500 0.191 -1.9466000433026 -0.0409199314558137 0.00573406300084301 0.00838763812474924 -0.0962750269947098 -0.34253961635016 2.02551690673215 373.088851058302 -333012.840280108 102.829557669969 119.157790250501 80.5572781726496 987063.726760245
95600 0.1912 -1.90108495356075 0.044206312959728 -0.0184529276581905 0.0254581607141541 -0.0803456194004656 -0.30474033558751 1.99150808293819 373.344462432409 -333013.067125738 102.867420172781 119.167923473938 80.5373628999246 987267.009827694
95700 0.1914 -1.93108819649088 0.00525799699335466 0.00991301055291933 0.0358723971147962 -0.110516111490692 -0.310361779594203 2.02186725330295 375.480143914459 -333028.649990976 102.844196330393 119.22114797501 80.5174476271996 987240.782402243
95800 0.1916 -1.90173344901167 -0.00164934185323225 -0.0147276384842473 0.0195258409411504 -0.0805561883624476 -0.281984621694208 1.96081576059595 374.803380053543 -333022.390997469 102.846930341985 119.245912645646 80.4975323544746 987227.860357935
95900 0.1918 -1.92345500931391 0.0111719426933868 0.0109366286246397 -0.0135031791988415 -0.0768943707765959 -0.310374842088296 2.01236406298338 372.655773711721 -333006.298272793 102.851068089375 119.271561006405 80.4776170817496 987235.623195429
96000 0.192 -1.8962571894139 -0.0105308693833501 -0.00649687550174408 0.0139703214600466 -0.096208425949824 -0.319460871777647 1.97436229570642 373.573123449935 -333011.874950475 102.848718480299 119.312654064918 80.4577018090245 987308.814712181
96100 0.1922 -1.87904284470865 -0.00869713983346744 0.0288429573142712 0.00725198399596367 -0.094837077240783 -0.33426915706272 1.98296819683635 373.446139135599 -333011.017823155 102.827929962379 119.377732621261 80.4377865362995 987403.199905391
96200 0.1924 -1.86784697054048 -0.00558614533137966 -0.00492325921775338 0.0238632170146905 -0.0748882101134618 -0.349365272769405 1.96314840504737 374.233445350647 -333016.540250256 102.828916575552 119.397409466208 80.4178712635745 987330.917640315
96300 0.1926 -1.84231633156006 0.00824840746645731 0.00538284215653478 0.0058712612555378 -0.0957779904435328 -0.356191804073682 1.95640911877529 372.940769730318 -333005.909317414 102.847917294269 119.425556152949 80.3979559908495 987501.539762763
96400 0.1928 -1.85354869605739 0.014826969694402 -0.0180267771882352 0.00961212862406544 -0.102681005614032 -0.342928187050979 1.95326148430449 374.335683777169 -333015.279255708 102.856963189781 119.453718524451 80.3780407181245 987576.591084988
96500 0.193 -1.83298205854381 -0.0160501272135822 0.00720902415271496 0.0320450414777103 -0.104729632023845 -0.341696041167268 1.93139768592394 374.996354894684 -333022.838766539 102.846349630079 119.506246844782 80.3581254453995 987664.141186179
96600 0.1932 -1.86674710324024 -0.0149216032750716 -0.0375016158546426 0.00578985592618511 -0.112157858514598 -0.352311770116788 1.94888757224939 373.696372439798 -333013.79961155 102.8359037324 119.547739725045 80.3382101726745 987661.876474636
96700 0.1934 -1.86124968226772 -0.00653590468200542 0.0425126632483539 0.036582857561325 -0.069439069644521 -0.348256719412043 1.97880481880398 373.521505579932 -333010.460671862 102.833475690714 119.597038380381 80.3182948999495 987800.906134179
96800 0.1936 -1.8678089676122 -0.00641754711527953 -0.0293290930090265 -0.00572568758639798 -0.0990413838179907 -0.396031441960021 1.98058179607948 374.289295977429 -333018.634786105 102.840498256918 119.587883451328 80.2983796272245 987547.816707719
96900 0.1938 -1.84318066562901 0.0410352174212255 0.0406249836782901 0.000216960577099599 -0.096055454857285 -0.381560805268616 2.00348265030851 372.697221672943 -333004.442044176 102.82767024656 119.661108994063 80.2784643544995 987784.201705608
97000 0.194 -1.8683932195983 -0.0187173840809053 -0.0338394328364537 -0.0161873955556951 -0.0809259637396294 -0.418620578853376 1.98487308963412 374.132256189365 -333016.809330016 102.803271530972 119.659590010684 80.2585490817745 987292.300834695
97100 0.1942 -1.85683453656614 0.0408025609038254 -0.0046532655587116 -0.0157649468062326 -0.0900579155129259 -0.391284580565863 2.00030544600343 373.909787880224 -333014.583717853 102.833598838168 119.689607140544 80.2386338090495 987586.175561426
97200 0.1944 -1.86288165605357 -0.0283034888176863 0.00311881172761413 -0.0188033905105684 -0.0658571026518622 -0.386174419453509 1.97123699801135 373.403171838596 -333011.599697344 102.803251783221 119.733473686935 80.2187185363245 987411.439758587
97300 0.1946 -1.84676120268251 0.020316968074408 0.0360480447438827 -0.0339381968573465 -0.0788219853615884 -0.404391939540423 2.00706057566404 373.864149742835 -333013.308955356 102.823514742487 119.784862971294 80.1988032635995 987784.650173209
97400 0.1948 -1.84945615877796 -0.024457032933215 -0.0315545437065313 -0.0330775061680601 -0.0622725997428974 -0.395789893662746 1.9500215760581 373.089707087916 -333007.497656309 102.82114511768 119.783133422952 80.1788879908745 987502.342786424
97500 0.195 -1.87984551060862 0.0518561318354959 0.0165909266796278 -0.0334202866426093 -0.0620236415226321 -0.385008958096065 2.03080778308508 374.212047621822 -333014.002653356 102.846649025251 119.818715006641 80.1589727181495 987795.279701894
97600 0.1952 -1.88047120467856 -0.0238356745315747 -0.0312973445174672 -0.0206663657610782 -0.0765710925666039 -0.368238969524641 1.96442563499224 373.423130472841 -333007.751335106 102.818618914127 119.83236809723 80.1390574454245 987393.213706172
97700 0.1954 -1.86290852546431 0.0099133482509803 0.0144374788497415 -0.029299822699411 -0.0749244066348556 -0.392431736519566 1.99934478557645 372.814676878241 -333002.319413495 102.83209127204 119.887232766963 80.1191421726994 987729.20404945
97800 0.1956 -1.86028586304908 -0.0432290575772694 -0.0290012871556213 -0.0293415787651573 -0.0740334257909313 -0.379478534663835 1.94391050071296 372.812553762445 -333002.864755287 102.809620097668 119.881537218805 80.0992268999744 987220.992946283
97900 0.1958 -1.8338071440756 0.00680907714742949 0.0310019617583146 -0.0555310026247791 -0.0827177971433254 -0.384370881034942 1.97635621449199 374.189146508455 -333011.563608165 102.817763665515 119.950907088246 80.0793116272494 987624.878279423
98000 0.196 -1.87800090685403 -0.027432532957427 -0.00200796617638414 -0.0379814702327431 -0.0750339630627939 -0.364898772535315 1.9730613320276 373.056281476544 -333004.532057673 102.811953391052 119.950497630755 80.0593963545244 987320.094065784
98100 0.1962 -1.85979126337775 0.0251394092304666 0.00858375306777894 -0.020902615231614 -0.0904640362392004 -0.373702544399968 1.99169631841445 372.560402201435 -333000.638157315 102.847162243762 119.970832621108 80.0394810817994 987579.918600586
98200 0.1964 -1.86584416803354 -0.00755222307604059 -0.0381953344166163 -0.0405623555284487 -0.0858614272224579 -0.35033613607158 1.94743492800625 374.58450977835 -333015.020055141 102.825788825858 120.002877166125 80.0195658090744 987392.670637078
98300 0.1966 -1.87984605921384 0.014290166971179 -0.00387904143547581 -0.0463861949958062 -0.0862867647032038 -0.354399143997958 1.98978760725442 373.004579665064 -333003.895154328 102.799145175809 120.076080686578 79.9996505363494 987493.162370428
98400 0.1968 -1.85680546826132 -0.0358490277853759 0.0106577508076216 -0.0447525770804137 -0.0690650110779846 -0.373083094493023 1.95975083862508 375.584273603086 -333023.415304494 102.792125836176 120.112345551088 79.9797352636244 987478.066407471
98500 0.197 -1.88096862164628 0.036966433762877 0.0177545771999399 -0.0401298082532173 -0.0941663143181493 -0.3837904339225 2.02862398174668 372.695964555448 -333002.871269091 102.849035541269 120.090340466434 79.9598199908994 987597.785231801
98600 0.1972 -1.91871605004373 -0.00808368652235784 -0.0286754427087308 -0.0339313615093797 -0.105572373149649 -0.372737432664585 2.01625567428683 373.592488014832 -333008.230723159 102.843254555878 120.107780481267 79.9399047181744 987439.689924274
98700 0.1974 -1.94418560064961 -0.00435441317002481 -0.000613642310706392 -0.0482307341767417 -0.0747555463961206 -0.363301374567204 2.04693012725376 373.214737885511 -333005.272199705 102.807989323403 120.170679534207 79.9199894454494 987371.984211766
98800 0.1976 -1.93469957251006 -0.0326322288120852 -0.000258896624141235 -0.0207584630299447 -0.0952058780623616 -0.385933091958085 2.03857860873221 373.36515377549 -333006.973005491 102.792962312113 120.204603626504 79.9000741727244 987260.280988777
98900 0.1978 -1.95453368084419 0.0168057493617464 0.00991214065198444 -0.00237831656119571 -0.0992537279054192 -0.377937186685996 2.08103759124589 374.643100225768 -333014.93986221 102.820266091147 120.222685786181 79.8801588999994 987424.888208175
99000 0.198 -1.95762543951922 0.00387419901621806 -0.0200267901836059 -0.0160216094262821 -0.109030534257422 -0.385813033651669 2.06982087304602 374.984350831948 -333018.92596349 102.800649744191 120.259030234654 79.8602436272744 987288.74864837
99100 0.1982 -1.93891762811174 -0.008680877845879 0.0335358120051807 -0.00676957356817414 -0.0913192452085984 -0.375667961180072 2.06339979485093 373.034634012201 -333004.235152321 102.775906012439 120.33848874983 79.8403283545494 987456.974256326
99200 0.1984 -1.92790790291487 -0.0126614408595148 -0.0163584882385873 -0.0105057464900631 -0.0818242494818522 -0.394084522724694 2.0365231376916 373.486514671127 -333006.123447562 102.791126505858 120.338387828765 79.8204130818244 987356.036130843
99300 0.1986 -1.87560105667477 0.0125705115320462 0.0201503215220053 -0.0197876526129969 -0.062431972403932 -0.38695239504879 2.01037948692381 374.413635079686 -333011.017728567 102.83580924202 120.342401574576 79.8004978090993 987571.719154184
99400 0.1988 -1.90205278961742 -0.0060186679120263 -0.024045661879283 -0.00039111946707332 -0.072706053895434 -0.404212572445314 2.01670844407911 373.911315630449 -333006.85779293 102.837526323529 120.348203525873 79.7805825363743 987389.344957589
99500 0.199 -1.92402063865344 -0.0174135439945325 0.00487660580634717 0.00408570923164801 -0.0721636646998443 -0.404912822361539 2.04589395268671 373.533314019331 -333003.918460813 102.808922737119 120.417269357681 79.7606672636493 987434.647294489
99600 0.1992 -1.91594773079256 -0.00771872914989551 -0.0022487563309391 0.00427754932849306 -0.0878311570969064 -0.381898994320649 2.0279408666007 373.778349581306 -333005.788112375 102.805498883513 120.448393944063 79.7407519909243 987410.373172469
99700 0.1994 -1.90062817423016 -0.00500392651051413 -0.0142424839517953 -0.0121176891763058 -0.0759890644328425 -0.383221272911679 2.00855743431345 372.711756083093 -332995.668695456 102.8086072901 120.485687998107 79.7208367181993 987499.276498885
99800 0.1996 -1.94304927998009 -0.00160052407149 0.00394684884707716 -0.0282425152619822 -0.100579639789548 -0.372098922985893 2.05624378946272 373.606012553277 -333001.732552005 102.801333103963 120.514592302474 79.7009214454743 987419.557393804
99900 0.1998 -1.92720336725461 -0.0104119994262506 -0.00339759225634232 -0.0193298404609403 -0.0630506664062985 -0.385491073284575 2.03628109438477 371.917600439737 -332987.251547958 102.827312342622 120.530472368535 79.6810061727493 987552.408802659
100000 0.2 -1.92420838115463 0.000101229469316469 0.00184488642989611 -0.0218876744002756 -0.0667115014394876 -0.37757158613885 2.03685916200636 371.851021809561 -332984.962982459 102.829955512496 120.573247410823 79.6610909000243 987681.354782717
100100 0.2002 -1.94561219748965 -0.0154811345778518 0.0168043532359782 -0.00775438535850569 -0.0635010086859675 -0.371346799794576 2.05298230839757 373.775653051257 -332998.622908444 102.809711485678 120.61552483296 79.6411756272993 987586.201974846
100200 0.2004 -1.90824950287142 -0.00190789505403667 0.00730778770662153 0.000146852362093759 -0.0435036785976802 -0.370593919747415 2.01729740715352 373.225046530308 -332993.420829543 102.815760304989 120.64538505517 79.6212603545743 987641.779231415
100300 0.2006 -1.92415277227372 0.00273493647163371 0.000114891464008495 -0.00599683483830048 -0.0798478107729677 -0.348479417235789 2.02272172868122 374.257743146789 -333000.282740032 102.82715589712 120.658419788125 79.6013450818493 987610.874871136
100400 0.2008 -1.95243957132505 -0.0043655600278032 -0.0490249008309256 -0.0152916463083147 -0.0679597924736953 -0.352035929265909 2.02393974688835 372.685599430087 -332987.119223847 102.832602925056 120.657984183796 79.5814298091243 987412.525325665
100500 0.201 -1.89826674209852 -0.00482644119322182 0.0384120556957604 -0.00909261789567735 -0.0687702585336659 -0.334295140310957 2.00463239728616 375.111148929528 -333004.138221794 102.823791177412 120.728761607712 79.5615145363993 987659.851799997
100600 0.2012 -1.89197682469351 0.00065062569632217 -0.00903094323731991 -0.00736441384050719 -0.0598569788565697 -0.341338664380846 1.98097357997287 372.66633179462 -332986.321684354 102.817080451285 120.744721561804 79.5415992636743 987478.709236028
100700 0.2014 -1.89186590318314 0.00289171395169157 -0.00558399481109634 -0.0166500545997897 -0.0690483946309705 -0.301694340156333 1.96527656872908 374.970033284022 -333002.755470473 102.795133183837 120.793545003894 79.5216839909493 987419.839307893
100800 0.2016 -1.8783762596654 0.00631878975815262 -0.00581309328291929 -0.0065525266954843 -0.0839609801898167 -0.296603123367173 1.95308860417933 373.169759531271 -332987.964812664 102.798171509286 120.862732318596 79.5017687182243 987767.172317232
100900 0.2018 -1.91888190079654 -0.0401410912967469 0.0240967683724216 -0.00728988048083456 -0.0845882569237603 -0.31771371389147 1.99472574030988 372.37442596325 -332981.892046969 102.782098354413 120.877769056465 79.4818534454993 987488.170390922
101000 0.202 -1.91754601394969 0.0172041739862237 -0.00612284867129545 0.00189873029618509 -0.0747242448328928 -0.294158211811318 1.99374511730796 375.332577555425 -333004.045434436 102.818954421546 120.886865936295 79.4619381727742 987669.07412683
101100 0.2022 -1.9142689469444 0.0324911056526584 -0.0208278004282357 -0.0226895427340481 -0.0748626754258597 -0.296298903334741 1.992650325231 372.531528672007 -332984.099275052 102.823318218239 120.920438051103 79.4420229000492 987737.679291904
101200 0.2024 -1.95972919083081 -0.0319395948855119 0.0141509722172825 -0.012450350114718 -0.0571197975665542 -0.286687617392425 2.01597926569627 374.563680285819 -332999.399112896 102.776346029627 120.987759593479 79.4221076273242 987588.480987022
101300 0.2026 -1.92523320328357 -0.0103197737601085 0.0177837048466642 -0.00653226870656839 -0.0763868731829791 -0.299730248343773 2.00216046229656 373.06161874692 -332988.667730769 102.789312770202 121.013514861079 79.4021923545992 987675.615131985
101400 0.2028 -1.92153536363106 0.0161859443253698 -0.0117272517634334 0.011512206241881 -0.0786518482185728 -0.302681588784724 1.99881449462421 374.986712727477 -333002.824519559 102.825262224644 120.99893910387 79.3822770818742 987654.258720569
101500 0.203 -1.92912013531123 -0.0215909451868033 -0.00697420998569507 0.00602010228940811 -0.0725827621806097 -0.286768330038929 1.98226759836231 374.035136259537 -332995.190619222 102.802893571539 121.034356905235 79.3623618091492 987480.639603424
101600 0.2032 -1.91914002099868 0.0077085705898587 0.00494887534533376 -0.00093748272689987 -0.0750035999254627 -0.297700033195416 1.99754619016683 372.741755835523 -332986.621120665 102.782608031506 121.099474021253 79.3424465364242 987569.066485468
101700 0.2034 -1.91224441063505 -0.0517614066961648 0.00767210220976115 0.0143533134940411 -0.0960802499455862 -0.321850364795191 1.97852966901693 373.389610751837 -332990.899017141 102.753872228645 121.147205236472 79.3225312636992 987434.19163603
101800 0.2036 -1.92257507582972 0.00498420484738362 -0.0288359795307127 -0.000302069841651694 -0.0568976969165582 -0.321086561917776 1.99259635484408 373.877748244622 -332994.601895358 102.803224315346 121.135531366872 79.3026159909742 987565.247308711
101900 0.2038 -1.95624772383075 0.00402615435814011 -0.0126153851188404 -0.00927103086988711 -0.0609548943877575 -0.301174996235573 2.02332699576179 373.816260075143 -332995.237737431 102.827448419345 121.137729412977 79.2827007182492 987567.806532005
102000 0.204 -1.94228670085309 0.00430357116512935 -0.00729323927554096 -0.0367228950006323 -0.0805627211892941 -0.33570740555774 2.03184376622933 372.585651981879 -332985.283898802 102.822543033988 121.179811797606 79.2627854455242 987615.607623825
102100 0.2042 -1.94320653592232 0.00180505456087069 0.0141747188476627 -0.0137417089839194 -0.0981619829590569 -0.33203931683432 2.04144713090515 373.984212794497 -332996.020332273 102.806771957994 121.225872038428 79.2428701727992 987591.258228765
102200 0.2044 -1.93131976367241 0.000631921609807394 -0.00587854690662751 -0.0077869448227779 -0.07477917544213 -0.340482637069175 2.02105040833918 373.057751401614 -332989.583011153 102.822984409332 121.234141831419 79.2229549000742 987566.124906691
102300 0.2046 -1.89711042432591 0.00386256527197133 -0.000501224370285845 -0.0159152401318045 -0.0710186612632394 -0.335238999527764 1.98958998272506 372.549912473806 -332987.587532706 102.820482805987 121.283319252367 79.2030396273492 987694.333191403
102400 0.2048 -1.92586205449387 -0.0275424498188594 -0.00194800581874593 -0.0107960802052183 -0.0749657795569009 -0.349780392143784 2.00925535221764 373.859644048458 -332997.485910535 102.774670012817 121.337688847364 79.1831243546242 987448.475028495
102500 0.205 -1.92094432034275 0.00660208268488069 0.0160912825098191 -0.0304276964962672 -0.0708054952711407 -0.312329460877246 2.01104025786354 374.579414186633 -333003.841053811 102.778784295521 121.376454660674 79.1632090818992 987555.052684431
102600 0.2052 -1.92552276425001 0.0137490541144043 -0.0238645103116114 -0.0357606365116187 -0.0727013823409209 -0.320125249565994 2.0040909432545 374.64404813609 -333003.758612678 102.786941628151 121.401207628362 79.1432938091741 987586.334424701
102700 0.2054 -1.93665666911516 -0.0133164066661462 -0.0340141968394832 -0.0109976490477879 -0.0599277828756181 -0.311811531596357 1.9906464845712 373.133680159103 -332994.164284537 102.771061146157 121.43997941178 79.1233785364491 987500.556170224
102800 0.2056 -1.9082014165051 0.00730139220576995 0.0152494876795802 -0.00989786333873183 -0.0765639821841295 -0.322283139222315 2.00347649856082 373.082162945489 -332993.694408369 102.771342966805 121.494584148615 79.1034632637241 987698.623543638
102900 0.2058 -1.93608499674312 -0.0186929418484182 -0.00280012974813223 -0.0139334098463541 -0.0605739437092661 -0.298047478316237 1.99629771101209 374.958781805757 -333007.412110525 102.761604739087 121.506087656172 79.0835479909991 987449.877325708
103000 0.206 -1.92735113752021 -0.0138615095245767 0.01385448624804 0.0116332433414747 -0.0552445959928006 -0.295337074993217 1.99661685360933 373.346634400536 -332998.150339851 102.803101391296 121.512210037308 79.0636327182741 987649.62108041
103100 0.2062 -1.92326999115174 0.0220394458261715 0.0119660253409292 -0.0231626578296174 -0.0755931654422088 -0.313348528421961 2.01941792762012 373.70963575247 -333001.518144047 102.856445004309 121.467056063043 79.0437174455491 987546.087490118
103200 0.2064 -1.89551003740475 0.0226656523677293 -0.0516584058242103 -0.00800876276672124 -0.109961021778647 -0.329638989406832 1.97605863543005 374.244264390126 -333006.601585013 102.874144912087 121.48525115149 79.0238021728241 987615.087408507
103300 0.2066 -1.85286592937404 0.0264875634846422 0.0308557774950718 -0.0149637022497644 -0.0643989391511749 -0.299888607251435 1.95527772661479 373.608409400937 -333002.501155557 102.82330764357 121.611324443497 79.0038869000991 987902.415128666
103400 0.2068 -1.93221732159675 -0.042566524169265 0.0130671317324907 -0.00139385931093776 -0.0732378470554582 -0.309293113639515 1.99551679717703 373.851055011378 -333003.173798894 102.761867767528 121.672101840609 78.9839716273741 987556.535997855
103500 0.207 -1.88691568467739 -0.0188737928421697 -0.00305483993703525 -0.0255766268347466 -0.0626944902991023 -0.304482719018135 1.95224606108924 373.0587110371 -332998.961562476 102.788827939946 121.690302791044 78.9640563546491 987714.286425589
103600 0.2072 -1.86024721758881 0.0229090420500798 -0.037270698258574 -0.00739397239249449 -0.0595503153869363 -0.331889553224585 1.94366303766501 371.709830446714 -332987.935436002 102.80926081756 121.704097118342 78.9441410819241 987773.428790999
103700 0.2074 -1.87448512295099 0.00220311459666049 -0.00170783181623704 -0.0193441418006196 -0.059278480616917 -0.303977576431645 1.95025790922619 372.673916609684 -332993.451103826 102.778841987128 121.764582425799 78.9242258091991 987722.69879589
103800 0.2076 -1.82204492648217 0.00540381158913045 0.019060375254107 -0.00432540211015525 -0.0375350450557133 -0.288962231557976 1.90249634480033 373.927854785431 -333002.418512769 102.785497788433 121.808776482094 78.9043105364741 987895.833432797
103900 0.2078 -1.89246969206752 0.00558016333455196 -0.0318236149099794 -0.0125424548846865 -0.0475321100984418 -0.289881273942767 1.9473934793136 373.381310311097 -332998.5971684 102.789192923628 121.79462780653 78.8843952637491 987567.272559959
104000 0.208 -1.86006547061954 0.0293676893491506 0.0205317122383902 -0.0322062745961183 -0.0593339477486162 -0.300596293463384 1.959103986953 372.227785861916 -332991.118770447 102.806567969478 121.844673674289 78.8644799910241 987890.603063921
104100 0.2082 -1.89054613810483 0.0148178162509908 -0.0235919993466143 -0.0411366323707839 -0.0476117680356958 -0.2930943576415 1.95660232309437 373.888779783156 -333004.539137954 102.79989476019 121.863248404391 78.8445647182991 987727.579760987
104200 0.2084 -1.87833206683765 -0.0370219238310103 -0.00400230253236749 -0.0128196116432924 -0.0611700892466083 -0.301708514670761 1.93316195700286 373.370762755835 -333000.034154565 102.787844312894 121.914327319856 78.8246494455741 987776.188475794
104300 0.2086 -1.89187334578353 0.00198143747860183 -0.00736530143528078 -0.0216105841617147 -0.0572489452255024 -0.301273386148719 1.96280469539114 374.204566109242 -333008.234960325 102.793658730988 121.946511971709 78.804734172849 987843.201452383
104400 0.2088 -1.91279453598422 -0.0214890873132164 -0.00985024698465328 -0.0219657637847864 -0.0488704612913785 -0.280960440784284 1.9607685031793 373.172802209516 -333001.690722658 102.775379162936 121.971165064074 78.784818900124 987617.554936154
104500 0.209 -1.90784814329447 -0.0091497260974016 0.0285858033879054 -0.0314557996833082 -0.0516368421013551 -0.291280685941912 1.9858572068893 373.233615615233 -333002.596949778 102.754783576043 122.039684404871 78.764903627399 987724.600890909
104600 0.2092 -1.85837541659292 -0.0330959906150584 0.0311808195140867 -0.013602888638108 -0.0280886387425076 -0.280703315408846 1.92156309154197 373.191538416747 -333002.897586979 102.748846935581 122.089477052204 78.744988354674 987820.679118596
104700 0.2094 -1.84882172264776 0.0206524334147661 -0.0273592443932813 -0.0334921380194863 -0.00470689779254636 -0.294925650453526 1.91620907079954 374.935597796726 -333016.110958825 102.788640136103 122.074150884588 78.725073081949 987829.303380391
104800 0.2096 -1.8580341095091 0.0249615138757548 -0.00788253717249885 -0.0458785170360191 -0.0201878622927497 -0.299678260752921 1.93955262605311 373.710111979136 -333007.529178097 102.780417502047 122.109614849015 78.705157809224 987787.28822896
104900 0.2098 -1.84583934695182 -0.0198282466657201 0.00860404880776078 -0.0364528262156954 -0.0382759269498775 -0.325624691052939 1.92704917025333 374.856245248 -333017.848689222 102.73953654598 122.183831799544 78.685242536499 987744.524805149
105000 0.21 -1.83544597580755 0.00344610900076325 0.0246243446974918 -0.0349987372439968 -0.0399103761553535 -0.314346092057633 1.93023593200602 374.067892758265 -333011.222846879 102.742098912479 122.243129273843 78.665327263774 987998.411180666
105100 0.2102 -1.82609606810648 0.00782929931705472 -0.0348106162699901 -0.0238148190886359 -0.0611881156546111 -0.305924580293404 1.8922486445023 374.383154064508 -333016.470376428 102.741243003357 122.255186737513 78.645411991049 987837.482251447
105200 0.2104 -1.84423962868631 0.00920018498704238 -0.0187257470367843 -0.0249495456906156 -0.0415784347810274 -0.281905251076447 1.90518382743043 372.523240092408 -333003.894035228 102.719377099448 122.311840406656 78.625496718324 987834.705764051
105300 0.2106 -1.8464950303685 -0.0260946176866518 0.0178241518943216 -0.0467958465141642 -0.0442114486182145 -0.263746986339128 1.90180366910258 373.828804198473 -333014.553988896 102.679768398779 122.385817734734 78.605581445599 987800.766736187
105400 0.2108 -1.83821482680278 -0.0156375352458161 -0.000876796995887126 -0.0547233767169308 -0.0493881586447273 -0.301425479245702 1.90729702001815 371.519523735331 -332998.162165785 102.688405705568 122.404735791191 78.585666172874 987786.237783627
105500 0.211 -1.82358130912873 0.00812948650688285 -0.00022734600153597 -0.073559750420776 -0.027218328006514 -0.351787223013685 1.93122897368126 374.698575777435 -333022.197198006 102.700003397233 122.433502149551 78.565750900149 987879.551935337
105600 0.2112 -1.84992900632006 0.00929061626364209 0.00789021307604049 -0.0467153898479831 -0.0205379518257046 -0.294939630896162 1.92947569873385 374.359692451677 -333022.13961095 102.701458824296 122.451967229389 78.545835627424 987792.088775532
105700 0.2114 -1.80499322018822 0.0240231601023111 -0.0184705728364675 -0.0444952550312534 -0.0417701250670435 -0.301434605949239 1.88497933179703 373.605029664462 -333018.579599601 102.712577119462 122.491518122575 78.525920354699 987967.545735225
105800 0.2116 -1.81234887930379 -0.0106189776742337 -0.00792426656411683 -0.0246255261040242 -0.0217503092263028 -0.327859813854064 1.89124501098103 374.364928045944 -333024.446387899 102.704190930626 122.544663014254 78.506005081974 988064.840781772
105900 0.2118 -1.80138637641457 0.013031045380731 0.0103650548070939 -0.0544441332384185 0.00302138919471153 -0.311651230582736 1.89409076185867 373.053111244563 -333016.108103461 102.710888355992 122.579919357545 78.486089809249 988162.820958754
106000 0.212 -1.80401125849 0.00769169803115367 0.0171806215128674 -0.0367294297997954 0.00107905329350269 -0.322292393111198 1.90137228315306 375.260826460011 -333031.481631977 102.733509817394 122.595282525723 78.4661745365239 988253.507723267
106100 0.2122 -1.81044859094166 -0.0261762120310189 -0.0290444217918026 -0.0440338095468058 -0.0191492876090913 -0.329167533369974 1.87362997712719 371.909013607516 -333008.363543912 102.736036008524 122.590305177737 78.4462592637989 987986.862966822
106200 0.2124 -1.79322007180237 0.0285222544811474 0.0146503768063732 -0.0360197783783968 -0.0312695416617338 -0.329707640707587 1.9043669700694 374.469787429402 -333026.575245216 102.735670307909 122.656028527061 78.4263439910739 988262.070314727
106300 0.2126 -1.85100444347049 -0.0369616135501341 -0.0117496123900545 -0.0317341159869769 -0.00439617176697009 -0.293134213513083 1.89683547690546 372.787631799968 -333016.722816282 102.692886768066 122.689032302444 78.4064287183489 987865.404003009
106400 0.2128 -1.75070692547965 -0.00776943921009445 0.0145696638006286 -0.0318668055993394 -0.0141663202238595 -0.284626735143809 1.82317071210384 373.591096808124 -333022.293764968 102.694065224738 122.749718364623 78.3865134456239 988114.33156858
106500 0.213 -1.76915962951389 0.00482657647052292 0.0167998890488066 -0.0405224586314284 -0.0118948037889144 -0.305116961664151 1.85823859057671 373.838418853661 -333026.742982536 102.699043906274 122.768896126192 78.3665981728989 988065.524553132
106600 0.2132 -1.75757120985667 0.0276519963903506 0.0194083313339597 -0.0567548772893611 -0.00278496854713611 -0.291445087215965 1.85388252189777 374.383182424542 -333032.362821442 102.723075198356 122.784344529976 78.3466829001739 988169.902635294
106700 0.2134 -1.82186674842189 -0.00402395198525646 -0.0263064412195721 -0.0395895298535654 -0.00623430097119011 -0.314637327787328 1.8884785981316 372.39970314608 -333019.905074246 102.73199747265 122.788146378401 78.3267676274489 988035.115970788
106800 0.2136 -1.80535002543276 0.00623378288333398 -0.0151645348733258 -0.0463856234196623 -0.00308113896404953 -0.320519662904885 1.88632204512928 374.122476735789 -333035.675803843 102.724494738721 122.837096640551 78.3068523547239 988105.516843699
106900 0.2138 -1.77223941579422 0.0102395651604391 -0.00657402903109308 -0.0338585987307019 0.0146965135098999 -0.287670923902081 1.84388041756568 375.687485498518 -333047.654544087 102.695476370168 122.909730570062 78.2869370819989 988159.118128791
107000 0.214 -1.78505995530208 0.0226652694193046 0.0261765042724913 -0.0315891254459535 0.0196555893007461 -0.269402827736592 1.86979048574091 373.253201012839 -333030.304205704 102.693626365287 122.959660024824 78.2670218092739 988291.254681339
107100 0.2142 -1.81437483627584 0.000757666679844322 0.00103459837163788 -0.0497132303686105 0.0130753666330273 -0.276898688505409 1.87966872353589 374.400609932452 -333039.432005725 102.699221228264 122.961259586098 78.2471065365489 988106.464527262
107200 0.2144 -1.79534280039459 -0.00836968850946244 0.0187948219783113 -0.0293077809670006 0.0119831835393738 -0.274596044020226 1.86326854032991 374.795788996101 -333043.60489285 102.700719438613 122.991776308003 78.2271912638239 988114.556112583
107300 0.2146 -1.84411298135826 0.00910539334564164 -0.0121148275311903 -0.0434594916701622 0.0235496191080123 -0.293174532331043 1.91330258820231 375.362068271268 -333049.260906484 102.718751750222 122.991971301008 78.2072759910989 988038.016034371
107400 0.2148 -1.82775471595314 -0.000279069442668398 -0.0202768709150494 -0.0469866647326038 0.0277460742772717 -0.30847364083188 1.89681901894824 372.631570257276 -333029.147321966 102.708441173318 123.014231220439 78.1873607183739 987866.022320658
107500 0.215 -1.80408998747964 0.0152904793473355 -0.0253246891135267 -0.0635354825060255 -0.00348825905795367 -0.292426619931107 1.87258836678664 374.525554709234 -333043.844825925 102.680908778421 123.086237004168 78.1674454456489 987927.597675777
107600 0.2152 -1.79513727212285 0.00367067611957357 -0.0051188986953936 -0.061788707632318 0.0106612863214158 -0.283455588462343 1.86354830052484 373.654840565443 -333037.853461891 102.67270757256 123.134315003422 78.1475301729238 987982.769442404
107700 0.2154 -1.77592467264318 -0.0158528313851097 0.00978060146772757 -0.042817381869478 0.0370970930104076 -0.292096364678774 1.84640625781653 373.707559860235 -333041.011126037 102.673774846125 123.167691337778 78.1276149001988 988008.990825173
107800 0.2156 -1.79172156397503 0.019074465950477 -0.0177679836954301 -0.0393765782966147 0.0118445224406859 -0.304139665341927 1.86981301138158 372.593773104428 -333033.437192776 102.70099682614 123.173427848977 78.1076996274738 988065.04209167
107900 0.2158 -1.80939445633951 0.00254762440059131 -0.00761532353134773 -0.063030407719639 -0.00795293769681828 -0.291420340618083 1.87928401413118 375.696736314957 -333058.293740161 102.687768299277 123.211562489265 78.0877843547488 987991.665474475
108000 0.216 -1.80436284199417 -0.0122455512817191 -0.0147636905529338 -0.0480409492329737 -0.00714199005240526 -0.31139245399827 1.87220472370521 372.859290512129 -333040.175311891 102.675870432639 123.270275580177 78.0678690820238 988095.872825829
108100 0.2162 -1.76844075895276 -0.0170201365811168 -0.0187515418414897 -0.0439318465554431 0.00366885181758836 -0.29120501181755 1.82336947844462 373.96247259468 -333050.083353853 102.679814413349 123.312151186837 78.0479538092988 988217.341555451
108200 0.2164 -1.75567121339818 -0.0101623261944621 0.00444762714684501 -0.0471040506529233 -0.0125405403686861 -0.288455484031713 1.82462719437932 373.466918618374 -333046.176603276 102.689345757843 123.32972493798 78.0280385365738 988197.701994957
108300 0.2166 -1.75416443736649 0.0173012482625832 -0.0124722446298761 -0.0127508900002093 -0.0069787385239505 -0.319661180196588 1.84212325580444 374.275907842112 -333052.808579499 102.706078867195 123.348513949186 78.0081232638488 988257.002464891
108400 0.2168 -1.74049818412357 -0.00130467160589987 0.00482709793834047 -0.0240018905996324 0.00604311045061757 -0.305098640226879 1.82115056406838 373.077961620086 -333043.288446648 102.684068984265 123.398427926112 77.9882079911238 988192.692320016
108500 0.217 -1.72449196574991 -0.00336857211778367 -0.0212529526190265 -0.0223285946958939 0.0240886557076484 -0.311425980087223 1.79610669871167 373.876075133372 -333049.621527429 102.679237782602 123.433794846108 77.9682927183988 988177.000893825
108600 0.2172 -1.69731589626283 -0.00418291624157599 0.0235777119055903 -0.0360100883834724 0.0240022226112448 -0.313856459783554 1.79321178534033 373.44998029951 -333045.861559482 102.667407060401 123.493771025384 77.9483774456738 988290.738943555
108700 0.2174 -1.7689753248825 -0.0474966349030214 0.0035773818778922 -0.02494811467851 0.0267234133660781 -0.298862386471573 1.82372862362521 374.939512158656 -333057.986008674 102.650687956414 123.518511743396 77.9284621729488 988075.249329596
108800 0.2176 -1.76332809183237 0.0229353089158034 -0.0249542541356395 -0.00501994865327309 0.0298104993153403 -0.303923156122495 1.84047179415746 373.979192924052 -333049.799078798 102.688828087199 123.510716123931 77.9085469002238 988127.398933176
108900 0.2178 -1.80305312496102 0.00864076200888147 0.00316226246994687 -0.0393681388179117 0.0337921873792084 -0.289183700507103 1.87917437048279 373.880204658974 -333049.275395477 102.680061099634 123.531728968908 77.8886316274988 987958.523529806
109000 0.218 -1.79908276640522 0.0304186552823632 -0.00422043697711363 -0.0271910593577389 0.0240859203049597 -0.273171545062897 1.87422773030086 375.239288723078 -333060.267811437 102.679699007584 123.576390247715 77.8687163547738 988059.521143718
109100 0.2182 -1.79869123831073 -0.0238476394607976 -0.0100138990749543 -0.0253103038449752 0.0565047943029163 -0.301075908488616 1.85963819495088 374.018212575811 -333051.752129479 102.658385312896 123.622640573458 77.8488010820488 987971.401763198
109200 0.2184 -1.79860866438454 -0.0129197210989963 -0.00951217745118386 -0.0350009043030716 0.0380339601852061 -0.291967199878363 1.85971258538632 371.638356963063 -333032.501746598 102.673212681891 123.649112193127 77.8288858093237 988072.85241749
109300 0.2186 -1.81253201238167 0.0346342485528397 -0.00117412252064783 -0.035178181875289 0.0527462559429032 -0.288979093682608 1.89993346878588 373.736891237023 -333050.639098192 102.688450425523 123.659538417643 77.8089705365987 988049.927917663
109400 0.2188 -1.80354059169395 -0.0159084804233106 -0.024725791726071 -0.0576036691177612 0.0412920218973132 -0.276776377444323 1.8506294421204 372.746156098924 -333043.475143522 102.680456456062 123.683959335935 77.7890552638737 987915.198858217
109500 0.219 -1.77278748747875 0.0167514380953823 0.00501147564830077 -0.0388827635925911 0.0429515747599165 -0.287901590750072 1.85480736794568 374.181013665172 -333054.743773981 102.687591013688 123.728459155658 77.7691399911487 988086.274479891
109600 0.2192 -1.75595109372666 0.00775735211066212 -0.00731760309056847 -0.0280212443522195 0.0484636819661566 -0.256020316186348 1.81393160651055 373.865387308891 -333052.613393801 102.678205911601 123.760483172925 77.7492247184237 987998.613258251
109700 0.2194 -1.73933488608257 0.0377674557058794 -0.0175203653016488 -0.0642994924952483 0.0181172757750805 -0.278986195106419 1.81928151548537 373.664110949878 -333050.717922176 102.69043648539 123.807457582615 77.7293094456987 988238.148125605
109800 0.2196 -1.77366365996665 -0.00845028125128672 -0.0219219673959395 -0.060888961272966 0.0138303576225582 -0.263142080597769 1.81983704079279 373.518207514494 -333049.839867772 102.664649747819 123.84444850546 77.7093941729737 988031.968098951
109900 0.2198 -1.75310859577632 -0.0222291227291939 -0.0147369350136129 -0.0498481611047061 0.0118219280193585 -0.261749057701318 1.79509873156972 371.496418752677 -333037.634549832 102.639552181732 123.919219052077 77.6894789002487 988133.503765628
110000 0.22 -1.78509743520419 -0.0174944924404549 0.0208666071762122 -0.0580380937698815 0.00723269565917657 -0.260132223987737 1.84579723922107 374.749100695984 -333063.789813116 102.639827371171 123.957131928308 77.6695636275237 988185.090872988
110100 0.2202 -1.76612796867443 0.020089033471798 -0.00215994719737914 -0.0669479788273655 0.00990601856459312 -0.260894373389931 1.83555517317338 373.091530718399 -333051.057421519 102.682663618561 123.946914997706 77.6496483547987 988262.556341561
110200 0.2204 -1.78361600789426 0.0199883431339704 -0.0140391631418688 -0.0473088300069598 0.0231155797614761 -0.250592713813552 1.84105455073442 373.355217540171 -333053.933621236 102.688308957411 123.960246460516 77.6297330820737 988169.683921976
110300 0.2206 -1.79411689309905 -0.00829551948543804 0.00717184071220813 -0.04313870353073 0.0317038635849256 -0.231044197148995 1.84004393190904 374.316896603517 -333061.64954812 102.663651719262 124.004438306607 77.6098178093487 988031.069019195
110400 0.2208 -1.78069636879829 0.00603511190913109 0.00970146263409544 -0.0476190451645722 0.0217509727149644 -0.245873976307995 1.84080354249007 373.404100319805 -333055.646154644 102.655507113541 124.046941995478 77.5899025366237 988037.712621043
110500 0.221 -1.83668135310934 -0.0238901105377055 0.00211966371227298 -0.0405066502914134 0.0200340105683361 -0.246733884784215 1.87691187035421 375.355604668667 -333071.135828084 102.648632731688 124.062626242746 77.5699872638987 987842.847095853
110600 0.2212 -1.82492971512251 0.0384784888140891 0.0135739363526696 -0.0609499194036037 0.0175522928795082 -0.24700790048751 1.90305298390539 374.158552858827 -333062.684626599 102.669212310096 124.095681788439 77.5500719911737 988050.4147941
110700 0.2214 -1.86652062167664 -0.0391901384347911 0.00956389047309954 -0.0546211200922145 -0.00598559960416002 -0.246821460975559 1.90326660161063 373.825233750245 -333062.546727209 102.630536787354 124.127774280402 77.5301567184487 987679.933594316
110800 0.2216 -1.84675810001033 0.0390691353124592 0.00786408825115422 -0.0578629348567422 0.0230633340352708 -0.257808221301256 1.92600782333621 373.800525303508 -333062.683023548 102.661676805529 124.179055230885 77.5102414457237 988133.889999258
110900 0.2218 -1.79781050134889 0.0017633671625479 -0.0263618284194605 -0.0643572510072941 0.0193907994033989 -0.268907150381179 1.84908910304348 373.160635052558 -333057.778404424 102.656290772289 124.216774584844 77.4903261729986 988128.226024942
111000 0.222 -1.86422867535565 0.0141192497077853 0.012974489898198 -0.0737103343604438 0.0062803353778891 -0.293527280347772 1.94959861042963 373.081488425848 -333057.570233275 102.618495718298 124.285906393471 77.4704109002736 988060.1580169
111100 0.2222 -1.85595594339331 -0.0105155385932551 -0.0469463667876592 -0.0895501058343762 -0.0130949164783929 -0.280201135620138 1.89732883145417 372.997947391116 -333057.997823204 102.58440393167 124.336043768058 77.4504956275486 987876.342382805
111200 0.2224 -1.80930318636708 -0.000867485001117668 0.0135075648738562 -0.092773264459511 0.0309728203725206 -0.282433825270966 1.88802750536352 374.997025833305 -333075.470269894 102.572670811783 124.398391581512 77.4305803548236 988004.547349764
111300 0.2226 -1.79856660894827 0.00493415120626155 -0.0120335633662575 -0.0708418077987593 0.0262148440412086 -0.282007772120951 1.86494077628136 373.193384309375 -333062.701242288 102.571959243947 124.442278406542 77.4106650820986 988092.047294689
111400 0.2228 -1.8221061265195 0.00493367147023007 0.00675565125012803 -0.115481126052194 0.0404451989710949 -0.269393105490193 1.89843083157036 374.025671334023 -333069.702218364 102.58951142898 124.436602977687 77.3907498093736 987961.822561469
111500 0.223 -1.79899475292195 0.0291610903911687 -0.00727609947151057 -0.0994928428646909 0.0260259920835647 -0.28005694447196 1.88252298930457 374.219717586804 -333072.894939047 102.602830049427 124.476582487969 77.3708345366486 988153.190913089
111600 0.2232 -1.78619447113522 -0.0282959330260597 -0.0171654722796332 -0.0843867650913792 0.0416940485409805 -0.284851921509768 1.83844983317462 372.974471719274 -333065.006557877 102.559282595351 124.531836101497 77.3509192639236 987917.878618365
111700 0.2234 -1.78100423149978 0.0364776126349318 0.0112796133290129 -0.0708687416182296 0.0286223288173615 -0.278578225844765 1.8730778465302 373.799287330487 -333070.565012578 102.572125533885 124.583465294817 77.3310039911986 988196.725579594
111800 0.2236 -1.7754618237566 -0.0228190691334693 -0.0241059061085372 -0.107435843172905 0.00615562162929444 -0.293169788687801 1.83360016006956 372.488662438719 -333061.717660777 102.567509573051 124.607776392382 77.3110887184736 988090.550422871
111900 0.2238 -1.76837765795978 0.0431471758539986 -0.0272383555536636 -0.101028663276801 0.00439223809135923 -0.288245655751164 1.85445575043583 373.112444805057 -333063.841663754 102.579322920745 124.649005187212 77.2911734457486 988276.675943355
112000 0.224 -1.79074146018501 -0.0249188354922656 -0.0243915309521926 -0.0857762193505143 0.0223278833120963 -0.301682311610374 1.84815201760227 373.040147128833 -333064.215353275 102.535810463574 124.707062603475 77.2712581730236 988062.921473542
112100 0.2242 -1.76874451240632 -0.0156524045047688 0.0171192062809026 -0.0646282441155031 0.0310680261508625 -0.304826355120162 1.85095677593465 375.044981517655 -333078.427414475 102.534039516854 124.758724265656 77.2513429002986 988200.411615427
112200 0.2244 -1.7981505713297 -0.0049798126773177 -0.0274499112052629 -0.0773622914290361 0.00654574977680174 -0.31837493626301 1.87025256701783 373.645949648041 -333067.570093683 102.556702106681 124.763092852201 77.2314276275736 988198.617682138
112300 0.2246 -1.7609928672124 0.0308414636259766 -0.00971066257988227 -0.070835289997209 0.00973405329605279 -0.314401103598475 1.8578302894307 373.533765540442 -333067.090758169 102.564672994346 124.791394549464 77.2115123548486 988244.706750045
112400 0.2248 -1.73918543928995 0.00539793539924894 0.025421734262671 -0.104200049125074 0.00145284353814109 -0.294269390580822 1.83610130331433 373.705997952594 -333069.182222799 102.529459859948 124.878647900813 77.1915970821236 988341.16371801
112500 0.225 -1.73497188678987 -0.0305956638212903 -0.0159190425347146 -0.0707715351281823 0.0174648916356444 -0.297046325188941 1.79186457434285 374.17617119903 -333073.144551084 102.511144330825 124.918578810822 77.1716818093985 988225.556966931
112600 0.2252 -1.68333935563132 0.00437676410213823 -0.00447307433307265 -0.104350915507692 0.0225813367623281 -0.297042609479466 1.76986667068886 373.032953222776 -333065.217375472 102.539548530264 124.961041312072 77.1517665366735 988580.207262042
112700 0.2254 -1.71774833793861 -0.0156921487395751 -0.0281419508062454 -0.0914727641154813 0.00824712477294798 -0.296467245995592 1.77902904272832 373.143426304144 -333067.162429704 102.512506647664 125.011519130972 77.1318512639485 988463.508461742
112800 0.2256 -1.70904808031309 -0.0183055437845389 -0.00981434582507418 -0.0792802161120844 -0.0145697397354672 -0.268811022960213 1.76332352192923 373.993395077464 -333072.646309409 102.495025886791 125.062287709899 77.1119359912235 988441.030963464
112900 0.2258 -1.72897072375342 -0.0224882012651799 -0.00984176581489609 -0.0881003447268834 0.0311056520414317 -0.257171478234344 1.77719516587137 374.159830077953 -333075.104328059 102.493366783815 125.076837760398 77.0920207184985 988284.72192564
113000 0.226 -1.73569428139704 -0.0162344914191114 -0.000905815896187309 -0.0756004436300124 -0.00417849973840554 -0.269003063203881 1.79371697424373 373.376928473654 -333071.747586748 102.514294626394 125.089559908616 77.0721054457735 988331.677811588
113100 0.2262 -1.7300770578627 0.00219390277521681 -0.0113219711275542 -0.0859313705280052 -0.00221256614353266 -0.247667001168169 1.78429715073458 374.300503793038 -333078.540298129 102.528629268591 125.092033232455 77.0521901730485 988233.997711955
113200 0.2264 -1.71206160122162 0.0160916015180716 0.00124233520202296 -0.111913936291286 -0.0143414451619377 -0.228139763000653 1.77634643542575 374.412124894115 -333081.96257107 102.542196653827 125.117368913014 77.0322749003235 988309.439121361
113300 0.2266 -1.72515643340157 0.0154960673560093 -0.0274073818963413 -0.101204261230681 -0.0349140883361152 -0.239909352026021 1.7787875696256 373.603793014047 -333076.221956865 102.528844737989 125.15306542503 77.0123596275985 988207.135695061
113400 0.2268 -1.70784265320991 0.00458532695903617 -0.0055217720399699 -0.112020053873569 -0.0131323666926342 -0.245103601233858 1.77019610274659 373.908514697999 -333079.457290211 102.507557151869 125.229664519014 76.9924443548735 988351.00672679
113500 0.227 -1.71311799954129 -0.0379934925820197 -0.0040222220479425 -0.0756894257030555 -0.0239701880657201 -0.238678932051739 1.747545577058 373.190786921846 -333077.190336258 102.508013120323 125.265293518566 76.9725290821485 988380.873352587
113600 0.2272 -1.74464090872613 0.0250383606507006 0.0159662855439491 -0.115765143686844 -0.0238551727749745 -0.234779460609787 1.82292853793498 374.37917614251 -333086.669861214 102.542051837043 125.260078621467 76.9526138094235 988412.113190409
113700 0.2274 -1.73115891316041 -0.0108285723071379 -0.0364645243642819 -0.0931863075988904 -0.0149904054467316 -0.241291899714826 1.76563923854782 374.85120454751 -333094.496461169 102.537151460706 125.264984130001 76.9326985366985 988147.786914405
113800 0.2276 -1.738806373036 -0.0287180135096155 0.0261119414904791 -0.103400923733337 -0.0200659998956028 -0.258785440782928 1.8042631427754 372.424495066546 -333076.649892981 102.522275006449 125.344536618525 76.9127832639735 988375.955136351
113900 0.2278 -1.79897838336645 -0.0113569569622899 -0.028671121496789 -0.0685749178482304 -0.0188853231833142 -0.23238352033481 1.82814736792992 373.985731945802 -333087.924211871 102.531625396301 125.330520063778 76.8928679912485 988099.645966004
114000 0.228 -1.72590681496861 0.0325653789612748 0.0280590145721102 -0.0776264382566593 -0.00562119881867792 -0.238526786169903 1.80919261445814 373.908184077175 -333088.263481075 102.547991871153 125.376320280199 76.8729527185235 988362.461899477
114100 0.2282 -1.71215084400435 -0.0226798874375759 -0.0292253730397908 -0.0978770646431366 -0.00975146507874018 -0.257148626991826 1.75234067187211 373.869442155393 -333088.802672991 102.521498568463 125.402498942428 76.8530374457984 988057.395876291
114200 0.2284 -1.71322184062843 0.05206315312071 -0.00332133060425572 -0.0830907178080044 -0.0357390266039056 -0.237460118339949 1.79310766877468 372.436960812281 -333077.986376852 102.525520548447 125.471111712786 76.8331221730734 988380.595374506
114300 0.2286 -1.73988733038 -0.0162747501231556 -0.0274312662128951 -0.0488767373281947 -0.0418196520505085 -0.225549379016601 1.76543657675929 373.525454199606 -333087.930215152 102.489425815775 125.522424727405 76.8132069003484 988180.494117221
114400 0.2288 -1.67019132075939 0.0219755490540321 0.01599273976838 -0.0356195523840285 -0.00297823389575695 -0.227579008711647 1.73566992265971 373.958171348204 -333089.575038445 102.497090981345 125.595026973297 76.7932916276234 988569.635102647
114500 0.229 -1.70177089767071 -0.0154307974729225 -0.0237854431599224 -0.0567231193095915 -0.00298594571149714 -0.23527253965176 1.73362704978472 374.234900355304 -333093.070962211 102.47858271137 125.611129933817 76.7733763548984 988261.492096925
114600 0.2292 -1.68207935966872 0.0357742199522864 -0.000249919820227069 -0.0502465006021344 0.0024885412969909 -0.230081538093585 1.74838202796135 373.382075293683 -333088.018381946 102.484663719439 125.665175090021 76.7534610821734 988488.883317149
114700 0.2294 -1.68760716890484 -0.0194649165438082 -0.0139093076724026 -0.0233475402367126 0.0129724021734083 -0.248667461934341 1.72616444095932 372.445376979897 -333083.875411289 102.43554419554 125.719298387685 76.7335458094484 988184.175154174
114800 0.2296 -1.67049160984048 0.00386051090670471 0.00315537277284761 -0.0141412543801151 0.00814021703684307 -0.250976000277682 1.72975155577708 373.177612843514 -333088.497222535 102.436883213045 125.77987963337 76.7136305367234 988416.683705133
114900 0.2298 -1.66984572802265 0.00806879072056039 -0.0179929295148365 -0.0431981844229727 -0.00298290385614933 -0.245850440060194 1.72026139464223 373.664764691061 -333094.534209047 102.449720529681 125.796210441031 76.6937152639984 988412.23614253
115000 0.23 -1.65925875811285 0.00343029712325634 0.0186272616086537 -0.0294421653201968 -0.0149329822447624 -0.240206101528139 1.72232403671917 373.493016541615 -333093.481963269 102.424304862295 125.8653705768 76.6737999912734 988453.563868755
115100 0.2302 -1.68942649568447 -0.000476012331749456 -0.0192215482761337 -0.027248162197961 0.00607260558262598 -0.260441485410782 1.73984831722635 372.864059043464 -333088.116198779 102.392868040223 125.911780796157 76.6538847185484 988257.783080761
115200 0.2304 -1.71582307246665 -0.00742874606328102 -0.00928635228838226 -0.057354169041766 -0.0208261187088993 -0.241349816526858 1.76106785412884 373.402399688799 -333093.164612149 102.397750466181 125.954256911088 76.6339694458234 988381.453447972
115300 0.2306 -1.67064951776594 -0.0179304026957171 0.0162924915932565 -0.0574197148752736 -0.0269052413148957 -0.248723908277102 1.72825519123249 373.995801707409 -333099.201632249 102.404874197401 126.007094585286 76.6140541730984 988607.886649321
115400 0.2308 -1.64383354027708 -0.0249865371773681 0.0260803093288197 -0.0643061412209775 -0.0243924299371724 -0.28080723847265 1.71950335286911 373.850953191465 -333099.495732607 102.426793811529 126.019033746307 76.5941389003734 988656.126411351
115500 0.231 -1.62521424663413 0.015888660548993 -0.0085154690164176 -0.0423445663868527 0.00542134477636197 -0.272323055985349 1.69756046308704 372.091196979238 -333083.870795222 102.472813437775 126.011126655538 76.5742236276484 988781.100999358
115600 0.2312 -1.6594775178554 -0.0221642553272811 -0.0442486821073332 -0.0160691314428826 -0.0269637636165704 -0.266499340946289 1.69149188513273 374.157739007605 -333100.315459437 102.431823322558 126.057342674732 76.5543083549234 988490.929055408
115700 0.2314 -1.63267770779184 -0.013864530316715 0.0166082379089114 -0.0184097487518521 -0.0142178530272407 -0.253889188112045 1.69287234309922 372.895946012242 -333090.833720551 102.411372743787 126.136987467837 76.5343930821984 988660.731177533
115800 0.2316 -1.65120001640087 0.0156208116252894 0.0143309521331497 -0.00811232061024802 -0.0107834908027609 -0.277355993303576 1.73420549334142 374.221932093568 -333102.107908973 102.414790019225 126.155597691394 76.5144778094733 988582.283299679
115900 0.2318 -1.62833123854515 0.0232488508629401 0.0127600519966318 -0.0421684946559647 -0.0136808135309108 -0.286606982013378 1.72128743720484 375.019993162903 -333107.504645917 102.425296383882 126.16565010491 76.4945625367483 988505.123154667
116000 0.232 -1.6674450784354 0.0339170235960269 -0.0168483239335563 -0.0177312854323649 -0.0122349493434626 -0.282329092816459 1.74681461858795 373.398198201189 -333095.698143223 102.412688809442 126.207830686232 76.4746472640233 988456.480343203
116100 0.2322 -1.62700907936466 0.00902060899026876 0.00927614380943497 -0.048269926168817 -0.00696570040896763 -0.279973020976424 1.70859634399554 372.918472077241 -333093.553834807 102.386719610973 126.289461373299 76.4547319912983 988587.489050637
116200 0.2324 -1.63028818942444 -0.00605191325349497 -0.0100632704386002 -0.0445449502350074 -0.0143019053344765 -0.260845850004179 1.68592177861712 374.364872834196 -333105.641831747 102.38302098136 126.320607945327 76.4348167185733 988538.016254966
116300 0.2326 -1.64759860693771 0.0210913966710514 -0.0120721773984977 -0.0392846245877252 -0.0158660010948393 -0.288166631111534 1.72765490861827 373.319256992497 -333100.47686478 102.380985997827 126.367216441396 76.4149014458483 988625.445533267
116400 0.2328 -1.65173853943133 -0.00463007050431927 0.00196195480924824 -0.0354116151631154 -0.000646790491098319 -0.284342996142256 1.72342205068139 373.136735934169 -333098.6427652 102.332803483606 126.457938600309 76.3949861731233 988611.884103485
116500 0.233 -1.62839172304839 -0.00386380350033761 -0.00244266070090115 -0.012670536455632 -0.0140312075384113 -0.252821791947129 1.68351729853916 373.855231773832 -333102.197618294 102.31730515325 126.528344755024 76.3750709003983 988754.666425649
116600 0.2332 -1.59149216001896 0.0028681153770415 -0.00071550339424546 -0.0432527947880948 -0.0138868979909114 -0.237059075447513 1.64653148072172 372.649996996617 -333094.513655426 102.322967804427 126.544684707332 76.3551556276733 988679.212100728
116700 0.2334 -1.60620408695943 -0.0105670013572483 -0.00122949222927189 -0.0517086805926148 -0.0130239166857198 -0.232785435798465 1.65291910915221 374.48178101764 -333108.14900343 102.344230054976 126.558032473754 76.3352403549483 988731.009165361
116800 0.2336 -1.62475775419296 0.0306371400154824 -0.032510070053671 -0.0322681820427499 -0.00165977621073768 -0.248619436422635 1.68177082284373 372.851761295334 -333095.872877862 102.363765325341 126.568964093755 76.3153250822233 988747.13173268
116900 0.2338 -1.63229645643903 -0.000411345470325994 -0.0135592384994891 -0.0628611160618195 -0.0274157719718329 -0.275338099408138 1.69803082185532 373.167592762394 -333099.503085757 102.317310017302 126.639950505949 76.2954098094983 988594.650330839
117000 0.234 -1.64163808824497 -0.0564450446399869 -0.00526165545539867 -0.0525385134810867 0.0217154568318863 -0.256893283826139 1.67459557043579 372.195635594428 -333093.759857956 102.275431146421 126.73044709984 76.2754945367733 988638.042806593
117100 0.2342 -1.65938168655239 0.0239521679270222 -0.010277850785676 -0.0715928229237192 -0.0305994485730116 -0.268633687719229 1.73546586271624 373.840581645115 -333106.173176915 102.314580799456 126.73894618341 76.2555792640483 988824.561584111
117200 0.2344 -1.62624905568061 0.0203368288458154 0.0187455913787771 -0.0334560403024241 -0.0248244308097794 -0.273301313531956 1.71403471345662 374.302795615614 -333110.170214396 102.340148055295 126.748356314671 76.2356639913233 988886.76450844
117300 0.2346 -1.65485158293073 -0.0166336644823141 -0.0379543118735555 -0.0509480285461021 -0.0175040237782024 -0.252185065785718 1.68783377479565 372.022949232729 -333094.002725479 102.342978051013 126.76502290605 76.2157487185983 988785.77487409
117400 0.2348 -1.60360337289132 0.0017723713409695 -0.0259378634040708 -0.0907711816262347 -0.0121072457895134 -0.260627236190917 1.66206240729076 374.141091586694 -333110.612249232 102.334599187439 126.808064282882 76.1958334458733 988782.086569773
117500 0.235 -1.62902520834274 -0.00791502990094936 -0.0135302730617316 -0.0721424028365715 -0.024437121885047 -0.265526620615137 1.68755594578847 373.449518451447 -333104.351722196 102.309377066835 126.866107173003 76.1759181731482 988732.368260555
117600 0.2352 -1.64140002963799 -0.00486829615731647 -0.0224290821413661 -0.0562503647086386 -0.0205382758628176 -0.265317717029559 1.69462206942758 372.922900498377 -333101.970414799 102.285805552745 126.934772975044 76.1560029004232 988781.021723952
117700 0.2354 -1.64071515135095 0.0189031988354741 0.0476393901522805 -0.0379819909761896 -0.0214311591547821 -0.28117993470528 1.74520548735587 375.33222610814 -333121.154040085 102.267729703627 126.989958340823 76.1360876276982 988777.446417854
117800 0.2356 -1.6898249822163 0.00832365231816238 -0.0185795494615213 -0.052158152942051 -0.02229087783937 -0.264360206523538 1.74873038422437 374.241754933513 -333113.381481255 102.296507942209 126.964206341644 76.1161723549732 988596.461581566
117900 0.2358 -1.67645087243508 0.00719116713739916 -0.0230548029644988 -0.024642416641675 -0.019314981071762 -0.282767090345458 1.73995821301965 373.501436413017 -333109.064584125 102.316446940148 126.965641612422 76.0962570822482 988541.6176392
118000 0.236 -1.66034581373611 -0.0269734000494201 0.000943702529418904 -0.057768640923775 -0.0240920069980065 -0.258419770229686 1.71066626978912 373.941940366974 -333113.998508288 102.321725803578 127.00155723309 76.0763418095232 988613.470431487
118100 0.2362 -1.73362184980611 -0.00180774899031617 -0.0227026084490565 -0.0168927414884861 0.00218703277458045 -0.252286318332816 1.77630128790891 373.560319790744 -333111.863984786 102.34109043757 127.001828376174 76.0564265367982 988543.830100518
118200 0.2364 -1.71529434587387 0.00631211477233129 0.00346926788937224 -0.0575304015555954 -0.00930022177287432 -0.253632098011919 1.77826293631373 374.196687003677 -333117.349464972 102.350367967935 127.024353300953 76.0365112640732 988549.869447946
118300 0.2366 -1.74617029632787 -1.52262454253242e-05 0.0117064114459216 -0.0433880551181549 -0.0216665531125689 -0.274999573773159 1.817578858792 374.782136721358 -333122.838560253 102.350434727206 127.050981673793 76.0165959913482 988498.773396991
118400 0.2368 -1.7029578000904 -0.0053879542133432 0.0120049111851923 -0.0606414194603063 -0.0178905110091891 -0.271188614769517 1.77318742607447 373.474472623675 -333111.525109413 102.35454179322 127.056002295756 75.9966807186232 988318.509722576
118500 0.237 -1.70502410909627 0.0173914168900407 -0.0332680691783954 -0.0497067899083791 0.00269019776890921 -0.288897781991754 1.77196070330158 375.017965609055 -333125.296933932 102.340717335764 127.100889338714 75.9767654458982 988275.084661872
118600 0.2372 -1.68888516811129 0.000190344461574218 0.0271355893562104 -0.0541934851498155 -0.0163565373859398 -0.277855565385031 1.77212844986408 373.399957580793 -333113.746689907 102.311548474603 127.197332179344 75.9568501731732 988483.915981642
118700 0.2374 -1.67747604656211 -0.020817991366104 0.00334990533844831 -0.0461923580606368 -0.0235131513145621 -0.274514159946521 1.73760519639731 375.720772930338 -333132.595972174 102.299511972955 127.233359839386 75.9369349004482 988388.357287991
118800 0.2376 -1.68130159713955 0.00334181021367344 -0.00491714376834787 -0.025818261717239 -0.0238716850852696 -0.310474864477129 1.76552300247239 374.360614111783 -333121.627258136 102.319758434836 127.269135784375 75.9170196277232 988602.606829778
118900 0.2378 -1.67915804290826 0.00862661100856394 0.0225229848274138 -0.0791410878146059 0.000668028381066913 -0.299721695980514 1.7777949243179 373.185350836103 -333113.950612589 102.315238789213 127.314560699887 75.8971043549982 988652.354354966
119000 0.238 -1.64298010739904 0.0201101505131829 0.00843522481442984 -0.0596200254133938 -0.0133239968699137 -0.282801561173415 1.73139118994991 374.580272602187 -333124.995645156 102.316110043473 127.358368905595 75.8771890822732 988741.453391075
119100 0.2382 -1.63461539144204 0.0138351626199263 0.0181240778047576 -0.0655432818146399 -0.0180516401353739 -0.32877748533167 1.75003626924824 375.430570990941 -333132.385078245 102.308866165178 127.391036457277 75.8572738095481 988665.486341925
119200 0.2384 -1.64297279961357 -0.00656844381653496 -0.0342428931361784 -0.0480785967108943 0.0179314635587597 -0.307089896142811 1.71000303534405 373.575600841757 -333118.404537556 102.319035879895 127.391408585319 75.8373585368231 988507.063139875
119300 0.2386 -1.60958000856303 0.0526754026587766 0.00322312642943845 -0.0397437083018224 -0.00249461580250506 -0.325515643602002 1.73377476191765 373.645226183298 -333118.950115869 102.323799134732 127.455460751052 75.8174432640981 988790.394198002
119400 0.2388 -1.63392603972137 -0.0163859489352456 -0.00935971779945811 -0.0488782942321858 -0.00221658450442684 -0.319351922203991 1.71493133305725 374.344885847451 -333126.255727976 102.266848674894 127.522230046122 75.7975279913731 988498.044295423
119500 0.239 -1.63064858170994 -0.0230531374676161 0.0137707759428344 -0.0388170627158072 0.00592429422078863 -0.297063955330794 1.70712730454274 373.207277387118 -333117.416981346 102.259179224114 127.598682013286 75.7776127186481 988756.633848221
119600 0.2392 -1.65083163930614 -0.00639316589317518 -0.0234645446971012 -0.0653333417787331 -0.00153328959377835 -0.330372429894693 1.73684965083167 374.43020831931 -333128.017027438 102.247914041983 127.617816862446 75.7576974459231 988536.100655457
119700 0.2394 -1.64096540710552 0.0201519080548189 0.00391467689815837 -0.0634006406415774 0.00419005276297819 -0.282782468736656 1.7276029068564 374.032243051618 -333124.896461264 102.239969821144 127.680839648512 75.7377821731981 988687.460772528
119800 0.2396 -1.61048003010427 -0.020457791226285 0.00434250277900056 -0.0686345035379986 -0.0127132332994552 -0.294497017157425 1.68612610358264 372.153050221564 -333112.018082339 102.210902447958 127.74230606386 75.7178669004731 988622.170216391
119900 0.2398 -1.667302814327 -0.0269618555149549 -0.00338797425415446 -0.0620271854602098 -0.00359836012017532 -0.297749531667879 1.7342112624028 374.376358599976 -333129.304546649 102.195156321192 127.780429124879 75.6979516277481 988504.799588008
120000 0.24 -1.66023362430523 0.01362628645698 0.0169499036406391 -0.0650375529359669 -0.00910820247854536 -0.279139665574004 1.74759168671451 372.910430391825 -333118.403420575 102.215712649145 127.806442473607 75.6780363550231 988644.744263941
120100 0.2402 -1.67385830911468 -0.0272804938403149 -0.0365638571696138 -0.0657861521646907 -0.00844398306079291 -0.293309573189157 1.72258752336483 371.938388313185 -333113.499735158 102.219477776359 127.803689682658 75.6581210822981 988399.692498875
120200 0.2404 -1.68359221516879 0.017198529882 -0.0146376871865546 -0.0623781473723826 0.0148532251767284 -0.29172822904225 1.76272714660656 373.623965260152 -333126.346845827 102.229717019262 127.839974599195 75.6382058095731 988519.072105797
120300 0.2406 -1.70167398009357 -0.0113524567806353 0.00029561902003801 -0.0703835923000136 -0.0206247539972899 -0.267837933812512 1.76305436418457 372.900537481228 -333120.092290106 102.212320750578 127.914205696138 75.6182905368481 988664.369218401
120400 0.2408 -1.67681674322606 -0.0286396516002578 -0.00410214788632839 -0.0291548867797135 -0.00750053715416096 -0.288264495232181 1.73480258820195 375.248555621471 -333137.23717846 102.206948511983 127.932608169838 75.5983752641231 988494.228715243
120500 0.241 -1.70230293268968 0.0174987048738241 0.0203340911127231 -0.047411361251378 -0.0129391385650386 -0.276711050320167 1.7887299420073 373.106591916922 -333120.859735914 102.241360107207 127.922752023487 75.5784599913981 988490.387669
120600 0.2412 -1.74962795964922 0.00031290833487409 -0.0112124960267505 -0.0699147457118472 -0.0299223934099464 -0.288181917548526 1.81899802555308 375.305667210829 -333139.754126438 102.244909105558 127.919892649913 75.5585447186731 988242.129270823
120700 0.2414 -1.73470870498081 -0.00406926191379817 -0.0070593924758979 -0.0322574425525134 -0.0202009105261224 -0.287041218626388 1.80040851659263 375.336551477329 -333140.105790845 102.247947041635 127.968318064306 75.538629445948 988385.03143854
120800 0.2416 -1.73519563386994 0.00789922749556096 0.0237127269083126 -0.0741911396748259 -0.00734004456021385 -0.285633230163905 1.82417867078635 373.643964263127 -333128.745581577 102.233576127649 128.036342886078 75.518714173223 988510.758458989
120900 0.2418 -1.75785833515516 -0.0325669300354718 -0.000109883948322927 -0.0478200777615386 -0.0236202591853428 -0.287779772553213 1.81401967381447 373.257773346231 -333124.798489696 102.217996804942 128.049515057646 75.498798900498 988201.130389032
121000 0.242 -1.75416452503112 0.0185462971965439 -0.0166231906907762 -0.0401406074448294 -0.0186382596092333 -0.294946409451507 1.82982275997928 374.090829610475 -333132.590888588 102.269939318702 128.014873931278 75.478883627773 988175.083762753
121100 0.2422 -1.7313644028513 0.0033949370804486 -0.00781185988138983 -0.0594437356013342 -0.0379621892041755 -0.313213012432153 1.81639910099158 374.195895774953 -333133.989187577 102.27455496859 128.05249971228 75.458968355048 988249.316314258
121200 0.2424 -1.72849401529326 0.00319372447234315 0.0113073128642963 -0.0383520207921764 -0.0184130656222608 -0.293892444972228 1.81036088198005 373.868816923336 -333131.633107387 102.261709433476 128.116350716556 75.439053082323 988356.986048084
121300 0.2426 -1.74276896388307 0.0192621461024635 -0.0283703970107117 -0.0446237212097438 -0.0203349554029536 -0.291502387329266 1.81251972543216 373.776442955842 -333131.455095855 102.281000674108 128.114168192044 75.419137809598 988265.632439518
121400 0.2428 -1.74564928144072 0.00594497306486414 0.0327955989210301 -0.0554826925110126 -0.0297453330685803 -0.305836733753545 1.84616696310691 371.957208635417 -333117.597272669 102.282300310043 128.168432881972 75.399222536873 988435.713483845
121500 0.243 -1.80367094407926 -0.0295385378337701 -0.0470958138151517 -0.0743121893258401 0.00583065846232394 -0.304868941129607 1.84721661656783 373.401497705374 -333128.874799172 102.266539962271 128.175065596364 75.379307264148 988073.502480402
121600 0.2432 -1.75818190044297 -0.00142580435682938 0.0318091160963407 -0.0439793206921821 0.00703358209957189 -0.281309723540798 1.84093417254265 373.420590991241 -333127.659920049 102.310739082414 128.217166749596 75.359391991423 988563.983651561
121700 0.2434 -1.8332834892866 0.0322013348823741 -0.00607872028763424 -0.0494029773689917 -0.0363840728336861 -0.276322280478571 1.9106133838885 373.665029565322 -333128.49057995 102.349692810884 128.173280087724 75.339476718698 988340.612188867
121800 0.2436 -1.86162844723468 0.0145406360485253 -0.0297884686790864 -0.0416632047124199 0.00967651409583602 -0.256651134978962 1.90837742355331 373.890891872941 -333130.888313376 102.362409369035 128.169565094607 75.319561445973 988173.476654759
121900 0.2438 -1.84375645774809 0.0236465163968793 -0.0224569327709805 -0.0487425107406274 0.010739856127371 -0.298129442599379 1.91763987807902 373.076004134064 -333124.147088374 102.35609312429 128.226143315335 75.299646173248 988287.304201766
122000 0.244 -1.88532269475857 -0.00762084396407506 -0.00553740492469539 -0.0636515567066695 -0.0156183171857808 -0.286912481159528 1.9466698054831 374.459922946031 -333133.707409221 102.325369848603 128.281384990872 75.279730900523 988154.883218855
122100 0.2442 -1.83654175642032 -0.000695666435757298 0.0110618283832515 -0.0494907562476672 -0.0184274039408183 -0.259246436609515 1.89790592835409 375.22087953657 -333139.951426432 102.345587786599 128.306117670767 75.259815627798 988279.163034478
122200 0.2444 -1.85904147387989 0.0218238652324099 -0.0160063963400445 -0.0354523753058493 -0.00246444084304951 -0.250202628397495 1.91298845363087 373.000825364832 -333122.783382996 102.351559511731 128.320629816217 75.239900355073 988187.050702119
122300 0.2446 -1.85529333480144 0.00551827430348798 0.0301557712577219 -0.0387071110634154 -0.0232460385246511 -0.291229310028677 1.94155401174132 374.692179179196 -333134.266713686 102.322971038404 128.392713273776 75.219985082348 988204.350412105
122400 0.2448 -1.8452062095224 -0.0183689730540628 0.00069228224004075 -0.0296386276366218 -0.0348001149067457 -0.296161563281941 1.90838228203358 374.407890176884 -333132.342971682 102.32490853752 128.403566642871 75.2000698096229 988044.934809735
122500 0.245 -1.89655609241555 0.0254870091746532 -0.0159078225833541 -0.0404343855788933 -0.0135653273567275 -0.266265107084493 1.95820038819505 375.363236314187 -333140.970158079 102.377997925586 128.354935899608 75.1801545368979 987921.462666502
122600 0.2452 -1.84725730458581 0.00350086910839968 -0.0144283941916999 -0.0291341045178771 -0.00297175481428365 -0.2548562594964 1.89469590343916 373.986625392395 -333132.906855985 102.380932599671 128.388807079491 75.1602392641729 987948.710864147
122700 0.2454 -1.86951958503237 0.000565928674548738 0.00905641544072475 -0.0493923953062611 -0.0178386939809755 -0.265845719608546 1.9322176834667 372.742461256012 -333123.212482796 102.345279709289 128.463462700795 75.1403239914479 987917.104472767
122800 0.2456 -1.86606102403861 -0.010570684613884 0.0196861069113932 -0.0745617277189384 -0.0106975252810956 -0.246746618325389 1.9234277744009 374.286781090291 -333135.099849759 102.343054246954 128.502028021337 75.1204087187229 987930.281828768
122900 0.2458 -1.87857963500675 -0.0250802718675272 -0.0332381955513065 -0.0532698029857599 -0.0370659084024609 -0.271842441559235 1.91173620932651 373.476080843055 -333131.418765683 102.36937628369 128.490687721716 75.1004934459979 987835.208728758
123000 0.246 -1.84500355627813 0.00875635721464734 -0.00830697873144468 -0.0701431498094388 -0.0200063181330835 -0.264711431820127 1.90558731503941 373.50685129302 -333130.127531856 102.391155735232 128.517895527533 75.0805781732729 987992.525085267
123100 0.2462 -1.86143858047153 0.00595085020637061 -0.0129325669943568 -0.0649782946879312 -0.0148821056934604 -0.245058565821263 1.90937928268728 374.059166130074 -333136.142257612 102.391441344439 128.533243843085 75.0606629005479 987851.17381655
123200 0.2464 -1.86586553889223 0.0149756827065163 -0.00016219237736787 -0.0553654445775849 -0.012823458956464 -0.244803562638122 1.92322556923558 372.762579449848 -333125.357370096 102.399316311783 128.581650477831 75.0407476278229 988036.993132903
123300 0.2466 -1.8717479263685 -0.0172441643735341 0.00444995693066992 -0.0719566316502422 -0.0389740222054258 -0.277741857986681 1.93168281052923 373.368647643172 -333128.712100785 102.404795364366 128.591615199907 75.0208323550979 987904.181753028
123400 0.2468 -1.87140384432085 -0.000490357136802797 0.0101720889431496 -0.0435872157484752 -0.0143546819688264 -0.245960700924976 1.92566538746295 373.444796818568 -333128.921436077 102.445170517999 128.584465987516 75.0009170823729 987976.396399721
123500 0.247 -1.86885516285489 0.0372465489552033 -0.0210912416739559 -0.0821922442909917 -0.000309081384883173 -0.232245790005081 1.92548969708574 375.299706871169 -333141.351998645 102.452927103964 128.613628888513 74.9810018096479 988012.869715119
123600 0.2472 -1.85128788539415 0.0144029856591595 0.0140850616505928 -0.0776858402596213 -0.0132806990574963 -0.233068623035107 1.91358478486066 375.035293029711 -333139.980853633 102.402348325597 128.718020838747 74.9610865369229 988064.150997257
123700 0.2474 -1.88255594828943 -0.0496987985467381 0.014647842395478 -0.0677909591954101 -0.0172854758990572 -0.253317487102209 1.92058232725617 373.804069386633 -333130.004106137 102.3910896043 128.754865598302 74.9411712641979 987975.763663084
123800 0.2476 -1.85906403836617 0.00696731216600797 -0.0139784671532539 -0.0603539889427896 -0.0267889732407725 -0.255124436607883 1.91096112980836 373.545425756343 -333128.64225549 102.457227491065 128.71869670931 74.9212559914729 988073.570686648
123900 0.2478 -1.86119930197602 0.00444493731418772 -0.00721185403206315 -0.0583721718346132 -0.0336397175372194 -0.253374630097309 1.91447899320164 372.663378400552 -333121.907283071 102.472809555698 128.719492285774 74.9013407187479 987967.261043872
124000 0.248 -1.89614367162872 0.00479510409192805 -0.007599963687371 -0.0685814127513843 -0.0412030122754294 -0.238792916726627 1.9443325508249 373.332889817512 -333125.563541177 102.462469783543 128.757099287872 74.8814254460229 987893.452774686
124100 0.2482 -1.89851487362395 0.00818178588298657 -0.01300793369783 -0.0510505386108253 -0.0477563619350795 -0.247343145875423 1.94775131017233 372.897434652068 -333122.557764202 102.467995097765 128.788667065318 74.8615101732978 987926.126930372
124200 0.2484 -1.90904341499128 0.00258766694586543 -0.00194012951295856 -0.0566188045486782 -0.0700939896165542 -0.2554542299509 1.96617028203349 373.357402891898 -333125.800712744 102.479429010176 128.787562341868 74.8415949005728 987765.046412887
124300 0.2486 -1.87775246253862 0.00350413841643778 0.00631825129335705 -0.0733279860720818 -0.0186213080662651 -0.235626371048245 1.93084411241828 371.971295265957 -333114.166099101 102.512919327072 128.807073874927 74.8216796278478 987974.57637589
124400 0.2488 -1.885330318629 -0.00395964371824269 -0.0340872921971967 -0.0712407583242774 -0.058507184711761 -0.241563304265277 1.91946229869094 371.826160033145 -333111.883675885 102.512468277363 128.83201639492 74.8017643551228 987898.523576204
124500 0.249 -1.85821324905151 -0.00781514544818601 0.0304648379364413 -0.0513574913331142 -0.0603102929409892 -0.237004496857429 1.91927326669536 374.042570407161 -333128.662978517 102.481556134558 128.924339388103 74.7818490823978 988045.229340261
124600 0.2492 -1.86598070931421 0.0233908205906435 -0.0298561954473524 -0.0727943197068303 -0.0434839582706533 -0.223639067808882 1.90881364395638 373.318437982683 -333120.051548063 102.484501474292 128.954553641921 74.7619338096728 988041.990283426
124700 0.2494 -1.90020867583572 -0.0369701567996575 0.00118838526699227 -0.0633745005864217 -0.0582488836287241 -0.242776674146425 1.93475105333883 373.428561117236 -333119.968754294 102.469621011767 129.002917848024 74.7420185369478 988005.781568997
124800 0.2496 -1.91845671042366 -0.00780950260365921 0.00254130519144916 -0.0880344370365311 -0.0419000840367201 -0.231629275125865 1.96467046466084 372.877782660265 -333114.701207908 102.489546242921 129.003821303347 74.7221032642228 987941.509501793
124900 0.2498 -1.95337845886412 0.0105884191082608 -0.0313418690856444 -0.0719108542500026 -0.0635046695744127 -0.243416267026137 1.99548009983886 374.677919823982 -333127.710952294 102.506885625123 128.984277423897 74.7021879914978 987695.639162516
125000 0.25 -1.90052162967074 0.0234002266578472 0.0372418354021159 -0.0828002507227988 -0.0655809037328055 -0.227371124243463 1.97910590084589 372.794116255515 -333114.497370545 102.520215751571 129.044233514462 74.6822727187728 988019.781210493
125100 0.2502 -1.91609511314801 -0.0535651735373836 -0.0292539673322333 -0.0804120256387561 -0.0433777622888429 -0.219489730184323 1.91949460990985 372.432190889799 -333109.570833525 102.521836273299 129.053486194045 74.6623574460478 987842.747424479
125200 0.2504 -1.93007972661747 0.0357079457539961 0.0103715041619018 -0.0938825527668978 -0.0504380452540009 -0.230464784032885 2.00214207387585 373.090338427306 -333114.643777825 102.531012467436 129.097658966572 74.6424421733228 988005.707011815
125300 0.2506 -1.95783644659163 -0.0166587301935759 0.00106888923658167 -0.071467930112496 -0.0477885500252739 -0.22254774935758 1.99340271616406 373.217866276805 -333115.135481935 102.493620789591 129.145139470611 74.6225269005978 987745.028710887
125400 0.2508 -1.94064105779337 0.0368233937839069 0.00511864544862044 -0.0860420980610046 -0.0704320897937105 -0.199434640649552 2.00127212765955 374.721388708993 -333125.749888264 102.521881791242 129.167566762489 74.6026116278728 987925.234499474
125500 0.251 -1.94066906998785 0.0149692109885868 -0.0225810648670556 -0.0976059530958551 -0.055803239606701 -0.213388938463765 1.98167193056266 371.750690678255 -333104.323036809 102.514240327157 129.206539498959 74.5826963551478 987885.868450814
125600 0.2512 -1.88227606003176 -0.0215753785401196 0.0118375524078968 -0.108403424863612 -0.0563163234074511 -0.215628198393103 1.92607112165757 372.973531361059 -333110.872837734 102.501390369132 129.272331571853 74.5627810824228 988001.118933523
125700 0.2514 -1.88000963404383 0.00881495413560746 -0.0189418512703875 -0.106072607740853 -0.0550004936519722 -0.227226697875767 1.92710308560406 374.527902439758 -333120.441236322 102.510090962779 129.274217621118 74.5428658096978 987835.483587141
125800 0.2516 -1.92125046778267 -0.000842660164292668 -0.0110484135323156 -0.0960986422107753 -0.0594436160059892 -0.215061849084273 1.9610026442775 373.035334481063 -333108.308035133 102.492542936278 129.323236404581 74.5229505369727 987776.920042499
125900 0.2518 -1.93619345913795 0.0094239190604157 -0.00708453472328663 -0.13526136647015 -0.0473766323643726 -0.221811098127617 1.99067863158358 373.777978535691 -333112.463534906 102.511540761843 129.339552812978 74.5030352642477 987820.608554825
126000 0.252 -1.95755239205502 -0.00428583149170461 -0.024348445287238 -0.124512460424058 -0.0571584566226078 -0.250880495549449 2.00539261180379 373.323394553786 -333107.333165081 102.518800582744 129.347196214647 74.4831199915227 987684.85871252
126100 0.2522 -1.91127434066405 0.00444819182293264 0.0577231932170212 -0.119958539881053 -0.0930564256248295 -0.281303469791324 2.02025610829719 375.347962008335 -333120.736888061 102.528004481243 129.401370860984 74.4632047187977 987923.019975927
126200 0.2524 -1.9623966534364 0.0109689423001232 -0.0457500948772456 -0.145354127813546 -0.0460712410917168 -0.216049207976173 1.99881073466491 373.500267999466 -333105.520555256 102.537873071471 129.378388290421 74.4432894460727 987578.431689188
126300 0.2526 -1.92872660360235 0.0124767136660165 0.0361385284268509 -0.136851712678897 -0.0706734295026948 -0.217012408213121 2.00679224744756 373.103866382252 -333101.589547783 102.498248825752 129.489884477253 74.4233741733477 987783.221525669
126400 0.2528 -1.92120310610105 -0.0337644181025423 0.0266761235364312 -0.135199111810068 -0.0460542889515825 -0.202702180638757 1.9658635738124 373.033325148035 -333102.582474673 102.466172485232 129.556480673952 74.4034589006227 987717.575579322
126500 0.253 -1.93104926868842 0.0343656837121279 -0.0423436001505238 -0.127248649783804 -0.0804027742819367 -0.207436048483409 1.97864455965242 373.894662779959 -333107.696693911 102.511495102991 129.559198577295 74.3835436278977 987910.689865012
126600 0.2532 -1.9932129367169 -0.0172567455530654 -0.0457035446640674 -0.130221032814052 -0.0678867094419782 -0.219320040273607 2.0144489741046 372.015188087485 -333093.839540006 102.481154593514 129.596541989505 74.3636283551727 987638.462920553
126700 0.2534 -1.96721393201594 0.0178389996153757 0.0289711879201024 -0.124059819204465 -0.0649977070720134 -0.218518181886398 2.04077295637366 375.699716119157 -333121.766925872 102.481158915568 129.646742015374 74.3437130824477 987756.471234074
126800 0.2536 -1.99390304728461 -0.00462153539702634 -0.0183993063321083 -0.11724675807884 -0.0444277347152685 -0.21435829936934 2.02855446432055 373.248134743363 -333104.772992849 102.485519408257 129.653035018275 74.3237978097227 987581.821499286
126900 0.2538 -1.97473999488533 0.00505226558128244 0.0374670676699125 -0.130452578077115 -0.0567638741806 -0.231575100363333 2.05095192709125 374.491551523273 -333113.746996496 102.483857946514 129.706115773023 74.3038825369977 987705.397297525
127000 0.254 -1.98287234308415 -0.00905100378354051 -0.0164921200470299 -0.12368328112374 -0.0696572485524815 -0.213270012936256 2.0194652682803 375.421599501506 -333120.243839673 102.489533776218 129.712004483269 74.2839672642727 987540.187686283
127100 0.2542 -1.94952024198162 -0.0091581840855161 0.00326645463862074 -0.140398541744177 -0.0603771043714002 -0.22357562618944 2.00232295161897 373.107668222812 -333104.766529862 102.496782962203 129.770984338249 74.2640519915477 987794.206988836
127200 0.2544 -2.02384148053076 -0.0487120521850751 -0.0412830153843872 -0.129177036232744 -0.0634428595222536 -0.230492347849823 2.03405507179843 370.754147122489 -333089.058889386 102.496856564265 129.755512232089 74.2441367188227 987412.281435002
127300 0.2546 -1.97986779717851 0.0475361938717072 -0.00975550848437264 -0.114107365830713 -0.0306588038943283 -0.235152455768226 2.05067482746902 374.178475335375 -333114.361253169 102.519561476278 129.827412963187 74.2242214460977 987913.212589141
127400 0.2548 -2.0248473424422 -0.0526663992736849 0.0197359008422804 -0.0907313072810967 -0.0399551543809555 -0.255812899325641 2.06478489776083 373.849283548093 -333113.567445243 102.478898556068 129.894423410992 74.2043061733726 987765.979385725
127500 0.255 -2.01188670099392 -0.00532813104164382 -0.023890613555155 -0.0862672675842168 -0.0335508561865087 -0.270768138595685 2.05791749370486 372.251191828924 -333100.984744345 102.507506888142 129.903961325443 74.1843909006476 987849.082994017
127600 0.2552 -2.011476468988 -0.021679236133128 0.000679897470593846 -0.0776277248421906 -0.059956790355132 -0.257940772434634 2.05736386385108 374.458973014126 -333116.802349671 102.49069373118 129.958546548298 74.1644756279226 987836.817777281
127700 0.2554 -2.00230727682148 0.0314772953880212 0.0349804211503086 -0.0700360174691811 -0.0385424188749086 -0.256741698513256 2.08814203200615 376.332848526613 -333129.958375083 102.504852656505 129.994241295737 74.1445603551976 987979.273310776
127800 0.2556 -1.97368443924166 -0.00172081389916393 -0.0256011170852484 -0.0906271894357958 -0.0738745084381512 -0.263239553680742 2.0226262874197 374.504212582131 -333114.532041736 102.507149776175 130.010326151701 74.1246450824726 987858.253686141
127900 0.2558 -2.01753454550243 0.0184415545647999 -0.0240056717189183 -0.095996483709341 -0.0627886046880478 -0.245960590451898 2.06918871693531 373.881313583597 -333110.206727639 102.479969070376 130.06754548818 74.1047298097476 987765.511805198
128000 0.256 -2.01383559880846 -0.0250145859175508 0.0245675491970395 -0.0688421226833095 -0.0240128236885478 -0.255509626019947 2.06598172045556 372.47170794969 -333099.164137074 102.448157582679 130.13820252371 74.0848145370226 987729.794847633
128100 0.2562 -2.0007747138864 -0.0366800047472636 0.00445133657860502 -0.0777032310372944 -0.0667115206360016 -0.280990895475888 2.05145752354373 372.921772794066 -333101.894714261 102.4691803091 130.141748888743 74.0648992642976 987693.821942857
128200 0.2564 -2.03979875004122 0.011179423927968 -0.0156318176270892 -0.10217591477669 -0.0251321196526337 -0.286156512454921 2.1050207394186 373.793420679444 -333109.371910047 102.516911582094 130.099166189852 74.0449839915726 987564.95697404
128300 0.2566 -2.02042288457992 -0.000292888137146365 -0.00852320951701816 -0.101742904621595 -0.0334182488542954 -0.257462463557488 2.07307322013317 373.065050239733 -333102.825108833 102.519587538371 130.153862303704 74.0250687188476 987740.200657315
128400 0.2568 -2.05362425879658 0.00679004109277826 -0.00574828150061151 -0.0670297568385206 -0.0579015708706804 -0.24882048901585 2.10449561782618 372.833511765661 -333101.981850705 102.509576675073 130.183150810441 74.0051534461226 987600.229145529
128500 0.257 -2.04943777487126 0.0141407906431121 -0.0398728028425251 -0.0484666764680145 -0.0685860396432768 -0.266604599922025 2.09384954076275 374.420245165629 -333112.783478789 102.492681075104 130.242905204163 73.9852381733976 987624.841553803
128600 0.2572 -2.02464039192635 -0.0292646868557977 0.0165008038431986 -0.0578723812345523 -0.054043205173906 -0.253776815813483 2.0704964842122 375.26907183183 -333119.927673281 102.462776511222 130.340048726958 73.9653229006726 987807.130179364
128700 0.2574 -2.03578069251303 -0.000251365262204448 -0.0116426415084892 -0.0770916012858606 -0.0547104926363794 -0.241759823605223 2.07905618546192 375.204205823787 -333121.129402156 102.473848380263 130.348953447171 73.9454076279476 987715.348107012
128800 0.2576 -2.03221832303056 -0.0157929017051815 -0.00163181733561841 -0.0853168003099079 -0.0580652367464227 -0.249450691438239 2.07686189077939 373.909400098518 -333110.539363363 102.489370635274 130.364978335091 73.9254923552226 987720.320627455
128900 0.2578 -2.02076356200513 0.0150828895166551 -0.0147130824130165 -0.0638611360756658 -0.0617041048051548 -0.245351771385345 2.07102582053248 373.192078381355 -333106.403664549 102.51468931384 130.377619120285 73.9055770824976 987793.941761813
129000 0.258 -2.09116177904788 0.0173632817406939 -0.0219521907952051 -0.076223017346188 -0.0762263250364981 -0.265114922956035 2.14714809674676 374.015944735658 -333113.782720234 102.495275200034 130.430484262926 73.8856618097725 987741.088992073
129100 0.2582 -2.07373746392503 -0.0159882163075861 0.0510036145420156 -0.0679430264861029 -0.0840610560752942 -0.243254218480011 2.14225060471756 375.017399049352 -333120.839100853 102.467833310201 130.509404684721 73.8657465370475 987807.804725915
129200 0.2584 -2.0423422619554 0.0290085285812237 -0.0136759670957521 -0.0836304912030577 -0.0992439284483877 -0.233921617710962 2.10204417618647 374.379120961848 -333117.746976017 102.509942659364 130.495733798834 73.8458312643225 987843.821821888
129300 0.2586 -2.02804810647869 0.00250549935940785 -0.00746574060082097 -0.0711944919913157 -0.089419990095126 -0.272281367555583 2.08916381235696 375.584512559463 -333126.327297409 102.518624557222 130.529343191064 73.8259159915975 987915.427881583
129400 0.2588 -2.01584039264551 -0.0118660186980308 0.00468035324779564 -0.0528647343901744 -0.0864303570551705 -0.277000511655755 2.07613296536738 372.282665310155 -333102.166802243 102.520656177189 130.569415255157 73.8060007188725 987971.711088576
129500 0.259 -2.00409198393982 0.0592088229177318 -0.0145918611207552 -0.0666920787528181 -0.0780002887503781 -0.265933811433574 2.08665803644287 375.506093516545 -333125.484721448 102.558565256469 130.570770039312 73.7860854461475 988080.600077714
129600 0.2592 -1.9948458008933 -0.00686837365412226 -0.0104997232884685 -0.0657287074022502 -0.104292013433606 -0.282846184121341 2.05680469407127 374.92276622481 -333122.147484896 102.525976109754 130.615988533269 73.7661701734225 987842.007733954
129700 0.2594 -2.01477888369044 0.0257101929356588 -0.0117683470089695 -0.0717981364796104 -0.0813080227853439 -0.265515925142798 2.08214307429841 373.101324464361 -333108.960547387 102.527766490454 130.661858684408 73.7462549006975 987939.383454802
129800 0.2596 -1.95257772940982 -0.000809963678298617 -0.0048786345450676 -0.0564742963731016 -0.105296584460674 -0.291400068254257 2.02460984257946 373.527698428807 -333112.003860144 102.5242453724 130.708695013497 73.7263396279725 987992.692932769
129900 0.2598 -1.96538772496466 0.00979206839665306 -0.0153180422720773 -0.0902168956620448 -0.103662851899995 -0.272055730234858 2.03250262902668 374.780237198761 -333122.065126487 102.529844302192 130.731442524456 73.7064243552475 987951.658026995
130000 0.26 -1.98285650907854 -0.0142961518569789 -0.0396927802068344 -0.0462857538196 -0.0927536856314153 -0.25253496355337 2.01232170590204 373.279029250248 -333112.534228905 102.50998626528 130.784711435778 73.6865090825225 987895.793100254
130100 0.2602 -1.95914975034509 -0.0526081706161647 0.0662447788374666 -0.0329590008895986 -0.0783150995653404 -0.260892336109356 2.02521060476099 374.302344664051 -333122.06810605 102.500949529746 130.848442936475 73.6665938097975 988022.960053974
130200 0.2604 -1.97643521287488 0.00146234415674151 0.0126222386547479 -0.0605971996371875 -0.0906941234754208 -0.281583353556663 2.05130112522086 374.715127938446 -333128.991513498 102.576619144566 130.787872345449 73.6466785370725 988027.47277462
130300 0.2606 -1.99035478032996 0.0267814289743997 -0.00965387488296179 -0.0500415374061573 -0.083274149229907 -0.251061612871044 2.05282319406867 374.076799316697 -333126.905799162 102.630990674958 130.75805957577 73.6267632643475 988058.58704073
130400 0.2608 -2.01173412623647 -0.0107252122738844 -0.015034149456318 -0.0271665046219556 -0.110208516131749 -0.253573752345294 2.0559629789043 375.363778195544 -333140.110005305 102.614147882045 130.789165164245 73.6068479916225 987864.1645895
130500 0.261 -1.97320028133285 0.00426674531521375 0.0139378823534735 -0.0838829898355984 -0.0900075920483175 -0.256691954103673 2.04271367859284 372.438669065223 -333118.729698794 102.638512517258 130.8287895457 73.5869327188975 988130.656814428
130600 0.2612 -1.95235372597016 -0.00867172333374277 -0.0129178524891445 -0.0372228371741268 -0.0763713173804959 -0.241432294774358 1.99152897147456 374.513244662758 -333136.136273846 102.658715173692 130.832538073789 73.5670174461725 988085.987264085
130700 0.2614 -1.93559060134866 0.0334412177277128 0.00844337796842683 -0.0458171847794611 -0.0873501145869614 -0.266271627903683 2.01751807053406 374.95804472169 -333138.427358251 102.675449403568 130.852627552735 73.5471021734474 988131.231257913
130800 0.2616 -2.00584373023788 -0.0165741736722433 -0.0026267397335202 -0.0242110004918725 -0.0630788854251169 -0.246905142070462 2.0449241814442 374.253642236867 -333133.381998895 102.651992994169 130.872014713944 73.5271869007224 987784.311859887
130900 0.2618 -1.96779714581406 1.87740138687011e-05 0.000447022185020357 -0.0318856421585089 -0.060945608896757 -0.240023198081477 2.01498609980424 373.673995838636 -333129.710837409 102.66487965793 130.91557689026 73.5072716279974 987969.481910088
131000 0.262 -1.96171149468263 0.0129688717606385 -0.0129620332846516 -0.0607865261598464 -0.0564245666935231 -0.261540412471542 2.01858268963912 372.489095464835 -333121.66560778 102.678545834672 130.93519490969 73.4873563552724 987981.31863893
131100 0.2622 -1.97367311142482 -0.0108536123786994 -0.00545136951323897 -0.0471528364542227 -0.0415090401906757 -0.261959802799042 2.02014880237961 373.291456733578 -333126.573908624 102.688414921407 130.963211714691 73.4674410825474 988019.87436785
131200 0.2624 -1.97692537083567 -0.0101946496195288 -0.0101384171486289 -0.0423384771893131 -0.0362781448381795 -0.293923636899495 2.03387305193343 374.692801614892 -333136.801080028 102.668291173698 131.00540347772 73.4475258098224 987876.63370097
131300 0.2626 -2.00495425999256 -0.0351041930807827 0.0148694555213994 -0.0523114321019047 -0.0399543032188826 -0.306549917701757 2.06788885089635 374.432678277763 -333138.485817413 102.654377745914 131.050405323248 73.4276105370974 987814.141120797
131400 0.2628 -1.97232829780098 0.0759141172367483 -0.0220689733685517 -0.0798948720929952 -0.0280772676124831 -0.267235401489354 2.05911714206051 373.883967318674 -333134.023952718 102.712185713419 131.051401966123 73.4076952643724 988109.856447762
131500 0.263 -2.01617660851904 -0.032053661083811 0.0135668192457623 -0.0702817068903445 -0.0800893650784532 -0.28783915255387 2.07652530638433 374.508056879628 -333140.258324583 102.667992562699 131.121887722741 73.3877799916474 987947.834915775
131600 0.2632 -1.9868774802451 0.0310734415668975 -0.007741593727015 -0.101034371675809 -0.0585252123987924 -0.278444325641961 2.0661071741903 374.327589906994 -333138.838407045 102.669382122938 131.183722765957 73.3678647189224 988158.883558474
131700 0.2634 -2.03579035332576 -0.0101778647151855 -0.0211376846654376 -0.0743996155745531 -0.073764169341108 -0.267468490181013 2.08052235499937 374.425005654273 -333140.321848554 102.628472858291 131.223329602421 73.3479494461974 987795.166346423
131800 0.2636 -1.99628713839937 -0.000535674919728259 0.0250619358985945 -0.0624994448357716 -0.0557702836756291 -0.279323331072705 2.07120247590518 374.022298050458 -333136.726792799 102.631513239968 131.30234275543 73.3280341734724 988150.852592556
131900 0.2638 -2.04204030410379 -0.0383472206683042 0.00117901286608757 -0.0530527387199166 -0.0637859525173334 -0.265219158010398 2.08019712149874 373.750830396925 -333134.828676642 102.610309996936 131.314139654812 73.3081189007474 987767.125058483
132000 0.264 -1.99644060148714 0.0189139767785403 0.0319443331591271 -0.045993915099526 -0.0808453704595645 -0.260327628567276 2.07782345731081 374.816096757258 -333141.65884919 102.647333209568 131.370095493492 73.2882036280224 988276.032901496
132100 0.2642 -1.99756765078401 -0.00269536427373438 -0.0357229869697797 -0.06198342437856 -0.0651719446443236 -0.27364378864825 2.04049776406116 373.470224413875 -333133.693152464 102.645186872912 131.371398745938 73.2682883552974 987996.621867713
132200 0.2644 -1.99375744246157 0.0345561912042253 -0.0171005095561274 -0.0419082583651118 -0.0633643675673675 -0.270625472045288 2.06130470692084 373.315194870806 -333132.991540546 102.648636423471 131.42508170515 73.2483730825724 988164.899564152
132300 0.2646 -1.98566046478674 0.000203445974457687 0.0134657184612258 -0.0261642980059918 -0.0718923264325492 -0.234239988539631 2.03772735570897 373.922705641589 -333137.248970854 102.633509124582 131.479853084456 73.2284578098474 988162.28940992
132400 0.2648 -2.0021453100372 -0.0120852513305638 0.0148527171139809 -0.0443728579335112 -0.0654313995342735 -0.262620109348161 2.05920651894566 373.32558673559 -333132.118104295 102.664684729027 131.466665936333 73.2085425371223 988094.513430676
132500 0.265 -1.99163109103074 0.0475040445204962 -0.0187118890104255 -0.0615272450828058 -0.0496344104615623 -0.28333076752065 2.07050957871155 374.416585553861 -333140.563278808 102.714696442372 131.439055975063 73.1886272643973 988099.364062911
132600 0.2652 -2.01128560439669 -0.00773381167559029 0.00994811443569646 -0.050377255932203 -0.0553221677729218 -0.258906687944448 2.0658781041146 373.396503651342 -333133.249146857 102.703339820607 131.479167168287 73.1687119916723 988022.696708826
132700 0.2654 -2.0171317411217 0.00933159040728367 -0.0163295122184217 -0.0453802835666984 -0.0478372161686848 -0.267167408455453 2.06939349165073 374.165183661889 -333137.471664681 102.725570140599 131.471684311891 73.1487967189473 987911.346807223
132800 0.2656 -2.06873569483322 0.0173967755649989 -0.0527602080025938 -0.0549550111974903 -0.0537157116579013 -0.252830361917084 2.10237955504538 372.950182628426 -333127.771401598 102.731157132024 131.481933270973 73.1288814462223 987773.092939993
132900 0.2658 -2.00922187398725 0.0133154809479019 0.00426306388027423 -0.0642253957064918 -0.0405514147370246 -0.263830933293908 2.07329657474559 372.71551250469 -333126.684165942 102.695439468072 131.594610939667 73.1089661734973 988006.734352615
133000 0.266 -2.04469497963135 -0.0413311482119923 0.00574280841356721 -0.0487994717856675 -0.0476529864780309 -0.283207019405612 2.08915391839841 372.259151718634 -333122.078697252 102.659604345188 131.644261835167 73.0890509007723 987765.474562992
133100 0.2662 -2.02512824313637 -0.00875608992142434 0.0206692361281164 -0.0548961128047278 -0.0580815921055266 -0.273079088950432 2.09017526734317 374.113329801638 -333137.233195166 102.699015458745 131.653403420394 73.0691356280473 987944.029005657
133200 0.2664 -2.04169839448023 0.0167446254038304 -0.00598514511865669 -0.0508866459216033 -0.0554101474059753 -0.270709142788578 2.1042209714229 372.807404617833 -333127.68789319 102.712123253714 131.669063999508 73.0492203553223 987918.323040727
133300 0.2666 -2.0541304033523 -0.0197234396916657 -0.0147973172436784 -0.0845679868357018 -0.0478988712626017 -0.299660076379214 2.10869256204149 373.816725444402 -333136.627558161 102.694985708903 131.704780933431 73.0293050825973 987752.067057684
133400 0.2668 -2.0598432849292 0.00904067565392488 0.0385520743552213 -0.04321621415313 -0.0465383504709879 -0.281357076455461 2.14284698836489 374.941782748372 -333146.285167255 102.714149793846 131.745061265183 73.0093898098723 987969.046566326
133500 0.267 -2.0651587744558 -0.015423959768583 -0.0585590284917944 -0.0640826700696843 -0.0412102296921752 -0.274796590155362 2.08777683323323 372.593834182496 -333130.633570797 102.745047740379 131.706156700419 72.9894745371473 987704.908927167
133600 0.2672 -2.01151241509428 0.0454986303890245 0.0204540754920652 -0.0602786836139197 -0.0760018629194877 -0.267388760518028 2.10312253596136 373.187632740196 -333135.727869078 102.751923806937 131.789930696867 72.9695592644223 988129.612613678
133700 0.2674 -2.06682565554145 -0.0526142223447417 -0.0540851612121921 -0.0662177397463432 -0.0621676512199278 -0.288903261435846 2.0806804609425 374.781699562022 -333150.158317588 102.687306393982 131.832000841091 72.9496439916973 987553.840485808
133800 0.2676 -2.02063770552116 0.019967087995879 0.00532237875702975 -0.051560314500765 -0.0497434894342137 -0.296760222674544 2.10095141746876 372.813418821901 -333137.7616304 102.718776241527 131.875909098653 72.9297287189723 987915.731831235
133900 0.2678 -2.05092609077052 0.000750221921250477 -0.00511522620416002 -0.0596402527866746 -0.0657615372124959 -0.288302791089836 2.11432642020989 374.713510620481 -333153.900199939 102.711981082628 131.897236980193 72.9098134462473 987740.339488804
134000 0.268 -2.07256421835977 -0.0181671077198733 -0.0230474366738952 -0.0543540718103809 -0.0744701867787339 -0.294620704138914 2.12048338158066 374.096342021396 -333150.613092163 102.689838627837 131.952103203494 72.8898981735222 987668.338290293
134100 0.2682 -2.08070730522546 -0.00838438724110941 -0.000578557470194966 -0.051997399941755 -0.0581930455992671 -0.288401137937577 2.13975595264303 373.898570538227 -333149.465986691 102.702443030718 132.001030044204 72.8699829007972 987885.844086289
134200 0.2684 -2.09435236159162 0.0170824976529307 -0.00213208842648463 -0.0678402883831974 -0.056851993600479 -0.287481888580695 2.16550153285464 373.166831836562 -333145.153793329 102.717580453585 132.015577904592 72.8500676280722 987870.283298199
134300 0.2686 -2.10924064916722 -0.00617089854732407 0.0100891944323211 -0.0544250530597798 -0.0530291318897261 -0.276656704450567 2.16894033996439 372.689250662077 -333141.75824415 102.719666104179 132.066077854125 72.8301523553472 987998.073361185
134400 0.2688 -2.09876885432442 -0.018860736121507 0.0345755577007194 -0.0382022904165875 -0.0613595839475907 -0.293949391710634 2.17138383853671 374.115258521976 -333150.950146185 102.727735528235 132.073439178118 72.8102370826222 987860.560734885
134500 0.269 -2.14714798656488 0.0365644103767676 -0.0278623647315222 -0.063834951830128 -0.0741416870544389 -0.318033136672274 2.22805116525107 372.800281055873 -333139.776669138 102.729748212564 132.081296766573 72.7903218098972 987668.46438989
134600 0.2692 -2.09938613106532 -0.0252844512551814 0.0158363719232308 -0.0512172080677926 -0.0569537544310538 -0.309309181480671 2.16644750123388 372.777928910791 -333138.716040827 102.693483459463 132.154349645001 72.7704065371722 987595.605368914
134700 0.2694 -2.06268725009955 0.0214735538228079 -0.0016545583713555 -0.0819548624938798 -0.0506379890722594 -0.313366645444264 2.14906883114016 374.74015320495 -333153.455139548 102.708071550023 132.196209106787 72.7504912644472 987778.358136428
134800 0.2696 -2.08251852289853 -0.0100360944038889 -0.0205913771690562 -0.0520615511578673 -0.0821564589817749 -0.322902711190143 2.14816152596137 374.117001062043 -333148.89846213 102.703746606327 132.216316307677 72.7305759917222 987616.567924638
134900 0.2698 -2.07625944880807 0.01478650425023 -0.00119418778498059 -0.0435446992315889 -0.0637824032301203 -0.312911681766164 2.15660528795796 371.676707037969 -333130.430569415 102.714738627264 132.256794297746 72.7106607189972 987754.116519144
135000 0.27 -2.06519282682003 -0.00356209643460996 -0.00652665383059107 -0.0305935553260058 -0.0815328511013759 -0.326426740206532 2.14164240687252 374.465961670942 -333150.811547706 102.713669469024 132.292628791252 72.6907454462722 987740.84662151
135100 0.2702 -2.13756911915988 -0.016738627538472 0.00858908796114315 -0.0508263612331003 -0.095355798221407 -0.341935300431871 2.22217610676437 374.233808805766 -333151.165285802 102.705589330077 132.329118806882 72.6708301735472 987664.902274339
135200 0.2704 -2.12882224856398 0.0207405926807711 -0.0111408551414578 -0.0638859229286295 -0.0940685647638802 -0.313756217250283 2.21070700665576 373.489607920355 -333145.550012651 102.716735171308 132.344899386054 72.6509149008222 987619.151251448
135300 0.2706 -2.0938267322633 0.0331769104614029 0.00570877740139115 -0.0567425502338574 -0.0945918177925775 -0.312814792055036 2.19009941436612 372.05682062202 -333134.662427711 102.741552962774 132.379629070352 72.6309996280972 987846.140028724
135400 0.2708 -2.11843188476922 -0.0357801810721557 -0.034410432637696 -0.0422311076766166 -0.0858722892614785 -0.316422450953046 2.16058666940045 373.779287221613 -333149.822448982 102.73416672851 132.361350699921 72.6110843553722 987367.926401247
135500 0.271 -2.10268056108451 0.0576075128223169 0.0353706785291553 -0.064867664577541 -0.0956277992255496 -0.335076268226051 2.23521517026902 372.699034418224 -333140.969309672 102.756379147086 132.425428402585 72.5911690826472 987788.509436764
135600 0.2712 -2.16118575376659 -0.045170540389107 -0.0456563301777269 -0.0830773560792852 -0.122009480178946 -0.298628931017556 2.19303325944125 372.069912141448 -333137.382321986 102.718794408441 132.438558542206 72.5712538099221 987254.189107826
135700 0.2714 -2.09981133684854 0.0123834910155023 0.00609195076328918 -0.0885952190628248 -0.0981528080680132 -0.297195090694731 2.18301205701452 372.121279322395 -333138.818264688 102.737285724073 132.510318032451 72.5513385371971 987695.814400419
135800 0.2716 -2.16612658999169 -0.0231059180107601 -0.00448930609699991 -0.0666597745237586 -0.104020112448938 -0.300510751408901 2.22474520475661 372.563086425753 -333143.215312101 102.721326566758 132.552078097955 72.5314232644721 987582.441173456
135900 0.2718 -2.11344281721952 0.0120026176368689 0.000765944001115611 -0.0774750653976827 -0.098640520065897 -0.321300447758433 2.2024215240878 374.750631568078 -333157.726924275 102.74989428234 132.564698240357 72.5115079917471 987679.883364159
136000 0.272 -2.08375815570837 0.0168949857103414 0.000207410868918579 -0.0678506953923132 -0.106981435665274 -0.30033413855202 2.16719064847999 373.922832408509 -333151.084392686 102.777919148185 132.595249582663 72.4915927190221 987905.55519499
136100 0.2722 -2.10296388340275 0.0201555199720884 -0.0287385693140352 -0.0701923521861609 -0.0958370880717226 -0.327085311078684 2.18392037096524 372.59861930036 -333141.894414751 102.769686417523 132.606587376714 72.4716774462971 987639.483627283
136200 0.2724 -2.11421232230845 0.0104810864444446 -0.00598417394927544 -0.0601584737619944 -0.0779530124724997 -0.331531704922684 2.19964463316906 374.367763662429 -333153.041141148 102.752137252954 132.674153148755 72.4517621735721 987702.472868409
136300 0.2726 -2.1057253729952 0.0446920600375378 0.00113728140612099 -0.057206711667108 -0.0791692043613707 -0.338448771968093 2.21467718321405 376.13735606946 -333167.037187048 102.729835222537 132.719584384603 72.4318469008471 987554.707866788
136400 0.2728 -2.10521046418736 -0.0307637216561771 0.0223437688917 -0.0434572511697213 -0.0691368642981117 -0.319731379764325 2.17784483735462 374.968411338782 -333160.683284937 102.700839736083 132.786384893387 72.4119316281221 987501.297019462
136500 0.273 -2.11480873476986 0.0101854289350334 0.00318515724299575 -0.0407361284206005 -0.0729547445638632 -0.334098186196721 2.20376585369062 374.052745401281 -333153.856250028 102.729805676949 132.791740432247 72.3920163553971 987547.975321262
136600 0.2732 -2.10875921283703 0.00532183806422093 -0.000885356536899582 -0.0353784355870389 -0.0734156300541719 -0.341204532238136 2.1966885920269 374.315401154954 -333157.166673475 102.743969551476 132.815130512644 72.3721010826721 987586.342381686
136700 0.2734 -2.11114967659303 -0.000759364726919348 -0.021923449786052 -0.0108782099122201 -0.0760816966865703 -0.353398313165647 2.19132884117291 375.881346450584 -333170.073067092 102.741441953385 132.858272834847 72.3521858099471 987610.992007653
136800 0.2736 -2.08379260441248 -0.00455595569887538 0.0286037873649312 -0.0225318174744159 -0.0766972824448211 -0.338211023839467 2.1807343076801 374.790333925102 -333163.473310648 102.716343603806 132.941865681694 72.3322705372221 987719.024187139
136900 0.2738 -2.06117395333726 -0.0239788439687589 0.0350857417931415 -0.0168443330482339 -0.0597751475078953 -0.362779573074216 2.16341768494741 373.998427364638 -333158.213943731 102.735390182284 132.966738979014 72.3123552644971 987814.961012118
137000 0.274 -2.05029534034046 0.00921935518709144 -0.00938460085525573 -0.0227544030582197 -0.0787982621812035 -0.380118235685043 2.15807371830878 374.716198026905 -333163.70498558 102.792554565893 132.936507033713 72.2924399917721 987867.745337321
137100 0.2742 -2.0913897040406 0.0149977943518211 0.0113298684425421 -0.0295783101838211 -0.0344437860028512 -0.40269186204276 2.21851789119066 375.193891830973 -333171.600336094 102.756996714672 132.997256660285 72.2725247190471 987705.135387254
137200 0.2744 -2.05502382625644 -0.031683979638126 0.00223589942471743 -0.0318568884841946 -0.0401704243275658 -0.379291981070083 2.14549736185465 374.618087919765 -333168.050105676 102.72119105964 133.073982405305 72.2526094463221 987658.343330347
137300 0.2746 -2.06814441094983 -0.00334941449626205 -0.00334861518583666 -0.0244129052913578 -0.0385027156571989 -0.37941213538742 2.16828874470248 376.293264025466 -333178.814398909 102.73646992722 133.09489785649 72.232694173597 987688.188233971
137400 0.2748 -2.06084095627997 0.000472222696748308 -0.0228108463489869 -0.0125257058521499 -0.0351854524062382 -0.390805427337608 2.15961380813104 373.301303329997 -333159.000794692 102.731962926188 133.147924553425 72.212778900872 987765.937056602
137500 0.275 -2.05733306930715 -0.0192218912275009 0.0421257849757933 -0.0361521535585805 -0.037971820551296 -0.380926405152205 2.17399525913079 374.199654622161 -333166.796756605 102.702546409537 133.219908889202 72.192863628147 987744.483791463
137600 0.2752 -2.06412626229908 -0.00314685355729916 -0.0135659572600528 -0.0169922837152599 -0.0140284010517276 -0.362932886071219 2.15009036168074 375.659220271854 -333179.508950432 102.733074100756 133.198238695464 72.172948355422 987604.847736961
137700 0.2754 -2.04282197230421 0.0178808790809834 0.0079484722553073 -0.0148292921573116 -0.00834833561679473 -0.371776980826682 2.15444896286819 373.800634653019 -333166.337176207 102.762170609481 133.224536003672 72.153033082697 987806.950487813
137800 0.2756 -2.07256762937987 0.0149477032089638 -0.0132682129613461 0.00184769276018143 -0.0132778871915205 -0.36899839804525 2.16993867335935 373.946272832553 -333167.759540049 102.755970301464 133.251310220496 72.133117809972 987673.170645008
137900 0.2758 -2.07625429251136 -0.0232377182003949 -0.00576306466888282 -7.4576790898349e-05 -0.0197977828370413 -0.368998211168382 2.15886847308478 372.4019835201 -333156.828512043 102.722335397427 133.32494352404 72.113202537247 987622.728356955
138000 0.276 -2.07850536034483 -0.00391793807021289 0.0165385943076258 -0.0046649701119968 -0.0132907249282294 -0.350138474070624 2.17144108282281 374.211163952731 -333168.982318509 102.726694717244 133.36710666939 72.093287264522 987704.137053506
138100 0.2762 -2.06321742074662 0.00889861574092429 -0.028683283463654 -0.00328698327168348 -0.0146231601887118 -0.358277438519323 2.1454522376105 374.159796572913 -333166.955934454 102.763466515335 133.33721591133 72.073371991797 987563.362927849
138200 0.2764 -2.07254035725938 -0.00835980160457248 0.00995321238041742 -0.0344526791127479 -0.024232443292256 -0.363813931728283 2.168267148251 373.319686441218 -333160.620177887 102.767606181385 133.376397371585 72.053456719072 987620.380804063
138300 0.2766 -2.07726777961144 -0.0284846096885793 -0.000496349819063221 -0.0189674077677716 -0.0230431495452856 -0.372374443261628 2.16201251654661 373.472479513385 -333162.368652137 102.767892886738 133.396011191943 72.033541446347 987495.357142751
138400 0.2768 -2.04358873546303 0.0418964607197475 0.00832410128264827 0.015472658432787 -0.0256060279082546 -0.364287092739351 2.16359918226339 374.6943473277 -333169.283047645 102.785988783244 133.446642913275 72.013626173622 987770.952861447
138500 0.277 -2.0472726260505 -0.00464658875952371 0.00263382048429606 0.0264706330398001 -0.00790449154712253 -0.373379568143938 2.14657208543851 374.33417064037 -333170.223277844 102.752469075376 133.495332748258 71.993710900897 987535.936178927
138600 0.2772 -2.01857907001521 0.00827789721270667 -0.0239928809753436 0.0192184661884952 -0.0413369625074901 -0.341868745501545 2.09777008185007 373.389907397759 -333163.219117651 102.769625828525 133.551274794826 71.973795628172 987841.391465912
138700 0.2774 -1.99767205985798 -0.0195407104110421 0.00356269374291259 0.0406272932896347 -0.0179690587169844 -0.332409461035157 2.07283562118052 374.151543145193 -333167.797365776 102.769099917885 133.602251430132 71.953880355447 987939.95394095
138800 0.2776 -2.03674845923452 0.0261582244330206 -0.00160499472616239 0.0080123799093959 0.00308598586540736 -0.36856185842144 2.14634958628962 373.72385296814 -333167.086544122 102.796010161178 133.62482097771 71.933965082722 988092.02663554
138900 0.2778 -2.05479227139363 -0.02693579324935 -0.0114394840082762 0.0198608824093099 0.00302489690615682 -0.358735960392086 2.12865018366641 374.838543420894 -333178.150506044 102.800484365658 133.627859925947 71.914049809997 987883.92969962
139000 0.278 -2.03478318644233 0.0473459787873485 0.016443762731166 0.0384156887268519 0.0401389765603377 -0.33845802269537 2.1505340288998 372.915168467812 -333163.35790759 102.834900417955 133.645973280172 71.8941345372719 988074.906605489
139100 0.2782 -2.05446831778556 0.0126650957050624 -0.00559009075172576 0.0329531223063168 0.0327216370334179 -0.323593081352093 2.1345362923605 374.031083141128 -333170.881199946 102.821699725625 133.6778027267 71.8742192645469 987909.626666297
139200 0.2784 -2.02327344736483 -0.032907404613231 0.0103551060272807 0.0460054826191103 0.0234169135590471 -0.364394072268667 2.1108956747308 374.938141669257 -333178.81988353 102.80637121175 133.721040040557 71.8543039918219 987808.053805495
139300 0.2786 -2.03989914508408 0.017326390281378 -0.0180806820616686 0.0241251499829586 0.0357116414706127 -0.345497424139241 2.1270325981588 374.681088661834 -333178.41212115 102.853754069161 133.711389055277 71.8343887190969 987918.114183996
139400 0.2788 -2.08977149727134 0.0127377846750774 -0.0192597069571115 0.0428687497428822 0.0516352980734248 -0.334251791427584 2.16863521098835 374.86837984244 -333180.937460486 102.864998656359 133.719239655338 71.8144734463719 987810.194137224
139500 0.279 -2.0652900265422 0.022289667411141 0.0036908296096694 0.043124504935045 0.0136306339748362 -0.323462102337628 2.1539563796697 372.156513812082 -333161.870582247 102.882494344195 133.760722565797 71.7945581736469 988010.632570999
139600 0.2792 -2.03725902585872 0.00544815625399435 -0.0105210601366205 0.0144012889742871 0.0339506231004942 -0.357214708513851 2.12771576683733 374.851946550175 -333183.994895178 102.876020758557 133.790962534615 71.7746429009219 987897.703926027
139700 0.2794 -2.03914831779702 -0.00246486968785572 0.0213794387204793 0.0551348191272541 0.0309302276628791 -0.31944981745596 2.12493422639867 372.677672953456 -333168.79379023 102.887367331327 133.827041431819 71.7547276281969 987998.879136872
139800 0.2796 -2.08747049679436 -6.52112231120489e-05 -0.0289849216096117 0.039138387957145 0.0509243374690399 -0.318967084756264 2.14833082361889 374.712413447584 -333185.444684511 102.894204596174 133.823245105499 71.7348123554719 987762.280603116
139900 0.2798 -2.05995860287762 0.0215074761023882 -0.00954519198950317 0.027157244975369 0.00494118208438248 -0.317602797230872 2.13862821335937 376.426009082229 -333200.112686507 102.887179301527 133.878479129552 71.7148970827469 987828.17858989
140000 0.28 -2.05217603146659 -0.0247722600426292 0.00178709325928678 0.0385740725208517 0.0276408224208411 -0.332725508380137 2.1222141029755 373.464559712403 -333178.710446086 102.859896253291 133.952823623976 71.6949818100219 987840.240379165
140100 0.2802 -2.05846881573979 0.0301711622365908 0.0123549953410134 0.0390980618316149 0.0125328937996202 -0.329143311262456 2.15768069199685 375.272751852158 -333193.773970333 102.86880940033 133.982211739915 71.6750665372969 987868.098491082
140200 0.2804 -2.0461261951722 -0.0170569562238971 -0.0419271098581317 0.0340549347627515 0.0395662941420867 -0.352566351736762 2.1091140379442 372.581881700316 -333175.072883057 102.869190773736 134.02155732004 71.6551512645719 987887.296319544
140300 0.2806 -2.01491514983719 0.0089045490989898 0.0410993725349578 0.04513330114769 -0.00950858230480212 -0.341363884237296 2.12556095813463 374.897926314888 -333192.717882248 102.860390686669 134.096565801528 71.6352359918469 988080.938571804
140400 0.2808 -2.06122838751607 -0.0125410120831479 -0.0183162735799366 0.0733011398810101 0.021410306988461 -0.347704152088126 2.13670552902894 372.556358804751 -333175.447242424 102.851809356638 134.110479912233 71.6153207191219 987826.321130139
140500 0.281 -2.07504151765641 -0.0174197822938909 0.00627569453925664 0.0485451412474111 0.0243084967828164 -0.340402803793446 2.153970709498 374.248321188571 -333186.26452882 102.881341944873 134.124108898829 71.5954054463969 987935.571403983
140600 0.2812 -2.14085156049709 0.00404266574011091 -0.00742194642787281 0.0621538103617797 0.0243386009959678 -0.32387768261287 2.21453583159982 374.311491491801 -333189.038790377 102.887400865628 134.126987976494 71.5754901736719 987740.130960736
140700 0.2814 -2.11101773637783 -0.0116698427409511 -0.00167750241242851 0.0713175978191905 0.0489205070095975 -0.322384405826102 2.18233182322439 373.75416025769 -333185.729882845 102.860962310823 134.190581049572 71.5555749009468 987679.618254562
140800 0.2816 -2.11858039291881 -0.000941289433533256 0.0222143121434553 0.0803106577854814 0.0368394819030257 -0.327654820746939 2.20895012485051 374.226332978506 -333188.818498693 102.857939834651 134.232308969857 71.5356596282218 987682.748782274
140900 0.2818 -2.15424680953372 0.0174156893844118 -0.0206201115587505 0.0573765349081402 -0.00236813624802771 -0.315548256806754 2.22341380324031 373.486023268749 -333182.381135898 102.874367679773 134.223908105397 71.5157443554968 987503.677884765
141000 0.282 -2.1179649661406 0.00938505616373219 -0.00328380804407356 0.0662677607510123 -0.00679587625699088 -0.311714904921887 2.1917205239177 374.458945931019 -333191.177499083 102.862448210902 134.299257663377 71.4958290827718 987668.437673329
141100 0.2822 -2.14073384873052 -0.0255452872610468 -0.00228690260104866 0.091192745683706 -0.00207953358648104 -0.317422354920036 2.20249668567381 372.51172989268 -333177.109799347 102.843601386872 134.34550880304 71.4759138100468 987552.392142169
141200 0.2824 -2.14192117474872 -0.00891348750660058 -0.0262995045606628 0.122293198221751 -0.0101302800196429 -0.317338827789527 2.20459204865172 373.370271896998 -333183.410817316 102.855642304317 134.372599724097 71.4559985373218 987591.930431717
141300 0.2826 -2.13558957315209 -0.0104281276886206 0.023919426890158 0.116034787294863 0.0340668152470918 -0.326758204633061 2.22590917485478 372.716126860793 -333178.739551824 102.846497769292 134.446810275995 71.4360832645968 987774.124262243
141400 0.2828 -2.15358844529959 -0.0202407464320158 -0.00562838453226598 0.0936343436900909 0.0178409364080431 -0.332229011510925 2.22282356256111 374.66937004961 -333191.961953827 102.842603755284 134.469878618696 71.4161679918718 987630.787405329
141500 0.283 -2.13179497181243 0.0343642721376241 0.00908001635576609 0.0964588466327326 0.0315449638705659 -0.356141171011887 2.24711442119433 374.800496578972 -333191.171466948 102.864699324659 134.507050754494 71.3962527191468 987840.504089302
141600 0.2832 -2.17401149032626 -0.0325650974452586 0.0152339316999275 0.117836225211523 0.0463752906443892 -0.324879255997037 2.24837367510638 371.0075719051 -333161.197070246 102.865001097073 134.532647715771 71.3763374464218 987755.789175265
141700 0.2834 -2.1787985809229 0.00375964723600439 -0.016921699580783 0.0779514330012671 0.0431184121569612 -0.336083703560582 2.25422126936655 373.725541486354 -333178.36251162 102.895760028052 134.515461018665 71.3564221736968 987649.276858282
141800 0.2836 -2.23029334367993 0.0269249295651225 -0.0198691767844082 0.0974774125202242 0.043014395060638 -0.311741668558675 2.30590640869866 374.109260625972 -333180.543547733 102.902114723754 134.531190017548 71.3365069009718 987550.068459517
141900 0.2838 -2.20075752862935 -0.0249969763496577 0.00478904850555158 0.0881740118955391 0.023179901026572 -0.362651324927751 2.28453765322306 372.636996905124 -333170.366842356 102.8878226956 134.605101293859 71.3165916282468 987679.580449714
142000 0.284 -2.18760468072577 -0.0351770379523597 0.00444606957294106 0.0898935525830863 0.0130607191230322 -0.345439130517642 2.25888014249838 373.263829837385 -333173.929303522 102.898666650419 134.630570610584 71.2966763555218 987694.6890384
142100 0.2842 -2.18436989644241 0.0338835889656055 0.0101597117133573 0.0873644321187518 0.0386486347710889 -0.313016012031989 2.27813555978283 373.228715335953 -333173.803980643 102.956804720341 134.612629655366 71.2767610827968 987845.032988889
142200 0.2844 -2.22230968797937 0.0236186528305001 0.00158535265075596 0.0869997569316911 0.0294911061358483 -0.316291761424883 2.30664948555956 374.594769168532 -333182.724049065 102.957053441686 134.610392324157 71.2568458100718 987554.993331625
142300 0.2846 -2.30298057099706 -0.0200344166812007 0.0120070722828284 0.102042852373535 0.00696083097452944 -0.324393285388714 2.37341429084991 373.296967076029 -333172.78094255 102.93057601259 134.647334356498 71.2369305373467 987295.963510469
142400 0.2848 -2.24616475751293 0.0231451467928594 0.0259278542785394 0.0866707667261995 0.0149903010030725 -0.324157887102873 2.34404236544469 373.679739415529 -333174.85749137 102.947712971107 134.675162924185 71.2170152646217 987388.30935103
142500 0.285 -2.27237288253712 0.00901757063274627 0.00549033812235297 0.100323618279588 0.0595813812477552 -0.328527290047586 2.35824992222088 374.912986820457 -333183.762549445 102.963798015741 134.676545287975 71.1970999918967 987276.558924675
142600 0.2852 -2.30773352093867 0.0173669380264919 -0.0199521207567951 0.0893785743309181 0.0205590649178963 -0.327118334534698 2.38053925071374 373.909708148422 -333177.174958681 102.969489858551 134.667429208411 71.1771847191717 986988.146608486
142700 0.2854 -2.24711720479946 0.039283839945813 -0.0150829055092514 0.0807350882466353 0.00886845092666022 -0.32222058415234 2.3318554893171 374.95242124031 -333186.162287597 103.003762130744 134.705354471306 71.1572694464467 987318.37703228
142800 0.2856 -2.33632972117965 -0.0125321081941999 -0.0169961483386659 0.0840499586400022 0.0073314639693476 -0.33916839325395 2.39919607006611 373.272668412922 -333171.888109155 102.987918860903 134.709560411571 71.1373541737217 986921.043960303
142900 0.2858 -2.31463858683215 -0.00314639706485784 0.00839052344743735 0.112234216791371 0.0157579852710783 -0.353510622710723 2.40483690241395 374.453521252672 -333182.348724009 103.012246746138 134.722885534044 71.1174389009967 986975.435664814
143000 0.286 -2.30825297246007 0.00475141140351795 -0.0215206852280633 0.118331714855606 0.0104208314983701 -0.338688225468289 2.38251424670943 373.846146427733 -333178.780346963 103.014364303206 134.75057729258 71.0975236282717 986922.148592353
143100 0.2862 -2.32069914401459 0.00567567392217497 -0.00488502314441689 0.0942283916275357 0.0129034589706665 -0.349182969082239 2.40426410507558 374.919140754425 -333187.770882852 102.979900042193 134.836479549238 71.0776083555467 986944.376929678
143200 0.2864 -2.31413982192625 -0.0190489155194821 -0.0078600833081427 0.109956493450429 0.0220944887117121 -0.347523425773439 2.38606375244519 373.182933988037 -333176.761029102 102.972391059076 134.88038767298 71.0576930828217 986917.17451228
143300 0.2866 -2.31874185088939 -0.00381443681760975 -0.00107588945951641 0.0886551627734845 0.0189800289485715 -0.336337958735221 2.39358843079403 372.762528954841 -333174.044222503 102.989833777596 134.920127679478 71.0377778100967 987098.445970214
143400 0.2868 -2.30051199712351 0.0209418641048667 -0.0238485258517772 0.0782677353939395 0.0165975383856978 -0.338259223453116 2.37689655684458 372.666746425251 -333174.342467587 102.984848965303 134.977666765016 71.0178625373717 987194.77937212
143500 0.287 -2.31782794074919 -0.0174967136020033 0.0358118986184601 0.0986630862440052 0.002782929199919 -0.35159725691178 2.4118626347995 374.482305156849 -333188.05905491 102.964272638517 135.052346056415 70.9979472646467 987266.68271938
143600 0.2872 -2.35197011934815 -0.00431954393247229 -0.00578074347615819 0.0952303210989842 0.00752507230238874 -0.323842142132844 2.41868404194864 373.478510916095 -333181.085957147 102.993005761942 135.038884903524 70.9780319919217 987166.773829061
143700 0.2874 -2.31942419065371 0.0262581260158752 -0.00275428960687034 0.0963871628915461 0.0599840907981132 -0.362966708389405 2.42258406744969 374.135784500775 -333185.149795961 103.029104198899 135.028878869732 70.9581167191967 987162.538396254
143800 0.2876 -2.37712272414165 0.00490121981576311 -0.00807609967102331 0.113432085328596 0.0624901998001533 -0.357330758547308 2.46508936893427 374.746903084105 -333191.772025326 103.002315468107 135.074119541481 70.9382014464717 986959.442149382
143900 0.2878 -2.40052532225545 0.00067934542968394 -0.0285049424789382 0.103036490861688 0.0435776725947812 -0.351167093700084 2.47063953451556 374.357925407359 -333190.637179896 102.988201341068 135.125934684037 70.9182861737467 986925.604292807
144000 0.288 -2.36145100996367 0.010066517994452 0.034353974472514 0.0886190983783154 0.0500299260085225 -0.349941227061921 2.46591342025146 373.670340627446 -333186.151581356 102.989527926168 135.197594270173 70.8983709010216 987184.408043703
144100 0.2882 -2.39040154792447 -0.0159782285866426 -0.00368589913656662 0.074537421389576 0.0529217633264162 -0.324327548608416 2.45109344813612 374.24228126602 -333187.060666531 102.96981957434 135.224452431691 70.8784556282966 986914.271908305
144200 0.2884 -2.43220332929849 -0.0134405731112086 -0.0182784579020211 0.13959811028596 0.0438072420793123 -0.343530540228416 2.50139856821501 372.588605933304 -333175.13803859 102.981314063088 135.240116229158 70.8585403555716 986861.409265285
144300 0.2886 -2.41325281882801 -0.00271131620280296 -0.0214070297507112 0.108951631941417 0.0516913229974869 -0.326317472922861 2.47569580209025 373.938602919599 -333186.50704168 103.008208987482 135.243198691515 70.8386250828466 986864.19718313
144400 0.2888 -2.42885249419549 0.0172795180653621 -0.021642833131354 0.0861893120082096 0.0260173483740451 -0.326222551637256 2.4966873094018 371.301452625549 -333166.117934589 103.005497472808 135.294293672037 70.8187098101216 986933.507526428
144500 0.289 -2.4145034455659 -0.0321758674198355 0.0102089106605305 0.108756617262266 0.0303615819977163 -0.333102671971363 2.47979378927468 374.071357305119 -333183.95052123 102.976417696783 135.371441928848 70.7987945373966 986939.879069852
144600 0.2892 -2.41232748054452 -0.0207474112694353 -0.016297953589165 0.100755048370699 0.0587872668079563 -0.30679304032951 2.46038711101553 373.400357892946 -333175.916186281 102.998122297009 135.371629766652 70.7788792646716 986871.589507394
144700 0.2894 -2.42314296477421 -0.00795740584964039 0.00834502734102972 0.083282345254502 0.0446986216935768 -0.317228503902658 2.49027387511601 373.845649340757 -333178.678961417 103.027898367361 135.360943633837 70.7589639919466 986801.224626158
144800 0.2896 -2.41379598302511 0.0238699661657466 -0.0118792144375093 0.077409070781695 0.0430582983862385 -0.279600935122699 2.47273478483893 372.30725627007 -333165.710494153 103.055072436468 135.352875046704 70.7390487192216 986724.866997306
144900 0.2898 -2.423147904286 -0.024805817896799 0.00115246753100093 0.0749099014848083 0.025039322322676 -0.312185532226205 2.4750899472469 374.341051465135 -333180.21057823 103.039414344939 135.389522736061 70.7191334464966 986564.239498455
145000 0.29 -2.46167558297963 -0.0103253284116542 -0.00814741350457498 0.0829353371833779 0.0172388245454103 -0.334227888634571 2.52410634333131 374.343571311253 -333179.472546591 103.047497839408 135.412678897796 70.6992181737716 986532.488391227
145100 0.2902 -2.45059655725278 0.0281860655918524 0.0244522406332031 0.0612583834542652 0.0637018806184334 -0.319977127020661 2.54277595064991 375.096467740227 -333185.229054071 103.063146981037 135.459420046445 70.6793029010466 986744.850564544
145200 0.2904 -2.44642840537774 -0.0175414922868791 -0.0352310218191923 0.0640680690859222 0.0286156306781506 -0.318125750612564 2.48499927248567 374.274893092406 -333180.146890849 103.073569526316 135.473932877229 70.6593876283216 986672.273749214
145300 0.2906 -2.45910289921019 0.0135829429506139 0.0112722576784983 0.0649191785419429 0.0482355882634875 -0.32473598764908 2.53859230966833 371.565274910197 -333161.435821484 103.07473233755 135.521113043914 70.6394723555966 986748.834725715
145400 0.2908 -2.40309407878828 -0.0172288845273646 0.00714405650016609 0.0673499994086447 0.0777929247160188 -0.32187276495745 2.46853536175848 375.046156775461 -333187.298678225 103.073452131325 135.56867051493 70.6195570828716 986804.560981702
145500 0.291 -2.44167664313153 -0.00371425813380133 -0.0381095007613883 0.0777549008133609 0.0537393749037706 -0.339751030454873 2.49681453831925 371.468782832841 -333161.553346543 103.079207190367 135.611338356342 70.5996418101466 986891.86558021
145600 0.2912 -2.44663567299329 -0.0234061171650161 0.00672731827384822 0.0782397299299298 0.0475129505953885 -0.335702144458376 2.51181096668686 373.870979935451 -333178.390356209 103.040143921493 135.675090372624 70.5797265374215 986703.224583724
145700 0.2914 -2.4569997654376 0.0026339577384414 -0.00768487306206272 0.0370749276338843 0.0539865127207191 -0.312960637968712 2.51619243112108 374.678123879235 -333186.455016162 103.064063612454 135.675052438994 70.5598112646965 986653.521787697
145800 0.2916 -2.46399868884422 0.0110909020215789 -0.0145199529966139 0.0746748186220267 0.00921615377991156 -0.309601688259431 2.52346560353767 374.975208083146 -333189.44137867 103.104128480154 135.658186124769 70.5398959919715 986635.815147489
145900 0.2918 -2.44247722426928 0.0319415723404347 0.00779376056611558 0.0871646425586166 0.0123773716617315 -0.318701807753012 2.52815047969807 374.502350662688 -333186.616822944 103.108975377794 135.714034330194 70.5199807192465 986809.716102641
146000 0.292 -2.40672917514442 -0.0111755088541023 0.0179738742212758 0.090554055472419 0.0579834230947067 -0.341840611906724 2.48889680800593 375.273154829636 -333193.157827826 103.088490990777 135.763327140068 70.5000654465215 986693.29110208
146100 0.2922 -2.42054530358077 -0.00401558146526507 0.00870201193617865 0.0735524021178795 0.0237965309092581 -0.286952439992339 2.47698685466283 372.515672121728 -333173.034794167 103.094677023379 135.803518907585 70.4801501737965 986765.794517149
146200 0.2924 -2.4007539458466 -0.0347452853731249 0.0100179922863437 0.0886553084263706 0.0112249614933916 -0.311283819045277 2.45368318523238 373.013229094718 -333175.142173172 103.093046032909 135.826854012279 70.4602349010715 986640.867089275
146300 0.2926 -2.43524549255882 0.0163118226264375 0.0112738331063536 0.0961010121856232 0.0383444633531682 -0.295908447306828 2.50850757736875 374.596971802783 -333186.074400229 103.106388662472 135.866563652762 70.4403196283465 986778.060572185
146400 0.2928 -2.45777468155969 0.00444289041782996 -0.0316864790092959 0.0794264340618333 0.0422457924960948 -0.303416282734379 2.50506016952515 375.126785823609 -333190.499893624 103.090129457521 135.90795448557 70.4204043556215 986643.991710088
146500 0.293 -2.39653184805745 -0.00906335764526361 0.0113289525442955 0.0916625216856769 0.0226303934679331 -0.297396660629096 2.45788209971127 375.224000621886 -333192.129631332 103.06353459252 136.001018080685 70.4004890828965 986785.747813546
146600 0.2932 -2.41973476256446 0.0100435681268891 -0.0117228755095364 0.0614342861087222 0.00959746370169532 -0.293749539095408 2.47424212737874 374.43667200639 -333186.254512118 103.05440998343 136.04741484781 70.3805738101715 986755.778372022
146700 0.2934 -2.3864061306826 -0.0348792165464001 0.0139494257873127 0.0539845131669689 0.026158370637674 -0.287874830201387 2.43028731809365 372.050156947733 -333169.217960262 103.048820100903 136.09961055377 70.3606585374465 986801.501329895
146800 0.2936 -2.38172092222802 -0.00687192648042084 -0.0109753657582269 0.0829794868461064 0.00617780643704736 -0.284741239891711 2.42779396672027 375.256369452222 -333193.853881227 103.072701154504 136.096403665662 70.3407432647215 986727.562553696
146900 0.2938 -2.40804972251233 -0.0172313958881703 -0.0230695754338656 0.0788403793012504 0.0542095559077885 -0.316932199436269 2.45578700823365 373.364938838831 -333180.546915242 103.079811603543 136.127807587835 70.3208279919965 986743.880821772
147000 0.294 -2.34198889191535 -0.00650148322296763 0.0381861395223545 0.0696156751631934 0.0533807169670195 -0.288295639970197 2.41522182368988 373.549943661323 -333182.628492978 103.078310502743 136.20253160205 70.3009127192715 986991.551261338
147100 0.2942 -2.40707687979446 0.00418167780727139 -0.0132788726408385 0.0836517876292942 0.0413063798545096 -0.283153039568702 2.4574395715791 373.222710272675 -333181.485149468 103.091972241101 136.194723370641 70.2809974465465 986786.152747916
147200 0.2944 -2.39453414132604 -0.024074412829463 -0.00841535166033821 0.0864198441108647 0.0225263559766238 -0.313295674476026 2.44434729978242 375.217640312887 -333197.968077119 103.089817453826 136.236129269134 70.2610821738214 986785.822441843
147300 0.2946 -2.41554831817717 0.0330169145739504 0.00783921827139658 0.0722222654602843 0.0240933883786378 -0.323961717797792 2.50333769363869 375.127300877824 -333198.413591942 103.089743365473 136.272169305883 70.2411669010964 986766.383356219
147400 0.2948 -2.36126865865613 -0.000926501241890397 -0.000367705220202473 0.0629401154660153 0.0245800278956428 -0.308468260871838 2.42315688178497 374.326822972405 -333193.772532207 103.103104769279 136.307599535572 70.2212516283714 986870.982236617
147500 0.295 -2.33718783293286 0.0229635126828484 0.00468794131607938 0.0838078174664254 0.0214969958178272 -0.300886055988294 2.41279301344414 373.871660470634 -333191.566554521 103.127758538768 136.336204779311 70.2013363556464 987034.103124886
147600 0.2952 -2.34166790475178 -0.017591558430337 -0.028722292730413 0.0659690193016203 0.0297224220104292 -0.274196623984719 2.36998806915142 375.822687183382 -333208.816852554 103.110020428045 136.376744774493 70.1814210829214 986877.734378236
147700 0.2954 -2.34795927274323 -0.00722107171399727 0.0321935899288824 0.0918916710897317 0.00699433344596638 -0.292443999258612 2.41969372511343 373.799491182777 -333194.252365156 103.091340196398 136.456096945885 70.1615058101964 986992.907451865
147800 0.2956 -2.34676723767667 -0.0353836416114958 -0.0308310365434212 0.0794702303368641 0.020268180577681 -0.288960005858116 2.37143633183848 374.111958161712 -333199.824513341 103.105633309327 136.445273456877 70.1415905374714 986771.278035607
147900 0.2958 -2.31368050799612 0.0587306610357713 -0.04104644612827 0.0773481520822855 0.0211142999875022 -0.283345334585955 2.37943633858736 373.692713708962 -333199.841228546 103.143032638289 136.458717464119 70.1216752647464 986946.167315763
148000 0.296 -2.2907824186866 -0.0215781782726889 0.0043526699110654 0.0730950267440732 0.00729142450261961 -0.302352856633027 2.34504639131437 376.583806189911 -333221.945588479 103.071313330052 136.601188510694 70.1017599920214 987009.219643389
148100 0.2962 -2.24096966033342 -0.0102770638596607 0.0210388060956697 0.0662200481531872 0.0100019676140137 -0.286755319613719 2.30368562640747 373.674555912528 -333201.27788527 103.037343274281 136.712966486418 70.0818447192964 987210.769035818
148200 0.2964 -2.22650472040433 -0.0149936500888096 0.0283725922018757 0.0931540021067627 -0.00678648636995471 -0.271730083176707 2.28828530953404 373.986539417374 -333206.856990848 103.054419500825 136.742061336273 70.0619294465714 987303.864607545
148300 0.2966 -2.24434751379044 0.0271045479727319 -0.0471113907591923 0.0646444842273961 0.00114381878489069 -0.270731790280866 2.28666838155319 375.342893587596 -333219.328243356 103.099979004341 136.705997910418 70.0420141738464 987199.149966469
148400 0.2968 -2.22309644885724 -0.00698632846373047 0.0138779989428185 0.0801643844218635 0.0330758320580766 -0.307494607442774 2.29434889487124 373.731351617304 -333209.745980627 103.092734314441 136.766516122579 70.0220989011214 987285.974101613
148500 0.297 -2.18500841709581 0.029095014169024 -0.0229997789294767 0.0560690892102215 0.0312920856852061 -0.299661220972544 2.25197334928607 375.123504352621 -333222.227460881 103.103880319381 136.790094000402 70.0021836283964 987282.060647088
148600 0.2972 -2.21186166410315 -0.0110210884806686 -0.0285723774233335 0.0641133731670859 0.0558506801578935 -0.313315229383796 2.26308825863259 376.079254290063 -333233.809208368 103.080934489857 136.838667481983 69.9822683556714 987131.927327922
148700 0.2974 -2.17249636079031 0.0113825064419013 0.0130943983085724 0.0728512722401784 0.0552545542510593 -0.288522254864759 2.24674982971893 375.777946436295 -333236.383423798 103.082341302956 136.905214825816 69.9623530829464 987344.41316162
148800 0.2976 -2.14984231633319 -0.0198336454829084 -0.0486254431998089 0.0728833872534576 0.0447905287007662 -0.294262916684875 2.18132199776442 374.775235773481 -333235.785901342 103.080772058629 136.937675454181 69.9424378102213 987282.364457248
148900 0.2978 -2.13190950150788 0.0308547422804959 0.0240384078154588 0.0451193354972838 0.0373138133680112 -0.301367404129114 2.22387155076373 376.174635066261 -333250.088211997 103.097564701229 137.002607323849 69.9225225374963 987630.121204557
149000 0.298 -2.14522289545487 -0.00924069536032276 -0.0314001219002844 0.0781750152465268 0.0224075066022825 -0.28378685877426 2.18564043025685 375.060700321704 -333246.684039765 103.091213945005 137.012971258456 69.9026072647713 987362.691154793
149100 0.2982 -2.11404089884558 0.0328632520388421 -0.0158967447847698 0.0705954250184129 0.00434688801525085 -0.308913780568276 2.19275692466791 375.83564610469 -333256.21751959 103.087469957151 137.078661170383 69.8826919920463 987518.775266215
149200 0.2984 -2.14139973285267 -0.00656979647997619 0.000517034153602572 0.0509671421410113 0.0190159682803087 -0.301610963026298 2.203284717763 374.007009850425 -333248.169549684 103.055993491753 137.131941073627 69.8627767193213 987319.513638704
149300 0.2986 -2.0921613753047 0.0140644544372957 0.0282071124156494 0.0613518314294811 0.000609082980460668 -0.309811148715808 2.18298350667007 375.358725811627 -333263.701802379 103.059094669636 137.179539916238 69.8428614465963 987410.381482052
149400 0.2988 -2.12593120455823 -0.0220791173346754 -0.0490674741965612 0.088141410477561 0.0182343854839048 -0.284967590044439 2.15361701578959 374.076174293056 -333258.630033918 103.034533289593 137.206725362519 69.8229461738713 987089.148421378
149500 0.299 -2.06931117419261 0.0129220715835982 0.000255559874830458 0.0840336158503525 0.0275306689421225 -0.279543460936296 2.13714143125324 376.006046333188 -333280.020173705 103.014458307467 137.310631616195 69.8030309011463 987362.499475854
149600 0.2992 -2.09592058781164 -0.00157824991871259 -0.0175394313679081 0.0816892868320243 -0.0014765832946589 -0.265765258985846 2.14126502045583 375.707519085164 -333282.754316146 102.980209382205 137.383765400607 69.7831156284213 987278.186218643
149700 0.2994 -2.06365538777943 0.0199465777926542 0.0235811823938064 0.0641864451084122 0.0234534633435054 -0.274544680032346 2.14222260015505 374.822901802203 -333282.866642622 102.994865806236 137.450114709816 69.7632003556963 987613.637237602
149800 0.2996 -2.08146367578792 -0.0111091374670795 -0.0123713960022942 0.062888414561164 0.0182643639137821 -0.260752968090442 2.1214613206667 374.781209650951 -333286.577771921 102.988931461875 137.472104791129 69.7432850829713 987432.765681614
149900 0.2998 -2.00681114157153 0.0145104119905526 0.0119964146183772 0.0931267632889801 0.0162485862769854 -0.243201692990619 2.07000400198019 374.081810409175 -333283.233734164 102.986545324205 137.539002678581 69.7233698102463 987608.296878047
150000 0.3 -2.04045317618663 -0.0390261123804989 -0.0348869718105341 0.0817522543191285 0.0326283030436 -0.261776890644846 2.05981483278043 374.66372509264 -333294.963705574 102.957686603065 137.588644225556 69.7034545375213 987405.789625409
150100 0.3002 -2.02147095973013 0.0127675448194093 0.0156451908831444 0.0870810377031344 0.00894586706238416 -0.261770163188258 2.09106400061447 374.271106000001 -333295.697831003 102.962701443197 137.656147292666 69.6835392647963 987656.075659881
150200 0.3004 -2.04474453667012 -0.00659233825145409 -0.0578344316937745 0.0955415498835656 0.0417715152334187 -0.270026864367614 2.0745152722542 376.591092633662 -333317.617443145 102.957115829235 137.655177346184 69.6636239920713 987313.286801331
150300 0.3006 -1.99406560416844 0.0344494262039876 0.00581215013267738 0.069867829002095 0.050743081803679 -0.281739359886617 2.0780044512602 373.755172128151 -333300.224685089 102.984766280321 137.731204709547 69.6437087193463 987841.402398851
150400 0.3008 -2.0196215102247 -0.0146765708389196 -0.0301654493779534 0.0851614297475878 0.00986549784767129 -0.26262995638625 2.05376791292276 373.999908338075 -333304.108443777 102.975569325759 137.744329300983 69.6237934466212 987564.824291293
150500 0.301 -1.99968155249865 0.0147340583551337 0.0138476205138603 0.0872423612012145 0.00583357354013834 -0.26439232472282 2.07092517233714 375.24105566827 -333317.668486605 103.016636583388 137.761937595431 69.6038781738962 987802.331793934
150600 0.3012 -2.03758452226811 -0.0185557577448551 -0.0112529389143616 0.0711542105648886 0.0186040539363301 -0.243962241455931 2.07027894441705 373.639038186756 -333308.848403784 103.004356011314 137.769923543017 69.5839629011712 987459.215856556
150700 0.3014 -2.03814647087265 0.0111944588748205 0.0462427651024084 0.0709918944302114 -0.00850524386805244 -0.249606947413866 2.11544321784209 374.431314166942 -333317.956103182 103.002344329401 137.82836059655 69.5640476284462 987576.037224854
150800 0.3016 -2.09381570964017 0.00694154487249476 -0.0789338564204916 0.0945712500421205 -0.0283300124159496 -0.247514814334942 2.11025636770612 375.932371354061 -333334.407112017 103.0093003822 137.790500067841 69.5441323557212 987088.76083577
150900 0.3018 -2.02236440683986 0.00517979783979258 0.0393601676776267 0.0725504924417898 0.0221764811767636 -0.24743807718487 2.09340605887306 373.598140982917 -333322.783025852 103.006626435182 137.902583482558 69.5242170829962 987583.153891311
151000 0.302 -2.06728517613051 -0.0510445157190597 -0.045551762668811 0.0853461574202854 0.0350590042646335 -0.22617294811252 2.0628458962179 375.699127140474 -333340.687062985 102.996308542477 137.877765100771 69.5043018102712 987023.697645974
151100 0.3022 -2.02995608689922 0.0365880351075223 0.0165074854704087 0.0971727811968549 0.0214497649829725 -0.205842332018058 2.0943570892465 374.993553623323 -333340.687494478 103.024385636851 137.925837464184 69.4843865375462 987354.00143702
151200 0.3024 -2.04382876861582 -0.0377929512067671 0.00984176849745919 0.0614950677370914 0.0210478631757747 -0.225996706053615 2.07072528894352 375.078445987313 -333348.394693095 102.986051075907 137.978460957885 69.4644712648212 987080.191276916
151300 0.3026 -2.03213883442387 0.0245823242079087 0.00660203811838067 0.0917961216258712 0.00239359967008107 -0.233216991646166 2.09330170964082 373.679083996736 -333341.39053613 103.038853876207 137.988193189838 69.4445559920962 987372.785634716
151400 0.3028 -2.0416183196863 -0.0358447935110416 -0.0155843526996429 0.0498869323298617 0.0240130986578059 -0.211440932928014 2.05121758687401 373.357447767126 -333343.332691229 103.05095761333 137.991536844244 69.4246407193712 987229.499967144
151500 0.303 -1.99425194473033 0.00669818359067175 0.0134040320864471 0.0450184860099249 0.0269844408348845 -0.228647484720541 2.04508384718976 373.589520947228 -333350.276670167 103.086857634731 138.018982500266 69.4047254466462 987486.491459208
151600 0.3032 -2.00839899381592 -0.00333409540508464 -0.0128959818231373 0.0579616835050287 0.0173544995431751 -0.237701877024285 2.04491888028393 375.571335763126 -333370.452199399 103.095313470499 138.013817043978 69.3848101739212 987247.164938697
151700 0.3034 -1.9858293961637 -0.0106141107926591 0.0315518056585957 0.0607828658918389 0.0157892900523661 -0.232718468594771 2.0398150364786 375.822294311519 -333381.007901598 103.096324582402 138.057895676539 69.3648949011962 987288.696638327
151800 0.3036 -1.97760943393486 0.0114370386818446 -0.0047773565173666 0.0513010813939872 0.0499686196811822 -0.225185596544205 2.02282704195194 375.390429150778 -333384.92455825 103.125321012954 138.04954625961 69.3449796284712 987223.129670955
151900 0.3038 -1.98633657219075 -0.000482963678442394 -0.0110370329369455 0.0504596330449313 0.0160305737032471 -0.225699893526208 2.02089037151743 376.594530793044 -333401.174312341 103.131939635387 138.058106243215 69.3250643557462 987064.15066909
152000 0.304 -1.96013528939366 0.0165804016395555 -0.00411250626067545 0.0668221744098906 0.0110153202646062 -0.241855059215218 2.01399363298372 375.723055318827 -333402.252062901 103.140140021845 138.114536414584 69.3051490830211 987262.426375783
152100 0.3042 -1.97500102530827 -0.0178927627953466 0.00115649089137085 0.0600224429532106 0.0124909268851762 -0.237783560571033 2.01216706384396 375.003841576455 -333405.323851426 103.135343004475 138.16231538977 69.2852338102961 987274.243103308
152200 0.3044 -1.97601418304744 -0.0213620284875699 -0.0328215538356846 0.066844741554743 -0.00992572721012643 -0.244036379609442 1.99768827960119 374.862590385607 -333411.981079052 103.138634068926 138.186501277455 69.2653185375711 987194.739374248
152300 0.3046 -1.96161251880194 0.0144547258642696 -0.00225145764569822 0.0597234999132634 0.0149472167567079 -0.265992524303989 2.02379231299596 375.757351005098 -333425.823334958 103.171259088649 138.212059868283 69.2454032648461 987405.67526969
152400 0.3048 -1.976230342789 -0.022282648031087 -0.00785562609222986 0.0606595996246576 -0.00058351533785648 -0.233600607574608 2.00525731346365 374.878731073338 -333426.809245783 103.184424952529 138.219826625854 69.2254879921211 987303.139399833
152500 0.305 -1.99856053264288 -0.023055518069757 -0.0506934788333207 0.0807245480390696 -0.00153304759026058 -0.238852143684919 2.00984885941691 375.393957132018 -333438.11029349 103.190406912288 138.210058568485 69.2055727193961 987006.568924829
152600 0.3052 -1.96785695148648 0.0321017538976553 -0.0168537848253041 0.0667226635044722 0.00993419975544683 -0.245484764117483 2.02454007785938 375.174672157803 -333443.492634435 103.209317165492 138.259946519398 69.1856574466711 987259.591131365
152700 0.3054 -2.00933139276955 -0.0129976123130093 0.00951661781111962 0.0734315424806326 -0.00441650653413794 -0.26017248869313 2.06157843270375 375.051222991399 -333450.803580261 103.160674976237 138.323207310356 69.1657421739461 986961.625248681
152800 0.3056 -1.95946385803454 -0.0154614754383923 0.0016934447575005 0.0944976968996359 -0.0152327350029503 -0.256238624771655 2.00929067380509 375.474387417033 -333461.02660965 103.148765623366 138.398179966616 69.1458269012211 987098.265256636
152900 0.3058 -1.9561129881326 -0.0176984453892712 -0.00256259335231649 0.0880091870902424 -0.0129862269496277 -0.249599315056922 1.99941536974677 375.005337968901 -333463.697439799 103.171069902875 138.406628254073 69.1259116284961 987087.597028489
153000 0.306 -1.96635882459741 0.0407688400995235 -0.0192455352407419 0.0859222011602693 -0.0219431876567871 -0.249415875402591 2.03025217540411 376.237103822995 -333478.855830242 103.21588873857 138.377426298907 69.1059963557711 987023.602887329
153100 0.3062 -1.9913352917594 -0.0117627587373371 -0.0269622369159474 0.0965388556179181 -0.0314861663094935 -0.23567127407763 2.02148613755534 375.170851285917 -333480.028153512 103.194690917656 138.435267198378 69.0860810830461 986948.873945591
153200 0.3064 -2.02968394760109 -0.0222157934754251 0.0231060277550714 0.0921331064809888 -0.00118136949309268 -0.216663322176869 2.0710536619018 374.982788787136 -333485.536838871 103.165433759692 138.518359999064 69.0661658103211 986976.691538018
153300 0.3066 -2.05699224634454 -0.0236906598717836 0.0252709736300169 0.0987378099453271 -0.0393008146046633 -0.226199856879611 2.10324668152943 375.65836360676 -333498.138533038 103.203449927422 138.501864844098 69.0462505375961 986938.148041644
153400 0.3068 -2.00621708007992 0.0365139004297132 -0.04027043184024 0.124094163697524 -0.0369083138392266 -0.228526176111193 2.05639328749565 375.326979001556 -333502.602541812 103.268023148287 138.474155137379 69.0263352648711 987073.298843843
153500 0.307 -2.00655246953669 -0.00149493933000163 0.0165460853718579 0.109716433111883 -0.014333233249315 -0.252494126529998 2.06996225425705 375.685911156051 -333510.499598702 103.247032762147 138.523616927041 69.006419992146 986940.336354791
153600 0.3072 -2.04741438497111 0.00167082856890226 -0.020925603017422 0.0972021161400333 0.00855644679661813 -0.253111647749297 2.09134399571118 375.591770749165 -333518.234027703 103.217827093542 138.556957734739 68.986504719421 986613.815914534
153700 0.3074 -2.01296453402265 -0.0153219007581204 0.0279508908317932 0.126415625034987 -0.00120780525930813 -0.259024226209948 2.0804134095172 374.118853417861 -333514.764663664 103.206038018397 138.640126527076 68.966589446696 986808.318836004
153800 0.3076 -2.0297614540151 -0.0279403833618364 -0.00829180321039501 0.120245386445805 0.000788445896447432 -0.259381770142346 2.07176785360734 376.756416518837 -333540.428098708 103.219375011946 138.624754201515 68.946674173971 986541.447328115
153900 0.3078 -2.02628119839824 0.0246298742304194 -0.0142517565504651 0.132076633126073 -0.00251527209008901 -0.26745240153695 2.09641343585923 377.176198789107 -333552.710690656 103.266848190738 138.600123926317 68.926758901246 986534.773964842
154000 0.308 -2.03992145068635 0.0141078598967655 -0.0051480069169748 0.137283851885431 0.0129662534497485 -0.269529184620756 2.11064870728012 374.194881055718 -333539.979411333 103.260953208145 138.650487348933 68.906843628521 986551.78588622
154100 0.3082 -2.01907111711434 -0.0244982527576343 0.00867987314490724 0.124497225890004 0.0272535549449912 -0.250294248556061 2.06936378338778 375.539205634163 -333555.205480929 103.254336156924 138.70082072842 68.886928355796 986561.469480865
154200 0.3084 -2.05047304224004 0.0226171377616172 -0.0051366797328437 0.106011112022454 0.00379565284691125 -0.292193061524234 2.12857361781699 376.159643900631 -333566.033171772 103.296216101449 138.676124809716 68.867013083071 986500.607785567
154300 0.3086 -2.08228656571763 -0.0109978732706699 -0.0261104034486378 0.135371827266597 0.0507949972379237 -0.264867694668295 2.12893036529557 377.08484232781 -333580.694267371 103.30208052212 138.662141853542 68.847097810346 986171.869894858
154400 0.3088 -2.06028591944834 0.0342229089905513 0.00201117794102176 0.10170117115908 0.0470987827426749 -0.275621184818101 2.14152339613128 376.166551556516 -333579.526534106 103.301795463069 138.732354491515 68.827182537621 986383.091113078
154500 0.309 -2.10434130243748 -0.00492184741851013 0.0065856625027043 0.094182812729863 0.0535916743263268 -0.267199526955581 2.16362375010824 374.700164750533 -333575.234379878 103.256730417095 138.795789997271 68.807267264896 986118.195119125
154600 0.3092 -2.11764863855721 -0.00759089591955827 -0.0192485610429406 0.119380595168141 0.0516257450587185 -0.252957396267332 2.16115580118887 375.485677236564 -333587.414666331 103.25468140766 138.827435746698 68.787351992171 986037.98231477
154700 0.3094 -2.11920921007782 -0.00718634193654909 0.0110572052168562 0.139041573633487 0.0500826495850754 -0.262668853600068 2.18449341593582 375.521091927496 -333592.80087124 103.273471523397 138.863375288295 68.767436719446 986187.12810096
154800 0.3096 -2.12750765623546 0.0290656568985933 0.0152145782579585 0.114568154202409 0.0664337110809241 -0.287601631054449 2.21853362270634 373.080526819964 -333578.795293387 103.302526084949 138.865882300155 68.747521446721 986196.699134062
154900 0.3098 -2.13579047964964 -0.00611886793756525 -0.0467541590405058 0.121483396705747 0.0450557772808299 -0.278149402604928 2.17556396399941 374.420127160489 -333591.641964947 103.336140545953 138.851513250476 68.727606173996 986129.774704829
155000 0.31 -2.11250358418356 0.011594337436316 0.021171526878167 0.146732203604887 0.0315497054561041 -0.276911451069212 2.19769051894096 373.524599439456 -333587.812090039 103.3411730371 138.905746190533 68.707690901271 986277.105573665
155100 0.3102 -2.13311245895682 -0.0236910634138388 -0.0223215498617744 0.14660233979928 0.0392223089906739 -0.278107022754137 2.18029168592579 372.971524585323 -333584.99571578 103.329610142055 138.936192207316 68.6877756285459 986096.995132786
155200 0.3104 -2.13140575721685 0.00410608064860719 -0.00168564921543119 0.118920706056324 0.0456286878487002 -0.261677279733082 2.19138617700045 373.146011898149 -333588.009781655 103.349807259741 138.950723981336 68.6678603558209 986106.905898538
155300 0.3106 -2.09654444676613 -0.0181478282602575 -0.0026879423439071 0.143998572584049 -0.000179374136424496 -0.268738648920382 2.151969222367 374.555648261132 -333602.017052565 103.360661170221 138.985899571444 68.6479450830959 986174.032307051
155400 0.3108 -2.14446178018317 0.0261038075649994 0.0091684884424612 0.126594585624137 -0.0164443439825459 -0.289764460123093 2.23061935313307 375.528046508013 -333609.467622391 103.372892907292 139.001434983647 68.6280298103709 986114.818840481
155500 0.311 -2.14818610544597 -0.0163785675535422 -0.0215211830348882 0.133584170162538 0.0230918836223952 -0.263265428599125 2.19014308052454 373.230319859482 -333595.456860386 103.357323552012 139.037815658895 68.6081145376459 985938.158416862
155600 0.3112 -2.1228206924145 0.0186099748960792 0.0140216220412891 0.12716890673594 -0.0105197760047664 -0.270198897467703 2.20086138557738 373.756630634638 -333602.43771735 103.352789214051 139.104611899246 68.5881992649209 986082.22738372
155700 0.3114 -2.15869644794627 -0.0287197092514429 -0.0165328349902856 0.120231611632085 -0.00133846863301173 -0.287113307709612 2.2030845730867 375.219130009256 -333615.653972786 103.357286105351 139.121732418896 68.5682839921959 985960.134257744
155800 0.3116 -2.12398794116099 0.050148254046665 -0.00597317452206262 0.137706182586856 0.0099043885017269 -0.289260409656716 2.21725059557227 375.228547019141 -333616.405828531 103.389985314781 139.141532417615 68.5483687194709 986125.93275069
155900 0.3118 -2.20117454693215 -0.0124901416442206 -0.00174938336822331 0.117233686528979 0.017233453403461 -0.285760630977595 2.25855319223366 375.056472943729 -333619.535601841 103.372441289164 139.172760753369 68.5284534467459 985893.369896746
156000 0.312 -2.17090999371644 0.0361951470157233 0.00824225686788078 0.139564774755429 -0.00788883224630192 -0.306210507419009 2.26943072232047 372.989099386649 -333607.207249401 103.408764708923 139.196858354282 68.5085381740209 986123.899376392
156100 0.3122 -2.21191093017504 -0.0378071339204425 -0.020112905976787 0.13068929484717 0.0158802313510047 -0.27597526543313 2.246328594114 374.599490405603 -333623.367493537 103.387629012718 139.215861504048 68.4886229012959 985770.299335331
156200 0.3124 -2.17911719808642 0.0529477545916669 0.0286952191417296 0.134351019510535 0.00515110656764198 -0.268513253816388 2.2801528890648 373.227825683161 -333614.60014779 103.430579479945 139.262622989118 68.4687076285709 986224.209253055
156300 0.3126 -2.19591042985863 -0.0189035076958642 -0.0547656039506039 0.143023132489616 0.0226121207030224 -0.259226102814752 2.21970008959175 374.47337250654 -333626.073832377 103.417086652084 139.258819560131 68.4487923558459 985781.807302617
156400 0.3128 -2.16392243007551 0.0156997215836292 0.00636037894787309 0.113312822671636 0.0171224686151762 -0.316199193762053 2.25162794968006 375.368151624741 -333635.75962152 103.428555116787 139.315197014311 68.4288770831209 986003.290843559
156500 0.313 -2.19107088415525 -0.0474388753973423 -0.0355873756318231 0.147309861923242 0.0209744326964771 -0.335255707694499 2.24149803404618 374.048971995411 -333631.749606541 103.437407747508 139.297513849264 68.4089618103959 985675.570601565
156600 0.3132 -2.18832751037546 0.0529972302121966 0.00635342431487866 0.147022600535257 0.0240262089585641 -0.301527337777778 2.29357869690215 375.622191848839 -333647.369243604 103.49145731793 139.305584519692 68.3890465376709 985960.640698893
156700 0.3134 -2.29870967128007 -0.0477036106529305 -0.0255401371612716 0.165565374446839 0.016325409600542 -0.283077225045471 2.33256146764731 374.758822391522 -333646.37418447 103.46877339097 139.311463745721 68.3691312649459 985499.067207184
156800 0.3136 -2.1812275128563 0.0297504137021027 0.0265018139312589 0.144520174530248 0.0304346964471396 -0.307210830320608 2.28688082337591 374.114039927424 -333644.732462193 103.523151208007 139.356378381021 68.3492159922208 986047.580729063
156900 0.3138 -2.25804508158882 -0.0251556165046076 -0.0452109383057568 0.125943326832911 0.0224420853988856 -0.303884233972687 2.2951142132216 374.670199056931 -333651.843241721 103.505407807619 139.336735545232 68.3293007194958 985452.392955345
157000 0.314 -2.20678564210381 0.00589805033165327 0.0323826880805134 0.125853169910632 0.0023083514036917 -0.293389232826333 2.29369515351475 375.06123313013 -333658.7700552 103.509237537538 139.411832751744 68.3093854467708 985732.610427445
157100 0.3142 -2.23884111014616 -0.0303876063799091 -0.0120149954833876 0.143889117091104 0.0332416162743875 -0.301818576488428 2.29279089682994 374.384587480306 -333656.157194343 103.507957401616 139.424117888709 68.2894701740458 985519.875006154
157200 0.3144 -2.22980657534638 -0.00147198790917871 -0.0115180186824614 0.138888785157065 0.0641464193947048 -0.309629919650484 2.30239368336166 373.630627963583 -333653.009161064 103.529483653172 139.453471395622 68.2695549013208 985644.831588665
157300 0.3146 -2.23867023347532 -0.0324330976885238 0.00293236262661853 0.123309463793141 0.0562461659037482 -0.299005233866086 2.29566473199744 373.894579150076 -333656.376031875 103.523645329513 139.477155392043 68.2496396285958 985469.074936254
157400 0.3148 -2.27712515514371 -0.00882663304329098 -0.00945797709236275 0.134697401547124 0.0706476734505261 -0.302551555171411 2.3425973382204 374.075503318342 -333661.241363681 103.544268133562 139.476467934125 68.2297243558708 985372.914571558
157500 0.315 -2.27569012683008 0.00722616704839087 -0.0131814144960746 0.121180538457823 0.0675527893027896 -0.313907678949445 2.34923240086089 374.79065741358 -333669.119782309 103.580015873736 139.460492581858 68.2098090831458 985312.521758749
157600 0.3152 -2.26067655664141 -0.00180206584184893 0.0119275375560853 0.145828151423744 0.0412001894160469 -0.323639430436109 2.34879400479153 374.104600409473 -333667.145435793 103.603437872402 139.501074756485 68.1898938104208 985534.278894576
157700 0.3154 -2.24315582418601 -0.0151993185773767 -0.0272435225041868 0.118773624264508 0.0527520022967792 -0.332499170367374 2.30639073637256 374.442554081759 -333673.941381051 103.597546852255 139.537776871238 68.1699785376958 985449.624521219
157800 0.3156 -2.29081669168651 -0.020207861403682 -0.0112885081495458 0.141265851134152 0.0613246073594909 -0.31591633827095 2.35511274042943 373.315948844234 -333667.24808237 103.579501406396 139.611590347962 68.1500632649708 985511.176184285
157900 0.3158 -2.30349195166781 -0.0306765073135981 -0.0234576311023787 0.142849647388569 0.028103875677369 -0.324496694932025 2.35831108919908 373.944768970927 -333673.779845045 103.563378993534 139.654114129782 68.1301479922458 985369.86974775
158000 0.316 -2.25312554009932 0.0205578439471906 0.031259024857705 0.140716121565298 0.0472873739291932 -0.329487078244311 2.36344627935191 374.980237836292 -333682.841926949 103.593134375101 139.687499727945 68.1102327195208 985600.424087763
158100 0.3162 -2.33956720074725 -0.0121079529881141 0.0027081864090325 0.166938951935935 0.0417205038573732 -0.321005443955413 2.41862174721801 374.455721501061 -333679.315943714 103.597424964218 139.703856145926 68.0903174467958 985468.424064267
158200 0.3164 -2.31228021092902 0.027965543488293 -0.0117522308798347 0.160292939455118 0.0360861779517457 -0.334777079062109 2.40885730873793 373.179891014771 -333669.389691501 103.61028287818 139.753549705088 68.0704021740708 985652.944415362
158300 0.3166 -2.30932567329316 -0.0310797479752179 0.0222499308419112 0.174724083571928 0.0147169147687863 -0.3426455264797 2.39983329080687 373.96327539101 -333675.350446155 103.609166277029 139.772641145849 68.0504869013458 985488.561100419
158400 0.3168 -2.33324279710835 0.0202072236582396 -0.0316434260709951 0.132360606854699 0.0343531037629657 -0.298571135791628 2.39643905509415 372.625458889361 -333664.303321653 103.647209623568 139.767522791349 68.0305716286207 985525.810183749
158500 0.317 -2.35495264699876 -0.0270996957539613 -0.0129794059833082 0.161349078441019 0.0119709947327949 -0.323117953850314 2.41737767616163 375.137495723196 -333683.118182749 103.590832141372 139.849587342086 68.0106563558957 985279.56873063
158600 0.3172 -2.30620987366365 -0.00525533449998235 0.0313444817010747 0.164617056159226 -0.00342400204741448 -0.337878353256367 2.40909997566883 374.25944862031 -333675.995593238 103.580667461052 139.931053857557 67.9907410831707 985468.132934921
158700 0.3174 -2.37240452952527 0.00190811005959186 -0.0202729450048124 0.141360214018279 0.0346337766989116 -0.345784591631774 2.45100700274693 372.979217249355 -333665.703416974 103.608701872501 139.889267420356 67.9708258104457 985151.844149889
158800 0.3176 -2.35924998572776 0.00477636966856379 0.0250295579743668 0.15430148389475 0.0243588028717102 -0.319097230499005 2.45266913723509 373.46620313138 -333669.353717416 103.650565345269 139.898995264199 67.9509105377207 985329.649479934
158900 0.3178 -2.34361477123581 -0.0108392871195627 -0.0101883468525797 0.120408000075793 0.0102694331196302 -0.362455591335923 2.42513776738602 373.285237031412 -333669.667725807 103.668639363674 139.899148460779 67.9309952649957 985213.710772497
159000 0.318 -2.36027655566186 0.0321181440127306 -0.0291900978203523 0.157426790700918 0.0158532309201497 -0.356742445717967 2.45713993548463 373.039261256653 -333668.170234914 103.672775031963 139.960685651383 67.9110799922707 985397.422694774
159100 0.3182 -2.35816728172084 -0.00486786585858592 0.00373051684087106 0.130128830765052 0.0427727116410574 -0.36955958771312 2.45445280273444 374.322108369219 -333676.727722994 103.615844013168 140.074175937505 67.8911647195457 985365.844758095
159200 0.3184 -2.37658455901203 -0.00760603660482011 0.0498159871751335 0.130978532778231 0.0281014157414315 -0.381754291269773 2.49848599816857 372.87807503916 -333668.556323382 103.605657013511 140.134674216474 67.8712494468207 985405.363045633
159300 0.3186 -2.38042024102982 0.0305924111029326 -0.030774671270978 0.13261423326098 0.031485428266829 -0.370694387216392 2.47725002832297 375.51136668637 -333687.484407472 103.632533064483 140.107689061063 67.8513341740957 985182.015525579
159400 0.3188 -2.39333343520375 -0.0105851878983751 -0.00506257739569064 0.136438596213554 0.0186049055420606 -0.373160638243227 2.4830042659453 374.233941247886 -333678.735519503 103.624664205451 140.152450227769 67.8314189013707 985132.694744278
159500 0.319 -2.41856838801473 -0.00545967285147318 0.00667660265718352 0.13249165491581 0.0101812758448752 -0.385540208570523 2.52020315864692 372.859868273686 -333669.677794298 103.608800087178 140.199649820509 67.8115036286457 985024.306619537
159600 0.3192 -2.39497540706085 0.00682946381062482 -0.00064356370393834 0.122147139133755 0.0170762349512339 -0.351629885596842 2.48341277751567 374.091745476389 -333677.896348914 103.631393666355 140.235275244796 67.7915883559207 985200.037055921
159700 0.3194 -2.43721519046202 -0.0144269771690401 -0.02904795848104 0.12064862881608 0.0104151291713768 -0.352541251244828 2.50030851286732 375.38097442808 -333690.661424464 103.631723894913 140.225888603426 67.7716730831957 984847.826169242
159800 0.3196 -2.38267821833226 0.0234874594778238 0.00366636011305538 0.102844028155755 0.00897617751868305 -0.38183252676858 2.49232701089347 374.275563345238 -333681.491096458 103.666516732694 140.264763432964 67.7517578104707 985162.012327136
159900 0.3198 -2.39487396096624 0.0113068501564667 -0.0224595128305045 0.112166857241389 0.0123295646884532 -0.365375612623232 2.47957588498309 374.520634612903 -333685.001061506 103.656886498805 140.317362714991 67.7318425377457 985150.230972927
160000 0.32 -2.40806829971776 -0.0088006371218157 -0.0120932432140195 0.112394784548915 -0.0147922518085948 -0.398610608647067 2.50276282568102 374.242045184868 -333682.974152056 103.614053219599 140.412486904331 67.7119272650206 985120.98279006
160100 0.3202 -2.40189040437293 -0.015652089909324 0.0398878680444463 0.104313566163467 -0.023878232226248 -0.386186290086402 2.51227458255038 373.652505414334 -333677.344202581 103.603984185092 140.483297495889 67.6920119922956 985232.14328744
160200 0.3204 -2.3758947562729 -0.00941443646681923 -0.0241214776426805 0.111026586884636 -0.0125332474306618 -0.380253045354041 2.45700438928112 372.563436902083 -333668.66022031 103.61672182864 140.506491954186 67.6720967195706 985226.016728438
160300 0.3206 -2.34428887745597 0.0108031039346763 0.00196990392471433 0.113623464149393 -0.0192038376053596 -0.388183340308197 2.45308569392718 375.051953606091 -333684.049450189 103.645532843428 140.551335411104 67.6521814468456 985524.374385284
160400 0.3208 -2.39656123384572 0.024760623122777 -0.0147326393316769 0.114960474737351 -0.0359928306849199 -0.372290473405775 2.49560977054355 373.677053214895 -333673.745039944 103.660669425472 140.548027946593 67.6322661741206 985354.95570062
160500 0.321 -2.41087537131393 -0.0163903910106733 -0.0116214033456248 0.109894810144803 -0.0114233706642199 -0.36756254938022 2.4873538358423 373.243561311449 -333670.196914545 103.652722071551 140.606347695346 67.6123509013956 985397.998797359
160600 0.3212 -2.3351329726374 -0.0338291234937473 0.00656489880512904 0.124643061360948 -0.0389485155383668 -0.352079982150773 2.41114694335243 373.138266302711 -333669.462031374 103.640304445568 140.677786522322 67.5924356286706 985490.183284288
160700 0.3214 -2.33742069461391 0.0534639902351356 0.00626372421225594 0.142107487875883 -0.0579253083080607 -0.355997091164306 2.46100761342072 373.602094565489 -333670.344268962 103.674099725642 140.693709930004 67.5725203559456 985632.6289107
160800 0.3216 -2.36453336258373 -0.0169985217907254 -0.026017755476598 0.11130828633576 -0.0323008210099594 -0.337345286309032 2.42312450557498 373.387044726088 -333668.599507552 103.659699285875 140.715076016381 67.5526050832206 985354.889501143
160900 0.3218 -2.37130671300014 -0.0329208643504437 0.0137983678311549 0.1207633030191 -0.0198424004682573 -0.368767663739925 2.45609037156859 374.086353936467 -333673.143092397 103.66411467436 140.749838780936 67.5326898104956 985349.718836276
161000 0.322 -2.40507336760483 0.00388464272205068 -0.033461868961017 0.108941655526605 -0.0419755239195013 -0.365578712604398 2.48119756389053 373.190553451516 -333665.651303709 103.700866972029 140.710242665556 67.5127745377706 985131.15871784
161100 0.3222 -2.38329938670684 0.0325551500217106 -0.0127623919460229 0.0969331430049209 -0.0491029966649495 -0.392037127186428 2.49508055494135 372.881087246108 -333662.679000713 103.732672624106 140.738294147733 67.4928592650456 985339.010266102
161200 0.3224 -2.3800958157117 -0.0141797618256816 0.00315841823731928 0.114469083489187 -0.0322240295586567 -0.373845156029359 2.46993630375504 373.10133759425 -333663.872567862 103.74225419296 140.75505701584 67.4729439923206 985256.587507654
161300 0.3226 -2.35731801874292 0.00743422984110336 -0.0259741876887858 0.0955995246877687 -0.0421910079266933 -0.393638829839428 2.45189300846364 374.703484906469 -333677.225715853 103.780664871326 140.756726367548 67.4530287195956 985342.150387082
161400 0.3228 -2.37956670401195 0.0464758069115616 0.0369321853982582 0.0996404684490403 -0.031948662879391 -0.367692566133565 2.51019130817303 374.695131846308 -333677.0212148 103.799003159149 140.804386519205 67.4331134468706 985558.889160092
161500 0.323 -2.38945636487273 -0.0450457238814376 -0.0178758680418807 0.114982976974657 -0.00439367789438831 -0.369340076102067 2.45145960551004 374.362065070708 -333674.759178171 103.771045254529 140.841362134679 67.4131981741456 985261.106204738
161600 0.3232 -2.3462452999414 0.0331010065838059 0.0166191176954561 0.0745626870378964 -0.0310541249710006 -0.427226306942473 2.48786719672586 374.666674829706 -333676.669532468 103.793683490735 140.885425925238 67.3932829014206 985493.142239078
161700 0.3234 -2.39460110155139 -0.0451195722718767 -0.0251786726791939 0.0948785009513138 -0.0453311802917239 -0.417348770794688 2.47447416599409 373.892050555538 -333671.730636366 103.812430132149 140.861811189465 67.3733676286955 985214.696566693
161800 0.3236 -2.32329560262091 0.0263558954874083 0.00166441692112021 0.0647303128184068 -0.0340356996337279 -0.417388076644657 2.4499263679526 374.3669398876 -333675.409211855 103.859693663057 140.884630598666 67.3534523559705 985531.514363233
161900 0.3238 -2.39467945536094 0.00103332514010804 -0.0202320341476332 0.0636685712846991 -0.0441390717345765 -0.419869716851297 2.49716315453948 374.387436696944 -333673.299550797 103.833206786301 140.929352100775 67.3335370832455 985301.516470891
162000 0.324 -2.40394930604318 0.00510269705531912 -0.0257681895901201 0.0727661957240493 -0.014770102708189 -0.439025214733155 2.51493213367707 373.638567066252 -333667.945085041 103.81023265623 141.002655279862 67.3136218105205 985304.381170897
162100 0.3242 -2.37203797497941 -0.00195965028548259 0.0259516172540039 0.0857011074723563 0.011013429380456 -0.417672410703065 2.49598694880068 372.975019944485 -333662.231830483 103.781113310515 141.102699357892 67.2937065377955 985435.258839549
162200 0.3244 -2.34781786982173 -0.0229619915859982 0.0488691563848167 0.0764730439336637 -0.000536432587066911 -0.416978605642379 2.47310944972154 372.994001174939 -333661.794131533 103.790806491889 141.115870165634 67.2737912650705 985327.600181104
162300 0.3246 -2.4112877911487 0.0270853747817824 -0.0163543560105496 0.0748814933725724 -0.0186998695436535 -0.429573329903731 2.53240971002869 374.55682854249 -333674.592240896 103.838984003558 141.060706467151 67.2538759923455 985107.903736785
162400 0.3248 -2.42213694144524 -0.0147922473216962 -0.0193056377977554 0.026630760526578 -0.0185322263049984 -0.431665816025698 2.51925139933133 374.266678134037 -333671.464415808 103.824182892953 141.120099813775 67.2339607196205 985090.413921666
162500 0.325 -2.39833721271402 -0.00459328833529931 0.0219478383063993 0.0639034319597304 -0.020505442474344 -0.446385273136006 2.53091660651397 375.060314222713 -333677.612096288 103.829475328124 141.181557188922 67.2140454468955 985277.720495716
162600 0.3252 -2.40892088858749 -0.00186750475587196 -0.0137289811374943 0.0748425988573888 -0.0227253710625928 -0.464088574080651 2.53574124575699 374.938363127917 -333679.220000186 103.825782061692 141.215479303421 67.1941301741705 985187.406977676
162700 0.3254 -2.37887936133763 -0.00184309100049952 0.00949646926469933 0.0525537395829574 -0.0164516056879828 -0.444495934845231 2.50583561373621 374.671948525239 -333678.263917968 103.816998391574 141.302733724282 67.1742149014455 985420.587937229
162800 0.3256 -2.4074360140356 0.0225088239831162 -0.0168790412255877 0.0596151008126013 -0.0239274393494111 -0.449479951261636 2.53553724239059 374.635333813432 -333680.725609178 103.827624518859 141.331387384568 67.1542996287205 985429.057404994
162900 0.3258 -2.38023199933364 0.0239396943340944 -0.000645916065063817 0.0630502358814343 0.00518074578802517 -0.443860993547871 2.51487220712574 373.044222742559 -333671.046711489 103.834457435113 141.397152074429 67.1343843559955 985660.087305891
163000 0.326 -2.37631440957418 -0.00118492109175176 0.0177341779625799 0.0700046082747351 -0.00124544113731533 -0.461184172337713 2.51779912637639 374.804592865096 -333687.790457972 103.818620061302 141.44945029403 67.1144690832705 985581.799859692
163100 0.3262 -2.33877348737998 -0.0126487243707739 0.00322950118192348 0.0652223520466009 -0.0142078792162088 -0.445588184638667 2.46110893963794 374.686844948161 -333687.505908037 103.833906010274 141.48460778896 67.0945538105455 985679.344817922
163200 0.3264 -2.34859512452043 0.0256049972400438 0.000367582862081602 0.0474558906049214 0.00664977952792144 -0.467290018001148 2.49790175929639 374.097603341223 -333682.234380696 103.850463565813 141.50892608653 67.0746385378205 985713.297980478
163300 0.3266 -2.38031604666032 -0.0219251205097929 0.00299575188131151 0.0631192124497917 0.00465654558231902 -0.448863645522107 2.49756978716394 373.11809601122 -333675.143518752 103.826296974951 141.532252422915 67.0547232650955 985353.713773138
163400 0.3268 -2.36658977185293 0.0179971101577209 -0.00494313405851468 0.0557856506489899 0.0169556677344947 -0.450721901495855 2.50034540517063 373.96925738167 -333680.184034748 103.857343082898 141.550171918444 67.0348079923704 985480.37263923
163500 0.327 -2.36252355567767 0.00754648711094107 0.0172483143821712 0.0643868766691436 0.0058120911766451 -0.43269910810121 2.49289872411219 373.086101382098 -333672.565525013 103.868617527933 141.578823129249 67.0148927196454 985493.980515505
163600 0.3272 -2.34738263026335 0.00496298583122232 0.00117573488405754 0.0640904489258581 -0.00418342702449741 -0.425113620727047 2.46559837551963 375.957250594304 -333692.866977195 103.839533821603 141.644513966168 66.9949774469204 985382.246789545
163700 0.3274 -2.35160769735762 -0.0214050081307737 0.0349490300069236 0.0639788915937516 0.00266427050289427 -0.445156923020649 2.48417630831066 374.383708841244 -333682.278528389 103.856676520367 141.681063332679 66.9750621741954 985506.184116067
163800 0.3276 -2.34911139414567 0.0429087975587298 -0.0362380817095311 0.0611904500036024 0.00764319797585316 -0.438144919560416 2.47508078115645 374.73875859876 -333686.33481889 103.918482715557 141.633694483546 66.9551469014704 985469.864362709
163900 0.3278 -2.3390779365555 0.0190905275827401 0.0181214890559221 0.0684013995305509 0.0128518999238051 -0.438369445594991 2.47986075598192 373.527474407694 -333678.030159744 103.916535209411 141.70501110616 66.9352316287454 985654.336741747
164000 0.328 -2.37039625759676 -0.024488255686518 0.0022611043266743 0.0640914423282316 0.0232697860116649 -0.414252950139144 2.46890978515776 374.495007980708 -333687.792647559 103.872925954133 141.759747967613 66.9153163560204 985328.020221409
164100 0.3282 -2.34268435844905 0.0388188990440901 -0.00800523680039139 0.0589943245309566 0.0169048018804247 -0.422170909755749 2.47148165524196 375.288151683596 -333692.746631079 103.894449390079 141.799934894727 66.8954010832954 985518.177785337
164200 0.3284 -2.38206870114846 -0.0412900069929788 -0.00571638167157439 0.0502511893985398 0.0109848000505492 -0.428613571292405 2.47443866081772 372.756647360667 -333675.191721483 103.871123599368 141.852210796806 66.8754858105704 985366.715411942
164300 0.3286 -2.37643279063545 -0.00349569606568153 0.00107662357428492 0.0572078734339479 0.0158511922986232 -0.424676730674769 2.48863901917177 374.001611537109 -333684.358361784 103.890031698448 141.879327414726 66.8555705378454 985440.935812273
164400 0.3288 -2.36216583425138 -0.00354352248894382 -0.0313460081277396 0.0510315710195547 0.0102708486550315 -0.443799397200887 2.46927104109436 374.538966267664 -333690.541539217 103.902833160349 141.891592131942 66.8356552651204 985353.950110815
164500 0.329 -2.36115929553372 0.00407859599567956 0.0147587755167107 0.054235565003873 -0.0152494779739972 -0.452284791882324 2.49858604879358 374.896946900443 -333693.355768948 103.903963834613 141.966065191237 66.8157399923954 985588.083205973
164600 0.3292 -2.35969201988794 -0.011806157686478 0.00953762812156584 0.0575625289491096 0.0234706227340886 -0.441476397433023 2.48182060696289 373.224393873912 -333679.806872233 103.913892083543 141.988537650909 66.7958247196704 985544.444933341
164700 0.3294 -2.40826338720929 0.0548914943920437 -0.0575675533864872 0.071702812464649 0.0405355731979016 -0.447273876076349 2.53442103730978 372.783640954881 -333676.943226675 103.935991539829 141.982335130009 66.7759094469454 985417.089403245
164800 0.3296 -2.36005172252795 -0.0169640175686934 0.0304628793581379 0.0608074861568724 0.0205598134574185 -0.454446652682626 2.49707042993718 374.624657795241 -333689.712840485 103.882872536667 142.109494902384 66.7559941742204 985501.555342513
164900 0.3298 -2.40833154721227 -0.0259076705760585 -0.0149968040678585 0.0772140888257341 0.00934669253023761 -0.440367030490699 2.51037335410714 372.331296090144 -333671.42671635 103.86166175224 142.156013605463 66.7360789014954 985328.827834558
165000 0.33 -2.38045826429158 0.0286123242982423 -0.0157879419037059 0.0360137182722454 0.0327461011979914 -0.458808806100627 2.51739022716453 374.530772304033 -333686.384578122 103.890346162298 142.193937116824 66.7161636287704 985569.68765102
165100 0.3302 -2.41014978293542 -0.0400613690602956 -0.0336792241020871 0.0460597523073916 0.0093348536057453 -0.429585815981726 2.48852243507707 374.140515980871 -333683.651111057 103.848301116938 142.25604679461 66.6962483560453 985306.930622401
165200 0.3304 -2.35402515257218 -0.0137335300629942 0.0201164761335416 0.0544594684379633 0.0370879862497215 -0.448817555151301 2.48488736926759 373.488562814453 -333679.309106843 103.830813669302 142.36505958043 66.6763330833203 985601.55276507
165300 0.3306 -2.37008537514179 -0.0221842596704867 0.0224223567691929 0.042632021593543 0.0391619424298474 -0.451049661267896 2.49794959007332 375.32039975871 -333694.211925502 103.848338704285 142.381584851357 66.6564178105953 985587.862740751
165400 0.3308 -2.39710819941761 0.0290576944061399 -0.0511382458517357 0.036543638731876 0.0329804743987143 -0.474534859125428 2.52605683296244 372.088222338263 -333668.44558507 103.8586724902 142.399333799811 66.6365025378703 985514.275255292
165500 0.331 -2.3273374826516 0.00584386955088084 -0.0026607220177778 0.0331368577538802 0.0231806691730173 -0.458869514920586 2.46181938317025 372.022300918903 -333667.35177881 103.822307297044 142.547091642001 66.6165872651453 985896.710011195
165600 0.3312 -2.37585776021936 -0.00153086475321883 -0.0238242773298858 0.0457509204001874 0.0275708093982889 -0.458433306818378 2.49480190252694 375.031175490474 -333690.648170158 103.765231025417 142.608714342028 66.5966719924203 985485.976972165
165700 0.3314 -2.33155334351869 -0.00236504780009637 0.0430353984948187 0.0256673863098977 0.0667221260102354 -0.437218117264637 2.4742143242286 373.089426878084 -333677.514146368 103.786882413572 142.686220860926 66.5767567196953 985932.395804462
165800 0.3316 -2.35422335755461 0.0148906606004868 -0.00391062604350464 0.0449578947861776 0.0260479638453408 -0.425646562048191 2.47389095175463 376.712126364008 -333704.670364537 103.813533697352 142.657756514507 66.5568414469703 985693.89736341
165900 0.3318 -2.3857449804336 0.0017295432007394 -0.00967305356922633 0.064377829962329 0.0342929799742334 -0.418723501125516 2.49296828349409 374.886704362642 -333692.816165413 103.810198509337 142.676253783845 66.5369261742453 985495.062960027
166000 0.332 -2.347855898413 -0.00177070444543677 0.0186030823418328 0.041315080261898 0.0402383542280656 -0.449728084154856 2.48376200553222 373.392328606653 -333683.552626917 103.804936689562 142.731794306069 66.5170109015203 985533.651979315
166100 0.3322 -2.38590674176387 -0.0165856284182472 -0.0340576614398914 0.0268296579349129 0.0389489286082046 -0.443692010778259 2.48392618718658 375.464665578333 -333700.331250207 103.795543262465 142.740023457033 66.4970956287953 985206.225101496
166200 0.3324 -2.36738416211093 0.0564473642893458 0.00556930671803457 0.0463583026097395 0.0574644460237044 -0.450384090550061 2.52569183721324 375.834562841527 -333706.032939666 103.805261073775 142.803148563707 66.4771803560703 985438.98293186
166300 0.3326 -2.37993708928675 -0.00337228012805887 0.00203540551019197 0.0309776784159316 0.051770307160102 -0.428019880155456 2.49428620005758 375.326780658473 -333703.534411252 103.76521502496 142.877375011353 66.4572650833453 985275.577307283
166400 0.3328 -2.37664043217751 -0.00648915659400444 0.00701899256091483 0.0378541394333654 0.05189104595374 -0.418727640124316 2.4876075364843 376.239027243876 -333711.783523359 103.769461417847 142.921835973662 66.4373498106203 985327.14919669
166500 0.333 -2.3791128509628 0.00314477798122594 0.0162110705077804 0.0478777028170826 0.0553416817346538 -0.453749933758855 2.51797167366257 375.095872558054 -333707.33778863 103.786063502814 142.943970278007 66.4174345378953 985341.958937922
166600 0.3332 -2.40154912002931 -0.0444367199377749 0.0267774190890764 0.0329316794820896 0.0715826278394622 -0.453287977802229 2.52268621260166 375.409299918456 -333712.461395109 103.799455759447 142.959021277952 66.3975192651703 985277.343548104
166700 0.3334 -2.41181293791994 0.0516078607290538 -0.030240912266553 0.0638518449997329 0.033873413631325 -0.419118003427594 2.53301527517901 375.623819996993 -333715.877917315 103.832595086157 142.965829467067 66.3776039924452 985343.210831647
166800 0.3336 -2.45162323665104 -0.0172609672956923 0.00490726857251808 0.0601167628883258 0.0526522640257941 -0.423128540659197 2.55672617817023 375.386949602827 -333717.009625843 103.79570826664 143.021667988546 66.3576887197202 985082.233219004
166900 0.3338 -2.45212844502473 -0.0332126816137977 0.00441700693716227 0.0695224618535465 0.0551299488676093 -0.436782504517443 2.55725388481415 373.998523635627 -333708.911904691 103.820319503181 143.04644200469 66.3377734469952 985190.719103711
167000 0.334 -2.39921503844824 0.0474668046069717 -0.0712636512427391 0.0655125002831571 0.0222477883844142 -0.423586521107632 2.50249685108162 375.098264502186 -333720.456017882 103.866025359018 143.024194206019 66.3178581742702 985175.298321148
167100 0.3342 -2.42899013707181 -0.0233496625549873 0.0563303816999521 0.0615625711120517 0.0619051112112485 -0.407505948660639 2.55072272405418 373.621972301319 -333710.84975345 103.812586878052 143.156851485383 66.2979429015452 985285.756803687
167200 0.3344 -2.40968890071705 0.0077250902682713 0.0134718263757225 0.070643279512155 0.0461763818456953 -0.423033029108744 2.53299322812925 372.611945659593 -333705.39666926 103.816852832211 143.190894648495 66.2780276288202 985264.505731887
167300 0.3346 -2.44831134477634 0.0136756844678416 -0.0103687066809552 0.0555289236431914 0.0331198117429457 -0.442684365332171 2.56967133649016 374.268047184728 -333717.02755175 103.843081605147 143.187908087039 66.2581123560952 985196.750833412
167400 0.3348 -2.48847896308918 0.0157192689414917 -0.0237467888218517 0.0674171281239564 0.0554189243771325 -0.441639097806139 2.60417353110514 374.748406738211 -333720.970797185 103.847552194225 143.198339866614 66.2381970833702 985014.787336306
167500 0.335 -2.5373114812837 0.0241926208633992 -0.0315562420651957 0.0529257892995789 0.0516384229514269 -0.419803759579961 2.63945427073831 374.783899577068 -333722.28294238 103.847579169471 143.238542214377 66.2182818106452 984995.342942426
167600 0.3352 -2.47195771317679 0.0189765634432626 0.0107738447810922 0.0544014100764325 0.0554128784710241 -0.420068724470498 2.59458126165825 375.045443443104 -333725.456053662 103.8236087025 143.344683357355 66.1983665379202 985201.315117241
167700 0.3354 -2.46756160246627 -0.0216197395184047 0.02387427447804 0.0461887106651279 0.0322121686037114 -0.449182470613255 2.59051824037077 374.524502912551 -333722.098843726 103.798910908592 143.424940931544 66.1784512651952 985221.942862967
167800 0.3356 -2.47325686724816 0.031749091312346 -0.00115476036839906 0.0324638441861722 0.0623631707255542 -0.453115343162111 2.61237112844114 376.146479184967 -333734.659313042 103.811263694192 143.431495646146 66.1585359924702 985087.687878195
167900 0.3358 -2.51055139721581 -0.0151152270191177 -0.00947530047180197 0.0484690085312273 0.0668818408006187 -0.460267214520904 2.62627351346731 373.251462042396 -333714.20269168 103.783035432368 143.498343622517 66.1386207197452 984982.218840639
168000 0.336 -2.48291732054708 -0.0251472017773089 -0.011213533307789 0.0348524240865199 0.0498157114550616 -0.474222142033845 2.6001582004845 373.421641187784 -333714.106327099 103.787500706179 143.545692707737 66.1187054470202 985052.916365799
168100 0.3362 -2.47321355379891 -0.0073580994365581 -0.00556643608555167 0.0302075683405818 0.0510022477903462 -0.475305277849084 2.60252777421497 375.555348376267 -333731.378440289 103.811525273569 143.560630458626 66.0987901742952 985086.663600753
168200 0.3364 -2.47549427009635 -0.0352208385308436 -0.0248778751410043 0.0439475200911772 0.0563815324128052 -0.457538024837395 2.57364235552155 373.071496010831 -333714.494167138 103.827063485904 143.577566478995 66.0788749015702 985053.456117504
168300 0.3366 -2.46479986046886 -0.0027790710042446 -0.0401589766592147 0.0278516662857175 0.0678680786812887 -0.456583809226526 2.57147141128805 373.452255592818 -333720.051947066 103.858155866 143.597589152828 66.0589596288451 985188.843530696
168400 0.3368 -2.43689899361587 0.0155797834531827 0.0209533223982971 0.0408112622165325 0.0511862144039758 -0.467411528737106 2.58768948904438 374.488205070067 -333726.286880364 103.862262877463 143.654051907368 66.0390443561201 985318.054537582
168500 0.337 -2.47888462688569 -0.0254388815297036 0.00687542074699643 0.044691533866174 0.0599896741848805 -0.489918384662618 2.61468353352515 375.237504355796 -333732.47020201 103.835127638636 143.679355979326 66.0191290833951 984937.027743563
168600 0.3372 -2.50413945376663 0.0304801715034073 -0.01983869192931 0.0258311504490625 0.0729543766861658 -0.455755356594975 2.63446333386364 373.855853847421 -333722.090729751 103.878480221819 143.676379208606 65.9992138106701 985030.604669119
168700 0.3374 -2.4962685455545 0.000541012710314925 -0.0241151601901899 0.0566708433400147 0.0434105251135563 -0.497547804403439 2.63268945309981 375.804702034842 -333737.288217049 103.87444362673 143.715293701774 65.9792985379451 984961.808887114
168800 0.3376 -2.47386713562699 -0.0328986422515551 -0.0163229685729841 0.0451603056870892 0.0493331904916723 -0.477324330522851 2.58766262020845 371.951384780541 -333708.580166833 103.845042032099 143.798187797192 65.9593832652201 984953.585804495
168900 0.3378 -2.47147073488297 -0.0167969979231906 -0.0310561556591215 0.0421780105155527 0.0646655139045546 -0.487326679388192 2.5924830984219 373.270994542408 -333716.037238277 103.829196505293 143.864293518518 65.9394679924951 984958.538517476
169000 0.338 -2.4758156254164 -0.0160786539783101 0.0234597695060639 0.0420829896778015 0.0711559809651347 -0.48799423196672 2.62374559434948 372.962167113092 -333714.390913333 103.842648157608 143.906367782238 65.9195527197701 985076.635488098
169100 0.3382 -2.54277821511244 -0.000598845862411232 -0.0165723072457397 0.0103485556008786 0.0539658549290333 -0.497689233559586 2.6785192982004 373.613313312101 -333719.999993731 103.881526571399 143.869401067561 65.8996374470451 984894.662857408
169200 0.3384 -2.49820515419124 0.0667873940048635 0.00221355457267462 0.0321306981950614 0.0662768705973274 -0.502921932494431 2.68193802364417 373.623678787158 -333718.94709119 103.903730426674 143.934945390643 65.8797221743201 985256.132160157
169300 0.3386 -2.54424298645798 -0.0425324213802519 -0.00574672950704997 0.0425161610970949 0.057481510244442 -0.491079928032705 2.66284618850283 373.655111865246 -333720.795754935 103.842371679302 144.024139466938 65.8598069015951 984986.64151325
169400 0.3388 -2.54788464562143 0.0165133588191669 0.00375316283424105 0.0352200649524921 0.0752088775859086 -0.47418669640849 2.69050688171241 373.955881465148 -333721.041882012 103.875247836034 144.042146258674 65.8398916288701 985123.692659665
169500 0.339 -2.566766405662 -0.0287189440828133 -0.0293729782657566 0.0413790285246684 0.0829537769336098 -0.498057360380976 2.68514234952415 374.183480310628 -333721.653225683 103.868405939013 144.04940394103 65.8199763561451 984810.463094956
169600 0.3392 -2.56457565802543 0.0174226099897895 -0.0120663982178484 0.00882095239321673 0.0387075996820559 -0.470866790500093 2.69468346102681 371.73219094755 -333703.754849463 103.879221873312 144.101609051188 65.8000610834201 984971.841013239
169700 0.3394 -2.56371925434637 -0.0197275077110886 0.0157091086540179 0.0327338520323583 0.0663540787159997 -0.490087682139509 2.70190324314868 375.097699764404 -333729.989531296 103.833364395526 144.168051914952 65.7801458106951 984692.858188132
169800 0.3396 -2.55888149617452 -0.0114688393374922 0.0347433422792023 0.0337534127502775 0.0738803978717298 -0.4964138892784 2.7144504734633 375.289017188582 -333733.029399873 103.8373513891 144.217724233219 65.7602305379701 984771.717098157
169900 0.3398 -2.5928899118868 0.0188568179674872 -0.0153319827668398 0.0293440525116088 0.0724264866954529 -0.470851554570029 2.72332901684433 374.884279083645 -333730.452696746 103.882709528279 144.180306763606 65.7403152652451 984647.984548253
170000 0.34 -2.62142323873986 0.0436401029914627 -0.00560365396813956 0.0105577423221521 0.057694390688513 -0.486716525251313 2.77394107459679 373.880368559109 -333723.960928498 103.911014350211 144.177405188094 65.72039999252 984598.086504083
170100 0.3402 -2.63907164295904 0.00247211737967184 -0.00873385180176308 0.0460378485278058 0.0384769022823112 -0.508856321678468 2.78134537381018 374.28866719077 -333728.405256572 103.90617810797 144.224542094848 65.700484719795 984575.700894079
170200 0.3404 -2.60563978843499 -0.00786397574151585 -0.00529239827800455 0.0496618454807231 0.0528828032383594 -0.493244325941488 2.73875605564026 372.931319646495 -333719.413833563 103.879993231758 144.345337711497 65.68056944707 984853.387458841
170300 0.3406 -2.59537878501658 -0.0018679352568359 0.0178259138291337 0.0308723074155061 0.0385219298861392 -0.472168300870601 2.73018358634989 375.496936809187 -333738.694872297 103.846548658665 144.441226260278 65.660654174345 984891.613527514
170400 0.3408 -2.60536947339452 -0.00293195761720398 -0.000871152531499092 0.0362832201932075 0.0511157332123058 -0.521909374229581 2.75807984699228 374.876764012854 -333734.154114062 103.852772648672 144.479447630524 65.64073890162 984912.455068761
170500 0.341 -2.56399875830124 -0.0109444383929678 -0.0124377111737423 0.0470048348865769 0.0598465208809093 -0.519202528588533 2.7093104588646 372.313852868431 -333714.162662583 103.893183795615 144.486232318564 65.620823628895 985043.021975757
170600 0.3412 -2.56428288646403 0.0293592992331144 -0.0378551754923648 0.0283272334330672 0.0638729044390345 -0.553387313018549 2.73688260083604 373.657531114875 -333722.89279768 103.921212372476 144.503981981684 65.60090835617 985130.743223217
170700 0.3414 -2.58520763185472 -0.00271043429665107 -0.00489316361611411 0.0385878289379085 0.0629997595152058 -0.539694948007597 2.74842600933519 373.779225181759 -333723.656209652 103.883412629325 144.578055521173 65.580993083445 984978.104148929
170800 0.3416 -2.58366852560226 0.0022091223816644 0.0259620018028609 0.0328457215405006 0.0790987348797437 -0.533700973800321 2.76138841739979 374.316153653376 -333726.633527679 103.859533149378 144.660200941193 65.56107781072 985011.98509744
170900 0.3418 -2.62762351832853 -0.00285855306169129 -0.00716179784442205 0.0520190331312805 0.0408028131837005 -0.540646343809615 2.78713519406651 373.119071565825 -333717.19138116 103.839545185853 144.704846865923 65.541162537995 984827.111065545
171000 0.342 -2.59533862191523 -0.00884444487258457 0.0121940189671797 0.0372579762221252 0.0477269279003185 -0.527969922456084 2.75537027918635 375.727546222662 -333736.635197324 103.840671341506 144.769498434153 65.52124726527 984978.414249431
171100 0.3422 -2.62077560064654 0.0132175534498 -0.000703328716310027 0.0608084529938719 0.0330580706053199 -0.526247140136129 2.78327610702379 373.721367674764 -333723.495827979 103.850606342329 144.784367571159 65.501331992545 984874.383421477
171200 0.3424 -2.57763606473876 -0.0216830569785981 -0.0185272485956884 0.0577703150675077 0.0230794356127185 -0.530584873123877 2.71976891787707 374.55873025483 -333730.640479973 103.843916950845 144.820312286337 65.48141671982 984755.937028418
171300 0.3426 -2.59159183317969 0.00642261952160361 0.0026632173923205 0.0804764384541141 0.037537424982786 -0.521549388895778 2.75311171039576 372.882702142627 -333718.20807959 103.853453389944 144.848223947808 65.461501447095 984736.59869195
171400 0.3428 -2.60199234107293 0.00311776766584507 0.00236612213245104 0.0673655832366967 0.0649228118785698 -0.500754810014709 2.75012118704366 375.025078861648 -333735.691770289 103.87282430569 144.870168211188 65.44158617437 984769.8006545
171500 0.343 -2.56325654998819 0.0153002704259077 0.00296810607840303 0.0820618522360197 0.052354335319628 -0.527568368287095 2.73509025328263 373.250919093666 -333722.870846641 103.908718605519 144.898754065331 65.421670901645 985004.630985085
171600 0.3432 -2.61001930646588 -0.00742715125693596 0.00822208751262908 0.0833030813548766 0.0547145187137362 -0.525029770180917 2.76969807661023 373.456540849861 -333722.373189164 103.917379832304 144.914541673138 65.40175562892 984894.15961654
171700 0.3434 -2.60581672033312 -0.00518838907493799 -0.0207002706479414 0.0612136887105861 0.0552993577540408 -0.532600709911706 2.7558254026115 372.503429993342 -333712.180088141 103.937858454985 144.943006105611 65.3818403561949 984981.717456836
171800 0.3436 -2.59133682156083 -0.0116515246136442 0.011340144278695 0.0607942816751345 0.0548171459570561 -0.549448388454475 2.76412722311569 374.036931143107 -333723.776972908 103.927092045808 145.006568707361 65.3619250834699 985011.467050667
171900 0.3438 -2.55315064901658 -0.0155059339182657 -0.0294815455495672 0.0820606840095598 0.0487789944036775 -0.547914278175887 2.7078295899009 374.772474396651 -333727.892190964 103.920524704394 145.040137666615 65.3420098107449 984877.061837842
172000 0.344 -2.54221631709457 0.0262443778117818 -0.0120083406259008 0.0696113154120281 0.0641307098327202 -0.547638685782431 2.72521611032847 373.864389816615 -333720.134609378 103.935714900382 145.089159321531 65.3220945380199 985053.625473285
172100 0.3442 -2.53357794873157 -0.0175689514909925 -0.00921539278956185 0.0516765100406141 0.047668944033962 -0.52983532384723 2.68484514747593 373.669613776155 -333716.584410731 103.900193379669 145.165445959897 65.3021792652949 984934.348589016
172200 0.3444 -2.51479751344956 -0.0105223816968146 0.0269747482311824 0.0581467617085597 0.0321130834765873 -0.555866629769341 2.70312839477057 374.932652990528 -333724.824295547 103.912824388331 145.214194383993 65.2822639925699 985084.365744865
172300 0.3446 -2.54745904196829 0.0227630927579718 -0.0113316661265191 0.0631206818495871 0.0399081991655007 -0.55972460041418 2.73426017597027 374.09957723229 -333716.014486066 103.960032238355 145.168334007657 65.2623487198449 984920.093826557
172400 0.3448 -2.53988607076699 0.025506809878783 0.00571759090945705 0.0375546972369348 0.0249565557262322 -0.54725515193592 2.72679835753105 371.826173604148 -333698.330273732 103.99123580428 145.192524830074 65.2424334471199 985079.197661201
172500 0.345 -2.57299302372887 -0.0039661956998257 -0.033484361023291 0.0654597067630839 0.0344948339300911 -0.547445381914589 2.72771903711834 373.45852269669 -333708.782612718 103.981741178874 145.230540189035 65.2225181743949 984946.407823883
172600 0.3452 -2.55412983453175 -0.00768230867809599 -0.00313835734039341 0.0796500700377372 0.0505880469954161 -0.528711693886417 2.71317242380311 372.69519979188 -333702.60580591 103.98285426864 145.286753037296 65.2026029016699 985037.3215871
172700 0.3454 -2.6101143198937 -0.00669727534597517 -0.0152667704677197 0.0605242141564587 0.0270399068020633 -0.540024514070577 2.76470725629206 373.854127121336 -333711.621627895 103.981018186121 145.301834693754 65.1826876289449 984821.286812354
172800 0.3456 -2.55586858242841 0.0113580343221881 -0.00578247743809465 0.0666863586856604 0.0452838664767279 -0.553281617970647 2.73583578897319 375.141966894411 -333720.015429148 104.001560864337 145.337744937816 65.1627723562199 984958.26270552
172900 0.3458 -2.58092033922621 -1.82993445160134e-05 -0.0156270972068247 0.0868697372134772 0.0364981856552117 -0.541899383441991 2.74383206984624 372.941405958707 -333703.694862503 104.012025637181 145.365987778172 65.1428570834949 984947.677171907
173000 0.346 -2.57185552567084 0.0084528515686668 -0.0268654938230219 0.0691849571019493 0.0013642424253872 -0.518509515007828 2.71827667732516 373.903206969428 -333711.258470858 103.980393530913 145.455732517807 65.1229418107699 984954.818918733
173100 0.3462 -2.57434544940835 0.00297770143454381 0.0692488102138024 0.0565065188784076 0.0359068974590316 -0.544828034057183 2.77880337242218 375.124760714686 -333718.958763817 103.959730444516 145.576367172556 65.1030265380449 985274.404730403
173200 0.3464 -2.62443193642607 -0.00240209952902611 -0.0102429943486417 0.0723476290232463 0.0212034536976174 -0.566366404175789 2.79891173387156 373.795002767874 -333708.121109718 103.965475441894 145.562517055986 65.0831112653199 984933.721359221
173300 0.3466 -2.61162964611665 0.0196129813631435 -0.00787648706118919 0.0568544142057849 0.0237708019696867 -0.545938257712593 2.78521096946745 372.944178027031 -333701.452726575 103.987318307077 145.593105676649 65.0631959925948 985046.157518512
173400 0.3468 -2.62703169468634 0.0128363041106737 0.00246775739561636 0.0687594861958355 -0.0037051769659634 -0.539697171912089 2.79815704725645 375.558693452897 -333720.381361528 103.954027930906 145.649273948689 65.0432807198698 984809.170956808
173500 0.347 -2.64025646959651 2.08986913584852e-05 -0.00617000700828857 0.0548422824581823 0.0195278620170383 -0.536827052766086 2.79811974267786 374.619683740188 -333714.57785954 103.934794450734 145.714051822288 65.0233654471448 984763.265697531
173600 0.3472 -2.63351735063472 -0.0116961923768226 0.0263338106627545 0.0823049652708119 0.00285846286396615 -0.545372428110857 2.8085121370617 376.104872604714 -333725.325673061 103.937623870262 145.758479052221 65.0034501744198 984788.617573858
173700 0.3474 -2.60719497162492 0.00994650118807595 0.00210625869786738 0.0606477210992692 0.0287617356005958 -0.572946906328831 2.79772989355393 373.688981916908 -333708.585853229 103.99146109449 145.748535024757 64.9835349016948 984929.647164209
173800 0.3476 -2.61252932610583 0.0256245610089986 -0.0101349198967591 0.0551089640942424 0.0159579820834334 -0.55494004381005 2.79294575332924 374.888233692962 -333717.185362349 103.999264888757 145.776342149977 64.9636196289698 984889.557982462
173900 0.3478 -2.6347716036718 -0.0244688188089479 0.000368658852584033 0.066826776968258 0.0453336362473855 -0.559430135147439 2.79956781744747 374.145497022647 -333711.396894218 103.955752989901 145.85775030115 64.9437043562448 984725.300128297
174000 0.348 -2.66001396151654 -0.0204256854322576 -0.0287644830805163 0.0750819973440002 0.0340518102184755 -0.539020764601286 2.79955451109741 374.206959888793 -333714.052328196 103.958547197556 145.875431159085 64.9237890835198 984569.124794509
174100 0.3482 -2.67808760065972 0.0317821186832735 0.011558379947602 0.0651084746516895 0.0505444345055116 -0.546115315627605 2.86428116149424 373.188588100691 -333706.474819666 103.979662757814 145.9040284514 64.9038738107948 984660.023386299
174200 0.3484 -2.68426344024417 -0.00967634659296594 0.0098713123948724 0.0283268393324801 0.0437843061639992 -0.546401269054502 2.84778889935491 374.026234136005 -333712.998591872 103.956431200015 145.962456939123 64.8839585380698 984532.064796059
174300 0.3486 -2.71984590533221 0.0136573052837411 0.0121812389860165 0.0386827230219084 0.0285888115303705 -0.566734531576723 2.90491174680321 375.506599330626 -333724.376560406 103.963468065278 146.010585144023 64.8640432653448 984621.050850115
174400 0.3488 -2.68763139026194 0.00605111880504912 0.0377726637392426 0.0121675268159649 0.0376939298622794 -0.561019453256616 2.87946429232681 375.799267658287 -333727.628930856 103.976875183014 146.052469004678 64.8441279926198 984728.072420635
174500 0.349 -2.73616839973194 0.00766600577102723 -0.00555675456981964 -0.00532269565521309 0.0495764696205443 -0.557321776983312 2.90375656401163 374.480764059267 -333717.025754566 103.999750407452 146.037758218336 64.8242127198948 984543.038365308
174600 0.3492 -2.7493540643893 0.0160820897378048 -0.00809426102498647 -0.0223911897353817 0.0250899143632792 -0.570840988939177 2.9261466770338 372.864463642878 -333704.289460076 104.034551482623 146.044072161789 64.8042974471698 984612.488274567
174700 0.3494 -2.75078536961829 -0.0178618355151231 -0.0198954213338287 -0.00853409861061604 0.0415231963772964 -0.534054622921766 2.88519524209462 374.617311100892 -333715.883887174 103.993383002552 146.113148135102 64.7843821744448 984385.767562067
174800 0.3496 -2.70765777685991 0.0262575566714125 0.0462278576588187 -0.0107502857851948 0.00994148318958126 -0.567747725624159 2.91495190714625 375.557294291232 -333720.777566421 103.969965616848 146.236774088257 64.7644669017198 984694.004343874
174900 0.3498 -2.71112962414064 -0.0471272238176928 -0.013642985477024 -0.0108493851532417 -0.0251301257863271 -0.569231671748181 2.85684333836502 374.691327751376 -333714.640980846 103.963984280681 146.25395900626 64.7445516289947 984450.249841339
175000 0.35 -2.69973753649096 0.048564002125954 -0.00112933721081268 -0.00988221640919471 0.00441905029042186 -0.539169345778477 2.87950009603781 372.805700827731 -333698.950439854 104.021918096563 146.281980963075 64.7246363562697 984884.516015053
175100 0.3502 -2.75207596739486 -0.0303739719825364 -0.0133131476777171 -0.00159065455223399 0.0115146712382626 -0.548485997571391 2.89090008910957 373.833159554071 -333706.954603311 103.980137925257 146.322039754154 64.7047210835447 984455.535452696
175200 0.3504 -2.71668510529277 -0.00627710157918413 0.0353409369828979 0.0241064837523292 -0.0116588352315667 -0.549981533373972 2.89317052499445 374.510415247716 -333711.847270025 103.995544661884 146.394264065525 64.6848058108197 984784.202705797
175300 0.3506 -2.70516159856633 -0.000977226038107827 -0.0149917915582521 -0.00107288487736302 -0.00590766959196521 -0.564879264927151 2.86919596165285 374.427457152846 -333712.469101737 104.029426990623 146.376226303241 64.6648905380947 984680.414048021
175400 0.3508 -2.6998488914447 -0.00615529799545929 -0.0266012239253546 -0.0230944076183539 -0.0184442585423672 -0.550924650273839 2.84859661753545 374.409305690415 -333713.319135571 104.023286573407 146.42761984462 64.6449752653697 984664.652030564
175500 0.351 -2.66339680209993 -0.0154785192239895 0.014315728282244 0.0183082425542232 0.00554501622950959 -0.568010770590035 2.83905938402836 374.944013101261 -333716.352237816 104.018935803691 146.506528347964 64.6250599926447 984850.575175613
175600 0.3512 -2.66429771504774 -0.0322394082256123 -0.0374494802709917 0.0111337257277818 0.0423936348603347 -0.552230057801312 2.79905028760638 373.356772281029 -333704.191348729 104.048323761068 146.502461760317 64.6051447199197 984797.900709968
175700 0.3514 -2.67246620532598 0.030406136155929 0.0193245144606723 -0.0030715775772136 0.00987140227538185 -0.604541782262248 2.8935138542827 373.296353494584 -333703.634278719 104.074343957889 146.540721218604 64.5852294471947 984997.69317416
175800 0.3516 -2.70360974295959 -0.0161686295633693 -0.0407520662218425 -0.00448386408069311 0.0139101079993227 -0.569381606254313 2.85133382366795 375.405868418298 -333719.92896056 104.058205956743 146.545445157893 64.5653141744697 984573.011944314
175900 0.3518 -2.66509319508351 0.0342706037105559 0.0328155182069023 -0.0097115551564676 0.0305242437871449 -0.549704151566397 2.8622091685298 375.316017377386 -333721.344666827 104.074021744825 146.612120072585 64.5453989017447 984866.806456756
176000 0.352 -2.71177824338294 -0.0508516698646158 -0.01167805879777 -0.0148892966458172 0.0318651133833064 -0.58498462692719 2.86646736858602 373.86551379785 -333711.458252845 104.065735967359 146.617334726461 64.5254836290197 984519.559586084
176100 0.3522 -2.66883251182284 0.0394158440453003 0.0211230724508836 -0.0208162812399179 0.0299783806422951 -0.576145346250584 2.87840734723052 373.305171154308 -333705.722111814 104.108933895213 146.659820640911 64.5055683562947 984909.564397559
176200 0.3524 -2.69958816864401 -0.0049771908955441 -0.0262754313905664 -0.0313965447149808 0.0159550616268356 -0.550952875334452 2.84927352098016 375.417714162393 -333722.692639761 104.080656859424 146.69301922822 64.4856530835697 984560.876600211
176300 0.3526 -2.67556527027025 0.00639753360881654 0.015069801520562 -0.0189536857430911 0.0180315879434778 -0.572205396813398 2.86366348915412 373.436769896735 -333707.378862669 104.083840028977 146.765898145149 64.4657378108447 984775.920272471
176400 0.3528 -2.70041886346409 0.00325605689127772 -0.0282252787622916 -0.0580417353840318 0.016333647858113 -0.581256953364392 2.87231956484422 375.061790480296 -333720.288654317 104.085694686916 146.77550531869 64.4458225381197 984553.681431194
176500 0.353 -2.65939697529671 -0.00198798586959379 -0.0163050901683375 -0.052940969306037 0.00670012711712082 -0.570236285087685 2.82984669040439 374.803350568233 -333720.331116251 104.100668830008 146.8222930666 64.4259072653947 984704.824023988
176600 0.3532 -2.65028571665314 -0.0233603416936324 0.0431705503077047 -0.0479749587536976 0.0216364526682877 -0.589371795321804 2.85137186477503 373.247701786093 -333711.779232517 104.101967101913 146.867498077462 64.4059919926696 984715.799933171
176700 0.3534 -2.68103598781161 0.0187472162707089 -0.0114308297034197 -0.059922902098925 0.0393928750346941 -0.550322705825076 2.85171155306583 375.821935003859 -333732.101086602 104.170033961083 146.803135307442 64.3860767199446 984623.279245218
176800 0.3536 -2.69576095189804 0.00871007300700384 -0.0268601547021555 -0.0542440602927185 0.0624196557203317 -0.570366396396506 2.86630415140619 372.487463910548 -333709.724523302 104.21577287078 146.778014212311 64.3661614472196 984582.40766586
176900 0.3538 -2.70407734913159 -0.017939901271722 0.000160511007809379 -0.0804999578034076 0.0361816374655663 -0.58730484192938 2.88486242363735 374.532885599621 -333726.81341682 104.21394165095 146.847104701155 64.3462461744946 984723.782193122
177000 0.354 -2.68842754932369 0.00404223999565883 -0.00636045611525438 -0.0452883855302846 0.0244980934939922 -0.576531900695988 2.86820737018514 373.271248175204 -333718.598198891 104.243439529436 146.877521530159 64.3263309017696 984901.61248921
177100 0.3542 -2.67603230058357 0.00948156033394102 0.0304767367853798 -0.0728324590983004 0.0318495100297641 -0.586600584328106 2.88445245128978 374.287140378296 -333727.302761956 104.260871606177 146.907068082922 64.3064156290446 984959.43735088
177200 0.3544 -2.64393938333155 0.000359033722760353 -0.0277524733932097 -0.0584959168092638 0.0282730860006175 -0.591423296634773 2.82502692516967 374.552965518193 -333728.717704469 104.271694152672 146.931362535049 64.2865003563196 984919.463653669
177300 0.3546 -2.64912200125979 0.0281435752297436 0.000855804138353548 -0.0643798440122322 0.00780094033191027 -0.594642289435046 2.85812074507251 373.986805837702 -333724.144027251 104.29964454011 146.951525395685 64.2665850835946 985013.42666456
177400 0.3548 -2.6786337530932 -0.0258764427232907 -0.0615188593950621 -0.0529994396750151 -0.0142602241980386 -0.610192967840528 2.84075417908839 374.643366576887 -333732.034670506 104.296362087298 146.948049021456 64.2466698108696 984653.901205158
177500 0.355 -2.63300169039945 0.0504248233990608 0.0519727362130906 -0.0844484548208747 0.0197342260929386 -0.61982757105435 2.89483256137516 375.74102530174 -333740.869018369 104.322658216827 147.031957469472 64.2267545381446 985159.071839504
177600 0.3552 -2.63679902780139 -0.0179109152600668 -0.0306641481614546 -0.079952492435343 -0.00210276575679319 -0.601362563341105 2.81592605845638 374.643178703967 -333733.930640144 104.313812530344 147.052410001929 64.2068392654196 984907.072945635
177700 0.3554 -2.59337499961793 0.0101978957165053 0.00488635726827195 -0.0871638933652511 -0.00586514658732237 -0.584684267773749 2.79521984250328 373.596316269598 -333725.343386276 104.344142174658 147.106880420223 64.1869239926946 985252.674628472
177800 0.3556 -2.62293044529171 -0.0172738972065669 -0.0352022865307217 -0.0757349372082545 -0.00888396552954192 -0.570433694915385 2.78148883985546 374.064120407661 -333730.6908266 104.323233869104 147.135474298254 64.1670087199696 984941.028869373
177900 0.3558 -2.55997850612239 0.011317104407644 0.0290343308716678 -0.0824697115374499 -0.0105235372685876 -0.577284203423011 2.77090930788445 373.947921698858 -333729.90223859 104.300841059116 147.263862861205 64.1470934472446 985282.982063102
178000 0.356 -2.55709361095011 -0.0414925053109944 -0.00982445251619813 -0.110568169249057 -0.0290578563293635 -0.598500860164029 2.7427604439565 374.693784601329 -333736.32816432 104.298834022307 147.287676158556 64.1271781745196 985117.40749026
178100 0.3562 -2.52735311231046 0.0208642417611488 0.00872834591730394 -0.132232781600452 0.00466109435105006 -0.59685018166013 2.75387838950767 374.638969772642 -333735.200402157 104.367475725774 147.278205695581 64.1072629017946 985396.235619142
178200 0.3564 -2.60662018310391 -0.00622866149643467 -0.0294097787466499 -0.118224540028234 -0.00403820416409526 -0.594994280411374 2.79398068660579 375.94410942727 -333748.280819969 104.371655194779 147.268439459692 64.0873476290696 985064.240102326
178300 0.3566 -2.58698463718876 0.00919782288594443 -0.0062274418787412 -0.11746392117687 -0.00644381265455517 -0.597637010206351 2.79524281188111 373.639523128252 -333731.57033249 104.370696071127 147.34664115643 64.0674323563445 985271.99613608
178400 0.3568 -2.55384521333658 -0.00107211579463496 -0.00316655596443411 -0.11762659604929 0.00501442785789816 -0.608854868342143 2.76857444862154 374.05697880989 -333734.37162696 104.349514933188 147.416598796621 64.0475170836195 985233.385158982
178500 0.357 -2.5193486664491 -0.00910121653427364 0.0325570701935364 -0.12250455573976 0.00264773012559361 -0.626081163260243 2.76199679210651 373.308373598972 -333728.477918333 104.356133642635 147.476823967984 64.0276018108945 985391.908614073
178600 0.3572 -2.51596836529528 -0.00236054942320536 -0.0249715338627328 -0.129240938580612 0.0267905059773173 -0.62127529491257 2.7335164517288 373.272448855421 -333729.159611849 104.400707127922 147.453126315894 64.0076865381695 985347.81014633
178700 0.3574 -2.51644475009584 0.0163162050460986 -0.0221079617553691 -0.135287503962158 0.00404073754030498 -0.596683342813943 2.72801858254607 373.900632148214 -333734.285233548 104.422866991714 147.470010477426 63.9877712654445 985363.12928438
178800 0.3576 -2.4650107512088 -0.00596989192082667 0.0237229418058128 -0.148552536056185 0.00466201079756853 -0.613533371791924 2.7048692887516 374.347413570472 -333737.390610733 104.437389951857 147.549871755553 63.9678559927195 985726.973344221
178900 0.3578 -2.47314180486701 -0.00840606285534006 -0.0443722793947611 -0.137992259772834 0.0129323122381026 -0.61581977822765 2.68009289958623 374.008611765199 -333733.755160583 104.456525103241 147.537830009982 63.9479407199945 985520.198211797
179000 0.358 -2.41975291494913 0.0246332491505973 0.0432841752955986 -0.137765415302468 0.00687748871307479 -0.635325226641384 2.699806641491 375.084627398001 -333742.46323381 104.46290483145 147.628925115306 63.9280254472695 985881.793403922
179100 0.3582 -2.43241076409394 -0.0398233481241876 0.0214335735825908 -0.110431842967927 0.0133709129487756 -0.632486949478606 2.66683907221187 374.445153180805 -333738.203654417 104.456011260663 147.65801286299 63.9081101745445 985703.804215495
179200 0.3584 -2.39958738073454 0.00644958196560015 -0.0170244641086532 -0.130205391588115 0.015946901009379 -0.668062557096151 2.66901319924283 373.381460671582 -333730.528755383 104.518118819906 147.630048663699 63.8881949018195 985795.803589364
179300 0.3586 -2.35218733428021 0.00920795601015686 -0.00776431036893759 -0.11399262213041 -0.00488734702367233 -0.667077904479235 2.62876985471436 374.297441511838 -333737.534997265 104.524504110552 147.672091232104 63.8682796290945 985829.384543662
179400 0.3588 -2.33917754561582 -0.00368255833200487 0.012367775801703 -0.12040104314529 -0.0249951221883825 -0.659284112521378 2.61564715678692 373.599386040277 -333733.769193571 104.511521864852 147.752493563923 63.8483643563695 985936.096510153
179500 0.359 -2.32765726901241 -0.0340610989163408 -0.0270794231362461 -0.0984372261241967 -0.035884047141346 -0.67718770766814 2.58560002926505 375.201261301852 -333746.823368016 104.526677856597 147.759316833238 63.8284490836445 985817.02473501
179600 0.3592 -2.30227890474349 -0.0162561386378222 0.00736093929639516 -0.0857142867922425 -0.036784800960204 -0.680303283549468 2.58746688593315 374.305761321652 -333742.353694033 104.557219851572 147.80309416516 63.8085338109195 986089.463500467
179700 0.3594 -2.30059742629551 0.0248860207126448 0.028079581560917 -0.111107443471562 -0.0406469426867329 -0.690995953662039 2.6248290176305 374.630657644369 -333747.436724478 104.567569490718 147.854433694749 63.7886185381945 986221.719255702
179800 0.3596 -2.29056148716054 -0.0249531569489632 -0.00804482596045807 -0.113474273870619 -0.0545835054960098 -0.671457919056697 2.56353450806077 374.772527742062 -333749.026886443 104.557976059678 147.894586768631 63.7687032654695 986091.083790563
179900 0.3598 -2.25836103479746 0.0205883563363426 -0.0039119881725304 -0.139331340554131 -0.0618930349320291 -0.660044061502116 2.55246585659884 374.108317476478 -333748.101876454 104.588597783595 147.944412349861 63.7487879927445 986404.034396147
180000 0.36 -2.25286607745537 -0.0226870415070777 -0.0162185066668837 -0.115053230351731 -0.0580270421783274 -0.670014605706101 2.52680395579349 374.723448009937 -333754.562138382 104.587063022771 147.973019905682 63.7288727200194 986272.084729466
180100 0.3602 -2.24345572265897 0.00401535920445319 0.000417661344000779 -0.082832482393018 -0.0584602984175093 -0.676030250188842 2.53868876838854 373.268511188332 -333747.134827953 104.619172222254 147.998899281893 63.7089574472944 986439.065426708
180200 0.3604 -2.25042237955666 0.00526678498228302 -0.0149641824561172 -0.132058731197281 -0.0588230837664893 -0.664087026890254 2.53547665220614 373.880817346222 -333753.897235359 104.621798355722 148.027650952535 63.6890421745694 986347.040467641
180300 0.3606 -2.22049196288109 -0.0149498679224836 0.0135300056955606 -0.0813518664576231 -0.0240674000545004 -0.630165582783788 2.47809577678097 375.468604530845 -333767.530380796 104.570413719239 148.14312526627 63.6691269018444 986323.142011522
180400 0.3608 -2.23873628663611 -0.0158248327962913 0.0047976605570207 -0.0947209098704344 -0.0300548103170091 -0.646011204115372 2.50384105929741 371.419430290855 -333738.871537686 104.590526885012 148.185341079882 63.6492116291194 986485.312807343
180500 0.361 -2.21257458153698 -0.0177992828876963 -0.0628819671202328 -0.112918517430639 -0.0527237453154148 -0.647596079438445 2.45455859560062 375.805181347957 -333773.789094053 104.616020500129 148.156208750868 63.6292963563944 986223.104268944
180600 0.3612 -2.16885096469431 0.0697510031588233 0.00777299984246611 -0.122705163248978 -0.0384304805488842 -0.652334744595906 2.49051364119411 374.226788725819 -333762.128959245 104.657170694593 148.201647752433 63.6093810836694 986604.727321729
180700 0.3614 -2.21588163032018 -0.0707000785020241 -0.0065126039116174 -0.13026678125441 -0.044122290350834 -0.66606847178532 2.47614780823687 373.166969280191 -333754.471971822 104.63267838221 148.220673030615 63.5894658109444 986191.60243552
180800 0.3616 -2.15629150768258 0.000220171107618402 0.0279002767746868 -0.121076479694743 -0.0253414359605991 -0.653396507513385 2.45717060359613 373.760031143485 -333759.249066428 104.712233620984 148.221446994716 63.5695505382194 986637.4888688
180900 0.3618 -2.22174905559634 -0.0308324972590432 -0.0579501768526504 -0.101064063172241 -0.0374821569132808 -0.669919485264785 2.47440317692274 373.232523803771 -333756.836613572 104.719699276925 148.175338959531 63.5496352654944 986091.869748619
181000 0.362 -2.18524237736932 0.0357849986334517 0.0355995222185647 -0.121870573629669 -0.0641951831458507 -0.655857228624452 2.50597629257439 373.936911215833 -333762.07456407 104.736153152887 148.272659714572 63.5297199927694 986585.294627318
181100 0.3622 -2.22642857659829 -0.0778890933784825 -0.0367811363726721 -0.111344587187921 -0.065486328357362 -0.6680021190109 2.46879982292765 374.064430532693 -333762.660391157 104.694051534872 148.289723986787 63.5098047200444 985993.021116538
181200 0.3624 -2.17156575270649 0.0330007225585949 0.0217255093011427 -0.0924979565032112 -0.0541368735801092 -0.658884173769477 2.48439702938046 374.089188801596 -333765.097957338 104.745212610639 148.341808750721 63.4898894473194 986511.889115763
181300 0.3626 -2.24084805424765 -0.00625434283012309 -0.0262754789740826 -0.111356288397173 -0.0738455652164036 -0.665264071908663 2.51602063258575 374.621901030317 -333770.096462739 104.742864148167 148.32909302153 63.4699741745944 986095.79785763
181400 0.3628 -2.15584145876277 -0.000395415365043659 0.0271180812626807 -0.0933136173721962 -0.0691551905627019 -0.666429431121118 2.4655349664204 374.840969602428 -333771.013949767 104.764257064942 148.397863797477 63.4500589018694 986444.865011281
181500 0.363 -2.21362732212411 -0.0097055544550669 -0.0161871777181509 -0.101139229890529 -0.0576209334481725 -0.679647308747682 2.50388448597234 374.783083862477 -333772.030221105 104.770420805156 148.401824663324 63.4301436291444 986219.587407698
181600 0.3632 -2.20243325427528 0.00258888081655629 0.00782600758839824 -0.0940611890418638 -0.0629700464929692 -0.671837492306276 2.50324450953578 372.119005599871 -333752.997907409 104.776326893215 148.464790710648 63.4102283564193 986383.859300759
181700 0.3634 -2.17669023255971 0.0108532296125712 -0.00741347881936406 -0.0981063099666153 -0.0592939215471628 -0.666539224446635 2.47345230753795 372.977208521202 -333759.703056511 104.785029038206 148.515238751177 63.3903130836943 986491.057093785
181800 0.3636 -2.20575594378232 0.00499349610974343 -0.00786529170323861 -0.10603485788914 -0.0500624113431955 -0.685711235539254 2.5121702729786 375.858633078668 -333780.576760375 104.773434884272 148.571070202721 63.3703978109693 986442.708967767
181900 0.3638 -2.21432815079353 0.00855035367686304 -0.00333014450204244 -0.0965735343341928 -0.0422768047835133 -0.673537526220628 2.51181623786473 373.612914191125 -333763.697448209 104.754699662114 148.629632381022 63.3504825382443 986344.998888878
182000 0.364 -2.25017269258555 -0.00301177276964525 -0.00167106928058005 -0.0858650995217514 -0.0365771958754924 -0.669584083174343 2.53454284370232 373.722223161754 -333766.338452729 104.731576494331 148.70368658246 63.3305672655193 986308.451337616
182100 0.3642 -2.27015315273481 -0.00955298410754882 -0.0100014762016181 -0.104684965723251 -0.038425573449929 -0.6771739048226 2.55387927564864 375.43220990441 -333778.51566226 104.723052122714 148.730059930194 63.3106519927943 986092.896047043
182200 0.3644 -2.31208069170264 0.026483914722845 -0.00183194993164894 -0.0623474622283304 -0.0164943905772704 -0.648490350795283 2.58409843966131 373.316842225322 -333762.745057438 104.752942512976 148.738722983159 63.2907367200693 986121.506763252
182300 0.3646 -2.37072688331859 -0.0308121585894121 0.0207689293959479 -0.0869626176748339 -0.0401371515295058 -0.640545327802628 2.61858211428691 375.369247908816 -333777.512297984 104.72535789847 148.76386783244 63.2708214473443 985718.227896524
182400 0.3648 -2.33071884394602 0.0314560850595688 0.0185452923051853 -0.0800078033902269 -0.0393478298899559 -0.641873175683156 2.60948108917846 374.682421222775 -333772.631311764 104.775973119111 148.766496996579 63.2509061746193 985901.646197654
182500 0.365 -2.38857282913505 0.0124797258348914 -0.00675981475607078 -0.0837067044587466 -0.0284731650196642 -0.647951078291807 2.64616756529679 374.894470360822 -333774.996757555 104.806741754826 148.744857696723 63.2309909018943 985737.249266194
182600 0.3652 -2.4058076116305 -0.00170272240063867 0.000810427624525447 -0.0624630947703044 -0.0355993806045691 -0.669370726255486 2.67309687075335 373.834443806917 -333768.489170385 104.821336039337 148.773687688551 63.2110756291693 985755.024770776
182700 0.3654 -2.42729057514498 -0.00625796831106013 0.00307185889621953 -0.069777563680424 -0.0105531102066486 -0.645967323572398 2.67410469575673 371.7820878614 -333752.486798112 104.825152362372 148.819288891101 63.1911603564443 985782.394291656
182800 0.3656 -2.46196208668617 -0.039061011300896 -0.00539819560360074 -0.082668070065715 -0.0445445772669102 -0.629725383895523 2.6775476360844 374.175823953288 -333769.544022168 104.817921314855 148.845529519921 63.1712450837193 985577.487907817
182900 0.3658 -2.46249231376636 0.0176296987817148 -0.0368289547588965 -0.0918401042989602 -0.0280741821978448 -0.644477016806189 2.70048643870258 372.563479655022 -333758.136553757 104.842763766051 148.879804051104 63.1513298109943 985727.220415875
183000 0.366 -2.45139489535124 -0.0423017701499253 0.0116735264046908 -0.082766741978039 -0.000713209317036635 -0.62768041855656 2.67192349902545 374.737101625194 -333773.583663159 104.845373600654 148.922893601417 63.1314145382693 985726.104651831
183100 0.3662 -2.51032072785219 -0.000629151683661294 -0.000627790228151151 -0.0743912918897068 -0.0342111800590065 -0.639711814761944 2.74706429659278 375.155392497257 -333776.079021811 104.869759987205 148.938917847133 63.1114992655443 985750.407798782
183200 0.3664 -2.5006000593334 -0.0214894840251224 0.00560206598205521 -0.0989525061014463 -0.0185965638165755 -0.618673317928071 2.71892781436147 373.696964722842 -333765.76530769 104.888462398691 148.939501388947 63.0915839928192 985618.951708122
183300 0.3666 -2.48300957945538 -0.00870172013627953 -0.0214731610294932 -0.0935017898445188 0.00190519558240945 -0.652886040114816 2.71951856095289 374.549994226163 -333770.926680751 104.918573974555 148.944254661973 63.0716687200942 985622.152889087
183400 0.3668 -2.51119016268744 0.0358005395198571 0.00392396211490197 -0.0855141224993114 -0.0328954179911703 -0.641816645955417 2.76910789770644 374.597084528116 -333770.318728898 104.913814572074 149.01617852177 63.0517534473692 985742.016394605
183500 0.367 -2.55142795796289 -0.0537483088579441 -0.00028541212294374 -0.0633834194212462 -0.0201007858091871 -0.62591197493842 2.75015581367574 374.043241478657 -333770.062030769 104.878758874595 149.051078289944 63.0318381746442 985332.105944043
183600 0.3672 -2.46688568089868 0.0184043021554023 0.0406462239487869 -0.0788006908185088 0.00542186700757894 -0.620965385506657 2.72175485577398 373.684162872596 -333765.399690429 104.937786692715 149.090364829203 63.0119229019192 985834.949189257
183700 0.3674 -2.55172585558209 -0.006625503262854 -0.0633066610304934 -0.0736052495487497 0.010382495692684 -0.623990950116602 2.74247334113446 375.085613352591 -333777.127559833 104.938224372996 149.042132615327 62.9920076291942 985208.653053489
183800 0.3676 -2.51974327469593 0.0259065536936272 0.0142524278400272 -0.0892475362089565 -0.0151388886390246 -0.623574933947212 2.76440256921772 373.53169929468 -333766.068775799 104.928347449586 149.151816113222 62.9720923564692 985529.214085309
183900 0.3678 -2.51187697318515 0.00952481733422037 0.0107117402052428 -0.0790791958781458 0.00196699262771999 -0.622108774772722 2.74595907749228 375.447221648509 -333781.388472672 104.909782122201 149.216376637835 62.9521770837442 985469.594166352
184000 0.368 -2.52288229948243 -0.0206593676147112 0.00245815170319261 -0.0645119969502659 -0.00117458242735784 -0.627841262135817 2.74126662164287 372.917742347797 -333762.840351747 104.917310662755 149.251435724671 62.9322618110192 985460.016358957
184100 0.3682 -2.50081998085049 0.00459237337155687 -0.00414075258238798 -0.0692817757554377 -0.0187826212476075 -0.622976963909342 2.72672814874251 376.180878191801 -333786.322021392 104.951333061079 149.245722228546 62.9123465382942 985429.899313042
184200 0.3684 -2.55476385060727 -0.00415898119922699 -0.0303108500624226 -0.0999814126583827 0.0118604647679741 -0.626798786322182 2.76561151504263 374.763225721183 -333776.403888493 104.961117212275 149.257800735759 62.8924312655692 985289.52727094
184300 0.3686 -2.52052148652409 0.0126352510697905 0.0618807681546193 -0.0762226632195074 0.00694399685355446 -0.626852085361724 2.78216817298644 374.848701077384 -333775.495410275 104.954374956278 149.359308704239 62.8725159928442 985584.083813268
184400 0.3688 -2.56556824172786 -0.012308425837052 -0.0264717452188654 -0.0797350116944659 0.00292917721120458 -0.608367389336179 2.75909496946948 374.479906371179 -333773.388294685 104.944390675346 149.364356419873 62.8526007201192 985211.459960665
184500 0.369 -2.49437606811069 0.0396520847327402 -0.000211240585167672 -0.0643891556977021 0.0169288719378163 -0.60564900204618 2.72683016830077 373.531248470073 -333764.544154824 104.981089026794 149.401319609649 62.8326854473942 985487.51993186
184600 0.3692 -2.52125850128624 -0.0274312107992197 0.0141481803586382 -0.0980867645882519 0.00162949778393534 -0.604057456127246 2.72912485199894 374.998991530002 -333777.290308243 104.975546204188 149.423369726687 62.8127701746692 985268.541155349
184700 0.3694 -2.5293554591986 0.0349636854413844 -0.0238023570852711 -0.0969442922535287 0.00652025142460584 -0.624390852129208 2.7615946792607 375.444656842585 -333783.574834231 105.006303001264 149.435428042481 62.7928549019442 985324.244847885
184800 0.3696 -2.52842135679176 0.00447023764448834 -0.00107652102376736 -0.101955200650174 0.0255447133563344 -0.636810846218387 2.76608886423316 374.489317562762 -333778.026676139 104.98538386837 149.4928089702 62.7729396292192 985193.663325584
184900 0.3698 -2.53241092968208 -0.0287897681829014 -0.0118457202728833 -0.072744446236726 0.0315178687489655 -0.645562568492068 2.75316835282835 373.514235301428 -333771.582941056 104.99255235061 149.544956586256 62.7530243564941 985291.930111764
185000 0.37 -2.53100638294222 0.0373785383207626 -0.0110637164625216 -0.109393277155597 0.0308073240000893 -0.640719008639935 2.7829552429165 374.958111755705 -333784.87063261 105.00751572791 149.584575708433 62.7331090837691 985380.604922985
185100 0.3702 -2.52460254172348 -0.0301561613355228 -0.00849666192476216 -0.086206755223182 0.0271065884063439 -0.640302354023969 2.74430697399194 375.686241199434 -333794.225759453 104.986020608968 149.647353238125 62.7131938110441 985279.469351705
185200 0.3704 -2.48109880353477 0.0227985109308205 0.0345134461330525 -0.0978357552064072 0.0258618747291123 -0.640132431011501 2.74936403523957 374.04701318036 -333783.819911659 105.047952886873 149.665826718005 62.6932785383191 985669.286941433
185300 0.3706 -2.4980429511654 -0.0143637464515725 -0.00626675253187892 -0.101093787466198 0.0232048081779765 -0.634423699785844 2.72554468541022 375.507353206419 -333796.202769815 105.067325967548 149.628631144719 62.6733632655941 985292.967955661
185400 0.3708 -2.48659106599707 -0.0140126954658513 0.0190985725877931 -0.0811241417918563 0.0251639063541493 -0.649134988405943 2.73539432347751 373.194595910582 -333779.907421031 105.082729077706 149.697221528822 62.6534479928691 985575.86370697
185500 0.371 -2.48970010322555 -0.011542394677137 -0.0106856773793804 -0.0719775441799679 -0.00237476669501972 -0.634743890007557 2.71434118707152 374.97346880632 -333794.982413402 105.093035392533 149.705756049467 62.6335327201441 985415.394537454
185600 0.3712 -2.49564447537575 -0.0209502250094689 -0.00413343371686159 -0.107068303996205 0.00256769095046116 -0.642995701910499 2.72777416885731 373.396064433935 -333783.891329747 105.092234911086 149.753976698697 62.6136174474191 985411.86525682
185700 0.3714 -2.5034080678096 -0.010859461225143 -0.00827454967010175 -0.090660661020282 0.015424498554337 -0.645688055670884 2.73776537767456 372.824636250639 -333781.789998844 105.105766078359 149.797155585015 62.5937021746941 985509.347719406
185800 0.3716 -2.47415327439448 -0.00787607135349697 0.0137244631361859 -0.0835070430806558 0.00551859838677094 -0.647110160454986 2.72277965577904 375.379283912021 -333801.643197982 105.121666220821 149.848928462151 62.5737869019691 985685.383594359
185900 0.3718 -2.45829259052616 -0.00721830142116219 -0.00689513923151499 -0.0878852718677821 0.00762275375165781 -0.647027873467762 2.69959966642655 375.3800548674 -333802.565795631 105.165801958441 149.84815430567 62.5538716292441 985780.290160929
186000 0.372 -2.47965526134138 -0.0093704527697293 0.00389347827746707 -0.0836767765523197 -0.0126853225506988 -0.691491245239817 2.75521636944391 374.190348960235 -333792.975218692 105.193245345003 149.848175940472 62.5339563565191 985723.750601899
186100 0.3722 -2.49858231879044 0.01212175225712 -0.00450561559072606 -0.0906547566216466 -0.0146925226237118 -0.651953672111079 2.75001786152106 372.81508814488 -333783.182251902 105.207658575863 149.881425125154 62.5140410837941 985763.521859603
186200 0.3724 -2.47725913704177 -0.01527316971862 0.0150517239569502 -0.105006735593137 -0.0248893457146732 -0.642178712045191 2.72196108383726 375.310002375877 -333802.200586068 105.190706005891 149.933281157067 62.4941258110691 985631.585882338
186300 0.3726 -2.44058838949332 -0.00739560589807083 0.000334870887694133 -0.0960761397008714 -0.0125008110857125 -0.642836438790443 2.68461791853951 374.082142635503 -333793.351954822 105.202275785488 149.96724032102 62.4742105383441 985649.058312025
186400 0.3728 -2.41898116624424 0.0283980063113277 -0.0186988568634346 -0.118420437630428 -0.0163329917082797 -0.637548125823242 2.67187057788648 374.061125267824 -333791.262678977 105.23182225995 149.990254357786 62.4542952656191 985762.844706292
186500 0.373 -2.44306995480004 -0.0173459442723658 0.0123885240671341 -0.143712933973801 0.0199318068351167 -0.645814581042121 2.69657749746866 373.217059559957 -333786.343992372 105.19744979227 150.085712789396 62.4343799928941 985753.589440481
186600 0.3732 -2.395534146445 0.012322678947527 0.0445024543905169 -0.113274783183103 -0.0118328179920034 -0.639270853872649 2.67230416898424 373.784870510696 -333789.619529397 105.19905066933 150.145651289384 62.414464720169 985847.70347134
186700 0.3734 -2.48244176937072 -0.00868150594917941 -0.01455954818158 -0.118707749518513 -0.0188150776737161 -0.627419405674362 2.70726531164639 373.511281870746 -333786.394109545 105.202415442308 150.153737832364 62.394549447444 985617.74078855
186800 0.3736 -2.43274450518372 0.0099248862707843 0.0188685003341929 -0.106798109589917 -0.0140936381385375 -0.614268911539233 2.67494903205604 372.422300316058 -333776.548428294 105.25653501629 150.150549175138 62.374634174719 985789.086121195
186900 0.3738 -2.43522905835275 0.0323638729497496 -0.0118823997830417 -0.115700609680173 -0.0221721767865943 -0.616957924136449 2.67681466810996 374.325559567518 -333789.572207184 105.282777508558 150.145753852324 62.354718901994 985688.555773164
187000 0.374 -2.47701732806 -0.0231009387143297 0.0028879989790642 -0.144238583959108 -0.0139665147874321 -0.635115358382405 2.71279741304108 374.46059325651 -333789.321311718 105.261892186216 150.198076640842 62.334803629269 985521.582655315
187100 0.3742 -2.48772134949611 -0.0107738069044969 0.00434602187174557 -0.0918371113680084 -0.00417704918650702 -0.628781079289922 2.71742528986844 372.492034016746 -333770.951577638 105.284476067079 150.231143857744 62.314888356544 985635.042165971
187200 0.3744 -2.46805784371749 0.0104811502439012 -0.00529494122118095 -0.129491483228653 -0.0289697470267001 -0.631186809795546 2.71151526084122 373.603399409524 -333779.335723336 105.320751373777 150.218186452808 62.294973083819 985574.516942832
187300 0.3746 -2.48301994217382 -0.00110149323740257 -0.0413359082669368 -0.129851291945633 -0.0110878856474335 -0.607066371259741 2.68667472787597 375.231593912586 -333790.503279005 105.345972917843 150.227951580901 62.275057811094 985559.442647975
187400 0.3748 -2.47445215284532 -0.00902641495621699 0.0128265061275064 -0.129611584685477 -0.0141997007535665 -0.59788373758655 2.69371038670895 375.008662101557 -333788.023283986 105.317136033951 150.322463907841 62.255142538369 985594.242683774
187500 0.375 -2.49072703040468 0.0190274628480738 0.0504964573876974 -0.112498083210401 -0.00223596409312327 -0.581479502000733 2.72601816813261 373.872454863793 -333777.308597796 105.306854409292 150.395484233177 62.235227265644 985661.325510962
187600 0.3752 -2.52399595334158 -0.0726981883586431 -0.053994609033749 -0.130424523932564 -0.0208426932747052 -0.596567710993731 2.67863260321475 374.635105548756 -333784.405162387 105.319321241329 150.35264653201 62.215311992919 985181.871870548
187700 0.3754 -2.46879197546243 0.0493339469802647 0.00697001718993753 -0.147168058606842 -0.0430558136313815 -0.583945091849535 2.70732109041646 373.850514078225 -333777.505507093 105.411664367583 150.36055532025 62.195396720194 985781.886690352
187800 0.3756 -2.52531758236019 -0.00799289828806743 -0.0269413512182527 -0.138692074860054 -0.0109419865326918 -0.585727528143479 2.71604106529911 372.828233641106 -333768.391107569 105.396688443671 150.370956767185 62.175481447469 985394.390067816
187900 0.3758 -2.51608858339984 0.00854191448084024 0.00255590691440426 -0.137456631405323 -0.0158443174979092 -0.59353396284726 2.73367268061767 373.866255454382 -333776.682987161 105.399262786092 150.442814622298 62.155566174744 985573.573321062
188000 0.376 -2.51693595164503 9.15397430399089e-05 -0.0226332581679022 -0.127376518064873 -0.00730282886029601 -0.569972672016459 2.70225567522638 374.28267048104 -333778.549733283 105.384637361373 150.480050019505 62.135650902019 985364.891821211
188100 0.3762 -2.50310222440697 0.0239542856858106 0.019008791003048 -0.131135840123392 -0.00641874056769611 -0.568740521412983 2.71949485880441 373.558825036372 -333772.541276973 105.39502158892 150.562813462239 62.115735629294 985687.959518983
188200 0.3764 -2.5160690680025 -0.0231167932942239 -0.0119726947816001 -0.135104793044513 0.00487654450305748 -0.568179748033836 2.69555798977475 375.898744179046 -333791.443644209 105.396413806588 150.546019884083 62.095820356569 985275.04034974
188300 0.3766 -2.51736904949864 0.0241378139663917 0.0017153551981545 -0.141947901274656 -0.00112632606156805 -0.570600224524005 2.72763236991029 372.953506395029 -333770.772071579 105.442543834326 150.574451933315 62.0759050838439 985576.242862607
188400 0.3768 -2.53863812958932 -0.0168479186247609 -0.00566013482077496 -0.154689384895745 0.00161922447285777 -0.544327929790536 2.71080011192535 374.16282416105 -333779.67788263 105.443882744889 150.605967248971 62.0559898111189 985478.777940395
188500 0.377 -2.52841972835338 -0.0224050629929297 -0.028306586418873 -0.145247819542735 -0.00493208536860937 -0.539287645262574 2.68350745916041 374.370858623105 -333780.36320296 105.490176689107 150.612007003967 62.0360745383939 985634.563694471
188600 0.3772 -2.51220726202374 0.0424886834626342 -0.000575670874378981 -0.146489312705363 0.00463289993865628 -0.510095327194389 2.69505900808351 373.097774986765 -333771.019119978 105.529683164421 150.61774823115 62.0161592656689 985724.727248834
188700 0.3774 -2.51971156114077 -0.011697568437019 -0.0218806602601796 -0.138942277020916 0.0136762486476995 -0.500501493102041 2.65982701849764 373.595521002047 -333772.556008556 105.514642128896 150.668543460797 61.9962439929439 985600.009473568
188800 0.3776 -2.51648745631793 -0.00162488356207012 0.0469341845607396 -0.163556877438628 0.0126655541021842 -0.506045355191612 2.70147934208698 373.812401434086 -333772.423205703 105.534915015164 150.737478317941 61.9763287202189 985923.587456926
188900 0.3778 -2.5655233580042 -0.0328976099044881 -0.0181957154377318 -0.165132036794155 0.0313353794034593 -0.490890958135795 2.69431197287615 373.156661108343 -333766.383807931 105.551712018427 150.705332942086 61.9564134474939 985553.425680054
189000 0.378 -2.52972777837085 0.0325419869674346 0.0154583846862575 -0.138936941282762 0.0326278777280112 -0.51397115478018 2.715759304916 373.923326382958 -333768.840208887 105.607518210987 150.743282992197 61.9364981747689 986005.763053275
189100 0.3782 -2.57972322472547 -0.0124127140976418 -0.00212610266079652 -0.143267494523582 0.0383097324244473 -0.480622408584043 2.71598441245001 375.468070245743 -333778.214166782 105.589286950918 150.736067251957 61.9165829020439 985471.383224176
189200 0.3784 -2.54269406976588 0.00377132594138439 -0.00198303743665599 -0.172283461349527 0.0631250665440699 -0.480699741854737 2.69519603326286 373.350235994724 -333762.462390052 105.609993372979 150.787067052792 61.8966676293189 985680.982579082
189300 0.3786 -2.55350236319418 0.0123542327760352 -0.0334862586604304 -0.168008032930533 0.0483749754132867 -0.486657204385683 2.69635077656672 375.911357098536 -333778.850977478 105.604669832894 150.829523615429 61.8767523565939 985591.600942333
189400 0.3788 -2.55026907913271 -0.00896029504300684 0.000657448561076451 -0.146606520471053 0.0359498792528781 -0.520605233963701 2.71371176053531 374.186836068684 -333763.412017169 105.580063536205 150.904660631224 61.8568370838689 985535.52020784
189500 0.379 -2.54263074021504 -0.0169430162943994 -0.0210504816015154 -0.141716284920176 0.0324039697805926 -0.497123820469295 2.67834613557945 373.321062264198 -333755.6645384 105.595028248552 150.917037334257 61.8369218111439 985438.678368618
189600 0.3792 -2.56395707829411 0.0110969320369123 0.00113743036077508 -0.133094213102704 0.0257188252781131 -0.496799842732069 2.72046189587075 374.380957906411 -333762.658531983 105.624192196456 150.921010766551 61.8170065384189 985419.328282973
189700 0.3794 -2.60691694678471 -0.0352481915871696 -0.0359472745295298 -0.121945714543774 0.0384042722042914 -0.516306734203379 2.73138018829762 374.949594773112 -333765.307678146 105.638721946431 150.919588781441 61.7970912656939 985228.089176335
189800 0.3796 -2.53620060571406 0.0303226017531354 0.00189203376208679 -0.112978761167882 0.0292706690705477 -0.506112065074767 2.70632465605752 373.028665903963 -333750.714438429 105.696391773122 150.943082922398 61.7771759929689 985601.666905021
189900 0.3798 -2.5602770091042 -0.0269112957423807 -0.0347927248192367 -0.13677143047065 0.0290798676917377 -0.501121510594632 2.68515584393192 374.918504005866 -333766.348623783 105.689164245793 150.981918143885 61.7572607202438 985470.042416699
190000 0.38 -2.54448508375729 0.0149930140526 0.0413132960331621 -0.13789941584245 0.0125020371183459 -0.496707788261645 2.72335466032139 374.978223101872 -333764.113124057 105.708683443078 151.054662527791 61.7373454475188 985808.936626355
190100 0.3802 -2.58271925565596 -0.0215589345065957 -0.0200756575163809 -0.143062922087695 0.0332544882994478 -0.505539671604098 2.7193331832666 374.083589232943 -333757.641385861 105.726899346164 151.023769204247 61.7174301747938 985459.17036109
190200 0.3804 -2.55911556441711 0.0183098847779715 0.013994697074924 -0.12842193516665 0.00372291798352924 -0.50768511465894 2.73034231919535 374.337332469342 -333757.325222401 105.75487177866 151.06771178648 61.6975149020688 985688.536136678
190300 0.3806 -2.53787689554207 -0.0238630787205581 0.0155277511001036 -0.126444941331591 -0.00654874493355336 -0.497089717225591 2.68518796134061 375.461822164319 -333763.385592339 105.736414090124 151.139101529219 61.6775996293438 985663.960500015
190400 0.3808 -2.54526772164509 -0.00922672572765856 -0.00371208216826949 -0.139127111070797 0.0217654751471554 -0.524665725561026 2.70755098640399 372.594879708891 -333740.604262126 105.748709697703 151.164644801173 61.6576843566188 985626.825531077
190500 0.381 -2.51510752366956 0.0323971003775516 -0.00456737487851542 -0.123350933937961 0.0172091603530869 -0.510033076765009 2.68773418567117 375.030135115263 -333758.41452374 105.780157775262 151.192870816614 61.6377690838938 985785.521664657
190600 0.3812 -2.54565993342779 -0.0366057126169043 0.0062594524058515 -0.14523884939904 0.0390079781649933 -0.507170694557448 2.69151550358287 375.069841020799 -333757.358489473 105.772333774986 151.233022080565 61.6178538111688 985655.807239654
190700 0.3814 -2.52565367154296 0.00650162706492639 0.0181556228749315 -0.148635042635944 0.0294391481585797 -0.50636090007087 2.69806174883367 372.937559101109 -333740.549655394 105.795384410572 151.265294700577 61.5979385384438 985762.282131145
190800 0.3816 -2.53749715553027 -0.0209899845693587 -0.00188724215356156 -0.128508221815432 0.0374102663707556 -0.505114051053156 2.68335754821569 374.27283165973 -333750.226766424 105.820279175634 151.264775581519 61.5780232657188 985672.077173312
190900 0.3818 -2.52955504163926 -0.00234536419875407 -0.0101586931837719 -0.124889857726186 0.0514017225649073 -0.500753491843953 2.67844822629691 373.373981381027 -333743.172987097 105.874509567877 151.264523032235 61.5581079929938 985856.620081038
191000 0.382 -2.48151228379675 0.00141190596699196 -0.0198984006811346 -0.124517429682677 0.0404733204032246 -0.498526529179146 2.62858686867667 373.667995692242 -333744.933034242 105.89619909499 151.293671720939 61.5381927202688 985929.525910934
191100 0.3822 -2.45465581199483 -0.00219010293816799 0.0123070736516684 -0.106126677405873 0.0456076745550241 -0.51951454810342 2.62679784960177 375.669827327222 -333758.094933563 105.869807712531 151.376496095802 61.5182774475438 985904.250871928
191200 0.3824 -2.4532761385537 -0.0177496985931084 0.0345460317519478 -0.120059726176872 0.0426784136959483 -0.536176110077627 2.64065395966636 375.081104482391 -333756.293581203 105.873045392132 151.435321666698 61.4983621748188 985998.239996659
191300 0.3826 -2.45686702416152 -0.00786167439980041 -0.0394205506740728 -0.105325387746054 0.0363720236153551 -0.517205663531222 2.60020950855668 373.044775220595 -333742.855278652 105.908052403802 151.434435415981 61.4784469020938 985999.085186685
191400 0.3828 -2.42857810581131 0.0272335945866905 0.0155665102885623 -0.117139215673088 0.0450325385942778 -0.50301514764448 2.60937087416881 372.07194198271 -333735.855752025 105.935316467394 151.498150435753 61.4585316293688 986348.25133683
191500 0.383 -2.33186574966879 -0.0311398180069492 0.00921761113164708 -0.129289846693902 0.0203625689711771 -0.52904588350128 2.50576935391727 376.543306964728 -333770.709613329 105.934905156003 151.544590601725 61.4386163566437 986327.05815718
191600 0.3832 -2.30744633435596 0.013931428407043 0.00458708853233345 -0.104116094410824 0.0212399098501371 -0.529880060903753 2.49867621208369 373.179003507964 -333748.241077368 105.982335370406 151.55774666819 61.4187010839187 986534.442743769
191700 0.3834 -2.32331708007255 -0.0237597442805115 -0.0314124854893201 -0.10455992049821 0.0385137745353503 -0.533801811442405 2.4824395205051 375.562705736556 -333768.612349014 105.996265292252 151.55292092679 61.3987858111937 986312.773017686
191800 0.3836 -2.26662927159572 0.0230100823908648 0.0204484200680204 -0.0962848708153828 0.0494406698860164 -0.551070852307222 2.48651812217806 374.663929413431 -333764.208983593 106.017440685625 151.645508295986 61.3788705384687 986792.317209853
191900 0.3838 -2.27473515557196 -0.0453563688754192 -0.0303527168508907 -0.108096172554407 0.0292548976366001 -0.588023848504068 2.46551044240165 376.070495865887 -333778.848068295 105.995390528161 151.677923812576 61.3589552657437 986477.788426139
192000 0.384 -2.26047727596787 0.0255847558802572 0.00563838025571901 -0.107982846213761 0.0310750033245558 -0.550546116830355 2.47549182029854 375.665616554387 -333779.407268429 106.007521566328 151.768693705876 61.3390399930187 986860.693991983
192100 0.3842 -2.26426042652802 -0.0472012645641516 -0.041824835706904 -0.0965338604033418 0.0527249396832505 -0.563132259948827 2.43206702980899 374.803759510774 -333779.043036668 105.983453944509 151.810645300862 61.3191247202937 986588.939157604
192200 0.3844 -2.20392914344127 0.0528071651624491 0.0373052715917548 -0.110106815395526 0.034152037992252 -0.545940774249711 2.4478845956567 374.863528395973 -333780.814901671 106.022408939049 151.888982863174 61.2992094475687 987140.147109652
192300 0.3846 -2.20837214579454 -0.00711942364386411 -0.0234997387848934 -0.125569616811372 0.0265314352966386 -0.507335537833791 2.37303763754991 376.662899973845 -333799.189560976 106.011281823458 151.879987507492 61.2792941748437 986657.435018212
192400 0.3848 -2.16671371982921 0.026008308714726 0.0386814047385103 -0.107801325396487 0.00636302066966103 -0.524198987449426 2.38648646661629 376.378081451687 -333800.711746181 106.065760751022 151.891005674945 61.2593789021187 986915.246117833
192500 0.385 -2.23900890230546 -0.0112986987951561 -0.030522782575533 -0.107523853548397 0.0141875937085418 -0.51397654280341 2.39750709883793 374.238917124068 -333789.732005103 106.069706622387 151.861925648465 61.2394636293937 986442.212084548
192600 0.3852 -2.22797880459524 -0.0365388540690937 -0.0150714753930397 -0.134761987042008 0.0264004134689324 -0.508195898022055 2.38354293303496 374.777016228239 -333799.520626313 106.069458612911 151.901158715211 61.2195483566687 986373.87301962
192700 0.3854 -2.20511753936981 0.0165516315698467 0.015020330459102 -0.119193087562178 0.0347499168251122 -0.496734450486351 2.3914207482046 375.381362066697 -333807.48662453 106.114307339703 151.925532482864 61.1996330839437 986628.210746877
192800 0.3856 -2.26724844510543 -0.00458601018434891 -0.0360930443649473 -0.118061889550501 0.0301007789966741 -0.501838116587772 2.41855384283502 373.209112892129 -333796.584817396 106.123406806613 151.913765854819 61.1797178112187 986315.328584213
192900 0.3858 -2.31062689399749 0.00261479437809969 -0.0201738315423458 -0.126573159364205 0.0107253612757558 -0.493507278783586 2.46534916950623 374.273318989622 -333808.037406752 106.130262142352 151.964424913951 61.1598025384937 986386.77861462
193000 0.386 -2.30720057886558 -0.00980242993269488 -0.0261074592480795 -0.112449219583258 0.0157862903730007 -0.515415995367751 2.46505334855504 373.753401617357 -333808.686427087 106.098776006159 152.052357180187 61.1398872657687 986343.449091049
193100 0.3862 -2.26344250770556 -0.0061370522351433 0.0194796749388359 -0.12905979162006 0.0208395258941894 -0.483356551849652 2.4302431420774 373.763686792213 -333809.747307397 106.079247400494 152.135379357847 61.1199719930436 986378.956059193
193200 0.3864 -2.28276354477044 0.0199515016502366 0.0266080997134351 -0.119616320978917 0.0176218931305275 -0.49043706933007 2.46643679968358 373.778906762045 -333809.904208335 106.107059796298 152.143831414008 61.1000567203186 986370.880794707
193300 0.3866 -2.29031323871056 -0.0624137286065802 -0.0196014660498058 -0.142224064106924 0.0285540117531363 -0.507516060784083 2.4282910121276 373.592284481538 -333808.486437523 106.13205246751 152.120393089506 61.0801414475936 986129.693599358
193400 0.3868 -2.27124759622602 0.0265143558294646 -0.0103653429519182 -0.129987297029206 0.054929928432596 -0.501195981692106 2.45146151332334 372.7781662619 -333802.251669527 106.193823858842 152.110833563761 61.0602261748686 986319.942374895
193500 0.387 -2.30156266344526 -0.00316241733564979 -0.031070935625162 -0.124390110629849 0.0304794393735403 -0.494551734093503 2.44994440182434 374.513256047589 -333817.952627929 106.184375792046 152.14905947758 61.0403109021436 986158.284392015
193600 0.3872 -2.25280975100049 -0.00259138428055438 0.029116047671511 -0.133544577941897 0.0426912909606855 -0.489246948321125 2.43164440987865 375.028161709422 -333823.838237934 106.186419086527 152.232835314967 61.0203956294186 986398.335184743
193700 0.3874 -2.30185683678683 -0.0083726482400974 -0.0167791809649059 -0.102800659118553 0.0417161036932307 -0.506851076439377 2.45936553008137 373.856679982677 -333815.730429522 106.213879689826 152.239677064072 61.0004803566936 986375.73871754
193800 0.3876 -2.26756132731232 0.00117559660585877 0.0176881977361032 -0.092115280123651 0.0300149559173489 -0.51124557806703 2.44891345995569 373.908063732886 -333816.669952733 106.254194687296 152.242981403133 60.9805650839686 986449.390480643
193900 0.3878 -2.31086617654915 -0.0208042902530791 -0.0068130381474959 -0.105779608148817 0.0122492984336483 -0.518146349710098 2.47306794548398 375.932783128156 -333833.97968862 106.27491045032 152.232382689972 60.9606498112436 986250.826765482
194000 0.388 -2.30375838503862 0.00667354910543008 0.0219341485431006 -0.0675972982677257 0.0496929044021719 -0.510890835828951 2.48550434747716 376.200251850642 -333836.226280297 106.278846439398 152.297829919751 60.9407345385186 986389.02543217
194100 0.3882 -2.2924270091809 -0.018702200214402 -0.000194953874863903 -0.0549985233803634 0.0343663399770301 -0.51792386908001 2.45552447786729 374.966743188982 -333829.066283767 106.286716329012 152.338147767714 60.9208192657936 986400.754810197
194200 0.3884 -2.2636628921201 -0.00813383793514161 -0.0294805847347449 -0.09051030827705 0.0475999430789506 -0.520145214910228 2.42543718440433 375.089212086346 -333832.40594311 106.33127939704 152.338345726597 60.9009039930686 986493.013401494
194300 0.3886 -2.28684498156647 -0.0158972738324421 -0.00600221587994478 -0.072210015740319 0.0316771743982209 -0.539920915640516 2.4643395742675 373.885104622247 -333825.511144263 106.364988325526 152.358077690582 60.8809887203436 986610.829399726
194400 0.3888 -2.32132310508597 0.0194495983038869 0.00987413023862874 -0.0795091886225095 0.034804057270335 -0.54436049730981 2.52358449388607 373.475026715246 -333822.687251302 106.397986207179 152.366912562636 60.8610734476186 986651.27999601
194500 0.389 -2.30953170798311 0.00826452938979823 0.00459909706064054 -0.0798431999785351 0.0526720971387547 -0.556190473898671 2.5137996135491 374.591876225946 -333830.866366368 106.413387532682 152.379459105742 60.8411581748936 986552.42620906
194600 0.3892 -2.28826212026589 0.00747488692061127 -0.0147961312049507 -0.102560332397075 0.0286328264307635 -0.529352388990014 2.4686905923376 373.459908347276 -333821.83928979 106.408423324212 152.423513538388 60.8212429021686 986468.60351841
194700 0.3894 -2.31367002433713 -0.013235163595679 -0.0105718066011141 -0.0963083771000976 0.0303423488162176 -0.534003374773366 2.48680542442789 373.463381885271 -333822.372815907 106.3783596107 152.48910594633 60.8013276294436 986291.225899011
194800 0.3896 -2.30422915908463 0.00285360351850134 -0.0178431305684876 -0.104936219773501 0.0255943064137346 -0.505356660345883 2.46504893430929 376.128136180944 -333844.213484346 106.37979889649 152.550089166557 60.7814123567185 986375.821795213
194900 0.3898 -2.27147039196801 0.0114407919290033 -0.0102016811302181 -0.107787873672649 0.029664464643434 -0.523504797544342 2.45405999602379 375.188996582101 -333836.533495945 106.378732116787 152.600961125632 60.7614970839935 986371.566309938
195000 0.39 -2.31259666557007 0.0172951959699821 -0.0327144795223728 -0.110937510154686 0.0483315587765322 -0.530892737844512 2.49075298407388 374.135621785156 -333830.370174998 106.371501176281 152.641030747569 60.7415818112685 986240.143358058
195100 0.3902 -2.29847067904154 0.0104614508784669 0.0403753036787306 -0.102150029632314 0.047333584088936 -0.529493189150453 2.50604187461152 374.004191276604 -333831.015088428 106.348373539429 152.770255166877 60.7216665385435 986536.910840844
195200 0.3904 -2.32069179444037 -0.00890654250571772 -0.0209888916095356 -0.0976734561939886 0.0494911501652955 -0.490021679143983 2.46432493998203 373.500852093942 -333829.493814863 106.350984768944 152.793159255938 60.7017512658185 986385.426785952
195300 0.3906 -2.31704879207396 -0.00128809212241092 -0.0107221158678199 -0.131017826512052 0.0448346438306643 -0.525222847744384 2.49521426868402 373.517850838419 -333828.542346119 106.378278432085 152.800270711823 60.6818359930935 986360.776149518
195400 0.3908 -2.32970360835279 0.028411007182093 -0.00731219604001178 -0.110966948760951 0.0192469050023061 -0.519464375831924 2.51501954547071 373.531344671145 -333828.020926115 106.392862494447 152.824607480286 60.6619207203685 986329.312133584
195500 0.391 -2.33503712915388 0.00345852985936303 0.0022942030813985 -0.117912625748432 0.0484701456287648 -0.551469567386024 2.53514394226599 373.697679577563 -333830.456399223 106.400511616031 152.839793262492 60.6420054476435 986174.373567277
195600 0.3912 -2.34117121355694 0.00445248590313761 -0.0501396490309317 -0.106568332341503 0.0158094680460915 -0.556125748825376 2.51784154125981 374.072917640495 -333833.74066748 106.429717964466 152.849679981291 60.6220901749185 986184.906287051
195700 0.3914 -2.32024802994755 0.0396178900289718 0.00817700871316835 -0.105489823842184 0.0403033800676159 -0.557648058704019 2.54301610164777 373.371251128419 -333830.001389227 106.406552239033 152.977546623287 60.6021749021935 986470.889005764
195800 0.3916 -2.33357763394792 -0.0212317215392967 0.00160070280699706 -0.107157693645014 0.0271433015728581 -0.570866121593702 2.53270297865245 374.042406692817 -333834.968567292 106.375617428184 153.053295202203 60.5822596294685 986348.176424507
195900 0.3918 -2.32275847708028 -0.00243107550401551 0.00789738775994691 -0.112331416555625 0.0212782717535095 -0.596807477124168 2.55259518416516 374.628577305161 -333841.425669514 106.417412232469 153.057926893095 60.5623443567435 986441.191008142
196000 0.392 -2.30845498545398 0.0253968401716738 -0.0279034763587884 -0.108138090463359 0.0322300610317214 -0.573725217881753 2.52011705559629 375.476376877158 -333851.16272735 106.454437718477 153.022366135923 60.5424290840185 986230.717651436
196100 0.3922 -2.30197616160551 -0.0105773718428365 -0.0136497160057309 -0.1240945405469 0.0470349424816449 -0.565019640971408 2.50081080727865 375.055857047627 -333852.798892295 106.436932242768 153.083856389416 60.5225138112935 986140.286023159
196200 0.3924 -2.2645426245506 0.00303218458830441 -0.0172751617010613 -0.106298642330465 0.0422100118042976 -0.552360771144953 2.45983942572303 374.27580156977 -333848.320120989 106.438639213169 153.152536296511 60.5025985385685 986273.886784834
196300 0.3926 -2.30494854884259 -0.0376904494772768 0.00875093404843765 -0.135948940936117 0.065711479525404 -0.570334906676478 2.50841718036614 375.980765032993 -333864.331933794 106.445974006234 153.164227565124 60.4826832658435 986092.453752859
196400 0.3928 -2.31686127369702 -0.00191501289103009 -0.00361627001725062 -0.0908468248861849 0.0819871860231022 -0.578287472624894 2.5304574886073 372.569561516314 -333841.436383089 106.503838529064 153.134419899415 60.4627679931185 986111.681753182
196500 0.393 -2.3124259780358 -0.00575052463025691 -0.0322592736916068 -0.0878695189356453 0.05271436676814 -0.576384526037519 2.50768104359225 373.810012305291 -333850.655929988 106.525141859565 153.14754105971 60.4428527203934 986068.539627699
196600 0.3932 -2.27638677201994 -0.0140036286025453 0.00223287237713164 -0.102089593096159 0.0755405557764321 -0.555676997390307 2.47590206909533 373.507718410012 -333848.277879044 106.509642568038 153.249797053101 60.4229374476684 986258.297258086
196700 0.3934 -2.29748451086347 -0.00367296907073979 -0.008698513572189 -0.0844221727459878 0.0620907408486906 -0.578058673475842 2.50708427727723 374.389940045825 -333855.119698247 106.509776870422 153.274762482838 60.4030221749434 986095.087209593
196800 0.3936 -2.26889067818149 0.0140080581709099 -0.00616128748345967 -0.125213154801704 0.0591521833536186 -0.566955600517492 2.48753628574605 374.085082947103 -333852.814240773 106.519674889788 153.321910586533 60.3831069022184 986164.829481663
196900 0.3938 -2.28544725894167 -0.01069464598963 0.00575993450478819 -0.139075692089104 0.0654818136413229 -0.5649882596567 2.49814436174519 373.302944516942 -333848.122898788 106.527307789116 153.352564640478 60.3631916294934 986107.335341888
197000 0.394 -2.27769508801018 -0.0024134927385031 0.0108836662716935 -0.127369265323417 0.0944160291432613 -0.5668595185447 2.49934771962684 373.536155500941 -333848.50303099 106.552606062243 153.377932535634 60.3432763567684 986179.208614596
197100 0.3942 -2.3040019165022 -0.0285323811785698 -0.0206335546770583 -0.111726605847714 0.0854823023940685 -0.573424158733273 2.4983221388769 373.053383966142 -333846.17692934 106.581598617378 153.384029116394 60.3233610840434 986161.181060512
197200 0.3944 -2.30475709178133 0.0251021413185686 -0.00364210665240826 -0.102061803952932 0.0743222383138987 -0.553582397842267 2.51580640366529 373.619338547343 -333849.204567944 106.626772059699 153.403610076077 60.3034458113184 986379.348313026
197300 0.3946 -2.34799011724729 0.0113038781026944 0.0162740911148224 -0.106822174909456 0.0880769142228283 -0.540214831915787 2.5516701994393 373.968690569546 -333850.041753894 106.617202502142 153.447567219658 60.2835305385934 986247.623102718
197400 0.3948 -2.36194846468705 -0.0175246644915737 -0.0208030307314088 -0.0779817925144678 0.0838624256323495 -0.576603887551932 2.55448745375269 372.602620337726 -333839.407953847 106.619698844547 153.4784285481 60.2636152658684 986143.183625779
197500 0.395 -2.31827182138946 0.0331280084870517 0.00425263759544711 -0.0970195946431001 0.0805833464215325 -0.571697215774145 2.54759689840301 373.967579482418 -333849.300226196 106.643046598876 153.541834420928 60.2436999931434 986440.525055437
197600 0.3952 -2.32090380196369 -0.0345654389128702 -0.00212973107679984 -0.0975495791032095 0.064807291650226 -0.592939646066318 2.52951263617985 374.987614731622 -333858.731201367 106.621183612816 153.595308881684 60.2237847204184 986255.631344665
197700 0.3954 -2.29598439257299 0.0287581485033299 0.0316225017072249 -0.121037383408769 0.074324016687586 -0.578559779446719 2.54476158974714 373.596223624451 -333848.353496398 106.647091339595 153.645672620632 60.2038694476934 986492.421974723
197800 0.3956 -2.35001887654 -0.021204624684886 -0.0569070155347429 -0.0957320064166443 0.0546392180330582 -0.569395178094542 2.52003750643336 372.916874922693 -333844.57672281 106.644586609605 153.646766432846 60.1839541749684 986149.952181334
197900 0.3958 -2.30504280649135 0.0324250019843703 0.0290094836675173 -0.0913141805822992 0.071530435971499 -0.568573730734067 2.54282847783534 373.8472172147 -333850.688375939 106.637138299883 153.773780960245 60.1640389022434 986569.666083374
198000 0.396 -2.32174527125162 -0.0212948523489209 -0.0104624671975695 -0.0904722285123169 0.0508230176838572 -0.571263607548107 2.51563903870545 375.592801793273 -333865.535872449 106.600721787061 153.827515090563 60.1441236295184 986250.805530103
198100 0.3962 -2.33700550883324 0.0410122692939814 -0.00998317574144766 -0.0860773909147288 0.0474040583659608 -0.555519962330824 2.54775934600947 375.021825966122 -333860.275578944 106.641489866291 153.847422832865 60.1242083567933 986428.929668213
198200 0.3964 -2.37342874902043 -0.0174102584068893 -0.0283277269556843 -0.101360896259042 0.0608211591973439 -0.508261882528441 2.51835873521714 373.992601168618 -333853.894562303 106.629331524162 153.861213369571 60.1042930840683 986078.144423765
198300 0.3966 -2.32068821626954 0.0393678391775319 0.0116193654361581 -0.0823339070888664 0.0763890010814686 -0.517064435605096 2.51893945066087 374.860058440663 -333861.495767468 106.642956684005 153.952602982393 60.0843778113433 986462.957871072
198400 0.3968 -2.34704187970699 -0.0254400214625226 0.0335932868830424 -0.0868820752602123 0.0504280105143414 -0.534997483193637 2.53363638213146 373.822369313614 -333854.436014785 106.609224174048 154.010663009073 60.0644625386183 986195.845544578
198500 0.397 -2.35944303029511 0.0304573682611705 0.00220397885997053 -0.0847757396241056 0.0396904797952501 -0.540316593387353 2.55871300195164 373.573254931197 -333852.580170799 106.653254659242 154.008888065559 60.0445472658933 986264.662824383
198600 0.3972 -2.38911116079231 0.0250820405882173 0.000211229558672915 -0.110266301712899 0.0557740571675826 -0.570875383131147 2.60622499899134 375.867562202415 -333867.776780138 106.66488341275 154.005225767867 60.0246319931683 986021.595595691
198700 0.3974 -2.41990434046801 -0.0355185793544515 -0.00253236237152254 -0.118049981562916 0.081197504103775 -0.529782696206911 2.5823692664797 373.125775310658 -333848.135127281 106.645184451156 154.083073788273 60.0047167204433 986010.575674832
198800 0.3976 -2.38556422243331 -0.000296228365139783 0.0554681822881716 -0.0909922875963167 0.0413613143331166 -0.57418860436761 2.61623295241343 373.905790124685 -333852.912845381 106.682120278775 154.112537797085 59.9848014477183 986213.257431307
198900 0.3978 -2.42142391479705 0.0128369751689818 -0.0268895508720893 -0.0914259345120885 0.0542374523406942 -0.537666002848288 2.5945433025339 376.025956101526 -333870.640764819 106.73599131472 154.020124208997 59.9648861749933 985792.184994288
199000 0.398 -2.46436797043328 0.0109218115737946 -0.00150607625132615 -0.111331796246551 0.0633938564256167 -0.5595684175893 2.66177430018271 373.683017920608 -333851.207045568 106.749481932611 154.069728697426 59.9449709022683 985906.767125867
199100 0.3982 -2.48714034040459 -0.0411841942796365 -0.038666069496392 -0.114563359194738 0.0615559800472191 -0.565206003005014 2.64536995822069 374.139693822002 -333854.668518828 106.722181655408 154.107126912514 59.9250556295433 985566.343825127
199200 0.3984 -2.46660217660363 0.00204989794502262 0.0174803288087128 -0.105580153280127 0.0813902612874079 -0.572188116663942 2.67732812357477 374.074361350425 -333855.035760226 106.739253942367 154.166004260511 59.9051403568183 985772.887726788
199300 0.3986 -2.45965217247113 -0.0165950298626345 -0.0186371017526814 -0.111064113834815 0.0755685607242957 -0.558673213774793 2.63704916287414 374.696198499835 -333859.249070499 106.729177831248 154.218260351544 59.8852250840933 985686.140189209
199400 0.3988 -2.48348260700423 -0.0110930514209497 0.0166715766333951 -0.114108298400194 0.0719779646682853 -0.548760453464166 2.67210491277716 375.653133256277 -333867.57684347 106.737310903914 154.271861071849 59.8653098113683 985775.931379818
199500 0.399 -2.5022485665562 0.000838713884767551 -0.0215544212659805 -0.138119555126162 0.0495483052007586 -0.526578735375041 2.66577325480981 374.453469613616 -333859.015581409 106.764039844551 154.275731068941 59.8453945386433 985719.495872734
199600 0.3992 -2.45471466943566 0.0135248433622359 0.0139042329945043 -0.137569444626409 0.0540420473729579 -0.534217855927824 2.64855558723392 374.47264846749 -333859.963702555 106.78579892953 154.329974267503 59.8254792659183 985938.830797537
199700 0.3994 -2.48173723559202 -0.00928205246484631 -0.039259392228787 -0.132171488162327 0.0531688892705302 -0.533236803225059 2.63699237931113 372.82535961307 -333848.28057796 106.797464491819 154.352347049896 59.8055639931932 985861.189644828
199800 0.3996 -2.46871557457669 -0.00398851163693502 -0.0218585758805507 -0.104221911510282 0.0543880538313988 -0.539938285628152 2.63575698075571 374.679693425313 -333862.437968153 106.758907914176 154.451873047439 59.7856487204682 985812.334978155
199900 0.3998 -2.45019075435142 -0.0131958098270972 -0.01639517908848 -0.103427018897331 0.0523652892069292 -0.539349988740714 2.61613661631118 375.868914632691 -333873.91446946 106.736376450957 154.532885449897 59.7657334477432 985792.755963258
200000 0.4 -2.41288700966304 -0.00116610038255587 -0.0064393158864311 -0.130728427121639 0.0416238714106525 -0.54553691137124 2.59865484375373 373.958458337919 -333859.050785734 106.760548924203 154.572752707382 59.7458181750182 985941.738070967
