Step Strain Szz_GPa Sxx_GPa Syy_GPa Sxy_GPa Sxz_GPa Syz_GPa VonMises_GPa Temp PotEng Lx Ly Lz Volume
0 -2.85370661570263e-16 -0.0438071161988831 0.0794813153428897 -0.0938841577948137 0.0835731354090486 0.140554291354548 -0.0505899081439258 0.334334588579335 373.606983891948 -333222.622968961 99.5957652900002 99.5957652900002 99.5957652900002 987921.914355981
100 0.000199999999999695 -0.0556605353965758 -0.00070058708178764 -0.0267218538352594 0.0479633099933128 0.127607707225568 -0.0417727829179864 0.251505644253058 372.439145102929 -333215.167772956 99.5011877887633 99.7043834592056 99.5758461369422 987862.553021045
200 0.000399999999999675 -0.0645544618670934 0.000329341621075517 0.0465599088809182 0.0310693974139993 0.129339483867371 -0.0429201053640841 0.260682226680542 372.956789914703 -333218.602387859 99.4365534949974 99.7987474779543 99.5559269838842 987957.526936039
300 0.000599999999999655 -0.0756218215567267 -0.0227749609587705 -0.0204871938797555 0.0504280606402023 0.135919995888774 -0.065237166805999 0.280603445108578 371.824279874373 -333212.462141155 99.4481936714823 99.7921034897151 99.5360078308262 987809.718169515
400 0.000799999999999636 -0.107033835390233 0.0076389198038895 0.00185259501162056 0.0490668101317537 0.118558207779411 -0.0646053699557439 0.272822564093415 373.476241574983 -333225.002715067 99.487909989045 99.7704588400498 99.5160886777682 987792.161132482
500 0.000999999999999616 -0.141210986485194 0.039036683340989 -0.0213771111356108 0.0479498402403568 0.13666763516977 -0.0493842656988672 0.30902703684764 373.556494626966 -333224.231646778 99.5121205540698 99.76671926038 99.4961695247102 987797.751584908
600 0.0011999999999996 -0.172075795683794 -0.00757004604733595 0.0107172999518677 0.063290979277681 0.12809334533944 -0.0366251596936605 0.309305849850754 374.175222468215 -333229.699078932 99.4778490711845 99.7980574205978 99.4762503716522 987569.982228947
700 0.00139999999999958 -0.206821943685453 0.029540069004916 0.0117433125287798 0.0511438976556045 0.133657538660602 -0.0245206725953948 0.339442404955976 373.770696529277 -333227.191159815 99.4780921396905 99.8121253176488 99.4563312185942 987513.827439183
800 0.0015999999999997 -0.232055131050407 -0.0290681675051403 -0.0203599829865668 0.0549426242011452 0.136374634664421 -0.0464955309690575 0.338205395850695 373.944235030807 -333229.549036391 99.4638824298247 99.8194430958002 99.4364120655362 987247.392237998
900 0.00179999999999968 -0.232666034463562 0.0127992137647268 0.0158576654882077 0.0626145166131935 0.139462548144958 -0.050923784530071 0.372698432242718 372.230819242839 -333218.282721984 99.5082185213517 99.8070063298051 99.4164929124782 987366.570441798
1000 0.00199999999999966 -0.251694187780006 0.0177138823892684 -0.0536399158295161 0.0501789746434068 0.157820591979344 -0.0553116292845762 0.387172724974881 373.01540559274 -333224.380969245 99.5308287966521 99.7969859567364 99.3965737594202 987293.913908669
1100 0.00219999999999964 -0.282402053334492 -0.0117530551787726 0.0724865219954442 0.066236249937184 0.144090345763337 -0.0382539513669259 0.427766810028332 373.045712990698 -333222.605440275 99.5027040924207 99.8659876066417 99.3766546063622 987499.438205745
1200 0.00239999999999962 -0.340872519143261 -0.013237476012043 -0.0513869230637373 0.0303850741565927 0.158388955511719 -0.0444926844909514 0.424583024703237 373.263808750441 -333226.322250612 99.5206565682843 99.8287350414429 99.3567354533042 987111.278626104
1300 0.0025999999999996 -0.380576836172087 0.0139434299335082 0.00528267274649389 0.0413145951629603 0.126484102582372 -0.052370008209883 0.462220326328621 373.064223659051 -333224.217137352 99.5189047281902 99.8499179013536 99.3368163002462 987105.420446703
1400 0.00279999999999972 -0.389655358342611 -0.0131627082404705 0.0288176225588669 0.0379272811773811 0.150681470885198 -0.0416649394886057 0.486777571663315 373.718469878408 -333228.872722305 99.5228831873316 99.854779275084 99.3168971471882 986994.989545395
1500 0.0029999999999997 -0.378793390452497 0.0198637614765583 -0.00778164675988927 0.035505129930091 0.129944486445133 -0.0379541266089754 0.455445773145129 374.028986898687 -333231.566060552 99.5549131818154 99.8297607090504 99.2969779941302 986867.301487079
1600 0.00319999999999968 -0.428078468732597 -0.0255041871081904 -0.0126828605557414 0.0559665157106659 0.108364008088999 -0.0518214756704946 0.469119812391262 374.519110624384 -333235.624348625 99.5386441926759 99.8414077821384 99.2770588410722 986623.190601562
1700 0.00339999999999966 -0.489293055862952 0.0043095808759538 -0.00404285945031274 0.0639359203396813 0.144730493862202 -0.0574162130619208 0.56972322889602 371.731571129566 -333215.874608734 99.5583405390156 99.8519230165056 99.2571396880142 986724.332992571
1800 0.00359999999999964 -0.475614189025727 -0.00976865633261184 -0.0220771148667624 0.0412607087559735 0.134041185002178 -0.0355028794529379 0.523659753560455 375.417866489907 -333245.772160098 99.5711927841916 99.8486109259133 99.2372205349562 986620.940787763
1900 0.00379999999999962 -0.522270296579417 0.0483193877245672 0.0116612216556061 0.0619960816437815 0.118342678589002 -0.0560659882128967 0.607433398667279 371.607364448868 -333216.218238817 99.5881964942236 99.8827021099065 99.2173013818982 986928.205114432
2000 0.00399999999999961 -0.57065321960823 -0.0462556728515148 -0.0066240876616146 0.0347060533594919 0.120064932586113 -0.0453725897649492 0.59193113271125 373.570581274704 -333231.211248075 99.5737550014488 99.881641857393 99.1973822288402 986576.506157667
2100 0.00419999999999959 -0.537819398519211 0.054825668027688 0.0183700210916045 0.0412235473575281 0.12238959767623 -0.0532810889475272 0.624102825292457 373.382799385852 -333228.836726858 99.6269118821974 99.8821514811283 99.1774630757822 986910.006365194
2200 0.00439999999999971 -0.620732827704561 -0.0163755707268235 -0.0333655343487329 0.0422760751515892 0.13330307872081 -0.0740094539231819 0.656027038242229 373.274850804291 -333228.696310905 99.5944915600799 99.887893191933 99.1575439227242 986447.401285922
2300 0.00459999999999969 -0.610974478754068 -0.00326040186430705 0.0398600547177682 0.0416112685768208 0.152833779100653 -0.0426213796795853 0.69144733178335 372.749726719952 -333222.632679126 99.598487297642 99.9297802256135 99.1376247696662 986702.399068763
2400 0.00479999999999967 -0.670562439577304 -0.00578607464754927 -0.0307804353646372 0.0420481246077639 0.130365135768091 -0.0579109076908911 0.701631693329886 371.967779411649 -333217.397192835 99.5949899375944 99.9094521577396 99.1177056166082 986268.834837546
2500 0.00499999999999965 -0.655335720541387 -0.00197228446132859 -0.00713367447998692 0.034226688803654 0.127296623748052 -0.0495320922111667 0.695000813268961 374.171857048139 -333233.068102141 99.6133161825998 99.9091353934959 99.0977864635502 986248.947348926
2600 0.00519999999999963 -0.657237564118161 0.0164089651017938 -0.00373560406975772 0.0225700699236736 0.1327513418011 -0.0698048297952475 0.713897929748671 373.531119965293 -333229.022640423 99.6321353148595 99.9076281163975 99.0778673104922 986222.11403698
2700 0.00539999999999961 -0.713908858874808 0.00231821798031922 -0.00915063720516283 0.0340420903039899 0.119272648752229 -0.0593577055983188 0.749415074064391 372.9214917017 -333225.383214877 99.6070446204118 99.9457576390716 99.0579481574342 986151.743917801
2800 0.00559999999999959 -0.705275843606799 -0.0407911265149808 -0.00822572638653461 0.066162824472507 0.135602133317419 -0.0702763347529751 0.739832628782776 374.523855989949 -333236.51039822 99.5996854663412 99.9646937362752 99.0380290043762 986067.38729207
2900 0.00579999999999971 -0.749502919567633 0.0417183727787655 0.01311842978573 0.0421837420562892 0.14381798654437 -0.0784067139805601 0.830693859842397 373.038880717982 -333225.439399628 99.6507090105259 99.9496955575615 99.0181098513182 986226.119912026
3000 0.00599999999999969 -0.860632636599052 -0.0302301675801362 -0.0349431109783977 0.0488792182612333 0.112549136937568 -0.0402515651663405 0.857733558081183 371.445686564243 -333213.929308962 99.6371482751226 99.9362595474611 98.9981906982602 985761.011272713
3100 0.00619999999999967 -0.832857790635823 0.0242287081776947 0.0439547811673143 0.0465906196020386 0.138158504720166 -0.0634655109255582 0.909808948765282 373.474578560067 -333228.302326823 99.6532844737172 99.9823275778678 98.9782715452022 986176.672991295
3200 0.00639999999999965 -0.850443299834263 -0.0360900891027574 -0.0179139704730246 0.0265870696652021 0.153497517825628 -0.0548628279479406 0.871859033393176 372.802931066191 -333222.934502874 99.6327895622316 99.9790635000322 98.9583523921442 985743.246578838
3300 0.00659999999999963 -0.865623398117607 0.00733486864806132 -0.00101191295966322 0.0484828318437348 0.134478682290397 -0.0507787988353193 0.907678453213635 373.319865591733 -333227.156843379 99.6672170266317 99.9767820869405 98.9384332390862 985862.879847764
3400 0.00679999999999961 -0.896108379821357 0.010302745808091 -0.0552068628340114 0.0183164219382678 0.133514818997983 -0.0432202295114168 0.909166133724505 372.468316497471 -333220.283041843 99.6783533950138 99.9690494397452 98.9185140860282 985698.28684254
3500 0.00699999999999959 -0.952305184070518 -0.0224859193328849 0.0359397401391489 0.0324787278120362 0.151745625020531 -0.0188722995942469 0.997805604809613 372.317427679958 -333217.665986993 99.6358896381245 100.034254410911 98.8985949329702 985722.486820189
3600 0.00719999999999972 -0.963498349777864 -0.0291121170290759 0.00546444004064703 0.0543675250533155 0.127806946634598 -0.0518380536549165 0.986161199164065 373.200095334453 -333225.106472151 99.6462546893955 100.037686962806 98.8786757799122 985660.296499567
3700 0.0073999999999997 -0.994759211435407 0.0311455165663102 0.00947960692533046 0.0122216952522459 0.139186711223126 -0.0603435090253916 1.04891072638812 373.101810727819 -333222.423214658 99.681810329194 100.019054471619 98.8587566268542 985629.753508729
3800 0.00759999999999968 -1.05644426531233 -0.0272004130729122 0.00378080091103481 0.0507882599833002 0.135047659926917 -0.0457007812643196 1.07745422392627 370.838056653662 -333205.971937511 99.6707878497488 100.030198073714 98.8388374737962 985431.971753145
3900 0.00779999999999966 -1.01595577851348 0.0226018802595985 -0.00257418152381189 0.0181650410138983 0.13639966807568 -0.0406322980313955 1.0558629259183 372.283215100684 -333216.188387869 99.6804187793579 100.047203519743 98.8189183207382 985496.085510818
4000 0.00799999999999964 -1.07761219705603 -0.0534434764127326 -0.00778552764481268 0.0429545289926175 0.136007986985792 -0.0218550629791644 1.07713990883025 373.215565600104 -333222.432748929 99.6520667537583 100.070172560216 98.7989991676802 985243.331684261
4100 0.00819999999999962 -1.11705568293188 -0.00726277867761049 0.0182514473419669 0.0619308393906756 0.132527960402494 -0.0453396438250949 1.15367720374088 371.261703405161 -333206.720163115 99.6921455939752 100.058003755945 98.7790800146222 985321.034541064
4200 0.0083999999999996 -1.1002291574529 0.0156183362511448 -0.0459719342762942 0.0558958094341626 0.132843598763322 -0.0463223271279461 1.11755814404905 371.803364840836 -333210.035627054 99.7346335002267 100.022956577917 98.7591608615642 985196.986937341
4300 0.00859999999999972 -1.10207130962824 0.00686578043453561 0.0361470741121419 0.0366254442584278 0.12924901928928 -0.0340263898211272 1.14920997148316 373.171325077162 -333219.078579287 99.7220266736273 100.075733270782 98.7392417085062 985393.435470201
4400 0.0087999999999997 -1.16900810474313 -0.0385927670853087 0.00102705909824846 0.0432247030545236 0.143519924374381 -0.0427909808897324 1.18198462786466 372.333230627742 -333211.95501686 99.698563071034 100.083313137277 98.7193225554482 985037.443056477
4500 0.00899999999999968 -1.20053977444073 -0.000492080630380434 0.00869302235782487 0.0404379897556717 0.142862352155895 -0.0373091480905195 1.23350393628296 372.045357758848 -333210.446914902 99.7423004589817 100.07970616611 98.6994034023902 985235.222722924
4600 0.00919999999999966 -1.23422362278035 -0.0201502681375103 -0.00517138276749385 0.0589516880510473 0.156192342978877 -0.0487678862558839 1.25822609726874 373.062145602072 -333217.943002908 99.753928872791 100.063290995804 98.6794842493322 984989.640740672
4700 0.00939999999999964 -1.21855036676624 0.00471020459960495 0.00624228529219625 0.0374846532472306 0.131581441801472 -0.04913222795933 1.24965641648916 374.616703040141 -333227.306122014 99.7579209240569 100.09136633172 98.6595650962742 985106.543442653
4800 0.00959999999999962 -1.25597914811002 -0.0423143485106867 0.0143024954218551 0.0363047870497887 0.127716626230591 -0.0654495078932243 1.26911040502175 372.726394021459 -333215.171409772 99.733694833396 100.123910470259 98.6396459432162 984988.628278119
4900 0.0097999999999996 -1.25003113304433 -0.00228886282547053 0.0145982107369726 0.0290072646867463 0.149769396857692 -0.0746029533262866 1.29024429644264 372.865798079374 -333214.993917028 99.7610278775326 100.133015137712 98.6197267901582 985149.188196413
5000 0.00999999999999958 -1.30441877790902 0.00233380543943595 -0.0192875764903708 0.032303150320284 0.152394425979946 -0.0861315145773155 1.33224418885328 373.513566523542 -333220.250896569 99.7832686395483 100.104191247287 98.5998076371002 984886.20648743
5100 0.0101999999999997 -1.29540934042842 0.0126099811808795 -0.00982409206634207 0.0599689859669051 0.139377687590099 -0.0656910095692632 1.32818929957978 373.820537448104 -333222.801341075 99.7939764145396 100.122022299834 98.5798884840422 984968.322857151
5200 0.0103999999999997 -1.3020735012163 0.00850513132390899 -0.00705065673147068 0.0363786098648975 0.163421184701079 -0.0768902764063095 1.34137886355318 374.101773239434 -333224.740914594 99.7839889012408 100.136885006181 98.5599693309842 984816.912495811
5300 0.0105999999999997 -1.31703932130851 -0.0232285550191467 0.0197658329378387 0.0475229490681043 0.13277279569266 -0.0675512812827853 1.34341805968663 373.526929158656 -333220.309402953 99.7849542627946 100.156116968532 98.5400501779262 984816.509182061
5400 0.0107999999999996 -1.32855490813706 0.00276573992569151 -0.0181325205266423 0.0134123402840036 0.143403854296593 -0.0820946606628161 1.35184369970217 371.811048687517 -333207.845291271 99.814810356504 100.144005461423 98.5201310248682 984792.935780897
5500 0.0109999999999996 -1.35785740186476 0.0148845015747157 -0.034727684580937 0.0452249934809165 0.119110930801304 -0.0843142245260433 1.37433685194135 373.709775444515 -333221.745942819 99.8199416002198 100.157589878832 98.5002118718102 984778.008329641
5600 0.0111999999999996 -1.36227491997189 0.0325244560562304 0.0301904218330107 0.0513982919561903 0.130237606132412 -0.0878163210971912 1.42273019640426 373.334987310068 -333217.536906349 99.8098757067828 100.197939098521 98.4802927187522 984876.181506983
5700 0.0113999999999997 -1.3800105373123 -0.0492376067014236 0.00935450782102533 0.0425830798096264 0.144930833018826 -0.0910321992455896 1.3948755527716 374.467417289215 -333224.852997242 99.788454158296 100.214312766712 98.4603735656942 984626.515008481
5800 0.0115999999999997 -1.35593813612588 -0.00445103882684672 0.0124452606163671 0.0449801148042273 0.143520391557899 -0.0917717095677633 1.3938321528733 372.876060661499 -333212.461478256 99.8415331057911 100.203146122639 98.4404544126362 984841.199492584
5900 0.0117999999999997 -1.38119124031994 0.0140249793558551 -0.0454550654999146 0.0126362470626956 0.149087662054085 -0.0968339927725414 1.40088169938479 373.604237367813 -333217.932237031 99.8552441177307 100.192793084537 98.4205352595782 984675.390598026
6000 0.0119999999999997 -1.42041262204107 -0.0194011931500579 0.0526969729785738 0.0225740398477318 0.141716870804117 -0.0918309651785267 1.46837327642673 373.676157147765 -333217.491099492 99.8393430644335 100.238432117666 98.4006161065202 984767.704337144
6100 0.0121999999999997 -1.46942335498902 -0.00794064728949691 -0.043968765196174 0.0343927023568911 0.145946433143368 -0.0827251682807936 1.47395904869924 376.139826988903 -333236.789326136 99.8464466276362 100.221534300383 98.3806969534622 984472.423992914
6200 0.0123999999999996 -1.40500050833324 -0.0156830952785359 0.0642145677560354 0.0204616646263829 0.168628662472384 -0.0991115063956315 1.47092552971633 373.016091706062 -333213.195413151 99.8607808554792 100.270731897472 98.3607778004042 984897.640348852
6300 0.0125999999999996 -1.47551211156306 0.0046759700276776 -0.0203851421915955 0.0422088795928491 0.164518058426291 -0.0826799401543427 1.50384205198447 373.075164423868 -333213.737865469 99.8795271197361 100.242490060837 98.3408586473462 984605.641025867
6400 0.0127999999999996 -1.46074628653637 -0.00110408210547863 -0.0252127093537562 0.0329344832003882 0.171135571628858 -0.0855706451377518 1.48628053178069 373.402751678416 -333215.482091627 99.9028483978536 100.253732986036 98.3209394942882 984746.494153195
6500 0.0129999999999997 -1.46662667016344 0.00687149892564725 0.0062612220609135 0.0176563937967268 0.158029096282623 -0.0827179879219761 1.5055496046371 372.917289999223 -333212.016233947 99.8932945097936 100.277189181876 98.3010203412302 984683.167987572
6600 0.0131999999999997 -1.45920857366064 -0.0327911067965908 0.000772058313307191 0.044716635025504 0.146862547497613 -0.0821738214834407 1.47466285214998 374.162620918961 -333221.652165413 99.8951971882644 100.28824971584 98.2811011881722 984610.979245011
6700 0.0133999999999997 -1.4559555371495 0.0113204199750591 -0.00549230988512671 0.0283706984547357 0.160444987033385 -0.0879128812469252 1.49376737921134 374.36156084097 -333222.837689589 99.9164559593998 100.300452447541 98.2611820351142 984740.721542023
6800 0.0135999999999997 -1.51112408849994 -0.0175687644956381 0.00296968935718962 0.0174506954431587 0.150282462715174 -0.0737168591611666 1.53191880109041 372.961181495658 -333210.602292571 99.9081911723676 100.31874258466 98.2412628820562 984639.179836952
6900 0.0137999999999996 -1.50004726255454 -0.00395814954016702 -0.00756709485428124 0.0467574231551479 0.156613726459618 -0.0896490771290667 1.52877387918221 372.870698982596 -333209.679037418 99.9387314422488 100.309236313303 98.2213437289982 984647.148958114
7000 0.0139999999999996 -1.53410334966792 0.0238887212367885 -0.0106008140543924 0.0347055067000772 0.154930914231184 -0.0777119660319881 1.57115754419053 372.694049105429 -333207.224992877 99.9616949001151 100.300326121572 98.2014245759402 984586.199807895
7100 0.0141999999999996 -1.59446427285887 -0.0422101951010582 -0.00237627690230423 0.0417872242899455 0.175141852916379 -0.0822575454297867 1.6094947214958 373.791139548873 -333215.386194357 99.94123948028 100.307396796493 98.1815054228822 984254.429191998
7200 0.0143999999999997 -1.5717598806481 0.0465685005669719 -0.00221169544458625 0.0294713070311637 0.162502747187202 -0.0742359664116106 1.6250488976625 372.462649144811 -333206.198543348 99.9581953224088 100.327027113416 98.1615862698242 984414.309379407
7300 0.0145999999999997 -1.62484609083731 -0.0432159543157583 -0.0186623742668731 0.0365465031859314 0.150260566458714 -0.0710348644638561 1.6210709297567 372.685713408755 -333209.429395641 99.9259713537601 100.360041912496 98.1416671167662 984221.037233836
7400 0.0147999999999997 -1.56935919883282 0.00170168513652514 0.0298239628939231 0.0578369160280076 0.134305497563033 -0.0901492707458452 1.61298942149025 375.807493597639 -333231.499652424 99.9589450965707 100.385063453842 98.1217479637082 984591.400483688
7500 0.0149999999999997 -1.62042907635462 -0.00782674950268423 -0.0249421286108839 0.0529368345994796 0.125234721594384 -0.0902338545958457 1.62882272761398 371.235169803771 -333197.743755558 99.9950134816111 100.350234249398 98.1018288106502 984405.06015708
7600 0.0151999999999996 -1.63277637015988 0.0178753199994731 0.0174695026552704 0.0162308016486012 0.133294992238886 -0.0921771954929969 1.6743847202987 374.544690680607 -333222.044947805 100.021486864 100.361438628925 98.0819096575922 984575.664658207
7700 0.0153999999999996 -1.65052937085608 0.00262778717048876 -0.0478412904873775 0.05955001708023 0.139890664733661 -0.0928745923805215 1.65748794189165 372.835164837772 -333210.173831024 100.009688160492 100.362775063487 98.0619905045342 984272.698209581
7800 0.0155999999999996 -1.63050227005229 0.00679460640970159 0.025573133906914 0.058288182200019 0.133159765279976 -0.102600698445495 1.67535295832497 374.28805490512 -333222.101885989 100.003442907049 100.415215416474 98.0420713514762 984525.466593296
7900 0.0157999999999996 -1.65459375942046 -0.0198961469388522 -0.00905798986077058 0.039467708737306 0.162927915444298 -0.0957512149930483 1.67388331789019 373.653255376805 -333217.079050893 100.007264760959 100.407159907784 98.0221521984182 984284.091721241
8000 0.0159999999999997 -1.66561234899132 0.00425170648204966 -0.0026544734776487 0.0844264107869221 0.134665728733983 -0.110924426422956 1.69990058372292 373.286027431217 -333214.552885088 100.012943470697 100.426327065143 98.0022330453602 984327.82058714
8100 0.0161999999999997 -1.65208072474024 0.011757709490883 0.00259126000344144 0.0645851689474622 0.151018086954425 -0.105605093768661 1.69339342606907 372.47306211342 -333208.478802384 100.028061723344 100.454164014655 97.9823138923022 984549.347033617
8200 0.0163999999999997 -1.6661505935232 0.00195019207823919 0.00281628631134412 0.0608002524105921 0.128563280327477 -0.0995414230828695 1.69540755025668 372.636661689976 -333209.929352304 100.027160191369 100.463954787478 97.9623947392442 984436.261768467
8300 0.0165999999999996 -1.70815564231373 -0.030182119253103 -0.0219614183718085 0.0574489121607331 0.148499636149437 -0.115656036955911 1.71628766744483 374.718473367551 -333226.358235958 100.012992213234 100.473467603294 97.9424755861862 984189.866214829
8400 0.0167999999999996 -1.66406012305512 -0.00939794335586467 0.00955849266381944 0.084317610848943 0.160758359948066 -0.0964495413843944 1.7018808549997 374.377226917576 -333224.647438894 100.035635552839 100.491067644417 97.9225564331282 984384.890279499
8500 0.0169999999999996 -1.70454044180981 -0.0217218968836986 -0.0163455924951606 0.0631006461493895 0.134868951803353 -0.104647555808975 1.71473666037958 372.89880447325 -333215.391147885 100.063059151683 100.476745122309 97.9026372800702 984314.142265568
8600 0.0171999999999997 -1.74568075187184 0.0481594020999336 -0.00118977101091179 0.0831538560526978 0.13553356890315 -0.0986194751575422 1.79911157226724 374.608658730954 -333227.019181416 100.089786436185 100.474050151877 97.8827181270122 984350.333260941
8700 0.0173999999999997 -1.77159347951289 -0.0255129761332713 -0.0299742560543394 0.0817370403985629 0.13669648809626 -0.109286777217768 1.77565725671581 372.54097126971 -333213.244746654 100.062691152831 100.507005851306 97.8627989739542 984206.314626401
8800 0.0175999999999997 -1.78498117017377 -0.018553353567446 0.00122730009745796 0.0882875268331766 0.154942955919714 -0.0886736030833105 1.80958410885099 372.412667078524 -333212.232076599 100.04777373016 100.542563018526 97.8428798208962 984207.359077334
8900 0.0177999999999997 -1.77169726583027 0.0179817751398856 0.0117315607475389 0.0915708492123116 0.145633333606499 -0.111866162980849 1.82157328627669 373.841891995523 -333221.228883908 100.055804197523 100.554265490705 97.8229606678382 984200.514687532
9000 0.0179999999999996 -1.80486291423584 0.0149517196774073 -0.0151567872497277 0.0747258738658399 0.131778644094604 -0.098314408922429 1.83185310363072 372.121931091605 -333207.082829115 100.070347749274 100.540687616956 97.8030415147802 984010.24692868
9100 0.0181999999999996 -1.79831225448199 0.00148722461497566 0.0170503786026468 0.0756993060655063 0.153288983903982 -0.107027550149131 1.84108101809996 373.490029844728 -333216.000873978 100.073965770589 100.562277807906 97.7831223617222 984056.678718726
9200 0.0183999999999996 -1.86074393298273 -0.00334573833239913 -0.0202301901056248 0.0771104663535125 0.143245591084036 -0.115573469544808 1.88104216824276 373.03920106683 -333212.911121409 100.080399781667 100.555132161761 97.7632032086642 983849.559356353
9300 0.0185999999999996 -1.83866061221816 0.000210906439853011 -0.00348305722620656 0.065548888083214 0.130592631271827 -0.10440149916131 1.86317516036964 372.373028821396 -333205.736113859 100.113998822646 100.560919394543 97.7432840556062 984035.962969035
9400 0.0187999999999997 -1.86778877112394 -0.0270088511185324 0.0290677555319211 0.0810368374572498 0.144150176191831 -0.10816657359046 1.90052065000706 374.024603366947 -333216.717667275 100.112069684264 100.585799580301 97.7233649025482 984059.877880468
9500 0.0189999999999997 -1.90660991461879 -0.000850564035212083 -0.0428430097697086 0.119996060531453 0.128709605806616 -0.111494701617896 1.91933411075289 373.277180066723 -333212.148066511 100.128367496354 100.561778431728 97.7034457494902 983784.466814421
9600 0.0191999999999997 -1.8787875788348 0.0330027959783814 0.0224422763408811 0.0816653329480748 0.107315143555356 -0.133380965883129 1.93462999255996 375.429211147334 -333226.337616301 100.148941911271 100.590491677869 97.6835265964322 984066.905195915
9700 0.0193999999999997 -1.95077783896739 -0.0219629072830256 -0.00403276329207641 0.0628791602817361 0.0954467027475103 -0.110406867317277 1.95729228140583 372.721835538152 -333205.748097775 100.142210783849 100.574561998424 97.6636074433742 983644.315984267
9800 0.0195999999999996 -1.96008119712074 0.0262412161708451 0.0283664741163925 0.0819543330704737 0.0946200207457953 -0.123764559263474 2.01063772849587 375.701103214576 -333226.167171819 100.163118974711 100.590464179029 97.6436882903162 983804.551400463
9900 0.0197999999999996 -1.95452615063598 0.00109771633772984 -0.0229734634039336 0.089882088843232 0.104210707664908 -0.128257485699259 1.97082112063388 372.055795517266 -333198.396711986 100.181754678235 100.580661031021 97.6237691372582 983690.983894848
10000 0.0199999999999997 -1.95049361604622 -0.0056427047525791 0.00224802910229208 0.0448981005828166 0.119066005665233 -0.11853387826178 1.97194881578587 374.643456711645 -333218.109457961 100.197828026866 100.588760062093 97.6038499842002 983727.270662192
10100 0.0201999999999997 -1.96265156838216 0.0103966517517364 0.000741982976822733 0.0829811036445005 0.121829548685204 -0.132977615708894 1.99804840053587 374.259050716225 -333216.20683723 100.217708267707 100.600602673884 97.5839308311422 983837.467844507
10200 0.0203999999999997 -1.96119256125201 -0.00405536892941557 -0.0023802622466587 0.0799575307488407 0.102954846189578 -0.14626946086807 1.98716637348882 372.816730282045 -333204.232292666 100.211983135916 100.626444434669 97.5640116780842 983833.108586526
10300 0.0205999999999997 -1.97259736516551 -0.0214130028616895 0.0309630517344841 0.0714805741639726 0.100405374227438 -0.126112739974572 2.00133565650608 373.260419558214 -333207.164141872 100.205044318075 100.646772793874 97.5440925250262 983762.833981852
10400 0.0207999999999997 -1.99714684634301 -0.00401150275619552 -0.0335048142793109 0.0763793684041078 0.0811329000228572 -0.118813088385531 1.99856771407683 373.849007769125 -333211.338837723 100.226364217646 100.634801300897 97.5241733719682 983654.193115781
10500 0.0209999999999996 -1.98578882778012 0.00107813175360266 0.0279072870493409 0.070346631114642 0.074118466202605 -0.154890028198846 2.02607142761565 371.622772382569 -333195.909854968 100.233280060455 100.654608179414 97.5042542189102 983714.719840545
10600 0.0211999999999996 -1.99373181374952 0.00124789667609354 0.000437757149436965 0.0371622585299912 0.0942762380977082 -0.144731948235232 2.0179141774427 375.093471320331 -333223.754898526 100.25068209528 100.647941916994 97.4843350658522 983619.36122032
10700 0.0213999999999996 -1.97095856267738 0.0125981552991029 -0.00119436531459849 0.0529451799422722 0.0677080736837085 -0.154135115922117 2.00019120785429 372.991078254108 -333207.530444374 100.264564804877 100.655732523811 97.4644159127942 983630.691780705
10800 0.0215999999999997 -2.00417565960565 -0.0208439068858592 0.0216535294103812 0.0624880020059926 0.0560239028244839 -0.142945074582019 2.02537096738913 373.767672866938 -333215.69473683 100.251578198354 100.671103214644 97.4444967597362 983452.442228818
10900 0.0217999999999997 -1.97938620009681 -0.00150797382674411 -0.0132144438404776 0.0407508392261044 0.0545298289885432 -0.144807016537003 1.99143038110883 374.569330696412 -333223.606635591 100.289656367856 100.66249949588 97.4245776066782 983540.809854229
11000 0.0219999999999997 -1.97093957456521 0.019129026441976 0.00088444115200859 0.0739433487544841 0.0657836465533499 -0.164643225409679 2.00875718324533 373.589175829662 -333218.04635572 100.333459545338 100.663410311085 97.4046584536202 983778.109232271
11100 0.0221999999999997 -1.99015404780469 -0.0198866399970736 -0.00668843800716928 0.0496365125213757 0.0422651748807717 -0.190606691483961 2.00745484524346 373.684775886369 -333222.094716083 100.352496907301 100.650871309326 97.3847393005622 983641.011218264
11200 0.0223999999999996 -1.97290888167114 0.00754078438027185 -0.00503812905103665 0.0629859038458888 0.0765878545408536 -0.203328076657051 2.01269791445027 374.355030567144 -333229.217457874 100.356853360244 100.66903716442 97.3648201475042 983660.01178922
11300 0.0225999999999996 -2.00142669399831 0.0142871381682541 0.0162003341574893 0.0820895946015255 0.0555837013714683 -0.186873979486081 2.0496860174067 373.789590062246 -333225.809002139 100.360872281914 100.690313870668 97.3449009944462 983706.021228257
11400 0.0227999999999996 -2.04500996182147 -0.00711235688531917 -0.0106297293990022 0.0480198721692179 0.0374908390753783 -0.181338111778744 2.06292411902528 375.068150898769 -333235.56186008 100.363572013201 100.686303567406 97.3249818413882 983492.015200091
11500 0.0229999999999997 -2.02334447906978 -0.0057741889825489 0.0242427461080726 0.0725568065704215 0.0142197168976004 -0.202513486446559 2.06675769659544 373.575397359371 -333226.917453422 100.363761198463 100.699610386183 97.3050626883302 983422.534027463
11600 0.0231999999999997 -1.98942892238311 0.00595125198869705 -0.00283411077100528 0.0573848661026191 0.0049185106473112 -0.188447097596333 2.02004397323196 372.496081254316 -333218.181545873 100.391022258253 100.701533273695 97.2851435352722 983507.064313607
11700 0.0233999999999997 -2.06810768281023 -0.00491958164878499 -0.0143243601909726 0.0538935713865326 0.00507380030523741 -0.202280279661114 2.09020871673851 373.942802764601 -333228.294849308 100.377000058818 100.705342280289 97.2652243822142 983205.535062077
11800 0.0235999999999997 -2.05169989628014 0.0109447230134554 0.00622525272968549 0.0803432846606284 0.0163797260954084 -0.195570482855918 2.09277422734952 374.056178250013 -333228.027518988 100.385735821092 100.723311744744 97.2453052291562 983265.15134206
11900 0.0237999999999996 -2.08812582487701 0.0162349888558723 -0.0213146568240831 0.0758753228784906 0.0042448457940872 -0.180418243033981 2.11322121052159 373.347233779744 -333222.891018049 100.393444422612 100.726082651878 97.2253860760982 983166.28064919
12000 0.0239999999999996 -2.05613689546808 0.00209729626007103 0.0120593460157838 0.0483426596156481 0.00624641979478659 -0.233760572407091 2.10427934671095 373.563008777034 -333223.031315243 100.415017435573 100.746142416741 97.2054669230402 983371.878642273
12100 0.0241999999999996 -2.13734131866159 -0.00724081712214791 -0.0225071321140333 0.0627030162101848 0.00101584035105261 -0.227961191579337 2.16165201568855 372.659848365432 -333215.898817087 100.420526487561 100.729217429671 97.1855477699822 983059.129396864
12200 0.0243999999999996 -2.14893650719436 0.0140540094793365 0.000761551898759871 0.0675196686804515 0.00907749276251302 -0.21834897159324 2.1924657225934 371.940037278946 -333208.501817641 100.429556038266 100.759828920658 97.1656286169242 983244.733691537
12300 0.0245999999999997 -2.16493339258248 -0.0297234546175872 -0.00800467431917488 0.0607393560663927 0.00377829672071014 -0.205918983773183 2.17813816331157 373.768924132449 -333220.536525846 100.420792121962 100.785522561721 97.1457094638662 983208.03492546
12400 0.0247999999999997 -2.17082158104861 0.0268833364560291 -0.0185356565477851 0.0807902926508671 -0.0217136002212441 -0.209342793886723 2.21011789653797 373.086259055413 -333214.495375873 100.440983480115 100.789570649882 97.1257903108082 983243.575344793
12500 0.0249999999999997 -2.19965178645055 -0.0342744095556845 0.0109151779037003 0.0689511792161912 -0.00382807864317593 -0.203186155115189 2.21966537846007 375.205805526611 -333227.869575727 100.406064771846 100.817616172645 97.1058711577502 982973.61163775
12600 0.0251999999999997 -2.23392859575611 0.00617975622766384 -0.00682443219417058 0.0531625088412954 -0.0208549652081265 -0.1940880529083 2.26095506568686 373.904434397436 -333216.996852241 100.406186125496 100.831815643835 97.0859520046922 982911.580705026
12700 0.0253999999999996 -2.23661505923517 -0.00718131173707219 -0.00798915979835328 0.0758581447337366 -0.0161023203510058 -0.192017484341215 2.25770410257385 373.129841433498 -333208.096266448 100.419746305638 100.836194913988 97.0660328516342 982885.320865007
12800 0.0255999999999996 -2.26581448439127 -0.00585917395363605 0.0115725988513656 0.0620380948730622 -0.0507093814465798 -0.194344365586 2.29775250983455 373.883614947369 -333211.952010571 100.439191161651 100.826699923643 97.0461136985762 982781.353440111
12900 0.0257999999999997 -2.30563603699275 0.0199818793126376 -0.00151037048469877 0.0667821874959507 -0.0293299494172828 -0.21139256277399 2.34712560689426 373.521364475316 -333207.823916826 100.481219498024 100.801038641319 97.0261945455182 982740.609436132
13000 0.0259999999999997 -2.36755402706462 -0.0208077581035591 -0.00494684250854746 0.0798669152885899 -0.0428667282355889 -0.195175057544294 2.38403437788245 371.164801792053 -333189.226948893 100.464986453024 100.827707466603 97.0062753924602 982640.03123401
13100 0.0261999999999997 -2.35930975564355 0.00330188113266055 0.00903927839700859 0.0526002876439634 -0.0267437195138669 -0.200172888544022 2.39294285594213 373.01535277116 -333199.813429296 100.481691960678 100.849531375236 96.9863562394022 982814.300486019
13200 0.0263999999999997 -2.35997140837556 0.00550310506060555 -0.0119821978570488 0.0566497244942372 -0.0528511700374418 -0.187536909566497 2.38284115308822 373.472167868321 -333201.662704232 100.481648946547 100.849436285483 96.9664370863442 982611.101991588
13300 0.0265999999999997 -2.40071638346546 -0.017084961183887 0.0254968509752774 0.0624458551042533 -0.0498778088879047 -0.199624400851033 2.43386993482766 373.747311919594 -333201.836431341 100.495593705879 100.857940487998 96.9465179332862 982628.442713697
13400 0.0267999999999996 -2.44199503593825 0.0413324132959931 -0.0412353704176667 0.0445459535204573 -0.0470322425972108 -0.183268617238221 2.46617945311338 372.585265013367 -333190.509447746 100.524633867927 100.853640023194 96.9265987802282 982668.536276377
13500 0.0269999999999996 -2.4652128601451 -0.0377019759645114 0.0237638566840535 0.0492539299251514 -0.0498728741779644 -0.193595657051249 2.48454698366138 373.699345874245 -333196.607385071 100.48194997236 100.889562718728 96.9066796271702 982399.216657524
13600 0.0271999999999996 -2.45533085716686 0.0314927925529876 -0.0340276043046565 0.0644719151183302 -0.0411807827690173 -0.179216368263113 2.47781357023717 374.001885500811 -333197.508958998 100.523860923866 100.879671121353 96.8867604741122 982510.619922425
13700 0.0273999999999997 -2.53191897320453 -0.024530410403803 -0.00118896812215605 0.0365061503730531 -0.0583162255232753 -0.198758163089145 2.54534539088798 373.051197901758 -333189.176521453 100.507971337975 100.892882983129 96.8668413210542 982281.981358322
13800 0.0275999999999997 -2.49885952077788 -0.0194880964153656 0.0357933014539167 0.0655663375587307 -0.023132646204842 -0.177520736364521 2.52911938002417 373.472567643515 -333190.491533578 100.532200640475 100.898030475551 96.8469221679962 982366.856118951
13900 0.0277999999999997 -2.56813574606069 0.00726850000867937 -0.0332254677112174 0.0454637005408389 -0.0332148080017271 -0.190278602488962 2.57840780521539 375.199387955919 -333201.716487322 100.551082909886 100.874670597579 96.8270030149382 982121.846232405
14000 0.0279999999999997 -2.53966077442935 0.00751402032153006 0.0493165987380899 0.0498497072091235 -0.0370003466389609 -0.191433929288384 2.59187736388198 373.759957977285 -333188.668181286 100.545002138897 100.925455860523 96.8070838618802 982354.740819238
14100 0.0281999999999996 -2.64902698638972 -0.0314213893875256 -0.0636022161519618 0.0395140683630328 -0.036772773003238 -0.190548083636147 2.62418072293902 374.435516254792 -333192.928489059 100.539180438569 100.897532278995 96.7871647088222 981824.0205231
14200 0.0283999999999996 -2.59407066177405 0.0420454533168742 0.0340346817936593 0.0744888665130743 -0.0182160030559688 -0.175427825342617 2.65292687960191 374.103091615659 -333188.84414003 100.578140820626 100.936307655001 96.7672455557642 982379.738130376
14300 0.0285999999999996 -2.6516380767481 -0.00850202387890127 0.00525286429825017 0.051028475148772 0.0100225293564035 -0.196575939246719 2.67334113059936 373.787911667369 -333185.056114604 100.581199998667 100.92207642921 96.7473264027062 982068.909490163
14400 0.0287999999999997 -2.66834776878733 -2.38240938455222e-05 -0.00646091876682145 0.0551362705025253 0.00422374975189262 -0.212750832654745 2.69217015652964 372.862097424417 -333175.78258341 100.620963195131 100.908557791292 96.7274072496482 982123.304191967
14500 0.0289999999999997 -2.64543136572266 0.0440295826337747 0.0202900747863139 0.0725407498138401 0.00429629320593603 -0.211215639909355 2.70547505493245 373.728219393084 -333180.194513072 100.641039057625 100.92012100011 96.7074880965902 982229.509051993
14600 0.0291999999999997 -2.69984005050821 -0.022429938385796 -0.017032524990079 0.0433299406173845 -0.0137561182573755 -0.202734100159887 2.70416505034454 372.170795912047 -333166.36925571 100.632220736703 100.925016725587 96.6875689435322 981988.784201998
14700 0.0293999999999997 -2.67902562157723 0.00763911678546664 -0.00618184579198135 0.0821381729544114 0.02064617615601 -0.209926287853142 2.70831167218525 375.122691556054 -333185.515006766 100.63997035886 100.942801416331 96.6676497904742 982035.10654371
14800 0.0295999999999996 -2.73485929639889 -0.0166587045436944 0.00217428584345968 0.0604814026355157 -0.0092008341618944 -0.21693786484268 2.755462767405 372.399326543114 -333163.711792152 100.624973517662 100.963058552216 96.6477306374162 981883.446872275
14900 0.0297999999999996 -2.74417855351851 -0.0135659659662832 -0.0030089245176221 0.0627303029224117 0.00321490607888145 -0.207672527174517 2.76159440539274 372.888061735248 -333166.621444563 100.650182610346 100.95853771681 96.6278114843582 981883.048118726
15000 0.0299999999999996 -2.77628807004511 -0.000964823798262208 -0.00131459031608706 0.0831050516753684 0.015578779390867 -0.234516522269598 2.80853876062681 372.223710210895 -333158.646856723 100.671803391654 100.954529390624 96.6078923313002 981852.531944052
15100 0.0301999999999996 -2.8137059451351 -0.0390791843045484 -0.00310478213056466 0.0761509365512012 0.00127193641247058 -0.240379224237443 2.82673161473108 373.670636107026 -333167.560535213 100.67302909185 100.962203282019 96.5879731782422 981736.659332089
15200 0.0303999999999997 -2.80341008223905 0.0103331919092446 -0.0257445438381512 0.0892865969944681 0.00356904397242902 -0.250040851345473 2.83345286090727 373.658797518557 -333165.241229078 100.709499551339 100.957011043931 96.5680540251842 981839.278374664
15300 0.0305999999999997 -2.82695404645148 -0.0104785606555924 -0.00163960740945751 0.0736805970449387 0.00530513260611445 -0.240023070481419 2.85424440646734 372.716202983325 -333156.793883942 100.72107599425 100.97916762193 96.5481348721262 981965.051940859
15400 0.0307999999999997 -2.83428690855569 0.0380504170600917 -0.00235719170048289 0.0695358971206855 0.0106057475093752 -0.243075231898445 2.88582571853928 374.038889108297 -333165.117344572 100.728857814638 100.986789804146 96.5282157190682 981912.423471552
15500 0.0309999999999996 -2.86600114572499 -0.00175321055235721 -0.0163658979116595 0.0635800798027952 0.00279169903138779 -0.254505819139835 2.89287844568314 374.496030567803 -333164.724992678 100.690860267025 101.023060718718 96.5082965660102 981691.936430454
15600 0.0311999999999996 -2.89894860166978 -0.010605979285942 -0.00172433165919355 0.0721142245588639 0.000424350961748268 -0.257723984250213 2.92969659007325 373.259209019046 -333153.766701554 100.687050381076 101.053030131555 96.4883774129522 981743.336522604
15700 0.0313999999999996 -2.90897059861101 0.00736119203414855 0.0054536982332775 0.0839677010141296 0.000132045643805892 -0.256220565380511 2.95254645653018 373.844138864004 -333157.084953197 100.702200823984 101.042292640551 96.4684582598942 981584.047239873
15800 0.0315999999999997 -2.96191508293084 -0.0210696667683531 -0.0133847666917382 0.0820532072203963 -0.00740325377513006 -0.230358517498691 2.97502750799291 372.527043599633 -333145.05609204 100.730057764978 101.018048114921 96.4485391068362 981417.300727288
15900 0.0317999999999997 -2.93665262124433 0.027192864931058 0.000397992474090327 0.0531306142515919 -0.00235752755296377 -0.251792788873892 2.98401847434553 374.016012910403 -333154.856535066 100.759250905045 101.01826807275 96.4286199537782 981501.120721654
16000 0.0319999999999997 -2.97886320271971 -0.0110336341281796 -0.0489727692279223 0.0619112755704058 0.00328234981530942 -0.263696295934112 2.9861335181602 373.676047816906 -333150.188271525 100.725963224163 101.052415204352 96.4087008007202 981305.781057699
16100 0.0321999999999997 -2.98076909252662 -0.00250573354214964 0.045961280571668 0.0544485100817742 -0.000389350002236328 -0.277294383155351 3.0424201089758 374.102074285611 -333149.675312149 100.715749675662 101.111920598069 96.3887816476622 981581.219238521
16200 0.0323999999999997 -3.0136004953326 -0.0296240723440319 -0.0104437954284369 0.0639552039807621 -0.00634792735861736 -0.244643179456112 3.02550148218999 372.110487492884 -333134.059356503 100.714504725626 101.104328847233 96.3688624946042 981292.556869937
16300 0.0325999999999996 -3.01810145114205 -0.010895527769912 0.00382313818730967 0.0391812159924337 0.00794954361673124 -0.281971139894913 3.05468237696405 373.589149708675 -333141.407778484 100.754899888798 101.101019900642 96.3489433415462 981451.105847919
16400 0.0327999999999996 -3.00841605048602 -0.00160589757021544 0.00263893040636831 0.0378071159463147 0.0114589224910318 -0.262546494114716 3.0438729844686 372.772599525896 -333131.430201084 100.80239019988 101.07858095007 96.3290241884882 981492.820683909
16500 0.0329999999999996 -3.07643059370491 -0.00165772268312704 -0.0372421352849224 0.0744740508001443 -0.0214745813926372 -0.274502005706475 3.09679788674832 371.028504089021 -333117.521745269 100.802294377586 101.075253678688 96.3091050354302 981256.630624177
16600 0.0331999999999997 -3.05448148430332 0.00832313377104588 0.0161896908930132 0.012350320019572 -0.00736934748002505 -0.262541812415999 3.10037624516134 374.108332093259 -333137.163599762 100.790639159899 101.118249338376 96.2891858823722 981357.523090923
16700 0.0333999999999997 -3.06354264691851 -0.0329182218903709 -0.00337750629605642 0.0577375153831905 -0.0108137240758786 -0.256951849145361 3.07953053304211 372.535615704448 -333124.033097721 100.788428398377 101.130361808419 96.2692667293142 981250.515985346
16800 0.0335999999999997 -3.10500478340089 -0.0126197534110751 0.00620741356629194 0.0454014492696294 0.00279444883748029 -0.252868511143884 3.13360100182587 373.497434614365 -333128.50318345 100.818951666527 101.137460208683 96.2493475762562 981413.471087602
16900 0.0337999999999997 -3.12936757212082 -0.0360751917867032 -0.0230218547419574 0.0382494156074244 0.00713128011774834 -0.256361350720783 3.1322054487439 374.348233009262 -333133.152041629 100.835640318626 101.122923570753 96.2294284231982 981231.73045921
17000 0.0339999999999996 -3.10884881966733 0.0202843361861651 0.0225644556563435 0.0243987686119477 -0.00802047495087647 -0.259604912025473 3.16271676225801 373.691584265255 -333125.812968057 100.854404856879 101.149321765187 96.2095092701402 981467.324604071
17100 0.0341999999999996 -3.14411832262501 -0.0363045116854107 -0.0072387987688815 0.0142629109148688 0.00110924619368297 -0.287494935069095 3.16200194803812 374.375329679787 -333128.217878156 100.820543639899 101.176783476692 96.1895901170822 981200.989717868
17200 0.0343999999999996 -3.12763005855104 0.0230262173191398 0.00893389107568253 0.0570697242093381 0.0233025793688486 -0.279672459419128 3.18252783660581 372.558881727046 -333111.691532424 100.850297711485 101.195241670193 96.1696709640242 981466.332887406
17300 0.0345999999999997 -3.17716376118686 -0.0195732636023596 -0.0175688044335087 0.0331058658790275 -0.0144636247930893 -0.280400955465832 3.19632612563058 372.896855403351 -333111.611139091 100.843747983044 101.193420420688 96.1497518109662 981181.659366252
17400 0.0347999999999997 -3.15010094019759 0.0143407754031647 -0.0014734887483387 0.043421672182946 -0.0093065997096132 -0.284343151608796 3.19567948831587 375.440945038082 -333129.405034185 100.866790468924 101.198082671163 96.1298326579082 981247.74706768
17500 0.0349999999999997 -3.16711702396006 -0.0411193880032236 -0.0219871943722289 0.0564707576228163 0.00505644751688186 -0.289318971724329 3.17691586251271 372.510173850058 -333105.060338179 100.863881849407 101.202845130985 96.1099135048502 981062.299537079
17600 0.0351999999999997 -3.17227358305938 -0.0116124144541781 -0.0174013829426282 0.0350612004434078 0.0036356789231784 -0.279017142962061 3.1951204645507 371.378314797721 -333092.821990541 100.877764231224 101.223105074393 96.0899943517922 981190.357503721
17700 0.0353999999999996 -3.19407696150142 0.00434748231048609 0.00217738771066823 0.048598718139967 0.0135745432183862 -0.290716879820924 3.23792680151889 373.798743001987 -333109.248943791 100.878493691329 101.234505756962 96.0700751987342 981104.54210336
17800 0.0355999999999996 -3.16464097305523 0.0199725099421958 0.00350298564079902 0.0299733193443245 -0.000110830559195726 -0.314199830262336 3.22311108226964 373.417250587541 -333104.916833235 100.893581506985 101.257794304971 96.0501560456762 981273.513480498
17900 0.0357999999999996 -3.19140711226632 -0.00603162087403515 -0.0176173666983612 0.0291655750152512 -0.0012225154803217 -0.305897640267299 3.22383665447928 374.275618478207 -333110.878627692 100.889672297988 101.267311701517 96.0302368926182 981124.210705568
18000 0.0359999999999997 -3.17138339192543 0.00809300493962457 -0.00794396686890977 0.0395351050452623 0.0186282963534489 -0.27283167245116 3.20739452635465 372.920154392392 -333098.616642418 100.910661449236 101.284932358058 96.0103177395602 981295.488658203
18100 0.0361999999999997 -3.20348648850189 0.00453977511006838 -0.0409527625000772 0.0440005143408733 0.0186399691211878 -0.30518512181084 3.23014321360648 372.657155250353 -333096.770518625 100.903098364599 101.305771740203 95.9903985865022 981220.213792242
18200 0.0363999999999997 -3.19278086640131 -0.0114023017094474 0.0380964177107605 0.0367351544686654 0.00215264159610957 -0.325201170181416 3.25613629623045 372.45226589747 -333092.548784842 100.873576934584 101.378275193343 95.9704794334442 981431.478448016
18300 0.0365999999999997 -3.24044416468843 0.0164416686717916 -0.0287036571256948 0.00594888191144316 -0.00713294809575479 -0.320797436847269 3.28196618673144 373.092423507966 -333097.303016352 100.875859310879 101.376027549125 95.9505602803862 981228.223637262
18400 0.0367999999999996 -3.25103218137439 -0.0457662417644019 -0.00455641759775453 -0.01808549675869 0.017577005300971 -0.324486337211857 3.27495018237637 372.214896474659 -333088.001543903 100.871678289035 101.387433155734 95.9306411273282 981094.230272954
18500 0.0369999999999996 -3.20993749102816 0.0209580935542359 0.019249635194242 0.0120249046658418 -0.0158153447952467 -0.317031302606535 3.27656528358876 372.679357492933 -333090.17199093 100.938267454824 101.37541087834 95.9107219742702 981421.648777476
18600 0.0371999999999996 -3.25081135938261 0.00992507870379259 -0.0406753956046791 0.0194356871207006 -0.0197693561603894 -0.310531823002009 3.28048220170815 373.625181747515 -333093.988931616 100.93314365926 101.366008069703 95.8908028212122 981077.008980074
18700 0.0373999999999997 -3.26416186814058 -0.0430310628530406 0.0253968069909675 -0.00313293894758253 -0.0304846902298131 -0.289495592998152 3.29469598713889 374.461116282451 -333099.273760687 100.902121268211 101.422641046204 95.8708836681542 981119.578609962
18800 0.0375999999999997 -3.24858418428582 0.0162205574660148 -0.0141696079715754 0.0235332205391179 -0.0173186027706006 -0.302357228146518 3.29203227920798 373.443623165529 -333090.365037336 100.93101964869 101.422794111779 95.8509645150962 981198.145984509
18900 0.0377999999999997 -3.2642130379649 -0.0420714720753583 -0.0135309087119043 0.00534800358920036 -0.0339420618224413 -0.307855141696554 3.28067659619688 374.842412049752 -333099.492098498 100.903935630139 101.453399636308 95.8310453620382 981026.944789196
19000 0.0379999999999997 -3.27835593968142 -0.0154324590885483 0.045246493467433 0.0226931729041655 0.00136240840827632 -0.310738044719245 3.33759902634027 372.985050256613 -333084.200836218 100.956551634825 101.452028890715 95.8111262089802 981321.219325503
19100 0.0381999999999997 -3.32237465301085 0.0282779484999074 -0.0175740613833523 0.0337488586301388 -0.022208055995134 -0.313736122269189 3.37276277249091 373.772464973401 -333089.333336925 100.990173278603 101.420844267975 95.7912070559222 981142.265588765
19200 0.0383999999999996 -3.33006343172807 -0.0494548617059192 0.016423952016123 0.021542932286912 -0.0229022917282 -0.292163712748487 3.35289426503645 373.721277354055 -333086.896315444 100.977448039853 101.43830691584 95.7712879028642 980983.517372004
19300 0.0385999999999996 -3.30400068462387 0.0357091462285646 -0.0188423714327055 0.0295207665849245 -0.024861576329684 -0.300663193519115 3.35411913492555 373.82031253748 -333085.38385367 101.010456969194 101.432869106311 95.7513687498062 981047.502966982
19400 0.0387999999999996 -3.27748648429098 -0.0166305920372483 0.031626195442307 0.0325868423733701 -0.0286780944180701 -0.30317714884921 3.3278026465397 374.84808438576 -333090.101523396 100.978638383332 101.485875499213 95.7314495967482 981046.851052178
19500 0.0389999999999997 -3.33144467739414 -0.0210016445108915 -0.0243744832404867 0.0184046155298656 -0.0240735768434213 -0.319137197933136 3.35502299750259 372.567201987454 -333074.451669977 100.992275966147 101.478811234875 95.7115304436902 980906.904256148
19600 0.0391999999999997 -3.30555714811062 -0.0110184990388024 -0.00734710613565389 0.0232697106411138 -0.0452000922767815 -0.30917720548326 3.34075128551437 372.649798123993 -333075.12903144 101.023449640585 101.489006484874 95.6916112906322 981104.037062423
19700 0.0393999999999997 -3.32259384135428 0.0223457882577217 -0.00401254285417371 0.0432721568735569 -0.0289919787175543 -0.323275012826026 3.3797645045159 373.426590436691 -333077.348735145 101.03218509837 101.517074916089 95.6716921375742 981255.935809618
19800 0.0395999999999997 -3.33140000641959 -0.023852456425271 -0.0172546349455539 0.021566388043891 0.0069235965505475 -0.331264484314156 3.3604292205823 372.656441608391 -333070.227559615 101.00537465261 101.565303541868 95.6517729845162 981257.251326447
19900 0.0397999999999996 -3.32068278320198 0.0200270067050781 0.00705670102618721 0.0225285994823873 -0.0199923362116513 -0.323793463644111 3.38148316826392 371.431155823999 -333057.24883052 100.99643467393 101.617252863189 95.6318538314582 981467.82623859
20000 0.0399999999999996 -3.34534483938336 -0.0387704896665509 0.00896425446063893 0.0382015831875076 -0.0217634521211101 -0.33290535668319 3.38109863394536 373.144212944546 -333066.822315531 100.989604783865 101.618716136857 95.6119346784002 981211.167461932
20100 0.0401999999999997 -3.3930308275107 0.0317796756355425 -0.0291812168459334 0.00634781356562104 -0.0170091850522822 -0.350764960651315 3.44882018989436 373.021515803832 -333063.20265052 101.042014612363 101.586487371001 95.5920155253422 981204.562767151
20200 0.0403999999999997 -3.4235263244257 -0.035087094082959 -0.0184033102866956 0.031691970904396 -0.0127844639824174 -0.344215435980581 3.449244413435 372.372069704539 -333055.176516533 101.021942631175 101.603023374025 95.5720963722842 980964.880135079
20300 0.0405999999999997 -3.38954003896252 -0.00208314297091358 0.0104970872950749 0.0221200428727066 -0.0399770443629844 -0.340539595055195 3.44554806970988 372.523780891541 -333052.784812357 101.048390370627 101.62826762607 95.5521772192262 981260.935427025
20400 0.0407999999999997 -3.43318043722728 0.0114674594603733 -0.00196374047561176 0.0178950379725408 -0.00863908866782749 -0.313418363096972 3.48071710777639 372.451841301355 -333051.079112518 101.038368104362 101.626925293937 95.5322580661682 980946.117501934
20500 0.0409999999999997 -3.46208117257463 -0.00531130702264718 0.0264205878887256 0.0276975761087963 0.00512855015988609 -0.356688984146655 3.52760770808367 373.411601073833 -333057.483466731 101.021694375882 101.654497434511 95.5123389131102 980845.77622188
20600 0.0411999999999996 -3.48781667536067 0.00659131461164146 -0.0451635773469663 0.00605929637397778 -0.010020990378838 -0.342347600937697 3.51919452528689 373.68152788516 -333057.866750687 101.048134176316 101.640112364389 95.4924197600522 980759.071300015
20700 0.0413999999999996 -3.4715653509814 0.0309938364822719 -0.00278709245854807 0.0253979819904307 -0.00280709651391986 -0.344247441053707 3.53669620177924 374.444833331995 -333062.145103539 101.071509297087 101.655920640622 95.4725006069942 980933.861846706
20800 0.0415999999999996 -3.52750026920465 -0.0159468654333842 -0.000566648172377506 -0.0125699620709399 0.00680272547727699 -0.353916894425313 3.57234330103285 374.607472330256 -333061.515185146 101.060679789959 101.673395306245 95.4525814539362 980792.689400181
20900 0.0417999999999997 -3.5177873366316 0.0156552785301198 -0.00724068734354486 0.0131939980326461 -0.0233866798315655 -0.343011142167556 3.57211034886201 374.536283771807 -333058.749682682 101.068410870538 101.688835161342 95.4326623008782 980811.951770945
21000 0.0419999999999997 -3.54759254691448 -0.0213673304193893 0.00531266523933941 0.0143599679660615 0.000814579045655582 -0.345882554157977 3.59006693719651 373.095506681192 -333046.756882893 101.051745738087 101.714447323897 95.4127431478202 980692.482986548
21100 0.0421999999999997 -3.53040799290212 -0.0183878307285765 -0.00146202688311739 0.0305199121475981 -0.0180300939668331 -0.357434501156229 3.57506136766123 371.96689365717 -333037.197232541 101.06161272974 101.741804243566 95.3928239947622 980847.219066765
21200 0.0423999999999997 -3.55105236794086 -0.0252050026151574 -0.00656127477769818 0.00132168401102378 -0.0291497841125751 -0.36165563808443 3.59062960256269 374.731846430981 -333055.880357433 101.042717164258 101.772425435542 95.3729048417042 980754.143475751
21300 0.0425999999999996 -3.53455382848801 -0.000295837834345422 0.0256821071781722 -0.00653101521151158 -0.026347201408611 -0.343336978344072 3.59712642084042 375.108073836139 -333056.183497581 101.075125335874 101.789026464879 95.3529856886462 981023.804025136
21400 0.0427999999999996 -3.57853112864525 -0.0135901633829734 -0.0601239764478598 0.0286845615561748 -0.0378083691120976 -0.344300729341161 3.59269606177769 372.746494066123 -333036.528560041 101.091614238978 101.752421977826 95.3330665355882 980626.103924841
21500 0.0429999999999996 -3.57728499701446 0.0208791486985718 0.000944017480892428 0.00718469564928392 -0.0289650468452089 -0.353508201239068 3.6404709421948 374.39540984464 -333047.361545226 101.105544902168 101.783366136243 95.3131473825302 980854.512759238
21600 0.0431999999999997 -3.61923361531997 -0.0187692754617661 -0.0065633388608508 0.0254010755622697 -0.0314333278442418 -0.357911444790676 3.6601422240261 373.508893394421 -333038.37047149 101.089244041369 101.804234167024 95.2932282294722 980692.44536581
21700 0.0433999999999997 -3.62276262440692 0.0110607695851246 0.0161456573063215 0.011600237361649 -0.0417037270653878 -0.360814788507118 3.69044159046778 371.852732570662 -333023.766764335 101.093917059753 101.82857062282 95.2733090764142 980767.173627853
21800 0.0435999999999997 -3.63520834043752 -0.018821247137112 0.037683592756449 0.0176299090396224 -0.0520709488642854 -0.353018056476683 3.69712369498805 372.649441396161 -333026.163674332 101.102027685339 101.833514187356 95.2533899233562 980688.398115257
21900 0.0437999999999997 -3.67230219439635 0.00327359828113351 -0.0422860605248314 0.0311538395756691 -0.0474340680195361 -0.354834306936758 3.70565229412081 373.725195607865 -333031.169065093 101.133611383548 101.784344523969 95.2334707702982 980316.048379635
22000 0.0439999999999997 -3.66959119668995 0.0300236301412274 0.000896028891718599 0.00212637948652501 -0.0466964972824236 -0.361302831603241 3.73877143457968 372.051616984329 -333015.651166682 101.146188418451 101.822335270357 95.2135516172402 980598.76083348
22100 0.0441999999999996 -3.70329738669366 -0.0192092955617154 0.0076124373693933 0.0366505255856387 -0.0630386876624011 -0.342140501095438 3.74688802533861 372.843655904619 -333019.218553159 101.126060936942 101.84767566281 95.1936324641822 980442.462966702
22200 0.0443999999999996 -3.71662910299555 0.00348211688981398 -0.00248147878473999 0.00434099797938408 -0.0476505639381513 -0.33372538954809 3.76272029016493 374.012903630561 -333026.165740393 101.14684920067 101.848000659609 95.1737133111242 980441.940394169
22300 0.0445999999999997 -3.76032444850858 -0.0136172347812232 0.031407791944517 0.0145229098194193 -0.0526415560562261 -0.368909551785061 3.82436487642792 371.115387721815 -333002.166621129 101.163732810439 101.857382193785 95.1537941580662 980490.671707231
22400 0.0447999999999997 -3.73616479971026 0.0219612419141383 -0.0371291126677562 0.0374384428951625 -0.0600620869040099 -0.32606521896636 3.77344893556344 372.614647155617 -333011.712233296 101.213188231762 101.830880683743 95.1338750050082 980509.468860494
22500 0.0449999999999997 -3.7619175065379 0.00943564414560248 -0.00137758059417223 0.0158552096851398 -0.0516415267296298 -0.311573503610253 3.80557878293638 373.60787030495 -333016.038454309 101.227194749425 101.847936118343 95.1139558519502 980604.041968266
22600 0.0451999999999997 -3.81443380856924 -0.00569882775759033 -0.0280593597719469 0.0148843011075081 -0.0385108380863265 -0.341739114570461 3.84412116815646 374.827908026909 -333023.676295517 101.230425589439 101.844109534164 95.0940366988922 980393.134707752
22700 0.0453999999999997 -3.83619728399277 0.00463094491357285 0.0185338771303249 0.00636439955582059 -0.0417195802420398 -0.342073115520146 3.89383341785027 372.450016155428 -333002.640251628 101.218063498731 101.893955549046 95.0741175458342 980547.75394138
22800 0.0455999999999996 -3.86906106226333 -0.0509308901287326 0.033884881812812 0.0208723093072873 -0.0602223211235183 -0.356765849356572 3.91192818722824 373.500155365492 -333008.430763741 101.199532503698 101.900924954607 95.0541983927762 980229.878367762
22900 0.0457999999999996 -3.90039535634367 0.0301319024118365 -0.0154889132069774 0.01968878053693 -0.059918474924862 -0.348698221400027 3.95582063486871 373.484901964396 -333005.359291423 101.24821720586 101.87538839908 95.0342792397182 980250.218117047
23000 0.0459999999999997 -3.83988657558384 0.0145737931026477 0.00890170415650778 0.0497639501998989 -0.0577755443669311 -0.347943117139332 3.90072694448231 373.185547009234 -333000.093281555 101.257764136938 101.883329452889 95.0143600866602 980213.5691267
23100 0.0461999999999997 -3.92358036831392 -0.0028712658208372 -0.0421432571478976 0.0625127040065259 -0.0628708674455507 -0.340121697747332 3.94843743296613 372.445416731586 -332992.831867816 101.253662885117 101.886601738288 94.9944409336022 979999.854861259
23200 0.0463999999999997 -3.91418996895621 0.0128948736307578 0.0363410720289403 0.016510134407451 -0.0632145872980896 -0.338864229218606 3.98395697751989 373.678087253824 -333001.27244251 101.236371370217 101.939478647719 94.9745217805442 980135.442388793
23300 0.0465999999999997 -3.91480972166781 -0.0319719036113403 -0.0238277844001115 0.0392348394247335 -0.0834716549643411 -0.348608990390687 3.93677831431242 372.83275169272 -332991.899665301 101.241977816901 101.939591195448 94.9546026274862 979985.22732343
23400 0.0467999999999997 -3.91466717028272 -0.032246525137305 -0.00247757886643825 0.0444749320447329 -0.0849301579104338 -0.345803849328134 3.9466398604559 374.175980322137 -332999.966471495 101.274599156437 101.950402689016 94.9346834744282 980199.293562954
23500 0.0469999999999996 -3.96084338307324 0.00796709877903436 -0.00673523369817663 0.0470511570736299 -0.0589009824849836 -0.325446166248016 4.00351308989157 374.546100179391 -333000.181472529 101.309151286385 101.9409891809 94.9147643213702 980237.457877972
23600 0.0471999999999996 -3.98774383838501 -0.0118907279683114 -0.0163696167620649 0.0262827524062271 -0.0742462186033211 -0.371010336366644 4.02755216891583 373.647373280363 -332990.90230541 101.299885477369 101.96143391041 94.8948451683122 980138.639159203
23700 0.0473999999999996 -3.96665623916519 -0.0302834254965016 0.0236577507642302 0.0261086080673015 -0.0703394463589959 -0.345501521282023 4.01064520413722 372.881853673795 -332982.01494965 101.299363469797 102.002451033929 94.8749260152542 980322.057010522
23800 0.0475999999999997 -4.00731533393292 0.0304911957373416 -0.0242943387841278 0.0375886603919396 -0.0549239418704077 -0.34875512541242 4.05756684352391 373.967243313768 -332986.296486489 101.324679290883 101.981855046304 94.8550068621962 980163.227314688
23900 0.0477999999999997 -4.03098714744726 -0.0389048886924562 -0.0106839947878639 0.03270288282322 -0.0747928255434289 -0.338522951767742 4.05141469266158 372.674583213041 -332974.889966699 101.317524255684 101.990165959174 94.8350877091382 979968.052573053
24000 0.0479999999999997 -4.01475149274983 -0.00627980914337237 -0.00572733788802189 0.00189257556547718 -0.0802660188133388 -0.335126207887767 4.05294059682316 372.477636056305 -332969.590499596 101.33323811096 102.006724007522 94.8151685560802 980073.265066545
24100 0.0481999999999997 -4.06250808480401 -0.0378818501321741 0.0519229463023115 0.00498332108777223 -0.0738817335889543 -0.350705933205249 4.11734695609911 373.092779172974 -332971.161183331 101.310245195784 102.041539986771 94.7952494030222 979979.394777908
24200 0.0483999999999996 -4.08448541079932 -0.0228982807728238 -0.019300863935261 -0.0122817078479233 -0.0479084045948451 -0.337002330051507 4.10599123918323 373.298493768238 -332971.583826542 101.350761011045 102.00639298027 94.7753302499642 979827.696385944
24300 0.0485999999999996 -4.07782348073092 0.0342083301869899 -0.0314873698137689 0.00835929546550328 -0.070842073855081 -0.359115019497413 4.12857541461797 373.285217667104 -332969.76036588 101.404501721416 101.993072855985 94.7554110969062 980013.214933468
24400 0.0487999999999997 -4.11035909965933 -0.022912146988554 -0.0183445732348436 0.024958814797627 -0.0625300354275936 -0.378047596060134 4.14346135097323 373.277081625539 -332967.53455456 101.389627680338 102.003375245554 94.7354919438482 979762.438038601
24500 0.0489999999999997 -4.09864970287606 0.0362489925619543 0.00164213254063396 0.010093577627422 -0.0628470758342063 -0.368358028925984 4.16829783174302 373.561696038336 -332965.819254045 101.425280771169 102.029256056497 94.7155727907902 980149.513372014
24600 0.0491999999999997 -4.16605434693909 -0.0327227122025444 -0.0048881905460968 0.029909970270283 -0.073860138544741 -0.360164965895794 4.19624363679571 372.718709741286 -332956.301409601 101.389707835623 102.050515451407 94.6956536377322 979803.802041188
24700 0.0493999999999997 -4.18641873404794 -0.0162217371691768 0.0171138520933111 -0.0128067894986003 -0.083168257544925 -0.342957789551965 4.23140322866113 373.738296243449 -332960.764453675 101.392812199236 102.070523649653 94.6757344846742 979819.762046322
24800 0.0495999999999997 -4.216489786118 0.0164076168406116 -0.0148853242139787 0.0134120860566378 -0.0398145477761415 -0.372052968221951 4.26690817144007 374.957786109326 -332967.788067052 101.423706518136 102.03672643665 94.6558153316162 979587.637124033
24900 0.0497999999999997 -4.19297049603581 0.00304216933346028 0.00547302533308315 0.0197004955844469 -0.0444062739789507 -0.358428522822826 4.24372727653016 372.267304740911 -332946.958026453 101.454904369959 102.034681154187 94.6358961785582 979663.114595916
25000 0.0499999999999996 -4.22491987769767 0.0167439014501816 -0.0392709348126678 0.0118063831923704 -0.0403283058063306 -0.372215666871148 4.26358815693287 372.379255761536 -332943.547629646 101.473815566075 102.031022073036 94.6159770255002 979604.352928005
25100 0.0501999999999996 -4.24122202641164 -0.0109289581185835 0.0352589025068816 0.0147974552330619 -0.0564735138521451 -0.345669564074243 4.29669500414993 374.76131970231 -332957.168473383 101.457656013731 102.064934577882 94.5960578724422 979567.627828563
25200 0.0503999999999997 -4.21649851569274 0.0059935266425375 -0.0372196771566017 0.00558852796420916 -0.0434317534129116 -0.384400068102647 4.25416054034419 374.499046468961 -332952.406941201 101.485096106651 102.060404013873 94.5761387193842 979582.751652408
25300 0.0505999999999997 -4.24431526547633 0.0174262554372568 0.00492364356843896 0.0190237269271632 -0.0503730438700589 -0.356265511220708 4.30102169105459 374.45804747829 -332950.205426655 101.494624182841 102.085826827028 94.5562195663262 979712.368434853
25400 0.0507999999999997 -4.24200791357531 -0.0400319219110686 -0.0189595231531197 0.023653000920558 -0.0507220691854988 -0.373155606556951 4.2629477937877 374.291632205957 -332945.804726373 101.494600165465 102.096590503879 94.5363004132682 979609.02772479
25500 0.0509999999999997 -4.25894225623051 0.019793728495549 0.00940174081012087 0.0101509811369483 -0.0535869935268343 -0.361455442083364 4.32019663712778 372.935486913848 -332931.728224925 101.516629362491 102.12437241251 94.5163812602102 979881.764761245
25600 0.0511999999999997 -4.28559065531115 -0.0455865587714056 0.0434459109108895 0.00304070623294517 -0.0690897669212343 -0.370290942633379 4.33459959251848 374.529356385056 -332939.113921467 101.497371655204 102.135710939023 94.4964621071522 979598.161488012
25700 0.0513999999999996 -4.29362492707921 0.00104635623540091 -0.0462726544490139 -0.0129534168767322 -0.0322256088099067 -0.341018407794011 4.3122755512765 372.961193587602 -332925.318173967 101.546067549312 102.104271193911 94.4765429540942 979559.932875223
25800 0.0515999999999996 -4.29925658159388 0.0253520674723503 0.0363079458986116 -0.0133210713157633 -0.0471965040363797 -0.342132647319195 4.3712834514978 372.487752947493 -332917.381333691 101.540949791141 102.168838612198 94.4566238010362 979923.327551483
25900 0.0517999999999997 -4.35580765553371 -0.0447701345901982 0.0115741767569986 0.0282689946527047 -0.0483637682769142 -0.349676959188958 4.3826200070846 374.603633880408 -332929.303147909 101.513870469296 102.185743926907 94.4367046479782 979617.470430176
26000 0.0519999999999997 -4.33123355846606 0.0118785678270872 0.0158845011674473 -0.014841298811238 -0.0562221167326904 -0.354418889553618 4.38942126324443 374.519695073807 -332924.490150147 101.551481443986 102.179265297434 94.4167854949202 979711.598049406
26100 0.0521999999999997 -4.37421934627641 -0.0171935731254374 -0.039064313243721 0.0157016538232096 -0.0648162415110339 -0.359884252906417 4.39212404498793 375.60673552304 -332930.177831002 101.564840491644 102.155936662219 94.3968663418622 979410.100210237
26200 0.0523999999999997 -4.36120659747679 0.0188329398818266 -0.00528363054410074 -0.0184723549363893 -0.0733287342226471 -0.387730497064845 4.4212957641809 373.140700342366 -332909.747885827 101.597742912896 102.164358084017 94.3769471888042 979601.396367213
26300 0.0525999999999997 -4.41992232170173 -0.00810968652925511 -0.00614912471800646 -0.0162307517838796 -0.0806579757125088 -0.354118773964672 4.45749391029447 372.675784991912 -332901.525628723 101.562682053472 102.209349052937 94.3570280357462 979487.81343708
26400 0.0527999999999996 -4.38976572134379 -0.00982337292386158 -0.00422677077434581 -0.0254127250094249 -0.057669454555402 -0.382684665333424 4.43392562738565 373.161071398391 -332902.167290314 101.571226655207 102.230858752278 94.3371088826882 979569.532327661
26500 0.0529999999999996 -4.4054033119804 0.0142939147012928 -0.0222906445027561 -0.0306437205028872 -0.0569551314244413 -0.379962249522021 4.45185714479334 373.217739656323 -332897.210020535 101.595070253812 102.235043390047 94.3171897296302 979632.698432714
26600 0.0531999999999996 -4.43909273424525 -0.0142742582154856 0.0328227411241457 -0.0301518891490946 -0.0569499266847759 -0.362656856849097 4.49406827108464 372.26993419483 -332886.348245552 101.586555087868 102.261591442242 94.2972705765722 979598.028975283
26700 0.0533999999999997 -4.49466837215244 -0.00145417553259204 -0.0237727795193737 -0.0308657472762493 -0.0371050627090358 -0.364741864250206 4.52717218484329 372.080061578441 -332880.723904698 101.605442771762 102.234740009172 94.2773514235142 979315.983695089
26800 0.0535999999999997 -4.45515459792272 -0.000758073128780649 0.0325581996267223 -0.011088457453837 -0.0742040916091546 -0.369145491874943 4.51850141634628 373.063159854142 -332882.407253502 101.616593538312 102.261819238162 94.2574322704562 979475.892532689
26900 0.0537999999999997 -4.53060461706845 0.00276395033465493 -0.0117619853191679 -0.0318848345460492 -0.0628333259118895 -0.356636332920991 4.56971033885688 372.616940821991 -332875.485637524 101.627534522015 102.236793969756 94.2375131173982 979134.669708177
27000 0.0539999999999997 -4.54611952012774 0.00408187259566806 0.00586061344024513 0.00483077944690272 -0.057364387867826 -0.358184624737332 4.59426383785265 373.377408633386 -332877.840919666 101.644678031279 102.240790640421 94.2175939643402 979131.118165862
27100 0.0541999999999996 -4.54344903169223 0.00254359900517477 0.00116479314724888 -0.00899206465429644 -0.0699981188238708 -0.361489957287599 4.58985289605753 373.859017299373 -332877.312412482 101.640409098898 102.269700113444 94.1976748112822 979159.787960498
27200 0.0543999999999996 -4.56606707910177 -0.00801896667313084 0.01579465814301 -0.00193089517919846 -0.050736648301542 -0.384509194848892 4.61911128918385 373.831741919615 -332872.032054699 101.620704637845 102.314527719894 94.1777556582242 979191.968103882
27300 0.0545999999999997 -4.61263796840483 -0.0167603717376396 0.00746760357857668 -0.0277310623666062 -0.0326426126152537 -0.367352681894968 4.6523514830594 372.506595613121 -332857.692731354 101.621447277958 102.318841519804 94.1578365051662 979033.293989553
27400 0.0547999999999997 -4.60241554103164 -0.0111244039676245 0.0154511619376232 -0.0136711443841737 -0.04143229389415 -0.365390801396128 4.64853940984929 372.392297171338 -332852.79428285 101.666218241765 102.315670123749 94.1379173521082 979227.064158228
27500 0.0549999999999997 -4.6393594589248 0.0133872140424452 -0.0288832341368217 -0.0180523799954681 -0.0451790523610465 -0.347203675439528 4.67139347398284 374.545353306008 -332863.552428631 101.68548571849 102.320040033924 94.1179981990502 979247.227033475
27600 0.0551999999999997 -4.6420683293796 -0.0171917895498234 -0.000693809261552932 -0.0204722495873636 -0.0522989853590808 -0.331067440292749 4.66951134003286 374.177887667747 -332856.455792387 101.663975736816 102.357001615819 94.0980790459922 979186.466991368
27700 0.0553999999999997 -4.65393524177838 -0.00677573075137925 -0.0110725047714362 -0.00369450133445756 -0.0564072626077748 -0.355968996306295 4.6867761045073 372.702185263011 -332841.381090292 101.696510351299 102.349539333914 94.0781598929342 979221.087071358
27800 0.0555999999999996 -4.63168475426198 -0.00118807611232474 0.0196538440364831 -0.00655266415320642 -0.0290907116966782 -0.353020053877958 4.68134376115121 373.941333201119 -332847.156114926 101.744483574162 102.337878196736 94.0582407398762 979363.990221243
27900 0.0557999999999996 -4.62745379711934 0.0280284938098317 -0.0149945068545258 0.00653854539612966 -0.0480845474820746 -0.336097308453971 4.67129771617514 373.81818083355 -332841.050122461 101.764948234805 102.336413306395 94.0383215868182 979339.512411298
28000 0.0559999999999996 -4.67211695643622 0.0166892001303071 0.00208390804765267 -0.0489132726238672 -0.0237662424860464 -0.338671721270921 4.71906799452024 373.759357926212 -332835.529251083 101.7256795264 102.39497438328 94.0184024337602 979314.328227539
28100 0.0561999999999997 -4.71481735622588 -0.0693224792132138 0.00522657021536552 -0.00751679654470493 -0.0593401995539973 -0.350955954277779 4.72363641386565 372.795101599892 -332822.632201029 101.689923096243 102.41701316054 93.9984832807022 978973.353756911
28200 0.0563999999999997 -4.71262876288723 0.000869509939541794 -0.0365705308166801 0.00534965089141319 -0.0613518814949422 -0.370176263184406 4.73966914151317 373.879951546988 -332826.767048428 101.761613612461 102.369069983091 93.9785641276442 978997.421411357
28300 0.0565999999999997 -4.70913461772296 -0.0175713494780771 -0.0279287841612495 -0.0222261244701482 -0.0632776841469703 -0.363388465235889 4.72989728683873 372.726656512599 -332812.772742761 101.795030069698 102.359366095028 93.9586449745862 979018.520544435
28400 0.0567999999999997 -4.72706409344859 0.015170457364986 -0.0166778253367244 -0.0118355298822965 -0.0506264521802949 -0.330929548269155 4.76187182434237 373.434003034658 -332814.833778539 101.801237365462 102.377002098702 93.9387258215282 979039.310241015
28500 0.0569999999999996 -4.72576829112906 -0.000997923132709331 0.0173053019867594 -0.0274591851826482 -0.0471679804728348 -0.330282271726865 4.7693253387433 372.194735462142 -332800.697163333 101.791024417105 102.413961781361 93.9188066684702 979086.849892233
28600 0.0571999999999996 -4.77138232212343 -0.00926547541165205 0.0135273090476502 -0.00384675284604318 -0.0714261220126214 -0.355504543484884 4.81469814029618 372.922687418877 -332800.576336998 101.79827536524 102.426221004422 93.8988875154122 979066.108206913
28700 0.0573999999999996 -4.73840461597529 0.0137959914362174 -0.00470187511183768 -0.00114247937979571 -0.0597702448249086 -0.342665497257239 4.78109061855263 372.810399389982 -332797.05332659 101.822462502059 102.432343096404 93.8789683623542 979149.51140859
28800 0.0575999999999997 -4.74831575212276 0.0045167242133782 0.00890884075849553 -0.029149348141881 -0.0534807629085982 -0.326587808866943 4.78972016438909 373.312404794895 -332794.46379486 101.814577666393 102.474142068837 93.8590492092962 979265.390115041
28900 0.0577999999999997 -4.81943456215618 -0.0526596732617121 0.00711212944060837 -0.0258114998908339 -0.0691584731746239 -0.357796227284382 4.83849522502303 373.035879873 -332788.559389279 101.788658151181 102.492039201132 93.8391300562382 978979.271242842
29000 0.0579999999999997 -4.76372753252619 0.0125502014465264 0.0140480754842966 -0.0373824361729481 -0.0468116786912792 -0.34410930835805 4.81518280917448 373.05385412019 -332783.798652288 101.826913587404 102.507385124381 93.8192109031802 979285.922312835
29100 0.0581999999999997 -4.82649068450557 0.00275527997894568 -0.00836861059549907 -0.0509926296263748 -0.0461607607876341 -0.351097886274361 4.86333452400126 373.518931740797 -332781.095779065 101.848734446687 102.478636328811 93.7992917501222 979013.169169912
29200 0.0583999999999997 -4.82103489717373 0.03751870639379 0.0262867116971442 -0.0498384531948046 -0.046828010698483 -0.351592914609125 4.89244120689801 372.906248044559 -332772.541667536 101.894272337191 102.471378048916 93.7793725970642 979173.546059168
29300 0.0585999999999996 -4.86576149380229 -0.0180127315113755 -0.0480280817376659 -0.0510478910009826 -0.0419400549696957 -0.335620379385413 4.86899166049491 373.239717590774 -332771.362382463 101.874389050052 102.479758820829 93.7594534440062 978854.583911975
29400 0.0587999999999996 -4.81519851524034 0.0129498132096587 0.0432536941218633 -0.0325048269752204 -0.0455178699926649 -0.344398990357914 4.88092855440022 373.364248874085 -332767.427682621 101.849824615023 102.554944306255 93.7395342909482 979128.473324293
29500 0.0589999999999996 -4.88824645256493 -0.0458518024091685 0.0205426958958397 -0.0185038432869009 -0.0381375288365753 -0.354606494070406 4.91501072506779 373.284771127993 -332763.422540399 101.816836440967 102.564545006617 93.7196151378902 978694.962998525
29600 0.0591999999999997 -4.82227177876106 0.0475594868112568 -0.0166305293168134 -0.0632938927381356 -0.0583598609379892 -0.358397414429389 4.87999635824937 371.39118806014 -332745.017860728 101.852955966402 102.585802306408 93.6996959848322 979036.940563862
29700 0.0593999999999997 -4.88134813463528 -0.0291495645314593 -0.00310962341791666 -0.0196910765242251 -0.0673740032480117 -0.347372254472243 4.90383966308483 371.874113136245 -332745.304181464 101.829526608036 102.614462127967 93.6797768317742 978877.047355183
29800 0.0595999999999997 -4.87057180035567 -0.00452184953426424 0.0137306409061506 -0.0291161467324431 -0.0538311737995144 -0.343533236892905 4.91252223383021 372.978263902169 -332749.479157513 101.863999362185 102.636375184558 93.6598576787162 979209.284170362
29900 0.0597999999999997 -4.86897754790163 -0.0134573196603166 -0.0166997479441917 -0.048010156532668 -0.0558999659098287 -0.339216508222067 4.89099543921163 373.126656499422 -332747.696286941 101.877809732482 102.63724125498 93.6399385256582 979142.022143114
30000 0.0599999999999996 -4.8377894669192 0.0393519903824443 0.00151689408218601 -0.026648341352918 -0.049520013327983 -0.363966723779621 4.90003220375567 372.112170512499 -332735.352122316 101.885043913702 102.682427874281 93.6200193726002 979434.262551397
30100 0.0601999999999996 -4.83616909212271 -0.0373836295939661 0.00579264170148717 -0.0400278931378499 -0.0394468822460428 -0.352372270252569 4.85997667541438 374.130156994068 -332745.299180141 101.828636710727 102.736276921137 93.6001002195422 979196.98228221
30200 0.0603999999999997 -4.83409827566403 0.0173447632831648 0.0110543055630442 -0.0534306775938096 -0.0677138986524708 -0.346665242192366 4.8876243443271 374.747608593789 -332746.703017766 101.842437619013 102.771526101514 93.5801810664842 979457.221168131
30300 0.0605999999999997 -4.82284030438507 -0.040573912476708 -0.00924344025958973 -0.0467350178292445 -0.039206099018684 -0.361251064377197 4.83978872894348 374.692990303468 -332744.196175409 101.852729388471 102.778977942493 93.5602619134262 979418.707402273
30400 0.0607999999999997 -4.76987183270434 0.0336596447447894 -0.0260063931208223 -0.0508201609407205 -0.0556200519829284 -0.342518303953913 4.81246841053002 374.188168706694 -332737.375695095 101.9010909145 102.774366648312 93.5403427603682 979631.179905006
30500 0.0609999999999997 -4.77895059535238 0.0205561173676766 0.00883821171212189 -0.0331687173478129 -0.0417067379395827 -0.341001535090648 4.8307894609585 372.443931246764 -332721.398829607 101.894530438564 102.80764496454 93.5204236073102 979676.630554228
30600 0.0611999999999997 -4.77074476926675 -0.0121036544218709 -0.0271944597419923 -0.0179625345260805 -0.0633007766159219 -0.357849433881449 4.79272770356642 374.246546725919 -332733.626196714 101.884743448235 102.835811550982 93.5005044542522 979642.211283848
30700 0.0613999999999996 -4.7242695034565 0.0473822274181974 0.0189737624695119 -0.0415455717842391 -0.055788606987799 -0.348145315571394 4.79708689441549 373.973880025454 -332727.793650734 101.8715912206 102.904665779267 93.4805853011942 979962.775898371
30800 0.0615999999999996 -4.75831209836501 -0.0455762584836451 -0.00441766575457439 -0.0238068149848934 -0.0305837013271845 -0.345155268146803 4.77152444826592 373.746640024929 -332725.615673484 101.819886527613 102.941184300552 93.4606661481362 979604.206187446
30900 0.0617999999999996 -4.71193200413206 0.00893855410399973 -0.00668251441167163 -0.0195785037612251 -0.0261516353868562 -0.348408758923545 4.75189283026991 374.689039780699 -332728.789287899 101.835292684685 102.973051121093 93.4407469950782 979846.845517709
31000 0.0619999999999997 -4.69894417469339 -0.0183645593978666 -0.00295846544572577 -0.0274918418803213 -0.0219359304836679 -0.366918180637603 4.7315716358574 372.515465348148 -332708.204545663 101.841575367091 102.991025770081 93.4208278420202 979869.418852735
31100 0.0621999999999997 -4.70751670726045 0.0456914796859054 -0.0168793343382494 -0.0362114962744638 -0.0272831391341078 -0.342001349395305 4.75988999506637 375.245740094308 -332725.364958691 101.865905468331 103.002352756094 93.4009086889622 980002.302909715
31200 0.0623999999999997 -4.698393842863 0.0227146350282908 0.0216254432278947 -0.0247374391311422 -0.013571538649561 -0.340014873148199 4.75740927168003 374.332579804534 -332716.604345332 101.819711313837 103.087584122288 93.3809895359042 980159.367923917
31300 0.0625999999999997 -4.69393297188252 -0.00335699806045405 -0.00754573619850271 -0.0190718890225531 -0.00407384846202142 -0.364274878065682 4.73086699001345 372.255308704222 -332699.202904557 101.794362561545 103.153490414378 93.3610703828462 980332.672917803
31400 0.0627999999999996 -4.6327214382919 -0.00165384269606191 0.000432990751917308 -0.0130770624706187 -0.0154437222243991 -0.351024488732659 4.67197376127447 373.830211262422 -332710.082925867 101.795940736591 103.178420107729 93.3411512297882 980375.584095834
31500 0.0629999999999996 -4.67220148022894 0.0289588780035941 0.0133121651655441 -0.0104238717826712 -0.00238979178119755 -0.36035645827736 4.73471321866473 374.851354167014 -332715.053028776 101.793380384463 103.208748259941 93.3212320767302 980429.819184973
31600 0.0631999999999998 -4.57597514541416 -0.00567995335914844 -0.0120012561301076 -9.71489990358055e-05 -0.022726106889879 -0.347693425502398 4.60683942549096 375.119210872821 -332714.611068987 101.776919145395 103.261323481848 93.3013129236722 980561.285629161
31700 0.0633999999999997 -4.54109894681379 -0.0285460933780493 0.00950594705664008 -0.00930437221200206 -0.0273838317591439 -0.324117932505138 4.56661359168272 374.122885970697 -332704.846822914 101.758878327871 103.302905789399 93.2813937706142 980572.875255562
31800 0.0635999999999997 -4.50900519045597 0.00527729339958885 0.00161971138587568 -0.00987150318624392 -0.00122493822078822 -0.339005567705286 4.55052958780464 373.517187569773 -332701.069259236 101.779838487593 103.337773823153 93.2614746175562 980896.391522633
31900 0.0637999999999997 -4.47410234204242 -0.0106923578259756 0.00730534062337597 0.00287441931085791 -0.0224407414007437 -0.330734363270562 4.50914347919105 373.24963620636 -332697.376491692 101.756464920393 103.381464809475 93.2415554644982 980876.211794913
32000 0.0639999999999997 -4.44706653598978 0.0218059790866617 0.0131286028211329 -0.0128133511166425 0.00942668777095717 -0.335127322106918 4.50220044687747 374.716235067878 -332706.453746612 101.750894572398 103.428514110857 93.2216363114402 981059.264755255
32100 0.0641999999999997 -4.42567802714954 -0.0194940817693555 -0.0202819354819365 -0.0149549680994803 -0.00439026690770824 -0.342499569650564 4.44563075333922 374.388067970935 -332702.794224008 101.726396820962 103.473384259962 93.2017171583822 981038.902605165
32200 0.0643999999999996 -4.41145633279991 0.00342462984336941 0.0144674507467013 -0.0165579632398444 -0.00860233108632268 -0.33690821256288 4.45888041191966 374.155695138856 -332700.867192298 101.719559129981 103.52073523647 93.1817980053242 981212.118248183
32300 0.0645999999999996 -4.38190595737781 -0.00420741004827743 -0.00141213142433131 -0.037297037383612 0.00107095567159437 -0.379521539499951 4.42863135931512 373.245228730897 -332691.074135929 101.72160320925 103.55032778171 93.1618788522662 981302.517377703
32400 0.0647999999999997 -4.38019278651694 -0.0157422966024613 -0.0282869334937436 -0.0378964754053298 -0.00706730522537384 -0.372943224047151 4.40630834307422 374.132462636219 -332695.729110041 101.722009885516 103.560400724466 93.1419596992082 981192.06217607
32500 0.0649999999999997 -4.37778668825246 0.00837237854063819 0.00171106132691927 -0.0364561701194089 -0.0123526575583807 -0.375142358897892 4.43123666996569 374.857896052246 -332699.49715335 101.722884969341 103.593347026039 93.1220405461502 981302.75404086
32600 0.0651999999999997 -4.31626820391737 -0.0144435293870725 0.0401039274202259 -0.0527792943886328 0.00342131910830671 -0.382207465469403 4.38063514448211 373.906824759452 -332691.509723836 101.723065267585 103.638290827546 93.1021213930922 981520.234899189
32700 0.0653999999999997 -4.32035108834576 0.0486576285119095 -0.027481643195547 -0.0354555001315306 -0.0280021246228317 -0.375355466339246 4.38065977081541 374.294035171545 -332691.031668672 101.743243777282 103.642755188487 93.0822022400342 981547.17846073
32800 0.0655999999999997 -4.32443456557443 -0.00801583395296603 0.0178452895535611 -0.0623476803212959 -0.023523985097668 -0.381796445239781 4.38114075469714 374.605439649789 -332693.654129394 101.713057440119 103.700602031191 93.0622830869762 981593.535706565
32900 0.0657999999999996 -4.29066493222048 0.0098001473848557 -0.0151397201325141 -0.0500490428659027 -0.014926784197406 -0.359322075167816 4.33392305843006 374.465418420727 -332691.654369714 101.726672313455 103.723883718524 93.0423639339182 981735.156736261
33000 0.0659999999999998 -4.3037935185145 -0.0135233274109044 0.00956478166150183 -0.0379422629266966 -0.0107713024182405 -0.376162828258822 4.35145584011619 374.473516000732 -332690.853066435 101.711159774378 103.764637204262 93.0224447808602 981760.890907876
33100 0.0661999999999997 -4.26750440086486 0.0174338381545532 -0.00907543973426011 -0.0590975851859418 -0.0188467381487373 -0.380436442456365 4.32360343557292 373.58596353766 -332683.26987752 101.733163205162 103.766115410852 93.0025256278022 981776.991022606
33200 0.0663999999999997 -4.28284073966902 0.0230695034195442 -0.0103598950133609 -0.049477835153762 0.00404628747243946 -0.359076868544219 4.33500154965302 375.485853860824 -332696.003039925 101.758270752626 103.760691831125 92.9826064747442 981757.647587798
33300 0.0665999999999997 -4.24675126639643 -0.0244612649035014 -0.016483478317209 -0.0344118036789975 0.00264231125382861 -0.360851527726484 4.27266848323557 373.696962363337 -332683.937176027 101.751782453475 103.780734107689 92.9626873216862 981674.328013271
33400 0.0667999999999997 -4.2339529254002 0.00904589416434707 0.00194540342187412 -0.0614688955031219 -0.0169288840016197 -0.339117224631754 4.28137344070403 373.731118855465 -332684.014685221 101.745124870854 103.814933551417 92.9427681686282 981723.173552025
33500 0.0669999999999997 -4.19375976434069 0.00411971328637025 0.028435616397189 -0.0592915706931274 0.0113720151504806 -0.331609331843693 4.25037495859182 374.482540589838 -332690.316143074 101.719015296515 103.874620840709 92.9228490155702 981825.066433682
33600 0.0671999999999996 -4.2359491576606 -0.0448099140724212 -0.0173463636962287 -0.0639929067578062 -0.0180432621590525 -0.317668797037196 4.24234702936962 374.532919296283 -332695.136121201 101.721017160906 103.865508095884 92.9029298625122 981547.801602924
33700 0.0673999999999996 -4.14472904452602 0.0461326417371304 0.00616075003518876 -0.0543065014519133 -0.0203296403083919 -0.309419813514661 4.20650830144966 374.67685683676 -332697.239802623 101.764018397124 103.885219562631 92.8830107094542 981938.512975541
33800 0.0675999999999997 -4.13214844009402 -0.00659107786290048 -0.0136288373019372 -0.0475845976028473 -0.0117562602958449 -0.314791723137905 4.15881321971472 374.795317066935 -332700.874014519 101.747812201619 103.929343303489 92.8630915563962 981988.497593329
33900 0.0677999999999997 -4.11539704309098 0.021532291240374 -0.00784651706077308 -0.0419601461597653 -0.00590626605219765 -0.299477401234132 4.15547303358389 375.023918860908 -332707.347457483 101.744941941701 103.983615616644 92.8431724033382 982262.839149163
34000 0.0679999999999997 -4.05458592376855 0.00153675637641791 0.00913457247432453 -0.0354031014774525 -0.0218147709608432 -0.295736891211224 4.09274667128798 377.312887091408 -332726.106757732 101.721539620173 104.03962475381 92.8232532502802 982355.062098046
34100 0.0681999999999997 -3.96754501310751 -0.0185624824921757 0.0212009939176036 -0.038745545247295 -0.0453774136105251 -0.280857472738571 4.00004914665643 374.6835696458 -332709.984087938 101.749901251173 104.074983996656 92.8033340972222 982751.981978639
34200 0.0683999999999997 -3.99644094083576 -0.0237614519471683 -0.0279722144766402 -0.0573110119071629 -0.0407767351317062 -0.287502492571247 4.00353431037743 374.60735151932 -332711.337260423 101.75275850617 104.074500712048 92.7834149441642 982564.073945178
34300 0.0685999999999996 -3.93828100583289 0.0179857418113397 0.0515442746468086 -0.0416960587368313 -0.0233793954367068 -0.288168491271507 4.00523631907267 375.824952825042 -332720.990680896 101.767416657121 104.119228521496 92.7634957911062 982916.891151104
34400 0.0687999999999996 -3.93616581493908 0.0178113123390377 -0.0691933779843129 -0.0766302344943164 -0.0407477710665303 -0.286737591280671 3.94547125746587 375.474655130718 -332721.456867346 101.769597995007 104.097345400928 92.7435766380482 982520.349431742
34500 0.0689999999999998 -3.88077722878217 -0.0139617212163708 0.0173374320827302 -0.0651077172959254 -0.0520899224199879 -0.278256560314856 3.91502325951987 374.541726115065 -332715.797997578 101.737964860608 104.170161294638 92.7236574849902 982690.904854083
34600 0.0691999999999997 -3.87947220861846 -0.0156082098845103 -0.0236708675653359 -0.044537766000733 -0.0425255337699872 -0.289438632554095 3.89372023408549 375.802730268753 -332727.966891536 101.735519699095 104.188672079675 92.7037383319322 982630.767717443
34700 0.0693999999999997 -3.85099336388115 0.0121347010882212 0.016540253695504 -0.0513293671456997 -0.0569757228313169 -0.262449536862437 3.89423665923577 374.189766332488 -332717.242999091 101.739056397754 104.223049946587 92.6838191788742 982777.9517012
34800 0.0695999999999997 -3.84220659037378 0.00620656228587338 0.00760711761313823 -0.0518837405821141 -0.0482829911337201 -0.253566377528709 3.87603314013302 372.47766806671 -332705.930871322 101.7493360485 104.247422699399 92.6639000258162 982895.814064407
34900 0.0697999999999997 -3.78125655026256 0.0262808755480026 -0.0187643264152685 -0.0431324199279761 -0.0387521383346038 -0.2700825824258 3.81533474710308 373.353804066457 -332711.310658608 101.750881835853 104.275045543859 92.6439808727582 982959.848241511
35000 0.0699999999999996 -3.73837295446747 -0.0338624267663765 0.00284058183512664 -0.0533660493276408 -0.0325916201776591 -0.260939404084284 3.7518942691716 374.123749528085 -332716.305355746 101.736310981497 104.335831740254 92.6240617197002 983180.575984832
35100 0.0701999999999996 -3.70170919002727 -0.0191176151060114 -0.008858856014624 -0.0370770192691205 -0.0296122772725275 -0.25684789977885 3.71537778394743 373.171900151707 -332710.049213119 101.752674601544 104.351506830648 92.6041425666422 983274.945432131
35200 0.0703999999999996 -3.71712338628338 -0.0223849757258662 0.0191130028927486 -0.033508107584477 -0.0348817806063095 -0.264995391659499 3.74483970934938 373.483367321718 -332711.99941758 101.783585360586 104.358132200176 92.5842234135842 983424.51571503
35300 0.0705999999999997 -3.7216794791413 0.0374172383903723 -0.0113096374402731 -0.0335949913701429 -0.027516301405578 -0.25999769975622 3.7627738602918 374.157739372584 -332716.537839033 101.817899516149 104.349351861408 92.5643042605262 983461.652664711
35400 0.0707999999999997 -3.71515876728271 0.0024437146888722 -0.0129363718647874 -0.0569201107276576 -0.0310364553400325 -0.281462555032273 3.74351448567128 374.945199804473 -332725.037731747 101.784385165651 104.398723540281 92.5443851074682 983391.432854023
35500 0.0709999999999997 -3.74829528859321 0.0137761621399444 -0.00258918957784141 -0.0609322017114422 -0.0245016448024432 -0.2781376096076 3.7864102503195 374.451435533972 -332722.574989476 101.760987204118 104.437821566652 92.5244659544102 983321.880448004
35600 0.0711999999999997 -3.73458661346965 -0.0270208233183812 -0.0328331330259646 -0.0237708099269544 -0.039651612351678 -0.26231021038436 3.73327740669324 373.847782155818 -332718.022562344 101.73835759084 104.469203860107 92.5045468013522 983186.908601209
35700 0.0713999999999997 -3.66239312373339 0.0104378200303571 0.0166128253697693 -0.0154952518626056 -0.0293804055738543 -0.278428106985368 3.70786752572314 373.362077295329 -332715.134850174 101.759526266284 104.49535295095 92.4846276482942 983425.818903862
35800 0.0715999999999996 -3.69786500998489 0.0387315035306434 -0.0272076244663639 -0.00864239680008049 -0.0228874724280712 -0.25568695469785 3.73068848824146 374.494296773326 -332725.202129723 101.763550442823 104.499055504753 92.4647084952362 983287.732072704
35900 0.0717999999999996 -3.69617793084783 -0.0199853089555736 0.0164148071394977 -0.031331594083072 -0.048539732816047 -0.292266258181767 3.73038912451438 374.246190527704 -332724.938462939 101.715454207398 104.584413216753 92.4447893421782 983413.903378778
36000 0.0719999999999997 -3.68834394459152 0.022539540034789 0.00618828941582383 -0.0116711519614303 -0.00693352500427087 -0.262821882636443 3.73068692182059 373.532059922634 -332718.881419748 101.697132355042 104.627630583829 92.4248701891202 983431.118601469
36100 0.0721999999999997 -3.68206446327795 -0.0499227664510341 0.0145889255329766 -0.0298080499908603 -0.0210299084343651 -0.26793296668603 3.69462951122435 373.800804116414 -332722.641911979 101.704112447512 104.643056705743 92.4049510360622 983431.630680225
36200 0.0723999999999997 -3.68545556216872 -0.0133778418709463 -0.0108274385394823 -0.0151116004588648 -0.0244848234500885 -0.256743259672619 3.70050827225411 373.136473065742 -332718.951273646 101.736396659282 104.635214261518 92.3850318830042 983458.034084144
36300 0.0725999999999997 -3.64976704142921 0.00652121605388827 -0.0012264166791301 -0.0181950538898126 -0.00626224114716324 -0.290200821544578 3.68699561248219 376.166263389142 -332743.201612657 101.738482565927 104.65212860963 92.3651127299462 983425.095658145
36400 0.0727999999999997 -3.67087519057117 0.0122114484862033 0.0139630395030238 -0.0320716170425343 -0.000446233197440335 -0.280869723091604 3.71635995129982 375.463563478689 -332738.276915201 101.743490692891 104.67432292368 92.3451935768882 983469.939791211
36500 0.0729999999999996 -3.64946368161507 -0.0110893914447779 -0.00531211291190259 -0.0101779813610015 -0.0249113404320769 -0.246140185135221 3.66643535668855 374.771928984018 -332733.98128175 101.760739159759 104.685305571973 92.3252744238302 983527.675794687
36600 0.0731999999999996 -3.67553922875946 0.00454063693806049 0.0111848546705219 -0.0219088371174191 -0.00638481220299199 -0.237930081267753 3.70659920615521 373.877055412872 -332727.725946669 101.791513987335 104.693405690831 92.3053552707722 983688.965485383
36700 0.0733999999999997 -3.63275689849274 0.00689409143354416 -0.0346020982032026 -0.00331364455585065 -0.0162680046546839 -0.26534141291024 3.64825913216137 374.69246605213 -332733.601833884 101.803963633983 104.688142670388 92.2854361177142 983547.527318442
36800 0.0735999999999997 -3.59486974836408 -0.00190373022407956 0.0292731292392125 -0.0107346745683205 0.00336858561905904 -0.226586796068983 3.62998604280494 374.028445399249 -332728.473818717 101.802430336617 104.743820443504 92.2655169646562 983843.398506051
36900 0.0737999999999997 -3.59265088243861 -0.0268111566409822 -0.0190643316957673 -0.0315774223127016 -0.00885229429716588 -0.247286882656314 3.59577193334839 375.124918628184 -332735.674999549 101.788895684354 104.75623533111 92.2455978115982 983616.793705148
37000 0.0739999999999997 -3.55958396371362 0.0138740862525225 -0.00801964087411562 -0.00768305679684208 -0.0151390359037798 -0.246931172545403 3.58826352515313 376.18584880521 -332743.116615737 101.814667446186 104.771430794191 92.2256786585402 983796.066163013
37100 0.0741999999999997 -3.58303075667065 -0.000252477718764052 -0.00974426894634453 -0.0323858887949655 -0.015099119434244 -0.232139374354231 3.60109425893999 373.889276434561 -332728.395765313 101.812978909677 104.779765254978 92.2057595054822 983645.512831169
37200 0.0743999999999996 -3.56925730555948 0.0162925161363775 0.0129290463291443 -0.036481392912924 -0.016805175777549 -0.218111260571114 3.60439681945174 373.365135969919 -332725.62722408 101.814947029337 104.808538268002 92.1858403524242 983722.087504266
37300 0.0745999999999996 -3.56751941405726 -0.0100588563167872 0.000182609263322888 -0.00640121594696072 0.00464523842275135 -0.202405229271608 3.57982617025986 374.964008320236 -332737.790551372 101.822489988789 104.829192915783 92.1659211993662 983776.226862929
37400 0.0747999999999998 -3.56263330600757 0.0156009785274857 -0.0104129923275415 -0.0336820981651471 -0.000942936612630905 -0.214520572688677 3.58508250759034 375.516962895613 -332741.044938483 101.846762769411 104.832090857634 92.1460020463082 983825.272089212
37500 0.0749999999999997 -3.5544833146025 -0.0146805231652146 0.0105801356105233 0.0125606464154888 0.00738350052577037 -0.222484118393894 3.5734288939567 373.05974393429 -332724.892799494 101.830033200067 104.869893332601 92.1260828932502 983805.661420457
37600 0.0751999999999997 -3.5672921024758 -0.00919115547262129 0.0123079921659825 -0.0355051427118344 0.00919711565436412 -0.231892773162636 3.59199096338061 374.832096103102 -332738.450072489 101.820745428951 104.912450499223 92.1061637401922 983902.34923491
37700 0.0753999999999997 -3.54983216454549 0.00784911622482787 0.00305456870469147 -0.0137121076996544 0.00518441408168084 -0.208576225332225 3.57368415458468 374.641430166527 -332739.797024046 101.831928979167 104.918421961662 92.0862445871342 983853.608105464
37800 0.0755999999999997 -3.50980889084757 -0.0398635796353178 -0.0140689825148103 -0.0203338473505223 0.00763246227212712 -0.208195773015257 3.50173432238468 374.904887611485 -332744.345716988 101.845946874557 104.927406902495 92.0663254340762 983860.44421708
37900 0.0757999999999996 -3.4805810929671 0.0205579161667866 -0.00381794599630175 -0.0399620458088277 0.0160035985251786 -0.187907652340828 3.50495540061103 373.985125910444 -332736.401948048 101.886651071409 104.935902284864 92.0464062810182 984120.380701853
38000 0.0759999999999996 -3.51776302287508 -0.0261070853216647 -0.028936956153006 -0.0327532645477558 0.0034570628252252 -0.215703937886031 3.51064481377062 374.833256242969 -332743.25492701 101.871992552937 104.947341862192 92.0264871279602 983873.103279966
38100 0.0761999999999996 -3.52104041146648 -0.0250052675689747 0.00128953638622525 -0.0387691190601837 -0.00296849078121066 -0.19709600283763 3.52646519554711 373.731872516302 -332734.741150455 101.880275089829 104.980024578107 92.0065679749022 984046.475109759
38200 0.0763999999999997 -3.48407199419424 0.0115275085063839 -6.5146610044934e-05 -0.056096408702105 -0.0135184872194951 -0.170670745424995 3.50374102541886 375.267936810863 -332746.87332232 101.903827501747 104.984949605658 91.9866488218442 984107.03811055
38300 0.0765999999999997 -3.54783674134623 0.00690789816988729 -0.014587912733793 -0.0326386081608279 0.00777432421560318 -0.200858282665655 3.56155425470374 374.31385231535 -332739.91237499 101.926521365546 104.964339665501 91.9667296687862 983919.85324796
38400 0.0767999999999997 -3.54337369307194 0.0010283104516118 -0.0261808326541733 -0.00830680452155964 0.00130806635893599 -0.180647543287896 3.54474237505587 372.85140485669 -332727.84195234 101.914922003429 104.994749503671 91.9468105157282 983879.761229229
38500 0.0769999999999997 -3.50826059099725 0.0199713187495431 0.0277283337699539 -0.0363550672093718 0.00674624515843312 -0.162658973064844 3.54391373497142 374.951658604037 -332742.672782233 101.883185453267 105.064241634969 91.9268913626702 984011.149283968
38600 0.0771999999999997 -3.55426907954368 -0.0159032026927142 -0.0156117568991438 -0.0497646232182174 0.0241724520133847 -0.182116302939547 3.55383538224904 373.744538591938 -332734.333737598 101.88375530881 105.065513376078 91.9069722096122 983815.340067093
38700 0.0773999999999996 -3.53164698050927 -0.0100173477067952 0.0327645758003799 -0.0739824272819923 -0.0247024306941689 -0.165012170274306 3.55728907049803 374.592198274906 -332741.680144685 101.906939260919 105.088400686518 91.8870530565542 984040.252836693
38800 0.0775999999999998 -3.54867852617658 0.0317199370511029 -0.0128633274219969 -0.0680577667181539 -0.0141990473647428 -0.172753126278418 3.57290446512864 374.640574588013 -332743.143839133 101.932474084727 105.072334942561 91.8671339034962 983923.007884566
38900 0.0777999999999997 -3.54157128029306 0.0206196491816517 0.0146239776213709 -0.0547782135620102 -0.0247159277152942 -0.172810091608551 3.5732767891444 376.119452022945 -332754.311248035 101.94527311111 105.079605870766 91.8472147504382 983901.266949851
39000 0.0779999999999997 -3.56724545842704 0.0246687070761847 -0.0258215829484236 -0.0654201682503375 -0.00658834313804888 -0.15725227076133 3.57913317687204 373.813415547757 -332737.327689027 101.952904683145 105.088180359888 91.8272955973802 983841.798889181
39100 0.0781999999999997 -3.54126046336218 -0.012941356725068 -0.0157643852060046 -0.0466517539292994 -0.00458911234292698 -0.158286342660003 3.53847978368265 373.920969835697 -332738.792229893 101.941076607457 105.145277908405 91.8073764443222 984048.641134412
39200 0.0783999999999997 -3.56016853782207 -0.0196401028874959 0.0267511731911387 -0.0455767125366082 -0.0237367247647448 -0.137008489946943 3.57295107251737 373.648502271675 -332737.461599058 101.941822603885 105.173606995856 91.7874572912642 984107.409594613
39300 0.0785999999999997 -3.55644464366658 0.0352105820130331 -0.0301545656105172 -0.0453951051439996 -0.0362625483155482 -0.135902221060035 3.56861683200191 374.808274443959 -332746.74560712 101.961160657938 105.165227321855 91.7675381382062 984002.079989174
39400 0.0787999999999996 -3.57370555981568 -0.0262303219671771 0.0351155180710737 -0.0621574840699285 -0.0393984428126606 -0.138776507139367 3.58887041433461 373.488127974223 -332736.979542713 101.946793593693 105.222061021485 91.7476189851482 984181.455550732
39500 0.0789999999999996 -3.56498376911222 0.0155848931329842 -0.0362009929934842 -0.0475890547000266 -0.032295511695428 -0.116571167056699 3.56208091817394 371.656877460973 -332723.339198176 101.969090952302 105.197817729808 91.7276998320902 983956.233946354
39600 0.0791999999999997 -3.4931001642792 0.00396212175398748 0.0357795881513194 -0.0374686949844975 -0.0414567761757926 -0.124446522559226 3.52101592703786 375.749180846199 -332751.981600035 101.991521609872 105.22790948763 91.7077806790322 984240.422236267
39700 0.0793999999999997 -3.54301036120171 0.00188078566243715 -0.0739054948991604 -0.0532844864422223 -0.0388556860410375 -0.116849705284155 3.51530244101343 372.936144532391 -332730.303852474 102.016961884618 105.199908898092 91.6878615259742 984010.184104076
39800 0.0795999999999997 -3.46130925485742 0.00858459450957893 0.0224980812547305 -0.0374802565006754 -0.0254122966430583 -0.121357200658696 3.48410241050228 374.164712278653 -332736.753112418 102.008283018512 105.253844915328 91.6679423729162 984217.063706955
39900 0.0797999999999997 -3.52195512819858 -0.0491719839404669 0.00557956679034079 -0.0490897082544424 -0.0349542514712008 -0.115419478375999 3.50773723748995 372.691670924273 -332724.385478748 101.983483442016 105.271667620726 91.6480232198582 983930.553562364
40000 0.0799999999999997 -3.47529077610051 0.0195200849916172 0.0155082378925471 -0.0450941943272658 -0.0152494201478057 -0.127298331145626 3.50073007982303 373.679162742964 -332732.135190083 102.022940658483 105.296780877255 91.6281040668002 984332.063189847
40100 0.0801999999999996 -3.50721543915348 -0.0273271683044411 -0.028082873550318 -0.0483574579678202 -0.0564325009122171 -0.104110145754975 3.48655692035999 374.135112484569 -332734.451198062 102.019954328666 105.293425047544 91.6081849137422 984057.908556827
40200 0.0803999999999998 -3.47369064478384 0.00923315726377702 -0.00615969602893487 -0.0287658518040989 -0.0248431779733281 -0.13382547472255 3.48359652685373 373.462840224629 -332728.160096608 102.037794911542 105.32862104595 91.5882657606842 984344.90756658
40300 0.0805999999999997 -3.49314002915385 -0.00583781449379124 -0.0077826863525148 -0.0415315819127722 -0.0232780438945928 -0.112068061484642 3.49270327011118 374.856989264495 -332735.928080506 102.03455067783 105.355218491242 91.5683466076262 984348.040108748
40400 0.0807999999999997 -3.48887856836344 -0.0195991503464286 -0.000546837881833706 -0.0442106413231065 -0.0386608343353521 -0.108710468159644 3.48542136431183 373.162242333783 -332723.231142377 102.031119286677 105.380895078863 91.5484274545682 984340.655203883
40500 0.0809999999999997 -3.44294896345935 0.0250370113677403 -0.00463644621750969 -0.0327556989339037 -0.0420876771069642 -0.116995244213903 3.46041857115421 373.115530775434 -332721.263283265 102.037126863393 105.429545206476 91.5285083015102 984638.7855135
40600 0.0811999999999997 -3.50721878741934 -0.0363054296631048 -0.0288985979643015 -0.0501515876457092 -0.0398397564496928 -0.105983591595378 3.48123650419832 373.527860924275 -332723.241659662 102.023191925686 105.429831978715 91.5085891484522 984292.737767416
40700 0.0813999999999997 -3.4474936070726 0.0442951214953 -0.0292016769782562 -0.0542373723745039 -0.0484798987313102 -0.11069187096556 3.46323390231829 373.067778045585 -332718.866468527 102.051294691105 105.453230765733 91.4886699953942 984568.014287398
40800 0.0815999999999996 -3.44524826087136 -0.0224551382691967 0.00875359131872525 -0.0338558056818976 -0.0286650848993202 -0.112839808321968 3.44491073105998 373.146067053859 -332717.512025511 102.032133841573 105.484804398257 91.4687508423362 984463.501102191
40900 0.0817999999999996 -3.42588249038383 -0.0286375337188289 0.000912299376064384 -0.0252955175978166 -0.031718754311729 -0.130638281618338 3.42033206272477 374.746004915142 -332730.040711972 102.04957667883 105.490149694311 91.4488316892782 984467.260104376
41000 0.0819999999999996 -3.46553677745209 0.019997173400585 -0.026928718811311 -0.00569686527018565 -0.0369021322563005 -0.100097307516057 3.46725082006778 375.000358396181 -332731.924729637 102.048748591102 105.502490824236 91.4289125362202 984359.984441675
41100 0.0821999999999997 -3.44133566130869 0.0218096050702825 0.0138915180618449 -0.0152711106338384 -0.025220544990075 -0.083392647421388 3.46258389005429 374.920427274411 -332731.32198799 102.054891793153 105.547636155999 91.4089933831622 984625.920043817
41200 0.0823999999999997 -3.4372876813656 0.00893059487425948 -0.0261797747110141 -0.0159638209343116 -0.0593150396971417 -0.10110788957885 3.43491527067791 374.153996853775 -332723.255053631 102.037720806012 105.584320306768 91.3890742301042 984587.812788498
41300 0.0825999999999997 -3.40679990856803 -0.053231172510968 0.0246270051877647 -0.013809604363547 -0.0382319982874762 -0.0941128584411884 3.39781058578018 374.034008453738 -332722.480484033 102.016983407017 105.635923063911 91.3691550770462 984654.155237983
41400 0.0827999999999997 -3.37955684025 0.0170559501547949 -0.00339505653166603 -0.0108475459741662 -0.0443490821394151 -0.0953328618340689 3.39137894305329 372.638668496319 -332711.399754926 102.059468653624 105.632698818361 91.3492359239882 984819.405986477
41500 0.0829999999999997 -3.40192113260637 0.00774124047395512 0.00695340650162159 -0.041699900173264 -0.0542920905572823 -0.117959891713789 3.41744275997484 374.565389196603 -332724.88423394 102.054016237771 105.650591268656 91.3293167709302 984718.82681445
41600 0.0831999999999996 -3.3753602536154 0.00221233519539445 0.0258716051904549 -0.0550968514419301 -0.0769106505445864 -0.117624154766375 3.39953324950954 373.135465847628 -332713.269593695 102.02593776291 105.699677300209 91.3093976178722 984690.469040942
41700 0.0833999999999998 -3.41325689194425 0.0309796876525351 -0.0312661804983315 -0.0491441364911406 -0.0482147156600429 -0.12107225351875 3.42205282760358 373.72508007879 -332717.216435696 102.001579723221 105.718689454278 91.2894784648142 984417.656390162
41800 0.0835999999999997 -3.40525205254084 -0.0262928431242857 0.0139617278329956 -0.0333790191229604 -0.0550760309903221 -0.0927742883089219 3.40488885467302 372.365244355747 -332707.674219158 101.988362584495 105.767770398977 91.2695593117562 984532.194589154
41900 0.0837999999999997 -3.39131930995085 0.00427094790092621 -0.0344162741918324 -0.0473784420248177 -0.057518761468357 -0.10233398883099 3.38352479757552 374.238020698807 -332720.507519421 102.020998552684 105.765456382241 91.2496401586982 984610.761570622
42000 0.0839999999999997 -3.40461830908808 0.0173430500958255 0.012604697119432 -0.037701279509922 -0.0646144187640709 -0.123731954939802 3.42875276940926 375.14850692306 -332724.882147422 102.02634002328 105.789926227888 91.2297210056402 984675.128857271
42100 0.0841999999999997 -3.4019580949482 -0.0251299129000701 -0.029256534950777 -0.0282472246822529 -0.057907217496244 -0.117082843241103 3.38269557270707 372.46232891798 -332707.451168709 102.008618257246 105.823296356894 91.2098018525822 984599.617463578
42200 0.0843999999999997 -3.3626137575375 0.00591164231306306 0.0166782325724337 -0.031943114942659 -0.0694526876665651 -0.0891158424067565 3.3800449460052 373.017387676363 -332708.900627677 102.014113091487 105.872861866086 91.1898826995242 984898.708491946
42300 0.0845999999999996 -3.39651936866457 -0.0135312296008034 0.00191769222293884 -0.0380139752227976 -0.0602537120112143 -0.100287858129092 3.39742705843071 373.988477859366 -332713.939046279 101.989759780456 105.889347880123 91.1699635464662 984601.796249328
42400 0.0847999999999996 -3.37853279465204 0.0406800712813169 -0.000991744701236658 -0.0625217952898872 -0.0692744979780452 -0.0907720440063066 3.40604034595093 374.753460955096 -332720.302296663 102.000271121197 105.926703956896 91.1500443934082 984835.44208391
42500 0.0849999999999997 -3.37321693331448 -0.0336982279149947 0.0243094908207122 -0.0311182720588093 -0.0429884029443396 -0.0916101404691363 3.37388414788692 372.929152125036 -332706.653403002 101.967532309845 105.97810425427 91.1301252403502 984781.820779278
42600 0.0851999999999997 -3.35257126861027 -0.00563410625332793 0.0271798827840381 -0.0761833800680529 -0.0472316654687438 -0.102555303332429 3.37172781665221 374.625511714101 -332718.554452081 101.986050425966 106.007794100049 91.1102060872922 985021.250212303
42700 0.0853999999999997 -3.36882956951226 -0.0198236312074 0.0259158327394485 -0.0847188674026841 -0.0714939470144505 -0.0816119895433699 3.380526907615 373.490298473721 -332707.249350631 101.996465459699 106.012313001521 91.0902869342342 984948.4530397
42800 0.0855999999999997 -3.35421158703656 0.0345855350528649 0.00832676095233104 -0.0510701027057352 -0.0576203510877233 -0.0825864171900166 3.3814044610871 375.473269273293 -332722.828447399 102.033997596423 106.011761802377 91.0703677811762 985090.304739475
42900 0.0857999999999997 -3.39496115647594 -0.0436464473007496 -0.00949540839178798 -0.0933107916035007 -0.0508586641912932 -0.0962411440357338 3.37766118023947 374.244675195721 -332712.858903033 102.015430051617 106.009860905452 91.0504486281182 984677.964878123
43000 0.0859999999999996 -3.33180022160783 0.0434962985934625 -0.0169061973700387 -0.0563789877643001 -0.0718195409756857 -0.0916754400012777 3.3530019080586 373.171950393688 -332702.527211217 102.053629097764 106.020515029154 91.0305294750602 984930.149048371
43100 0.0861999999999998 -3.33820834835112 -0.0357621418240007 0.0329769311666031 -0.0795250908820406 -0.0490563570853586 -0.123472230367895 3.34810566914575 374.007528720795 -332706.903128118 102.013739837064 106.057291510637 91.0106103220022 984671.182169923
43200 0.0863999999999997 -3.36094182154 0.0216023731928701 0.009974604741076 -0.0589092585988703 -0.0564123302558705 -0.0911291786898682 3.38338300086358 372.978426672378 -332698.620821042 102.055659608324 106.053283924059 90.9906911689442 984822.991225924
43300 0.0865999999999997 -3.42613359538405 -0.0376676106874407 -0.00455458962880813 -0.0330148131281192 -0.0611488764467043 -0.104168764599495 3.41204358568316 375.220170502828 -332714.168306037 102.069198243537 106.042036654675 90.9707720158862 984633.582433463
43400 0.0867999999999997 -3.38684894358785 0.0553806488780543 -0.0233118822386519 -0.0712902853989693 -0.0364038082452236 -0.0992161723486246 3.41072037773447 373.619588918025 -332701.707714956 102.118166620479 106.047907065226 90.9508528628282 984944.788868778
43500 0.0869999999999997 -3.45127812390319 -0.062167138437585 -0.00844025474523891 -0.0433723238337996 -0.0498047439460511 -0.0654997112432704 3.42008799171501 373.907739392839 -332703.080901521 102.103266792434 106.049205267124 90.9309337097702 984597.449425607
43600 0.0871999999999997 -3.38836267460479 0.030919738932054 0.0322672668957442 -0.0552777091579296 -0.0385900052400495 -0.0816597991126116 3.42487095045898 373.666593140486 -332698.529628614 102.152854468986 106.052181285386 90.9110145567122 984887.47998775
43700 0.0873999999999996 -3.4613274813743 -0.0154880417875512 -0.0155159076805711 -0.0613668280273009 -0.0618805116646857 -0.0826759634068181 3.45210147931497 375.0540425327 -332708.229727236 102.152529964057 106.04262760568 90.8910954036542 984579.853638658
43800 0.0875999999999996 -3.40841826445411 0.0488827850711512 0.00731508378088153 -0.0578878721827728 -0.0452174117031895 -0.0916390964335066 3.44272078387548 375.459918698831 -332710.597620151 102.146140940929 106.093944500542 90.8711762505962 984778.843540783
43900 0.0877999999999998 -3.44182626010009 -0.0199628795688674 0.00243969597044206 -0.0563692678392354 -0.0647709755569457 -0.0905007899692964 3.43991263306615 373.261169400418 -332693.225998083 102.109503665895 106.137436162479 90.8512570975382 984613.302182531
44000 0.0879999999999997 -3.39847051479282 -0.00027899184160648 0.0102923196573972 -0.0531197045808458 -0.0753145138978062 -0.0877158092653773 3.41061649076046 374.999141602601 -332707.85119123 102.11373382296 106.170590537922 90.8313379444802 984745.717873894
44100 0.0881999999999997 -3.4141654540594 0.0198044983770007 -0.0122545563224961 -0.0297455389007461 -0.0722902040298093 -0.0693793568134466 3.42284385915977 375.435780592002 -332711.722520065 102.102965490522 106.193936270659 90.8114187914222 984642.40628969
44200 0.0883999999999997 -3.38761163787123 -0.0236688160812848 -0.0164220027923159 -0.0370612510563866 -0.104151146969188 -0.0720523155053112 3.37531913926118 374.09928257986 -332702.315724958 102.091985963035 106.226710955732 90.7914996383642 984624.3607114
44300 0.0885999999999997 -3.34870168290715 0.00621854424522578 0.0304323336214222 -0.0339573249731938 -0.0745884869238128 -0.0648524010187832 3.3719546999571 373.242417335397 -332696.269946106 102.092790612866 106.289903647577 90.7715804853062 985001.712807613
44400 0.0887999999999997 -3.3659145572242 -0.0384253503832976 -0.0167881870587443 -0.0504845743891064 -0.0844056855633604 -0.0558600872026359 3.34410378127764 375.275128602493 -332711.1384923 102.084008702166 106.286990064241 90.7516613322482 984673.858982541
44500 0.0889999999999998 -3.32923480477197 0.0639268671859763 0.016601065001981 -0.0434570422259989 -0.113931105331375 -0.064916242658364 3.3782318681608 374.662946743157 -332707.639929842 102.15626839601 106.278626178573 90.7317421791902 985077.052685459
44600 0.0891999999999998 -3.31160477348011 -0.00315590594068937 0.00260575216368447 -0.0625709288013536 -0.121023143853492 -0.0506071518410614 3.32088808542951 374.29744924076 -332704.528715793 102.118357527201 106.325794216998 90.7118230261322 984932.235203124
44700 0.0893999999999997 -3.25543289040862 0.0115694011304734 0.00933794548549486 -0.0538796206118327 -0.139867170846144 -0.0509700715594438 3.27737854743513 374.154673634263 -332703.942838721 102.097250521078 106.394754981127 90.6919038730742 985150.959091599
44800 0.0895999999999997 -3.2601633482512 -0.0251393005234404 -0.017592471309972 -0.0707739260149417 -0.101691133651053 -0.0793985627609882 3.24881735699372 374.11974373044 -332704.037748299 102.057065363286 106.434131167209 90.6719847200162 984911.293965574
44900 0.0897999999999997 -3.24534888951002 -0.0130420768590351 0.010967562040502 -0.0472024046018523 -0.0908356200755729 -0.0746553789387707 3.25179152478936 373.95683385834 -332700.969771445 102.072728490493 106.461543283116 90.6520655669582 985099.697475663
45000 0.0899999999999997 -3.21440042978957 0.0264874156331552 -0.000969817300576269 -0.0631170910516824 -0.0875510475292758 -0.0735081422618789 3.23516295014958 374.74775105325 -332705.821658641 102.108071281849 106.451395884557 90.6321464139002 985130.349692097
45100 0.0901999999999997 -3.26901551718726 -0.00864961143337033 0.00247168000192641 -0.0311968219683069 -0.113011940020157 -0.0801143179862291 3.27518835101929 374.541369787909 -332705.154955309 102.105703363842 106.453388476857 90.6122272608422 984909.432582545
45200 0.0903999999999996 -3.19134829364972 0.0106637011522774 -0.0124851919893073 -0.0485464853812751 -0.106314333950092 -0.0820736712470325 3.20007506344431 373.047506872032 -332694.482194481 102.120324295757 106.482621622377 90.5923081077842 985104.368643229
45300 0.0905999999999996 -3.17223461128311 -0.0208046747297021 0.00432129229204392 -0.0634255847998809 -0.118906618819533 -0.0552860040229739 3.17411075374228 374.105769711935 -332702.327796916 102.106017068692 106.51759678677 90.5723889547262 985073.232393809
45400 0.0907999999999997 -3.18954722496999 0.00472553288934334 0.0207185869948962 -0.0553896183282554 -0.110077437959306 -0.0455340467462052 3.21037312647053 374.443427022751 -332703.987407672 102.146464868485 106.519079865605 90.5524698016682 985260.44432975
45500 0.0909999999999997 -3.14561715768584 0.0367785853239641 -0.048677031369854 -0.0482543059794412 -0.111229099152243 -0.022860670368164 3.14780252543725 374.239160393685 -332702.938634958 102.168781191204 106.518826588409 90.5325506486102 985256.576535181
45600 0.0911999999999997 -3.13640928143264 -0.00537195203882307 -0.0100040567952294 -0.0506650420370447 -0.116207454363029 -0.0245312992809992 3.13670713205453 372.347046403814 -332690.102197197 102.10983781971 106.601584503187 90.5126314955522 985236.375417152
45700 0.0913999999999997 -3.11894841044723 -0.01031019743966 -0.0187015012871047 -0.0689875428501588 -0.11231462759243 -0.000746808079759871 3.11283466773296 372.980330908455 -332693.904595896 102.092404768564 106.64971794312 90.4927123424942 985296.069695124
45800 0.0915999999999997 -3.05446300587541 -0.0109679416458678 -0.00671143173351928 -0.0690078803977881 -0.115432673025331 0.0235044324562511 3.05479176614166 374.508928057001 -332706.082576067 102.104982314602 106.679481006599 90.4727931894362 985475.489835132
45900 0.0917999999999996 -3.05138786170884 0.0261050040598143 -0.00274377659379749 -0.0719428828753447 -0.113700119598041 0.00224699825779364 3.07202511515403 373.34418315837 -332697.257885397 102.130486736916 106.691596469029 90.4528740363782 985616.546971882
46000 0.0919999999999998 -3.00691669613656 0.0150552390816452 -0.0290018247283133 -0.065633236917196 -0.114386089294668 0.00758924705704468 3.00889758539335 375.958243211384 -332718.237413194 102.119811722282 106.720861646026 90.4329548833202 985566.765227204
46100 0.0921999999999997 -2.97107809011608 -0.0394875138209866 -0.00671341222768508 -0.0679641942299047 -0.0935366498793912 0.00299614795882615 2.95491274601241 373.67561047579 -332703.582165546 102.076006182626 106.784652727441 90.4130357302622 985515.730256817
46200 0.0923999999999997 -2.88700322221562 -0.00679799048513755 -0.000629422696429446 -0.075807619538259 -0.0990224591838428 0.00888413321676059 2.89141496167727 373.730376992727 -332707.282649565 102.076702806784 106.831566273508 90.3931165772042 985738.205473696
46300 0.0925999999999997 -2.9159929615633 -0.0166744030287554 -0.0204985452364066 -0.0650520300148627 -0.0824445352142834 -0.0148234197927655 2.90322598616843 374.323080587299 -332715.083300834 102.062185080467 106.844211360396 90.3731974241462 985497.456700037
46400 0.0927999999999997 -2.81008401307632 0.0168840122456339 -0.0216329976069236 -0.071471362238965 -0.0524510017009403 -0.0409184074695521 2.81299594005487 375.832459822374 -332730.577095378 102.05648915357 106.901722264454 90.3532782710882 985755.572335763
46500 0.0929999999999997 -2.76522666977413 -0.032415503507242 -0.00301447196006 -0.0810526487449978 -0.0518673543691767 -0.0166473622147337 2.75283116543688 375.774614664995 -332734.276092715 102.033138081751 106.965997664129 90.3333591180302 985905.183760525
46600 0.0931999999999996 -2.7200399760347 0.00337708772105142 -0.0420836189719044 -0.0985687665316219 -0.0497525299516248 -0.00685472730218177 2.70776162622315 376.263749921672 -332742.517429295 102.042237791387 106.985100567989 90.3134399649722 985951.740313293
46700 0.0933999999999996 -2.65854592289171 0.00535582544209763 0.020764477583095 -0.0982044894286536 -0.0538219390987984 -0.00734119706662591 2.67870146430217 375.657204829783 -332741.388936769 102.018458234606 107.046491879282 90.2935208119142 986070.08351722
46800 0.0935999999999998 -2.63841725641236 -0.00995971562018894 -0.0307788689730023 -0.0834537094843588 -0.0698591346481819 -0.00889464898779505 2.62493276591492 374.939256643142 -332741.635802067 102.013936119398 107.069042054739 90.2736016588562 986016.521023627
46900 0.0937999999999997 -2.56855403760652 0.0410764949201701 0.0342511438625998 -0.085606113036311 -0.0669271197832129 -0.0129242686352465 2.61310744233983 376.393386963177 -332758.929850914 102.008837715112 107.123490238053 90.2536825057982 986250.972227553
47000 0.0939999999999997 -2.51242196945818 -0.0308577804260437 -0.00788507649569242 -0.0686678697082126 -0.0571609608989992 -0.0386825104621641 2.49882647937023 375.395329684957 -332760.570371616 101.977056743543 107.159290083663 90.2337633527402 986055.527087311
47100 0.0941999999999997 -2.4633677130276 0.0275777173688042 -0.017706872139218 -0.0625405441907898 -0.0460246622825816 -0.00828581903067049 2.47231735866696 374.902180800699 -332765.35068685 101.993646261075 107.193114675365 90.2138441996822 986309.457973162
47200 0.0943999999999997 -2.41968349907413 -0.0545544350359553 -0.016122824212661 -0.0872717926907755 -0.0549421452407093 -0.023044961521946 2.39159077271354 376.614358307803 -332786.838374267 101.96004891551 107.239156831502 90.1939250466242 986190.268586572
47300 0.0945999999999996 -2.3266458386703 0.0114646549833477 0.0288451047859527 -0.0784062660964199 -0.0626307101536412 -0.0125865791199314 2.35337754808083 375.410756617323 -332784.75457396 101.98915915097 107.29231026326 90.1740058935662 986742.811667824
47400 0.0947999999999998 -2.32546874466716 -0.0242443167557087 -0.0198623289246304 -0.0568868235196021 -0.0459763520497097 -0.0388597291669037 2.3078815068023 375.199063540985 -332788.374111585 101.987723623415 107.308972177672 90.1540867405082 986664.157475208
47500 0.0949999999999998 -2.26153409768664 0.011271761796325 -0.0162602309420286 -0.0817422949695513 -0.0332883468272345 -0.0496176360478794 2.2659622880777 375.606423307503 -332798.359574873 102.023607078427 107.324720651958 90.1341675874502 986938.050475908
47600 0.0951999999999997 -2.19324933130354 0.0171383847597558 -0.00942135790585895 -0.0531255234345908 -0.0529605657598629 -0.0835692367974992 2.20582066964617 374.609189032125 -332794.405489435 102.033799913135 107.362926807879 90.1142484343922 987169.816594188
47700 0.0953999999999997 -2.13709308762105 -0.0194887221530305 0.00994957937609278 -0.0669039295400701 -0.0300254517118725 -0.0790991282465486 2.14064395567303 376.815433090161 -332815.512301277 102.006997975108 107.413835294642 90.0943292813342 987160.221579944
47800 0.0955999999999997 -2.13733712817873 0.00338423676763548 0.0105748528742829 -0.0879503993666427 -0.0310696946357101 -0.0656076011989095 2.15340373382471 375.524640155808 -332811.284878244 102.026260073576 107.42045070812 90.0744101282762 987189.128896991
47900 0.0957999999999997 -2.11987730788763 0.00892168026806258 -0.0249972361174396 -0.0985203230782435 -0.0337712645752209 -0.0739106971074651 2.12359546536829 373.501397195394 -332801.51430875 102.02944551864 107.427815988948 90.0544909752182 987069.309585121
48000 0.0959999999999997 -2.03912007659409 0.00499724168583187 0.0232764312828628 -0.0798466400106217 -0.0467459431555023 -0.0759140969557215 2.06375517089622 375.57735305448 -332822.553766473 102.012597189464 107.494393197363 90.0345718221602 987299.508076382
48100 0.0961999999999996 -2.02099091577746 -0.0463214134676708 -0.0293408907669731 -0.0952389852183389 -0.0185468461426548 -0.0521899845945938 1.99237386921021 373.902154013396 -332815.005458013 101.99087594554 107.516672727677 90.0146526691022 987075.443783327
48200 0.0963999999999996 -1.98247673238079 -0.00298748431894267 0.033890050863729 -0.104625997427908 -0.0231705463573384 -0.0719665920838066 2.01065270794835 374.719956256781 -332823.924302343 102.025431683702 107.547005487342 89.9947335160442 987469.882850786
48300 0.0965999999999997 -2.00057622099123 0.00294533095953995 -0.0253595751935417 -0.102238374429189 -0.0191263920126457 -0.0660107048151051 2.00092929385886 376.616004991395 -332842.35967356 102.030658556127 107.531243412299 89.9748143629862 987157.198461486
48400 0.0967999999999997 -2.00987366258704 0.00842085546693404 -0.00710291791057518 -0.123099833645724 -0.0028186367161156 -0.0692471318121306 2.02541162223917 374.741843960494 -332831.540283237 102.018338232115 107.575093531663 89.9548952099282 987221.896468829
48500 0.0969999999999997 -1.99126161026722 -0.0204220225026445 0.0246863200884014 -0.134741194831346 0.0117683751690438 -0.0634735695874938 2.01050055593448 374.291230234025 -332832.040850576 102.008937198318 107.626389318665 89.9349760568702 987382.934648654
48600 0.0971999999999997 -2.02695282151717 0.00634709439153633 -0.0179716419423927 -0.115138900928214 0.0181535315333156 -0.0554589884018385 2.03357795873539 374.130294705388 -332831.672781267 102.027477858462 107.617239523303 89.9150569038122 987259.729018362
48700 0.0973999999999997 -2.07783602746252 -0.0052172827660324 -0.00208204571733062 -0.112624201915527 0.00401059979778372 -0.0599946250334907 2.08594232759611 373.705930417984 -332831.764089265 102.022562754837 107.653840068569 89.8951377507542 987329.144141996
48800 0.0975999999999996 -2.0959107867414 -0.0176929445301707 0.00191529741643863 -0.121581787981016 0.0214070614391514 -0.0657499626973014 2.102097627189 374.132094215448 -332838.497178384 102.018842042045 107.670673604093 89.8752185976962 987228.716360238
48900 0.0977999999999998 -2.06651038831701 0.0311534095952003 0.00699380033383787 -0.129520347783287 0.0156231882236666 -0.076259574719884 2.10204751130458 376.372915350367 -332857.895929823 102.042261437229 107.678308073211 89.8552994446382 987306.493917301
49000 0.0979999999999997 -2.11301170438986 -0.0285049073366426 -0.00798942572217229 -0.110601880251608 0.0246312316199223 -0.0526869590404628 2.10599152425522 372.472088387159 -332829.458865986 102.020917343137 107.701512703917 89.8353802915802 987093.8316716
49100 0.0981999999999997 -2.12758259975351 0.0349464132133779 -0.00388618598969537 -0.1354377052066 0.00270640360103779 -0.079794045742197 2.16060557235762 373.709939784368 -332839.19887174 102.04212499821 107.708649973532 89.8154611385222 987145.523837221
49200 0.0983999999999997 -2.16856226358124 -0.0291964327831957 0.00771049239962259 -0.143097099679488 0.0319645291619837 -0.0750749666575381 2.17683485336122 374.729608651998 -332848.883082373 101.998363503777 107.71989818029 89.7955419854642 986606.367805175
49300 0.0985999999999997 -2.16138754631058 0.00605908331838686 0.0183830014470172 -0.140740435994294 0.00145352810862368 -0.083616168934921 2.19205226816909 373.762355105378 -332843.461169689 102.022022997931 107.746760784283 89.7756228324062 986862.350049492
49400 0.0987999999999997 -2.20603330763501 9.20755965461536e-05 -0.0146248624679782 -0.137947114725244 -0.00782837846593806 -0.0714046359490294 2.21524407688934 373.623381812048 -332845.021984285 102.030791872136 107.746176908904 89.7557036793482 986722.843657998
49500 0.0989999999999996 -2.21242884674716 -0.00836718734779547 -0.00149407482956078 -0.129351664060585 -0.0314086667048417 -0.0839357322954331 2.22426942958319 374.368950930231 -332853.884610103 102.027669473602 107.762567257743 89.7357845262902 986623.736770722
49600 0.0991999999999996 -2.20528510492049 0.0238587185668488 -0.0273170766500514 -0.137574172275024 -0.00386250339828956 -0.0847202498693238 2.22170660025818 374.195685662115 -332855.762542799 102.041142022524 107.78466456437 89.7158653732322 986737.277576003
49700 0.0993999999999997 -2.23345434770761 -0.0339678188992824 0.0223599159671874 -0.141645990299495 -0.0123078805699778 -0.0885397306900332 2.2469910906298 374.023918920101 -332857.242464715 101.995388805855 107.850839039082 89.6959462201742 986681.264249724
49800 0.0995999999999997 -2.19679656607196 0.0264578405534039 0.0148675867389083 -0.138793855477709 -0.00382720864432944 -0.0763561969062779 2.23440201388351 373.045161511164 -332852.656567923 102.029815894452 107.877314752411 89.6760270671162 987037.356993032
49900 0.0997999999999997 -2.22182708874825 0.0187799354311038 -0.058551982000905 -0.133328198702983 0.00281298218813618 -0.0910128926564476 2.22063788787541 373.638951535302 -332858.186342959 102.041611222993 107.854367998963 89.6561079140582 986722.263667346
50000 0.0999999999999997 -2.21330880415043 -0.00902891105791401 0.00890628560052289 -0.140499119716528 -0.0286920539797641 -0.0948839442481861 2.23324971961945 375.512488863114 -332876.566167389 102.0345656041 107.903858822696 89.6361887610002 986887.568718577
50100 0.1002 -2.21131325768729 0.00892469806298645 0.00552040293667152 -0.128028956622032 -0.00258374250763343 -0.0908946925716087 2.23514868138961 373.675058861912 -332861.888525098 102.049409286326 107.908515484161 89.6162696079422 986854.384413145
50200 0.1004 -2.17204542038741 -0.0180958335046741 -0.0244055573950674 -0.122918752286345 -0.0346077999086128 -0.0875125695315576 2.16745087976482 373.20918234417 -332860.331109957 102.043947341605 107.922718955073 89.5963504548842 986712.086470954
50300 0.1006 -2.17777317542628 0.000677229494429206 0.000958691741107 -0.13339040280657 -0.0295635245983761 -0.104327278315226 2.19884354721071 373.690813206265 -332867.040664371 102.024144956259 107.954958949711 89.5764313018262 986595.923371168
50400 0.1008 -2.14874100674867 0.0209100203390602 0.000260732683009369 -0.154260611046724 -0.0239150021150525 -0.101083197912734 2.18329302964416 374.556896499703 -332876.892944563 102.016861944336 107.98452959989 89.5565121487682 986576.286478997
50500 0.101 -2.13550954027082 -0.0404761999549753 -0.0206961039201296 -0.170697852189004 -0.0334116332194906 -0.124062501114973 2.13727225789778 373.870826098122 -332871.884796398 101.99723844852 108.027168304076 89.5365929957102 986556.518505945
50600 0.1012 -2.09272523987549 0.00796288269099049 0.0205955818470264 -0.156100532165741 -0.00855579131747599 -0.115739617632963 2.13379854832757 374.523925699774 -332878.522315141 102.023893263291 108.076588724853 89.5166738426522 987046.146897537
50700 0.1014 -2.12507448221798 -0.0281906624642383 -0.00358786028995394 -0.17510528385673 -0.0169000986293092 -0.10093933011015 2.13834630862582 373.451107496079 -332872.518590944 102.027394664546 108.084347743006 89.4967546895942 986931.226309587
50800 0.1016 -2.12712322275517 0.00961992865111637 -0.0307397121348608 -0.156456800435107 -0.0410051787450411 -0.0998209753025987 2.14229670126091 372.417054251307 -332865.920220652 102.042157937634 108.104117044565 89.4768355365362 987034.844667213
50900 0.1018 -2.12158574821532 -0.0111352710176971 0.00574967473713716 -0.12228887355058 -0.00816086520223319 -0.0869068592203705 2.1348637126071 372.367687525206 -332865.551472681 102.027461308241 108.145138063909 89.4569163834782 987047.388226298
51000 0.102 -2.09103595921187 -0.00609173255151766 0.00234194794826461 -0.134697187932572 0.00191950118140505 -0.0945573671471974 2.10853305559321 373.648824644199 -332876.264006329 102.050632960164 108.145589453296 89.4369972304202 987055.844977633
51100 0.1022 -2.08868084668825 0.0410123315103474 -0.0276865087553673 -0.137784305937599 -0.00569141584283974 -0.0963966577024648 2.11634892700497 373.540307246527 -332874.705206643 102.078780644376 108.143008152761 89.4170780773622 987084.639539146
51200 0.1024 -2.0579738368449 0.0460276162739363 -0.0351033694291593 -0.138980855952454 -0.0225420501168406 -0.110085222638611 2.08770983987705 375.203512484371 -332890.809396173 102.043125075415 108.206436646112 89.3971589243042 987098.66123808
51300 0.1026 -2.06382476512191 -0.019929381439335 0.0394092319849488 -0.143012009436254 -0.0271452128712235 -0.0933098495276645 2.09570976159991 373.502556028907 -332878.662279574 102.002500438469 108.28134719262 89.3772397712462 987168.767903692
51400 0.1028 -2.10511354464985 -0.0515372893258265 -0.0178268053375724 -0.107329420462633 -0.0298101799806808 -0.0917432476787118 2.08566874337729 373.892500263258 -332883.165693798 102.010683532096 108.257147498967 89.3573206181882 986807.348985148
51500 0.103 -2.06428811015984 0.0589714300803711 0.0118844834094063 -0.136195248834196 -0.0279197369472401 -0.105589925030162 2.12176910062811 373.221849892056 -332878.655936609 102.048145478054 108.276794304549 89.3374014651302 987128.798369368
51600 0.1032 -2.11244949189699 -0.034405472652002 -0.0254646469318449 -0.13787604946518 -0.0179770452819187 -0.104904427832047 2.10426710950753 373.339517550437 -332881.474300255 101.9846170946 108.315392262916 89.3174823120722 986645.908247703
51700 0.1034 -2.0682640043254 0.0172610606412575 0.0249895788551661 -0.147935161550183 -0.0325209772997453 -0.0841918156938396 2.11084926238228 373.12528042794 -332879.532172886 101.98019754423 108.388770489938 89.2975631590142 987051.34895243
51800 0.1036 -2.10409220267435 -0.0303785611429634 -0.0219458520546681 -0.144314011817455 -0.0274491685873386 -0.0992274076547898 2.10050579846998 374.830914474614 -332894.489294007 101.960328200773 108.378468477145 89.2776440059562 986545.125938106
51900 0.1038 -2.1221504407789 0.0158805743202367 0.0253571104952229 -0.116053460661645 -0.0433206815273205 -0.118974531906242 2.16333715213026 373.882023228379 -332888.052564519 101.978311294552 108.419770483851 89.2577248528982 986874.920177587
52000 0.104 -2.14580769775617 -0.0178758225307642 0.00237864701885587 -0.128968665046642 -0.0383115728821657 -0.107685946817839 2.15886435643268 374.460019316073 -332896.523491336 101.983155962596 108.407348469121 89.2378056998402 986588.507921629
52100 0.1042 -2.14551216238038 0.0187174191387147 -0.00606033075758955 -0.136999915491648 -0.0237192695041879 -0.126415471204768 2.17642280703326 374.22595675905 -332896.430275527 102.03361138794 108.395769881665 89.2178865467822 986750.883349594
52200 0.1044 -2.12885199559163 -0.0144148477941405 0.00514137162881253 -0.117534151078165 0.00690755104086709 -0.117203062718219 2.14368209887735 372.999558595666 -332889.187444057 102.047605938956 108.41005850009 89.1979673937242 986795.947426895
52300 0.1046 -2.13184866233464 0.0176051164983902 -0.0169162762909706 -0.126483940727069 -0.0168535175663485 -0.116536046108929 2.15330670616027 377.011130681621 -332921.158920349 102.044679235068 108.432005328889 89.1780482406662 986747.006648197
52400 0.1048 -2.12328906228835 -0.0181109452045334 0.0355382598787078 -0.146748360287653 -0.0343771426848159 -0.106878622598812 2.15638911188578 374.215559461715 -332902.905874531 102.028081575522 108.482803549884 89.1581290876082 986828.236349012
52500 0.105 -2.13691580437204 -0.020775498450723 0.0144979609137349 -0.143708760470216 -0.0245390587132321 -0.102972978107687 2.15627248341833 374.702794844532 -332908.218613725 102.046859527737 108.468920958307 89.1382099345502 986663.067579387
52600 0.1052 -2.12272370100946 0.0202204752702083 -0.00522042305090602 -0.123539396991307 -0.0164651929718559 -0.106147954080519 2.14912539817805 374.670398262173 -332910.802233113 102.077708514263 108.479911160077 89.1182907814922 986840.765706388
52700 0.1054 -2.13272418579254 0.0208671084116179 -0.0110295349920586 -0.127497526690143 -0.0209961041797618 -0.105479068078489 2.15725459630997 374.087035928196 -332906.381685627 102.074872968587 108.489644279535 89.0983716284342 986681.306553985
52800 0.1056 -2.10601651628487 -0.0160528005094682 -0.0184229782605579 -0.11732158724631 -0.0132991452117733 -0.122322546597787 2.10943415351396 371.555555692784 -332889.581487401 102.057935793421 108.536372153313 89.0784524753762 986721.848862878
52900 0.1058 -2.07241151777055 0.00467972311773025 0.0210748207278339 -0.122423829263944 -0.0116971149792876 -0.124741894622484 2.10729347886653 373.248224319107 -332901.024961551 102.056443710049 108.582738323828 89.0585333223182 986908.203823618
53000 0.106 -2.1029286144824 0.0049407646499507 -0.030488948958677 -0.157573490530086 0.00955928131200137 -0.120338458687188 2.11846495461026 373.496359759765 -332904.741344136 102.072667329712 108.575249231601 89.0386141692602 986776.255312276
53100 0.1062 -2.09113639993783 -0.0126760034569113 0.0318368025750993 -0.115884996268712 0.0137453370086581 -0.110706523411991 2.11946212918306 373.116863317412 -332901.384438496 102.087388899337 108.597566685611 89.0186950162022 986900.601327507
53200 0.1064 -2.10800503162666 0.0350387905365428 -0.035302235005768 -0.130431173317902 0.000855501479216061 -0.116502342953135 2.13039861050965 373.56989442771 -332906.400785638 102.088469792116 108.599867575609 88.9987758631442 986711.120983892
53300 0.1066 -2.07391376835964 -0.0157857236049076 0.0147705733535031 -0.139500556516393 0.00762075869572195 -0.0869824243110267 2.09307591303212 373.659908729009 -332906.835245755 102.043188624179 108.688866533612 88.9788567100862 986860.807953165
53400 0.1068 -2.08719680060103 -0.0349436159221925 -0.0251505025592512 -0.139582257000873 0.0125261738398307 -0.102254271055029 2.07899618314449 372.810000982263 -332901.394221885 102.029868756034 108.699006643627 88.9589375570282 986603.13408942
53500 0.107 -2.03769840391222 0.0392499389456357 0.0439299181723443 -0.138008991871429 -0.0305367678212407 -0.114417681645213 2.10301391861853 374.276925865383 -332910.533481883 102.056307972059 108.738772297859 88.9390184039702 986998.767539876
53600 0.1072 -2.10922041254715 -0.0280866182894076 -0.00852950785803848 -0.148617042872852 -0.0261949468893154 -0.130140626517674 2.11927597628116 374.25527545326 -332910.834347028 102.041305531559 108.741235264959 88.9190992509122 986655.004819293
53700 0.1074 -2.09786296124691 0.0264464747925662 0.00946890038870344 -0.14415886195457 -0.0239555606898515 -0.118759664698672 2.1408623752016 375.536285396995 -332919.506504662 102.083803757327 108.748104528607 88.8991800978542 986907.150295113
53800 0.1076 -2.13519258398752 -0.0414932569919693 -0.0206420817725981 -0.134833346893775 -0.0333939995324871 -0.105698713398041 2.12581042448605 373.909926293626 -332907.932290615 102.069249262276 108.747863669841 88.8792609447962 986543.158614616
53900 0.1078 -2.09077089629419 0.0570969514347088 0.0328620371510888 -0.126845791664532 -0.0151056781289646 -0.129579598975738 2.15898053620963 374.316976863241 -332908.601734245 102.101024810213 108.797470355322 88.8593417917382 987079.178335804
54000 0.108 -2.14795050961316 -0.0388360567536039 -0.0307836795112385 -0.123924667246215 -0.00392776103605113 -0.11636199274969 2.13357694792305 374.54245856801 -332911.198392353 102.066893539437 108.802567021223 88.8394226386802 986574.228140262
54100 0.1082 -2.10427613984535 -0.015155773148096 0.0590435743311156 -0.111444806347148 -0.0162662284662861 -0.129626003361574 2.14788340584944 373.549642158764 -332905.887070484 102.094153164612 108.840079004792 88.8195034856222 986956.611315188
54200 0.1084 -2.11951967503697 0.0051518682259282 -0.0210845503264829 -0.108118645686261 -0.00520102099904894 -0.109588332436297 2.12846250350483 373.534209438381 -332906.987341791 102.133547622476 108.802941992386 88.7995843325642 986779.205545634
54300 0.1086 -2.11226320149558 0.00609178140871695 -0.015962286733102 -0.096880819036071 -0.0130348071031101 -0.122892514457351 2.12489316874624 372.157739950326 -332897.255857994 102.14886959314 108.817796865029 88.7796651795062 986840.572759919
54400 0.1088 -2.1223317011407 -0.00151137136325961 0.00837614226376479 -0.125440334397593 -0.0502666508636555 -0.131603995013304 2.15074199977427 371.995086681175 -332897.271070251 102.147514637367 108.850378878099 88.7597460264482 986901.479765525
54500 0.109 -2.18365029917883 -0.0285004828693351 -0.0160587627484564 -0.123301991559577 -0.0223267715030564 -0.139016133916155 2.18557117293933 373.463163150963 -332908.631538906 102.129884529277 108.843724879311 88.7398268733902 986449.402032318
54600 0.1092 -2.13731034281181 -0.0291085867682986 0.0281237676402933 -0.109379419532276 -0.0439764770428245 -0.119362328979372 2.15705424067914 374.195843206844 -332914.180393185 102.146016039075 108.863554375475 88.7199077203322 986563.454954527
54700 0.1094 -2.14080742570754 0.0176307483909094 -0.0233491116382858 -0.103512603994352 -0.0484492613681785 -0.114198625377144 2.15647693113786 375.790813627071 -332928.297442731 102.190854824977 108.820091903528 88.6999885672742 986380.968423295
54800 0.1096 -2.1928129283119 -0.0162033114170873 -0.0156326933857588 -0.0893996354882352 -0.0479089940133391 -0.130923394736368 2.19571338478517 373.904205745417 -332915.914621423 102.170463935889 108.854842968217 88.6800694142162 986277.544957138
54900 0.1098 -2.14010854104028 0.00971772620147538 0.03024152810231 -0.0691666883017752 -0.0122126074997441 -0.142333413041455 2.17758415480527 374.220921197202 -332919.41515509 102.169138446205 108.91846977551 88.6601502611582 986619.569396078
55000 0.11 -2.16495151685004 0.0051568749471974 -0.0111595662802921 -0.0803364110751815 -0.0266525636398401 -0.149797567998831 2.1824387828265 374.059652434565 -332918.153338212 102.198324790736 108.916552935564 88.6402311081002 986662.323781832
55100 0.1102 -2.1787710832126 -0.0179346322425537 0.0289385455492211 -0.0711453235166255 -0.0216702527789925 -0.150478225932217 2.20391047775605 375.223984330691 -332926.993500402 102.209176280985 108.931044120397 88.6203119550422 986676.601256225
55200 0.1104 -2.19097695081435 0.0113433405367743 -0.0300413817615334 -0.0979438449629094 -0.00874391674632776 -0.135040174837073 2.20102268326925 373.380768905535 -332913.985292741 102.230928347458 108.929965300445 88.6003928019842 986654.991155758
55300 0.1106 -2.19107936558277 -0.00398899745918879 0.0111621029134649 -0.101017433997811 -0.0129883393521466 -0.133561058931258 2.21390288541601 372.680242045346 -332906.818780593 102.224607760125 108.975236234414 88.5804736489262 986782.116485346
55400 0.1108 -2.18606062630818 -0.023231098818748 -0.0214084253252735 -0.085812128208554 -0.0386220794170475 -0.118941139937971 2.17962936357933 372.432552346116 -332903.806562945 102.19659409633 109.009325940731 88.5605544958682 986598.392681185
55500 0.111 -2.17597082639777 -0.00770812862639792 0.0257176682598065 -0.0913935309589829 -0.016736690123229 -0.129317084962068 2.20250396759176 373.534212704469 -332911.046834498 102.179839129694 109.058920786519 88.5406353428102 986663.458813784
55600 0.1112 -2.13352191549265 0.00424630007020834 -0.00778846764115426 -0.0721040623155419 -0.0444120481497235 -0.171671685628012 2.15740538972593 373.186198366615 -332906.759837615 102.192512381275 109.077073157569 88.5207161897522 986728.043671372
55700 0.1114 -2.11706955472346 -0.000934636146605844 0.00567767742618146 -0.07769944009341 -0.0204440985113752 -0.134551727705966 2.13675952290034 373.632679286227 -332909.500465089 102.206879458044 109.090072568083 88.5007970366942 986762.283652207
55800 0.1116 -2.14556902260435 0.00905510780375372 -0.00872517445169407 -0.093150718061228 -0.0147107287134181 -0.136026909153421 2.1648560695959 373.105841160623 -332903.727061153 102.211752065947 109.103335914856 88.4808778836362 986707.173111191
55900 0.1118 -2.13262623273759 -0.0345118082416358 0.0110157305169308 -0.084976214204312 -0.0207578607626574 -0.161541037190224 2.14497574303903 372.506586295092 -332899.605365379 102.211963516428 109.119056956772 88.4609587305782 986629.228633405
56000 0.112 -2.09006803984601 0.0342562393512217 0.0245751684240907 -0.0811277274881099 -0.026196824972397 -0.170094357891547 2.14496663132079 373.493688145265 -332905.031372397 102.247391735046 109.127941547583 88.4410395775202 986829.310707873
56100 0.1122 -2.13889363315906 -0.00544203083248018 -0.015886245466284 -0.0977313922373133 -0.00233060373064688 -0.129706285726406 2.14676135761329 373.636044561892 -332906.786915202 102.235616523124 109.130257052886 88.4211204244622 986514.361980735
56200 0.1124 -2.11796803794948 0.00632430822085397 0.0119050641234601 -0.0705697260753054 -0.0287524214708591 -0.136595650898111 2.14427138052842 373.318260145614 -332905.573834741 102.256182783708 109.166870385283 88.4012012714042 986821.500538207
56300 0.1126 -2.11669081063026 -0.0300663677488793 -0.0339851638639637 -0.0881488668873181 -0.0356265292719357 -0.149057218646613 2.10703878632764 373.099195978307 -332905.801392692 102.250246837443 109.192482795343 88.3812821183462 986773.330997271
56400 0.1128 -2.07356954945647 0.0206143444808667 0.0162400993510876 -0.075530634715707 -0.053384801138487 -0.127916716267372 2.10979082900875 375.092126044197 -332919.992834501 102.253731899385 109.245825276237 88.3613629652882 987066.523947215
56500 0.113 -2.05499531474384 0.00172113384349862 0.00439984463980294 -0.0764933143566493 -0.0265698738892936 -0.121563031673055 2.07354849038187 373.556745133073 -332907.417343825 102.245793933104 109.279563519885 88.3414438122302 987072.144487998
56600 0.1132 -2.06399539217972 0.0179989340254836 -0.0139534241615361 -0.0881716648504973 -0.0104565568382625 -0.146071244304169 2.08730876262188 372.824370779312 -332899.883720239 102.23736317905 109.298813936077 88.3215246591722 986942.035514296
56700 0.1134 -2.06916235260549 -0.0158393281932659 0.0113654213337972 -0.0827114449543501 -0.0350262837205445 -0.120118044502741 2.08332061489203 371.908439457655 -332890.720879483 102.214697455223 109.334664199966 88.3016055061142 986824.272182326
56800 0.1136 -2.0542240853566 -0.0330709094600214 -0.00747051490932834 -0.0868366029844419 -0.043572805143936 -0.111250639608632 2.05009890705943 373.313587155006 -332900.979599767 102.219967879941 109.346538668283 88.2816863530562 986759.691949831
56900 0.1138 -2.07486576384964 -0.0132851166762706 -0.017755314953927 -0.0920645965366002 -0.0154363827795031 -0.118406553602602 2.07584246140419 373.691240325307 -332903.645167358 102.230891663957 109.353223942427 88.2617671999982 986702.796109437
57000 0.114 -2.04809930263423 0.0346923447320783 0.00498983381873005 -0.053868902214149 -0.0449257245832033 -0.155401608909916 2.08907842410904 374.657963662004 -332907.863205024 102.253533032885 109.375094334229 88.2418480469402 986895.930385564
57100 0.1142 -2.03684312457131 -0.0134893159226206 -0.0435372947823918 -0.0803694627529238 -0.0150066539005458 -0.149569046682369 2.03008174055344 373.560820533872 -332900.907752121 102.222633986747 109.414375818188 88.2219288938822 986729.252517629
57200 0.1144 -2.0707321265415 -0.00285610913052168 -0.00322301725083533 -0.102432225872873 -0.0146291143758604 -0.172447249100584 2.09682758335625 374.156044546751 -332905.344160243 102.207231943209 109.466577094845 88.2020097408242 986828.414195984
57300 0.1146 -2.10095215358716 0.000743788072979241 0.0209207510790674 -0.0748783710275199 -0.0163122968915621 -0.143860078348396 2.1306441592044 374.81391315539 -332910.564558991 102.217399142924 109.473180321711 88.1820905877662 986763.216907018
57400 0.1148 -2.11310203591775 0.0192872369417974 -0.0191109253499467 -0.0671703827602165 -0.0380150967945567 -0.174833124009331 2.1392170268515 376.756498540746 -332924.334293311 102.23105187622 109.468301101531 88.1621714347082 986628.112232839
57500 0.115 -2.1225787256093 -0.0186256551681741 -0.00332363809138743 -0.0625751981188598 -0.034755099974438 -0.169282535796604 2.1355064617361 373.82171819976 -332905.059870399 102.213015748505 109.51297795943 88.1422522816502 986633.675693424
57600 0.1152 -2.03039547396777 -0.0143733414592839 -0.00742478279196541 -0.0707768735842685 -0.0376684960650502 -0.184597939750546 2.04936966203389 373.759044525754 -332905.85747766 102.211054875257 109.562157261612 88.1223331285922 986834.745890347
57700 0.1154 -2.03531368607008 -0.0283399430518213 0.0263246230660415 -0.0711927494579438 -0.0387535583595471 -0.169534827335785 2.06072295067718 373.754714364371 -332908.441988996 102.204272619527 109.598907193292 88.1024139755342 986877.127632908
57800 0.1156 -2.03290867612522 0.0294005904017064 0.000460221928602049 -0.0779493145551658 -0.0410146275618848 -0.187264334779529 2.07912283062681 374.181186550027 -332912.958906227 102.252700355933 109.571663704828 88.0824948224762 986876.139542339
57900 0.1158 -2.0739918460036 0.0190069622832246 0.0175430198224005 -0.07195164182747 -0.0356078881461804 -0.150702593866479 2.1130666864928 374.989409929816 -332919.461272386 102.250051696227 109.603056540035 88.0625756694182 986910.08176922
58000 0.116 -2.03739643625488 -0.0373975292567344 -0.00606449605996115 -0.0606183511460989 -0.0463546254948984 -0.147544923459569 2.03627648904243 373.998713692627 -332913.728523942 102.226446335722 109.635549663871 88.0426565163602 986751.511227646
58100 0.1162 -2.01419880589776 0.00395590547006561 0.0337321412184855 -0.0673699516090598 -0.0417738397691122 -0.164774823236402 2.05772486815374 373.566418543134 -332911.519678489 102.258300559955 109.651420792184 88.0227373633022 986978.527867378
58200 0.1164 -2.05858852591505 -0.00703421073088449 -0.0404616854336725 -0.075717175001149 -0.0274510747641879 -0.1619689168888 2.05902306219371 373.478569086513 -332911.807937245 102.260431285547 109.651262957715 88.0028182102442 986774.319363798
58300 0.1166 -1.99946055073111 0.0218957450810427 0.0198951829986646 -0.0723570643795489 -0.0691636516908552 -0.180921047269951 2.05185188807233 373.004378999568 -332908.359080897 102.266359546938 109.710159111287 87.9828990571862 987138.088091415
58400 0.1168 -2.03200755347958 -0.0344863054352046 -0.00526483208959639 -0.0755764943851608 -0.0451456626944187 -0.170970018025408 2.03967095338491 373.805644804232 -332915.152093953 102.256519967292 109.713164734942 87.9629799041282 986846.680743763
58500 0.117 -2.0340669908236 -0.00916688475771401 0.040564452101899 -0.0744415007964244 -0.0434215876805081 -0.193889690737972 2.08289586517648 372.523590288613 -332904.986752781 102.29666637641 109.707016405015 87.9430607510702 986955.251009012
58600 0.1172 -2.08857720836153 -0.000757164425265256 -0.0028219421540595 -0.0815538523940959 -0.0497328534384661 -0.17231339067918 2.11450580309373 373.180387556955 -332908.935410845 102.333177711344 109.653285866976 87.9231415980122 986600.447522385
58700 0.1174 -2.04421204990074 0.0100765353759216 0.0196362503126802 -0.0869144729840185 -0.0360774969874934 -0.166718546581645 2.08561351850062 374.069752902059 -332914.983302811 102.367237266746 109.657744111728 87.9032224449542 986745.344321411
58800 0.1176 -2.07018479580876 0.00553754110513717 -0.0171994378544391 -0.0612012411594255 -0.0205137360778361 -0.154356133741981 2.08468731444513 374.821189053434 -332919.495884725 102.365751352926 109.656285752058 87.8833032918962 986494.305019657
58900 0.1178 -2.0385080699478 0.0103673028696507 0.0070611453924355 -0.0644440844420966 -0.0264224049571139 -0.198280311200781 2.07933309388393 373.201188023893 -332909.858572356 102.369918200651 109.705261955847 87.8633841388382 986751.377966412
59000 0.118 -2.04708005387375 -0.0163231051580403 0.0117384447132009 -0.0598574972845604 -0.0316125703490915 -0.194256925220517 2.07574119424248 373.110205463493 -332910.520830855 102.355695687525 109.743806214527 87.8434649857802 986737.176928827
59100 0.1182 -2.04163266412681 0.0095798189186387 0.0124818497996829 -0.058178377061262 -0.00854355232483821 -0.187493254455587 2.08068932406656 374.105200804502 -332918.93848226 102.380432278077 109.764633079303 87.8235458327222 986939.10342703
59200 0.1184 -2.02875084588872 -0.00721863485754568 -0.0229940036491771 -0.0767344907057845 -0.0270823406251211 -0.179807134758983 2.04250034251832 374.392066371449 -332922.97969005 102.384898577396 109.763179551905 87.8036266796642 986745.235082523
59300 0.1186 -2.01862787779171 -0.00124354960846759 -0.0062471309875781 -0.077733306542815 -0.0272144451909435 -0.185284185150348 2.04526535771934 372.846388327574 -332911.314192044 102.400875593841 109.802675647254 87.7837075266062 987030.362530104
59400 0.1188 -2.04874520675622 -0.00861768961372967 -0.0311541440092372 -0.079688919615544 -0.0282049807038825 -0.167671838608913 2.05485522802777 373.187415349645 -332916.308178858 102.387998854644 109.827627950564 87.7637883735482 986906.524870739
59500 0.119 -2.02127430545324 -0.00885783383701471 0.00641885490088204 -0.0778515585933898 -0.0542004266572397 -0.173109246478416 2.04882712311793 372.283719700218 -332909.855403848 102.386054145333 109.872657379736 87.7438692204902 987068.325862807
59600 0.1192 -1.99341299488366 0.0221221452991623 -0.0192390679130367 -0.070882920558226 -0.0470930812512093 -0.178556075144139 2.02437667658438 373.403711520071 -332915.446752333 102.412732743473 109.873394474046 87.7239500674322 987108.009574096
59700 0.1194 -2.04661768442223 -0.0168810420745274 -0.0183419095970073 -0.0708714443480965 -0.0365209579322581 -0.155835799193167 2.05153401385163 373.195770992022 -332916.034115521 102.405260682981 109.880122071197 87.7040309143742 986872.290227626
59800 0.1196 -2.02041976120737 -0.0271670888276311 -0.0114290473339749 -0.0335449849195891 -0.0520624158807528 -0.156812207766293 2.02236279736344 372.315003710187 -332911.024445968 102.421825152613 109.90782729835 87.6841117613162 987056.562447288
59900 0.1198 -2.02206415333787 0.023547923886432 -0.0220393786652977 -0.0763200547087373 -0.00732643290796654 -0.174888248446692 2.05006000312574 374.190336037778 -332925.176484838 102.434995591088 109.922308405413 87.6641926082582 987089.26887722
60000 0.12 -1.97631286189645 -0.0392546732495541 0.00378600443426647 -0.0621624496874103 -0.0227879816283762 -0.165787447868715 1.98318583185686 372.973094644711 -332915.825017069 102.415535334773 109.968663154566 87.6442734552002 987093.586582683
60100 0.1202 -2.01705613547528 0.000218494720776811 -0.00484317936570697 -0.0457564403902309 -0.019839827961747 -0.148462496049698 2.03292816338609 373.425815022363 -332918.411869819 102.417647276786 109.973109530077 87.6243543021422 986929.500682905
60200 0.1204 -1.95496648451395 0.0100104691477751 0.0236486254961356 -0.0589560351885627 0.0188494063521196 -0.16981742009698 1.99652856272215 374.852337046803 -332928.10490864 102.440125069626 109.989482429338 87.6044351490842 987068.635385497
60300 0.1206 -1.96525357814203 0.00692233281749809 -0.0241841934461375 -0.0725219958935249 -0.0314887264788771 -0.173041856967407 1.98435916358747 374.31790608191 -332923.898426188 102.464936637821 109.974989337435 87.5845159960262 986953.152782021
60400 0.1208 -2.01076795655234 0.00229423644506397 -0.00652916203981039 -0.0485755069682009 -0.00407865699226967 -0.185813738672122 2.03603636454039 373.866151498908 -332921.701775129 102.451564644247 110.011368511811 87.5645968429682 986926.283337371
60500 0.121 -1.99111640732397 -0.00219445867984358 0.000562478312832754 -0.0663900842451377 0.00847035353775049 -0.186194434628703 2.01959023665228 374.456408709394 -332926.822760496 102.447598391649 110.04856666529 87.5446776899102 986997.199833132
60600 0.1212 -2.00929732329432 -0.0376922034415342 0.0196150060974465 -0.0592734550288416 0.0110942640748374 -0.172630390523652 2.02578653449042 372.846436334627 -332914.352130862 102.454687514644 110.055587333405 87.5247585368522 986903.865931516
60700 0.1214 -2.0028197286772 -0.0046043813818348 -0.000346521868173402 -0.0807733577211436 -0.00561362139188073 -0.157360854988344 2.02369604535791 373.089376712559 -332916.859910988 102.511373526486 110.029303263311 87.5048393837942 986989.397641261
60800 0.1216 -1.96376005208148 0.0347733327938013 -0.0201290003038069 -0.0768264981275023 0.00416862827503418 -0.182672345193772 2.00132267087593 373.736687674294 -332922.731694834 102.5404437284 110.024545650519 87.4849202307362 987001.872111658
60900 0.1218 -1.98805288881301 -0.000168639261184482 -0.00953844341410592 -0.041259037137318 -0.0280121420796168 -0.199922017135267 2.01507143801493 373.269212101002 -332919.330476509 102.519900316016 110.060336082159 87.4650010776782 986900.3788863
61000 0.122 -1.99774067081731 -0.0175179765987782 -0.00325828112188884 -0.0550296332396379 -0.0082851670211243 -0.186975983960264 2.01591006732048 373.123959264926 -332918.014147204 102.482602504568 110.115742679276 87.4450819246202 986813.19244967
61100 0.1222 -1.97704818098646 -0.0317690970244513 0.0164555413440751 -0.0737894977165984 -0.0524187735051217 -0.174279451497312 1.99898587929118 372.714688403158 -332916.248073533 102.487066391972 110.145368952866 87.4251627715622 986896.829068339
61200 0.1224 -1.97886540553246 0.0123034452179086 0.0163294022924564 -0.0681543955698845 -0.033754922608063 -0.174922216671499 2.02037930988548 372.854251943979 -332917.313994154 102.560155445523 110.114076167384 87.4052436185042 987095.103408804
61300 0.1226 -2.05413169708928 0.0214370239088263 -0.0291303709755267 -0.0784886127654638 -0.0175044201102676 -0.144884020759768 2.07073929152684 374.704856575749 -332932.908454126 102.590525629663 110.082612525246 87.3853244654462 986880.314168923
61400 0.1228 -1.99250389583298 -0.0051140374572303 -0.0127120447286188 -0.0473042925524364 -0.0123138738454881 -0.17621456162751 2.00873061265862 373.822298642824 -332926.49307432 102.583244332203 110.143303570567 87.3654053123882 987129.258216801
61500 0.123 -1.9734008543163 -0.0251332817196663 0.00161743677208129 -0.0364029030004274 -0.0223308594604137 -0.175622920785441 1.98660047305981 373.050651796569 -332920.079608574 102.55690818912 110.199901335091 87.3454861593302 987157.82329765
61600 0.1232 -2.0004872217152 0.0107654192626868 -0.00564957648047241 -0.064601747824707 -0.0361954822141604 -0.171551797374554 2.02907182923552 373.532335034273 -332923.665856519 102.561150065666 110.204698455252 87.3255670062722 987016.486524076
61700 0.1234 -1.99609141092189 0.00255284881037302 0.0314358143241112 -0.0864715017130525 -0.0176958652432632 -0.162347028431105 2.03852420676639 373.261114803766 -332920.807293317 102.565279900146 110.23980225289 87.3056478532142 987145.419020205
61800 0.1236 -1.97922108135364 -0.00412988261714357 -0.0447141877175142 -0.0277574044631725 -0.0287703211410173 -0.196541307203022 1.98573782163979 373.167994058734 -332922.972852273 102.544228766317 110.261027445109 87.2857287001562 986907.615214507
61900 0.1238 -1.92576896023079 -0.00729174827397844 0.0556158816583484 -0.0726934812977486 -0.0371955178355565 -0.167759250422179 1.97727895902476 375.1787526797 -332937.374908456 102.524891847484 110.331741803942 87.2658095470982 987129.012050744
62000 0.124 -1.9586990470338 -0.0370866840815589 -0.0206453766236803 -0.0732607517058073 -0.0191387146975586 -0.168225768092382 1.95615904805543 373.725644318948 -332928.676366689 102.519905371845 110.32372526421 87.2458903940402 986783.988341263
62100 0.1242 -1.89698911562374 -0.00553164111053442 0.00415859336257319 -0.0440729010740184 -0.0142521790899815 -0.159941500022186 1.91812784529647 373.762857157501 -332931.981858459 102.55899883697 110.34607046653 87.2259712409822 987134.791182323
62200 0.1244 -1.97871829586316 -0.0143772054086165 -0.0184069368452793 -0.0625626730466725 -0.0262175980705242 -0.182127311266451 1.99099267085253 372.022699157299 -332921.281027584 102.564960253804 110.333838039509 87.2060520879242 986857.321949911
62300 0.1246 -1.92116962146966 0.0187700958679766 -0.00147865420664396 -0.0714092145523738 -0.0370347820904257 -0.196906987623514 1.96474537857574 373.222770233702 -332929.742807025 102.588669783666 110.372956250576 87.1861329348662 987209.870249005
62400 0.1248 -1.92743420936139 -0.00873175605947553 -0.00629745908616761 -0.0606466874400929 -0.0209509782437684 -0.198443459998035 1.95360846504404 373.117087306151 -332929.993339104 102.553273950545 110.419106115096 87.1662137818082 987056.331385639
62500 0.125 -1.89258094511291 -0.00159044732851133 0.0165361384061768 -0.071205210267358 -0.0474796981096888 -0.197263763563578 1.93627563263965 371.14296391238 -332914.084993126 102.537336446886 110.472329855242 87.1462946287502 987153.003568979
62600 0.1252 -1.93580936229545 0.0277728819739803 -0.0125055094722803 -0.0879736603554393 -0.0486339139182592 -0.194867827987181 1.98051052085249 373.988437174546 -332937.281348326 102.550596301953 110.467181472954 87.1263754756922 987008.995329659
62700 0.1254 -1.89574947538066 0.00236440968350096 -0.00375601687617159 -0.0469682764257076 -0.0454083825311303 -0.206832572945895 1.93194189196698 373.913313272035 -332937.279872197 102.572672645331 110.494030382602 87.1064563226342 987235.657287773
62800 0.1256 -1.91927027467275 -0.0109975414064732 -0.0319191728080356 -0.0549125613606174 -0.0623718998080843 -0.178482947884915 1.92829037708241 372.900137419849 -332930.344658399 102.579143505762 110.494158431405 87.0865371695762 987073.310242974
62900 0.1258 -1.92369382561822 0.0492774676671425 -0.0223747238088338 -0.0587635744842443 -0.0612768017858293 -0.204557029246806 1.97573702470773 374.329713554036 -332939.853797677 102.592898615693 110.522758096096 87.0666180165182 987235.331803248
63000 0.126 -1.90388721094133 -0.0120621204307576 0.0249035297803926 -0.0667027318408441 -0.0760120238557286 -0.188832755490817 1.94626715848394 373.7555579876 -332935.764164823 102.56119743381 110.576162905229 87.0466988634602 987181.263318414
63100 0.1262 -1.89836657980895 -0.0197991751309384 -0.000208534141519986 -0.0359418871500463 -0.0882227398652684 -0.200702868152382 1.92724460404745 373.297063963424 -332932.623191845 102.584670168664 110.576678339198 87.0267797104022 987185.845489407
63200 0.1264 -1.91823464633051 -0.000581645601429115 -0.0279063328589066 -0.0618354316838449 -0.0756139488807241 -0.195626254818259 1.94143569699821 373.232984547644 -332933.673221409 102.620757019423 110.549203513773 87.0068605573442 987061.767439084
63300 0.1266 -1.89335421989278 0.0237403563785158 0.00840542716578156 -0.0220128441133838 -0.062874651443917 -0.178321800912765 1.93773001735131 374.031114263248 -332938.810526775 102.619371291594 110.594424053777 86.9869414042862 987226.129329815
63400 0.1268 -1.91859327060876 -0.0122181836837676 -0.0320227846124966 -0.0315084068212566 -0.0728080114810257 -0.200935750481843 1.93310891638909 373.285061302674 -332932.96531021 102.588840883254 110.641891498532 86.9670222512282 987129.917964009
63500 0.127 -1.93836235098951 0.0238409387969386 0.00444185680549282 -0.0487653813185603 -0.0890761212672222 -0.231320261739621 2.00100429189639 373.620363883708 -332936.465142863 102.585078078848 110.687591620468 86.9471030981702 987275.246122649
63600 0.1272 -1.98349941161389 -0.00112275168962405 -0.0170891064620025 -0.0432788497611118 -0.0956435654975067 -0.20961883233153 2.01576368486726 375.320807787868 -332950.98711649 102.577985067151 110.697470798899 86.9271839451122 987068.909776019
63700 0.1274 -1.93991081850755 -0.00756938006346275 0.0334507767844106 -0.0454988812625193 -0.073304542243596 -0.201523484407133 1.9897379961986 373.173336886668 -332933.432592471 102.596976673812 110.728151973104 86.9072647920542 987298.998774873
63800 0.1276 -1.9414864555832 -0.000762306778991069 -0.0529405948397477 -0.0795741114675057 -0.0662084080263954 -0.219267778679596 1.96067615521864 375.251096608508 -332948.648448896 102.611917950153 110.718959751326 86.8873456389962 987134.503027076
63900 0.1278 -1.92060422151972 -0.000354863037386452 0.0201103393471192 -0.0436862457366433 -0.0758210388524027 -0.215040654261282 1.97199749441107 372.013615390483 -332922.156010368 102.60560525579 110.787772175513 86.8674264859382 987460.816136114
64000 0.128 -1.94278466073395 -0.0317166399695918 -0.016065685651093 -0.0318472141648506 -0.0912813677280102 -0.210842770700122 1.96054573829697 374.076926457803 -332939.102334221 102.582965423608 110.784362961069 86.8475073328802 986986.180927439
64100 0.1282 -1.89953143347518 0.0396672559301357 0.00105184938003978 -0.0373446054512017 -0.0577552839362503 -0.206185342914961 1.9567390794066 374.318817339013 -332939.060565491 102.61737387253 110.813501626715 86.8275881798222 987350.413671458
64200 0.1284 -1.93033146517676 -0.00537204637780987 -0.011698144921303 -0.019114192163434 -0.0862418200944214 -0.199980401630526 1.95875388839556 373.424427106749 -332932.010297447 102.601371801634 110.824373880043 86.8076690267642 987066.808552266
64300 0.1286 -1.91984626852687 -0.00287784029342236 0.00140240279612151 -0.0407256443190285 -0.0769919073233637 -0.211557962230387 1.95959706981747 372.553544531903 -332925.62933669 102.600460315191 110.862602239971 86.7877498737062 987171.949348192
64400 0.1288 -1.89215221546357 0.00689296886815225 0.00875124696096354 -0.0245942311828674 -0.0604969635568453 -0.203598019646528 1.93573132346084 373.715493042375 -332933.823637211 102.606792558378 110.90350349119 86.7678307206482 987370.432223863
64500 0.129 -1.9140654639507 -0.00371302113134464 -0.00733708897220513 -0.0146291305139993 -0.0603588981257955 -0.211299478660285 1.94629144168464 371.397003965597 -332916.396356619 102.596070595708 110.915384500668 86.7479115675902 987146.351864216
64600 0.1292 -1.92714359789711 -0.00143914067582345 2.45234065316749e-05 -0.0377455393154907 -0.055419620089416 -0.19083862903092 1.95803593184603 373.101072254459 -332928.579781799 102.615447726704 110.929464194501 86.7279924145322 987231.384002467
64700 0.1294 -1.94317325272293 -0.00532598960155952 0.000678795676631183 -0.0528795675158905 -0.0418332234846375 -0.196270264176871 1.97386151512555 372.531757188035 -332926.244702638 102.612869418949 110.962961591021 86.7080732614742 987277.881891419
64800 0.1296 -1.88078876090927 -0.0103627275380051 0.0483182332593453 -0.0273264024376138 -0.0378448279474944 -0.189975563804218 1.93041561135356 373.709689629444 -332935.476873288 102.621877114757 111.00389187179 86.6881541084162 987501.844387219
64900 0.1298 -1.92259932282544 0.00533214997502329 -0.0379944769963046 -0.0179323184877026 -0.0242202591283819 -0.168942225219801 1.92966711793858 373.299004522998 -332932.081807699 102.628221697296 110.9819756771 86.6682349553582 987141.038987817
65000 0.13 -1.94667161066491 -0.0301494773880075 0.038186403172181 -0.0210668301667444 -0.0473226716438775 -0.192948023100396 1.98202690852374 370.154272698803 -332909.558898713 102.604742549317 111.034323679022 86.6483158023002 987153.778644241
65100 0.1302 -1.96385430645333 0.0166699298702766 -0.0374055192211924 -0.0469663380686119 -0.0400283163229579 -0.191657686600455 1.98492442750365 373.744545646105 -332934.551326752 102.638957855189 111.016435982337 86.6283966492422 987096.906842673
65200 0.1304 -1.95897743576766 -0.0227880409558528 0.0395636760612375 -0.0232772064095014 -0.0644896338904449 -0.177558482795294 1.99552627407505 374.435655917754 -332940.916442982 102.640597575019 111.04487098615 86.6084774961842 987138.475955377
65300 0.1306 -1.97366035342479 0.00994025089596838 -0.0198881385336954 -0.0158186224716185 -0.0592584634403175 -0.180020509508027 1.99622168443995 372.962760890054 -332929.564286252 102.66343242631 111.042511202498 86.5885583431262 987110.027952192
65400 0.1308 -2.0115492520582 -0.0220086962735434 -0.0141546773607646 -0.0414783712198853 -0.0496623152221747 -0.188636993195232 2.02318346819559 372.711203676429 -332928.22304852 102.649663833712 111.080195737132 86.5686391900682 987085.468670048
65500 0.131 -1.97879013195425 -0.00210705792312569 0.0433350966250984 -0.0254216017814375 -0.053633375487777 -0.189110645145891 2.02904475087333 374.494803062236 -332941.316914885 102.655248066987 111.119200988685 86.5487200370102 987258.578784946
65600 0.1312 -1.95880365908404 -0.0146130284627325 -0.0328723076611626 -0.030766792740876 -0.0475553589866986 -0.184375337507013 1.9637510555789 372.431174174072 -332923.989073888 102.686641781721 111.100486271119 86.5288008839522 987166.925687185
65700 0.1314 -1.93773171468399 0.0259457102227765 0.0113214136645275 -0.0427213644665647 -0.0654172999325517 -0.190835413997112 1.9887417072549 374.84651078082 -332939.885142952 102.714678776513 111.123505346105 86.5088817308942 987413.687217615
65800 0.1316 -1.9874151689463 -0.00174983343985394 -0.00896051810701929 -0.046673522151557 -0.0676970697026125 -0.233436607702222 2.02789612510406 373.381375753941 -332929.189359213 102.695209913562 111.137563849384 86.4889625778362 987124.082960563
65900 0.1318 -1.94248976289464 0.00222886685760315 0.0116600634136879 -0.0526168616305915 -0.0552117358826067 -0.218608185560552 1.99027127450524 372.969320380715 -332926.346803784 102.694932393483 111.186996040231 86.4690434247782 987333.027346533
66000 0.132 -1.98391494611686 -0.0041593276461837 -0.0197423312520795 -0.0205107597888077 -0.0673263341399613 -0.216294457295385 2.01097863148861 373.322010276967 -332928.952718992 102.685053147032 111.194220820786 86.4491242717202 987074.758779447
66100 0.1322 -1.99613941282422 0.00150581133358581 -0.00440374514331343 -0.0216481080664171 -0.0587199340004399 -0.217356354274469 2.03280533625612 373.04766314804 -332925.586904852 102.70064424388 111.211768978813 86.4292051186622 987152.922644751
66200 0.1324 -1.98796604264868 0.00940834955188877 -0.0154758101885592 -0.0326971321876264 -0.0637956137935024 -0.204979833661729 2.02036824504577 373.501248480446 -332928.206658571 102.697465742036 111.245488342789 86.4092859656042 987194.097221319
66300 0.1326 -1.97851738838681 -0.0341626944012049 0.0152247119153619 -0.0305771295756074 -0.0508490779414068 -0.222424178933172 2.00946765141565 372.535808067548 -332919.85311968 102.689328639687 111.284852124112 86.3893668125462 987237.533820607
66400 0.1328 -1.99796143829188 0.00983258667722274 0.00412975516693254 -0.0384438783893798 -0.0716658763717428 -0.214485516137667 2.04393570268755 372.99226092641 -332923.343766463 102.7124398408 111.279110238016 86.3694476594882 987181.100749462
66500 0.133 -2.01248802669338 0.0366041267321449 -0.0220048227142527 -0.0221580542356217 -0.061760208285706 -0.215881800058669 2.05787494436102 374.385120790891 -332933.358229145 102.730915517481 111.278648909565 86.3495285064302 987126.868400268
66600 0.1332 -2.02827517595668 -0.00263251451414864 0.0138438820922124 -0.0129679425941325 -0.0679461398969551 -0.230316083956883 2.0761420922826 372.606946927701 -332919.588312481 102.713811809129 111.315707929642 86.3296093533722 987063.459610921
66700 0.1334 -2.02199195806476 -0.019475169921426 -0.00536436478366544 -0.0419609606222326 -0.072846959724778 -0.218258704995868 2.05003476019115 373.629857020942 -332927.717987349 102.70844065169 111.334509159492 86.3096902003142 986950.774607097
66800 0.1336 -2.00855704574274 0.0283799619470265 -0.0144207936711477 -0.00864793490654174 -0.0450833926207674 -0.203608941580333 2.04803650733607 374.942282799995 -332937.441360562 102.727150560947 111.352080593017 86.2897710472562 987058.504360018
66900 0.1338 -2.05138381187185 0.00488725341088113 0.0156464098120534 -0.00921675882100174 -0.0485236072025862 -0.234205207322855 2.10294196307668 373.608283649864 -332928.050359926 102.705487330238 111.392216982337 86.2698518941982 986978.171380174
67000 0.134 -2.01261878123376 -0.0221206459363251 0.00279442305671778 -0.0131018936969103 -0.0483872626467451 -0.241464190842249 2.04810908216553 372.618048822547 -332920.046721294 102.69285546433 111.429658331754 86.2499327411402 986960.550389458
67100 0.1342 -2.04680431884028 0.024089071724417 -0.0186462174820055 -0.0135093387163041 -0.0529437553517153 -0.226868911712332 2.08932779902081 372.558199620828 -332919.01942261 102.721479302571 111.429126117309 86.2300135880822 987002.935212018
67200 0.1344 -2.04423059696195 0.00767939498328078 -0.00772356285298823 -0.0251896089468035 -0.0599184484930536 -0.229741976966995 2.08566169874533 373.162400407373 -332922.455290672 102.710115497965 111.456673114049 86.2100944350242 986909.691994255
67300 0.1346 -2.04814704067149 -0.032971228875224 0.0103973823636971 -0.00976428190427235 -0.0595250075109808 -0.220821474503726 2.07543051900474 373.009518884003 -332920.213306985 102.69495092991 111.500905356184 86.1901752819662 986927.49764165
67400 0.1348 -2.02169554914898 0.00299545184417104 0.00289057912727074 -0.0178365308218732 -0.0470175776396263 -0.219117687858934 2.06174328963848 373.225190233488 -332921.366822866 102.734404125403 111.497583332844 86.1702561289082 987049.071807852
67500 0.135 -2.05736473599049 0.0289654485250734 0.00250848853766973 -0.0269772189184795 -0.0814397256784638 -0.224568135931285 2.11462734214441 373.896196548755 -332926.401554469 102.741737924187 111.51536528522 86.1503369758502 987048.742572938
67600 0.1352 -2.06785555280981 -0.0191141122704582 -0.00277200717161728 -0.0116442642514674 -0.0753912239791749 -0.216247348367436 2.09495496996497 372.808042161066 -332917.671635837 102.725883749496 111.544285663779 86.1304178227922 986924.128401732
67700 0.1354 -2.0527584932234 -0.0210652100954889 0.0239039884551049 -0.0138868740993469 -0.0835581257401205 -0.209765053026559 2.09157643741038 372.87413394002 -332917.893528361 102.757767054281 111.545007800929 86.1104986697342 987008.518342474
67800 0.1356 -2.05053133699049 -0.00724823225472823 -0.00617879842242319 -0.0275674657799918 -0.0780060062982556 -0.204475436786619 2.07922039841383 372.818170635221 -332916.918976615 102.811035428429 111.525335724779 86.0905795166762 987117.61877407
67900 0.1358 -2.04381903822956 -0.0151169408106424 0.0173722738090814 -0.0334709700034028 -0.051235503832409 -0.220293910697022 2.08312819008082 373.301814834816 -332918.736423139 102.821163605631 111.543200886682 86.0706603636182 987144.550673003
68000 0.136 -2.05323074265916 0.0132247750136207 -0.0006915443486666 -0.00813219362730881 -0.0569223077253298 -0.243627754192034 2.10467501254727 372.567404840732 -332912.259515011 102.830550608258 111.564134594889 86.0507412105602 987191.432799497
68100 0.1362 -2.08232028552339 -0.00725325753739608 -0.00612830033257148 -0.0245137458965847 -0.10474421694175 -0.205591939602869 2.11418063533319 373.524385466971 -332918.815481248 102.800879300321 111.588447969859 86.0308220575022 986893.160970933
68200 0.1364 -2.04668698079902 -0.0165946547548954 0.000985066560075165 -0.00694824582833875 -0.0960072274483353 -0.232548538112186 2.08501938155544 372.665580460714 -332911.573536835 102.808319919751 111.618692508434 86.0109029044442 987003.515794263
68300 0.1366 -2.02308365511317 0.0456646334144388 0.00116357036559096 0.000280697723962782 -0.102207296329733 -0.202804078747996 2.08431428570445 372.373810205888 -332907.773212264 102.826763414349 111.6308733761 85.9909837513862 987059.666664131
68400 0.1368 -2.07363058096389 -0.0206521986400705 -0.0105079968717188 -0.0100266149882901 -0.102722755762616 -0.224810014535319 2.10219530268709 374.429188119179 -332922.489729255 102.803909379362 111.650254203686 85.9710645983282 986782.981988205
68500 0.137 -2.04542225595796 0.0243285014133064 0.00983731735310701 -0.00369741951244029 -0.0825932243269811 -0.216588195556472 2.1012668386193 372.638130217134 -332908.813633615 102.8386362047 111.677210151076 85.9511454452702 987125.869421669
68600 0.1372 -2.03315680055573 -0.0391379921888134 -0.0229290451956177 0.00303611693056278 -0.107046826359042 -0.209308983475682 2.04316669854945 374.820155937251 -332925.59350364 102.814609539067 111.69992215703 85.9312262922122 986867.190201021
68700 0.1374 -2.04440119067505 0.00119447435608398 -0.0025033219856299 0.00250292294052419 -0.0867671016190491 -0.213187915757671 2.08227345664308 374.215458968494 -332920.353461872 102.82287707098 111.757046594299 85.9113071391542 987222.385762158
68800 0.1376 -2.03340844745814 -0.0188140823254732 0.0250802867639836 0.00102641482767059 -0.101912862719209 -0.208123400168379 2.07606705689598 375.29515583457 -332927.243491977 102.816635670684 111.785916296871 85.8913879860962 987188.530344923
68900 0.1378 -2.02027156782381 -0.00771902204403301 -0.0142408056742236 -0.00688207283270683 -0.0597192581802326 -0.222242050844714 2.04848741675452 372.564224515422 -332907.439574183 102.840059527253 111.781013203881 85.8714688330382 987141.141944189
69000 0.138 -2.05357802410896 -0.000612454731415364 -0.0371564266930095 0.00309647075765849 -0.0884235621333676 -0.199182255725462 2.06965824017714 371.412190651659 -332896.440897819 102.857041996114 111.774756961524 85.8515496799802 987019.888159644
69100 0.1382 -2.00674485974677 0.0244791437908756 -0.00966546652750725 -0.00914855738312653 -0.0966407766320436 -0.226140728908927 2.05897298431433 373.996452142185 -332913.671061788 102.83759649074 111.825260281387 85.8316305269222 987050.103340185
69200 0.1384 -2.0743428220602 -0.00580688968891524 0.00132654631204797 -0.0098840746714659 -0.109353889597188 -0.229339841477414 2.11839697674508 373.65603316714 -332908.934114379 102.803572229217 111.857428196395 85.8117113738642 986778.319578381
69300 0.1386 -2.05499429347942 -0.0225392419745246 -0.0238034918223601 -0.0112497240805233 -0.105728069920704 -0.223158899495135 2.07644413124472 371.977451943528 -332896.093095666 102.826126259611 111.863975333357 85.7917922208062 986823.457478918
69400 0.1388 -2.02241483570025 0.0155737713973554 0.00927158178254339 -0.0272865868437701 -0.0873053053354296 -0.193023420602536 2.06820403606753 374.002792628933 -332910.676515306 102.851988026512 111.884012215152 85.7718730677482 987019.236189818
69500 0.139 -2.0541289296136 0.0121531465263077 0.00572465046165585 -0.0233580753735934 -0.102676003327347 -0.237787705606654 2.11167533498644 373.58922148191 -332905.393618242 102.843014974499 111.914717269953 85.7519539146902 986974.714321445
69600 0.1392 -2.09199500599832 -0.0215597939072584 -0.0136791239264523 -0.0127519494726131 -0.0908165718569192 -0.234353162564775 2.11968759237746 373.871520244405 -332906.997434026 102.830682535155 111.939748978648 85.7320347616322 986847.802768607
69700 0.1394 -2.03324408570382 0.0336072825797478 0.0247116179728067 -0.0196278242567096 -0.0752054656681133 -0.225524960832101 2.10339619648534 372.936957021631 -332899.195001305 102.848401418636 111.98643241003 85.7121156085742 987200.053016235
69800 0.1396 -2.06696046566117 -0.0269424502848304 -0.0381784788573344 -0.0401653149848631 -0.0790124733265615 -0.241551386926529 2.08266366431893 373.341248984764 -332900.68165267 102.839992160882 111.965584775734 85.6921964555162 986706.211831553
69900 0.1398 -2.05750455822993 -0.00406328969863108 0.0286329009168859 -0.0162368488902052 -0.0834433489290998 -0.21504378499443 2.10837391440494 374.033190756268 -332906.395087943 102.86236109876 112.017672070438 85.6722773024582 987150.439377581
70000 0.14 -2.06287116903144 -0.000854443850435283 -0.0219032683390462 -0.0314589406616538 -0.084236852695884 -0.232744144525627 2.09659701591162 372.672407561398 -332895.288837773 102.853953387119 112.039246357119 85.6523581494002 987030.3170814
70100 0.1402 -2.05291417095429 -0.0157968351194654 -0.0023126149610222 -0.0268597045911525 -0.070968747557479 -0.193639129837266 2.07539397734291 372.241923476106 -332889.469362015 102.848923861458 112.074059184127 85.6324389963422 987059.124578825
70200 0.1404 -2.12218143406618 -0.0428311722482691 0.023460115968162 -0.0146147032016231 -0.0918800588521723 -0.209803267154332 2.15033804103998 372.533212385105 -332889.645099695 102.846351869011 112.085967998182 85.6125198432842 986909.700767166
70300 0.1406 -2.0816079131543 0.0186043601535394 -0.0208986437222076 -0.025178701427108 -0.069563764056936 -0.2148117365659 2.11762576628191 373.064521699008 -332893.479985777 102.890828620207 112.068426309596 85.5926006902262 986952.293726283
70400 0.1408 -2.05172471576558 0.0349840709109447 -0.00801543663833422 0.0415743484891864 -0.0920679154376905 -0.20641228171905 2.10354651492808 374.402289173833 -332902.086334062 102.898396202833 112.103592418348 85.5726815371682 987104.830622756
70500 0.141 -2.07064865231811 -0.0667732993133863 0.00436703295550503 -0.0111512489874943 -0.052384302315255 -0.22625959689453 2.07974021158968 372.417285413655 -332887.826585423 102.852568346278 112.162176681308 85.5527623841102 986951.034849088
70600 0.1412 -2.09061829532631 -0.0156006671296116 0.00248665515087628 0.0198614644992088 -0.0621523764377246 -0.212166673405099 2.11928598826381 374.794992404821 -332903.532242425 102.870133916236 112.170378814375 85.5328432310522 986961.92904928
70700 0.1414 -2.03290480322673 -0.0161396571828898 0.0254490313170864 0.0189455861950394 -0.0688404007947921 -0.221834584830416 2.07746755639626 374.024412832452 -332896.973706623 102.904614181465 112.177627864159 85.5129240779942 987126.606874372
70800 0.1416 -2.04370867253899 0.00532084424100644 0.0146525807218463 -0.0175444499377335 -0.0752960812610399 -0.205104056646597 2.08850783822393 373.141571077906 -332890.233202873 102.952447147865 112.164868410897 85.4930049249362 987243.100569293
70900 0.1418 -2.05918090750169 0.0170544574096812 -0.0540290840011055 0.0253517851599559 -0.0809630710978673 -0.187060444943139 2.07238703520653 372.552891788833 -332885.022257935 102.951522634535 112.185200503742 85.4730857718782 987183.131792166
71000 0.142 -2.0285607122852 -0.0318648157108504 0.030079415551937 0.0205234141708612 -0.103614349765272 -0.198243862613028 2.0653543770436 372.727912390247 -332885.241065136 102.904027102813 112.269605544182 85.4531666188202 987239.96666715
71100 0.1422 -2.07143251318341 0.00679893766295434 -0.0352776075443613 0.00427124381063862 -0.0910790902236613 -0.18904021358166 2.08938295652155 373.757675042605 -332893.098644617 102.89267845985 112.278612293799 85.4332474657622 986980.163078175
71200 0.1424 -2.04977796175215 0.0149884527997447 0.00906984562326592 0.0462442440757798 -0.0901453070208805 -0.207110923374534 2.10013184311384 374.524836809312 -332900.250783824 102.880640336383 112.34203142908 85.4133283127042 987191.885352592
71300 0.1426 -2.06809517285778 -0.0152932674961425 0.0199664401434155 0.0288879099490158 -0.100236584121516 -0.195095713017421 2.1058140394608 373.125533294618 -332887.755401559 102.871709929946 112.362970353448 85.3934091596462 987059.930936107
71400 0.1428 -2.0754744363346 -0.000994412413179594 -0.0517419505432515 0.0242019628581415 -0.110167656285188 -0.206834182823632 2.08980310273645 375.239607025485 -332902.488262635 102.881337050124 112.363449563154 85.3734900065882 986926.246307552
71500 0.143 -2.07446559406716 -0.00745373890580077 0.00323463616299001 0.0517513328847348 -0.0762103371018031 -0.183124175062943 2.1025715890323 372.429733039556 -332881.89021431 102.879601641776 112.404283379926 85.3535708535302 987037.902740704
71600 0.1432 -2.07581131751842 -0.0108952106356526 0.00746572993579819 0.0445119026615872 -0.0772908115897107 -0.186493001321456 2.10483583926537 372.259833841703 -332881.282556117 102.891625552766 112.412631564473 85.3336517004722 986996.185318756
71700 0.1434 -2.03144771935286 0.0347244012878551 0.00175664458890909 0.044893638331216 -0.118081678799619 -0.193938522139858 2.08871962247806 372.582882030122 -332882.348977544 102.924988933666 112.420056722794 85.3137325474142 987150.959942148
71800 0.1436 -2.004713318471 -0.0292949281922186 -0.0147158577719025 0.0539656580249237 -0.0900402914804971 -0.195694673372109 2.01971235187932 372.723053217587 -332883.240097253 102.900444279885 112.465971882197 85.2938133943562 987088.113410573
71900 0.1438 -2.04429484886384 -0.00155542556145051 0.0113664441044624 0.0617607836631637 -0.0687390155244854 -0.189669939112982 2.0815594481518 373.289137541172 -332886.304087895 102.91007541247 112.48758829478 85.2738942412982 987139.655345825
72000 0.144 -2.08726608937584 -0.0149197142929177 -0.00669456602045266 0.0419264229112225 -0.0635847337601974 -0.195782483711344 2.10810990707112 372.041306530055 -332877.187957185 102.915909481062 112.49920439753 85.2539750882402 987066.93748831
72100 0.1442 -2.03948890092666 -0.0135633389223833 0.0229087541881221 0.0484598572906731 -0.081067749600332 -0.19348808912407 2.07814058171504 372.778117659229 -332883.803801078 102.933269884547 112.528890399077 85.2340559351822 987263.226937168
72200 0.1444 -2.05809433345532 0.0159372618771647 -0.0109555836869605 0.04366452441719 -0.077508720255212 -0.213755173538748 2.09937373329758 372.575633407629 -332881.171718565 102.955721341534 112.524608593992 85.2141367821242 987210.226758603
72300 0.1446 -2.10135520487612 0.0175761117570429 -0.0074212016740382 0.0250019676858525 -0.0712795173456787 -0.197466239399589 2.13813553150359 373.435692256794 -332886.619073507 102.945522484904 112.553778810907 85.1942176290662 987137.52493976
72400 0.1448 -2.12772229027286 -0.0211791593137241 0.0257784444140461 -0.0068583548187319 -0.0735663252166695 -0.212538376530349 2.16576591646526 373.031982706949 -332884.282662973 102.920867824338 112.587955436388 85.1742984760082 986969.966556359
72500 0.145 -2.12007235023289 0.021781632354381 -0.00046345119396495 -0.00273183901587096 -0.0835032392234018 -0.199555415506707 2.1635146079853 373.704684766809 -332886.255451061 102.926185570963 112.616942991366 85.1543793229502 987044.198290792
72600 0.1452 -2.13740253021002 -0.0268639727495022 -0.00117465453309995 -0.011334304382798 -0.0811520637663239 -0.20085775029006 2.15648443525369 372.986298093885 -332881.494842744 102.901777789509 112.644669856684 85.1344601698922 986822.199988661
72700 0.1454 -2.10165647885024 0.0339849323355817 0.00139605655386528 -0.0140977986941094 -0.0954334969251388 -0.174725283262426 2.14754133696109 373.386772902684 -332880.859996772 102.950109436996 112.634026526243 85.1145410168342 986961.436954226
72800 0.1456 -2.14499487026245 0.00383992995753677 -0.0309335881043321 -0.0215000842731925 -0.0723384011002425 -0.182218079062933 2.15885924255429 374.211731108234 -332886.486683239 102.968516497912 112.609064583064 85.0946218637762 986688.165898622
72900 0.1458 -2.11219233238205 0.0182167629218546 0.0105194670784121 -0.0185147813966657 -0.0666764054159717 -0.176256063685685 2.15171280451383 373.551259678235 -332882.549867736 102.970176660846 112.659458994881 85.0747027107182 986914.567199728
73000 0.146 -2.14420080556462 -0.0337542758540436 0.00749256795352199 -0.0175151638251558 -0.0334584177310922 -0.183527470017565 2.15593618923717 373.839065926135 -332884.152008521 102.948598439129 112.70039512724 85.0547835576602 986835.174245674
73100 0.1462 -2.13432429168007 0.036053555145631 0.00470252508747727 -0.00434956918320242 -0.0567124642110629 -0.176474913561056 2.17867279699365 374.321390373318 -332887.111247753 102.985758260315 112.693566610407 85.0348644046022 986900.385153559
73200 0.1464 -2.15892675071373 -0.000397515103398331 -0.0355179469223373 -0.00112707491769778 -0.0465286977871929 -0.204180946794698 2.17169094809001 374.965068676303 -332892.276189 102.995498454516 112.706555242008 85.0149452515442 986876.254563379
73300 0.1466 -2.07980394896911 -0.0205621614323442 0.0131433305570749 -0.0374715892011152 -0.029071332235844 -0.190276351305437 2.1038972441557 373.493888743661 -332881.109959598 103.00577457786 112.74281245545 84.9950260984862 987060.898912385
73400 0.1468 -2.12906316040199 0.0116625754497669 -0.0119448133068059 -0.00261468839074884 -0.034163296284855 -0.177202503765403 2.15184830425427 372.18153194852 -332871.345910089 103.024580229863 112.722805042339 84.9751069454282 986834.583593626
73500 0.147 -2.15204777365715 0.000140440087327172 0.00297492000217955 -0.00394923804622653 -0.0244989658005452 -0.18385778128068 2.17744825760649 373.720897198365 -332881.273858641 103.030453073158 112.737069371397 84.9551877923702 986784.353979639
73600 0.1472 -2.14190780694921 -0.00990765577083883 0.0131721550749139 -0.0239059077258993 -0.0143181074315974 -0.189624400785671 2.16918538269541 373.868267387211 -332880.169508191 103.05230005292 112.755701317152 84.9352686393122 986925.259792809
73700 0.1474 -2.11320844645904 0.000366394564348324 -0.0262683223095026 -0.0044798076768037 -0.0390191513698161 -0.190146703351437 2.12713623075844 373.657152806856 -332879.898266327 103.057407952658 112.776357988402 84.9153494862542 986923.480829628
73800 0.1476 -2.1521968706268 -0.0384897491054479 0.00027104469594071 -0.0170146160809646 -0.0143643044522018 -0.185601583597048 2.15778138264967 372.357089869784 -332868.956565566 103.019984626491 112.817091481991 84.8954303331962 986689.92548966
73900 0.1478 -2.0860335415914 0.0206618172276855 -0.0120485158045059 0.00286622326906017 -0.00643235309226374 -0.19292365996158 2.11710462209545 372.757341170542 -332868.638394555 103.042495304075 112.843870637695 84.8755111801382 986908.170478821
74000 0.148 -2.14312736160787 -0.0346555374291308 0.0154683082665206 0.000931450209269804 0.00467189313800191 -0.182745382860856 2.1573377707391 374.276212014054 -332879.574394343 103.027027542208 112.861146206985 84.8555920270802 986679.476011775
74100 0.1482 -2.14256520007819 -0.014914503359667 -0.00142338657448928 0.00534319185216655 -0.0227114391101982 -0.213508671509982 2.16660444415522 373.451522512181 -332872.004852 103.032299565733 112.878333404687 84.8356728740222 986648.569004321
74200 0.1484 -2.11105682272008 -0.0156106606061159 0.0204577237201072 0.0101660629487043 -0.0352337739403157 -0.184985789068822 2.13880069983956 373.004455853517 -332866.852796961 103.059957538459 112.900012247927 84.8157537209642 986871.197672215
74300 0.1486 -2.15375560930136 0.00590599837912021 -0.0405431273016842 -0.0199246410134466 -0.0338057209985999 -0.180722024665186 2.16069021203755 372.489438174849 -332863.052045775 103.101889054843 112.85474188256 84.7958345679062 986645.077080591
74400 0.1488 -2.13686650256633 0.0388315164302251 0.00103580590119625 -0.0102593803604958 -0.0307373266008559 -0.20209125056892 2.18598514819766 373.441266784428 -332867.782782977 103.102116994876 112.912875796573 84.7759154148482 986923.611735844
74500 0.149 -2.13339621892364 -0.00172509783982698 0.00503335424694714 -0.0204538519543393 -0.0469367961296394 -0.229879939923947 2.17367726934895 373.219358858601 -332864.378478988 103.075587261374 112.968124641043 84.7559962617902 986920.500140056
74600 0.1492 -2.08223777702814 -0.0286022282867725 -0.0162877949209376 -0.0113819918754018 -0.0458699031933347 -0.202196163054041 2.09098317276382 372.503870660479 -332860.864798727 103.070120804405 113.007056495861 84.7360771087322 986976.250287081
74700 0.1494 -2.09414864486295 0.00541956642326574 0.029262477590202 -0.00358887604058915 -0.0398274194957761 -0.229789142244979 2.14988870326186 374.8405738297 -332876.151126327 103.091746621529 113.03369630866 84.7161579556742 987183.933998902
74800 0.1496 -2.09600289206485 0.0127502873841019 -0.00446873123358925 -0.0207488911132692 -0.0436573680311163 -0.241691593364462 2.14314715591063 373.986020267578 -332867.15159506 103.097049471764 113.020688004146 84.6962388026162 986888.99862741
74900 0.1498 -2.12205976337579 -0.0195396435443194 -0.0191511992609478 0.000299982828282317 -0.0528572270824003 -0.236430430891898 2.14417529423206 372.056708273415 -332852.615740506 103.065249496401 113.072618994334 84.6763196495582 986805.77872791
75000 0.15 -2.08374808335274 0.012452064199621 0.0188876623873159 0.00698236470714799 -0.0442817134748943 -0.230468424719643 2.1384486742653 374.880070943317 -332873.615134431 103.042573203694 113.133545330933 84.6564004965002 986888.052434374
75100 0.1502 -2.0831770827108 -0.00745482495643252 0.0147335980598986 -0.0158648561236931 -0.0526526185162343 -0.239647116916804 2.12991465054383 374.265270104719 -332868.472194549 103.048006432809 113.157898529094 84.6364813434422 986920.267229741
75200 0.1504 -2.07345633309237 0.0341836450817022 -0.000390958067698788 -0.00768274919371538 -0.0366624584050647 -0.22495073831731 2.12755466450014 374.010278883016 -332864.988746557 103.064801789311 113.173626611591 84.6165621903842 986985.976563967
75300 0.1506 -2.11407819637274 -0.0372863731381463 0.00211971862994241 -0.0164659443464616 -0.039919270372536 -0.220868577434226 2.13269739489606 374.159596826701 -332866.271940953 103.036990265045 113.215275349812 84.5966430373262 986850.399374363
75400 0.1508 -2.10776035087575 -0.00376265166480002 0.00011964310702562 -0.00844868020660145 -0.0402115366273917 -0.243467599251372 2.14892628748555 373.81281569246 -332864.173143805 103.063884502592 113.224895023631 84.5767238842682 986959.410552128
75500 0.151 -2.07309512034739 0.00725493059539145 -0.0127925523136891 0.00564682647911581 -0.0312080834945361 -0.219319530559771 2.10567640362103 373.507528458063 -332860.51463383 103.087820431628 113.241195938009 84.5568047312102 987098.218504717
75600 0.1512 -2.07663643460528 -0.00200550159194038 0.0137074332591672 0.00486746130192399 -0.0589296665715388 -0.232671030077487 2.12363734269418 374.665146567318 -332868.252474346 103.071326489343 113.281883449759 84.5368855781522 987062.312740175
75700 0.1514 -2.06727956733357 -0.0115226668653706 0.00764373659366574 0.00277354347000095 -0.0699921927228662 -0.228015147931208 2.10632328307578 373.118782999333 -332855.692403229 103.074610222837 113.321390540531 84.5169664250942 987205.341824526
75800 0.1516 -2.05970547861868 0.0192055949281339 0.00857704315447134 0.0106317736843086 -0.0412556317207787 -0.194539177054449 2.10211085896022 373.441500082259 -332856.978622626 103.09524249919 113.329883464198 84.4970472720362 987244.219633604
75900 0.1518 -2.05634182722691 -0.000664115890273174 -0.0388361353412578 0.0180997425815835 -0.047479006317246 -0.213220119071662 2.07193933648432 373.215691771925 -332854.165204268 103.09509152224 113.335578457852 84.4771281189782 987059.642083091
76000 0.152 -2.06481931148894 0.044029522838586 0.0107734341370713 -0.0197629471808673 -0.0470352910330227 -0.228647548060994 2.13139979622365 373.833177390744 -332857.522290936 103.09185155212 113.388666649334 84.4572089659202 987258.117796856
76100 0.1522 -2.06551253732969 -0.0596014926927323 -0.0163820201993699 -0.0169812118415154 -0.0466270002469326 -0.203951437422617 2.06019837433683 373.760396177692 -332856.002777054 103.070798262672 113.407756094632 84.4372898128622 986989.840632306
76200 0.1524 -2.02277060779724 0.0338495428865585 0.0303011503259929 0.00516035601375726 -0.04360094808708 -0.207077554572082 2.08730153459277 373.943753647497 -332854.912955174 103.120997245038 113.413627891539 84.4173706598042 987288.704485762
76300 0.1526 -2.05492620066443 -0.0179894950777997 -0.0155815735375371 -0.0136728338107975 -0.050185287621088 -0.18389373994367 2.06484599319835 373.970547736717 -332855.60523373 103.110911343343 113.398576137857 84.3974515067462 986828.218193615
76400 0.1528 -2.02651027884627 0.0428345079276815 0.00195221285345261 -0.0118180371672322 -0.036698812340301 -0.188803642551324 2.07621277744523 374.75924266339 -332859.980535625 103.126945166859 113.441424971118 84.3775323536882 987121.580487627
76500 0.153 -2.0356141630999 -0.00308258098889196 0.0290951367118152 -0.000579600013407271 -0.0393984615000057 -0.192502073677916 2.07688495937718 374.736596385065 -332860.735583379 103.132170553357 113.467530223261 84.3576132006302 987165.669331191
76600 0.1532 -2.05553505682193 -0.011755164767851 -0.00264624223527806 -0.00740359025506697 -0.0332652460506314 -0.177052124900527 2.07201891554359 374.751842991532 -332860.320552826 103.150900223756 113.461617896813 84.3376940475722 987060.373287057
76700 0.1534 -2.03662775465855 0.00376892037993433 -0.0186237280825711 -0.0120329499179897 -0.0194917330804448 -0.187214244360568 2.05542010675341 372.706270752744 -332845.543170403 103.182969080681 113.48218202683 84.3177748945142 987312.954659562
76800 0.1536 -2.05268353410429 -0.00410306583552547 -0.00341696354666488 0.00594222164587252 -0.0431610936933497 -0.185253497787389 2.07526843728827 374.415313817747 -332855.584771991 103.176332222838 113.509212077152 84.2978557414562 987251.317598058
76900 0.1538 -2.04786444060245 0.00439302708435742 -0.0338186283791556 -0.020203847572645 -0.0179482879949998 -0.176950472553572 2.05692151228936 374.50083670668 -332856.449173912 103.163818225818 113.541620963025 84.2779365883982 987180.099133885
77000 0.154 -2.0535348239357 0.00280643381865986 0.0335278905776631 0.0218984593434463 -0.0386876246149447 -0.166379063773803 2.09323476426479 373.719300454417 -332850.2991169 103.155172336041 113.574512860614 84.2580174353402 987149.949826249
77100 0.1542 -2.06553343341607 -0.0138647714022588 -0.0300641001363328 -0.012514250931231 -0.0361368049752498 -0.194394222214454 2.07222726267494 373.264523491083 -332848.217150594 103.172706380669 113.562934454068 84.2380982822822 986983.705754421
77200 0.1544 -2.01857623756582 0.0314481965992389 0.0254747750527593 0.0125424195810402 -0.0290058335946436 -0.189733839320289 2.07397756585671 375.681682087534 -332866.258665402 103.177284253006 113.624842914003 84.2181791292242 987332.051719402
77300 0.1546 -2.06551480037977 -0.0310165862866257 0.00628318389748014 -0.00558889132510487 0.00411546801254998 -0.188968275073903 2.07935858310501 373.271207834304 -332849.809446319 103.146532090125 113.665237072678 84.1982599761662 987155.136613566
77400 0.1548 -2.02892890722141 0.00896000441412438 -0.0168896762432201 -0.0154810589289251 -0.0554028742698155 -0.21561119773842 2.06164318817189 372.457873503462 -332843.00373685 103.170693900348 113.687424228572 84.1783408231082 987345.474459268
77500 0.155 -2.07424645291342 0.0103159701678818 -0.00313343359111432 0.020003675822116 -0.0436985166088681 -0.173420411029669 2.10111834497273 373.623369071106 -332851.242929707 103.158956194994 113.716874289794 84.1584216700502 987255.211488935
77600 0.1552 -2.04189203181917 -0.0190279652692315 -0.0169173616757442 -0.00617641376886301 -0.0263695151459469 -0.198624243104627 2.05348684404098 373.583736895675 -332850.12564277 103.15565440144 113.741496373019 84.1385025169922 987203.654143519
77700 0.1554 -2.03096371966124 0.0316578253916949 0.0643557535711549 0.0114972025651982 -0.0384572125428874 -0.196243976579377 2.10791099607801 374.424651888559 -332854.606297916 103.176027670862 113.772608604725 84.1185833639342 987434.891706611
77800 0.1556 -2.06121516834621 -0.0382042150630746 0.00106870300328107 -0.00110892742057153 -0.0198199590275983 -0.209720696151013 2.07525798764454 373.567114294928 -332848.717829177 103.170280492247 113.757036862351 84.0986642108762 987010.970946238
77900 0.1558 -2.02675186915253 0.0251241689158659 -0.0174102828414167 -0.00265721532927843 -0.0219211891816992 -0.197044968919545 2.05977474257436 374.649047924608 -332854.369864624 103.212285354785 113.747710526062 84.0787450578182 987098.016879755
78000 0.156 -2.032741514163 0.010092794468081 -0.0358878196383056 -0.0214662531293662 -0.0634162845052292 -0.178695886807652 2.04709535409147 372.789167703339 -332840.291115121 103.210728905737 113.767213306054 84.0588259047602 987018.482512813
78100 0.1562 -2.07026118796825 0.000435485270840431 0.0342613282435728 -0.0218162740042009 -0.0357971248526406 -0.17735306138862 2.11154124699438 374.023102490831 -332847.806191156 103.188517380399 113.834063606301 84.0389067517022 987151.946110241
78200 0.1564 -2.06641249096452 0.00633251184486129 -0.0244527190926701 0.0118629667577469 -0.0549463692210514 -0.213234167232933 2.0926766530375 374.17461189691 -332849.280924035 103.197313425377 113.849309890002 84.0189875986442 987134.289155021
78300 0.1566 -2.04603266004921 0.0019395030418213 -0.0192033708822095 0.0139606579665219 -0.0492413786939005 -0.176917645490434 2.06230341719316 373.854293402002 -332846.190194704 103.199627694396 113.891389185608 83.9990684455862 987287.163699986
78400 0.1568 -2.02697626715797 0.0274886725673318 -0.0319321795392425 0.0201817368886972 -0.0223066424936944 -0.201144432367705 2.05581392234588 374.027197666929 -332845.503297724 103.18391896087 113.92417054405 83.9791492925282 987186.856977451
78500 0.157 -2.04409022979988 -0.0317716932199045 0.00361374528175698 0.0424068820845175 -0.0226600421583211 -0.196718135786286 2.06031898842416 373.033351837817 -332838.610086677 103.153991611456 113.981767807599 83.9592301394702 987165.284161663
78600 0.1572 -2.00074734564147 0.00889144623546605 -0.0115713226823355 0.00946227050289019 -0.0311334799816826 -0.19052522672171 2.0273184493292 373.125240705599 -332838.029543258 103.168631187234 114.007724309746 83.9393109864122 987295.926947973
78700 0.1574 -2.02236775750174 0.00434625111398029 -0.0228613205594756 0.0394063326249128 -0.0176610453016396 -0.208229084583374 2.0466656609569 372.84200083191 -332836.412386026 103.177363730757 114.015780469105 83.9193918333542 987214.94061862
78800 0.1576 -2.02122988094182 -0.0161514297835171 -0.00268038611428271 0.0321118962559433 -0.0210427041410134 -0.197473925930165 2.0417985517175 374.957693988496 -332851.506590843 103.172064162344 114.050711406233 83.8994726802962 987232.284835114
78900 0.1578 -2.02911204507492 0.0183579917188146 0.0234368621238123 -0.00152217888939909 -0.0288695854218838 -0.182751887840865 2.07491210632377 373.247563943693 -332837.682391417 103.175969298046 114.080553161925 83.8795535272382 987293.518896872
79000 0.158 -2.03922993066366 -0.0237591638231463 -0.0355582827584182 0.0115462676490036 -0.0263163794298744 -0.186540378380533 2.03601335815255 373.708729740664 -332839.677111334 103.184954588814 114.084329769079 83.8596343741802 987177.702304326
79100 0.1582 -2.04568704131516 -0.00528630867779162 -0.0061665269662466 0.054954041528174 0.00869707657926936 -0.185740842924058 2.06742005072628 372.959320998204 -332833.855237307 103.194528410377 114.12755514595 83.8397152211222 987408.767266351
79200 0.1584 -2.02773583729157 0.000699277766862759 -0.0211479636182954 0.0180782831704923 -0.00168370665993614 -0.205040279460379 2.04885922711653 373.596294989509 -332839.320556861 103.193815533567 114.145363351841 83.8197960680642 987321.388522007
79300 0.1586 -2.03183778404229 -0.0120196818284171 -0.00440852033366222 0.0380956905508926 -0.0124025822931305 -0.199646378840507 2.0541391394905 373.630395150057 -332837.810803646 103.187302608063 114.180117094009 83.7998769150062 987324.978891215
79400 0.1588 -2.01288929057858 0.0114135033494182 -0.0114433158086775 0.0517933012873606 -0.00383885154386266 -0.209030614745295 2.04724897240793 373.353048808641 -332834.738827567 103.204546378725 114.186730383135 83.7799577619482 987312.42828487
79500 0.159 -2.01088314392197 0.00358759414571604 -0.00939612506872688 0.0149701142616409 -0.0232892414093708 -0.208253861499151 2.0407141154052 373.26699269486 -332834.239598119 103.215270121624 114.202854080484 83.7600386088902 987319.648614166
79600 0.1592 -2.01998910503405 0.0152643689652616 0.00662270678079981 0.0353976259417427 -0.0229983573351094 -0.206283902257833 2.06343119653866 373.504445479209 -332835.040568297 103.197587682749 114.245452501672 83.7401194558322 987283.874599778
79700 0.1594 -2.02863547807504 -0.0145172980362729 -0.0197372485886471 0.0213355783753434 -0.0376059817063415 -0.208370801158816 2.04500589641224 372.414770736948 -332827.406792775 103.182873021979 114.271893934313 83.7202003027742 987136.704131983
79800 0.1596 -2.03317070751536 -0.000826321893453419 0.0333919805475894 0.0278340659117715 -0.00365595731482118 -0.223624734896293 2.08651056521694 373.004137872098 -332830.877986185 103.1617656859 114.320855397712 83.7002811497162 987122.722355765
79900 0.1598 -2.0648131393105 -0.00786542097441401 -0.0353258466144912 0.0517386191268709 -0.04713142420027 -0.217494025302466 2.0813238699864 373.627662912026 -332835.671921991 103.147120504938 114.34428195875 83.6803619966582 986949.906934485
80000 0.16 -2.02808416650759 -0.0140286601410997 0.0208409058958109 0.0303770907551 -0.0273489463951131 -0.20688616945673 2.06428742420102 373.02442085005 -332831.140159718 103.151013776347 114.392758852146 83.6604428436002 987170.557278297
80100 0.1602 -2.06689625775681 0.00331524190817038 -0.00888769500088329 0.0399142495917337 -0.0212641277412706 -0.225914650172221 2.10235822911559 373.379592220537 -332835.664978656 103.167467595114 114.386286312162 83.6405236905422 987037.093247949
80200 0.1604 -2.07906111949785 -0.0146371541900307 -0.028864650087635 0.0150323558080232 -0.0270622682883983 -0.229289884690137 2.09601376775088 371.380897036457 -332819.716288664 103.182791972448 114.404047138157 83.6206045374842 987101.850981184
80300 0.1606 -2.04981467114773 -0.0141685500776903 -0.0224175609464626 0.0599842377009415 -0.0365898485317459 -0.234867948184021 2.07543507391753 373.570477176586 -332834.084998484 103.194350289543 114.419175301818 83.6006853844262 987107.77393289
80400 0.1608 -2.05467297615145 0.000269044032705389 0.0178203731027782 0.0424209086470881 -0.0442129631846416 -0.241032962418792 2.10824935546439 373.569041133726 -332833.833123995 103.212549344087 114.438480995547 83.5807662313682 987213.164433825
80500 0.161 -2.07277979791538 -0.013219591316278 -0.0352430539223867 0.0450730847422808 -0.0318526562841949 -0.223989191908407 2.08723899652953 373.62741540678 -332830.692838236 103.208048560969 114.43965139461 83.5608470783102 986944.944226039
80600 0.1612 -2.02984151838597 0.00621333313292093 0.00608642755628408 0.00415929347997475 -0.00968745006510015 -0.231539647915398 2.07519306395503 373.210765449097 -332827.399129899 103.224486758098 114.486794902811 83.5409279252522 987273.373507802
80700 0.1614 -2.04190975390003 -0.00595827703384531 -0.0213579935857907 0.00790555695936881 -0.0107783986923213 -0.216621750581801 2.06283626479884 373.062572899592 -332825.276300485 103.215539553318 114.502797840647 83.5210087721942 987090.3744703
80800 0.1616 -2.06677989016248 0.0228244186333089 0.0144288411064669 0.0417951344561601 -0.0167678664367615 -0.239226514841338 2.12761490362367 373.123970969243 -332824.68136967 103.2119454198 114.553556826048 83.5010896191362 987258.053362611
80900 0.1618 -2.0955325394781 -0.0651513914336753 0.0137306670662188 0.02904299584534 0.0101700843018531 -0.226478751731521 2.10844712611183 373.882670730975 -332830.272808347 103.180535390827 114.577411831236 83.4811704660782 986927.645414726
81000 0.162 -2.13351944213582 0.00160097526474475 -0.0253823106826422 0.0305135554342655 0.00332028044004421 -0.235980314990816 2.16142109755093 372.599663240428 -332819.533520497 103.236031237949 114.546677191698 83.4612513130202 986958.036221469
81100 0.1622 -2.11281571942575 0.0155693148527408 -0.00130238088356196 0.0523512050160327 -0.00597845659067385 -0.231835267392152 2.15962264967737 372.728991934881 -332819.720805887 103.286100669921 114.540449485926 83.4413321599622 987147.372947766
81200 0.1624 -2.1413862816558 0.00138556117489781 -0.0615347234308312 0.0177526760153371 -0.0121603467593706 -0.239157786122995 2.15257630597702 373.249349623509 -332822.882315141 103.289588343919 114.530189351435 83.4214130069042 986856.638740012
81300 0.1626 -2.12050811161638 0.0312843032301697 0.0208935407959703 0.0337576176875784 -0.0310684665996744 -0.223372776645874 2.18264987386676 375.024255213675 -332835.454575985 103.278549210168 114.608668990218 83.4014938538462 987191.544998115
81400 0.1628 -2.11981420243845 -0.0212489678459607 0.0199208122498682 0.0100197772518884 -0.00651617913054524 -0.228418562399615 2.15615912037686 372.857892191704 -332817.137583698 103.26267212451 114.638855163788 83.3815747007882 987063.953309567
81500 0.163 -2.12370979060974 -0.00128949152802123 -0.0125800132875897 0.000981062791664842 -0.00813708195290567 -0.254470053095507 2.16224390779441 373.701629765946 -332821.674179515 103.272207701114 114.638752723448 83.3616555477302 986918.39676798
81600 0.1632 -2.12718317528654 0.00285173561191815 -0.00951597890268951 0.0158749477115416 -0.00897012413097827 -0.241190153027182 2.16480334426744 372.917991556165 -332816.223165993 103.250062588724 114.688311100548 83.3417363946722 986897.44709414
81700 0.1634 -2.09132472534247 -0.00594105694727748 0.0336505283279107 0.0075214203071814 0.0212857329023855 -0.22534540319418 2.14168783863589 374.42869425146 -332826.126043436 103.233018458778 114.740229334569 83.3218172416142 986945.276526458
81800 0.1636 -2.15387895430319 -0.026265127643339 -0.0456710565022049 0.00532390111405752 -0.0140788795628924 -0.219610081585262 2.15202098108496 374.183025436792 -332823.544665996 103.24525755725 114.721122549222 83.3018980885562 986661.988418682
81900 0.1638 -2.0998838829961 0.0474499103792993 0.0349883830589337 -0.0165829172902887 0.0116733349624234 -0.240949327360916 2.18170625104643 374.382495710262 -332825.678800631 103.282649766656 114.755591656447 83.2819789354982 987079.799395001
82000 0.164 -2.15937570110935 -0.0171889997771429 0.00128396065141291 -0.00764654280707704 -0.0113841734734444 -0.247783203792986 2.19399895148319 374.205463981554 -332824.913402779 103.26426788588 114.747434557275 83.2620597824402 986597.942725062
82100 0.1642 -2.13949895638516 0.0193120346428086 0.0129325206005249 0.00821571313282182 0.00567367644967732 -0.228217522631927 2.19163915978421 373.230880166903 -332817.403591192 103.299253149715 114.765061527785 83.2421406293822 986847.659217066
82200 0.1644 -2.13133496282393 -0.0404880282854206 -0.0490446296349213 0.00906903027930043 0.00561909014291947 -0.221459474943038 2.12162624818155 373.171699856966 -332817.386426741 103.304416643661 114.765272448073 83.2222214763242 986662.644643268
82300 0.1646 -2.13306514800655 0.010709325920467 0.0272695024155427 0.0535671181013794 -0.00373914324014614 -0.261135342494107 2.20108377202245 371.921676084161 -332806.991738453 103.315706721159 114.822097095709 83.2023023232662 987022.764530364
82400 0.1648 -2.17087933407712 -0.0212762943754244 -0.0586352993343775 0.0481444926025828 -0.0266589631185947 -0.239267087015993 2.17318059239475 373.246560999522 -332817.096323355 103.307572201309 114.820593498436 83.1823831702082 986695.84989357
82500 0.165 -2.14340008825264 0.044660059680687 0.0241991767164662 0.0235812485891276 0.00345650381875678 -0.250031662103772 2.2209249830587 373.314252649188 -332816.047001866 103.348810052619 114.858527859921 83.1624640171502 987179.378678534
82600 0.1652 -2.22221439109572 -0.0140997645831309 -0.0706879286822713 0.0183341042306086 0.00427553280932268 -0.230171306375777 2.21675867446426 372.540765000426 -332811.352171796 103.314099486621 114.854522606996 83.1425448640922 986577.051144806
82700 0.1654 -2.17009708586364 0.0177536203556687 0.0391332470335109 0.0190519201876473 0.0196802257649532 -0.218733731824902 2.23152580752008 373.589371349878 -332817.351408393 103.292362163307 114.971028614392 83.1226257110342 987133.474917382
82800 0.1656 -2.20686602279108 -0.0514228307210692 -0.0237513490596977 0.0288287515869797 -0.00509180666271398 -0.212693595614805 2.20105250709426 374.925227197288 -332828.840315367 103.268558253871 114.981911274673 83.1027065579762 986762.884150149
82900 0.1658 -2.18013210405867 0.0345282447392624 0.0255090993561391 0.0153803818097085 0.00494681440245892 -0.2163160745465 2.24187164564228 374.234879569231 -332821.28426279 103.308285824352 115.01014083679 83.0827874049182 987148.180281201
83000 0.166 -2.19877679718071 -0.00819245886632034 -0.00759355334694049 0.0266183739108461 0.00410389766402228 -0.224000110743304 2.22546092827152 373.798413855008 -332816.774001837 103.29233269669 115.011029905588 83.0628682518602 986766.737468776
83100 0.1662 -2.19613539141894 -0.00145364548848051 -0.00516668886470188 0.00237433300781089 0.0132133869839689 -0.208358923973471 2.22244770936201 373.38800195862 -332812.949143421 103.301426646237 115.045300749328 83.0429490988022 986910.948648745
83200 0.1664 -2.15303655503588 0.0243952272846452 -0.010281373790798 0.018102099476783 0.00617952630686827 -0.220101725699586 2.19393200137504 374.082444105272 -332817.230689735 103.294701748865 115.088838868624 83.0230299457442 986983.366245877
83300 0.1666 -2.16688855175249 -0.0215628681640031 0.00252347022194908 0.0464454007891512 -0.00223345681317163 -0.202204786167158 2.18719507546135 372.298314789664 -332802.604299178 103.263426275198 115.147473969175 83.0031107926862 986950.37213729
83400 0.1668 -2.17401613693134 0.0017654127462866 0.0270446368185515 0.0176392113540286 -0.00955876240103824 -0.223973188133503 2.22291834365759 372.107864553896 -332800.094829592 103.272414045651 115.182046330766 82.9831916396282 987095.684683835
83500 0.167 -2.15675016892256 -0.0175811002271256 -0.0136248385386761 0.0255047221200598 -0.0165569698419249 -0.240691502120415 2.18199315740968 374.444972502674 -332817.286447119 103.290205506211 115.168637033623 82.9632724865702 986913.848659768
83600 0.1672 -2.12648920305335 0.0194735983976787 0.00740731890131744 0.0443747119153149 -0.00933913709542535 -0.210832906844978 2.1723095315367 374.326706145292 -332814.556066752 103.322752067011 115.174491073366 82.9433533335122 987037.963439438
83700 0.1674 -2.17609717082849 -0.0222926601113238 -0.0106479426967358 0.0184460105434135 0.00917837125181621 -0.217541698585292 2.19256392837344 372.688414388672 -332802.802916621 103.316808517833 115.189958605137 82.9234341804542 986876.674072006
83800 0.1676 -2.13646162494061 -0.0171406374516142 0.0355592360577027 0.0388036960915382 0.0119237720694388 -0.229243458292636 2.18370970407415 374.335192650064 -332814.923749465 103.325035977999 115.210575592913 82.9035150273962 986894.789739647
83900 0.1678 -2.17651474351589 0.00843894782726128 -0.0327836090688521 0.0167029549148313 0.00901351643392347 -0.231135097689427 2.20159114082298 373.406520175401 -332808.183331125 103.358252727194 115.179705116442 82.8835958743382 986710.400148454
84000 0.168 -2.14990125864987 -0.00511622275691371 -0.0094753436464202 0.0373324981540775 0.00270632797057648 -0.200840435119138 2.17163215920581 373.233482189452 -332805.902489667 103.374152887869 115.215614288685 82.8636767212802 986932.618304013
84100 0.1682 -2.19890690162084 0.00603227943804671 -0.0114719843376128 0.0382004162041847 -0.0212280668413494 -0.196183169551625 2.22365927477443 373.843858612543 -332809.312345449 103.376127603358 115.239348008197 82.8437575682222 986917.480497588
84200 0.1684 -2.17681289074924 0.00133796828135727 -0.00567616687918656 0.0438173557200408 -0.036969620768331 -0.197122786937517 2.20353008561687 373.334843255277 -332806.739681792 103.368263267384 115.274983753577 82.8238384151642 986910.212323572
84300 0.1686 -2.16666201335901 -0.0144882429623552 0.0414049333983202 0.0341989238598072 -0.0225095206029373 -0.210847855269737 2.21216342122435 373.008899660546 -332802.456678186 103.332776806428 115.364361926094 82.8039192621062 987098.885810008
84400 0.1688 -2.17616603232417 -0.0142481064481178 0.0117451334357712 0.0196622484717889 -0.0244198722137719 -0.225824870133484 2.21058802956014 373.234855426487 -332801.746531246 103.334502756329 115.381243026401 82.7840001090482 987022.322980898
84500 0.169 -2.19475335357286 0.0416751539108036 -0.0545270490970585 0.0196666752427882 -0.0101522216453784 -0.237437450311545 2.22852353571806 374.353101637842 -332807.929494513 103.345690412653 115.378116072504 82.7640809559902 986864.919488447
84600 0.1692 -2.14225655912269 0.0141771823230974 0.0371314327510138 0.00327053527259432 -0.00692775730804051 -0.23542455426132 2.20605596753691 374.205090566377 -332806.092536986 103.311336577546 115.459396309159 82.7441618029322 986994.252212847
84700 0.1694 -2.15854233990097 -0.00588967112158671 0.0185112074973508 0.0343150931812205 -0.0116496056489893 -0.210788277897064 2.19642216863058 373.684125862696 -332800.044430528 103.313553993926 115.480535700288 82.7242426498742 986958.499031806
84800 0.1696 -2.15985717492249 -0.00236359816113376 -0.00841464509440593 0.0373842412247499 -0.00524293736814109 -0.231425612684311 2.19242074117077 373.934721359224 -332801.429958757 103.338635759081 115.47574717795 82.7043234968162 986919.473553855
84900 0.1698 -2.19143787207077 -0.00599711371683187 0.010370917167394 0.0497672647749466 -0.0104261460624026 -0.224453352870611 2.22959300341504 372.575479778669 -332789.867321283 103.349613807761 115.502600319143 82.6844043437582 987016.065936903
85000 0.17 -2.24359760423819 -0.0104504866736976 -0.0357410600743318 0.0353462561258369 0.00217079493635125 -0.206690220041324 2.2501184063064 372.139770477399 -332786.765707379 103.355369080448 115.498199917087 82.6644851907002 986795.642930848
85100 0.1702 -2.15163963030274 -0.0175597440879437 0.0290020886919743 0.0426330520071603 0.00399826577731904 -0.264933941182647 2.20723861536288 374.511391965364 -332804.248106358 103.356300551133 115.565627366977 82.6445660376422 987142.706273788
85200 0.1704 -2.19104699557119 -0.0279799556450139 -0.0337498064955746 0.0534451874202369 0.00277100102543221 -0.24472904990878 2.20333403262344 373.036087995666 -332792.598591414 103.356321897174 115.561431762919 82.6246468845842 986869.157520781
85300 0.1706 -2.18103918933078 0.03268091470722 0.00264992579625378 0.0426774991711328 0.0196718220230422 -0.242985927865723 2.24025219281101 372.935882452013 -332791.378082407 103.378537070298 115.578587672513 82.6047277315262 986989.811194262
85400 0.1708 -2.18479121419028 -0.0286680873090209 0.0180358156184155 0.0430795777024927 0.0101880977256364 -0.231106216791547 2.21762412288654 373.011617526018 -332790.154245367 103.392166571864 115.586261018042 82.5848085784682 986947.424151198
85500 0.171 -2.24282196675754 0.0324490753233069 -0.0262806819651684 0.0319260103080765 0.0160100007322301 -0.234987784447447 2.28389271432513 373.182288252543 -332792.969934263 103.434244979242 115.55013631081 82.5648894254102 986802.439392957
85600 0.1712 -2.23358851737685 0.0397736839651601 -0.0322614949636318 0.0286171079531632 0.0125747236288274 -0.244785274543576 2.27866043808116 374.49423719764 -332801.549542697 103.437213732631 115.574081614495 82.5449702723522 986797.135367889
85700 0.1714 -2.18416725069907 -0.00128204640834614 0.0244488495697816 0.0306343722406388 0.0184163107981391 -0.223703279580192 2.2306456092185 372.30452129372 -332785.170131965 103.411834932887 115.643754305273 82.5250511192942 986911.54322998
85800 0.1716 -2.19758697012683 0.00108503887102627 -0.0194518715202913 0.0360670291259121 -0.0115463931995596 -0.224128359912063 2.22360730622983 372.291963255579 -332783.595439586 103.413729399645 115.649662216926 82.5051319662362 986741.814176338
85900 0.1718 -2.18346050002873 0.00385396515053365 0.0168549511833271 0.0446623423887805 0.0027824770244745 -0.250071037533164 2.23753543267772 373.587626116212 -332791.438564209 103.411088224594 115.697064391564 82.4852128131782 986882.725765949
86000 0.172 -2.25681312131151 -0.0524378689859613 -0.0200068571779305 0.0260292153973481 0.011070987280857 -0.242077901141422 2.26053478949862 373.887040938982 -332792.994355896 103.380866992024 115.713603800871 82.4652936601202 986497.069292309
86100 0.1722 -2.19393147925261 0.029922112232134 -0.00604011468717967 0.0345467176091214 0.000395894587513927 -0.241895886840157 2.24632257437197 373.550820241038 -332791.780998651 103.437782104513 115.724340586574 82.4453745070622 986893.321025457
86200 0.1724 -2.18002737986885 0.00771087828653021 -0.0109725765969107 0.0128638257788692 0.0102712802663979 -0.258154115956775 2.22405414120977 374.835599031898 -332801.157946624 103.436801435353 115.750620229361 82.4254553540042 986869.584808408
86300 0.1726 -2.18800620030397 -0.0391776995240002 0.025420970667746 0.00883673934568802 0.0154647161329784 -0.252196442590882 2.22535598293034 374.038418984522 -332794.680089015 103.406700287159 115.801465403145 82.4055362009462 986777.241936769
86400 0.1728 -2.20029042697093 -0.00469383978450244 0.00341152105327874 0.0212192106420161 0.0284866141555752 -0.214150842583198 2.23156293873343 374.314042113071 -332796.62446689 103.438763537573 115.821585174001 82.3856170478882 987016.070538838
86500 0.173 -2.17133532368638 0.0062226504676044 -0.00201058298826079 0.0139494053322731 0.0210088262639367 -0.227405329855512 2.20928621866436 374.339627856514 -332795.237093381 103.436648194729 115.853619826641 82.3656978948302 987030.173941852
86600 0.1732 -2.21866971762695 -0.0224738222834028 0.0250060706767317 -0.00543373974955285 0.0142737830138866 -0.239109081173278 2.25876629032663 372.553698566196 -332783.673947861 103.41285409621 115.91728651508 82.3457787417722 987106.636340606
86700 0.1734 -2.19512360175888 0.0236903408623634 -0.0121572515130593 0.0123756104762555 0.0422049821608913 -0.208445085159318 2.23182269309647 372.617735546382 -332782.774194063 103.415846816065 115.93786932077 82.3258595887142 987071.656087718
86800 0.1736 -2.18923550758065 -0.0170347426053705 0.014401783824394 0.00793356874104955 0.0390151014430154 -0.219471162305875 2.22193361681317 373.66009563527 -332790.172056962 103.40233979327 115.977273933699 82.3059404356562 987039.298042781
86900 0.1738 -2.20176907267379 0.00924709884530768 -0.0316879720072712 -0.00298172715883017 0.0425431728357961 -0.242359647844242 2.23191198764025 374.294247331429 -332793.869589415 103.413774798875 115.984893063564 82.2860212825982 986974.38398805
87000 0.174 -2.16971360742721 0.00377910315914209 -0.0085061596307717 -0.0205380818889826 0.00526083435197806 -0.205646235963099 2.1967565072595 373.159230368634 -332786.69355747 103.405215834584 116.049313526162 82.2661021295402 987201.806947801
87100 0.1742 -2.16968121355249 0.0146078291832723 0.00859452217137435 -0.00300016531422242 -0.0158557256513843 -0.189984456800866 2.2061467489769 373.383091633677 -332788.349726699 103.392131269303 116.087509569496 82.2461829764822 987162.6921057
87200 0.1744 -2.17014439010959 -0.0265502027093476 -0.0653118380016482 -0.0371729515899723 0.00218727303753772 -0.19749241390198 2.15280721074744 373.900370645896 -332792.314296511 103.377579262038 116.120951840102 82.2262638234242 987068.977504687
87300 0.1746 -2.1179792053265 0.0116529236353766 0.0307301372831118 -0.0234540733120876 0.00203510310260065 -0.20541113336714 2.16900168248777 373.330452674978 -332786.699912217 103.409521275501 116.147892006828 82.2063446703662 987363.792721439
87400 0.1748 -2.13897025077538 0.0096450173406298 -0.0521469807473515 -0.0162672942647103 0.0371412084841593 -0.208512177425182 2.15010763869267 373.502528811122 -332788.087310945 103.450550351445 116.094999621997 82.1864255173082 987066.499063787
87500 0.175 -2.11299681441132 0.00753538474145293 0.00631240634738592 -0.0296629819468963 0.016093958336429 -0.237520169532506 2.16026136266873 373.061830868178 -332784.658691485 103.453372817403 116.150918709545 82.1665063642502 987329.526789551
87600 0.1752 -2.12557178098196 -0.0447510913919601 0.0159146009815819 -0.0511754497212065 0.0229060485055761 -0.213406619244268 2.14610985106654 374.204063877597 -332794.817393659 103.409809140204 116.1841533808 82.1465872111922 986956.836291358
87700 0.1754 -2.08625142251897 0.0311286929728191 0.00326839762866444 -0.0308577348806241 0.0326635824676282 -0.252969583591297 2.15014466329479 375.016917098256 -332801.65865246 103.443514418605 116.20407246705 82.1266680581342 987208.347645838
87800 0.1756 -2.1201323835514 -0.0386123056847069 0.00096538898874111 -0.0330745297188005 0.0025744547613018 -0.248040355400562 2.1458209863123 372.811447963278 -332785.26291158 103.423985601296 116.22914751401 82.1067489050762 986995.513630353
87900 0.1758 -2.11906335528339 0.0323090392548641 -0.0161466532796436 -0.0211093541953633 0.0219916920400736 -0.247624604036826 2.17100125437008 373.357834676574 -332789.732786057 103.458663308762 116.236301179303 82.0868297520182 987147.676944394
88000 0.176 -2.13734970268564 -0.00864726254660627 0.0235820822350766 -0.00527836378799178 0.0302048133104801 -0.225457804367779 2.18090204604998 374.58225377514 -332798.781000848 103.438426653238 116.284215596792 82.0669105989602 987121.834920797
88100 0.1762 -2.12744522178298 -0.0301692578264035 0.0255371843021972 -0.0145300109749223 0.0227613509280951 -0.256540502864233 2.17212526079252 372.512421922783 -332782.655155029 103.444829899442 116.310768671681 82.0469914459022 987168.699038903
88200 0.1764 -2.14494967289588 0.0383113750236138 -0.024415443556473 -0.0172727779992694 0.0295396042790456 -0.249730447979079 2.19641142290139 374.386223697908 -332795.86991437 103.493591168269 116.281856442274 82.0270722928442 987148.806225313
88300 0.1766 -2.14341492601441 0.0134223782495636 0.00396767189445485 -0.0173386591509516 0.0307127382117018 -0.264023901056707 2.20102290999568 373.248703873113 -332786.971600622 103.477094155065 116.337208269807 82.0071531397862 987221.484004231
88400 0.1768 -2.14523366452863 -0.00825705887361713 -0.00489705685425155 0.00328246556146244 0.0392160715587156 -0.256165004558294 2.18526156367327 374.243784103638 -332794.517917907 103.435520982715 116.396398968059 81.9872339867282 987087.121057618
88500 0.177 -2.16930386390704 0.00783177380311298 0.0100689944498827 0.0113328868101029 0.0472497464128515 -0.259415664579772 2.22570611326159 374.657743717222 -332797.312563891 103.41336297815 116.448194241309 81.9673148336702 987074.944538379
88600 0.1772 -2.12585238139921 0.013384840663828 0.00126039685332836 -0.0104480613752335 0.0292353287603795 -0.268507488546025 2.18397029430806 373.614117013204 -332788.310579024 103.429996613466 116.467189391427 81.9473956806122 987154.800150449
88700 0.1774 -2.09734296701155 0.0139162283075139 -0.042850893976665 -0.0121314050179891 0.0305345951846361 -0.282268849103509 2.14080673907584 372.830804112485 -332783.421186784 103.427183228731 116.497662666246 81.9274765275542 987146.221248649
88800 0.1776 -2.1012880819123 -0.0125147269190131 0.0105887668114539 0.00678857734810316 0.0140292683867354 -0.287890282361609 2.15896665596305 372.35972962835 -332778.953773326 103.375717601893 116.585832807215 81.9075573744962 987161.68670393
88900 0.1778 -2.13395401015643 0.0245586382859328 0.0131640548487056 0.00959131786271588 0.0196308833400652 -0.293646676153865 2.21242594083287 373.993812207104 -332790.441815286 103.356717974202 116.629185943183 81.8876382214382 987107.155151885
89000 0.178 -2.13252176742252 0.00715291328609735 -0.0201932388241797 -0.00565920872518985 -0.000837741748798836 -0.285129054068973 2.18275917127893 373.601837378215 -332787.391895456 103.344431862949 116.663902374081 81.8677190683802 987043.452588695
89100 0.1782 -2.12736878044106 -0.0118803932234954 -0.0247305329696049 0.00837662650716942 0.00643775583317179 -0.29365384271044 2.16963234140444 372.132189832419 -332776.539809361 103.340016701778 116.701398296412 81.8477999153222 987078.283301554
89200 0.1784 -2.12408166190152 -0.0099235286252608 -0.00484882527602784 0.0113135687255099 0.00409380210703443 -0.302825803287191 2.18081722297871 375.190827218412 -332799.406509134 103.347996879667 116.724627084197 81.8278807622642 987110.705950148
89300 0.1786 -2.10972418226383 -0.00892957651531646 0.018568265845689 0.0113555392403857 0.013987145990453 -0.314868908858318 2.18409305677399 374.047243021693 -332790.539115459 103.361490491489 116.760657823088 81.8079616092062 987303.9351145
89400 0.1788 -2.14329767428945 -0.00143069086853758 -0.014221084520382 -0.00235456924633349 -0.0207421013085281 -0.311100284805886 2.20273011167472 373.802166275442 -332788.217338592 103.365427022361 116.774385160938 81.7880424561482 987217.183785994
89500 0.179 -2.14596430701642 -0.00279657145372075 -0.0179939929814914 0.00635125808750288 -0.0268809464583506 -0.303242672483885 2.19976939869316 372.435824011651 -332778.003999115 103.364966176568 116.81137132359 81.7681233030902 987284.956151064
89600 0.1792 -2.11055792399595 -0.00571757122157219 0.0117871381767826 0.0185453473296592 -0.0144462149787354 -0.303347668332733 2.17835287246507 373.513683388925 -332784.714350639 103.376336235315 116.84148458898 81.7482041500322 987407.504379723
89700 0.1794 -2.09130699820229 0.0194309332182997 -0.048473304060653 0.0022833938244938 -0.00595451106785922 -0.312998957616239 2.14721321808619 373.28526327043 -332781.644840081 103.386270553042 116.834598929574 81.7282849969742 987203.592386262
89800 0.1796 -2.08087649373821 -0.00848540080990695 0.0065612417095186 0.0033689419275129 0.00128657265521305 -0.286847906300724 2.13848028997217 372.920035461579 -332780.543442426 103.374987564196 116.887656931517 81.7083658439162 987303.435343026
89900 0.1798 -2.08189567964511 0.0194030977319699 0.00794592694331043 0.021164028121052 -0.0313187886107531 -0.283822899403314 2.15347754622486 372.907195456257 -332778.91517328 103.374909922451 116.920059711392 81.6884466908582 987335.632119087
90000 0.18 -2.09693516410609 -0.00931299516122265 -0.0436096065412654 0.0302669200088825 -0.00960994660358396 -0.327236180761804 2.1475614259308 373.766782923994 -332786.53526976 103.357408957314 116.948603081669 81.6685275378002 987168.701937108
90100 0.1802 -2.11347025488084 0.00784565698263451 0.0105041529508092 0.00452959607959547 -0.0133395207106461 -0.310962951859631 2.19004954915932 372.186639149039 -332773.802275425 103.314609139698 117.04750001008 81.6486083847422 987353.491315164
90200 0.1804 -2.10981731548238 -0.024620132864712 0.00853621656456904 0.0334022772063178 0.00263780513411668 -0.296977904848831 2.16477245886043 372.879392012362 -332777.773755514 103.302236553058 117.085300234133 81.6286892316842 987313.149175859
90300 0.1806 -2.09761495627631 -0.00934398745497213 -0.0137651297001222 0.025468240755831 0.0182467340511624 -0.290512645736104 2.14657871006193 373.151510673737 -332780.11919657 103.36372033006 117.052773797304 81.6087700786262 987385.339521345
90400 0.1808 -2.06026061091232 0.000472481834451073 -0.0280311779191807 0.00941255063925222 -0.000908178983721736 -0.292502629755254 2.10846781601696 372.352602346538 -332773.931811666 103.389447408247 117.067685499498 81.5888509255682 987515.82282522
90500 0.181 -2.09676775076022 0.0229402305926436 0.000633199379225777 0.00110598285486441 -0.0265526798690207 -0.29952062308541 2.17201099277341 370.303010180067 -332756.762468239 103.383095298177 117.1194268037 81.5689317725102 987650.399836496
90600 0.1812 -2.07467814808144 -0.0315335252028937 -0.0178154337594514 -0.000271355286467117 -0.0227977675732281 -0.294450766343594 2.11289360302885 372.914404924503 -332774.177084791 103.36600629825 117.121244750967 81.5490126194522 987261.322977242
90700 0.1814 -2.0309307378836 0.0827250482691578 -0.0225992667297586 -0.00637490531727475 0.00402008719923517 -0.281594059498023 2.11992233122758 375.144240606389 -332789.812845449 103.405165959124 117.141950459618 81.5290934663942 987568.66205445
90800 0.1816 -2.061203273681 -0.0390292153873778 -0.056457804193092 -0.00774148695754691 0.0027431962934603 -0.305053648300359 2.08173571565908 373.057447536944 -332776.968270818 103.334310062416 117.208693474135 81.5091743133362 987212.993430072
90900 0.1818 -2.02740020894758 0.0199507810977761 0.0178558518194164 0.000707590241447774 -0.027447286740249 -0.301650245164214 2.11248706115782 373.277608419247 -332777.525654962 103.320849955317 117.311188376755 81.4892551602782 987706.13803735
91000 0.182 -2.05999131815662 -0.0507360546207213 -0.0232608456539054 0.00385618964130532 -0.0127523268543537 -0.266476829005569 2.07524178993549 375.591946225532 -332797.21599067 103.313824319649 117.292604128439 81.4693360072202 987241.136344402
91100 0.1822 -2.00800653996296 0.048619963263488 0.0317961987470061 0.00514490575541021 -0.0435101784019891 -0.299758389793609 2.11440760181941 372.533517527973 -332775.432659151 103.369954386716 117.338010435466 81.4494168541622 987918.285756906
91200 0.1824 -2.00430666309981 -0.024846692667827 -0.0295130350552589 -0.0225381637203419 -0.0185901599051258 -0.277430791565546 2.03531592934935 374.28446604346 -332788.587233695 103.352946408017 117.335176415002 81.4294977011042 987490.323402637
91300 0.1826 -1.99663695835532 0.025315211493269 0.0173505825738068 0.0221808966714285 -0.00421402549797298 -0.268334548202359 2.07118069071352 372.913333689575 -332780.364941145 103.375057748114 117.378197077428 81.4095785480462 987822.027051956
91400 0.1828 -1.99867458467901 -0.00359874217065248 -0.0322265015244373 -0.00609552576429891 -0.00934425758247259 -0.271581363991884 2.03609315563153 374.476318255484 -332790.213295558 103.354525811051 117.414975477788 81.3896593949882 987693.558790234
91500 0.183 -2.02456699564722 -0.0241508243744869 0.0112337699326833 -0.00414439260973118 -0.0137258139241516 -0.264070701706942 2.06966605297658 374.411194072972 -332790.739985223 103.347238733641 117.445872159203 81.3697402419302 987642.032224181
91600 0.1832 -2.02196025873997 0.0152476684004992 -0.0205152612454026 -0.0128460446452813 -0.0467328344822832 -0.248714665821289 2.06670329094371 373.036606041423 -332781.275688426 103.372612636075 117.431925920787 81.3498210888722 987525.408034986
91700 0.1834 -1.97798049807749 -0.0122625178912243 -0.0126681748986997 -0.00488651109662239 -0.0167509456903195 -0.263833923204945 2.01816460392347 373.520951479637 -332787.061403329 103.374130984676 117.464389567204 81.3299019358142 987571.04100755
91800 0.1836 -1.98517520359448 0.00576916422957875 0.0165907064518838 -0.00930471961056834 -0.0239957349737414 -0.260196657600636 2.04709933595724 374.907856808817 -332796.943629835 103.364646927075 117.498396910932 81.3099827827562 987524.401996797
91900 0.1838 -1.98213347857083 0.0079079370848154 -0.00565138234649654 -0.0202994419425389 -0.0355765800845729 -0.27426342604099 2.04062726770571 373.932688430459 -332791.390033728 103.357022637911 117.536608271235 81.2900636296982 987530.705245945
92000 0.184 -1.95922064268877 -0.0013599333201337 -0.00524177557651532 -0.0217604603304822 -0.00265127798784191 -0.259203036710809 2.00714568554493 374.169245440013 -332794.759100932 103.324948170188 117.610139865409 81.2701444766402 987599.802399057
92100 0.1842 -1.94147964190157 0.0319472879061459 -0.00790365469546701 -0.00951126186854439 -0.0360355927262316 -0.251985050712004 2.00300162333726 372.505286535389 -332785.079938972 103.30717994561 117.677219784012 81.2502253235822 987751.003964382
92200 0.1844 -1.98193582324582 -0.0339367595087618 0.0124204919904335 -0.00504463942673067 0.00724975788215085 -0.245692697952269 2.01704783215841 374.00676473986 -332798.983108657 103.287643399802 117.727486067701 81.2303061705242 987743.83827311
92300 0.1846 -1.99522852206895 0.0362449101986912 0.00141904382508752 -0.0276720552275488 -0.0130421399806731 -0.248939900381168 2.06059944357388 373.154381836474 -332794.051235265 103.313755227014 117.746068077444 81.2103870174662 987907.178521431
92400 0.1848 -1.94401628827208 -0.0331293144124561 -0.0226777920930831 0.00487844679520949 -0.0151176714522243 -0.248953839396505 1.96424565958356 372.784444952955 -332791.65457269 103.284406940434 117.788604416289 81.1904678644082 987740.998148747
92500 0.185 -1.93358187327917 0.0381391144223 0.0331396823818393 -0.0106594886205969 -0.0249254375318165 -0.26506644985489 2.02258165162741 374.277889363209 -332803.508200554 103.28964381607 117.840803583783 81.1705487113502 987986.378618544
92600 0.1852 -1.98300719418532 -0.00564613986306723 -0.0280144074365512 -0.0001438564251949 -0.0173789526062188 -0.254746655645229 2.01539590630341 375.152234016394 -332812.335077307 103.266035852572 117.84184946123 81.1506295582922 987526.932993895
92700 0.1854 -1.9039141187755 0.0314442980142707 0.0346714099935531 0.0138202249493948 -0.0222694642779638 -0.268816921387106 1.99266570921079 375.252130029267 -332813.716375423 103.284755240205 117.917693681837 81.1307104052342 988099.045677285
92800 0.1856 -1.94882413833201 -0.0319965504178811 -0.02548478468854 0.00270226213259199 0.0067430710296231 -0.309041679667148 1.99334666580471 373.515127292667 -332802.792135414 103.281969010976 117.895740515775 81.1107912521762 987645.891846076
92900 0.1858 -1.9297603788603 0.0512624163556585 0.00518866836122999 0.0196967105178669 -0.00945706479860131 -0.257975856176576 2.00907634920406 372.511076476879 -332797.056013318 103.340657231924 117.916156787212 81.0908720991182 988135.509368259
93000 0.186 -1.9030675357119 -0.0146303502735266 0.00380540451335602 0.0315435452489071 0.0121251596219898 -0.265910400319012 1.95368900096811 374.801275550375 -332815.073729223 103.290081730216 117.977495509357 81.0709529460602 987922.943303556
93100 0.1862 -1.89087696934754 -0.0238481094033787 0.00918838124874152 0.0206072152478982 -0.0138946640184606 -0.274904116562829 1.94348610285557 374.991921279555 -332817.403112376 103.260107851588 118.055344756226 81.0510337930022 988045.140930433
93200 0.1864 -1.8676817048958 0.00744760019754677 -0.0169898512571784 0.015787501657499 0.00538807808392121 -0.28027743893844 1.92545705654648 374.288013624608 -332813.544404922 103.253774162973 118.089546633491 81.0311146399442 988027.888466817
93300 0.1866 -1.89153402586227 -0.00152790909107097 0.00638906405118938 0.0233398300890186 -0.00593584720124761 -0.289618555962818 1.95972589850907 373.547730438278 -332810.788264906 103.239294550761 118.130142386442 81.0111954868862 987986.014270009
93400 0.1868 -1.88074083106456 0.0232263617266213 0.0197182754506343 0.0204426004644574 -0.0236747857558426 -0.288106716805946 1.96732705051921 374.654599275529 -332818.896119511 103.242231880883 118.165812939303 80.9912763338282 988069.456919761
93500 0.187 -1.9202112408234 -0.0187269225760483 -0.0156841318279902 0.0367242204456416 -0.0276142125282117 -0.270128992238028 1.96129557860424 374.080352282567 -332817.244561817 103.224307797269 118.182228193842 80.9713571807702 987792.152904587
93600 0.1872 -1.9095168729927 -0.00758590256159474 0.0323645314427014 0.0207401693659583 -0.00944869221872737 -0.275433263923846 1.98092634063819 372.321027843291 -332804.180180936 103.241744594831 118.226221121756 80.9514380277122 988083.645691934
93700 0.1874 -1.89689231870418 0.0245473147040747 -0.0200215923082593 0.0183260602526106 -0.0230968613311465 -0.280840802808983 1.96150523475812 373.5400784651 -332811.146925418 103.264566084907 118.216822800163 80.9315188746542 987980.330946042
93800 0.1876 -1.9322292174159 -0.0135068645474271 -0.00175911194666359 0.00845758739984667 -0.0243210394104211 -0.306104064972354 1.99681305574784 373.661406539306 -332812.506839168 103.242012567875 118.25701282091 80.9115997215962 987857.165183352
93900 0.1878 -1.89054783397227 0.0327056717912485 0.0322262600229069 0.0159695475310807 -0.0290231388465092 -0.296572203761458 1.99126582106596 375.114089661878 -332822.700650677 103.231760687856 118.332035134093 80.8916805685382 988142.381463573
94000 0.188 -1.89297268933512 -0.0462365011036647 -0.0114044735494521 0.0209210972358912 -0.0538163981609474 -0.297458410849572 1.93685817613944 372.944235496285 -332807.740051786 103.188287638745 118.370493119617 80.8717614154802 987803.964264038
94100 0.1882 -1.87103984462197 -0.0280065339146558 0.00438220359606313 0.0297483635135581 -0.0461448449180338 -0.317447820418546 1.94135947944128 372.862343039154 -332806.483138005 103.222913646831 118.384680381392 80.8518422624222 988010.453571636
94200 0.1884 -1.85740548996957 0.00981915164455377 -0.0426355990299448 0.0331463036475583 -0.0390520754477012 -0.304107650526055 1.91745930218673 374.487421216894 -332819.458422589 103.231528223946 118.370448385098 80.8319231093642 987730.718917621
94300 0.1886 -1.89911922427592 -0.0266517261424181 0.0113208155385906 -0.0231357104181375 -0.0550569211198766 -0.289112358934212 1.95962655647754 373.008737910462 -332809.573550497 103.198893007726 118.451365377629 80.8120039563062 987849.959363255
94400 0.1888 -1.9317962599582 -0.0376800076652319 -0.00816113047293461 0.0176820959665281 -0.0338379878665845 -0.284575920496536 1.97276032192247 373.081517800288 -332811.319023631 103.199119013877 118.472580145817 80.7920848032482 987785.511286495
94500 0.189 -1.89127075546738 0.02788245061191 -0.00121224316502554 0.0216708591226026 -0.0308685230853945 -0.283403784676434 1.96809017726146 373.355231172649 -332814.436309757 103.231970607496 118.49999231021 80.7721656501902 988084.910771515
94600 0.1892 -1.89596514648012 -0.0181890544260665 -0.00291417728858642 0.00561511117875067 -0.0302999589319381 -0.291464448419159 1.9526040555859 374.444971050965 -332824.296769448 103.213602357537 118.548073706564 80.7522464971322 988066.21711957
94700 0.1894 -1.92033901711721 0.0203130981422851 0.0259740234299195 0.0128468988445131 -0.0440740216510378 -0.295088592433026 2.01114471978165 373.351041902292 -332815.710021253 103.225066138074 118.577351145276 80.7323273440742 988176.19329546
94800 0.1896 -1.90874749635902 0.00233924060222899 -0.037787380618348 -0.0223316756849265 -0.0544379342603281 -0.302413710626221 1.96517834882906 376.381709022931 -332840.816685268 103.214690158944 118.596385839975 80.7124081910162 987991.647220025
94900 0.1898 -1.90486455187089 0.00457852018598251 0.0337985768153682 0.0172179439599986 -0.0115709088374347 -0.28272941270411 1.98588002780433 374.381569513724 -332826.323947071 103.211660698663 118.659966650773 80.6924890379582 988248.354424708
95000 0.19 -1.95424494491053 0.00247547290547529 -0.0522474360558492 -0.00161395387078953 -0.0214621752119722 -0.294361310147757 1.99649878265623 374.649136206432 -332829.109421888 103.218150192765 118.627195268109 80.6725698849002 987793.640924742
95100 0.1902 -1.90458582140751 0.0007058167459585 0.0558457009270047 0.0109297975389528 -0.0217076997058555 -0.303827890033962 2.00423062742133 374.100486973892 -332824.288957825 103.204842437297 118.715553352533 80.6526507318422 988157.888093965
95200 0.1904 -1.94188394017587 -0.0303327740678598 -0.0158051406455567 0.00961005599212509 -0.0194577179593673 -0.287937715038421 1.98296406384701 374.702557194133 -332829.203085099 103.202606440834 118.701968692549 80.6327315787842 987779.389613493
95300 0.1906 -1.89184801844032 0.0167211812828902 -0.00178596606928176 0.0295097866979144 -0.0157936799756795 -0.256977461232181 1.95169920415071 373.407578526366 -332818.166306823 103.259800662479 118.695708913354 80.6128124257262 988030.551930845
95400 0.1908 -1.91416994958864 -0.00525863191002721 0.0167355714883039 0.0302151867358916 -0.0144433530275332 -0.270593812136358 1.97723010418691 374.529349277342 -332826.708994206 103.252579485981 118.720430930466 80.5928932726682 987923.057320278
95500 0.191 -1.89803309205478 -0.00649497426962032 0.00544352268580972 0.0371125471874279 -0.0176022605391193 -0.274492990553777 1.95748355001977 372.871685492099 -332813.782802573 103.256286188851 118.768844574905 80.5729741196102 988117.126950815
95600 0.1912 -1.9058459577837 -0.00826573807820071 -0.0263396918807227 0.0381490515152514 -0.0336858386998549 -0.271516559554973 1.94827476622654 373.091885050054 -332816.420831043 103.26893308231 118.760874378398 80.5530549665522 987927.540005434
95700 0.1914 -1.92969384810116 0.0121802545677468 -0.0101499247447999 0.0247509797853913 -0.0422131929565111 -0.265143968883226 1.98647903016733 373.199611080764 -332817.157968741 103.289078330997 118.761277994016 80.5331358134942 987879.275612187
95800 0.1916 -1.95214542461145 0.0223151741480427 0.00066787706814073 0.00408682071818528 -0.0405376114564319 -0.261642887872763 2.01657445407611 371.698128102592 -332805.256876348 103.304938685897 118.763399457397 80.5132166604362 987804.231943091
95900 0.1918 -1.94317920124346 0.0174814379570379 -0.0126675001035982 0.0106910764510879 -0.0662855651596249 -0.29871110005873 2.01672914743022 374.228778473823 -332823.817123443 103.304810442027 118.788677885127 80.4932975073782 987768.819803881
96000 0.192 -1.93442244805205 -0.00498281658548648 -0.00913591206504513 0.00448181345910381 -0.0428446419505241 -0.295618385984973 1.99561502626351 374.316276217047 -332826.007501025 103.281582225732 118.835905502963 80.4733783543202 987694.865443928
96100 0.1922 -1.92704530067874 -0.0142820416547673 -0.015558983659792 0.00606829551058316 -0.0589139163629721 -0.306619974668653 1.98715698316818 373.954339222482 -332824.642259239 103.275983856268 118.868683362035 80.4534592012622 987669.210137872
96200 0.1924 -1.91529788688864 0.0268897232806695 0.0200076025841434 0.00305085388385443 -0.0647008779079754 -0.289244148685188 2.00557891236228 371.800012701892 -332808.884033916 103.28447148932 118.917610374938 80.4335400482042 987912.290444008
96300 0.1926 -1.9315826174464 -0.0395492300978776 -0.0419413796015617 0.0148562563244087 -0.0686603968044845 -0.298660255499727 1.96409489446456 374.668631105379 -332830.746486858 103.259374760141 118.937510231205 80.4136208951462 987592.884374902
96400 0.1928 -1.92638346116688 -0.0160226779065854 -0.00186104581590253 0.013209186786051 -0.0463409391957423 -0.309953744230215 1.99296577167939 373.337226568641 -332820.084357366 103.275825830605 118.973937945844 80.3937017420882 987808.00064717
96500 0.193 -1.89903496055396 -0.0215922898916818 0.00438904496120219 0.0428930741989107 -0.0519886141992486 -0.274173848948733 1.95278935676168 373.157809538834 -332820.142900791 103.290836286507 119.00119926994 80.3737825890302 987933.10726596
96600 0.1932 -1.91293010219709 0.00982539142220348 -0.0120280551247413 0.0183573446364486 -0.0240458991347531 -0.315252397853328 1.98905636977066 373.034958421995 -332817.629233281 103.299334895829 119.024490102773 80.3538634359722 987962.857374261
96700 0.1934 -1.92621380523633 -0.0128478737414245 -0.0471715614202975 0.0392904378359133 -0.0531331848058567 -0.286271973727911 1.96352465709456 374.095814608284 -332826.450700026 103.241011222523 119.101855856201 80.3339442829142 987801.927334042
96800 0.1936 -1.91442433316736 -0.0238170567661927 0.0126712981611307 0.0206698031202001 -0.0363572900695962 -0.312231495989739 1.98555413527975 372.315451703497 -332811.729910599 103.201432470153 119.206466812556 80.3140251298562 988045.475269718
96900 0.1938 -1.9248840924204 -0.0187188725213057 -0.00192826360777522 0.0450927283752212 -0.0220987723870556 -0.308428913826421 1.98964915479212 373.400632178169 -332820.818924746 103.215670113792 119.196810352305 80.2941059767982 987856.672030308
97000 0.194 -1.91981117355307 -0.00861664409158252 -0.00152442689501841 0.0238114065903617 -0.0158927280253032 -0.3019637292868 1.98551615525389 373.10514314065 -332819.195900726 103.235304654763 119.198223002785 80.2741868237402 987811.185606161
97100 0.1942 -1.93416453775856 -0.00206843514144373 0.00748283488769107 0.0258370868567701 -0.0396265736499881 -0.275666213241734 1.99655443017823 373.337522521135 -332820.612654911 103.25152816541 119.219763448565 80.2542676706822 987899.76019371
97200 0.1944 -1.900443364396 0.0352370227143446 -0.0374106244100951 0.0340449860419072 -0.0324429153610708 -0.28813888627107 1.96652497589215 375.982643601157 -332841.912019335 103.259161876737 119.234605314482 80.2343485176242 987850.547196232
97300 0.1946 -1.92092985525908 -0.0399991753759214 0.0201082519186978 0.0125230491590468 -0.0459542279323324 -0.291744321649228 1.97907077451717 372.803068111109 -332821.93213642 103.219407524292 119.295727043518 80.2144293645662 987731.146020005
97400 0.1948 -1.94205638037512 -0.0191386849798778 -0.0162985383973263 0.0325189735764422 -0.051551578466212 -0.311974327355483 2.00155214452661 373.357085184394 -332828.100687769 103.261632529342 119.282918002686 80.1945102115082 987783.757794899
97500 0.195 -1.89355474978449 0.0428987244708051 -0.00462508955789086 0.0306531371580836 -0.0402788258747207 -0.308164139873699 1.98813086170811 373.098145969107 -332825.392984598 103.303699780528 119.274844281096 80.1745910584502 987873.845835379
97600 0.1952 -1.94609690476328 -0.0499849986656388 -0.00474621138951344 0.00432813809264804 -0.0380139714624963 -0.322373878185428 1.99980770273473 370.895870782708 -332811.12485716 103.275153508698 119.295938405158 80.1546719053922 987530.113398989
97700 0.1954 -1.91739980830092 0.0212736501950331 -0.0094295332924909 -0.00728464922844298 -0.0377130883009869 -0.294400459930113 1.99105874827597 375.01231741635 -332841.085532074 103.324462973025 119.297185228707 80.1347527523342 987766.413058443
97800 0.1956 -1.89564451400341 0.00803740354503853 -0.00390719127500753 0.0152050240687222 -0.00760980269881244 -0.305759885986659 1.97046782175524 375.524230420958 -332845.047336908 103.330911005884 119.31312562961 80.1148335992762 987714.470197235
97900 0.1958 -1.93380394456944 0.0263045016641318 0.0236339134002232 -0.0178031686742351 -0.0296202920507201 -0.306777302377695 2.03044760920734 374.57974083449 -332837.677274606 103.317360018271 119.364436541787 80.0949144462182 987764.001754271
98000 0.196 -1.98538291079299 -0.0240357899093786 -0.0068387472739587 -0.00288974819928615 -0.0150693491071467 -0.300503728645026 2.03777364236186 373.080961004162 -332827.224962408 103.284102475245 119.391218142557 80.0749952931602 987421.967812062
98100 0.1962 -1.92321418119156 -0.0386404298366785 0.0204040044211747 -0.00642733548717847 0.0173599778465879 -0.290345217013104 1.97997654885674 372.378267895597 -332821.225985904 103.300921628697 119.42622769069 80.0550761401022 987626.616461461
98200 0.1964 -1.95545409406193 0.0217437142724404 0.0113584339235593 -0.0106537924625377 -0.00788722157973428 -0.293457237513849 2.03660596562208 373.305401461695 -332826.811071598 103.379727070707 119.37756372631 80.0351569870442 987731.476621463
98300 0.1966 -1.96459894155197 -0.0229669403515767 -0.0233592596700605 -0.00564919938877522 -0.00450646041125113 -0.286761334481347 2.00400251896911 373.335876336864 -332825.578548062 103.388891111997 119.362537773356 80.0152378339862 987448.880114645
98400 0.1968 -1.97780682506259 0.0136486508127061 0.0203013711973707 -0.0102133454894151 0.00728651457324207 -0.305691918961656 2.06397738181387 372.680884582188 -332821.11808009 103.362197867642 119.440609675963 79.9953186809282 987593.720562303
98500 0.197 -1.95666045227629 -0.042055230428056 -0.0201647065253567 -0.0100862715185549 0.00897722910834555 -0.293489483369122 1.99174779101924 373.015803313841 -332821.044061607 103.339399238852 119.48374999606 79.9753995278702 987486.564120265
98600 0.1972 -1.96059774396208 0.0268992297713595 0.0218008245043683 -0.00220025953111962 -0.00795127714522404 -0.327400014975021 2.06441605558679 374.196449072006 -332829.353972669 103.37908521364 119.499516225639 79.9554803748122 987750.069320798
98700 0.1974 -2.00727415807362 -0.00777121187790097 -0.0671615677269427 -0.00520177241597952 -0.00873365620083183 -0.309125282139427 2.04200229687714 373.606991766571 -332823.639197306 103.387171011426 119.477808702447 79.9355612217542 987401.832985961
98800 0.1976 -1.98494774418274 0.0369798631571386 0.0257201477500951 -0.00405076715264185 0.0165334592018301 -0.323393095446809 2.09288563366301 371.895745260414 -332810.044926902 103.394883513428 119.541724758864 79.9156420686962 987757.55225574
98900 0.1978 -1.98340176208071 -0.0304917126057433 -0.0268417471631877 -0.0152585147830928 -0.0360718191819655 -0.329404110012005 2.03743030214457 373.927145659286 -332824.147011734 103.354571814708 119.581185477664 79.8957229156382 987452.189941736
99000 0.198 -1.9736099686727 -0.043501021954778 0.0173970128186589 0.0101657859329028 -0.0299924866798663 -0.309888992442685 2.03412664278497 371.695303287341 -332806.795779684 103.361469402186 119.617895958667 79.8758037625802 987574.971885504
99100 0.1982 -2.01037990655437 0.0374970184720624 -0.0352691266514517 0.0385358308451337 -0.0535537207598067 -0.313976749629206 2.08779355639677 373.937782669383 -332820.872110194 103.412023342691 119.585961355864 79.8558846095222 987547.877007633
99200 0.1984 -2.00041369506532 -0.00180312992005345 0.0123093477078556 0.0302899550051061 -0.0313642558934948 -0.299083589409212 2.07289779635904 374.047571874626 -332820.462297565 103.388490380574 119.641637870893 79.8359654564642 987536.429596362
99300 0.1986 -1.99444931721199 -0.014284032091402 0.0176568177972304 0.00520706987343447 -0.0294118574436054 -0.311397274003372 2.06855124084226 372.141666281801 -332805.403425479 103.39585318431 119.660138754113 79.8160463034062 987513.029339756
99400 0.1988 -1.98523812471242 0.061081499595891 -0.0264449751660761 0.029227254488468 -0.0534912266469321 -0.293301478719319 2.07007286082346 373.77804196416 -332817.039286795 103.433981443095 119.655785061397 79.7961271503482 987594.713053646
99500 0.199 -1.98985843543903 -0.0447592753007153 0.0241307467132524 0.013744240676421 -0.0415539626777325 -0.309956881750333 2.05331955997996 373.169549866461 -332811.459110601 103.368585848162 119.747343424493 79.7762079972902 987478.961088249
99600 0.1992 -1.99491070253588 -0.00533461960494673 0.0144635510608176 -0.00886628680687533 -0.0489936830736415 -0.317777614539084 2.07571186274732 372.293970538733 -332802.700772344 103.401444429842 119.738688761393 79.7562888442322 987474.844567023
99700 0.1994 -2.04486690015485 -0.00730747517135469 -0.0463231697289896 0.0120779734552658 -0.0504448754444419 -0.320039514658619 2.09499914084127 373.588175248633 -332812.246816171 103.433473653713 119.710433156291 79.7363696911742 987300.986849597
99800 0.1996 -2.01477327262568 0.0454399273985857 0.0132564364447741 0.0254839024858975 -0.0412782129441615 -0.293121763638212 2.10808690977453 374.298860822491 -332815.944673357 103.432632151213 119.774748863358 79.7164505381162 987576.617378006
99900 0.1998 -2.10806102918932 0.0118737880567586 -0.0367675775520354 0.0307914176262721 -0.0350509323004526 -0.294350475684629 2.15866387672536 373.544450744189 -332809.451447267 103.385167465356 119.813916318096 79.6965313850582 987199.484046984
100000 0.2 -2.08713880804925 -0.0112391496566299 0.00993120619295523 0.0222265119308156 -0.00328297259344057 -0.319741678423763 2.15916042019724 372.575028690568 -332800.503539422 103.357714887595 119.892374977769 79.6766122320002 987336.795650686
100100 0.2002 -2.07644505312541 0.0187409836245853 -0.0125230196471389 -0.00172405630502916 -0.0250482423053915 -0.312996790569562 2.14966746185163 373.671829212913 -332808.536742054 103.370160983107 119.896209510847 79.6566930789422 987240.398553362
100200 0.2004 -2.05694541723235 0.0385445981164754 0.0212381686979842 0.0325325748310455 -0.0242019893590801 -0.313580146523774 2.15755470519333 372.541811696581 -332798.191047037 103.405895276104 119.923193117184 79.6367739258842 987556.930651149
100300 0.2006 -2.08130923470848 0.00144477546628793 -0.0223267131230546 0.0252310090442426 -0.0252523692879814 -0.298071980670842 2.13524770513419 373.641985616774 -332806.867039689 103.413021043833 119.908715802996 79.6168547728262 987258.756282282
100400 0.2008 -2.057396949154 -0.00954797915709329 0.0201042290781993 0.00428842287051453 -0.0492952102426427 -0.326659282132342 2.14073631870994 374.457891233391 -332812.411664458 103.406161483108 119.953433832127 79.5969356197682 987314.351944181
100500 0.201 -2.06675582277697 0.00404076269037701 0.0330624047559352 0.0165451802304078 -0.0188710922983941 -0.308849946419424 2.15341429430926 373.568147173983 -332805.404387902 103.412245304208 119.994495443652 79.5770164667102 987463.255387907
100600 0.2012 -2.07400513949717 -0.0267563507177001 0.0063306255840041 0.0204639462757902 -0.0148280838506735 -0.292475295624255 2.12570010925175 373.04021618295 -332801.786027642 103.397238492098 120.022249512552 79.5570973136522 987301.12389937
100700 0.2014 -2.1006299872452 0.0122644311913146 0.00376031163505272 0.0257759267282711 -0.0385099268220006 -0.313992472310186 2.17913810791227 374.383528361774 -332812.624460862 103.412387264172 120.036502983418 79.5371781605942 987315.778145779
100800 0.2016 -2.05156573940126 0.0107876354649985 0.0258544200657739 -0.0100238358945347 -0.0379152283135821 -0.310523250987127 2.13974056337992 375.37647976712 -332819.236399093 103.433162053528 120.084951559461 79.5172590075362 987665.287358155
100900 0.2018 -2.07885349571568 0.00853750882180979 -0.020490366820876 0.024763552129717 -0.0661047658798869 -0.273122845597053 2.1298330413463 374.696651786054 -332813.704534481 103.410755516968 120.115468899351 79.4973398544782 987454.853075415
101000 0.202 -2.07850334035598 -0.00934742351925483 0.00699803886656901 0.00585011646484225 -0.0767917163598938 -0.276434242366723 2.13600934882812 374.041107044494 -332810.358021573 103.396684729426 120.156650929558 79.4774207014202 987411.527992298
101100 0.2022 -2.06683605361251 0.0122931331475591 -0.0343899568835612 0.00713731396094548 -0.0657356359948886 -0.286031121006389 2.11812536525669 374.713128238261 -332817.350034005 103.418142395722 120.180441150004 79.4575015483622 987564.412724887
101200 0.2024 -2.06388655176626 -0.0125839824436281 -0.0393084685629254 0.0403696160116416 -0.0297136328379613 -0.269579745230214 2.0926762665933 372.771859076897 -332804.250534799 103.396639904889 120.220074398745 79.4375823953042 987437.090703449
101300 0.2026 -2.03883811351157 -0.0183384769234738 0.0189269167987914 0.0572150468031282 -0.0370988644370993 -0.290719180566117 2.10394980769784 373.874856102547 -332811.393200191 103.391452518587 120.278861805238 79.4176632422462 987622.671266435
101400 0.2028 -2.03354163780511 0.0332779489231459 -0.044532617639197 0.0243945672041807 -0.0361909102020398 -0.255614501581851 2.07815019578823 374.330936806514 -332816.280762761 103.416580787697 120.273346975194 79.3977440891882 987569.649741515
101500 0.203 -1.9927471235086 -0.00792129978503386 0.00165042638608795 0.00894229480917001 -0.0624814191268084 -0.25693174833672 2.04171908566571 374.49164854631 -332817.40391897 103.418841009101 120.320064541845 79.3778249361302 987726.980690798
101600 0.2032 -2.01570305007909 0.0240453375549074 0.0174370679516042 0.0288284718691959 -0.0334414550125827 -0.252425088442628 2.08426041025374 374.284194017724 -332817.53251849 103.417713105831 120.34821578674 79.3579057830722 987699.387489271
101700 0.2034 -2.02153607311841 -0.00858107116219829 0.00253481413849075 0.0389773536270456 -0.0353052763568497 -0.249253786751066 2.06619617177464 372.94156461525 -332807.394612878 103.416078321293 120.360892077123 79.3379866300142 987539.868475379
101800 0.2036 -2.03951990415977 0.0187762044984035 0.0131978042642335 0.0320999292431217 -0.040303748523347 -0.257860111963076 2.10536740138252 374.435135058298 -332819.534250408 103.431697836816 120.368599823752 79.3180674769562 987504.280427584
101900 0.2038 -2.03813223583164 0.0182202715328736 -0.0265845241961935 0.0639718400839063 -0.0530372169143334 -0.277371652777679 2.09522785864075 373.896747944294 -332815.937229386 103.432677575492 120.383643174709 79.2981483238982 987389.025868455
102000 0.204 -1.98171228652951 -0.00463487280330308 0.0317612545874643 0.0410448266569316 -0.0204580539515844 -0.244722246371158 2.04159112024762 374.654197586586 -332821.994450024 103.434909244534 120.447356735086 79.2782291708402 987684.758987156
102100 0.2042 -2.03808589672647 -0.0152857754519488 -0.0386431267495168 0.0474976528762991 -0.0460865313900207 -0.253292764693038 2.06170567821912 373.492942268144 -332813.30236374 103.446413809869 120.448932542027 79.2583100177822 987559.344812589
102200 0.2044 -1.94784353518153 0.0299204812067959 0.011212295927658 0.0407927752601176 -0.0198394077609701 -0.259117822752394 2.02051954237145 374.463338677403 -332820.555509451 103.478679262925 120.492752660044 79.2383908647242 987978.401600674
102300 0.2046 -2.05010698666554 -0.0266561036726264 -0.0306569012073029 0.0405372316794909 -0.067562366649073 -0.236122359997686 2.0669202193729 373.911255903559 -332816.744626555 103.43524826531 120.518484506586 79.2184717116662 987526.32750728
102400 0.2048 -1.95714373038968 0.00474019327090419 0.0224504290253154 0.0393879983596565 -0.0381709305170666 -0.252743523441006 2.02106674262807 374.301825829435 -332818.712271423 103.45090201667 120.586981314802 79.1985525586082 987988.636899725
102500 0.205 -1.97649921525976 -0.0322409643144947 -0.00920492398377595 0.0398450950067798 -0.0632419887011333 -0.222604948743748 1.99771851090526 374.132729027752 -332816.906995233 103.452432157319 120.573596930168 79.1786334055502 987645.123992276
102600 0.2052 -1.98359584582427 0.00149963597153539 -0.000771905870500698 0.0254423402883003 -0.0300209225679995 -0.23292649843677 2.02571221320717 374.839183151383 -332821.076481589 103.486128615096 120.570362042789 79.1587142524922 987691.774353222
102700 0.2054 -2.00682203722164 -0.00569793352533759 -0.0272038973996337 0.0417072932612717 -0.0405619509061512 -0.221580901335428 2.0296237779997 373.230003003535 -332808.495046336 103.47310886234 120.586204995583 79.1387950994342 987448.737898016
102800 0.2056 -1.97801728407668 -0.003033741241312 0.0116727357570567 0.0614300975107608 -0.0377737356346712 -0.243805346090704 2.03070086454905 373.178982682864 -332808.825877581 103.461916792998 120.663610685261 79.1188759463762 987727.045273207
102900 0.2058 -2.00939023331081 -0.0305810685776225 -0.00423022326463171 0.0622950228795527 -0.0426708429944961 -0.238792659004001 2.03879709285143 373.097257879395 -332807.258758884 103.452099466629 120.701047162561 79.0989567933182 987691.013590969
103000 0.206 -1.97878143579139 0.00958557026222578 -0.0154527092602815 0.0369010135918557 -0.0404591305997281 -0.262972213379895 2.03000098780811 372.728958332077 -332806.224629588 103.47279968469 120.73030873305 79.0790376402602 987879.303215649
103100 0.2062 -2.00693569876906 -0.00173619629452715 -0.0159159455134898 0.0585585537881435 -0.0457049549284863 -0.261166577768755 2.05274717618697 373.331173447542 -332811.441694147 103.466235962943 120.755930590749 79.0591184872022 987777.402998895
103200 0.2064 -2.00551004447139 -0.0152757445284914 0.0113675349634879 0.0506900885264071 -0.0405558653636518 -0.264143701592612 2.058331187361 372.321323874949 -332805.643429156 103.471485742699 120.803167851241 79.0391993341442 987964.956800213
103300 0.2066 -1.9566752251467 0.0106201752626033 -0.00749403314437991 0.0668614333522272 -0.0365078738553758 -0.25283293087993 2.01100139714491 373.403856785499 -332813.018220968 103.474871752413 120.821516338727 79.0192801810862 987898.322387105
103400 0.2068 -2.00073980277804 -0.0135354393499665 0.029752380915909 0.0812434302361435 -0.0320624961362091 -0.246627511121071 2.059669305082 372.765109890075 -332809.075886994 103.45361791926 120.860082482121 78.9993610280282 987761.621458522
103500 0.207 -1.99092934692941 -0.00798322750050795 0.000673813388714528 0.0679764496146044 -0.0486546075008979 -0.227426910081673 2.03112035744803 373.647064218762 -332817.117393798 103.478330141559 120.877189408859 78.9794418749702 987888.262749622
103600 0.2072 -1.98296215141197 0.0104502213684783 -0.0453763751839706 0.0947135586822917 -0.06283095473302 -0.240022086032893 2.01918573566239 374.690852007244 -332826.572400112 103.501542700098 120.870657628142 78.9595227219122 987807.280130253
103700 0.2074 -1.96693603961352 0.0236583531685329 0.0360371012503222 0.085535795281127 -0.0390188785542215 -0.231464703625753 2.04316044378516 374.133508945324 -332821.831625546 103.484322536855 120.946595141793 78.9396035688542 988014.114099408
103800 0.2076 -1.99912472943155 -0.0266614004049276 0.0070933410430138 0.0671665185312353 -0.0440701111796954 -0.233267088538459 2.03492803512322 375.999436735491 -332837.052780037 103.452726053736 120.976488641183 78.9196844157962 987707.278079746
103900 0.2078 -2.00657725459628 0.0305113098355148 -0.0112405754102563 0.0776854851930285 -0.0555221244016152 -0.213177655701104 2.05672266304347 374.21015233644 -332824.351986524 103.481978232434 120.980469436144 78.8997652627382 987769.697498234
104000 0.208 -2.03131184829634 -0.016452860769069 -0.00935737638390409 0.079048314799938 -0.0333811553126546 -0.263885142522816 2.07484900755294 373.304965931897 -332819.147135641 103.476651348161 120.994203735954 78.8798461096802 987581.592052997
104100 0.2082 -2.04193056136488 0.0100514360001675 -0.0273921687805763 0.083195301521818 -0.0650572866968677 -0.252489858808469 2.08804062478895 374.474655106358 -332827.43280913 103.496889042787 121.007497120381 78.8599269566222 987633.800003941
104200 0.2084 -2.01268064925755 0.00374708086231751 0.00399613968563816 0.078501672720344 -0.0145855395822246 -0.239951000338578 2.06357414729621 372.801693157712 -332814.391784085 103.496781108308 121.045675471528 78.8400078035642 987694.828209581
104300 0.2086 -2.02585691304463 -0.018902695043234 -0.0142505924193305 0.0804702971826075 -0.0466146722147443 -0.24201352485797 2.05885411334111 373.387527246154 -332817.088527751 103.496597095111 121.066183281703 78.8200886505062 987610.82338961
104400 0.2088 -1.97204007954656 0.00127538253706099 -0.016871282612337 0.0732964058636584 -0.0896559929857543 -0.213490096702718 2.00884540574245 373.165686979238 -332814.976076296 103.523693860051 121.095523645825 78.8001694974482 987859.091180743
104500 0.209 -1.94239721973309 0.00416672363839965 -0.00503559078903692 0.0747554047750517 -0.0612166842273326 -0.231102529830606 1.98985317839274 373.395530451256 -332816.520564744 103.515400968904 121.137572767263 78.7802503443902 987873.17522263
104600 0.2092 -1.92925275068697 -0.0122249736726797 0.0122859060802969 0.079999019675411 -0.0306376848928459 -0.193419959326511 1.96388230122062 372.364503474051 -332808.028369494 103.490985079559 121.202745718757 78.7603311913322 987921.672644592
104700 0.2094 -1.95234207805431 -0.017790301689592 0.00585194029995442 0.0690881051964144 -0.0363313500168654 -0.221892349115156 1.9886615387966 374.034692996758 -332820.413640421 103.468765851893 121.224894339207 78.7404120382742 987640.217154522
104800 0.2096 -1.92673442140889 0.0264493571585807 0.00676925542327328 0.0566169503718726 -0.0189993133213873 -0.220449925855773 1.98327234442252 372.022395744476 -332806.084410532 103.497144506895 121.260504376981 78.7204928852162 987951.312916344
104900 0.2098 -1.97228073055101 -0.0251816897910666 -0.0268183290748305 0.0808106638499027 -0.0312436798642248 -0.208727510843032 1.98525357787238 372.737057487424 -332810.657204369 103.49582729607 121.267013085482 78.7005737321582 987741.769344465
105000 0.21 -1.93513368327063 0.0161028210965255 -0.00815348030412612 0.0742996347813956 -0.0435109170551123 -0.2370232472855 1.9878036747966 373.157117086832 -332813.654068173 103.507031734443 121.318441473643 78.6806545791002 988017.509942187
105100 0.2102 -1.95808933114767 -0.00277302442000798 -0.0111033629544884 0.0501732511817793 -0.0425799207130188 -0.23766398969633 1.99736990501498 373.401617277044 -332815.52433093 103.485965872625 121.356131787236 78.6607354260422 987873.157241632
105200 0.2104 -1.90201342190208 0.0015050590161128 0.0225497418102463 0.0624709283292686 -0.00556810799260832 -0.235139675263808 1.95998910488886 373.262601820464 -332813.952890081 103.496622905084 121.404757555776 78.6408162729842 988120.473306525
105300 0.2106 -1.94564867861032 0.0255451884801124 -0.0121915008009646 0.0676194143057613 -0.0343512921837146 -0.216267906088677 1.99253998702833 374.951659381484 -332824.454664013 103.529728195593 121.385362447192 78.6208971199262 988028.309444972
105400 0.2108 -1.94596857233764 0.0124146900005818 -0.00906597332248095 0.0546012006905536 -0.0283679116179386 -0.227835660392023 1.99016190361627 371.886608562671 -332802.982280804 103.523343401744 121.417344644885 78.6009779668682 987977.308500955
105500 0.211 -1.91557430424977 -0.00435450375901243 -0.00692122771873168 0.0682164543173813 -0.0127086319005377 -0.209163635972083 1.94770516299004 373.785524472981 -332817.028530232 103.487950165746 121.485419411913 78.5810588138102 987942.840715185
105600 0.2112 -1.89665850112702 0.00900477893137289 0.056016257663698 0.0758535732719346 0.01870435229275 -0.229646071160691 1.97480973032189 373.870464229206 -332816.535735613 103.494259761454 121.547630997354 78.5611396607522 988258.449790394
105700 0.2114 -1.90267997986214 -0.0333835215269428 -0.0109120788043691 0.0673221208300039 -0.0150769133373787 -0.217547571813817 1.92172828073854 372.05401919322 -332803.945626729 103.483355543171 121.557088756548 78.5412205076942 987980.649964019
105800 0.2116 -1.89017707233182 0.0486239706348134 -0.0180324972281406 0.0740420237389899 0.00234880138813427 -0.216458957771227 1.94709670924264 373.20814627544 -332810.649240013 103.499384436723 121.579794208154 78.5213013546362 988067.602235459
105900 0.2118 -1.94409357768493 -0.0271306375399589 0.0129331768690333 0.0537606771814915 -0.0113560965509603 -0.235771923811656 1.98216436875713 373.793303137249 -332814.226481793 103.481316816085 121.614493826422 78.5013822015782 987926.390027838
106000 0.212 -1.93415237366382 0.0328712511719394 -0.00151396701095196 0.0762311678809982 -0.0232111688991233 -0.230897304026686 1.99542433841915 372.71687309633 -332806.132363372 103.529941087824 121.611358990799 78.4814630485202 988114.333360398
106100 0.2122 -1.93425708280479 0.00473488886495613 0.0273779029158235 0.0598659925548278 -0.0166229148346937 -0.219522739242803 1.99003986617469 374.732807015162 -332821.84423579 103.518003260806 121.637489474587 78.4615438954622 987961.870938164
106200 0.2124 -1.92324557734742 0.0291157685778311 0.0185536520258087 0.0542252228042014 -0.0149138954922853 -0.209847463473254 1.98312924093742 374.145270711927 -332817.207643523 103.526002757775 121.670306744336 78.4416247424042 988053.883047396
106300 0.2126 -1.96009804383893 0.00652988845100621 -0.0398655494567738 0.0648234729656499 -0.0172271663303076 -0.191801579232268 1.97544817894843 372.641952678469 -332805.162238812 103.504631678223 121.699393132758 78.4217055893462 987835.160944508
106400 0.2128 -1.9312286669996 -0.0145870782317859 0.000233434100133298 0.0549899871352265 -0.0269396953617936 -0.218214677092372 1.9637316800398 372.958942668897 -332806.258948311 103.457049814085 121.796886102045 78.4017864362882 987921.037023344
106500 0.213 -1.89811463594051 0.00805622583126716 0.0225585023898368 0.0715169332678519 -0.0290299254455693 -0.231798508872253 1.95969522079095 373.77698911801 -332811.077282861 103.448621256262 121.855797988867 78.3818672832302 988067.262991701
106600 0.2132 -1.91224540227079 -0.0064930924287686 -0.011288462724648 0.0727420273743172 -0.0206440518790339 -0.235056753686445 1.95081619961003 372.355397619374 -332800.744677708 103.470488695678 121.860017370692 78.3619481301722 988059.186291874
106700 0.2134 -1.94447625903678 0.00150137949098042 0.0139147807330595 0.074850896023156 -0.00948518480657424 -0.221500177496512 1.99384154972441 373.36553546094 -332806.646264019 103.482448166245 121.881527601806 78.3420289771142 988096.585560865
106800 0.2136 -1.92828868588427 -0.0260679666189107 -0.0414090612394345 0.0576371446464261 -0.0220434943251054 -0.22108501865992 1.93586065888688 374.210099369523 -332813.336774827 103.498803471113 121.886995033743 78.3221098240562 988045.801655615
106900 0.2138 -1.89435588036663 0.00952889294534161 -0.0264486873674518 0.0410499652791826 -0.0358481241629969 -0.23113830544329 1.93048174316466 372.66460430889 -332800.304231236 103.520244187994 121.920655860253 78.3021906709982 988271.999004168
107000 0.214 -1.88967911060694 -0.0295858108021379 -0.0298702984459743 0.0425496894740305 0.0115437383214261 -0.237558689053751 1.90644999553958 373.278309614024 -332805.829099427 103.487210460949 121.974300314526 78.2822715179402 988139.898119068
107100 0.2142 -1.88806031336788 0.0182835842432847 0.0406594835145399 0.0524764943955844 -0.00643777703405796 -0.221338729304826 1.95771858995087 373.578996492699 -332806.621198792 103.474388560446 122.047727891992 78.2623523648822 988360.692691108
107200 0.2144 -1.90604939197172 -0.0118670272600789 -0.0184742174636185 0.00114220144058258 -0.0340455467445752 -0.209740494389834 1.9263721600915 372.693613008146 -332802.106087315 103.465609992053 122.054069176796 78.2424332118242 988076.643374115
107300 0.2146 -1.86949745396889 0.0087870235710849 0.00240426080195951 0.0218404178128395 -0.0253058069970655 -0.229490639628988 1.9176430059271 373.995305767174 -332811.596907209 103.462497279013 122.101380730837 78.2225140587662 988178.275104344
107400 0.2148 -1.9344162098615 -0.0145882466339103 -0.00620153905625935 0.0336007880010635 -0.00326840467443718 -0.23530760620019 1.96759723415611 374.672900911874 -332817.791575382 103.446664524055 122.127809578929 78.2025949057082 987989.260839699
107500 0.215 -1.90614078121813 0.0225203519664593 -0.000166110464837292 0.00435574690684238 0.00525218147781305 -0.209430728727592 1.95146542580803 373.850465831368 -332811.816480086 103.470620575685 122.139977882531 78.1826757526502 988064.783839379
107600 0.2152 -1.89138164700497 0.0294394265065975 -0.00174984200970639 0.00796118111710233 -0.0328760503106206 -0.197363634923078 1.93672590242392 374.716773862274 -332818.431357019 103.468966838255 122.17738222868 78.1627565995922 988099.764337391
107700 0.2154 -1.92606038659459 -0.0446203557074444 0.00566492883478687 -0.046982168527722 -0.00459194840552442 -0.22821002439024 1.94932773619886 373.341526246138 -332811.049444924 103.43504366902 122.223911400565 78.1428374465342 987900.162476502
107800 0.2156 -1.88576982750111 0.0238466792927846 0.0113929879102904 -0.0212231349286048 -0.0178276370770184 -0.232857402596853 1.94627361153219 374.452725679794 -332818.144560002 103.470582595022 122.249559701859 78.1229182934762 988195.008972572
107900 0.2158 -1.91133436381841 -0.0224964041142624 -0.0115725805247669 -0.0089271376822529 -0.0272034448448796 -0.250925176198769 1.94417360242061 374.691918648912 -332821.02309212 103.448651903419 122.28692775151 78.1029991404182 988035.572223278
108000 0.216 -1.93004287261365 -0.0140514431181432 0.0473547862730724 -0.0227950962975834 -0.00113063462333777 -0.22125781804822 1.98516383266759 374.556403251198 -332819.903595691 103.43262839635 122.35202018004 78.0830799873602 988156.293983712
108100 0.2162 -1.92235888166444 -0.0183440011709566 -0.0028977481954871 -0.00731419205464998 0.0232333129587147 -0.213874678799891 1.94780084577181 372.78785683281 -332807.693156588 103.447686567827 122.350955202245 78.0631608343022 988039.436505933
108200 0.2164 -1.93257785287831 0.0490156790970426 -0.00962858286915804 0.00895567718725404 0.00550599253204315 -0.228149035355609 1.99259391059805 372.694767104719 -332807.826399591 103.476292416682 122.366097099432 78.0432416812442 988182.749274679
108300 0.2166 -1.92219272848557 -0.0166205665817962 -0.00377722145230559 0.0088809562216588 0.0117112195726403 -0.213673241575479 1.94768092133162 374.064523602634 -332819.964992923 103.439810043007 122.418376765222 78.0233225281862 988004.155419395
108400 0.2168 -1.9139391315212 -0.00456828813252787 -0.0161483752584011 0.0127704290026333 0.0235581186131712 -0.225618673858881 1.94385853386727 373.632240208343 -332818.10559704 103.418556030372 122.480149280057 78.0034033751282 988047.283712799
108500 0.217 -1.88253660491736 -0.00583389788433194 0.0227787772917547 0.00982883701327267 -0.000362692070808189 -0.248972316951931 1.93978892596519 375.187016474702 -332831.325426856 103.442286488516 122.518677504254 77.9834842220702 988332.432246304
108600 0.2172 -1.90303390262232 0.0119535609122909 -0.0398013475259954 -0.0189074286363904 -0.0273240613540114 -0.21117696177114 1.92557652881279 373.419169616879 -332817.627184065 103.472315193327 122.503813078614 77.9635650690122 988246.906230287
108700 0.2174 -1.95559255677432 0.0085641733681876 -0.00144952923620271 -0.00108197321546401 0.00174189814726139 -0.219426411432378 1.99569534703265 373.403518185996 -332818.736316076 103.466723536566 122.522682563703 77.9436459159542 988093.198974561
108800 0.2176 -1.97057311193196 -0.0172764787132495 0.000483163930068313 -0.0154475361792594 0.00309870500330113 -0.238116157543192 2.00529688348689 374.298815624226 -332826.371485775 103.459327178107 122.552225482317 77.9237267628962 988008.240421108
108900 0.2178 -1.95305522604504 0.0163581338213493 0.0130694588334015 -0.0218031409616464 -0.0296806235654778 -0.191689211509709 1.99660367812107 374.239508952645 -332827.728498633 103.470318952933 122.582475512691 77.9038076098382 988104.461066748
109000 0.218 -1.98903817549654 0.00377003714945807 -0.0232349741152061 0.00110789719055702 -0.00788737598303154 -0.23094819530185 2.01950477987543 373.409739979183 -332823.763042863 103.45713436575 122.609888969101 77.8838884567802 987946.825525508
109100 0.2182 -1.94978703309124 0.00494716912174601 -0.0011298704918524 0.0124684237578888 -0.00594713851203013 -0.194622593030429 1.98074483107414 372.677572495014 -332819.614053736 103.458071683506 122.657955751725 77.8639693037222 988090.3116466
109200 0.2184 -1.99054092928873 0.0183851692167936 0.00028450888251557 -0.0168064426911955 -0.00485899966390536 -0.218567228648687 2.03567726167827 373.715044472771 -332828.67541567 103.472306557873 122.670552157329 77.8440501506642 988074.91610484
109300 0.2186 -1.99542460233842 -0.000779657595861129 0.00326052022941749 -0.0294266316066913 0.00391712517097355 -0.182115184674168 2.02208435331408 374.474963935594 -332835.575099997 103.471266346971 122.700307211263 77.8241309976062 988051.755982558
109400 0.2188 -1.94060134417486 0.0114808066136471 -0.0395226364598496 -0.0489328732031498 -0.00579354369419779 -0.186235603276522 1.95576027090453 374.420202271347 -332837.009889374 103.462896853334 122.746288085848 77.8042118445482 988089.102178601
109500 0.219 -1.91934130723772 -0.00953067318354237 0.0296755427030154 -0.0424256645951168 -0.0105621241754686 -0.226385774556144 1.9706030235809 372.761642008972 -332823.41922163 103.44146443228 122.815683863141 77.7842926914902 988189.87097163
109600 0.2192 -1.98236075968842 -0.0280525851570811 -0.0188733778573507 -0.0414471639643331 -0.0163871628732411 -0.223420997707879 1.99826268166169 373.797577179259 -332831.409753811 103.445922410259 122.803881318199 77.7643735384322 987884.445649092
109700 0.2194 -1.94574757024704 0.0322439108765 0.00332451252456141 -0.0594282585328584 -0.0154159208587829 -0.219817548296338 2.00308553901738 374.771389574127 -332840.107506541 103.472323571775 122.837874420666 77.7444543853742 988156.91592576
109800 0.2196 -1.92298517581314 0.000655433350583153 0.00934485873271357 -0.0457558463003714 -0.0210607861452506 -0.191878470601941 1.95837880295549 375.324020309989 -332845.120193097 103.461359481361 122.881443354261 77.7245352323162 988149.416247242
109900 0.2198 -1.95104668297448 -0.00117973312517407 0.00955654658538743 -0.0331238414352125 -0.0190671826612922 -0.211649446154825 1.99042694162327 373.809780587737 -332836.098663644 103.466272048786 122.905989382936 77.7046160792582 988140.427232334
110000 0.22 -1.94390420973748 0.00682672225739835 -0.0160252840397872 -0.0341612785890299 -0.0280236442576851 -0.200651436115612 1.97178477956243 373.394182276179 -332831.608315612 103.474429913705 122.928260816175 77.6846969262002 988144.039676348
110100 0.2202 -1.95037005635051 0.0208012237678854 -0.00740635130597559 -0.0334495724871045 -0.0435148048498682 -0.216601389939406 1.9951179523479 375.916321803176 -332848.994377148 103.442187511269 122.996323336106 77.6647777731422 988129.646532218
110200 0.2204 -1.94467664032427 -0.0424392806484089 0.00769957503714367 -0.0445353250353686 -0.0148414079592683 -0.196591093968437 1.95932438463729 375.418096053525 -332847.668027218 103.406570996051 123.064703169875 77.6448586200842 988085.097013619
110300 0.2206 -1.9812631924475 0.0148763034426774 0.0386962806250062 -0.0512655267524174 -0.0453387176829052 -0.208901962016033 2.04393239258933 374.395501882633 -332842.443867549 103.446287227509 123.055728025184 77.6249394670262 988138.946146184
110400 0.2208 -1.99402168585467 -0.0157438976981969 -0.0273995250019015 -0.0414206040365839 -0.0241464123794846 -0.181708750639978 1.99915260781794 374.381872022702 -332845.941227353 103.470158703405 123.019988783952 77.6050203139682 987826.369484963
110500 0.221 -1.98360036194311 0.0264855455147706 0.00192492210614952 -0.0535780624931515 -0.00178684833041651 -0.186721643652234 2.02605427815692 375.569668899626 -332856.942560365 103.469963641117 123.089688679797 77.5851011609102 988130.490623921
110600 0.2212 -1.98059433950593 -0.0477055892906284 -0.00934030001863321 -0.0711424016610735 -0.00181534218769939 -0.195574903177304 1.98535359338454 372.561333188411 -332837.41568931 103.43538198029 123.143976207947 77.5651820078522 987982.179056166
110700 0.2214 -1.96379820300096 0.0344309577019254 -0.00111340388364857 -0.0439896616764584 -0.0253065745214606 -0.197540915945544 2.01195208195128 373.544674586455 -332845.560525705 103.469304650528 123.16019638944 77.5452628547942 988182.538912544
110800 0.2216 -1.99079388524963 0.00533932197032589 -0.00568066739265343 -0.0526514791034463 -0.0313343449402663 -0.167997760692907 2.01459764109077 373.166277017943 -332843.131666196 103.452666323203 123.186288236673 77.5253437017362 987979.101739081
110900 0.2218 -1.96138908386841 0.00186276440514669 0.027728050630691 -0.0400634224361809 -0.0320410932920437 -0.180764966875625 2.00293034126204 376.263191003778 -332868.288958081 103.447489145641 123.231805630154 77.5054245486782 988040.770097328
111000 0.222 -1.97465944827182 0.0220872611191013 -0.0284125717433316 -0.0152064154570749 -0.00847114652940101 -0.163770036266615 1.9925067477953 374.323619406628 -332856.0659811 103.4487538758 123.239864568397 77.4855053956202 987863.515488049
111100 0.2222 -1.94395218869074 -0.000188700621289578 -0.00701729402017915 -0.0178990936748203 -0.0102627273905693 -0.144966054027705 1.95686293095883 374.25163168164 -332856.98626255 103.432792553716 123.292378438507 77.4655862425622 987877.952111062
111200 0.2224 -1.91679630879928 -0.0178444625529287 0.022404465360416 -0.0206908673952846 -0.0211317172056736 -0.154682361625747 1.93867809342405 374.007895835672 -332855.724748014 103.448321917219 123.315004108608 77.4456670895042 987953.483491944
111300 0.2226 -1.96896232443594 -0.0133433408358589 -0.0459966083761232 -0.0278882537171073 -0.0132539968793903 -0.170045559860156 1.96246305485994 373.02570970916 -332849.509293822 103.483333038693 123.280096698495 77.4257479364462 987753.970139231
111400 0.2228 -1.91537881148929 0.0573974207156787 0.0288986344005762 -0.0525667160537719 -0.0195367219817507 -0.152729641661443 1.97885077118985 376.416238357078 -332874.396070448 103.505371234526 123.33433788537 77.4058287833882 988144.730475624
111500 0.223 -1.96236997594495 -0.00248562951044188 -0.0452802502470644 -0.0302818608799407 -0.0321125718694675 -0.15848074584717 1.95966797932553 372.764838595532 -332848.761164692 103.474336580701 123.362966666429 77.3859096303302 987823.485629554
111600 0.2232 -1.99117653647051 0.00384808023073182 -0.0126902791154752 -0.0342367343588052 0.0204738732141178 -0.150297180983117 2.00497980857277 372.088686064054 -332843.868027806 103.416294655766 123.473052855544 77.3659904772722 987896.050822606
111700 0.2234 -1.92414665941127 -0.0435328338962986 0.0163960765212246 -0.0180197493135979 -0.0235062876642154 -0.141692175902681 1.92765784344952 373.90776072346 -332857.673284933 103.405918876465 123.543073532212 77.3460713242142 988102.638631967
111800 0.2236 -1.9341014998856 0.00661254695421918 -0.00391249151635444 -0.0389401441096989 0.00417352233556788 -0.146294919805033 1.95316757295707 373.308947450748 -332853.595357252 103.454914475545 123.539050187727 77.3261521711562 988284.04429758
111900 0.2238 -1.99350023759716 -0.000958953807475261 -0.0505801093452787 -0.0368100130833529 -0.00219142857969069 -0.160166985327583 1.98868060622081 373.420852160579 -332855.465792961 103.468409221184 123.529796483777 77.3062330180982 988084.324440805
112000 0.224 -1.93594032858333 -0.0162996238197507 0.0467197456925937 -0.0226129750952786 0.009534432483247 -0.165546384273404 1.97331953707393 373.718985575401 -332856.920420285 103.463130295276 123.596849774927 77.2863138650402 988315.507542266
112100 0.2242 -1.98066149604044 -0.0121057641423619 -0.00207120279745046 -0.0227207168987098 0.00919162632206746 -0.132345584600037 1.98731330380105 374.350221343192 -332862.637608865 103.474207230135 123.555381855374 77.2663947119822 987835.031192077
112200 0.2244 -1.9474445022701 0.060933267628307 -0.00258939257538803 -0.0139410600602907 0.0331682920925943 -0.144076807280665 1.99404030596173 372.257889692322 -332847.657648589 103.513007610552 123.574374394687 77.2464755589242 988102.552810232
112300 0.2246 -1.99393473202033 -0.0300399004345528 -0.035162553510972 -0.0405905176057935 0.0209503975889451 -0.140302267254493 1.97791873079489 372.967430074052 -332853.422062482 103.458933063253 123.615921304749 77.2265564058662 987663.660932201
112400 0.2248 -1.93465714227446 -0.0125499772170016 0.0150789661061456 -0.0221313800803343 0.0237313374834968 -0.153692109206673 1.95509279032607 372.907316432546 -332854.819425345 103.460045441511 123.673873037838 77.2066372528082 987882.434956287
112500 0.225 -1.95532039042409 0.00161249677120809 0.00453509438297686 -0.030558676830567 0.0248480754488597 -0.151943206848448 1.97717682239537 374.380442053044 -332865.676442365 103.489942863466 123.67749814365 77.1867180997502 987941.921053302
112600 0.2252 -1.98355250083875 0.00298425420394031 0.000596492526453845 0.00690021745565528 0.00499971206867557 -0.160558027118363 2.0047805552699 374.937090266064 -332869.710790915 103.495596184785 123.69242513391 77.1667989466922 987860.135719668
112700 0.2254 -1.94994271340865 0.00727206929138295 0.0127166324877263 -0.0204959934207541 0.00259978516909868 -0.158716860221742 1.9794517391199 371.19773850537 -332842.096283788 103.496836578938 123.751123598634 77.1468797936342 988085.650134983
112800 0.2256 -1.95168597346162 0.00640618725233123 -0.0130298262165731 -0.00251408823454931 0.00579082422673719 -0.179886066931665 1.97323128825362 374.414863881513 -332864.866785201 103.498215334618 123.76715668588 77.1269606405762 987971.672377508
112900 0.2258 -1.99332502918561 -0.00056789043836577 0.0224308986102165 -0.032920904276188 -0.00389761122396571 -0.164989974084617 2.02543895636602 374.616820032386 -332867.133698812 103.492840611045 123.806119276865 77.1070414875182 987976.144219632
113000 0.226 -2.00594209483442 0.0128703356031882 -0.0165922155557908 -0.0210292227987107 0.0124658255807295 -0.159682789761134 2.02368005420633 375.378600155464 -332872.154124262 103.500664936001 123.809263128905 77.0871223344602 987820.676856641
113100 0.2262 -1.95404971551631 0.00443986146812236 0.00648290727571648 -0.0380720201340091 0.0156012729641674 -0.146479147359214 1.9771529880743 372.708221667592 -332853.089202456 103.513537637963 123.841654254019 77.0672031814022 987946.65280472
113200 0.2264 -1.9738968257047 -0.0114203754783689 -0.033965070314528 -0.0187693281342657 0.00769794482818769 -0.157990954053131 1.97070969730504 374.492007161813 -332865.688534927 103.482464658234 123.884721792343 77.0472840283442 987738.194874114
113300 0.2266 -1.91581943702609 -0.0134059778513379 0.0256187457258658 -0.046124890718502 0.0249061545413735 -0.155848300509114 1.94320626867598 373.27827697105 -332857.913358424 103.48903116533 123.96281570443 77.0273648752862 988168.01901378
113400 0.2268 -1.97880880779645 -0.0356284932609705 -0.0374821089118038 -0.0673964678937952 0.0370637305799947 -0.156599953330334 1.96562201590798 373.026731921532 -332856.951213884 103.509641412659 123.92461258178 77.0074457222282 987804.709411105
113500 0.227 -1.95078636560197 0.0267354897552178 0.0200266592408932 -0.0280056325607313 0.0172484776402277 -0.146730624918957 1.99128248699969 374.388907247223 -332868.100715867 103.545147485015 123.951156568809 76.9875265691702 988099.549908128
113600 0.2272 -1.9298503614137 -0.00935450903461213 0.0361630745440972 -0.0276335864172299 0.0258014514148264 -0.138843565203857 1.95956962026591 375.334079115253 -332876.859831607 103.54627052628 123.978090684597 76.9676074161122 988069.267847831
113700 0.2274 -1.94101754896109 0.0247539506912413 -0.00670432867512826 -0.0430812678343661 0.0181179138439764 -0.144883365455713 1.96797707183232 373.384236740298 -332863.18263263 103.550281777903 123.996600355992 76.9476882630542 987999.30721309
113800 0.2276 -1.9293759349071 0.0251958971253869 0.0362811452757558 -0.00465593552420264 0.0170731941938589 -0.14154150076458 1.97564732366129 374.911957641536 -332875.51790138 103.533707029652 124.064633004305 76.9277691099962 988127.298707329
113900 0.2278 -1.96676744584026 -0.0163996733736697 0.0023670839526135 -0.0361208176246132 0.0264915999745326 -0.15386976794984 1.97937767725408 374.306149828557 -332872.878476678 103.509373453194 124.100471551602 76.9078499569382 987924.559180945
114000 0.228 -1.96585042379399 0.0138364151862848 -0.00909434082761029 -0.0338591985507726 0.0174196472490957 -0.164736127763306 1.98998837378418 373.935728048973 -332871.746343884 103.524643838148 124.124469869332 76.8879308038802 988005.415563263
114100 0.2282 -1.95940581254078 -0.00823754369800328 -0.00660050085235853 -0.0264872809310649 0.0475445044886184 -0.173986939401767 1.97736060758404 374.549506340519 -332878.490415299 103.505123144776 124.176424003055 76.8680116508222 987976.563941919
114200 0.2284 -1.99286214694701 -0.0121503000825349 -0.00516895593120455 -0.0301019965383534 0.0270428409196931 -0.182118134913544 2.01035060923661 374.428036745709 -332880.714396509 103.501713845679 124.20047343387 76.8480924977642 987879.298137852
114300 0.2286 -1.97879076846491 0.00371056981678953 -0.0335774824729131 -0.0145218915657765 0.0145792057345162 -0.151079446630134 1.98179808630237 373.157999180428 -332871.789950234 103.530528954517 124.214208188361 76.8281733447062 988007.441786317
114400 0.2288 -2.00069420015916 0.00349617019510059 -0.0170918046832439 -0.0293184572957854 0.0207434581704725 -0.161880400053368 2.01455356470946 371.769957635334 -332862.895074475 103.530505335166 124.233416882851 76.8082541916482 987903.80436491
114500 0.229 -1.96388745849934 0.00685607848864089 0.0408230472108515 -0.0125452045117787 0.00900399524542915 -0.160823808282511 2.00754384306191 374.386300977736 -332882.344027442 103.528039749734 124.272997470075 76.7883350385902 987938.739963434
114600 0.2292 -1.98569122522149 0.00985688127026871 -0.00481092602301039 -0.00349553130114748 0.00528108811293527 -0.150730971009685 2.00535205826307 374.365125408459 -332883.277640883 103.526433241054 124.284482020255 76.7684158855322 987758.412997361
114700 0.2294 -1.9501770826698 -0.0122508896828888 0.0106537622185809 -0.00680000906527787 0.0429008322409915 -0.149534978025332 1.9680478578923 372.882882236266 -332872.848951793 103.515736964454 124.342584257216 76.7484967324742 987861.694159278
114800 0.2296 -1.93640795712667 -0.00545186268246346 0.00835818654608089 -0.0105973251118787 0.0131049036851037 -0.154848405228022 1.95658758200565 373.538353793502 -332878.292162251 103.529695118588 124.374430025574 76.7285775794162 987991.448859678
114900 0.2298 -1.95992966657229 0.00199164452254091 -0.00188717237436496 -0.00582594177409169 0.0348180634592376 -0.157209559255472 1.97975341813126 374.245195293872 -332887.079162809 103.553135690193 124.371704456439 76.7086584263582 987936.947614422
115000 0.23 -1.94628632978323 0.0358256510131719 0.00448516678737352 0.00847861313809722 0.0518173601932643 -0.137544867012169 1.98309261748382 374.266104215507 -332887.657721971 103.562369197369 124.426946289006 76.6887392733002 988207.209966812
115100 0.2302 -1.98308673255825 -0.0587096168777216 0.0177654139346264 0.0227023976068807 0.0578382991536284 -0.143686042869546 1.98236261889032 373.59595635264 -332884.402110277 103.518823353952 124.483879236604 76.6688201202422 987986.977709029
115200 0.2304 -1.93939207283654 0.0412054856857841 0.0351385049096976 0.015656163993977 0.0184315778599638 -0.165322875968008 1.9986337146468 374.672834449109 -332891.825429236 103.572321776317 124.489170121006 76.6489009671842 988282.751818832
115300 0.2306 -1.97880267100425 -0.0408781340100372 -0.0406265237617019 -0.00133765704669197 0.0257219901294367 -0.155956953973112 1.95729331497644 373.723583783242 -332887.138864254 103.579658545003 124.459811604393 76.6289818141262 987862.885999166
115400 0.2308 -1.93255933269784 0.0425346937381471 0.0364271403773542 0.00651923033910189 0.047323152919277 -0.162399147789587 1.99372443342098 374.045254101275 -332889.5254629 103.60203662861 124.530578186002 76.6090626610682 988381.131654878
115500 0.231 -1.99964541837662 -0.0464962659219288 -0.0641145372972009 0.0194814868414678 0.0122717799719183 -0.138537462756386 1.95955585884073 374.839988006909 -332896.754186217 103.541026958455 124.55081531264 76.5891435080102 987702.733754182
115600 0.2312 -1.92960408413651 0.0302894822347278 0.0370641920755803 0.00280031377048768 0.0131953418432971 -0.163785838704257 1.98381694662557 373.304468880608 -332886.41016688 103.546089068901 124.655562436043 76.5692243549522 988324.611781709
115700 0.2314 -1.98901588492116 -0.0642535828971525 -0.029432130643686 0.000849074835885419 0.0437591368412298 -0.140169813240812 1.95898824652329 374.686402545803 -332897.760135492 103.50533784142 124.659298096254 76.5493052018942 987708.24171215
115800 0.2316 -1.97906360582122 0.01183950771173 0.0397003272964775 0.021059914048771 0.0382634658065213 -0.128182273245854 2.01865166611509 373.137330756235 -332888.33471505 103.539729225886 124.715219931966 76.5293860488362 988222.439274749
115900 0.2318 -1.9711951600501 -0.00187768497776267 -0.0201852868859606 0.00183687996258647 0.0260187305363544 -0.124502374773194 1.97257105700177 374.262924217386 -332896.871510609 103.549314906247 124.714050241643 76.5094668957782 988047.422328131
116000 0.232 -2.00810381733345 0.0194996644322429 -0.0121661183671309 0.0105128740406597 0.0244176426222895 -0.122880964299057 2.02370757995035 373.221236828441 -332889.107334349 103.559771202197 124.741310026617 76.4895477427202 988105.862568246
116100 0.2322 -1.98616070573372 -0.0321302718633713 0.00390590276628566 -0.0163920592486866 0.0188997306266819 -0.123403880584569 1.98431665210536 374.740120876187 -332902.186237176 103.539900542718 124.778370464576 76.4696285896622 987952.430532745
116200 0.2324 -1.98158707078777 0.00108339231842039 0.0172417082780955 -0.0232172740509724 0.044331815044778 -0.125300770074992 2.00446845225807 374.333746492957 -332898.263303987 103.563241938613 124.791097839733 76.4497094366042 988018.511580591
116300 0.2326 -2.04129063955176 0.016958876992276 -0.0159466836850019 -0.0109483793860114 0.0287722363716834 -0.106238770751108 2.05096298088112 374.155968514749 -332896.284477836 103.581525128302 124.765511034361 76.4297902835462 987732.898216698
116400 0.2328 -2.04322426896938 -0.00172031015025815 -0.006433104383118 -0.0117494607457302 0.0431723490621913 -0.128808195088546 2.0527834260438 372.108718702901 -332879.18946058 103.56553547579 124.806988007913 76.4098711304882 987651.265670295
116500 0.233 -2.03771111476651 -0.00810303589458288 0.00503925002563973 -0.0126468553844167 0.0332310254249692 -0.153041356819433 2.05431571718591 375.489913318029 -332903.361661733 103.552546621502 124.849823273894 76.3899519774302 987608.803865498
116600 0.2332 -2.04674274624773 -0.0133770041860399 -0.0208051682184782 -0.0346143394805277 0.0385094392041255 -0.145868488714185 2.0472917429025 373.454294750561 -332889.901588752 103.544218227473 124.886843191636 76.3700328243722 987564.610797163
116700 0.2334 -2.02923288000391 0.00222460957093324 0.0422577555481719 -0.0244624598831633 0.0154529168758707 -0.143846109747405 2.06744638203078 372.830934120095 -332886.210605699 103.559437899375 124.946879085565 76.3501136713142 987926.841808784
116800 0.2336 -2.01502741347448 -0.00492923035645989 -0.000969129831208488 -0.0235172713346356 0.0239702141250666 -0.134085441165573 2.02627495550029 375.256717546746 -332905.667603855 103.566325050506 124.964229317712 76.3301945182562 987871.941333267
116900 0.2338 -1.99080210155568 -0.02576779067614 0.0225290017341121 0.0189626319480449 0.00923044144761599 -0.123811098089882 2.00147925012785 373.269923535402 -332888.468351473 103.584788284668 124.998163593152 76.3102753651982 988058.448674427
117000 0.234 -1.99995772051777 0.0103027916375561 -0.0236074236794386 0.0229122450710919 0.01829024658727 -0.119628758939042 2.00490411112416 373.1042446374 -332887.757127286 103.62294619126 124.973692231812 76.2903562121402 987970.960326618
117100 0.2342 -1.97292684878876 0.00920241412132757 0.0239127734572684 0.0302194732063416 -0.00143797389272237 -0.111025959689453 1.99948413032667 373.96019480348 -332893.892345247 103.645728545176 125.003927863762 76.2704370590822 988169.177106472
117200 0.2344 -1.99096229996997 -0.0116237032741682 -0.0149348299934129 -0.0114373445933434 0.00781688049311832 -0.107693658722827 1.98660713902352 372.671114611499 -332883.928280973 103.637126952291 125.024220111163 76.2505179060242 987989.47218414
117300 0.2346 -1.98453865268871 -0.00459510387037776 0.0275851872749967 0.0292296671065685 0.00289755342770941 -0.124027125238068 2.00839828685633 374.190704149776 -332892.871831265 103.628717421169 125.080757070765 76.2305987529662 988097.852077528
117400 0.2348 -1.97051950033583 -0.00584511512026641 0.0254425535295255 0.0321406321744374 0.00675993084272084 -0.111917722613067 1.99078058055388 373.602052621919 -332890.463743619 103.638375604389 125.095141454845 76.2106795999082 988045.340288709
117500 0.235 -1.94850551091701 0.0268910070996583 -0.00463528671224842 0.0300599842156227 -0.00349965020499355 -0.0820641216202953 1.96567023947345 373.495014136024 -332889.12553472 103.66131686007 125.117810733367 76.1907604468502 988184.79330506
117600 0.2352 -1.956507503724 -0.0319385885673448 -0.00525738530146987 0.0445689246112947 0.0358247309087022 -0.0937593928178811 1.94735951549817 372.009915159439 -332877.031988403 103.635976348918 125.163090193644 76.1708412937922 988042.37878188
117700 0.2354 -1.91812787790947 -0.0108376397812036 0.00349172034089591 0.0272925179747803 0.0328778694409302 -0.0988196821557384 1.92355533529805 372.445003405249 -332880.577492839 103.640870417037 125.206910501189 76.1509221407342 988176.491365692
117800 0.2356 -1.95380989516735 -0.0122433725568926 0.0104474106744953 0.0421106297229964 0.0239318780064495 -0.108727385913599 1.963862050034 374.495291757473 -332895.965791416 103.629166863434 125.247036915901 76.1310029876762 988123.022681122
117900 0.2358 -1.95058962606955 0.0139730966055272 -0.019116214450368 0.065475813302329 0.00227929116207747 -0.0972880856388455 1.95879230995031 373.380416771919 -332888.308291861 103.626189618322 125.267630417031 76.1110838346182 987998.528979615
118000 0.236 -1.92476974018539 0.00459733959265345 -0.00986591984787554 0.0601699815306494 -0.00504105096456639 -0.0899527438012696 1.93131395240206 373.151273149616 -332887.724256798 103.612343174613 125.322834726105 76.0911646815602 988043.207215218
118100 0.2362 -1.91418362373933 0.00223113714588739 0.0118895579890188 0.0831716649046207 -0.000438620306421005 -0.0879241166466254 1.93266486144369 374.740504651407 -332901.21808787 103.58903245692 125.391966087437 76.0712455285022 988107.090540379
118200 0.2364 -1.92625937870724 0.00991369685124366 -0.0168282198532183 0.08207748405169 0.0203242247504084 -0.118687650891358 1.9394365077096 373.717599539592 -332896.993933659 103.591448303211 125.422637119763 76.0513263754442 988113.028669014
118300 0.2366 -1.95131868481203 -0.0328640376117462 0.013163670211223 0.0695811760318757 0.00841497874400205 -0.106406889520214 1.95437795408477 374.247681205682 -332904.240989012 103.574031938382 125.473971284147 76.0314072223862 988092.39169815
118400 0.2368 -1.87821765020685 0.0285432139497673 0.0161370694500684 0.066142919337802 0.00807732761084943 -0.0924517789249372 1.91081075357354 373.633873436251 -332902.481961926 103.610447307247 125.513425115814 76.0114880693282 988491.557689797
118500 0.237 -1.88744334647357 0.00538426375401053 -0.0303235162849344 0.0783764800373459 0.0208427224662681 -0.0794136110147249 1.88550634461655 373.968686396529 -332905.940090669 103.604740092336 125.514491884143 75.9915689162702 988186.482581749
118600 0.2372 -1.85519735483406 -0.0127816508296049 -0.00506055860255311 0.0686173760942217 0.0290914934478666 -0.0886793189431567 1.8571582447122 374.17118054152 -332910.904318805 103.589657497238 125.587678117571 75.9716497632122 988359.601914671
118700 0.2374 -1.84292071966882 3.24528994378395e-05 -0.0030980302247322 0.0704324243775511 0.0156693246322955 -0.0719550435196864 1.8498292379776 373.27075251072 -332905.054287791 103.604430092159 125.614323773247 75.9517306101542 988451.044857492
118800 0.2376 -1.84440258116452 0.0138845570002836 -0.00732840537623084 0.0926318420666157 0.0228899678728445 -0.0748377445273461 1.85967125936127 373.723103844548 -332908.833160419 103.631299792794 125.616004323615 75.9318114570962 988461.323624402
118900 0.2378 -1.8597816599609 -0.0307173311126436 -0.0260735671667411 0.0757696251889284 0.0294515166851132 -0.0940332107427797 1.84400207282164 372.74336254006 -332904.703987782 103.613647347595 125.643349961747 75.9118923040382 988248.779130709
119000 0.238 -1.84820404250537 -0.0102356650622557 0.0317344006784471 0.10197379546723 0.0251420966461844 -0.0744968163702539 1.87263732832467 375.251181825763 -332925.264615384 103.614157085829 125.689821831248 75.8919731509802 988359.755576528
119100 0.2382 -1.86003286611542 -0.0267923229875372 -0.0285007092398046 0.087985951402833 0.00606581397122188 -0.0420169366719564 1.84018291447956 373.863051249324 -332916.833697575 103.629737408531 125.694371449747 75.8720539979222 988284.69473401
119200 0.2384 -1.80414041972017 0.013276033463759 0.0339307456360424 0.082725919787789 -0.00261827910061426 -0.0713555634482295 1.83760538311463 374.142677080774 -332919.45879203 103.631163641707 125.766478735466 75.8521348448642 988605.642073652
119300 0.2386 -1.84663464493113 -0.0238318825755723 0.0235505094390884 0.10317185212303 -0.0266906963084204 -0.052698949317768 1.8583933295653 372.563591947499 -332909.617509723 103.614926247694 125.789429234997 75.8322156918062 988371.500867671
119400 0.2388 -1.85084969604507 0.0130586238739699 -0.024161169329336 0.102941046936417 -0.00401931528563863 -0.033810880344678 1.85511019210732 375.39494658632 -332930.034959064 103.65159145143 125.783896549667 75.8122965387482 988418.058666421
119500 0.239 -1.86300460489024 0.00440833561865737 0.000687497541908522 0.0748164205297224 0.00692238868707595 -0.0449887180779889 1.87171172909798 374.000727879476 -332921.915278516 103.660033068956 125.819429311289 75.7923773856902 988518.004659843
119600 0.2392 -1.86660513332387 -0.0251990812489948 -0.0102932650725376 0.0676412965914367 0.0217424394396615 -0.029119218911973 1.85368123334475 374.091116875939 -332925.165662909 103.639929722324 125.86863620296 75.7724582326322 988452.976249429
119700 0.2394 -1.8395710707257 0.0316047013996787 -0.00188049050603302 0.1052374875505 0.00451564045170073 -0.0380075497788048 1.86477425694144 375.046966201069 -332933.735175587 103.63755962942 125.919008733099 75.7525390795742 988565.997119087
119800 0.2396 -1.78585146192936 -0.00881667547237003 0.00297583194459543 0.0912811043410204 0.0187938263517698 -0.0268529927189782 1.79085649475852 375.624886071338 -332939.258356424 103.626043966574 125.973792949825 75.7326199265162 988626.177508241
119900 0.2398 -1.76335345890627 0.0142316182349329 0.0106100077210844 0.099915590572641 0.0250313931172885 -0.0271119961384549 1.78533424612301 374.840207635541 -332934.185070644 103.617848160083 126.037921299897 75.7127007734582 988791.078393282
120000 0.24 -1.7448787100449 -0.0138821596165809 -0.00937870430750758 0.096982514972131 0.0291912393441584 -0.0493417538235833 1.74420235073656 372.529528881159 -332919.368657376 103.606588885547 126.065198025569 75.6927816204002 988637.43485459
120100 0.2402 -1.75100672851124 0.0177375726754163 -0.0112912584555781 0.0827855793597655 0.0285832777466787 -0.0234476221083177 1.7614242070216 374.863217430433 -332938.669453027 103.631978075427 126.097946149268 75.6728624673422 988876.28772038
120200 0.2404 -1.74634456385092 0.0190912341136642 -0.0291895880339252 0.0973290831112768 0.0295787885624158 -0.0391493459560799 1.75199871063601 374.74038496945 -332939.835050249 103.604625599518 126.151506928047 75.6529433142842 988774.863839259
120300 0.2406 -1.7260917527327 0.00561109165423942 0.0392419354042517 0.11024314856345 0.0227615455450595 -0.0261886801181006 1.7601809176535 374.596510681701 -332938.052007909 103.574828981688 126.245422002367 75.6330241612262 988965.927229698
120400 0.2408 -1.75819356958887 -0.014024859136728 -0.00524753541108217 0.111863547433827 0.0204606001483198 -0.0138894660147583 1.75979705799933 374.299881642092 -332938.410540345 103.559427860191 126.27274121519 75.6131050081682 988772.372985084
120500 0.241 -1.72425979006058 0.0201465709260615 0.00745965392310557 0.123814456501601 0.0335768578778513 -0.0285024909781033 1.75293833959997 373.266004097243 -332931.877718948 103.579053192486 126.317570073962 75.5931858551102 989050.23054466
120600 0.2412 -1.75916263202575 -0.0358400542383296 -0.0501498246879576 0.125018632704102 0.0377644646739489 -0.0330108338972038 1.73199933936278 373.997579291174 -332940.580895758 103.567292050022 126.297015072012 75.5732667020522 988516.454333682
120700 0.2414 -1.68143712000219 0.0198774019306376 0.00601194861462452 0.0989967731886226 0.0122406150295271 -0.0192818198932919 1.70353743817529 373.369493917333 -332938.676406991 103.572997039743 126.375350363619 75.5533475489942 988923.341082876
120800 0.2416 -1.67428227181465 -0.00336378702309954 0.000222884003814256 0.0870075522721052 0.0186689073317311 -0.0361472753312292 1.68096724692854 373.523421396758 -332942.623227592 103.54012967043 126.454230869777 75.5334283959362 988965.784264845
120900 0.2418 -1.7376985736807 -0.015786273719346 0.0116363514641029 0.115585136610586 0.0111747161918019 -0.0400085785420061 1.7487737927083 373.66382644917 -332945.784547815 103.527758159374 126.501898349033 75.5135092428782 988959.497624161
121000 0.242 -1.70779062878838 -0.00112060041372516 0.00521512398258669 0.105993084278768 0.0237434225095352 -0.0412592585402637 1.72164965931494 374.07525136273 -332951.507030418 103.551021263254 126.512143632135 75.4935900898202 989000.88370333
121100 0.2422 -1.72180080533045 0.0112861460673582 -0.00898642310434013 0.119247822114433 0.0103127915594952 -0.0206176767970185 1.73583457999294 374.090081112123 -332952.60032358 103.569737562116 126.533225951579 75.4736709367622 989083.439138185
121200 0.2424 -1.70430692743159 -0.0241608276393912 0.0242718368760741 0.101889109977685 0.00709440323294698 -0.0098090770842633 1.71411621831041 374.089775148741 -332953.248242499 103.587085415779 126.556951769051 75.4537517837042 989173.467192802
121300 0.2426 -1.68994620624521 0.0167419634187869 -0.00222270902088071 0.0911861224880011 -0.000658679827016371 -0.00680338099133024 1.70465898980903 375.020649629169 -332961.412112404 103.650924384145 126.515698266306 75.4338326306462 989199.231366059
121400 0.2428 -1.73775759668744 0.0323493081377448 -0.0460497101334015 0.0981563621038113 0.0102154226821965 -0.0280679490060315 1.7413301597149 375.731743305564 -332969.024920295 103.644176216486 126.51887062346 75.4139134775882 988898.433423441
121500 0.243 -1.67928388944582 0.0169350217691396 0.0190565864405774 0.0920006956515472 0.00621626754848651 -0.0355523995358904 1.70589037256298 374.57012913942 -332962.297241868 103.590557754577 126.644382612897 75.3939943245302 989106.042813293
121600 0.2432 -1.70314701723136 -0.0221794687045972 0.00417082647328194 0.0891478406743328 0.0108085479507896 -0.0407099582283104 1.70288126921935 374.82749774414 -332966.914679634 103.562336783316 126.681301507887 75.3740751714722 988863.516966108
121700 0.2434 -1.72737241739088 0.0182794661000002 -0.0328432712455886 0.0975417702568936 0.0247700997604926 -0.0348439288198478 1.73051948627001 373.88477332645 -332963.847586782 103.588925392334 126.680617956623 75.3541560184142 988850.667561604
121800 0.2436 -1.71043817066694 0.00249817541514842 0.0252141828459783 0.0962068720801517 -0.00229249805100977 -0.0167490714299795 1.73268654551779 373.579816957883 -332964.76283096 103.585820375002 126.720291565758 75.3342368653562 988869.237265539
121900 0.2438 -1.72815689942226 -0.0310445961794295 3.12814840936596e-06 0.0749981907558354 0.00752409263663472 -0.0164746950484068 1.71805234915568 375.010407649887 -332980.377940522 103.591361466287 126.705118869849 75.3143177122982 988542.27729745
122000 0.244 -1.68592435517709 0.0103132102339058 0.0287301436283417 0.0860938587944073 0.0123384625431297 -0.0234417513351016 1.71264189884152 373.048542341501 -332968.322463301 103.636850034676 126.730394214561 75.2943985592402 988912.027181284
122100 0.2442 -1.73091758652168 -0.0207397873970237 -0.012500556993338 0.106047539342329 0.00174892016927525 0.00524938959577059 1.72415098662939 374.200308382834 -332980.877007351 103.645850258437 126.721282480621 75.2744794061822 988665.179735098
122200 0.2444 -1.67993464393349 0.0431865605677562 0.0194729055242527 0.105007182081987 -0.010143259217759 -0.0228979291315421 1.72157156356054 375.902904379556 -332995.557129361 103.68437963833 126.758368057189 75.2545602531242 989060.357168196
122300 0.2446 -1.69022833518287 0.0476100378133064 -0.0241279508590038 0.0765249354985456 -0.00525926213872875 0.0049914176095661 1.70829899013129 374.39688309107 -332987.011508966 103.679062426628 126.784170129664 75.2346411000662 988949.117041896
122400 0.2448 -1.68210096978078 -0.0559459326882973 0.018261261298473 0.100530000910422 0.0215253214766561 -0.0181560242577844 1.67429301494226 373.813031615876 -332983.953720958 103.637514907004 126.859732126307 75.2147219470082 988880.094655434
122500 0.245 -1.63674022967589 0.00893192980216152 -0.0104313249920081 0.113663458311888 0.0190437531357643 -0.00132481213677463 1.64821043166037 374.236388475735 -332989.197684019 103.65277355465 126.88781107181 75.1948027939502 988982.615724291
122600 0.2452 -1.70031948153863 -0.00728297716643333 0.0105092688003258 0.10136426588655 -0.00683807680366907 -0.00545810148971154 1.711100781592 372.437019776482 -332979.422374974 103.659525533941 126.900176618451 75.1748836408922 988881.398864717
122700 0.2454 -1.68016473183464 -0.00204288996980372 0.0052197835841123 0.104119000061587 -0.00928031580150693 -0.00395981735791189 1.69149668207132 374.814895889548 -332999.595119271 103.695837325027 126.895824143979 75.1549644878342 988931.76618951
122800 0.2456 -1.69123076792802 0.00482767098567889 -0.0156700791846733 0.109755647347281 0.0130672555990372 -0.0158369092011892 1.69695980882781 372.927442024683 -332987.475002268 103.712700189855 126.909246201012 75.1350453347762 988935.025474685
122900 0.2458 -1.66550640066174 0.00726339229089902 -0.0328140263283536 0.115043883923536 0.0220696374576848 -0.0300191436489195 1.66631168266493 375.242907653637 -333009.852883669 103.718296965171 126.94234849486 75.1151261817182 988984.094320618
123000 0.246 -1.62694983159269 0.0348497763436085 0.0183057315182564 0.100210795590611 0.00854830101470022 -0.0323253024855779 1.66368247021592 375.362801108032 -333012.577156101 103.732292969453 126.995791551587 75.0952070286602 989271.565081439
123100 0.2462 -1.6538035121733 -0.00238629569536474 -0.0775471729735884 0.100894965271915 0.0143441550082338 -0.0333252555223515 1.62579038562091 375.350557668696 -333015.635834958 103.712517287469 126.997165365818 75.0752878756022 988831.30947868
123200 0.2464 -1.62319843539083 0.00701755240493219 0.0481013503222146 0.0940859130865829 0.0469924316443985 -0.0254392556690873 1.66174315696708 374.794027727857 -333013.711155867 103.692579157187 127.111064972809 75.0553687225442 989265.348500676
123300 0.2466 -1.64662867939588 -0.0302630261642592 -0.0265827941343795 0.0872740901330502 0.0155833894413776 -0.0283649275711825 1.62622034286783 374.418244876759 -333015.958696651 103.670683735977 127.129340141391 75.0354495694862 988936.131788197
123400 0.2468 -1.64253949024697 0.00223903712162334 0.0384507924116479 0.10551334147313 0.0203461695330234 -0.00833523486015921 1.67362407272492 373.337420758862 -333010.056237272 103.701345272842 127.149122772054 75.0155304164282 989119.907979936
123500 0.247 -1.66975948745976 -0.0214795514533927 -0.0321018835538306 0.0988652336149389 0.0103722399157799 -0.0109088766616181 1.6520998058869 374.012854082957 -333016.48930072 103.736321611804 127.104154863345 74.9956112633702 988840.944646702
123600 0.2472 -1.6181227193406 0.0147851978889972 0.0139205991802155 0.0943831477653124 -0.000498552665524437 -0.0282069488902282 1.64136814301755 374.097026037935 -333016.89139833 103.774841205414 127.13804087019 74.9756921103122 989209.038451883
123700 0.2474 -1.65401742757757 -0.0317032435182987 -0.0366894530353624 0.0821400810834471 0.0330758122446371 -0.0330471718976277 1.62807810906001 375.012523168698 -333025.649456877 103.737274290525 127.165730692599 74.9557729572542 988803.535925975
123800 0.2476 -1.64553701724648 0.0165878491405946 0.0527395472798704 0.0838547369396248 -0.0172156313465626 -0.0396776318579068 1.68841984743108 374.318568485732 -333022.891881578 103.746745684478 127.242628182056 74.9358538041962 989228.849485551
123900 0.2478 -1.68308214864756 -0.0321693527026734 -0.0210612095017499 0.0956134964302752 -0.000113544028876025 -0.0166650610326371 1.66500272070733 373.638634027883 -333018.90912639 103.77277411135 127.184149720904 74.9159346511382 988759.387302798
124000 0.248 -1.63486424536713 0.049033552941844 -0.0154824258769379 0.0684422405130041 0.038640083812252 -0.0265728164100735 1.65882076331059 375.021190908372 -333028.137546215 103.834912467564 127.183664412719 74.8960154980802 989084.619404363
124100 0.2482 -1.66482730627537 0.013904105405592 -0.012625459836099 0.104183449299313 0.0177991641054165 -0.0109922863537484 1.6757632443209 374.344164316415 -333024.479279095 103.803780601139 127.226091946389 74.8760963450222 988854.860403483
124200 0.2484 -1.65938282345236 0.0016991983306955 -0.0275402514043179 0.0900343266204253 0.0166726398564367 -0.012285853180104 1.65441367301665 373.43687413716 -333019.278198653 103.781300512866 127.293598132451 74.8561771919642 988902.137811905
124300 0.2486 -1.65436841810731 -0.0255426123555514 0.000140795602718639 0.0883179267539052 -0.0107776669432256 -0.0020472864849364 1.64903855552491 372.112238267271 -333008.463916991 103.779051428328 127.330591760222 74.8362580389062 988904.87541434
124400 0.2488 -1.6646018734737 0.0192750192131312 0.0183641561150199 0.0952121554636957 0.0223109743681587 -0.0345953686950127 1.69298209058875 372.277461917187 -333009.807190605 103.797999113918 127.332525424513 74.8163388858482 988837.17860581
124500 0.249 -1.69484292293395 -0.0184623525907677 -0.0140879239459473 0.102620160017282 0.0143341106325554 -0.000497156501087602 1.68813921014802 373.576379981849 -333019.247265379 103.797978145169 127.341546687562 74.7964197327902 988643.748749242
124600 0.2492 -1.69854266870068 0.0366304836218253 -0.0152631199822373 0.10638342862271 0.0241651668421023 -0.026175139688992 1.7208236423934 373.347614891693 -333017.117715223 103.804398782828 127.385759869163 74.7765005797322 988784.788223896
124700 0.2494 -1.71042942191153 -0.0100393679056228 -0.0267181245296328 0.1029563986061 0.0101068815591407 -0.022761920614552 1.70202965517779 373.635158908804 -333022.579701055 103.773181450772 127.432238975053 74.7565814266742 988584.685231159
124800 0.2496 -1.67632371558002 0.00111750475070782 0.0380477943480308 0.11384831722342 0.0547479643415947 0.000371529060116988 1.71026256314862 373.091456055615 -333017.216760061 103.790344091179 127.496203593629 74.7366622736162 988980.897923401
124900 0.2498 -1.73529454201664 -0.0119860336687276 -0.00837370053021397 0.135062402266951 0.0160834452271339 -0.0391860382253345 1.74245190873449 374.606465356578 -333029.213350283 103.804120748353 127.476404683109 74.7167431205582 988694.989607577
125000 0.25 -1.67643323835599 0.010300773453651 0.0448734488420503 0.104509692410543 0.00183073833969267 -0.0334811487649147 1.71485324390617 374.012979141194 -333024.508072842 103.846247110685 127.503075495861 74.6968239675002 989039.423689092
125100 0.2502 -1.70831642408813 0.0303763621132898 -0.0355128390265789 0.105722531855487 0.0311208031326454 -0.0181864207096576 1.7176327969006 373.011382058638 -333019.659447509 103.856453912059 127.499275728694 74.6769048144422 988843.394487018
125200 0.2504 -1.68025077013432 -0.0181821992776402 0.0350855212132832 0.0963337481545556 0.0102959228627215 0.0244492972682351 1.69817427961297 373.997278990393 -333026.637418997 103.846586682022 127.563474739144 74.6569856613842 988983.436044911
125300 0.2506 -1.71940877343489 -0.00086140111315481 0.00380122480463949 0.139289941097389 -0.0182698505546391 0.0263326347333731 1.73859897700998 375.210536071362 -333035.128614266 103.849497775477 127.57099680322 74.6370665083262 988805.586496001
125400 0.2508 -1.71752392819676 -0.0079239118771689 0.00570712715310319 0.152877509372357 -0.0198054569847345 0.0145298784229215 1.73728131420025 372.356441939584 -333014.839830164 103.850810816497 127.608766192292 74.6171473552682 988846.869640214
125500 0.251 -1.7445260750816 -0.0130531595335976 -0.00734321448177455 0.13851427518267 0.0269306028067324 0.024411243343217 1.75198167449055 373.896740816968 -333025.240097972 103.841308331007 127.644326165065 74.5972282022102 988767.896221387
125600 0.2512 -1.71480354383924 0.00638246178597804 0.0567248436543315 0.12455506125289 0.0322737764795348 0.029365491271275 1.76179394384321 373.726840483158 -333025.750364287 103.860321896052 127.67432159686 74.5773090491522 988917.203234773
125700 0.2514 -1.72518974562093 0.0197544375917832 -0.0395780340183258 0.0933640615760111 0.0127213239058905 0.0134698397094548 1.72394867773858 373.614372546708 -333024.996344201 103.905266486132 127.637883073903 74.5573898960942 988798.614011011
125800 0.2516 -1.68575121739768 0.011266394243868 0.00380956010704691 0.145800868939083 0.0127800241595458 0.00824751550698667 1.71223179840771 374.506061397967 -333033.002747861 103.914592113672 127.66686680813 74.5374707430362 988847.657867988
125900 0.2518 -1.69705220537293 -0.0117235614016074 -0.00619362508544387 0.119007798168016 -0.000838890675845388 0.0193662880961248 1.700969963606 374.027551477226 -333029.7418133 103.922761711455 127.692066458921 74.5175515899782 988856.27009971
126000 0.252 -1.69171254062696 0.0100658634747511 -0.0242648516194959 0.133094165498754 -0.0123773967110026 0.00285431476986414 1.70071493113248 374.545926194666 -333034.651389095 103.920884868651 127.728177558161 74.4976324369202 988853.653825525
126100 0.2522 -1.7136271968337 -0.00353050055732277 0.0178123921690263 0.126785296532296 0.00576529943942767 0.011906536719625 1.7349735407662 375.316876709892 -333042.392273584 103.898144251292 127.774431936863 74.4777132838622 988730.846007149
126200 0.2524 -1.75693250749477 0.0148440753138893 -0.0191081632070631 0.133528549332967 0.0137434319941434 0.0236918161196414 1.7708555574714 374.496366340496 -333039.641522637 103.920581771024 127.744728440046 74.4577941308042 988450.038226917
126300 0.2526 -1.7740658682024 -0.000182047858029137 -0.0173504322250188 0.127954044542768 0.03138590288795 0.0111843364413442 1.78015478193358 373.634073986161 -333035.189583472 103.929982943209 127.771990039878 74.4378749777462 988485.906197764
126400 0.2528 -1.75241619137031 0.00042727048264209 0.0254386350237183 0.127176406899747 0.00467890996476055 0.0305462991265419 1.77997561727874 374.372842316903 -333043.149320329 103.92496403946 127.819602114186 74.4179558246882 988541.896808846
126500 0.253 -1.73822167484037 0.0268000021793485 -0.0249574631737125 0.133238294611862 -0.00336162889132637 0.00151861670387467 1.75497163993133 374.748830878518 -333047.114814823 103.931239080796 127.851287112412 74.3980366716302 988581.96776028
126600 0.2532 -1.73380374487091 -0.0043904428965243 0.016743113637978 0.10145390127319 0.00879766071079204 0.0254439548728426 1.7495481454701 375.039403265896 -333050.974462498 103.902493065895 127.928333140623 74.3781175185722 988639.348847358
126700 0.2534 -1.75451766634019 -0.0366901883859553 -0.0147236996602665 0.0812634059272119 -0.00434755137754828 0.0102043225643913 1.73474168688117 374.025956058199 -333044.821590151 103.887680294452 127.963484574153 74.3581983655142 988505.216560591
126800 0.2536 -1.7419303618863 0.0421390632196726 -0.0124156486853994 0.077875098088233 0.000942533864269752 0.0220590792659018 1.76301066458342 371.280020287987 -333024.612608722 103.920616159969 127.985564637744 74.3382792124562 988724.294631715
126900 0.2538 -1.71307071681545 -0.0163502314751072 -0.0309579417739432 0.0770004401878016 0.0114634761103511 0.021093475415303 1.69523002291784 374.333134781596 -333048.768453133 103.934764680252 127.99298880063 74.3183600593982 988651.285481349
127000 0.254 -1.67641778774574 -0.0100469203433212 -0.0119278889678416 0.0900237252358448 -0.00379296448917578 0.00524613516685901 1.67275208961444 373.655809155286 -333044.00312029 103.929800400404 128.035966355806 74.2984409063402 988670.958884844
127100 0.2542 -1.67130414926337 0.00355495623654932 0.00814752680809486 0.0636210437448927 0.0059058549312559 0.0326012327357941 1.68175565815504 373.64368139976 -333044.025569481 103.917569799071 128.095155418693 74.2785217532822 988746.453797283
127200 0.2544 -1.69808356071874 -0.00702164403633851 0.0143807822964131 0.0762916565868463 0.0133844593828185 0.0231892581099018 1.70761623467648 372.052566051172 -333031.459274 103.915277940334 128.138820854683 74.2586026002242 988796.451538212
127300 0.2546 -1.72219437688035 -0.0166523980428068 -0.00736302373566894 0.0793833022054229 -0.00490651934212124 0.00572379296908578 1.71577352384025 372.135141002873 -333032.295896004 103.908276624244 128.173942616949 74.2386834471662 988735.543670998
127400 0.2548 -1.704327249832 0.0207499068506931 -0.00102174121407664 0.112740487711442 0.00129058674347277 0.00724941038046819 1.72542787152384 372.262603988523 -333032.465090268 103.932856282941 128.214044524531 74.2187642941082 989013.414687026
127500 0.255 -1.71163842320837 0.0135806456182455 -0.0257715520412631 0.0734019701469781 0.00383876675351437 0.0326571730514576 1.71156229743801 372.811976403485 -333037.465849799 103.951723619207 128.209761495923 74.1988451410502 988894.434841489
127600 0.2552 -1.63593665461164 0.0399385262736967 0.0366119683145472 0.0971267776553141 0.0156732278453314 0.0251707571392946 1.68342872615537 374.824975303422 -333051.775098236 103.95235217641 128.2812843736 74.1789259879922 989186.455885976
127700 0.2554 -1.68343230008488 -0.0270938198480787 0.0063108435647618 0.0966573064836208 -0.00994500802791202 0.00339614247284961 1.68174364207986 373.635170340735 -333043.201366038 103.936239602838 128.291720719911 74.1590068349342 988847.990184458
127800 0.2556 -1.70455222691355 0.00452545547747845 0.0204692336749639 0.0723573492895931 0.00857604526749894 0.013591525024455 1.72189763816088 373.808504204352 -333044.747662575 103.967748150706 128.291603126375 74.1390876818762 988881.169993377
127900 0.2558 -1.72487290465599 -0.0186300444096937 -0.0225547539380772 0.100906489792897 0.0368582018501925 0.00388333167159041 1.71442432753606 373.497911225875 -333043.328579643 103.978818905775 128.289382428335 74.1191685288182 988703.640372449
128000 0.256 -1.71544250511291 0.0179228726937116 0.00564352971615513 0.0824370572914825 0.00911569867909003 0.00383513898392618 1.73323476346053 373.123697708111 -333040.577621017 103.992979482719 128.318952294716 74.0992493757602 988800.403303572
128100 0.2562 -1.72338835003353 0.0091479000285875 -0.00748803546625862 0.108284573638815 0.00601186879255688 0.0303277302643645 1.73527537839477 373.723146837575 -333045.471750757 103.99158888042 128.344867343853 74.0793302227022 988721.017859981
128200 0.2564 -1.69453148014328 -0.0152912780945716 0.00958363573942929 0.077001361699769 0.0127936897653429 0.0365806339184648 1.69839055160623 373.768683687218 -333047.80573288 103.986450300654 128.403177371303 74.0594110696442 988855.373967313
128300 0.2566 -1.6665264531891 -0.00254666096746758 0.0104991498891352 0.0903729701687859 0.0185057680697022 0.00677010900125222 1.67820547682219 373.759772383315 -333047.294412076 103.990747896463 128.447646195768 74.0394919165862 988972.650729643
128400 0.2568 -1.68049763361962 -0.0115261725868949 -0.000552231650193877 0.0645300432123386 0.01087005190694 0.0217366846018624 1.67873930770938 373.51983313014 -333046.508294111 104.018443087915 128.429143850044 74.0195727635282 988827.442229215
128500 0.257 -1.66566692696589 0.0220019906078247 -0.00768049438922103 0.0886808180947312 -0.0214579199119232 0.0174266801647963 1.68074342924599 374.772479352602 -333055.899260431 104.065375046801 128.413003968867 73.9996536104702 988883.08007545
128600 0.2572 -1.65799432114514 -0.00436543445748556 0.0014836608267765 0.0817041469907881 0.00130679313815744 0.0088073427299501 1.66266637471738 373.171988864175 -333045.077030524 104.057886546149 128.459637369319 73.9797344574122 988904.745125573
128700 0.2574 -1.65225171910504 -0.0315071969940622 0.0234361824721731 0.100178573984137 -0.0136401291796327 0.0124656683842085 1.6583161159108 373.902159892243 -333049.682794264 104.041900528305 128.523218891226 73.9598153043542 988975.854992484
128800 0.2576 -1.64068012288021 -0.0223802960067455 0.0127022562314701 0.0912207311409987 -0.0346045936673761 0.0251175790259599 1.6454020726711 374.256502718147 -333052.684356862 104.073071660238 128.51150717431 73.9398961512962 988915.595682201
128900 0.2578 -1.63995642940765 -0.000810328761079565 -0.0237159269938351 0.0600795041108809 -0.00877114629937716 0.0402677503637368 1.63269804259452 373.877035899341 -333049.309749984 104.117520050117 128.492834238317 73.9199769982382 988927.71199237
129000 0.258 -1.63778942435752 -0.00621720474512117 -0.00744693049013406 0.109299775450634 -0.00188606169644058 0.00779421606759661 1.64196689294035 372.545216345494 -333041.239185121 104.124423044041 128.521660709208 73.9000578451802 988948.588701908
129100 0.2582 -1.63119183207314 -0.0197384376031063 0.00568349112588909 0.117638109295283 -0.0186716862670308 0.0173798096391472 1.63763940279378 374.285192050475 -333054.501251564 104.101301287337 128.569493703862 73.8801386921222 988830.364529739
129200 0.2584 -1.63764715802654 0.00110809479887159 -0.00487115561719014 0.0684355718772466 0.00639910751304418 0.00960988991351435 1.64018480063954 372.859353744144 -333045.285215366 104.080200459609 128.627575957037 73.8602195390642 988809.885230906
129300 0.2586 -1.59315046077408 -0.0106501576316727 -0.0197776159615698 0.0917436387673935 0.00758834363333925 0.0147732159038558 1.58619812530842 374.261763249844 -333056.678209992 104.060871945878 128.674351125658 73.8403003860062 988719.050695372
129400 0.2588 -1.59775479931173 0.00800143501411906 0.00197429229095146 0.0815292868315152 0.0231731810059175 -0.0109475107988745 1.6095722709119 373.397437951754 -333052.200094949 104.069810525529 128.737631249371 73.8203812329482 989023.387464945
129500 0.259 -1.60791057575734 -0.00137044576037543 -0.00583736489527652 0.0635641129006569 -0.00853646729394632 -0.0254270798667709 1.6087555035335 374.662689266049 -333063.5578232 104.06935734756 128.76554476552 73.8004620798902 988966.597052011
129600 0.2592 -1.63600040905633 -0.0208309625686318 -0.00442384520696225 0.0620038309561528 0.011217614171326 -0.0169506361359239 1.62736434488225 373.225536538162 -333054.520887653 104.079597119466 128.783819814816 73.7805429268322 988937.286342906
129700 0.2594 -1.6401293490794 0.011127277575358 -0.00073781913574045 0.0726009496089179 -0.0101345046915707 -0.0175076955967608 1.65052636587387 374.727018492576 -333067.123585087 104.094541651785 128.802483436279 73.7606237737742 988955.556108351
129800 0.2596 -1.62145787971479 -0.00691305403283043 0.0304691579890084 0.0810125351695496 0.0052961955141457 -0.0181774735769504 1.63990005310261 373.383470881458 -333059.083395744 104.094629938539 128.859033810509 73.7407046207162 989123.407226414
129900 0.2598 -1.62440330157313 -0.0260313692330771 0.0195346449201363 0.0740665705935299 0.0117224387173657 -0.0381345737315472 1.62816863018465 374.543485332636 -333067.934838192 104.097257718785 128.883615363473 73.7207854676582 989069.825906087
130000 0.26 -1.65163038279734 0.0310212015914217 0.0177032808397442 0.0608493438728721 0.0186281250742079 -0.0207919264214914 1.68003873845193 374.764751755354 -333071.319491416 104.105293853671 128.920725894262 73.7008663146002 989163.652004015
130100 0.2602 -1.67145565725998 -0.0316077602798792 -0.00244232530688675 0.0791510337186862 0.0111549637404589 -0.013944392981827 1.66058119987655 373.371353401474 -333063.128078948 104.094245604848 128.931270142804 73.6809471615422 988872.235030923
130200 0.2604 -1.62396974642142 -0.0242950513320103 -0.0201666860343364 0.082997198920987 0.00901940767366197 -0.00269440379498055 1.60826355075099 371.992277086563 -333051.908976247 104.149256577205 128.915614230553 73.6610280084842 989007.242654637
130300 0.2606 -1.61581931799321 -0.00691311442507574 -0.0335659848149428 0.0601877192253937 0.0270691229228295 -0.00749653819452655 1.59988814296678 375.536360748506 -333079.745753234 104.177079625531 128.916457106844 73.6411088554262 989010.402940006
130400 0.2608 -1.60345969878469 -0.019258520310157 0.00961892505571719 0.0748473009579931 0.00722827166001587 0.00915102455779673 1.60420986363317 373.356185815227 -333063.769314846 104.157171596836 128.982708618538 73.6211897023682 989061.967342948
130500 0.261 -1.60146903263657 -0.0173276584036959 -0.0121393075668046 0.0915359644949779 -0.0107063828290823 0.00521460420709051 1.59477642581793 372.69910820513 -333059.879007539 104.164578942761 129.01131658893 73.6012705493102 989084.011252292
130600 0.2612 -1.61392086603679 -0.0138379661270288 -0.0169072374289616 0.0826250134430284 -0.0117401194354 0.0155435196459863 1.60529828731173 372.970016644492 -333062.863239219 104.175421147663 129.017928894537 73.5813513962522 988969.93845042
130700 0.2614 -1.61673613181766 0.0127057987149837 0.00492126343697298 0.0631589723053658 0.00530991337710528 0.0296339890130911 1.63007466963279 373.694700732424 -333068.626350728 104.179563954406 129.059082693746 73.5614322431942 989056.919619309
130800 0.2616 -1.58774601280545 0.00527614587719592 0.00864204774837161 0.0900472428314522 -0.00649859786777474 0.000277989171873182 1.60235618031553 373.512705879876 -333067.388783883 104.18672937369 129.104556523648 73.5415130901362 989205.53142788
130900 0.2618 -1.63739065665309 -0.0204817013157544 0.0307689996879473 0.121501203057684 0.00803576796490604 -0.0276324508920548 1.65730532080975 374.227847943149 -333075.477095579 104.165289553014 129.12381623941 73.5215939370782 988881.591645506
131000 0.262 -1.62735330887651 -0.00122588618315702 -0.0192391719968474 0.0924488733097775 -0.00821644223234707 -0.00526323614748971 1.62519198635993 372.543033027817 -333065.448141616 104.203241697012 129.113349410164 73.5016747840202 988893.704878717
131100 0.2622 -1.65295929961555 -0.00570617244923846 -0.00909606869643388 0.0858055867467896 0.00299617413491436 0.000268047717400117 1.65226671032245 373.690274587062 -333076.822684828 104.205373739179 129.127455867545 73.4817556309622 988753.955580898
131200 0.2624 -1.61918257275364 0.0184301977941918 -0.00275017294718219 0.091351724615688 0.0127598975577328 0.00814146634396201 1.63501121002444 374.629349965557 -333086.875893916 104.183548654062 129.196847722957 73.4618364779042 988809.988087644
131300 0.2626 -1.63985362727289 0.00409912032239854 -0.00588141927157635 0.100485451008458 0.0174588394596257 -0.0108418637942473 1.64858477515087 374.570655810517 -333088.383146157 104.169135262927 129.233364702508 73.4419173248462 988684.480442457
131400 0.2628 -1.63284379691827 -0.00135865359285788 0.0333124187727542 0.0706923988883784 -0.000485461931618854 -0.000991262881682463 1.65363451107738 374.785184016428 -333091.227394853 104.178538110563 129.284459427114 73.4219981717882 988896.369219253
131500 0.263 -1.67095377871725 -0.0184884869311921 -0.00292730469708018 0.0548336588237492 0.0259502846254263 -0.0271380876935481 1.66428599529604 374.093224166746 -333089.110859457 104.197271890573 129.288123897352 73.4020790187302 988833.890607896
131600 0.2632 -1.6661950453702 0.0283812651556386 -0.00550062009011957 0.0240592998821687 0.0217254875233009 -0.0248633790843045 1.67938337411833 374.431143443695 -333091.667235026 104.242875228665 129.27164855225 73.3821598656722 988872.180092313
131700 0.2634 -1.64950289694234 -0.00984414804428401 0.00619521526007787 0.0242902940220348 -0.00101661502308608 -0.0202181548264946 1.64864690986427 374.183689186698 -333091.969470722 104.233780647518 129.303005045657 73.3622407126142 988757.284272371
131800 0.2636 -1.67402061450072 -0.0341516921307728 -0.0190511037814744 0.0395412043398566 0.0080096745545719 0.00303143893760061 1.64896077876771 374.702864016081 -333097.522323489 104.211363851432 129.326917775055 73.3423215595562 988458.999494192
131900 0.2638 -1.65358564640556 -0.00354888951172907 0.0196492659368668 0.0348579008234744 0.0174715703881247 -0.00471771256793578 1.66314912746867 374.164212651074 -333097.132085653 104.242250588063 129.335492564958 73.3224024064982 988548.967373762
132000 0.264 -1.63549593803044 0.0206880056823769 -0.031653422413171 0.00872383834218593 0.0220297810486692 -0.0109560152296382 1.63127011875377 373.021613721554 -333089.807070201 104.28027968981 129.325505521849 73.3024832534402 988564.611109638
132100 0.2642 -1.65856189635207 0.0229829370407927 0.00646616795799921 0.0615516902656708 0.00414167395373689 -0.0362596766009752 1.6779313833439 373.771106382193 -333096.742293656 104.260846617685 129.397547795959 73.2825641003822 988662.245429119
132200 0.2644 -1.70179618750645 -0.0273167230138512 0.0237109077718623 0.0890795299308755 0.00091823968722574 -0.0235720168961453 1.70804126219935 373.64854843485 -333097.104651792 104.233692203097 129.459249686514 73.2626449473242 988607.272693189
132300 0.2646 -1.66963911990011 0.00529471954447119 -0.00241160500077741 0.0592596276719895 0.00834626569432301 -0.0105309370524599 1.67440495787912 375.387699967693 -333112.300276831 104.259488012342 129.474609540572 73.2427257942662 988700.36953329
132400 0.2648 -1.67171113736579 0.0126130540474425 -0.0209659467085927 0.0622579643800791 0.00133269707971546 -0.0440312210800636 1.67301145952289 372.663313305068 -333094.295622455 104.262285723653 129.517627718121 73.2228066412082 988786.422432077
132500 0.265 -1.68768756191441 -0.025994956724931 -0.0155414268743426 0.0637574635803839 -0.0159657534711574 -0.00253068579013191 1.67083246171739 373.351525207827 -333100.385355905 104.244072377067 129.556289705587 73.2028874881502 988639.784538985
132600 0.2652 -1.63349309616276 0.0366596797269219 0.0117342123466037 0.0648413161250722 0.00486185002281797 -0.0336208327959428 1.66267177097034 373.895491675159 -333104.487499435 104.30551093778 129.572115897179 73.1829683350922 989074.09263061
132700 0.2654 -1.6765198679082 -0.00963397061787171 -0.00653810855904069 0.041102363729809 0.0105046069310614 -0.0193415771556934 1.67038922733193 375.729956084915 -333119.709663581 104.309770897613 129.541378205891 73.1630491820342 988610.689116974
132800 0.2656 -1.65413349735623 -0.0200389696074885 0.0111126316757359 0.0588238470681148 0.00646341305572914 -0.011568836439591 1.65319314814537 375.153519844032 -333115.622038527 104.319283924919 129.570812432111 73.1431300289762 988656.259627725
132900 0.2658 -1.674961508439 0.0248481992784157 -0.0161388454233095 0.0535611697909978 0.0150850351662598 0.00869661470028784 1.68252155074367 374.696118571555 -333114.038546161 104.35379331873 129.561753431156 73.1232108759182 988644.855219799
133000 0.266 -1.69663063061832 0.0227694815842332 -0.00925905471194249 0.0645962069570431 0.0230045187602096 -0.0239778337391872 1.70825148825354 374.378890104237 -333114.507491134 104.355337919128 129.584440144494 73.1032917228602 988563.243151023
133100 0.2662 -1.67262782144806 0.00581329887369405 0.020388281769628 0.0473494409280665 0.0338195614755615 -0.0454453888592908 1.69061921263287 372.274096688868 -333098.529408907 104.335252689764 129.661844283763 73.0833725698022 988693.883235814
133200 0.2664 -1.6973988296749 -0.0161462386234638 -0.00832240311987472 0.0898709061145732 -0.00287055853500246 -0.0310309202738207 1.69321266965704 374.10019348138 -333113.244630708 104.313469556934 129.679329604942 73.0634534167442 988351.311921483
133300 0.2666 -1.66415495780397 0.00677100739259028 0.0177157618051319 0.066231862535796 0.0359679590607059 -0.0545850386937996 1.68415583708198 375.332631977397 -333122.508420276 104.329232759619 129.708441679744 73.0435342636862 988453.023106342
133400 0.2668 -1.68411461440166 0.0091891743552439 -0.00112477196396181 0.0691626895497028 0.0120931318866982 -0.0206566822698672 1.69292312704645 373.594657919523 -333111.482867711 104.336100036913 129.748249200031 73.0236151106282 988551.808314747
133500 0.267 -1.73614041268927 -0.00690844711757249 -0.00177260088687089 0.0625715775905716 0.0268731272257617 -0.0296349135116653 1.73657635113103 376.109625741657 -333131.672432466 104.311707384057 129.77980098438 73.0036959575702 988291.375819101
133600 0.2672 -1.71867428867351 -0.00742729071515387 0.0160259884833808 0.0528685575736748 0.0167646760643122 -0.0212846735167639 1.72616286200287 373.060264649287 -333110.596696139 104.312645229525 129.839153388242 72.9837768045122 988482.45995475
133700 0.2674 -1.74133070018405 -0.00241213256260095 -0.00527743819352045 0.0595852653955489 0.0396378511679887 -0.0236644147429983 1.74238576799149 374.256496232566 -333121.176008546 104.314449708477 129.853885462596 72.9638576514542 988341.901011863
133800 0.2676 -1.70530153707625 -0.00770088432015431 -0.00216365907224854 0.0443185053256273 0.02794964600602 -0.0328422239901247 1.70374599257196 374.091518028907 -333120.652119541 104.314126153351 129.919272736042 72.9439384983962 988566.555875538
133900 0.2678 -1.72519566275413 -0.0306629820555851 0.0154125645263813 0.0316342941853336 0.0342394448268496 -0.0358655654291036 1.72105162683024 373.560105694668 -333118.089720637 104.302701366825 129.973350845262 72.9240193453382 988599.689531651
134000 0.268 -1.70650132208162 0.0169732736924999 0.0195701018167165 0.0523177562411588 0.0332280252828669 -0.0246816615004893 1.72864059138589 373.960012509743 -333120.025116531 104.336821273473 129.975749681682 72.9041001922802 988671.20730594
134100 0.2682 -1.71337319926433 0.00786222878423921 -0.060478247909446 0.0466634732829011 0.0363920325673239 -0.0457579028324944 1.69306783863018 372.675090578002 -333114.779769891 104.347619197235 129.97484295335 72.8841810392222 988496.473261152
134200 0.2684 -1.67029753649896 0.0264295979718657 0.00897323127621608 0.0554196564679528 0.0289973043896754 -0.0662587733361322 1.69542803552163 372.912024570647 -333115.725107211 104.356842718382 130.060382758956 72.8642618861642 988964.104781775
134300 0.2686 -1.68628393845684 -0.0202429199998064 -0.0238662638135726 0.0483003560830165 0.0182858025007808 -0.0588961589063919 1.66975367102407 373.176310538327 -333118.090536482 104.328619017421 130.093083547121 72.8443427331062 988674.87013247
134400 0.2688 -1.6438899300611 -0.0286180544505394 0.00358568123647581 0.0503726405532596 0.0166318407656912 -0.0512745953840764 1.63660851054905 373.398265832729 -333118.886656293 104.307008785623 130.174481064994 72.8244235800482 988818.087954593
134500 0.269 -1.6239554736279 -0.0159096885312295 -0.0112853094216491 0.030906172814728 0.0292603862637835 -0.0508661247049762 1.61445502206774 373.480290706944 -333119.758974847 104.283932467206 130.227037763592 72.8045044269902 988727.950885689
134600 0.2692 -1.63158207074388 -0.00263326704218892 0.0476620953417474 0.0366333281183912 0.0174559118265881 -0.0519862424665157 1.65860792109621 374.716005952618 -333132.100925462 104.263531688331 130.303388411671 72.7845852739322 988843.475984573
134700 0.2694 -1.65071535829674 -0.0267271085349605 -0.0218807732695797 0.0447819433297161 0.0450114793532639 -0.027186647436888 1.63081066418443 373.596384059345 -333122.566809045 104.266593362089 130.30599886426 72.7646661208742 988621.691044352
134800 0.2696 -1.64149101660888 0.0288551444033513 -0.0100600751470544 0.0439233284569676 0.0182030978173364 -0.0562208419708042 1.65615005003 373.940415110091 -333125.568539196 104.299490403197 130.328725731507 72.7447469678162 988835.326004548
134900 0.2698 -1.67310844515552 0.00750479894743883 0.0190216529475179 0.0547907423572191 0.0154653156233589 -0.0571698179302197 1.69218133191923 373.075415242481 -333118.737012675 104.28118658547 130.375413478883 72.7248278147582 988745.146543253
135000 0.27 -1.7164724727174 -0.00934717174540657 0.00102736202990595 0.0459642631636617 0.0334978044388008 -0.0744676502523634 1.72001040556065 373.08321314863 -333119.264767092 104.287483834039 130.393015496425 72.7049086617002 988667.485080565
135100 0.2702 -1.73606254321175 -0.0113185912054926 0.0274912217408478 0.046975060154115 0.0160428814446016 -0.0424361331038826 1.7481359955289 374.084859021434 -333126.964131812 104.308846832431 130.403672939548 72.6849895086422 988679.888952295
135200 0.2704 -1.73197177781222 -0.00280537353514912 0.00163830934028988 0.0519232687284867 0.011574589933861 -0.0522701534588532 1.73620464371803 372.587654483251 -333113.903376931 104.342591085155 130.391121046375 72.6650703555842 988633.527811783
135300 0.2706 -1.73129303075463 0.00922729044039647 -0.0484731271875782 0.053170056232865 0.0224224173630269 -0.0535520513162927 1.7178196945272 372.42654521255 -333113.986484005 104.35923831939 130.374555721051 72.6451512025262 988394.623200389
135400 0.2708 -1.72878837091301 0.0218199308567751 0.0181058876971487 0.0476760352410449 0.0133775120687005 -0.0738029541144934 1.75551641979161 374.015891428857 -333124.772642446 104.347716966808 130.440957554652 72.6252320494682 988517.729175371
135500 0.271 -1.74451037148673 -0.0236402616182386 0.00176914158614115 0.0417818432219504 0.0448066628881616 -0.0881943424772354 1.74366300064421 373.426229666739 -333120.187825569 104.310726643207 130.476214985797 72.6053128964102 988163.303389852
135600 0.2712 -1.71567248220831 0.0275822817738136 0.00752264041842998 0.0437679163412023 0.00496151210674804 -0.093487427831792 1.74253003842076 373.539329530625 -333122.332852276 104.312054058118 130.536413295202 72.5853937433522 988360.567248445
135700 0.2714 -1.68579411305485 -0.000754360746322132 0.00807058832520402 0.0236404749915749 0.0561105609226245 -0.0744145777010081 1.69765768811666 374.236995696528 -333127.283556605 104.328676072008 130.555153869428 72.5654745902942 988388.667163974
135800 0.2716 -1.73889398597428 -0.0199606694298672 -0.0477740317000453 0.0479763441492173 0.0182627561039101 -0.0959215114697921 1.71557704503735 374.361949234937 -333131.894722955 104.354970645365 130.532731620037 72.5455554372362 988196.649087169
135900 0.2718 -1.70443369408942 0.00980359229184645 0.0014966927828335 0.0319327654129171 0.0237489690135728 -0.0850715156207528 1.71781870846289 374.650048545279 -333136.541198554 104.382226532984 130.598838173781 72.5256362841782 988683.798451378
136000 0.272 -1.69843386008977 -0.0155536295288597 -0.0153316905449539 0.0151564372048931 0.0256002400242672 -0.099816638286333 1.69263249699058 376.447666740634 -333152.713698774 104.374404044652 130.623375747639 72.5057171311202 988523.878214212
136100 0.2722 -1.66530301019323 0.01828322820867 -0.00256614820678956 0.0431518481517135 0.0180536460620586 -0.117576265447054 1.68755212613282 374.372980279719 -333139.140377284 104.38871875793 130.679572351211 72.4857979780622 988813.065103742
136200 0.2724 -1.69613083345131 -0.0433604749781222 -0.0026281594001928 0.055722858762932 0.0143784453419306 -0.0689508235650903 1.68072249983378 373.973226801836 -333136.815410556 104.369581212316 130.706644097103 72.4658788250042 988564.859524152
136300 0.2726 -1.65809475642793 0.0251339133668475 0.00587649849839357 0.0324085399341726 0.0182972114877956 -0.0927493666805662 1.68261035576256 373.420372529308 -333133.199377294 104.407737301578 130.734928027338 72.4459596719462 988868.370246841
136400 0.2728 -1.65030249040399 -0.00238113880574286 -0.0209423791177287 0.0346711596499223 0.0436627450447931 -0.0892736904002924 1.64882891341554 372.120121071231 -333125.234125789 104.396919196903 130.749482476258 72.4260405188882 988604.093573382
136500 0.273 -1.66533319407665 -0.000694827292656018 -0.00891104534257721 0.0301355610963899 0.00987849079131754 -0.121900623815202 1.67481576979108 373.27782741681 -333135.082758938 104.395230795821 130.778055447429 72.4061213658302 988532.194969384
136600 0.2732 -1.69938474427792 -0.0088753430911019 0.00381243461553702 0.0346187656319641 0.00719758234957297 -0.118109458793843 1.71027253613095 373.727537526248 -333138.220204018 104.387364312737 130.823475982905 72.3862022127722 988528.985233452
136700 0.2734 -1.67584213919711 0.0440042040773821 -0.00732089327891382 0.0618340274484594 0.0251878037956123 -0.0993199373915182 1.7073960865039 373.106503747748 -333134.429958949 104.404225616296 130.847688482312 72.3662830597142 988599.526231998
136800 0.2736 -1.68421842760919 -0.0215191990483798 0.0028041285199997 0.0505388603649333 -0.00591192248055112 -0.102281246015408 1.68663999373526 373.668696855688 -333140.987655607 104.391125723032 130.888194650474 72.3463639066562 988509.316898991
136900 0.2738 -1.68308751405983 -0.00259830358671651 0.0229251560336927 0.0756118064036992 0.0164226073834049 -0.0849263629764618 1.70504701850169 374.928366928731 -333151.439237347 104.378461018846 130.947127300376 72.3264447535982 988562.159172175
137000 0.274 -1.66467116441024 0.000598618485014145 -0.026336303604372 0.073990884982101 0.0170064298312576 -0.0944094048007154 1.66524053646447 373.802307839387 -333144.776574525 104.386003248143 130.994287285686 72.3065256005402 988717.2689587
137100 0.2742 -1.67222526629965 0.0222117229055142 -0.0134838475156086 0.0469453450685562 -0.00192191148184513 -0.100364775359123 1.68782372633007 376.06534422457 -333162.843063086 104.373029665702 131.035958974574 72.2866064474822 988636.449880852
137200 0.2744 -1.68470911853653 -0.0307084534821062 0.0133208712523348 0.0727568967394027 0.0351413948082287 -0.0962640873134732 1.69052272634982 375.982052018093 -333163.420730742 104.356613304792 131.080323239874 72.2666872944242 988543.141300087
137300 0.2746 -1.6965087480455 0.0226756376890282 0.010636787706282 0.0670294155376816 0.0225456373820981 -0.114929408731781 1.72906707072368 374.468966378303 -333154.220178144 104.396576280159 131.063956975685 72.2467681413662 988525.680278222
137400 0.2748 -1.70034507026489 -0.00199753479540243 -0.0222016618332985 0.0890783961384355 0.0275206701556256 -0.108610835314166 1.70644217982904 373.140670062939 -333146.05015368 104.428053205481 131.051922089576 72.2268489883082 988460.331840812
137500 0.275 -1.70780022468331 -0.00591085019757058 -0.017200478336946 0.0663027834478236 0.0314803409095018 -0.0996942120441536 1.70977168684422 372.678005255812 -333142.401936278 104.449250247053 131.070581171043 72.2069298352502 988529.038941733
137600 0.2752 -1.706028802748 -0.00960427398168242 -0.0291582894157665 0.0630521535334629 0.0166956559651049 -0.0966345905370961 1.69877730122171 374.237241117873 -333155.818841883 104.441251919705 131.100506367329 72.1870106821922 988406.279439491
137700 0.2754 -1.6354239934884 0.0292729819900254 0.0141516513441393 0.0740396546296637 0.0407837693285385 -0.0922085329323869 1.6712914290894 374.313010726905 -333154.21633202 104.44095159484 131.184149613799 72.1670915291342 988761.13483695
137800 0.2756 -1.69050600668187 -0.0454250373959241 -0.00508260186372948 0.10605149832086 0.0388105205698766 -0.105975002573769 1.68707946300127 374.708471966267 -333158.244999756 104.409357856634 131.227289400363 72.1471723760762 988514.166676262
137900 0.2758 -1.66311997279069 0.0396977313942646 -0.00501529073060912 0.0844269535199276 0.0258720249431514 -0.130792420957995 1.70298592212546 373.498439339666 -333151.675339019 104.43944583281 131.283525344597 72.1272532230182 988949.653318205
138000 0.276 -1.67366012797403 -0.00909022864622522 0.00202889664984299 0.0784476271836671 0.0305394220118284 -0.103712899055472 1.686106254595 373.939425906614 -333154.716702993 104.40511216347 131.329002280851 72.1073340699602 988693.885797434
138100 0.2762 -1.6830796943423 0.00340367202631999 -0.0534632231418629 0.0915891593246349 0.074042669324674 -0.121670546568214 1.68451142907138 371.798177242317 -333139.889931739 104.424272729314 131.345895905066 72.0874149169022 988729.331968073
138200 0.2764 -1.65745578448885 0.0286714170153469 0.0241888289426808 0.0769605668668463 0.015983753824282 -0.12687314150003 1.7036174539445 373.301037211197 -333150.587601724 104.434100146431 131.401037420388 72.0674957638442 988964.162726646
138300 0.2766 -1.72667714059994 -0.0268349201577897 -0.0438996735642412 0.0801603051478672 0.0501339398612121 -0.117625339659963 1.71145312901563 374.055456760591 -333157.710325239 104.412642074311 131.392348385835 72.0475766107862 988422.306100198
138400 0.2768 -1.70160377975589 0.0401686642389481 0.0190231501398767 0.0829589769447969 0.0427889954699845 -0.126191121713784 1.75251236036147 375.342196985453 -333165.918059852 104.428793207182 131.438881303847 72.0276574577282 988651.896733151
138500 0.277 -1.70633712920172 -0.00207239851295368 -0.00837550218163849 0.0817253233055931 0.0262060769824946 -0.129817087390961 1.72234451648495 374.639713726982 -333162.590030148 104.41224394638 131.461534702329 72.0077383046702 988392.173294988
138600 0.2772 -1.69503986265066 0.0113313761763887 0.0260619411026008 0.0679172057641101 0.0230095875982589 -0.120522555720015 1.73091283135621 374.567837200328 -333161.016449325 104.431732237396 131.487507628701 71.9878191516122 988498.448693348
138700 0.2774 -1.74134692098551 -0.0168810798532394 0.00280502561322556 0.0878844757917206 0.0125495138253905 -0.115179913364957 1.75258687313294 373.200743366197 -333151.91894649 104.429108022636 131.486956839964 71.9678999985542 988195.957371161
138800 0.2776 -1.71124129740807 0.0211916472577254 0.00286319719235616 0.0625843670344539 0.0199609737770281 -0.110941867139715 1.73775057277917 375.690769289553 -333170.238693205 104.452422841856 131.510938046269 71.9479808454962 988323.231661808
138900 0.2778 -1.70964510273158 -0.0171651234747344 -0.0298557274782086 0.0716008343441873 0.00613037346603314 -0.121990634911196 1.7039098762275 372.385779270854 -333146.452320438 104.43893413932 131.550337743805 71.9280616924382 988217.989536092
139000 0.278 -1.72864020024933 0.0102964297006411 0.0313893371224583 0.0712766596129334 -0.0187590047436436 -0.119405090273633 1.76637885438448 374.419607487527 -333161.205806571 104.443017076088 131.599884291501 71.9081425393802 988355.053058241
139100 0.2782 -1.7759728281174 0.0144991670807727 -0.0271880360924887 0.0458505193560347 0.0199118411736953 -0.133347358617809 1.78710067635848 372.942153358696 -333152.443757797 104.453889769543 131.591054559758 71.8882233863222 988117.828918549
139200 0.2784 -1.76679137238271 -0.00826749718396502 0.0116406796164508 0.0582839882434765 -0.00781984043220898 -0.107654858588461 1.78127897440735 374.774042513146 -333166.127840735 104.463156266934 131.641859207088 71.8683042332642 988313.092042062
139300 0.2786 -1.7348635416876 0.0123663005696759 0.0156513238656764 0.0570579962355813 -0.00464111209294948 -0.108066952832066 1.76165532021408 373.587703470212 -333157.742508774 104.498178736435 131.648260670495 71.8483850802062 988418.483141505
139400 0.2788 -1.75291064099253 0.0271897217390923 -0.00751930750345316 0.0784130838406472 0.0150855233607642 -0.0907279475291372 1.77538719668399 373.914756753036 -333163.278090537 104.518042463927 131.663829684403 71.8284659271482 988449.170888445
139500 0.279 -1.70870612681215 0.00993950108758442 0.00340476914238884 0.0827750645155109 -0.0181157797664415 -0.0845206344916262 1.72786732703765 372.06420062947 -333150.375292531 104.513786033259 131.736784509584 71.8085467740902 988682.340458295
139600 0.2792 -1.72384798694768 -0.00393448092751507 0.00252498737307435 0.0798717358917877 0.00381313111393415 -0.100422749565275 1.73743782854919 372.848056601085 -333155.543870239 104.508023680902 131.766243515323 71.7886276210322 988574.607471215
139700 0.2794 -1.73482871960337 0.0162445123079965 -0.0028991546951587 0.0658454434007241 0.00407770636710992 -0.0939809732843102 1.7528993128497 373.433970044582 -333160.695430502 104.539197984549 131.773865054543 71.7687084679742 988652.295702859
139800 0.2796 -1.74921505354277 0.01913586606799 -0.0176856650355617 0.0663681566708353 0.00932533386658585 -0.0898532292246294 1.76096658181627 374.741723108031 -333170.18450203 104.53071706234 131.812683824381 71.7487893149162 988588.853798434
139900 0.2798 -1.74703575215349 -0.0201697399901676 0.0185307393125891 0.0565291012330363 0.0111304373031937 -0.117797067153798 1.76124422448391 373.257369105578 -333160.29205455 104.517532358957 131.86237186434 71.7288701618582 988562.247340927
140000 0.28 -1.76099414513599 0.0206593798339826 -0.0224661239684767 0.073496253541555 0.000108026835758621 -0.105238147360964 1.77447026520413 374.251110518655 -333165.853434425 104.557529716842 131.83526427944 71.7089510088002 988462.68165349
140100 0.2802 -1.77988609916531 0.0300146554218103 -0.0220854240663966 0.0994382303597472 0.00730760593308959 -0.104499108314645 1.80187221127312 372.523328435924 -333151.789095744 104.577131513281 131.839500011029 71.6890318557422 988405.123477823
140200 0.2804 -1.77396745456429 0.00417971908847251 0.00856662912978515 0.105330518045245 0.00495261011080343 -0.0909063711403032 1.79660130021035 374.287796246249 -333166.507596135 104.548297688698 131.89621453058 71.6691127026842 988282.999894886
140300 0.2806 -1.76529140034365 -0.0213931934994565 0.00198264846144188 0.116063093971398 0.0172445959524538 -0.0960549911802051 1.77523976192177 373.598421788643 -333161.956565398 104.545272289367 131.926352831391 71.6491935496262 988205.48692672
140400 0.2808 -1.79870916729742 -0.00537527382127348 -0.0133664698781047 0.105207256461494 0.0228358033959207 -0.101390865530957 1.8075922867153 372.884607123094 -333157.665746215 104.577899304043 131.924670680211 71.6292743965682 988226.474138799
140500 0.281 -1.81152345264793 0.00890137876260953 -0.0218489521848717 0.0999146497977781 0.0236500702142449 -0.0904969252187866 1.82074417567565 372.419465380355 -333156.128751216 104.57585339502 131.959290998737 71.6093552435102 988191.591695776
140600 0.2812 -1.76839627230493 0.000192333245404446 0.0172840048252664 0.126772157182192 0.0156399635248284 -0.0803246235772833 1.79630994454503 372.809400364883 -333157.78299751 104.556163119826 132.05319523177 71.5894360904522 988433.584514656
140700 0.2814 -1.81200214660855 -0.00754074461040443 -0.0377131415624841 0.116868550058142 0.0242964387454565 -0.0851923722099232 1.80750251583964 373.399364651565 -333162.31705944 104.531416416351 132.066890921812 71.5695169373942 988027.141633279
140800 0.2816 -1.78728214469551 0.00757117410341816 0.0233389603074977 0.113177104006392 0.0297470937735887 -0.0767293728897376 1.8190085079113 372.458687117879 -333154.585155275 104.52669380181 132.144815454322 71.5495977843362 988290.314732725
140900 0.2818 -1.85015888551772 -0.0349156357883393 -0.02177842905709 0.100239505336117 0.0369580364800215 -0.0821760104466766 1.83674389136816 373.685160616217 -333164.30205918 104.504404269758 132.166868909458 71.5296786312782 987969.344665932
141000 0.282 -1.83713284684884 -0.0127692018081051 -0.000564172111774332 0.095262586778411 0.0346972682563905 -0.0874904382715639 1.84513370722021 372.436517107302 -333153.899591314 104.537842255573 132.183257142205 71.5097594782202 988132.760561325
141100 0.2822 -1.85383184480061 0.00211263080396432 0.00409045449452718 0.117043463538081 0.0091303362003545 -0.0759803745807258 1.872664197719 374.260230587689 -333167.84365599 104.560100287361 132.166453641801 71.4898403251622 987942.241812955
141200 0.2824 -1.8683883816475 -0.0189935572643285 -0.014544280473288 0.10442605237283 -0.000852535727351043 -0.0394642252686213 1.86169233196868 373.364720575518 -333162.00324089 104.568426736176 132.178406771115 71.4699211721042 987834.95500939
141300 0.2826 -1.83489613138123 0.0247326799289845 -0.00299287786031655 0.0922425838245468 0.00542406015680723 -0.0781464434730272 1.85778462699938 373.044115963706 -333157.866607012 104.590825614828 132.242494115657 71.4500020190462 988250.102669914
141400 0.2828 -1.87431445156954 -0.0481277065826855 -0.0455045146652182 0.0978401511522604 0.0252290521873941 -0.0521192422401126 1.8380783971314 373.84298049594 -333165.278509045 104.543711548635 132.289040447007 71.4300828659882 987877.137841511
141500 0.283 -1.80028048192144 -0.00544352225289575 0.0501731319667234 0.0973023552183447 0.0190824458651926 -0.0584751425573239 1.83415087756986 374.263241094134 -333168.918630364 104.564810521648 132.359797426213 71.4101637129302 988329.315280218
141600 0.2832 -1.86761336491452 -0.00804136847186035 -0.0409684270518404 0.107383079243592 -0.0107374957903781 -0.0870714432793562 1.85890976982618 374.512415052891 -333170.975020307 104.586388782938 132.319878698908 71.3902445598722 987959.476846936
141700 0.2834 -1.81583827170543 0.0294656498237731 0.00673187967529862 0.11779476934344 0.0346309601995679 -0.0438012027430748 1.84788880652012 372.592399386892 -333156.540539131 104.609712003477 132.380833595636 71.3703254068142 988359.167345152
141800 0.2836 -1.86584541752985 -0.0263256527847185 -0.0417802659564974 0.108582350278552 0.0235260541062308 -0.0643682219115098 1.8452922136041 372.552908728676 -333156.633820057 104.570653057622 132.423439504661 71.3504062537562 988032.28157283
141900 0.2838 -1.79415446432767 -0.0107068975734054 0.0326796162780853 0.0871299589519068 0.0356682202260715 -0.0505786368625031 1.81499623582752 372.01878141656 -333153.334552482 104.554449930465 132.520411339889 71.3304871006982 988326.605213108
142000 0.284 -1.80667476033474 -0.00513685852623022 0.0184988938720675 0.0993464197038175 0.0204716821319911 -0.0690128597576766 1.8258786628073 373.640804230285 -333165.011265617 104.580046763745 132.521632494874 71.3105679476402 988301.613165991
142100 0.2842 -1.82351415344648 0.00309369983996066 -0.0308964256396879 0.106925366448696 0.0161025179313574 -0.0700492979325218 1.82355768645436 372.441486103044 -333155.959584041 104.61734388624 132.496145237692 71.2906487945822 988187.827772152
142200 0.2844 -1.8281932308593 0.0413653656557234 -0.0188205178494718 0.133024338196328 2.55752516064662e-05 -0.0585150909749628 1.85733925918663 373.769266763788 -333165.527266558 104.618049858246 132.546033398819 71.2707296415242 988290.363433639
142300 0.2846 -1.80981665426265 -0.0336112971077401 -0.019604238001941 0.118941932609138 0.0341893821572063 -0.0685681094523519 1.80000948063314 372.987337996447 -333159.868846264 104.573487407909 132.618729285792 71.2508104884662 988134.955143416
142400 0.2848 -1.78488666812001 0.0445692783523698 0.0416781176810498 0.146774533568584 0.00897634121078994 -0.0580796872883751 1.84840956858993 373.713063439972 -333164.810725226 104.577223549557 132.701274663273 71.2308913354082 988508.893103599
142500 0.285 -1.79144515357805 -0.0333947870976064 -0.0459198765744806 0.148597865027574 0.0237342914067315 -0.0558987225180318 1.77374918141739 373.395330330349 -333163.719934363 104.548910367787 132.723097170475 71.2109721823502 988127.380122392
142600 0.2852 -1.75192719954903 0.0250919308057329 0.0123841821159376 0.133736433448003 0.0336039593016666 -0.053148253009241 1.78910445573429 373.82445003665 -333167.762754455 104.604883536199 132.743953965182 71.1910530292922 988535.173494393
142700 0.2854 -1.78038695353808 -0.0105898699220646 -0.0376026260659288 0.120959590997793 0.0185865222697047 -0.0664284735415162 1.77292768600721 374.096656276105 -333170.250328603 104.620115812407 132.723076810551 71.1711338762342 988247.040415796
142800 0.2856 -1.74203317264382 0.0293984623387192 0.00267089926148573 0.113509563882687 0.040269411184102 -0.0570549008090595 1.77330828513059 374.009999761573 -333170.449729717 104.622874601384 132.792637981193 71.1512147231762 988514.321771019
142900 0.2858 -1.77821571451642 -0.038125814525193 -0.0218649919354979 0.117158488722176 0.0466730014765664 -0.0660583976130589 1.76558124845099 373.920184269341 -333170.948851462 104.570968309376 132.850897515385 71.1312955701182 988180.640189552
143000 0.286 -1.72399964805719 0.0516548144848518 0.0423195811965273 0.127157571665117 0.050575474385562 -0.0804959749881527 1.79222748393442 376.089215388271 -333187.471226141 104.59832845639 132.910375884693 71.1113764170602 988604.801371826
143100 0.2862 -1.74533402180721 -0.00997649510062131 -0.0120990986858438 0.130590437497858 0.0657193590457331 -0.050357993018697 1.75485419530392 373.850904060834 -333173.360100661 104.590440108722 132.914347899609 71.0914572640022 988282.87976512
143200 0.2864 -1.73452347271458 0.0131264639764608 -0.00238863131468549 0.160224442253053 0.0599688251547257 -0.0550146381129186 1.76756620554141 374.059627486533 -333175.269570319 104.623108142818 132.94251708463 71.0715381109442 988524.026785075
143300 0.2866 -1.71445017994671 0.0303006479158087 -0.0336900200450702 0.136732222932769 0.0662822345324207 -0.0576967292715321 1.73662210337394 373.459827118562 -333172.0848081 104.630434960544 132.955957659254 71.0516189578862 988416.10100953
143400 0.2868 -1.73066398453239 -0.0247595644577149 0.0235342644566868 0.149613067860447 0.0632954654445073 -0.0733391230740892 1.75787766341407 374.131901469686 -333180.01028731 104.620293366889 133.032572278521 71.0316998048282 988612.573405531
143500 0.287 -1.71314211935157 -0.0167592870021843 -0.0107449273824596 0.149994984386774 0.056834423602859 -0.0463848174162356 1.72383123820762 373.446938596031 -333175.403335979 104.656838498693 133.019880259076 71.0117806517702 988586.252540919
143600 0.2872 -1.74347755830431 0.0142066723918633 -0.0173647166394906 0.159146725129204 0.0594115436363241 -0.0760400282196542 1.77168749145737 372.423010116848 -333168.945583567 104.681805109929 133.029783968581 70.9918614987122 988618.317139969
143700 0.2874 -1.71622642646672 -0.0280115767505463 0.015579478080081 0.155111596148544 0.0610752529917333 -0.0579483097322866 1.73752813678198 373.196991222144 -333176.997597949 104.653733532755 133.114180339394 70.9719423456542 988702.744802035
143800 0.2876 -1.75471968979026 0.000856842291495981 -0.0021606677803369 0.146892419586989 0.0322956917676421 -0.0665149620970368 1.77704656662698 373.853171323616 -333182.823792862 104.662850981661 133.119426032707 70.9520231925962 988550.319642751
143900 0.2878 -1.74710230601648 -0.0355698840056729 -0.0488213621255726 0.0930715243057434 0.0220869875145115 -0.08563255676391 1.71938585957915 373.864827378259 -333186.079336337 104.698407109515 133.095969943399 70.9321040395382 988434.333382845
144000 0.288 -1.67987643491587 0.0460442212922936 -0.0104320289591472 0.133386396338963 0.0427180970012269 -0.0937964191478457 1.72329967093025 373.825313695893 -333187.490006176 104.709368505265 133.171898494962 70.9121848864802 988823.998704142
144100 0.2882 -1.7096368778232 -0.0307087231160915 -0.0144467332449875 0.113760261120843 0.0503483103447952 -0.0892899155207931 1.7078389938061 373.758116648986 -333189.260732434 104.661076271164 133.241914863783 70.8922657334222 988609.816757095
144200 0.2884 -1.69527464805941 0.0273454272482838 0.0192396999925898 0.119246452091929 0.0480183433862051 -0.0933627631431233 1.74047372508497 373.945709965192 -333193.045453623 104.701890097965 133.284795633823 70.8723465803642 989035.646541755
144300 0.2886 -1.70834192064336 -0.0276051435840757 -0.035097044127858 0.134868807243228 0.0393765490155882 -0.0841919451310598 1.70083082749961 373.195669426523 -333188.728895956 104.709366590093 133.277873291628 70.8524274273062 988776.919758025
144400 0.2888 -1.66629804097636 0.00982503239925077 -0.011062626243632 0.120081373357431 0.0409777968762949 -0.103444461696082 1.68973754853973 373.918804544496 -333195.783863121 104.717109255718 133.343986441072 70.8325082742482 989062.419141887
144500 0.289 -1.61475971997048 0.00571829421747704 0.0361743783691955 0.106890196962075 0.0250232971315461 -0.123207675947188 1.66070027860214 373.764553768176 -333197.349444996 104.697391900369 133.399120686721 70.8125891211902 989006.859718214
144600 0.2892 -1.61317004032063 -0.00297524169415928 0.00611944097550994 0.109802777644827 0.0573545446777399 -0.108540897263213 1.6397671096725 374.261573840553 -333202.45000397 104.69819209991 133.422007707263 70.7926699681322 988905.850394673
144700 0.2894 -1.6483760102511 -0.0114585832937673 0.00569326724792707 0.13493144018837 0.0554445442617745 -0.109669724367874 1.67564707804411 374.115222961976 -333203.888670306 104.697288581666 133.452202695109 70.7727508150742 988842.803547309
144800 0.2896 -1.62641204621938 -0.0298032319397931 -0.019159351620858 0.128048385372573 0.0526194188442 -0.11035974737569 1.63104276749244 374.267627717835 -333210.295169049 104.694747139781 133.478832636999 70.7528316620162 988737.754827891
144900 0.2898 -1.62325216094836 0.034054815294206 0.00382602955351201 0.122675401974421 0.0501125065469178 -0.112717271864788 1.66981403704549 376.283530456911 -333227.304171174 104.732021374687 133.506549098666 70.7329125089582 989016.636517251
145000 0.29 -1.63117721943314 -0.0170018540676276 -0.0580684388577218 0.113433420265107 0.0496001229552771 -0.114871761268103 1.6206567831384 373.899802964851 -333214.832382485 104.71493885355 133.525537753727 70.7129933559002 988717.454095894
145100 0.2902 -1.57569814322046 0.0526757810210099 0.0464808250311573 0.13838851610667 0.0859732023567906 -0.112570661347875 1.66108310748245 375.177369271684 -333227.62379533 104.695080140291 133.657755632207 70.6930742028422 989230.062393346
145200 0.2904 -1.6774235857581 -0.0547039529839838 -0.0142852877609019 0.120261699487044 0.0724776063901603 -0.0958661573291885 1.66947879184339 374.902071813305 -333232.106064823 104.63086041186 133.689086135479 70.6731550497842 988576.383305203
145300 0.2906 -1.58293841209027 0.0347005669271358 -0.00791764957938869 0.111877328112101 0.0848341046338747 -0.0970964660971257 1.62390102756503 373.631073545642 -333224.572795947 104.670340683793 133.738918641216 70.6532358967262 989039.193889448
145400 0.2908 -1.60218232089611 -0.0148603478619742 -0.0217857942396484 0.131740795608914 0.0893681775055916 -0.109252999845238 1.61879018830012 374.754624064806 -333234.757302657 104.641705911132 133.765446795186 70.6333167436682 988685.93412158
145500 0.291 -1.60762595516957 -0.0196582615078186 0.0325244131048551 0.149662603161231 0.06568084259458 -0.0948879200108451 1.64753712698552 375.577967635908 -333245.08556515 104.653815987685 133.803419974214 70.6133975906102 988802.124547822
145600 0.2912 -1.62005918133047 -0.0185676763434461 -0.0070736333425552 0.159617263060727 0.0408815126550174 -0.0589837017364661 1.63560352874328 372.81179185657 -333229.407622301 104.700126578479 133.784353078011 70.5934784375522 988819.703243115
145700 0.2914 -1.65282780689049 0.0346628145108618 -0.0379484057145885 0.149932073992354 0.0641080151048611 -0.0874997565382392 1.68318247641215 374.419945734097 -333245.20861995 104.74728179317 133.768564268382 70.5735592844942 988869.196362415
145800 0.2916 -1.67631288342445 0.00727112159177154 -0.0265556774687066 0.13468430553157 0.0546709099071863 -0.100333248831085 1.69476714935853 373.35608378773 -333239.943862327 104.707799168474 133.846137749929 70.5536401314362 988790.535226398
145900 0.2918 -1.66260116119624 -0.00809593949710592 0.012320590560188 0.131092477629544 0.0529784179366986 -0.102697257840387 1.69209918462135 373.847468797646 -333246.66794267 104.684495802958 133.934529632922 70.5337209783782 988944.041129084
146000 0.292 -1.66495288648862 -0.0160425809371679 -0.0136327123102402 0.144064809687712 0.0253188812416566 -0.0894601663178151 1.67662791636082 374.461416372439 -333253.380925368 104.682142344057 133.949068431223 70.5138018253202 988749.849346126
146100 0.2922 -1.61154592963616 -0.00136017921962642 -0.00535833697808495 0.158212952089505 0.0521922831408341 -0.124195908123947 1.64797340637782 374.546568383059 -333256.041560131 104.702669287683 133.96398436393 70.4938826722622 988774.461963107
146200 0.2924 -1.62792728619858 0.0388400381217974 0.0112348046403699 0.14653556455265 0.0385255844772303 -0.0863426784331275 1.68050579069572 373.051174526777 -333243.309057305 104.725544893598 133.986165221683 70.4739635192042 988874.740335151
146300 0.2926 -1.68932494828793 -0.0555166279650087 -0.0356996843418034 0.143970742233685 0.0520140370807919 -0.0841899093725696 1.67142524592777 372.261068739286 -333238.841902441 104.704921953689 133.996234516887 70.4540443661462 988474.841498291
146400 0.2928 -1.64571204982367 0.0290007252112967 0.0140208930977553 0.168056957489944 0.0669847079241442 -0.109875113088606 1.70710522687534 373.821000961156 -333251.134701545 104.741248320568 134.038766063663 70.4341252130882 988851.989828545
146500 0.293 -1.67973828175907 -0.00607849110273333 -0.039175769773291 0.163940379323608 0.0696305177735195 -0.0807786048680224 1.69162320277654 375.129609743769 -333264.389034809 104.740209293618 134.043654872717 70.4142060600302 988598.586475815
146600 0.2932 -1.66240450322876 0.0222995632028926 0.0194660096589083 0.13794239748692 0.0795069897743088 -0.070500000373156 1.71009393625003 372.908249418999 -333248.757205275 104.745386910266 134.109774578623 70.3942869069722 988855.313968692
146700 0.2934 -1.67331468103848 -0.0248578857766094 0.00487475316527423 0.1600045796827 0.0703534987482917 -0.0597010273021357 1.69400492480624 373.51525950577 -333253.760645846 104.718481674059 134.149098528044 70.3743677539142 988611.371101049
146800 0.2936 -1.69241387069348 0.0189556242320924 0.021805678752181 0.143974561918988 0.0571039030593098 -0.0758256678585922 1.73864555149371 374.217197666136 -333258.229608451 104.746397191088 134.176781790919 70.3544486008562 988799.023632417
146900 0.2938 -1.70133524693406 -0.0378535272017911 -0.00513632132480842 0.144932226324755 0.0513672507875428 -0.0866749494941708 1.70766969756833 375.863644123158 -333273.233021451 104.767727249386 134.156717012641 70.3345294477982 988572.513418817
147000 0.294 -1.69023017490864 0.0350329688550035 -0.0252415921590528 0.117450988483704 0.0538463259552252 -0.0962592027448624 1.71873687520627 373.400323716695 -333256.89610377 104.83169042058 134.130731440479 70.3146102947402 988704.374957162
147100 0.2942 -1.67042995196562 -0.0359670297257118 0.008404841595511 0.115821547622688 0.0480164331062031 -0.0683762134314902 1.67545475364811 374.336660075083 -333264.113863469 104.834729700133 134.160053823362 70.2946911416822 988669.031288887
147200 0.2944 -1.69760083894906 0.0179158576500634 0.00815003825183807 0.123329227428419 0.0558258554175682 -0.0781871728021938 1.73195238291682 373.919914678236 -333261.419185749 104.844762365038 134.206747014743 70.2747719886242 988827.497065835
147300 0.2946 -1.71608603672072 -0.0111094857578588 -0.0408945754439909 0.128640361748028 0.0515889106795955 -0.0960076292128129 1.71532241317665 373.291140152071 -333257.596472455 104.807380665991 134.242690887034 70.2548528355662 988459.420156718
147400 0.2948 -1.67045534474246 0.0319969900268701 0.0450189681458839 0.112345770456264 0.023383717418594 -0.0723948548127494 1.72508288997281 372.671121044757 -333253.330812908 104.82036579857 134.343838766587 70.2349336825082 989046.251705634
147500 0.295 -1.72022072504758 -0.0437146819018608 -0.0397744191713973 0.13470416581799 0.0242260263514572 -0.0900967700978853 1.70230506505868 372.716540381458 -333254.186852763 104.80322389459 134.336453105516 70.2150145294502 988549.702675145
147600 0.2952 -1.72458308882663 0.0300939812567609 0.0579998715667052 0.14354813595427 0.0504648206369658 -0.0949362163778113 1.7958655675611 373.626806337646 -333261.076057819 104.835004276633 134.392993627631 70.1950953763922 988985.02064776
147700 0.2954 -1.74655748491225 -0.0398360838870171 -0.0146625638483617 0.13995647626064 0.0306458314773323 -0.0988044906643276 1.74567000347912 373.515872943469 -333261.208666868 104.817712564038 134.375675562474 70.1751762233342 988413.914080348
147800 0.2956 -1.68762693945988 0.0437753591042607 0.0488460605484137 0.117304469061369 0.0245632558030274 -0.105203976936947 1.75580573011491 373.247354522163 -333258.276500261 104.868430497318 134.420447679526 70.1552570702762 988940.87153724
147900 0.2958 -1.74889707140442 -0.0419307908065921 -0.0631348178221336 0.133701782996224 0.0196262423739895 -0.108054070634675 1.72273040542381 374.828352619183 -333270.667832196 104.848022376696 134.386293851285 70.1353379172182 988216.529953359
148000 0.296 -1.69755545295862 0.018612176334928 0.0394215007899772 0.134078674219905 0.0141697971891109 -0.103982091095872 1.75166980242893 372.706069915791 -333252.321978245 104.876434169048 134.448223639051 70.1154187641602 988658.975838768
148100 0.2962 -1.70945015648419 -0.0403794778806833 -0.0247662393797819 0.139656919734142 0.0182335250419516 -0.106327270484965 1.70456044695163 373.191090858407 -333258.069367448 104.872667842959 134.440864444956 70.0954996111022 988288.51395639
148200 0.2964 -1.74284427729739 0.0168597365401573 -0.0399164046110912 0.135231029473737 -0.00216790634068562 -0.082494182871693 1.75361478298976 373.373874261564 -333258.947787553 104.914323392533 134.447668456844 70.0755804580442 988450.130855233
148300 0.2966 -1.68546144053162 0.0233993923552118 0.0100315904832859 0.103118755462789 0.027336934606887 -0.110311891083468 1.72284323963899 373.841331193448 -333262.644647045 104.907494843499 134.528084574544 70.0556613049862 988695.85195546
148400 0.2968 -1.70316792406003 -0.0234229994829775 -0.00329869131029913 0.116543983718446 0.0239619694851047 -0.104337534338097 1.71198151144177 372.413725753081 -333251.717138587 104.892635964285 134.570588462765 70.0357421519282 988586.979348495
148500 0.297 -1.71332735817192 -0.0120465779707806 -0.00471674400801589 0.128141346416461 -0.000261450793995498 -0.133139011065962 1.73473886595283 373.833489651003 -333261.559886414 104.923854064268 134.567573539268 70.0158229988702 988577.80178171
148600 0.2972 -1.6975135294688 0.0212331390251227 -0.0216543976340139 0.121760702225221 0.0157644267115883 -0.111411738870492 1.72182372049204 372.652109334415 -333253.19989299 104.962683223016 134.564452993696 69.9959038458122 988639.368596276
148700 0.2974 -1.66014476755576 0.00506050890628621 -0.00491050376491247 0.121547138174837 0.0077733118304507 -0.0996854477893215 1.68247383633974 375.499602887214 -333276.011267286 104.949725116236 134.621677259972 69.9759846927542 988656.261157354
148800 0.2976 -1.65109401795592 -0.00156992395403699 -0.00238596039678348 0.134198377864722 0.0156804997126629 -0.103570799648014 1.67527022015309 373.739494397505 -333261.978708823 104.93626763176 134.695138735398 69.9560655396962 988787.371431462
148900 0.2978 -1.63873641869335 0.000272539189606331 0.00694535616990824 0.100881700542915 0.00692458175603812 -0.0987631651379979 1.66050275148434 373.325229070497 -333257.923340312 104.948493245058 134.743576284797 69.9361463866382 988976.508801499
149000 0.298 -1.65536847001842 0.010837090263509 -0.025298296155156 0.103958374249362 -0.0271562883640146 -0.0968462153597085 1.66736610991817 372.067492464185 -333245.772707874 104.969043475237 134.774536789444 69.9162272335802 989115.648567152
149100 0.2982 -1.65316861821357 0.00155466746888953 -0.0188277002525653 0.100262784168661 -0.0182872958365329 -0.123250585903046 1.66779215989846 373.625636459849 -333254.464429378 104.966926963579 134.803677968709 69.8963080805222 989027.714207327
149200 0.2984 -1.62093000003139 0.00663699844108563 0.0149375122684546 0.121906454948965 -0.00803311890537533 -0.0894307736622337 1.65267165811255 373.434351217316 -333252.184327397 104.965514214345 134.856148878536 69.8763889274642 989117.405822183
149300 0.2986 -1.64905931080902 -0.0173953540734293 0.0190015317080081 0.117138053393266 -0.0223775167060431 -0.0981961831650952 1.67171564246324 373.990460206905 -333257.126663213 104.977183820421 134.86340224911 69.8564697744062 988998.571123197
149400 0.2988 -1.62048790464929 0.038134149006057 0.0195263241321845 0.128321216804933 -0.0101921619336133 -0.0910174154018172 1.67184723392207 373.437603814822 -333251.274808852 105.010079639064 134.89442860891 69.8365506213482 989253.923029446
149500 0.299 -1.65395126003144 -0.0229322234340514 -0.0428212800134516 0.143880454149398 -0.0295145964154796 -0.0940083393130413 1.64906338127385 374.538106487225 -333262.198910468 104.967497026629 134.917635837188 69.8166314682902 988740.798690288
149600 0.2992 -1.60679416007505 0.0249625856884896 0.0325512260204678 0.103757936784908 -0.0101443276810927 -0.101743818720399 1.65491140073815 374.334238854232 -333260.995518823 104.963199577011 135.007099409118 69.7967123152322 989073.65389948
149700 0.2994 -1.58642893012349 0.01508631008776 -0.0106053355605195 0.110342158664983 -0.0139388597955763 -0.0719024961795923 1.60529888851812 374.458297467284 -333262.897218873 104.960356797465 135.054247691733 69.7767931621742 989109.908463182
149800 0.2996 -1.60850386197581 -0.0088963532991763 0.00231992730516711 0.110538623036425 -0.0442465511287872 -0.0916414242730508 1.6262028528989 374.514998684665 -333266.132353263 104.951156326996 135.106606395638 69.7568740091162 989124.191824861
149900 0.2998 -1.54852817717502 0.00683235866405143 -0.0115402169309095 0.0935439463565483 -0.0164381561886767 -0.0915714628613542 1.56305022824786 373.838453451687 -333262.789734963 104.949942029436 135.152328323728 69.7369548560582 989164.939025314
150000 0.3 -1.54275669132945 -0.000766136537885236 0.0243340568323912 0.0966566641031624 -0.00879342073266306 -0.119470944730433 1.57738662878496 373.924874837579 -333264.312433506 104.937465955132 135.211584367484 69.7170357030002 989198.359400643
150100 0.3002 -1.57620475607468 0.0120995781984083 0.00228156423145652 0.11191240507875 -0.00364266808764398 -0.125741720373369 1.61004936712591 374.694842855844 -333273.360475703 104.965820443964 135.199476214774 69.6971165499422 989094.358956262
150200 0.3004 -1.61196017941163 -0.0205449730540417 0.00343108368433711 0.105085634552768 -0.00383695147713948 -0.137962583712144 1.63144329765898 372.847235161867 -333262.087385837 104.988896990796 135.195961157443 69.6771973968842 989003.354460109
150300 0.3006 -1.64063348670747 0.0151864323573141 -0.00391145215933594 0.0918661992067864 -0.0186457642190945 -0.0827355345220701 1.66053556758898 373.704992106518 -333270.167660286 104.990812253625 135.218870844157 69.6572782438262 988906.204386117
150400 0.3008 -1.64492967662284 -0.0172957418240647 0.0062651334683038 0.113165839936337 -0.000203069823398482 -0.12032853108302 1.66431737736162 374.734566996456 -333280.402958037 104.991342690398 135.256822121724 69.6373590907682 988905.886039622
150500 0.301 -1.63677131126656 0.0186448514847594 -0.00960741208861163 0.100301575331643 -0.00451240121946836 -0.137638014469025 1.66778493246549 375.013753776638 -333286.348858286 104.995424556556 135.288887149704 69.6174399377102 988895.833756932
150600 0.3012 -1.63446947215333 -0.0231178017411616 0.016304573748456 0.107748588652943 -0.0316548337787496 -0.166439432164219 1.66807471485493 374.888307251691 -333288.608467582 105.000385140645 135.326355732832 69.5975207846522 988933.407262343
150700 0.3014 -1.65858114376708 -0.00020429369633892 -0.0121812302992518 0.110270789601345 -0.00985217267907273 -0.163383064974586 1.68740841655563 375.29071264932 -333292.432603814 105.04797937959 135.297636583087 69.5776016315942 988888.594055627
150800 0.3016 -1.62093995589484 0.023384767134149 -0.0302122412409145 0.0918074723424235 0.0051834707921687 -0.126090384859259 1.64061218593047 373.929007678012 -333283.563828639 105.059148968598 135.319106069002 69.5576824785362 988867.497074672
150900 0.3018 -1.60213270885442 -0.00651596937905804 0.00854859464465593 0.101872123421847 -0.00644166085954831 -0.120283529861594 1.62632089304527 372.374245188721 -333274.496870573 105.053505140337 135.385538150989 69.5377633254782 989016.507706769
151000 0.302 -1.60430582291729 0.0197382930185197 -0.0123170365827647 0.120452664638982 0.0139602603656297 -0.130942790263179 1.63769252549685 373.354872513194 -333284.456776111 105.072523645859 135.372507207235 69.5178441724202 988817.016311561
151100 0.3022 -1.61333276771436 -0.0123707449688295 -0.0259756548096981 0.106475927915234 -0.0200658871623324 -0.140307227753534 1.62350275377218 373.438770846497 -333286.655417659 105.062654789696 135.419950176443 69.4979250193622 988787.251701331
151200 0.3024 -1.6602548758209 -0.0183598533013822 -0.00152403876692269 0.087775717987624 0.0401034888289016 -0.145637872587141 1.67789007952196 374.151436412883 -333293.222009352 105.026676044079 135.492621184429 69.4780058663042 988695.620396872
151300 0.3026 -1.61465801829479 0.0111714003672696 0.017066141451027 0.0960212323854116 -0.00788606059592118 -0.149799906621099 1.65774145365359 375.943000482818 -333310.05089771 105.019268677013 135.554562944672 69.4580867132462 988794.283217774
151400 0.3028 -1.62817567631549 0.00444858321408982 0.0164502140799875 0.0836829595541208 0.00536192076318835 -0.157981434563987 1.66768382207067 374.466133725202 -333303.388575023 105.046207840897 135.557616360866 69.4381675601882 988786.558801071
151500 0.303 -1.67054361919978 -0.00974031916169113 0.00470425943954966 0.0788263756169194 -0.0422493688940401 -0.151770710389712 1.69574901346517 373.137665166595 -333295.292976145 105.059409638171 135.564706059495 69.4182484071302 988678.850419509
151600 0.3032 -1.62429283239215 0.0190650710352957 -0.000408282614396677 0.071569306211302 -0.0218658087682759 -0.143906275187621 1.65768833207647 374.127433117864 -333302.976508483 105.067883889746 135.612761952615 69.3983292540722 988825.281620187
151700 0.3034 -1.71037241877718 -0.013286816252753 -0.0249539250194076 0.106918946290905 -0.0119293199072657 -0.139611470234425 1.71861327195008 374.472907635286 -333308.406176914 105.02669026371 135.655909280731 69.3784101010142 988468.285057885
151800 0.3036 -1.64125475352234 0.0257300500691062 0.04749157940056 0.0908025406105746 -0.0201998677384907 -0.177025556242558 1.71334806419041 374.055439200771 -333306.167966571 105.034329821589 135.741535378273 69.3584909479562 988880.154910887
151900 0.3038 -1.71277058205177 -0.0400950381483489 -0.0581960458541113 0.0852603820074603 0.00249201898594627 -0.132503724055935 1.68593960393167 373.952932141629 -333307.613143865 105.031940291779 135.720173281485 69.3385717948982 988418.091487478
152000 0.304 -1.61570865343654 0.0101740900856502 0.0317702227892945 0.089480907428092 0.0249825493493699 -0.140369406825271 1.6625514912136 373.285600810668 -333302.511336914 105.065980873401 135.792297385023 69.3186526418402 988979.678799019
152100 0.3042 -1.67815083058305 -0.0156471177366266 -0.0441231561954441 0.0875604719773523 0.015468220333584 -0.148353444116994 1.67544993949482 373.886254759413 -333308.644496982 105.067752119896 135.7552931717 69.2987334887822 988442.727103437
152200 0.3044 -1.64104673108768 0.018202367330816 0.0145338232139121 0.0680235908264558 0.0376200969002415 -0.137662958803614 1.67988532727055 373.671692372096 -333308.713989501 105.097974722327 135.817885319619 69.2788143357242 988898.590112172
152300 0.3046 -1.63935686000183 -0.00671300014484453 -0.0151778160191009 0.0755546043335558 0.0428307393487722 -0.138484025742562 1.65285812583526 373.625454247482 -333309.137270561 105.07786281398 135.868211794075 69.2588951826662 988791.330609654
152400 0.3048 -1.63603906163569 0.0219709484077039 0.0453216702826443 0.0598158016671027 0.0392265800163734 -0.158793024327338 1.6968364146488 373.40159793079 -333307.137077217 105.068148911781 135.94547171927 69.2389760296082 988977.619042154
152500 0.305 -1.66457956850733 -0.037853991862437 -0.0241727325752877 0.064758333339008 0.0121858933815457 -0.161118395556847 1.66119919285225 375.123074990727 -333320.655059043 105.0409588356 135.96183684965 69.2190568765502 988556.23213378
152600 0.3052 -1.65452817029707 0.00107489117794797 0.0293160386135627 0.0667773516566026 0.019918613612975 -0.15986045239051 1.6970000530439 372.784812274732 -333304.309123674 105.066331501586 135.982501010195 69.1991377234922 988660.711543126
152700 0.3054 -1.68437704637703 -0.0296281741177817 -0.024553910484513 0.0770182389910297 0.0488794727001551 -0.153837410026346 1.68599439280099 374.24214745857 -333316.627803699 105.081569172278 135.953950626018 69.1792185704342 988311.920322146
152800 0.3056 -1.65991048324018 0.050493015546502 0.0366753476300229 0.0514609830212615 0.0359554332563162 -0.155903000338417 1.72822960959041 375.728374977869 -333328.425489069 105.125709868663 135.985859452491 69.1592994173762 988674.372831144
152900 0.3058 -1.72462411756164 -0.00826796042770497 -0.0499783845985196 0.074294056168339 0.00796854932652523 -0.147517539332606 1.71990170102451 373.441883068107 -333312.712502128 105.11280540946 135.971181926938 69.1393802643182 988161.620993699
153000 0.306 -1.68897105586789 -0.00934272223779701 0.0297697011543165 0.0695413409024499 0.0311981856474653 -0.183495695198932 1.73401713960363 373.225340801557 -333312.529799236 105.116299061884 136.045359674544 69.1194611112602 988448.708975181
153100 0.3062 -1.70630848849017 0.02648316805069 0.00127838083163647 0.0720790015844063 0.0535083975640654 -0.188809973527353 1.75802467924269 373.351331082853 -333313.371061605 105.134284925765 136.046157669897 69.0995419582022 988338.729868661
153200 0.3064 -1.77135744123399 -0.00414452687367165 -0.0274258349718015 0.0653552777147954 0.045934807426147 -0.154399345563756 1.78132027046271 372.736312178504 -333309.653689201 105.14116795208 136.063815974836 69.0796228051442 988246.764972277
153300 0.3066 -1.7620813235632 -0.0137516982555952 0.0183943776599226 0.0719203428757201 0.0384158780706694 -0.164408562297272 1.7930218230901 373.417843016201 -333313.95043784 105.155527059685 136.102679161697 69.0597036520862 988378.95396383
153400 0.3068 -1.74554045746094 0.0210982372047844 -0.0208344266769106 0.0427764655457862 0.0654905322631462 -0.161748316698726 1.77356556702405 373.121200883454 -333311.075968069 105.188337098035 136.101036326786 69.0397844990282 988390.241012388
153500 0.307 -1.78375349955605 0.0196616208545768 -0.0109297841085964 0.0518320576486061 0.0424962576479269 -0.133279618343989 1.80688704147724 373.879372284123 -333316.096766542 105.189086622402 136.124986436632 69.0198653459702 988285.995460368
153600 0.3072 -1.73204428268456 0.00723604515854283 -0.0221499335965126 0.0549374910508445 0.0169816296286044 -0.124116302087772 1.74097191825186 373.983367917365 -333317.948851013 105.153765427943 136.213897065836 68.9999461929122 988314.117725333
153700 0.3074 -1.71258768380977 0.026130425244717 0.0429435703218172 0.0639156291700522 0.00637355152020737 -0.148480772732557 1.76951229819531 371.662868311175 -333297.819547147 105.157026485062 136.299168457919 68.9800270398542 988677.984703963
153800 0.3076 -1.73262898274307 -0.0265191645800689 -0.0306625651118556 0.0687019791779487 0.0431454185049762 -0.159913962988268 1.73211451035748 373.531871006571 -333310.690024876 105.16915164875 136.256047366206 68.9601078867962 988193.7193818
153900 0.3078 -1.71531026487761 0.0331577515846529 0.00366741866391208 0.0549963846323952 0.0419287396340154 -0.168814733652082 1.76246710264458 372.446670624088 -333302.891320391 105.195478999374 136.301367846757 68.9401887337382 988484.258702652
154000 0.308 -1.72350105064263 -0.0227095823873774 -0.0141352852551107 0.0907863897817939 0.0365446196730551 -0.179035807976812 1.74133360487694 371.689329877631 -333297.920879179 105.164672946053 136.345817227112 68.9202695806802 988231.43045282
154100 0.3082 -1.69355897828144 0.00896173183213437 0.00145462318109265 0.0719300635826406 0.0331474269007139 -0.160910326756525 1.72694718353995 375.262706591763 -333324.721512707 105.205130223709 136.358682144113 68.9003504276222 988419.134750045
154200 0.3084 -1.74974835524943 0.0108302244070726 -0.00836800965925338 0.0610366543039386 0.0204304807163049 -0.178162769342135 1.78153306394911 374.094586956162 -333317.475789263 105.219774947446 136.348126240391 68.8804312745642 988194.426858773
154300 0.3086 -1.78419947925822 -0.00756806870303202 0.01058522958488 0.0554718014094947 0.0337837960321259 -0.150045322536626 1.80809198451759 372.556735263533 -333305.331964391 105.217450565548 136.399077027446 68.8605121215062 988255.987862117
154400 0.3088 -1.71241223797778 0.0113138316531104 -0.00288314624418826 0.0696666640767385 0.0356060671806624 -0.139990584743574 1.73899891206307 373.889646683032 -333314.803635485 105.251620161174 136.414075569206 68.8405929684482 988399.635514112
154500 0.309 -1.79326746611955 -0.0159717916567604 -0.00672332092250048 0.0858455032700961 0.0171163182534082 -0.137351095598548 1.80413024542009 372.122696458485 -333302.543676445 105.27520891487 136.397883208593 68.8206738153902 988217.778583631
154600 0.3092 -1.76646628457511 0.0167071116233702 -0.00142246366771267 0.0675317710315232 0.0212003703478736 -0.127371311377868 1.79204023569723 373.499995315641 -333313.079933121 105.287432434766 136.437521740793 68.8007546623322 988333.597849712
154700 0.3094 -1.7527442140473 -0.00298947709974702 -0.0118491052796262 0.0748329942989285 0.029284160677633 -0.160833699806296 1.77290524574601 374.555153249049 -333319.564717968 105.271097272877 136.496729780784 68.7808355092742 988322.866007471
154800 0.3096 -1.68413532246468 0.0118755283016897 0.00482813727949443 0.0612139738710539 0.0293264741959726 -0.14414756669521 1.71484901988608 373.450839520955 -333309.74871917 105.272374156895 136.563267864222 68.7609163562162 988530.273102292
154900 0.3098 -1.7175289400161 -0.0289399508246956 -0.0107950763144882 0.0799997326915022 0.00763300603351356 -0.126791025110519 1.71752839812878 373.170479479167 -333308.98604728 105.258460979174 136.602841976304 68.7409972031582 988399.640027842
155000 0.31 -1.76121535011701 -0.0176944581292343 -0.0130163918952104 0.0600307583439191 0.00747197747943582 -0.137324859780338 1.76510515546245 373.587398598356 -333313.294844207 105.272795182007 136.608773547946 68.7210780501002 988290.704364673
155100 0.3102 -1.77078713559245 0.0226311979500879 -0.00844878921774807 0.0741137686047535 -0.00906609299581109 -0.163323045153349 1.80508289320665 372.576245868445 -333305.325761196 105.26932490427 136.647169514776 68.7011588970422 988249.358522967
155200 0.3104 -1.80248141824354 -0.0559507069047415 0.000860521908094692 0.0655016446828472 0.0245196796857399 -0.168873510097908 1.80362119773578 372.399857741303 -333305.771338777 105.238963738989 136.700925551118 68.6812397439842 988066.429438902
155300 0.3106 -1.76843676490589 0.0109956861931361 0.0108391207885782 0.0745855881373366 0.00589871039708149 -0.174675460450968 1.80953840485719 373.108360414714 -333310.271376104 105.264392234563 136.737148063724 68.6613205909262 988280.342337945
155400 0.3108 -1.76892034910683 -0.0255401380248573 -0.0255111818720731 0.0868285173003124 0.0292300648178745 -0.181214675724419 1.77851682118153 373.686426871689 -333317.153601365 105.238807842192 136.774372884488 68.6414014378682 988022.406612053
155500 0.311 -1.7644125426947 0.0173837955077467 -0.0100533581703092 0.0641550252067686 0.00730838140943985 -0.182053167479975 1.79961147883151 375.076929204667 -333327.574826479 105.2335278039 136.846044879489 68.6214822848102 988203.697828116
155600 0.3112 -1.71171921993453 -0.00440373366949721 0.0298075912271732 0.0803112388627053 0.0176264919849969 -0.15095625360063 1.75018606028582 375.451128812819 -333333.959541299 105.223600538931 136.891857270875 68.6015631317522 988154.347453063
155700 0.3114 -1.76550179300271 0.0201543922062155 -0.0567908697012377 0.0489288657258794 0.029552311339786 -0.133220200868802 1.76639060998301 374.10386751074 -333327.238354529 105.240476438813 136.877504187279 68.5816439786942 987922.268079918
155800 0.3116 -1.73793101620675 -0.0010017574371525 0.0644235551339749 0.0463380040773666 0.00031251283016799 -0.182346865765629 1.80028773377645 376.296174248782 -333346.671745761 105.251001898766 136.947785456844 68.5617248256362 988241.27140721
155900 0.3118 -1.73623343991655 0.00515368863225617 -0.0250590589964672 0.0720893196289344 0.0364502913849597 -0.16762056783464 1.75630188102144 374.961813510903 -333342.655756324 105.270926462958 136.939058079203 68.5418056725782 988078.211735369
156000 0.312 -1.72545821237271 0.00257629335437774 -0.00210721205842504 0.0717916701679585 0.00872536629504974 -0.148773553998998 1.74932077336356 373.403164758519 -333335.430518849 105.292675052865 136.984855611615 68.5218865195202 988325.559657448
156100 0.3122 -1.77613853768478 -0.0130161785419829 -0.022214687944727 0.0796755340204102 -0.0043121906109482 -0.17279553252309 1.78917361192073 372.24790920714 -333330.412016719 105.279381802681 137.013114476049 68.5019673664622 988117.313960966
156200 0.3124 -1.70961209630762 0.00453547234388152 -0.00701196955825035 0.045509871501752 -0.00116428219700064 -0.144190272033384 1.72836084964519 374.665982274062 -333350.915714868 105.287703277704 137.07572733472 68.4820482134042 988359.52551572
156300 0.3126 -1.70411826319289 0.00836485097688779 0.0123064823375916 0.0357311808114752 0.00621283033321978 -0.154234702975473 1.7362819213355 375.781871513991 -333361.684019311 105.271061934085 137.147878829123 68.4621290603462 988435.875601667
156400 0.3128 -1.7064371203008 0.00791963934096196 0.0094115887316771 0.0215144951187254 0.0205643466668247 -0.139938697095657 1.73291225200875 375.700499158999 -333364.958133144 105.266063597203 137.174856670559 68.4422099072882 988295.736570555
156500 0.313 -1.7015898203348 0.0114505281894433 -0.0152428354346808 0.0371191781767672 0.015978805544697 -0.152972660802372 1.72179973693575 375.199042120437 -333365.326174692 105.25618855691 137.228407604691 68.4222907542302 988301.088356111
156600 0.3132 -1.69082693385393 -0.0115091397534897 0.0165818470889545 0.0432947885642321 0.0183861872343297 -0.14992941771585 1.71526820464494 377.314188821089 -333385.553651294 105.217652011921 137.321120398836 68.4023716011722 988318.907155407
156700 0.3134 -1.69349429202057 0.0275291076027482 -0.0175151409406009 0.0223546114739887 0.0284644021344987 -0.127199349355513 1.71432120577643 373.257802398408 -333358.393352653 105.213099683341 137.385153892904 68.3824524481142 988449.058869495
156800 0.3136 -1.64272985895411 -0.00903748989768722 0.00997841110572384 0.0076917207323111 0.023831352204427 -0.134036173254968 1.66016772301289 373.978243548529 -333366.189673523 105.187527007192 137.465244745735 68.3625332950562 988496.878807427
156900 0.3138 -1.63327492322445 0.0140107983513924 0.032410315927014 0.011159802353533 0.0250962626862758 -0.143738759758798 1.67584117304714 375.181045235788 -333374.54461816 105.18742035176 137.509123344889 68.3426141419982 988523.286981934
157000 0.314 -1.6831813413787 0.0235296022469258 -0.0694143011191567 0.0280517262892365 0.0256058945147448 -0.139393991214435 1.6809200382979 373.303013780595 -333363.680704519 105.181290735879 137.514710083862 68.3226949889402 988217.731878194
157100 0.3142 -1.63535667878046 -0.0151239903337646 0.00888168381626912 0.0291053135639253 0.0242686393089397 -0.144800579663616 1.65282633603054 371.63276420368 -333352.795172884 105.140432590325 137.655172317717 68.3027758358822 988554.569200752
157200 0.3144 -1.60519938771051 -0.0216103229722276 0.00110419541220912 0.039949488736958 0.0269445893396602 -0.153481272856085 1.61922084942609 373.519870706347 -333367.980906652 105.135828733251 137.6951231693 68.2828566828242 988509.809073878
157300 0.3146 -1.59340376606216 0.0314228545280745 0.00403024343563571 0.0111848820852181 0.0363217816743027 -0.127144357317246 1.62761599937986 375.190048750051 -333382.286917048 105.204683737168 137.671907369441 68.2629375297662 988701.920301814
157400 0.3148 -1.66168974076681 -0.00126731664844556 -0.0272820145516738 0.000428160620445485 0.000142829489253318 -0.119207353858514 1.66045650171093 374.255433532798 -333376.77090222 105.193402139209 137.68420063231 68.2430183767082 988395.674245877
157500 0.315 -1.63926404957998 0.0376174100306575 0.0158735940389548 0.0236710411359107 0.0103880469537257 -0.130511489756594 1.68197706798324 374.30191179646 -333376.562502893 105.163567369525 137.80620470182 68.2230992236502 988702.259067426
157600 0.3152 -1.61264229461733 -0.048367071436333 -0.0207844481563863 0.0245020147747534 0.0035877863553476 -0.148137373821481 1.59954315244608 372.289775072245 -333364.199863577 105.130341505352 137.862299403646 68.2031800705922 988503.514467542
157700 0.3154 -1.58802197207976 0.0324368852794511 -0.00705165161483358 -0.0058480592510963 0.0281896920146266 -0.139584465074417 1.61999837896044 374.213413595877 -333379.712263821 105.163190737112 137.876463701927 68.1832609175342 988625.158791158
157800 0.3156 -1.61437558277919 -0.0128158000638172 -0.0248155228682939 0.0330529978681021 0.000724751855032556 -0.125014756963035 1.61123697936922 374.257241584311 -333381.413125946 105.144443218045 137.905153008235 68.1633417644762 988365.765174401
157900 0.3158 -1.54787719451029 0.00161673854653038 0.00666778843911271 0.0040503797766024 0.00378284909088393 -0.134991527999292 1.56956803526146 373.120628097215 -333374.185598021 105.139123467756 137.986087373954 68.1434226114182 988606.804275152
158000 0.316 -1.53659005769318 0.0180759829981738 0.0164788340470833 -0.0227858050068148 0.00844341138328723 -0.133691293693025 1.57159077182078 376.020613301919 -333397.889430186 105.147847342992 138.031378977092 68.1235034583602 988724.253271082
158100 0.3162 -1.56321097509166 0.0152667403398391 0.00481873405904279 -0.0266690586171097 0.0217541764551137 -0.131874035192688 1.59089121123365 374.271796406666 -333386.956626081 105.142256490865 138.066639201199 68.1035843053022 988635.079298942
158200 0.3164 -1.58929804866067 -0.0147977969272288 0.0101195026880131 0.022595472210955 -0.00889485846932177 -0.120986069258556 1.60143252044046 374.341609971131 -333390.831063724 105.137196990747 138.118752927185 68.0836651522442 988671.39704678
158300 0.3166 -1.51686556942937 0.00916155056309504 0.0103189409524632 -0.00110828087210427 0.0274755317765494 -0.102699114348917 1.5376722808487 373.747066721611 -333387.473403772 105.174162297432 138.15744000091 68.0637459991862 989006.592343886
158400 0.3168 -1.56766021592472 -0.0135486829644157 -0.0261667736846364 0.0154136821718322 0.0139045234556318 -0.119189726253334 1.56196135593244 373.247944911453 -333385.471765429 105.143425890618 138.197014322237 68.0438268461282 988711.338609084
158500 0.317 -1.51205888409153 0.0101697210191766 0.00792583058456969 0.0466639811894003 -0.00102186674975261 -0.130709832136956 1.53998705895971 375.551760820346 -333403.001119422 105.124834481933 138.291962531357 68.0239076930702 988926.105769146
158600 0.3172 -1.52243653252469 -0.0275755811864373 0.035514864091407 0.020645753779242 0.00129933271342336 -0.158498533832328 1.5522726155848 374.736552976956 -333399.412940698 105.097537290379 138.348008075208 68.0039885400122 988780.369277027
158700 0.3174 -1.52931989633547 -0.00342003245813972 -0.0140238286560092 0.0143633246405092 -0.00118047517461483 -0.126358155041653 1.53649755931646 372.916448840735 -333388.027560938 105.131149504138 138.329270906361 67.9840693869542 988672.963341493
158800 0.3176 -1.53726358824801 0.0233991781425118 0.00218663746414711 0.0239768789802414 -0.018024909325045 -0.147852107598161 1.57203458017677 374.749038632237 -333404.993733665 105.131583787844 138.364564457821 67.9641502338962 988639.54639287
158900 0.3178 -1.51499215922027 -0.0336980595094444 -0.00588676926610895 0.0541732671162474 0.0112795352094231 -0.126194335308345 1.51431942501951 374.414923600809 -333404.842968905 105.085893889885 138.474628337933 67.9442310808382 988706.112537761
159000 0.318 -1.51803685135817 0.0410565222469495 0.0341334840625707 0.0503425327674804 -0.00685428050276396 -0.139371566728464 1.5767193057915 372.701441500094 -333393.340435736 105.101299779579 138.532904527426 67.9243119277802 988977.188860852
159100 0.3182 -1.57756028619775 -0.0505296066693255 -0.0559272694031349 0.0352690924585234 0.00972260297667193 -0.145959406853197 1.54645956733858 373.84560418011 -333405.406003666 105.09765426974 138.510372813674 67.9043927747222 988492.073283145
159200 0.3184 -1.48694876899337 0.0488674769511459 0.0331041705445796 0.0527125363799782 -0.00410289442840727 -0.119933440617442 1.54476823740809 375.053502528841 -333416.822021229 105.141148512738 138.574546709959 67.8844736216642 989069.109431388
159300 0.3186 -1.61097144769331 -0.0501931802243165 -0.0542254083910438 0.0557146286476976 -0.0241299632513271 -0.147876245991475 1.58316547532991 376.009212946914 -333428.46937809 105.101038280511 138.561487000677 67.8645544686062 988308.53082913
159400 0.3188 -1.52995718410751 0.0334122394101612 0.0210651023795266 0.0484240961241795 -0.0249456433183721 -0.146984709187558 1.58072398555347 374.155982234562 -333417.262182075 105.127230466844 138.636927108178 67.8446353155481 988802.735629035
159500 0.319 -1.58665978477738 -0.0562189556651555 0.00183286809881324 0.0524455467618184 -0.0310736849812693 -0.155162370800288 1.58676981276628 371.583266333517 -333401.125698573 105.109356085649 138.647207022001 67.8247161624901 988417.636252612
159600 0.3192 -1.57451058712477 0.0258018174791377 -0.0094693736828731 0.0582294432224946 -0.0106920106576522 -0.145137007058217 1.60608472329967 374.39297202001 -333424.84350026 105.142221354876 138.663610778524 67.8047970094321 988553.261475185
159700 0.3194 -1.55663249506666 -0.0077966745804745 -0.00306239738692353 0.0538802084615352 -0.0112178098253064 -0.136409714651224 1.57199141518656 373.96897044968 -333423.647227069 105.129856079857 138.717281310003 67.7848778563742 988529.095012039
159800 0.3196 -1.54837299984459 -0.053748959760424 0.0145779099500776 0.0601760818821929 -0.0226812529005767 -0.143356271520875 1.55394736922444 373.563579139425 -333424.805310759 105.114339410424 138.761962042272 67.7649587033162 988411.012062647
159900 0.3198 -1.57009184727798 0.0276987637098152 0.00323774315718442 0.0480766739710617 -0.00592211010570909 -0.112440925623425 1.59981804849267 375.015265542314 -333439.390690491 105.169578071689 138.744555103973 67.7450395502582 988515.721756117
160000 0.32 -1.52484153669067 0.0020600285520212 -0.0174959338499035 0.0557441953973053 -0.0332887987664878 -0.137119866431892 1.53980617210318 373.336306665741 -333430.105466379 105.175608471337 138.789968293435 67.7251203972002 988605.21146963
160100 0.3202 -1.50277336212021 -0.0424264552664323 0.0230217894061814 0.0738255206035958 -0.0411721417694389 -0.133301973355075 1.51895293189311 373.632601442953 -333436.265333526 105.152294289776 138.859863727431 67.7052012441422 988592.977030412
160200 0.3204 -1.5055769224887 0.0117584286433236 0.00681633312396744 0.0744352725473539 -0.0366513653783458 -0.164768037310528 1.54820201891428 374.223675899263 -333442.853763013 105.172585278034 138.874020446161 67.6852820910842 988593.615687969
160300 0.3206 -1.52162042518561 -0.0117147060578654 0.00123897447341849 0.0817508652454958 -0.0243481916001421 -0.127905680003117 1.53962645435536 373.546167075292 -333439.416458936 105.176100572113 138.904419741702 67.6653629380262 988552.059872202
160400 0.3208 -1.51950353386697 0.0110047396942748 0.0036790361860808 0.0681414247752014 -0.0200359656569852 -0.128845862709911 1.54797772646293 374.105333354724 -333445.859597695 105.185999862792 138.942215277614 67.6454437849682 988622.997320295
160500 0.321 -1.55285607727683 -0.0181361459623238 -0.0205217545745786 0.050939139525649 -0.0232895528486494 -0.109735497657025 1.54830454161238 374.295204693461 -333450.299674156 105.18963456106 138.955708416034 67.6255246319102 988462.018631665
160600 0.3212 -1.53417241453774 0.000148433489190862 0.0229217509059667 0.0851095069088598 -0.0110003508278692 -0.129590660540621 1.56910031225522 374.111066858297 -333449.90324607 105.200129419534 138.995258678366 67.6056054788522 988550.74313366
160700 0.3214 -1.56271515155932 -0.0120485803085849 -0.0217519080661611 0.0489647424732623 -0.0196985219611329 -0.130714338478609 1.56500153097401 373.990043536419 -333451.67742721 105.221858303165 138.966142906116 67.5856863257942 988256.545439685
160800 0.3216 -1.57818826755442 0.0234153275440941 -0.0251269768496453 0.0655932919443049 -0.00270446518206777 -0.131746718583882 1.59835724346276 373.563223033593 -333451.091847888 105.246784576175 138.999505956452 67.5657671727362 988436.571003992
160900 0.3218 -1.58978686144573 0.00285496897927401 -0.000783932319881745 0.0739251493675415 0.00757467616660007 -0.131665555672545 1.61223451803147 374.026077398576 -333454.528381324 105.222232718823 139.048909384226 67.5458480196782 988265.781479122
161000 0.322 -1.5994405502582 0.00753195971507414 -0.0104690262282112 0.0869792619987516 -0.0232667820248387 -0.14290898378853 1.62460663921295 372.057059347752 -333441.714588511 105.218126924111 139.089206002714 67.5259288666201 988222.098173224
161100 0.3222 -1.62108571441575 0.0043673201070733 0.0207569715586572 0.0541324831439458 0.00504804702370506 -0.122964882863681 1.65022280604293 376.240415171145 -333472.725628275 105.239060141611 139.099880635888 67.5060097135622 988202.972153891
161200 0.3224 -1.61052416883507 0.00987544864228684 0.0197207494687632 0.0706201623262797 0.00278579209221695 -0.111799506037003 1.64141020604429 374.080009676801 -333458.87735283 105.281370519288 139.092187362732 67.4860905605042 988253.900425768
161300 0.3226 -1.64479307587865 -0.0144618967193733 -0.0285273945911005 0.0583845701331571 0.0345279102703003 -0.126186979592303 1.64219926852568 374.741528847098 -333466.247306483 105.284091425831 139.110890602843 67.4661714074462 988120.592302588
161400 0.3228 -1.63076020589084 -0.000986112931832884 -0.00243006299978471 0.0362909720580686 0.0248420246100191 -0.126713899878433 1.64553458986617 373.217415934859 -333456.235604794 105.263770187951 139.195276718904 67.4462522543882 988237.300562849
161500 0.323 -1.64664840504081 -0.0256870748122058 0.0290035072836095 0.0655183314834053 0.0119600146600576 -0.128489438196998 1.6679309640657 376.191944843017 -333480.248905247 105.23747105206 139.257694753557 67.4263331013302 988141.51657587
161600 0.3232 -1.61186920658112 0.00301949756365386 -0.0290693215654978 0.0806898722989717 0.0122274617846089 -0.112673443477529 1.61714017978705 373.287927061169 -333461.192644176 105.271682874298 139.263811472285 67.4064139482722 988214.144647939
161700 0.3234 -1.61205074300562 -0.0201047330308679 0.00788776449872504 0.0849297096009226 -0.0167284837318235 -0.12510553427881 1.6275967254477 374.022680160013 -333467.930600241 105.283135264637 139.296883860099 67.3864947952142 988264.231544613
161800 0.3236 -1.61613137500649 0.0503196826473049 -0.0260944316981689 0.106245497191521 -0.0197718500708945 -0.122281448374462 1.65392055909337 374.420880625114 -333472.215722341 105.290734243595 139.328902535682 67.3665756421561 988270.524336857
161900 0.3238 -1.63093733529807 -0.0396008544624604 -0.0149539588753528 0.0762205222816036 -0.0221704811534302 -0.144128457114874 1.6289269781033 373.442904371017 -333468.564605382 105.237350797859 139.413547726608 67.3466564890982 988077.307669372
162000 0.324 -1.60386417043654 -0.00372252044806358 0.00949708932234601 0.080852930384133 -0.00132836937089052 -0.143391405597454 1.63189505626093 373.646922431875 -333473.677617865 105.237626089255 139.485894786896 67.3267373360402 988300.24858519
162100 0.3242 -1.64659868124059 -0.0059842990064352 -0.0119530846851826 0.0868291564920793 0.0249372299339323 -0.136958649209699 1.66211167504135 374.202869116163 -333478.782063577 105.24982962683 139.474507489386 67.3068181829822 988041.75519518
162200 0.3244 -1.62123672283133 0.0171172097803335 -0.0413381623131095 0.0991404553206224 0.0357027544294172 -0.146384333638642 1.63995296254151 374.376851774472 -333482.814864956 105.264777149261 139.499175063329 67.2868990299242 988064.347209949
162300 0.3246 -1.61799586959712 -0.00381044619175501 0.032485369185205 0.053243255792576 0.025261154555509 -0.144512376902195 1.65486269380415 373.594888337779 -333478.2777235 105.266237567744 139.552840875395 67.2669798768662 988165.556011285
162400 0.3248 -1.63071958097594 -0.0330252627641325 -0.0172116573466935 0.0470796331855205 0.0148623051031329 -0.124677919178851 1.62237122835754 373.752419813868 -333483.61293713 105.267375896632 139.54670977569 67.2470607238081 987840.220713325
162500 0.325 -1.63985101942076 0.0059378860675701 0.028484115666286 0.0550339649189807 0.0238514485370884 -0.146796947641978 1.67978472031949 373.888729331595 -333486.228624896 105.295899915929 139.578132868875 67.2271415707501 988037.643129674
162600 0.3252 -1.65080032328919 0.0110781235232618 -0.0184352716390443 0.0577436468490964 0.0394757751317924 -0.147782245628093 1.67148440323294 373.861068032726 -333489.27901402 105.310797321343 139.578656974614 67.2072224176922 987888.348144914
162700 0.3254 -1.64249987185687 -0.00161829098007545 0.0100817834122987 0.0601937424033641 0.0387539906569509 -0.135491857389363 1.66801597602433 375.238177316249 -333502.509197846 105.282319599277 139.647094994274 67.1873032646342 987812.597696974
162800 0.3256 -1.70006628184947 0.0134050464383807 -0.00842080498945596 0.0475771771715832 0.0278092290398037 -0.146409107616976 1.72408819189154 374.316773025085 -333496.258669151 105.275651781335 139.685048631923 67.1673841115762 987725.570197452
162900 0.3258 -1.70775524618154 -0.00402866039386813 -0.00431030782311405 0.0497461246991801 0.0267480571171298 -0.158314744007303 1.72828400131131 373.103652525277 -333488.958999612 105.28236746085 139.722207497498 67.1474649585182 987758.332613577
163000 0.326 -1.67437753805069 0.0101898251041364 0.011659272208707 0.0655000386666292 0.035619726208398 -0.13380465484253 1.70605769532261 372.736919506262 -333489.4123884 105.301823605668 139.766777335255 67.1275458054602 987962.848162413
163100 0.3262 -1.67467297707153 -0.00992541002801865 -0.00606281029070618 0.0642218695946594 0.0134535555739498 -0.150501095339073 1.69076837986148 373.200621251807 -333496.312953956 105.302491039484 139.790347186128 67.1076266524022 987842.502966571
163200 0.3264 -1.64830490766016 -0.0143864212601366 0.0137512637629109 0.0451219663120664 0.0310430088982221 -0.142886747714914 1.66934264966647 372.963401846502 -333495.235842546 105.313657900152 139.843558443227 67.0877074993442 988029.963762181
163300 0.3266 -1.72064690711336 -0.00747798663778155 -0.0420409396054595 0.0359832630303181 0.0357161209408927 -0.116572447643599 1.71038267272742 373.884663487801 -333502.609808281 105.319476904044 139.85088288119 67.0677883462862 987842.918616493
163400 0.3268 -1.67864294248692 -0.0165531510953286 0.0136045061851246 0.0506261559447222 0.0319715253387307 -0.125814111943485 1.69464445351406 374.648181136818 -333508.517189021 105.315537922012 139.906115054325 67.0478691932282 987902.598758314
163500 0.327 -1.70738925206409 -0.00120888363619675 -0.00770573227397176 0.0586402895762767 0.0387145325895218 -0.111483381352261 1.71816966327176 372.145594489841 -333490.571254411 105.318815078838 139.921152397985 67.0279500401702 987745.98934119
163600 0.3272 -1.73936851612741 -0.0246256388027041 0.000206795559104448 0.02247424387652 0.0291539370751357 -0.108578746569366 1.73867023577066 374.194959119148 -333506.363706004 105.340874026433 139.928974348971 67.0080308871122 987714.487996513
163700 0.3274 -1.75363127221891 -0.000916632705666755 0.000577865530941611 0.0628489676996428 0.0302353756026137 -0.104642268529061 1.76693882043267 372.884910723952 -333496.981548097 105.384263748052 139.900779676295 66.9881117340542 987628.551730895
163800 0.3276 -1.80382443409693 0.013289765857069 -0.0200465799735189 0.0388463910762203 0.0309235531041763 -0.0832808216587667 1.80849174472035 376.633871828497 -333524.644719734 105.425846958425 139.888346336855 66.9681925809962 987636.684314411
163900 0.3278 -1.78880315330594 0.0200234213630771 0.012643589815795 0.036630908475053 0.0264603212536967 -0.103944913741593 1.81579149551129 372.366757015155 -333493.702888661 105.417957840072 139.947030022642 66.9482734279381 987683.198919109
164000 0.328 -1.77908187484846 0.00205027281922007 -0.00479140102704661 -0.00501771750203599 0.00684095396800044 -0.11737375459591 1.78936813818427 373.241732660448 -333500.178872176 105.427409455917 139.976417351665 66.9283542748801 987685.220324531
164100 0.3282 -1.77544500278831 0.0214773717330826 -0.0148180607357495 -0.000287813472829582 0.0233310196886705 -0.106647858120435 1.78907290478937 372.324550267764 -333492.719469162 105.440839884896 140.008159860071 66.9084351218222 987740.990094687
164200 0.3284 -1.80931030222859 -0.0446573501486116 0.0113810756369251 0.0188496997499877 0.0122829986144246 -0.0811807067597541 1.79925489886741 373.744537971635 -333503.76226336 105.377624394461 140.083476034197 66.8885159687642 987385.792932236
164300 0.3286 -1.77338987731765 -0.00435612908887712 0.0212391709390297 0.0178060949794711 0.0136137926062093 -0.115936513791524 1.7936681616437 372.901333594996 -333495.918608935 105.408864795672 140.115720299101 66.8685968157062 987611.662805623
164400 0.3288 -1.8436120781548 -0.0261704905580793 -0.0172589203072872 -0.0151670411154775 0.0237860691061925 -0.090290756372861 1.82926605760707 373.586739140976 -333501.040743067 105.435403981401 140.077032438627 66.8486776626482 987293.368267011
164500 0.329 -1.79278354747349 0.0458354113646188 -0.000885764436307828 0.00767571073873636 0.0161904622696936 -0.0727209764268569 1.82033740512833 374.871137789766 -333510.913061276 105.462191877238 140.131875045395 66.8287585095902 987636.472501941
164600 0.3292 -1.83658637513565 0.0105705907730537 0.0106586857685837 0.00988958454258429 0.0247094030022195 -0.0858651323190325 1.8537516360161 373.022700461259 -333496.853553314 105.423466977544 140.204807725575 66.8088393565322 987493.23151991
164700 0.3294 -1.8775748714586 0.00683106420711015 -0.0346750238096597 0.0383215610840239 0.0237205859360391 -0.116134174456296 1.87644590416102 373.987633397455 -333504.58348409 105.416223556814 140.234201518888 66.7889202034742 987337.931645279
164800 0.3296 -1.86917628286205 -0.0110562125447716 0.0121169395238098 0.0269304346196257 0.0357992008248475 -0.10695465356804 1.88057014670256 373.113058890721 -333496.924380771 105.415184089203 140.277740671195 66.7690010504162 987340.18362567
164900 0.3298 -1.86885519131514 0.0282600856130283 0.0490492268526474 0.0120894372452325 0.025732808221714 -0.102704916952614 1.91650407132936 374.406035940927 -333507.912276945 105.448667511163 140.293118004409 66.7490818973582 987467.385010717
165000 0.33 -1.85763355932788 -0.0137849437428676 -0.0331231180238977 0.0311590615872339 0.0186243431219985 -0.0914648205667785 1.8421578966892 375.353325320029 -333514.277388025 105.46222995817 140.282804512335 66.7291627443002 987227.09313432
165100 0.3302 -1.85863263210592 -0.0145384991972415 -0.0070870092849465 -0.0123756848135255 0.0088950831727346 -0.0878047773259532 1.85426692295375 372.902996934518 -333495.190556452 105.453996177397 140.336920423705 66.7092435912422 987236.037693054
165200 0.3304 -1.83851003435215 0.00339260912438194 0.010856912845397 0.00456125409277536 0.0193715079352286 -0.0683599989934828 1.84976134517246 373.811034285186 -333502.529300925 105.458620694402 140.383953713092 66.6893244381842 987315.316548162
165300 0.3306 -1.86525829337284 0.00114851694741226 -0.00924758181577672 -0.0067066738205673 0.00675557642664313 -0.0816847333432552 1.86667301630221 372.940872561468 -333495.299073036 105.468051829997 140.405550525324 66.6694052851261 987260.546285009
165400 0.3308 -1.88428676523243 0.0185163710525182 -0.0406975111594679 0.00792112169086115 0.0197931057757884 -0.101947922703395 1.88256138517812 372.654880894435 -333495.036357038 105.482062566242 140.432413054237 66.6494861320681 987285.541687329
165500 0.331 -1.85478927127314 0.0131986105111704 0.0370340671357534 0.0102619683562433 0.0250988198006586 -0.110689816772934 1.8903527931258 373.975113805872 -333505.041120466 105.476502483465 140.50657492466 66.6295669790101 987459.650622712
165600 0.3312 -1.8812899830121 -0.00607903366559398 0.0164136619682201 0.00885909744768574 0.0421898231489284 -0.0968646014522744 1.89547466942638 372.958507013049 -333499.488416311 105.504158919968 140.491902633789 66.6096478259522 987320.174202203
165700 0.3314 -1.85366768303753 0.0258550311229526 -0.0129935404582516 0.0360973265642566 0.0606834294693636 -0.0728330733123842 1.86868095948871 373.406981544647 -333502.470118591 105.537229981708 140.49980750519 66.5897286728942 987389.866271684
165800 0.3316 -1.8835415125945 0.00607406763851243 -0.00637934643078501 0.0181521546945162 0.0404366621248798 -0.0840364419932608 1.89059519918176 372.934427011596 -333500.357476175 105.512728354347 140.571347808596 66.5698095198362 987367.837412292
165900 0.3318 -1.89505009702468 -0.0241978164706462 0.0224830563176282 0.0144488557087984 0.0538205206421434 -0.0664720555619031 1.90057155429229 373.011649830252 -333499.922767676 105.488894557512 140.642642293503 66.5498903667782 987349.936700801
166000 0.332 -1.89701317748357 -0.026763769846158 -0.0267235063615205 0.0157408366103313 0.056250353462076 -0.0600792598092466 1.87589240952956 374.529510041167 -333512.742661226 105.494117104242 140.651344283978 66.5299712137202 987164.353640653
166100 0.3322 -1.93093153197654 0.0142244793542719 -0.00279099306238996 0.00590566681079394 0.0205542072963248 -0.0710887367744091 1.94096794635145 373.184302651408 -333503.096552903 105.51461190675 140.668319884644 66.5100520606622 987179.649828953
166200 0.3324 -1.92898755890004 -0.00658628550499227 -0.0253228020951379 0.0301977408942889 0.0241914870012558 -0.0537902545425089 1.91654120198329 371.575448789277 -333491.113310869 105.509398403399 140.717362995911 66.4901329076042 987179.29015828
166300 0.3326 -1.94772275246759 0.00949728902294662 0.0166614759313786 0.0294662907465119 0.0431468864379787 -0.0655998247614724 1.96618495211147 373.817544978986 -333506.812515682 105.508610826949 140.774846797079 66.4702137545462 987279.328039927
166400 0.3328 -1.93932565074102 -0.0186081623308012 -0.00572876236732831 0.0243613072150639 0.00610517824588637 -0.0523386444566404 1.92981073646121 373.143509718071 -333503.274924362 105.514342330984 140.79946059762 66.4502946014882 987209.663868982
166500 0.333 -1.93182537753532 -0.00346100329511005 -0.00425522874581086 0.0351648554630886 0.0188922999626259 -0.0594288646679273 1.93195084373507 372.358510972774 -333496.351555621 105.514140302497 140.843949392147 66.4303754484302 987223.685328366
166600 0.3332 -1.95848258202097 -0.0240061657843468 0.000744175229093454 0.0428396765134838 0.0359944118364047 -0.0544173152972474 1.95165744295828 374.418355490239 -333511.471751466 105.50812662529 140.875222468601 66.4104562953722 987090.542768326
166700 0.3334 -1.88845855408725 0.00915802024076015 0.0260913363024285 0.0382938985320056 0.0186557964482319 -0.0464536406223666 1.90926309029769 373.203378134496 -333502.878204122 105.523336130741 140.930810730097 66.3905371423141 987326.163519899
166800 0.3336 -1.94483610159522 -0.0156654085059484 -0.0227057063798456 0.0263096251116412 0.0446814483461665 -0.0297536125797904 1.9284420938996 375.195795307181 -333519.553262851 105.517957187826 140.9428487061 66.3706179892561 987063.928679371
166900 0.3338 -1.94672979475696 0.0253035538316679 -0.00281411285817347 0.0481718623242054 0.0277208742578056 -0.0715283369003945 1.96440143281263 373.950451507657 -333512.538209628 105.545722254078 140.957376301395 66.3506988361981 987129.077589186
167000 0.334 -1.96225130995778 -0.0132145042118915 0.0151333854389567 0.030929512784649 0.0419243749635664 -0.0670267701469048 1.96886256020451 374.619304700091 -333517.178401288 105.542202355929 140.994974537015 66.3307796831402 987063.034874493
167100 0.3342 -1.99418734899826 0.00726705582435828 -0.0144986575293472 0.0313301895630416 0.0447447057559528 -0.0661270177088298 1.99619632146307 372.930952798218 -333505.281708132 105.551188360063 141.027874413684 66.3108605300822 987080.906669268
167200 0.3344 -2.01497017104597 -0.00684481210850796 0.00338726960157465 0.0364987211283431 0.055511674064319 -0.0740825255515625 2.02062495902657 375.011306342933 -333519.987772252 105.569343136924 141.048807141533 66.2909413770242 987100.616917228
167300 0.3346 -2.00707197967026 0.00629988440376687 -0.0101362203127705 0.0308910395184673 0.0194434248289651 -0.0717836667212687 2.01004975348637 373.506250450648 -333507.734711864 105.60240725514 141.040172936858 66.2710222239662 987052.651870356
167400 0.3348 -1.96300466123121 0.0142921378814 0.0273693065592897 0.0618991646078992 0.0170674118849648 -0.0685063694455234 1.99052225941749 374.343170511814 -333514.043144311 105.607566349368 141.092136171948 66.2511030709082 987167.746199738
167500 0.335 -1.95985417659635 0.00962255892893669 -0.018331087879666 0.0493994268424615 0.0170127009553643 -0.0272884887027389 1.95831283303463 375.828752229461 -333525.783790973 105.592087616884 141.122487671917 66.2311839178502 986938.561689683
167600 0.3352 -1.97385263644697 0.0134649237416244 -0.00857398393301982 0.0821558100791531 0.00453260116609472 -0.0404946506319887 1.98276279601342 373.361105722909 -333506.872577487 105.592011458086 141.185031752121 66.2112647647922 987078.29591275
167700 0.3354 -1.95109749620301 0.0257731221794629 0.029954041732707 0.0631256288741676 0.0115501918038439 -0.0633053213296599 1.98511397806655 374.861841416804 -333517.588533391 105.569176424403 141.263392991931 66.1913456117341 987115.512366392
167800 0.3356 -1.97639597202636 -0.0392560765446217 -0.00396233729865065 0.0906559399585302 0.0348697276252616 -0.0461946095987142 1.96388150125772 374.713998806626 -333516.747166963 105.522148724787 141.32889303669 66.1714264586762 986836.218115099
167900 0.3358 -1.94202360916839 0.00705441621243193 0.0105788614174099 0.0799156548927909 0.0253499376971428 -0.0554103502788031 1.95859268453288 373.93488928333 -333511.19859841 105.552108224417 141.378173831894 66.1515073056182 987163.351933928
168000 0.336 -1.98016524394746 -0.0136720569619002 -0.0525714689257056 0.091692956534012 0.00859751148957195 -0.0655773139265919 1.95715581619296 373.607654235518 -333508.508880069 105.569348433113 141.368119847234 66.1315881525602 986957.099948947
168100 0.3362 -1.96972142023158 0.00709138052314831 0.00791226499973263 0.0951166427792541 0.00567033333994351 -0.0620589488661396 1.98700885319235 373.742606820617 -333508.347686196 105.571123234565 141.451571554809 66.1116689995021 987258.860941832
168200 0.3364 -1.92767695767157 0.0141708208737614 -0.00197928976830523 0.0953632127277076 0.0201503259362523 -0.0457793671581111 1.94279704291135 373.641233502608 -333506.571063907 105.584356129908 141.498448210487 66.0917498464441 987412.232921857
168300 0.3366 -2.01668912420522 -0.0133902860372165 -0.0487399636850799 0.0928873528672112 0.0372543600905762 -0.0898955792300244 1.9994827718823 374.617066761807 -333514.824682491 105.561153732473 141.521796145071 66.0718306933861 987060.562625785
168400 0.3368 -1.96210453482729 -0.0170340826656136 0.0491846109282535 0.0720490723719625 0.0243302863751689 -0.0506827700888521 1.98533103740656 373.640758489785 -333506.277010634 105.570742651026 141.597399867971 66.0519115403281 987379.817535282
168500 0.337 -1.96670256399057 -0.017086204213907 -0.0257385271679605 0.115114308094566 0.0222498523855297 -0.0337732629601691 1.9567501327637 375.039676918354 -333518.246884483 105.621312264042 141.534934743237 66.0319923872702 987119.223133635
168600 0.3372 -1.99601611342186 0.0361556211767673 0.0475799338827295 0.0987974570764314 0.0234039324368926 -0.037869008752537 2.04653288988895 375.382615954167 -333517.869510411 105.641025135802 141.560598842858 66.0120732342122 987184.59798965
168700 0.3374 -2.0304993014151 -0.0189536887389582 -0.0645566634159416 0.0999293105421749 0.000889344056074625 -0.0174606919762477 1.99688194967737 374.779124899675 -333516.194013735 105.615688136877 141.593270086454 65.9921540811542 986877.731715134
168800 0.3376 -1.98005762061741 0.056408196844433 0.0282027138228342 0.0861248003486561 -0.000447861567927737 -0.0358147783732683 2.02895298452664 374.456083467786 -333514.123231974 105.630417700734 141.694202135926 65.9722349280962 987420.806110511
168900 0.3378 -2.01057819238337 -0.0404004271386864 -0.0278985345633249 0.0663323644760346 0.0196008980349617 -0.0511725273180009 1.98206863926469 373.00309397764 -333505.461735737 105.582845319974 141.728352487326 65.9523157750382 986915.908709518
169000 0.338 -2.00921344242985 0.00898813769801099 0.0244672711755125 0.0933059619158645 0.0090351619808694 -0.0293777671751222 2.03311812320458 374.389803924879 -333515.617976657 105.612932130476 141.767858980668 65.9323966219802 987174.078861296
169100 0.3382 -2.00843168092658 -0.0362153923182341 -0.0159146285838999 0.102777495566594 0.0315481596141348 -0.00935510870707301 1.99123699268947 372.59527576085 -333503.954329977 105.63529949726 141.749640863036 65.9124774689221 986957.998689305
169200 0.3384 -2.04053381996587 0.0112031329682292 0.0216873546663729 0.0944697152477936 -0.0031359591241513 -0.0222591676700449 2.06386404679977 373.731427163921 -333512.062628692 105.673028492243 141.761032897144 65.8925583158642 987091.45555717
169300 0.3386 -2.05114664460254 0.00786814963308106 -0.0484587498354873 0.104172298300448 0.0160368558652775 -0.00505167159482307 2.03964223008868 374.975441335122 -333521.764252492 105.662364715774 141.777696682053 65.8726391628062 986809.464379211
169400 0.3388 -2.00668297659941 0.0153173171828092 0.0131314124284923 0.122122781296456 0.0257708316578981 -0.0168283519818999 2.03264703647697 374.629338815804 -333518.434621008 105.634919272364 141.898854916185 65.8527200097482 987097.639941238
169500 0.339 -2.01479534062243 -0.0181472105792586 0.0116316953626853 0.111051499966936 0.0144417494236668 -0.0119692403996066 2.02113862037439 374.401918386338 -333518.250384863 105.585267359743 141.973642382497 65.8328008566901 986855.079777409
169600 0.3392 -1.96751141265282 0.0225402737548761 -0.00389274250595274 0.0870640649380496 0.0377775261049871 -0.00503149933666694 1.983809259213 374.667668981557 -333520.208411627 105.59755379304 142.031966799977 65.8128817036321 987076.621876941
169700 0.3394 -1.96188042203758 -0.0233413429315214 0.00362316529641963 0.097427972690732 0.0354236523946164 -0.0132805256143158 1.96053636818873 375.175591937883 -333524.659039612 105.601819520229 142.068925775466 65.7929625505741 987074.517490315
169800 0.3396 -1.96027645665434 0.0142026699995423 0.0164871154597782 0.104331642267025 0.0436187698263768 0.0063089686763593 1.98533778118368 374.156674722539 -333519.106025139 105.637084916638 142.094740481639 65.7730433975161 987284.568768297
169900 0.3398 -1.95488878761765 -0.00154240938988041 0.0127910269755637 0.0934541465847184 0.0207504705866902 -0.00775589694750953 1.96759724719982 373.470894942164 -333513.9438648 105.65905362051 142.117897322641 65.7531242444581 987351.710374966
170000 0.34 -2.03123671318524 0.0019627752763147 -0.0297331567420627 0.0930527069434654 0.0433230233832929 0.022135935689363 2.02571905999845 374.163701291102 -333520.688272471 105.659354325938 142.123741734618 65.7332050914002 987096.004033086
170100 0.3402 -1.9865131127151 0.0226460525967204 -0.00991976356799765 0.0795401830772553 0.0351298540182588 0.0110354701319933 1.99884935971193 373.73373802105 -333518.332805487 105.671467807439 142.168669565151 65.7132859383422 987221.996625897
170200 0.3404 -1.96965728813939 -0.0148788416537041 -0.0385850200323259 0.0878021459807876 0.0335896835359928 0.0235480889114587 1.9502708580364 373.438933609533 -333520.067538103 105.657766432244 142.221754545829 65.6933667852842 987163.246857258
170300 0.3406 -1.90872709470574 0.0287342248247491 0.00966433846216562 0.0890192535577779 0.0386497762896141 0.0181127320510516 1.93556497420471 374.465092086482 -333527.685115496 105.646127783102 142.337481830004 65.6734476322262 987558.150572665
170400 0.3408 -1.91776614645197 -0.0270189371014057 -0.0426755810384295 0.079202198516951 0.0467661603835495 0.00655084764387258 1.88972916344379 374.743605929227 -333531.79386433 105.601355557563 142.392096389115 65.6535284791682 987218.871948793
170500 0.341 -1.89018909600209 0.0234336337740419 0.0143944643595258 0.097116086892136 0.0176510933837907 0.000938548366555357 1.91675977299228 373.629798970324 -333525.487063541 105.61943143346 142.462975641629 65.6336093261101 987579.631559605
170600 0.3412 -1.88483232693185 -0.0399397553067252 -0.0148800466489152 0.0876356482862735 0.0327306770743298 0.0346767679101971 1.86556972721484 374.239285425059 -333531.483806861 105.575836741483 142.518477755802 65.6136901730521 987256.8839286
170700 0.3414 -1.86388008632024 0.0140179638042083 0.0274749044964959 0.116892391301688 0.0498934461452943 0.0290245053734159 1.89814113428761 375.720407788932 -333543.332553566 105.612467873767 142.548572713085 65.5937710199942 987508.093369019
170800 0.3416 -1.93223266068844 -0.0164175001232412 -0.0535378029895713 0.109508951168652 0.0246864445799797 0.0464775983557897 1.90916091558129 374.318180722395 -333535.506052548 105.637982418185 142.499643270634 65.5738518669362 987107.769916002
170900 0.3418 -1.8668009182492 0.0320232268928257 -0.00811386419785151 0.0925838212477273 0.0213961297177634 0.0431927048213392 1.88775431314495 372.635996319592 -333523.890954591 105.657463213539 142.594287362123 65.5539327138782 987645.427371705
171000 0.342 -1.83120026695034 -0.0279990953293066 0.00162713957776018 0.0973194170628178 0.0443856225105521 0.0525575689904172 1.82987556737315 375.798755348809 -333548.308663942 105.618574186845 142.656837748598 65.5340135608202 987414.862491199
171100 0.3422 -1.83594388804364 0.0421232660043946 0.0428579370916349 0.108435913560588 0.0396151120785616 0.0192753976757724 1.88934228575039 374.046728690432 -333532.977377384 105.668364142202 142.688181082178 65.5140944077621 987797.057586868
171200 0.3424 -1.86251801676641 -0.0125273051459982 -0.0160605366442976 0.109633289605942 0.0426015270300959 0.0360394151588051 1.86046801492879 374.70802908579 -333538.471546853 105.658215367558 142.696292152829 65.4941752547041 987458.009840529
171300 0.3426 -1.88229957781219 -0.0158361763748759 -0.00152803369377401 0.0981793664722012 0.0315622642737653 0.0340178983500302 1.88307560185833 373.97822258226 -333531.441272182 105.672876699969 142.735374905159 65.4742561016461 987565.075734146
171400 0.3428 -1.87100487875876 0.0248915967086621 4.72426192868757e-05 0.0894257678712616 0.0215990437075393 0.0442033103290662 1.89187489600768 373.789567961486 -333529.488854156 105.704872647639 142.726378991122 65.4543369485881 987501.315623769
171500 0.343 -1.86397341828936 0.00466948403047263 -0.00882864537034119 0.0952259348680015 -0.00871175000603123 0.0366858085907255 1.8703621247296 374.940054293927 -333537.685328481 105.698850115699 142.781133107718 65.4344177955302 987523.250376966
171600 0.3432 -1.86731095378788 0.00956630173260773 0.0383955745010362 0.0768216446879673 0.0369493390387824 0.0190212154282364 1.89749683577173 372.965914905195 -333523.299831623 105.688069891556 142.85790359414 65.4144986424722 987652.702872038
171700 0.3434 -1.92835811174842 -0.0155346478607315 -0.0365185571714822 0.0819959056516356 0.0595854487300922 0.0204510441526259 1.91083003239649 372.791904592413 -333521.299937944 105.690629197843 142.837867551824 65.3945794894142 987237.384391193
171800 0.3436 -1.90658590625246 0.0336166627096296 0.0107917479489397 0.0972222600585408 0.0683862596456362 0.045477955987483 1.94144618921203 373.820114259244 -333529.21829992 105.732114546922 142.852186730577 65.3746603363562 987423.038706583
171900 0.3438 -1.92618828259511 -0.0117281254312385 -0.0394485519217572 0.0958302506673038 0.0102441189207163 0.0427208724205519 1.90950172006323 374.60460058843 -333538.345334441 105.724995686737 142.878655054106 65.3547411832981 987238.602703116
172000 0.344 -1.89207909968423 -0.00822208836525781 -0.014691186464226 0.0920043083665664 0.046493724745372 0.0367108339092365 1.89015731252461 372.715985104346 -333524.44094549 105.721220489721 142.952866420396 65.3348220302401 987415.064252508
172100 0.3442 -1.90681055766535 -0.021583128771141 -3.94915379166247e-05 0.0860593297598359 0.0281890702392893 0.0443827922973662 1.90412006851088 373.682708659427 -333531.485169051 105.717482477644 142.981814417184 65.3149028771821 987279.005240376
172200 0.3444 -1.91182596674667 0.0321375688155666 -0.00884702465116893 0.0744001079448296 0.0216323142231618 0.0476559404189542 1.93023953811238 372.718273873808 -333525.134140551 105.756910973179 142.984962572981 65.2949837241242 987367.757256058
172300 0.3446 -1.95046731393225 0.00517223692666108 -0.0555315578539883 0.0866323509660213 0.0352180315653531 0.02857904753118 1.93343812144098 373.861460167296 -333534.03057656 105.736330414701 143.019826665124 65.2750645710662 987115.091299772
172400 0.3448 -1.84991335161792 0.00801222077492257 0.0103964767109713 0.0709419698888579 0.0348575948294803 0.0535372195723445 1.86645788432742 374.341244429484 -333537.93558219 105.729374643373 143.135267655304 65.2551454180082 987545.421304115
172500 0.345 -1.89760337797643 -0.0112235176432314 0.0014930402965702 0.0804050625537891 0.024789671371537 0.0412376891545192 1.89971552970446 373.694766018513 -333531.035428845 105.710316776675 143.186650130357 65.2352262649501 987420.356084886
172600 0.3452 -1.91177128159655 -0.0119476541115174 0.0107597090650495 0.0701832888824807 0.0315304333092925 0.0237295941517436 1.91635964596379 376.063883458302 -333549.841432232 105.725347587098 143.210503120325 65.2153071118921 987423.675056269
172700 0.3454 -1.90331603787867 0.0307100727697098 -0.0198711788858314 0.069932419926142 0.0167480131521147 0.0360214991322588 1.91431339163175 373.027535258405 -333529.176333812 105.769011976307 143.212482743113 65.1953879588341 987543.410087561
172800 0.3456 -1.87679243803368 0.0219652859977729 0.000404037288816646 0.036446439456402 0.0248662472663703 0.0365700601701301 1.89067668362365 374.063000053279 -333536.508336857 105.744255032582 143.294605566411 65.1754688057761 987576.590875419
172900 0.3458 -1.87078831428304 -0.0453300147435669 0.0141919735144812 0.0454019217158438 0.0320281310537485 0.0433549086945939 1.85994519523052 373.359498203152 -333530.571765466 105.705961642524 143.390545016104 65.1555496527182 987578.007049864
173000 0.346 -1.8397383316628 0.0187554236502523 -0.0365313511037692 0.074776953599419 0.0297370119285202 0.0414141208403794 1.8381726188222 373.922784041659 -333533.863748184 105.715947780289 143.438808982046 65.1356304996602 987701.69625384
173100 0.3462 -1.8601856492342 -0.0139093717297664 0.0157994409327907 0.0636356684564461 0.0459546930945503 0.0274345206347509 1.86687207317386 373.085227999882 -333527.328756604 105.691049427457 143.510784089346 65.1157113466022 987662.436531296
173200 0.3464 -1.92268812483625 -0.00734044284271701 -0.0163388774698439 0.0418837968748419 0.0429337309420346 0.0369176103930859 1.91475428888155 373.643976455172 -333533.125422962 105.69116695224 143.526502518419 65.0957921935442 987469.548186652
173300 0.3466 -1.92174411693739 0.0120596798536133 0.0297560759623766 0.0224586100354798 0.0293553170442789 0.0343977819864149 1.94467982931135 373.007999293562 -333527.796003614 105.71119838512 143.57442226415 65.0758730404861 987684.132598105
173400 0.3468 -1.97008971949867 -0.0248606348020961 -0.0312169236168531 0.0664455800191276 0.0279579303844603 0.0171854428874392 1.94629600979704 373.859287360174 -333532.982773308 105.703261274555 143.588747794398 65.0559538874281 987406.186925245
173500 0.347 -1.89924110114439 -0.000132786421562781 0.0318442353167114 0.0656942370346145 0.0223363099338673 0.0243248283143043 1.91952644452023 372.607535569032 -333522.254996662 105.725060989385 143.660143473053 65.0360347343701 987798.345727794
173600 0.3472 -1.99365880220843 -0.00261346754599709 -0.0240748532941261 0.055235241214873 0.0163539057675532 0.0432348924902557 1.98432720031092 371.752890590646 -333514.984610013 105.737599776608 143.656367273612 65.0161155813121 987586.9591667
173700 0.3474 -1.97908778687505 0.0278358621687719 -0.00158277999788822 0.045648324849727 0.0234707558001345 0.00802912771550307 1.99440827299857 374.160299419157 -333530.274296524 105.781681263427 143.658849443854 64.9961964282542 987713.049583612
173800 0.3476 -1.94433418586792 -0.0385057714635291 -0.0351505816691348 0.086212229133186 0.0232798946964362 0.0224699040670688 1.91416452117092 374.322535926314 -333531.503801931 105.78373468761 143.667200793621 64.9762772751962 987486.918643136
173900 0.3478 -1.93772988534794 0.0528264423962399 0.0501568836098815 0.084858833857652 0.0175943159798015 0.0451643305554347 1.99641150780871 374.182036037953 -333529.899747 105.813944619625 143.726237688436 64.9563581221381 987871.893925485
174000 0.348 -2.01094386046139 -0.00817134739785572 -0.0304056178383237 0.0871420188845876 0.0505173794214888 0.0393155878141877 2.00053399714948 371.659772518557 -333510.663866917 105.786598764449 143.733557250894 64.9364389690801 987364.018918883
174100 0.3482 -1.98814973608222 -0.00192528956037484 -0.00965099275860373 0.0924872957240372 0.039137418267211 0.0485055213546418 1.99176241726632 373.422479198322 -333524.293648825 105.780243138895 143.793751245102 64.9165198160221 987415.189448429
174200 0.3484 -2.00846443176831 -0.0240573239524839 0.00925352189345085 0.0834526928782948 0.0501289933333604 0.0505265964316829 2.01026716529661 373.651367752577 -333524.936298651 105.784970788853 143.829739588163 64.8966006629641 987403.388581241
174300 0.3486 -2.06290391092914 0.0227571744811456 -0.0186631786761524 0.0981108118904522 0.0489009064084436 0.0476221018901339 2.07561163854508 374.375531087901 -333530.48958374 105.822518152935 143.798756259993 64.8766815099061 987237.966625757
174400 0.3488 -2.08858862032652 0.00724218321199917 -0.018612005523318 0.10287114403978 0.0112642756157185 0.0191204240006091 2.09098398639722 374.023459385537 -333528.891919497 105.805839912035 143.850397304444 64.8567623568482 987133.679740294
174500 0.349 -2.0549659073738 -0.00538736130653904 0.00156716190343069 0.087316883220755 0.0598757540349958 0.0531471806772309 2.06329259290904 372.691234614296 -333520.143145614 105.781428598115 143.937401753915 64.8368432037902 987199.549391158
174600 0.3492 -2.05733646699646 -0.0341647877681695 -0.00590060295343502 0.0825952612873093 0.0431228507733275 0.0546614917531983 2.0460239769876 373.454378436485 -333526.213828795 105.791988526368 143.941816976916 64.8169240507322 987025.057646279
174700 0.3494 -2.06106172462235 0.0532338840830049 -0.00821994760750576 0.0613640601229342 0.0431811986678723 0.063960206131141 2.09123268509827 374.090168714275 -333530.892158053 105.818886838826 143.966203189079 64.7970048976742 987139.821562222
174800 0.3496 -2.03628894965695 -0.019368459325275 -0.00751534269342457 0.0634711909889567 0.0336994007387854 0.0853059854030112 2.03207765920168 374.069965173605 -333530.402727819 105.809839743988 144.033163070007 64.7770857446162 987210.942329253
174900 0.3498 -2.04548561075948 0.0345684910081546 0.0194039293731568 0.0604058252018737 0.047822430367812 0.068893944975703 2.08023041854414 375.211798811136 -333538.79730589 105.8340559598 144.06523822879 64.7571665915581 987353.068458045
175000 0.35 -2.09433559254791 -0.0228983779198439 -0.0489934504977279 0.0690231298990728 0.0144380200481846 0.101022686376113 2.0695442683457 373.574499849662 -333528.875583503 105.822638079779 144.07370387948 64.7372474385001 987000.868742806
175100 0.3502 -2.07147796115685 0.0266641273685995 0.0191455368166005 0.0812294285345932 0.0643341724644339 0.0941867200418589 2.10838953082186 373.134056054895 -333525.220498531 105.832950036071 144.164055847271 64.7173282854422 987412.166546765
175200 0.3504 -2.06191626075323 -0.000258632561376113 0.00984327369163708 0.0676500020616958 0.0542616526332521 0.0808622118769269 2.07690624188542 373.368761943338 -333524.845407562 105.822680436 144.21250479029 64.6974091323842 987344.172350564
175300 0.3506 -2.05123801858544 -0.0192172073713147 0.0103428475554519 0.0871176868732193 0.0384535443301457 0.0734308824639946 2.05753002497116 372.190122160973 -333514.455617637 105.827778703905 144.248546807171 64.6774899793262 987334.436059888
175400 0.3508 -2.05049962122112 0.0126705474493671 0.0232202452117746 0.0742347172838558 0.0204685783269489 0.105414137412549 2.08078685878028 374.449100477064 -333529.966298651 105.848130547588 144.261513518637 64.6575708262681 987308.919593925
175500 0.351 -2.1480572365904 -0.00816840025473182 -0.0122160302311626 0.0797140609617969 0.0593614595894972 0.093826292714345 2.15093551734929 373.199772686312 -333523.051094559 105.866136142105 144.23661974268 64.6376516732101 987002.308530588
175600 0.3512 -2.10645056546583 0.0117363035529579 -0.0084998895847452 0.085450280024217 0.0509731159381663 0.0818645706989037 2.11992134937461 373.030955066736 -333522.464922446 105.892938528577 144.262376491934 64.6177325201521 987124.194478778
175700 0.3514 -2.08774499643254 0.00473991866250851 -0.00106834875492405 0.0876728099164151 0.0388952768631664 0.0566064741239716 2.09847185235777 373.94060818291 -333527.782397238 105.879283279407 144.33906671047 64.5978133670941 987217.176586587
175800 0.3516 -2.06513548634441 -0.00947937625175869 0.00515137493960549 0.0864319615857276 0.0163983173596988 0.0903120345079142 2.07453581604215 374.349628127248 -333532.537482808 105.860933350117 144.429308577766 64.5778942140361 987358.638354188
175900 0.3518 -2.1264087890955 0.0144433467446025 0.0137019234203848 0.0999011486434621 0.0542329386129758 0.081751057228273 2.15417622282833 373.758493446236 -333528.378214294 105.86681572136 144.44602128004 64.5579750609782 987223.157386508
176000 0.352 -2.08858576171006 -0.0274621904660726 -0.00021129020699094 0.0622318378659623 0.0269173917408438 0.123929376441038 2.08926014997324 373.143238267883 -333523.408424752 105.895933306195 144.451982823003 64.5380559079202 987230.737826805
176100 0.3522 -2.13411057594178 0.0214470205675344 -0.0169581659507074 0.0794699755112052 0.0147240754948125 0.110580428880652 2.14974413329839 374.031391068986 -333528.849250046 105.918123932015 144.457989407168 64.5181367548622 987173.895406173
176200 0.3524 -2.11544407753879 -0.00596939317445627 -0.00175775266445652 0.0717130842584885 0.0148772552071822 0.113534228138841 2.1245112123337 373.378951299794 -333524.257686917 105.895187150197 144.515647750377 64.4982176018042 987049.218969045
176300 0.3526 -2.10122812869199 -0.0255986300805882 -0.0355174497101927 0.0966370650300538 0.0331521149352542 0.118544811562793 2.0883535084143 373.319014131927 -333526.698914453 105.914570964606 144.538881095165 64.4782984487462 987083.671704505
176400 0.3528 -2.09005053563531 0.0262620198606902 0.0202988286669245 0.0921773055872908 0.0479453348629708 0.120821073575604 2.1312845524862 373.954555612279 -333532.69657965 105.946716655431 144.574412479984 64.4583792956881 987320.87629517
176500 0.353 -2.09661494085194 0.00205727061603518 -0.0379741002172826 0.0569906311923871 0.0276168082794969 0.116556275084505 2.09160292419434 374.435578576951 -333537.705652299 105.974086063227 144.556690988155 64.4384601426301 987149.731887648
176600 0.3532 -2.07736485419582 0.0372891439105801 0.0274071485436705 0.051165951466063 0.0177933697723 0.162215010316564 2.13042413360245 374.525880752579 -333539.060555886 105.972384530102 144.664083109005 64.4185409895722 987561.861830725
176700 0.3534 -2.09187552032254 -0.0288892128909677 -0.018380968218791 0.0708131611938405 0.0181687168906182 0.128141434267803 2.08398555476612 375.149145058584 -333542.017239039 105.946323265244 144.706760438274 64.3986218365142 987304.880941789
176800 0.3536 -2.07504089133495 -0.00429555500687213 0.0426359715107147 0.0870069973760107 0.0460956063858111 0.112211677008646 2.11050503545987 372.877392672094 -333524.727770616 105.966523133887 144.752583704858 64.3787026834561 987500.285829117
176900 0.3538 -2.09421925295936 -0.0342839002354721 -0.0321286450239409 0.0956862013734821 0.0298948590526723 0.11922515373525 2.0785982189865 373.763223206155 -333530.91750183 105.978942673469 144.717623057426 64.3587835303981 987071.993806579
177000 0.354 -2.11123347168961 0.0385677868355738 0.0218700637427164 0.0635091259625072 -0.000838688800895319 0.11971240269299 2.15432657563966 372.639309120758 -333522.039257766 106.016916559614 144.7315687742 64.3388643773401 987215.190810762
177100 0.3542 -2.12512324604701 0.0100675270474793 -0.00873576243321304 0.0913365490189838 0.0176525940180967 0.118656714966882 2.14183210752083 373.981895026155 -333531.704010919 106.014736765689 144.767895096942 64.3189452242821 987136.9601036
177200 0.3544 -2.10392496446689 -0.00320540844982526 0.00538552170559285 0.077773585219206 0.0147447308296697 0.134758232673875 2.12236220962652 374.364998028599 -333535.198604834 106.016000578455 144.823844873823 64.2990260712241 987224.408692776
177300 0.3546 -2.1316800057496 -0.000735709695332058 -0.0258690312244785 0.0660819089202148 0.0312432913052373 0.14551556956346 2.13718291153434 373.182682531834 -333526.144214417 106.034238234411 144.840312350915 64.2791069181661 987200.592921317
177400 0.3548 -2.1444234516955 -0.0101447406207621 -0.0399350277539881 0.0565547511433346 0.0352088100374723 0.125305777398133 2.13374581809093 374.276558832461 -333535.058511065 106.021179617657 144.886778239458 64.2591877651082 987089.697618429
177500 0.355 -2.13251395429254 -0.00469901908817337 0.0379608259975339 0.0771111810690309 0.0215384687774185 0.124090062227177 2.16462783559863 374.226798285034 -333536.192920792 106.01301495941 144.960401624775 64.2392686120502 987209.116133557
177600 0.3552 -2.11091661644752 0.0116388582781474 -0.00590678588156241 0.0443711824460631 0.0262297112950962 0.11710543847971 2.125422179185 374.102871020349 -333536.176224979 106.051649300529 144.941294223994 64.2193494589922 987132.529759105
177700 0.3554 -2.10440453035997 0.0169895839314174 -0.00912300664582883 0.0348355012067853 0.0384730711726846 0.122088222150311 2.12094258045572 374.410180794278 -333537.111430139 106.061266230551 144.968087338544 64.1994303059342 987098.270444163
177800 0.3556 -2.11193552918933 -0.00319086893785324 0.0134418956731568 0.0618973736481719 0.0355845274366904 0.130725167067381 2.13277161994506 372.886101070769 -333525.662835773 106.044818450905 145.040576064057 64.1795111528761 987132.32505018
177900 0.3558 -2.10246939438937 0.0211176350758158 0.0514327901027962 0.0570904133774558 0.00719517092703019 0.143233244511707 2.15555057808939 376.194319012256 -333548.388985427 106.057013556367 145.084729574795 64.1595919998181 987239.882904438
178000 0.356 -2.14605421526289 -0.0239055720958398 -0.053660694257426 0.0558228474837548 0.0106763198612594 0.121252267568265 2.12015383837126 373.235984064568 -333528.868553485 106.041632615007 145.092095680445 64.1396728467601 986840.352014745
178100 0.3562 -2.05325363690867 0.0268343883543104 0.0324300010271089 0.0402447239005055 0.0223514900508076 0.124789418038941 2.09559341188356 372.646524951412 -333522.97816734 106.062456804912 145.216163911206 64.1197536937022 987571.363549295
178200 0.3564 -2.05558104010792 -0.0421221277495689 -0.0265439159410194 0.046075293778091 0.010577266268967 0.125014310890886 2.03450626182396 373.943336403344 -333533.899838296 106.055386383328 145.235900411991 64.0998345406441 987332.926609986
178300 0.3566 -2.05345622762758 0.0249203997438087 0.0120071676603085 0.074194646181742 0.0162341124068211 0.147508449163125 2.09178368875151 373.764971594982 -333532.312659897 106.090739472446 145.263429412719 64.0799153875861 987542.281661538
178400 0.3568 -2.05085684296866 -0.0212696358413034 -0.0738069365335496 0.05984053432255 -0.0192579210186292 0.1525171843687 2.02410353285355 373.201192785859 -333529.207896136 106.091250738979 145.260217130116 64.0599962345281 987218.231806778
178500 0.357 -1.99150043736886 0.032602874649152 0.0235705938383534 0.0653328508872181 0.0178820501396287 0.174264524022991 2.04540029106293 373.821376827968 -333534.306927863 106.094216466588 145.379325011548 64.0400770814701 987748.102083081
178600 0.3572 -1.98763269706637 -0.0360894472438265 -0.00443770818872832 0.0558466357125588 -0.000422160556028707 0.174779476131832 1.99306128778366 372.184909403755 -333522.964370052 106.054541865576 145.436256968766 64.0201579284121 987458.158049501
178700 0.3574 -1.94223409168285 0.0373657237548407 0.0293743349624863 0.00434332268467236 0.0306057819590679 0.169196442740773 1.99795109638087 372.80065202397 -333527.84904354 106.078994709213 145.503696370274 64.0002387753541 987836.379066057
178800 0.3576 -1.95423437771264 -0.0318026307344108 -0.0453314558222063 0.0423555479082687 0.0317819527252107 0.172412521875016 1.94100723749829 373.515768737936 -333533.661803241 106.075256822922 145.497157086038 63.9803196222962 987449.751486035
178900 0.3578 -1.90106807825705 0.00353797435293602 0.020266383720567 0.0532382362368629 0.0412217033188265 0.19174619863416 1.94513894490574 374.97648216491 -333545.397990045 106.091877006185 145.587799412274 63.9604004692382 987912.064370796
179000 0.358 -1.90111743282672 -0.00165762483096359 0.00121981483945817 0.0273369278274016 0.00916130756263804 0.1657180874231 1.92309713428356 374.357642461715 -333542.439848628 106.076738430287 145.635593912194 63.9404813161802 987787.646008454
179100 0.3582 -1.92019193138165 0.0116702178854843 -0.0199780560250081 0.0338441002030788 0.0210795729389683 0.178992821521885 1.94237933462181 374.498078349506 -333545.198210766 106.055105201124 145.69301812689 63.9205621631222 987667.822516845
179200 0.3584 -1.8817079274378 -0.0216703889213778 0.0457616155441022 0.0283230372803991 0.00639339895717916 0.180884182918818 1.92104118966339 374.873544395769 -333549.506415719 106.044444793167 145.792707538454 63.9006430100641 987936.32104055
179300 0.3586 -1.84818411114618 -0.000228450983954024 -0.0252854392131963 0.0280748955463971 0.0106389353128263 0.184719836870424 1.86395605792459 373.960573002323 -333544.012871259 106.064438314111 145.797743155925 63.8807238570061 987848.686063549
179400 0.3588 -1.86355336101163 0.0146816744562728 0.00134304995284267 0.0348468126124966 0.027316617896569 0.190982500135924 1.90215565489726 374.056067819283 -333543.633743581 106.069577914522 145.836036853325 63.8608047039481 987847.900336022
179500 0.359 -1.82535879337859 0.00160805100485 0.00987973196761607 0.0496353325232374 0.0292873444788096 0.213739066601918 1.87083023499412 375.169691896723 -333553.141360975 106.081832596357 145.869633680664 63.8408855508901 987881.400133522
179600 0.3592 -1.84221132208618 -0.00609806621444452 -0.0142301209554369 0.0304974910050482 0.0247610735455215 0.206561270113463 1.86790763778342 374.558244626598 -333551.205922127 106.087783066806 145.894034377362 63.8209663978321 987793.77291912
179700 0.3594 -1.85516708678053 -0.00465618780026702 -0.00304295172277129 0.0252486716868581 0.0342730403320388 0.214163924698015 1.88955377557566 374.431144599159 -333552.032538139 106.072599740845 145.984752163401 63.8010472447741 987958.079937441
179800 0.3596 -1.81140547644635 -0.004451968914273 0.00969598659814045 0.033132237754539 0.0177264589279351 0.208850976581575 1.85092894236832 372.987571873459 -333542.910786881 106.072168586538 146.03594351532 63.7811280917161 987991.947802251
179900 0.3598 -1.80732334592391 -0.0128895456849951 -0.00419296403931442 0.0346422654790189 0.0359872227964945 0.228553517968631 1.84387346801174 375.304829159281 -333563.162182933 106.084331490434 146.054273357589 63.7612089386582 987920.631421525
180000 0.36 -1.7757037005785 0.0254216103580496 -0.0144670096582376 0.0464067092330711 0.0376578165034447 0.19802250884131 1.81718268427084 373.591072284806 -333550.923244897 106.090422202184 146.117269189292 63.7412897856001 988094.704549631
180100 0.3602 -1.80739327782456 0.0199030332172528 -0.00656189671134774 0.0282165568570529 0.0243755772960694 0.200464383255104 1.84826455558784 374.073823607147 -333557.636255873 106.059842348977 146.176395276449 63.7213706325421 987900.792846516
180200 0.3604 -1.82186397442533 -0.015819064358587 0.016482766663232 0.0174345630119285 0.00784286664095346 0.214766905712208 1.86028252638394 374.740240750013 -333563.739776131 106.048564474114 146.233839394249 63.7014514794841 987875.022457858
180300 0.3606 -1.84516320552256 0.00596811551653004 0.00380734125646061 0.0209164914282341 0.01976515567594 0.206632346418643 1.88501119956989 376.056725930318 -333573.664895271 106.064527549237 146.264211568098 63.6815323264262 987919.917251058
180400 0.3608 -1.86872232949009 0.00509617155001127 -0.0158754896577707 0.0420658679648258 0.0122535401443614 0.219069859149932 1.90317428726071 373.592068612382 -333556.976067046 106.057840435595 146.299885758522 63.6616131733682 987789.501551214
180500 0.361 -1.83597801396148 -0.0217937043207741 0.00724436642257324 0.0287829962672183 0.0156409071768783 0.194283083023355 1.86044225302086 373.229906652544 -333555.875099386 106.057416515659 146.374420392535 63.6416940203102 987979.568426921
180600 0.3612 -1.88750073495785 3.93485036086837e-05 -0.0354602055020677 0.0417158193269272 -0.00594790565858238 0.192366673509605 1.90089519085102 374.308420805877 -333564.701079449 106.058531474057 146.408157204139 63.6217748672521 987908.368396959
180700 0.3614 -1.84297609593226 -0.00246990472044517 0.0152321424586775 0.0454405363205901 0.00540155647678458 0.203422540630848 1.8843517127554 374.256377601675 -333566.693938348 106.041428348568 146.497201440455 63.6018557141941 988040.358449964
180800 0.3616 -1.85332962995683 -0.00469124957427506 0.00456686889789851 0.0797517153173681 0.024649334184552 0.221034692779548 1.89792973285913 373.818028766966 -333564.461368316 106.047001978135 146.537401094296 63.5819365611361 988053.888084733
180900 0.3618 -1.85258320462688 0.00346888719541373 -0.00913638397576254 0.0906952651961662 -0.00261110870923992 0.215398978739235 1.89356270761566 374.372261575971 -333568.658239012 106.050545576216 146.561367718383 63.5620174080781 987938.907118792
181000 0.362 -1.83740120722095 -0.0109363792333449 -0.0205728980474867 0.0690813508423632 0.00893251600188854 0.209062037047085 1.86122076668089 373.727835254947 -333564.563852927 106.055693517122 146.60384173461 63.5420982550201 987963.479736815
181100 0.3622 -1.8719038615404 0.0354281112037334 -0.00908521205259618 0.0577204673348189 -0.00201182800291584 0.219271231460754 1.92593917966851 374.30324471898 -333568.989390767 106.073096218887 146.615726112034 63.5221791019622 987895.914505181
181200 0.3624 -1.85491039714486 0.0250341064177625 -0.0295415767580916 0.0627708528668232 -0.0123785729211247 0.208228472859525 1.89127684485762 376.760085335095 -333588.048010127 106.057827191739 146.680035233237 63.5022599489041 987877.087200944
181300 0.3626 -1.87489259980306 -0.0419412209904238 0.035074864440454 0.0471883367579058 -0.0258049153083473 0.2335228043144 1.91809425556521 371.968171059099 -333553.940970238 106.042825929964 146.76422731599 63.4823407958461 987994.296160332
181400 0.3628 -1.92002742679746 -0.0148471947954787 -0.0481529286959032 0.0492345442096355 0.00827663064992418 0.21166805771444 1.92594270198454 372.749653510772 -333559.895674498 106.097768747746 146.690108087028 63.4624216427881 987696.965497224
181500 0.363 -1.90025545498848 0.0473619159048615 0.00350373744550479 0.0579555231629165 0.0114619200643333 0.242312637252756 1.97391360255387 374.230136214749 -333569.639756701 106.143354608612 146.712955683254 63.4425024897301 987965.049296527
181600 0.3632 -1.95190037274761 -0.0466641954147854 -0.044808985444481 0.0652285272418612 0.0172302507348119 0.241608089382531 1.95505531375933 372.912268079094 -333560.881741868 106.10525062687 146.736884202637 63.4225833366721 987461.328121978
181700 0.3634 -1.90558176890811 0.0615414083973464 0.00913208632512118 0.0265985991179895 0.0179960495083384 0.240500912412223 1.98641406459213 373.333992474517 -333562.085678989 106.136647987701 146.796313617804 63.4026641836141 987843.222548786
181800 0.3636 -1.93797649046481 -0.0296844823846606 -0.0242787242296838 0.0606905719915861 0.0162927453893793 0.241327130899595 1.95920548309161 373.795259004884 -333568.319467798 106.089126913304 146.874297580031 63.3827450305562 987615.101267388
181900 0.3638 -1.91461961875228 -0.0221159691046069 0.0104519233307571 0.0693549143041447 0.00211092312570412 0.24479166485074 1.95920344650259 374.933046704466 -333575.860584556 106.097514521853 146.943085857103 63.3628258774982 987845.222587429
182000 0.364 -1.965018862218 -0.00306167940370035 -3.81924072747327e-05 0.0637381005679996 -0.00123657007012516 0.233542130633253 2.00774377965687 373.965006749652 -333570.773352676 106.118258418458 146.957363187512 63.3429067244401 987823.727093121
182100 0.3642 -1.9445491148849 -0.0153480385463989 -0.0249951501527798 0.0462585529163245 -0.0160512037667231 0.246847405486166 1.9731426838878 374.754878736519 -333575.894513089 106.125022943526 146.972708548105 63.3229875713821 987679.163057022
182200 0.3644 -1.95352047112547 0.0118554794377554 -0.00288777352561862 0.0556115970269136 0.00203419553542139 0.235618125859226 2.00244401232076 373.220014116548 -333564.112327729 106.122974056259 147.029202467638 63.3030684183241 987728.932999671
182300 0.3646 -1.96026853020179 -0.00186029532805879 0.0280209641477922 0.0423472897088315 0.00317971023477507 0.236925079004423 2.01707364724428 375.393604963418 -333581.284103498 106.090569703946 147.116603162499 63.2831492652661 987703.41159814
182400 0.3648 -1.99502961300951 -0.0244447962288398 -0.0032385358582803 0.059671116987159 -0.0137778497778251 0.240198099360066 2.02725917316013 373.025531543704 -333565.294059832 106.073700051585 147.152814606318 63.2632301122081 987478.511929498
182500 0.365 -1.96415414866241 0.0037351964407547 0.0166122938590683 0.0773388448290542 0.00760854777501185 0.238865517844569 2.02172766826185 374.182037847481 -333573.43499741 106.072689269335 147.216852065643 63.2433109591502 987587.774355364
182600 0.3652 -1.95243904984472 -0.00679547918461975 -0.00907919875444351 0.0699504068919723 -0.00437215982536264 0.252146140714699 1.99663726539837 373.433406293797 -333570.621218644 106.062846016607 147.260411105586 63.2233918060921 987477.198334744
182700 0.3654 -1.95587080465982 -0.0131172613297452 0.0322830509905942 0.0819636644184598 -0.0117844261635172 0.248944930044989 2.01768322975858 373.588523827648 -333570.750090667 106.077255673335 147.327992566243 63.2034726530341 987753.296489751
182800 0.3656 -1.98108812731749 -0.0118457083961798 -0.0120409061816497 0.08886002778638 -0.0175289247121814 0.260027340938708 2.02607603710923 373.724368242434 -333574.557154161 106.10154338071 147.310736651947 63.1835534999761 987552.40267487
182900 0.3658 -1.94557544219086 0.00802519336700585 0.0144067498520134 0.0713296889064616 -0.0221553094408598 0.243140263780602 2.0057794222451 372.468312565585 -333567.070049202 106.133386779038 147.344980235973 63.1636343469181 987766.922179552
183000 0.366 -1.96301352464872 0.0277648800227667 -0.00785391628796319 0.107704288551779 -0.0414704907231353 0.232551320758838 2.02379806827188 374.835617740573 -333585.278894174 106.117608791185 147.405788525955 63.1437151938601 987716.080756248
183100 0.3662 -1.97297230574109 0.00800636530173894 0.0454695018915176 0.0928431867908249 -0.0269583908180011 0.227915773176845 2.04542667718982 375.3476729867 -333589.921964755 106.100853247009 147.488979891686 63.1237960408021 987805.764417569
183200 0.3664 -1.9775200888755 -0.00272320857683723 -0.0158951608644871 0.0752402533212193 -0.0279866395987095 0.235425798101059 2.01484323232888 374.456078333057 -333582.841077589 106.119925575725 147.470865437607 63.1038768877441 987550.259142398
183300 0.3666 -1.98087331878129 -0.0162943942091241 0.00349212553565632 0.0859542430140169 -0.0212714449775054 0.246660361607433 2.02605030975875 374.457968875566 -333583.216929817 106.148786313074 147.463073835138 63.0839577346862 987454.850386759
183400 0.3668 -1.97527469980265 0.0337921306575625 -0.00838815467083972 0.108545227220082 -0.0399360201028198 0.282422760375226 2.0573780392696 374.471812015935 -333583.522336274 106.180243765382 147.477927661377 63.0640385816281 987535.061140044
183500 0.367 -1.98017877556009 -0.0256516051683636 -0.0422951830939051 0.0780834425264678 -0.0209117937403264 0.297010979310922 2.01796250957594 372.644889173295 -333570.177661428 106.137004720094 147.560185529354 63.0441194285701 987371.53547648
183600 0.3672 -1.98301905050634 0.00613066609404763 0.0276753754464243 0.07004989559099 -0.0297707487448019 0.259031148394063 2.05394928993621 372.285068330472 -333566.593561696 106.111068528323 147.684512989066 63.0242002755121 987649.814721669
183700 0.3674 -1.9957332382524 -0.0255454042292994 0.00878711470269587 0.0835264272625452 -0.039541781642157 0.289436726009294 2.05606464855291 374.292273768911 -333581.456316882 106.107517382306 147.70467967074 63.0042811224541 987439.438754228
183800 0.3676 -1.97788404082929 0.00735821661131939 0.0270514219720862 0.0774332056457 -0.0376164418027733 0.29083889871157 2.0631686590375 373.247953559309 -333574.806569938 106.158383224696 147.726161935766 62.9843619693961 987744.100808712
183900 0.3678 -1.99788275254035 -0.0358814725997993 -0.0205884753149933 0.0879227198647057 -0.0210863093470837 0.289903066881658 2.03871142008727 374.326459050412 -333583.743304354 106.159868511279 147.728608919605 62.9644428163381 987461.893023283
184000 0.368 -1.98256190060693 0.0330935567916461 0.0245977398274094 0.0862213394991646 -0.0338650165710877 0.289224436669435 2.07906461239543 372.726693280029 -333570.086337421 106.192826575518 147.77084751163 62.9445236632801 987738.304919329
184100 0.3682 -2.04831369822071 -0.0315505471832716 -0.0499667194405906 0.0961944273326757 -0.0278185348478003 0.295083310505007 2.07890257150256 373.538717053836 -333575.394922657 106.171624219304 147.755921735184 62.9246045102221 987128.864809292
184200 0.3684 -2.02846449953393 0.0306154538240109 0.0203955112928635 0.0945588312039565 -0.0686013386439914 0.276509365253717 2.11876989280143 373.538795545284 -333575.817541161 106.197914541164 147.797445113109 62.9046853571641 987338.130360844
184300 0.3686 -2.07295912199256 -0.0105016965359624 -0.0430416263233085 0.0553202723602749 -0.0234453205261829 0.283108527411061 2.10688362770283 375.6792045331 -333591.976784935 106.18006930805 147.810194635125 62.8847662041061 986944.75634939
184400 0.3688 -2.04058904635437 -0.0115062364781054 0.0217262979862562 0.0743516721940189 -0.0342899097011808 0.273888636640245 2.10496315362777 373.2768648016 -333575.092291 106.164794035404 147.927918982689 62.8648470510481 987275.892680695
184500 0.369 -2.07778939216323 -0.00654328515060692 0.00234857050807683 0.0517084367400382 -0.033688977118017 0.294996711307334 2.14033923250584 372.567725939813 -333569.997286997 106.168663401534 147.945482010802 62.8449278979901 987116.222625662
184600 0.3692 -2.07516968146369 0.0340432526684965 -0.0141375331784506 0.0648431068326493 -0.0318798288201261 0.286319720166528 2.14734181149321 373.570147371432 -333575.152419958 106.211621738922 147.954048840874 62.8250087449321 987259.797138838
184700 0.3694 -2.11364366659882 -0.00249259022951958 -0.039202389385238 0.0746418292414288 -0.014427812650209 0.284121380099686 2.15414022613404 373.367145270433 -333572.941858765 106.188615115842 148.000835969206 62.8050895918742 987045.027159845
184800 0.3696 -2.09760899509657 -0.00472141130234383 -0.00774819177387309 0.0725108672355006 -0.0291665710616898 0.289520858563157 2.15491192751954 373.290105745558 -333573.49952791 106.185286326469 148.050058984249 62.7851704388162 987029.208719889
184900 0.3698 -2.09950083825524 -0.0116256375904969 -0.00857946029385645 0.0848991742984139 -0.0114326865580559 0.313510093513962 2.1639024089229 372.563953814809 -333569.998974922 106.202866066692 148.068491199774 62.7652512857582 987002.289274627
185000 0.37 -2.13698388047204 -0.0142870847580431 0.00208594837609346 0.0765015731347729 -0.00597918408459655 0.296509962917591 2.19596993286562 374.130613105441 -333582.30220886 106.217017979942 148.078219138705 62.7453321327001 986885.36755009
185100 0.3702 -2.15820253516307 0.021551786424777 -0.0358398854204493 0.0651580895300237 -0.011194732705039 0.276455398285555 2.20724226569912 372.466413479715 -333570.230272662 106.251674710712 148.082077838541 62.7254129796421 986919.688592603
185200 0.3704 -2.15112855646964 -0.020317937622029 -0.00997815467521772 0.0961949041408027 -0.00546406582616731 0.275353403494892 2.19494905659504 373.268299023673 -333578.110519693 106.2202033073 148.174651442818 62.7054938265841 986930.646512571
185300 0.3706 -2.12000976309846 -0.00875391068126392 0.0177164398807019 0.0885912586495507 -0.0389791310820742 0.286909657373479 2.18838809221623 374.75785363014 -333590.893858476 106.227390845491 148.251245082627 62.6855746735261 987193.92827258
185400 0.3708 -2.15901796076736 0.000570995697380421 -0.0204615142340952 0.0463122186025936 -0.00670632829095432 0.315713500867222 2.21910785775869 373.569164349926 -333583.62168532 106.250139495135 148.23951770645 62.6656555204681 987013.491899487
185500 0.371 -2.1278441446504 0.0264810250283623 0.00148034740477142 0.0676625176815199 -0.00651290363936434 0.2925215917065 2.20418940406933 372.851470356833 -333578.809602092 106.256050412409 148.308186830967 62.6457363674101 987211.743296378
185600 0.3712 -2.14422334850453 -0.0481364745746143 -0.0246372352284107 0.072804963957447 -0.00319168528063252 0.319192525355839 2.18288174166089 373.712339999581 -333587.907566049 106.209215178128 148.365991777038 62.6258172143521 986847.328582829
185700 0.3714 -2.16036520562462 -0.00485869477722881 -0.0138948560172813 0.0723695844846609 -0.00475017777021259 0.337281519971495 2.23245799515115 373.732290555344 -333588.272384225 106.208219682614 148.436957052153 62.6058980612941 986996.065733253
185800 0.3716 -2.10016954053318 0.010273983130651 0.0195432702933819 0.087964310632312 0.0144899598689632 0.339472119654603 2.20072421944121 374.430100447178 -333594.664037277 106.233862406776 148.467793633705 62.5859789082361 987125.283295082
185900 0.3718 -2.16242490356072 -0.0270176738704527 -0.0481875920501408 0.103993222490688 0.0223463546977832 0.33048116744584 2.20834803903331 373.702165422505 -333592.203394138 106.271691858266 148.421197522985 62.5660597551781 986852.694178294
186000 0.372 -2.10851740227445 0.032455845073022 -0.00853193541110935 0.0919643055328708 0.0114475877135555 0.332838650246418 2.20358862905155 374.981407185356 -333602.403857596 106.297826484984 148.4832519967 62.5461406021201 987193.692538079
186100 0.3722 -2.09967420079096 -0.00523056544782659 0.0341359142098173 0.0805738465254777 0.0227454003794321 0.320088828888822 2.19068341008007 373.642114123165 -333595.978989495 106.271753120296 148.565505927638 62.5262214490621 987183.79055228
186200 0.3724 -2.09584092714114 0.00647148789277899 0.00268187672079419 0.127952129893838 0.0117571498147971 0.31273430967377 2.18052816643889 376.031020740891 -333614.317776297 106.293210056064 148.590313010574 62.5063022960042 987233.373924514
186300 0.3726 -2.08635099052738 -0.0258198664439564 -0.00928352913672807 0.138673080011994 0.0281879900468418 0.317200254787731 2.15454356281993 374.849249744897 -333606.13770911 106.292696553254 148.611858795866 62.4863831429462 987057.103989371
186400 0.3728 -2.07276017429735 -0.0320786078268081 0.00983663219417562 0.141486186070154 0.0244464704551459 0.318668436692286 2.14899288753467 373.363539102659 -333595.278315258 106.306477991766 148.642035230133 62.4664639898881 987070.779933157
186500 0.373 -2.0539990567964 0.00715099583738599 0.000950708748695452 0.113570140999339 0.0102697510326371 0.308328338734898 2.13537076136973 374.67285142624 -333605.703302911 106.322926148206 148.684006990197 62.4465448368301 987187.371468587
186600 0.3732 -2.06459316159213 0.0266977764512074 0.0201673309597053 0.136967077868398 0.0283648812138489 0.323898597660833 2.17561667538217 374.569600315179 -333605.021102464 106.333103291418 148.707162770059 62.4266256837721 987120.650245273
186700 0.3734 -2.0761064009834 -0.0365437424540433 -0.00763849999037623 0.128582208770751 0.0120249053975944 0.344543276819267 2.15076022870158 372.913887736959 -333591.974667479 106.349128440037 148.717921514825 62.4067065307141 987025.802031433
186800 0.3736 -2.10075154528551 0.0020219717534903 0.0054879616287239 0.104963436131953 0.00952538612063615 0.334849210539155 2.19058275759638 374.522666167681 -333603.618033802 106.364824280087 148.740303863902 62.3867873776561 987004.910698566
186900 0.3738 -2.06277872284227 0.0448111125082284 0.000532225857765692 0.12201479701719 0.0369848115297977 0.336095721547238 2.17674556747057 375.351299337414 -333610.926509733 106.373944473277 148.781222799567 62.3668682245981 987045.843004633
187000 0.374 -2.07798582139735 -0.0293391064656063 -0.0128929983934185 0.123756522381164 0.0402647616827482 0.319181845349347 2.14181185848441 373.977725691762 -333601.043500894 106.369586234807 148.825270156868 62.3469490715401 986982.28046135
187100 0.3742 -2.08762306410231 0.0087274212698708 0.000611558825157234 0.123665566628667 -0.0029135356682113 0.332138769512033 2.18050246557672 373.774987453463 -333598.894328636 106.401249706138 148.830992007284 62.3270299184821 986998.601306189
187200 0.3744 -2.13342618831948 0.0137800574523682 -0.0567349722115628 0.120325089057869 0.0209825255452157 0.323141652689316 2.19592201195498 372.270713538301 -333588.803442993 106.423790929643 148.828897918319 62.3071107654241 986878.309623529
187300 0.3746 -2.05445660998456 -0.0341423797009873 0.00292609553231557 0.0915129273857693 0.00873178606950258 0.329915298130082 2.12363333009067 374.779645462057 -333607.543841031 106.412839508621 148.918439331785 62.2871916123661 987054.784841131
187400 0.3748 -2.06044162819546 0.00201470287108646 -0.0306039758671625 0.0927645066407779 0.0076686923052081 0.345634457778182 2.13819952719506 372.589542249709 -333591.09689494 106.432648101114 148.927672160766 62.2672724593081 986983.997814188
187500 0.375 -2.03812460517727 -0.0246436432347068 -0.00743444066055923 0.112262062796788 0.0160402628315585 0.351241646435525 2.12078862864953 374.4869501263 -333605.610881641 106.421920544646 149.011277653136 62.2473533062501 987122.658883381
187600 0.3752 -2.04604724756026 0.00156945712337389 0.033781670932392 0.0909037260998714 -0.00679220761297987 0.358800254330258 2.16121997842418 374.816760090648 -333607.327559092 106.42998408848 149.073808871141 62.2274341531921 987295.685368472
187700 0.3754 -2.11563152453435 -0.0170864291775407 -0.00942395846031931 0.0924905274982985 -0.0146241553901329 0.361184862790418 2.19947695536137 375.805233265035 -333614.274258153 106.436941110937 149.074135213205 62.2075150001342 987046.326412161
187800 0.3756 -2.04823106778424 0.0493210340578455 0.0249982307046779 0.0992751172630184 -0.00679545616169628 0.379248593489638 2.19328332410491 373.968214347964 -333601.208375167 106.434926493359 149.175085938945 62.1875958470762 987379.778682342
187900 0.3758 -2.08253173403939 -0.0674910353008302 -0.00622927334325271 0.0805549357819306 0.0024154141590973 0.364683073930486 2.14617170646228 373.46286420267 -333598.809042605 106.388224120802 149.242917074268 62.1676766940181 987079.030813748
188000 0.376 -2.07900212049925 0.0482655266945467 0.000411176624712299 0.0754909023265426 0.00376900827285344 0.366799790920131 2.20148226794277 374.226586428326 -333605.253469775 106.420228101121 149.278739837672 62.1477575409601 987296.525043662
188100 0.3762 -2.10225131879976 -0.00761912279182188 -0.0520871822991945 0.0611191017297557 -0.00121407851418463 0.376724321059996 2.17561299722958 374.120393957208 -333605.410851117 106.383683158356 149.338633301038 62.1278383879021 987037.011850638
188200 0.3764 -2.05370057700835 -0.02813177673822 0.0192070413981502 0.0686248584098745 0.00485586072650863 0.371778093193531 2.15172341736813 375.393792067599 -333615.468851893 106.37148463562 149.433359521292 62.1079192348441 987233.21961356
188300 0.3766 -2.0535240696495 0.023129172518293 -0.0296815824916957 0.0817415127004475 0.0139919846547674 0.372088971175208 2.15443519221349 374.128572894796 -333608.125499628 106.42267638228 149.410418796611 62.0880000817861 987239.971244874
188400 0.3768 -2.06257816401931 -0.0210269002015366 -0.00296323313289459 0.0615051789075516 -0.000184116771643496 0.381571553126459 2.15714512132527 374.723463754845 -333614.974740779 106.399356934389 149.47047562774 62.0680809287281 987103.603527298
188500 0.377 -2.05304639035931 -0.00962685700818067 -0.00530799125649258 0.0628976845532855 0.0153512665380436 0.383105476847029 2.1534372653995 373.167926581884 -333605.255252935 106.402028018636 149.517671689704 62.0481617756701 987123.181423463
188600 0.3772 -2.06531469054778 -0.0124684674186486 0.00141571618914552 0.0811357220391353 0.0042725159373051 0.386050083147955 2.17020281533682 373.113333318486 -333606.080496089 106.444651241775 149.516656017057 62.0282426226121 987194.883235108
188700 0.3774 -2.08822963352257 -0.0251675693265613 -0.0338535988969846 0.075823556557498 0.00438344916505158 0.387565172293972 2.16940228568419 374.280670524816 -333615.083978675 106.476306231036 149.480528575321 62.0083234695541 986932.818703333
188800 0.3776 -2.109495336977 0.0548231268297584 0.0121875549530645 0.0652374885328807 -0.00261836208709736 0.386601666081873 2.24832963579154 372.440454106009 -333602.409202065 106.493004360981 149.536384143572 61.9884043164961 987139.229765259
188900 0.3778 -2.16011800446991 -0.0850844205824804 -0.0317733201499151 0.0606825538434514 -0.00108045369322795 0.414461383202588 2.22387367112965 372.452298991136 -333602.9768692 106.432817031444 149.589279202507 61.9684851634381 986613.165479949
189000 0.378 -2.09875315476295 0.0324671312527057 0.013006431651052 0.0732194729106562 -0.0292157869280831 0.398236587894866 2.23504467263059 372.867260988628 -333605.738867728 106.489949353271 149.648264278438 61.9485660103801 987214.583282063
189100 0.3782 -2.16603363195102 -0.0280140262539434 -0.0153632694290541 0.0620812921001438 -0.0125576350807434 0.401590674631442 2.2570325640202 373.782275325806 -333612.483070688 106.496471598483 149.626557019369 61.9286468573221 986814.432609759
189200 0.3784 -2.14290332510549 0.0125253486317934 -5.60749204202974e-05 0.0753413169600737 -0.0131986892979414 0.415911953537902 2.27055335024639 374.554762016317 -333618.452220618 106.532691662169 149.635147040924 61.9087277042642 986889.193995944
189300 0.3786 -2.17779597890298 -0.0186437075490116 -0.000358719562622866 0.0643296383663772 -0.00998349647495689 0.424230942982884 2.29224399698118 374.531930074192 -333618.547937366 106.532866608266 149.661399135103 61.8888085512061 986746.367312937
189400 0.3788 -2.2209777580439 0.0105996270231188 -0.0221000581969704 0.0467811810481499 -0.00146409586954932 0.395121607460932 2.32012287140111 373.273428436957 -333607.282846219 106.537721524865 149.685858868497 61.8688893981481 986634.955872794
189500 0.379 -2.19312345146982 -0.0286008161545348 -0.000593549369387218 0.0448937310865884 -0.0115774295778888 0.397452057618343 2.28624536629589 374.740588040127 -333618.283674381 106.531958442974 149.742990646929 61.8489702450901 986640.382331759
189600 0.3792 -2.22093199570138 0.00176911165720279 0.0177101828826125 0.0508572292512637 -0.017999401687698 0.426894419707639 2.35192142991371 375.836313737417 -333627.363196763 106.551751888582 149.764003433826 61.8290510920321 986644.312825822
189700 0.3794 -2.23124010205625 0.000588521940094164 -0.0450354594155557 0.0526582813193376 -0.0039837583383837 0.404604106905088 2.31965415348352 374.238439191497 -333615.98217232 106.547782039537 149.805247664443 61.8091319389741 986561.321654407
189800 0.3796 -2.12870462784878 0.0225017566619242 0.0522303311341289 0.0395885835534553 -0.0121169698159618 0.407436720222311 2.27940370925801 375.401062704975 -333625.838051059 106.528217336602 149.948874008912 61.7892127859161 987007.676967752
189900 0.3798 -2.17564583969714 -0.0282408456033232 0.0080259898974834 0.0384698574935425 0.00761832663724056 0.436588005756553 2.29499112035562 374.768226185086 -333619.936823943 106.515436025027 149.989133822296 61.7692936328581 986835.993891762
190000 0.38 -2.19668628002476 0.0223449402343593 0.00716609152026995 0.0715773142256235 -0.00447949119122552 0.414423834222864 2.32837262720639 376.363838926597 -333634.081421188 106.566039989849 149.965015512009 61.7493744798001 986827.73507854
190100 0.3802 -2.18025236205562 -0.0037720580158713 0.00487022150621387 0.0465445952701789 -0.022244422199546 0.40357437174373 2.29184454438313 375.140087383004 -333626.569520298 106.590548292145 149.97215892833 61.7294553267421 986783.285329128
190200 0.3804 -2.20868850391066 -0.00774843661362672 -0.0084269313828561 0.0666715872793686 -0.0302408705359268 0.419531518115073 2.32093585226838 376.492330053858 -333638.6301624 106.599590191525 149.99758175257 61.7095361736841 986715.782311082
190300 0.3806 -2.17634944891499 0.0117098533308056 0.021061635060249 0.0448852670719285 -0.0159667990318822 0.391534630743572 2.2967063804066 375.211454658728 -333629.386217093 106.601676962031 150.06009077725 61.6896170206261 986827.66380002
190400 0.3808 -2.23019838247733 -0.00119556280250928 -0.00808403211616294 0.0692750013075578 0.0076525602562485 0.367723763472884 2.31805557843774 373.145054488975 -333617.250717982 106.609246518035 150.066029216397 61.6696978675681 986618.116444901
190500 0.381 -2.23637648698294 -0.016521899151247 -0.00642269260644351 0.0491817575992581 -0.000940247550527738 0.400183376125668 2.33194651454364 374.095460971318 -333626.457901919 106.614532249091 150.121097965731 61.6497787145101 986710.296282412
190600 0.3812 -2.22546713670417 0.0142585791733021 0.0114476734847523 0.0563874452455068 -0.00437588271192781 0.36690262123595 2.32884782740307 373.772111537024 -333625.32321286 106.638045812568 150.155105764689 61.6298595614522 986832.536802302
190700 0.3814 -2.2490453639787 -0.0235740266665867 -0.0512255863930704 0.0413400565344962 -0.0213240620147416 0.400010788525628 2.31915212283406 374.309857058125 -333629.61187173 106.65831562345 150.152455758324 61.6099404083941 986683.689623233
190800 0.3816 -2.22275375747893 0.0106830606980179 0.0126053034211405 0.0610669016628136 -0.0156216537214551 0.378118621573485 2.33096066184089 376.050807436065 -333644.05744006 106.662495127514 150.218256926286 61.5900212553361 986835.606429685
190900 0.3818 -2.22271562332294 -0.0201907249707069 -0.0354656509474984 0.0431129975776096 -0.0180672654578891 0.395586682882977 2.30081024584549 373.764054369461 -333628.187460331 106.649620101284 150.25342973441 61.5701021022781 986628.32792455
191000 0.382 -2.18478692220802 0.00891840616453252 0.0134022650613805 0.0653113062413081 -0.0398698898381364 0.376098195682151 2.29436582104434 373.089745973042 -333623.590940536 106.663907940413 150.324670170543 61.5501829492201 986908.976271458
191100 0.3822 -2.24542026795175 -0.0123542531269187 -0.0283523126653317 0.0423328849914225 -0.014587009408123 0.396450770507666 2.32994618901599 375.101344599101 -333639.690460447 106.649102134518 150.341332479575 61.5302637961621 986561.982233381
191200 0.3824 -2.1780999898439 0.000302415084032616 0.0198746936173267 0.0580924891947005 -0.0388278151496282 0.372569193356089 2.28462837932431 373.010162035205 -333625.309145076 106.673779217541 150.414975488248 61.5103446431041 986954.017256619
191300 0.3826 -2.14778909788089 -0.0171000338985451 -0.0084251381700703 0.0676833957675507 -0.0360850932482113 0.35747214955073 2.22697175281031 375.115167282971 -333643.074211662 106.698027849559 150.421553172984 61.4904254900461 986901.840931626
191400 0.3828 -2.23512172618187 0.022061538804628 0.0286647263909602 0.0489715607816728 -0.00818333051213486 0.386607137739668 2.35915562801219 375.899815258144 -333652.833829296 106.712045589684 150.452810569546 61.4705063369881 986916.797095822
191500 0.383 -2.1796311571878 0.00329545535510046 -0.00341206883133368 0.0339651003447677 -0.00441607211487334 0.357352118031999 2.26653756897317 374.57566686716 -333644.99885817 106.72197355572 150.499896580825 61.4505871839301 986997.576798062
191600 0.3832 -2.14471015343524 0.00531340003742046 0.00815504412285381 0.0244656829860451 0.0013725777631971 0.347424850020808 2.23441992410102 373.698964731956 -333640.692394295 106.726230778537 150.556712140437 61.4306680308721 987089.499542998
191700 0.3834 -2.15086191598744 -0.00120253074356963 0.0111872170256777 0.0267930596530295 -0.00242805781463404 0.334767198814498 2.23298034893438 375.108044355204 -333652.667886273 106.716978403676 150.602755149134 61.4107488778141 986985.632060642
191800 0.3836 -2.15291170490164 0.0334078555824311 -0.0130318421707133 0.0312436210577445 -0.00958554751493414 0.332346749804884 2.23946088881978 375.41638068346 -333655.146006893 106.727554720946 150.636016232408 61.3908297247561 986981.208414514
191900 0.3838 -2.12437165286625 0.0200398125427006 -0.0133033799194823 0.0224185755412014 -0.0294814242325217 0.347106348206388 2.21216510886042 374.573768236341 -333652.818741678 106.717038127975 150.708879120665 61.3709105716981 987040.947995231
192000 0.384 -2.08801931298197 0.0251201191532698 0.018576845594947 0.0117547211228805 -0.0148789228498696 0.315617110621044 2.17979250702773 375.282716050281 -333660.738478015 106.675567812913 150.82324374769 61.3509914186401 987085.620532879
192100 0.3842 -2.10065171042958 -0.0242068127992892 0.00712591861710799 0.0175577079504749 -0.00252784678295816 0.320252788221769 2.16478529597654 375.995813864945 -333670.445476505 106.63506305911 150.895802700107 61.3310722655821 986865.001740375
192200 0.3844 -2.05745234287806 0.0714119995941495 0.00163002565697187 0.00813376612582564 -0.0108969102183492 0.325329323639224 2.16943512586659 377.100957924007 -333681.217786239 106.693661423949 150.91192875691 61.3111531125241 987192.104124914
192300 0.3846 -2.12596365215417 -0.0505739795455242 -0.0679877797518727 -0.000998808060889142 -0.0223816880562643 0.320007880706173 2.14012290683845 373.972579074908 -333663.789698623 106.689789909285 150.880490913922 61.2912339594661 986629.992331147
192400 0.3848 -2.06653173771566 0.0119946664530869 0.023667364643562 -0.00610558943953457 -0.0093845344422831 0.31582838966682 2.1550612600092 374.21407209999 -333668.055269423 106.711341705453 150.988293196624 61.2713148064081 987213.432758321
192500 0.385 -2.10958752202507 -0.028938442871309 -0.0325241675330398 0.000347094086768138 -0.0333005972441612 0.321335476635944 2.1528468198358 374.482074471516 -333674.064888243 106.692445185254 151.020520563963 61.2513956533501 986928.34030388
192600 0.3852 -2.00209275468179 0.0144028105840354 0.0644839817456873 -0.019290381521392 -0.034081538532133 0.300923031675389 2.1085577941414 374.866912086342 -333680.27559903 106.752942358543 151.063988640214 61.2314765002921 987450.953209165
192700 0.3854 -2.02872186403555 0.000870739295340819 -0.0517536198172774 -0.0108936248452348 0.00309151383998203 0.322906834298635 2.08048085911119 375.752366875014 -333691.867723803 106.799173630639 151.008792888378 61.2115573472341 987196.387074492
192800 0.3856 -1.99627964659662 0.0166349546721244 -0.00209942895611611 -0.00124076855122945 -0.0221508129885338 0.29809922725473 2.06942781867775 374.140448996088 -333684.665250805 106.832828275578 151.05485859424 61.1916381941761 987487.267799239
192900 0.3858 -1.99630457489935 -0.0365536729329586 -0.0399506248246495 -0.013001810079425 -0.00481724501904651 0.309112918992854 2.03007564054056 374.126085625851 -333690.300891924 106.799719654383 151.098348128798 61.1717190411181 987144.009467192
193000 0.386 -1.98787571306733 0.0112166928339188 0.0231539666290069 0.00808433289906969 -0.0206103442280736 0.334179321046688 2.08731275645438 376.409206338468 -333712.365420733 106.801345671749 151.173808201165 61.1517998880601 987330.430052306
193100 0.3862 -2.00313441608812 -0.0159557342462218 -0.0279709405354529 -0.0311493647309067 0.0137639363796951 0.318762978977745 2.05753634569523 374.402562352694 -333704.559756702 106.807608873136 151.185346619582 61.1318807350021 987142.044042624
193200 0.3864 -1.96484663678372 0.0018795669986078 0.0210750232788 -0.032752413405867 -0.0012056923657625 0.336118758060085 2.06113624354122 375.85659729702 -333718.968200502 106.835097161144 151.239752182218 61.1119615819441 987429.573937279
193300 0.3866 -1.95848268474488 -0.00533150185355063 -0.0105464140825978 0.000975564429010517 0.025501569730858 0.309186238182114 2.02321117571751 373.658775822663 -333707.065733742 106.856405803208 151.241213676464 61.0920424288861 987314.148877107
193400 0.3868 -1.99093408919722 -0.0117380459311905 -0.0315113641288771 -0.0061913673846628 0.0437437191221823 0.334828265609036 2.0544240382608 376.194637597962 -333729.669513004 106.86851246641 151.247504910396 61.0721232758281 987145.119188715
193500 0.387 -2.0158550033659 -0.0163363390353041 -0.0142061412789875 -0.0308385805534494 0.02639985438364 0.303283248018632 2.06959534537398 374.829268764958 -333723.805723264 106.876442195345 151.305390730717 61.0522041227701 987274.084544429
193600 0.3872 -1.94430768318545 0.0228583698941659 0.0209235551356968 -0.0201248194439445 0.0492770805924008 0.315442335039217 2.04278027190351 374.700279733508 -333726.511179205 106.875070571102 151.379518359332 61.0322849697121 987422.827901246
193700 0.3874 -1.99909170340494 -0.0282475708452389 -0.000146636609085729 -0.00811338883310112 0.0528257448702309 0.306252173830174 2.05677883104484 376.406121849362 -333744.952052555 106.843367881262 151.42264529652 61.0123658166541 987088.889646649
193800 0.3876 -1.99588868565323 0.00162626255267908 0.0246915474174102 -0.0086209021127361 0.0377896397726371 0.283453806569322 2.06935171945997 374.608017676734 -333734.921226937 106.880244666561 151.459961104861 60.9924466635961 987350.465707997
193900 0.3878 -2.05189930082087 0.00844661262484279 -0.00616423459811102 -0.0287969956874494 0.0525088778390079 0.275236190295526 2.11025107262715 374.061073023444 -333732.22134933 106.90991773642 151.447007255566 60.9725275105381 987217.600097663
194000 0.388 -2.03072118069092 0.0337286261601626 0.000823028978805291 -0.0259066316749674 0.033698985906669 0.279366646857649 2.10586355810747 374.902998508858 -333738.550915282 106.919379157742 151.480875377667 60.9526083574801 987203.143658002
194100 0.3882 -2.01922074390421 -0.0229049934853565 -0.0283912560896718 -0.0162762405830723 0.034026320926684 0.294034132326698 2.05863806787136 375.16093637669 -333743.638022119 106.901238468889 151.511582049861 60.9326892044221 986913.10371172
194200 0.3884 -1.99652271829318 -0.0086465265846542 -0.00119160704288481 -0.0392821366886317 0.0167303700249156 0.306908997595182 2.06266215350497 373.478356788279 -333732.083335675 106.934031465399 151.54602819004 60.9127700513641 987117.493932735
194300 0.3886 -2.09710083872071 0.00335144917024893 -0.017084991067001 -0.0116736292477053 0.0160073743997732 0.303678015534117 2.15574354561586 374.503842168481 -333744.353935479 106.937619084026 151.50981339795 60.8928508983061 986591.981148535
194400 0.3888 -2.06521279751132 0.013475872621484 -0.0201253818204067 -0.00987341232624957 0.0334067936518953 0.314729139359475 2.13378369864731 374.138569273186 -333744.050790751 106.939654015333 151.574791161686 60.8729317452481 986711.00463836
194500 0.389 -2.06342025471745 -0.0173051010049858 0.0317246819387464 -0.0185129032817775 0.0349827571116426 0.28717778169299 2.13106182952893 375.432249572758 -333755.756574177 106.905913744853 151.676115225053 60.8530125921901 986736.083526292
194600 0.3892 -2.1121949271294 -0.0124636699325599 -0.0215356477089834 -0.0303052288730298 0.0414576190498497 0.276794529873108 2.15120012933582 373.857994665459 -333748.236841259 106.940210737299 151.663100404094 60.8330934391321 986644.880879528
194700 0.3894 -2.12187177402604 0.000779108470981918 -0.0179764527823562 -0.0143690751208538 0.0157792615362221 0.288641266277589 2.17197945189073 372.271047945532 -333737.597602217 106.983517197429 151.681572888705 60.8131742860741 986841.417010498
194800 0.3896 -2.06674379236421 0.00218609176562903 0.0321471508031951 0.00582573973378054 0.0360943654171021 0.299891682960592 2.14876037584671 374.982800717179 -333760.439389868 106.967589218596 151.76650339011 60.7932551330161 986923.600275169
194900 0.3898 -2.09093206349887 0.0274247836447164 -0.022659494631747 -0.0210219594225916 0.037333163502734 0.268276214454985 2.14598957087437 373.826606568912 -333752.660732146 106.966705706127 151.816607384924 60.7733359799581 986917.794080536
195000 0.39 -2.11242453627299 -0.0218333088532474 0.0216984522314208 0.0169802966368786 0.00989921446009051 0.254051810965818 2.15830020037823 374.233808146887 -333757.21105265 106.955139297585 151.869076744564 60.7534168269001 986828.579314705
195100 0.3902 -2.08035066855884 -0.0247384263999957 -0.00536036981149511 0.0209737706878559 0.0198850275116818 0.282028359911189 2.12294062494777 373.93615834756 -333756.021438626 106.988869264091 151.863017067264 60.7334976738421 986776.764042384
195200 0.3904 -2.11158108068482 0.0404914821088097 -0.0136579095197629 0.0250786988568921 0.0122773072079746 0.271077816668268 2.17729272731571 373.08039180843 -333749.26575577 107.03996201281 151.874804767526 60.7135785207841 987000.812890978
195300 0.3906 -2.14167660819199 -0.0448456841756552 -0.0123958860890423 0.0194100288363699 0.0262831181297723 0.273840150649005 2.16655546716204 373.513569711893 -333754.462067043 107.015611353215 151.913224522905 60.6936593677261 986702.076105936
195400 0.3908 -2.10617543169407 0.0297256820380139 -0.00924786453466629 0.0159264660027192 0.0162898528407113 0.260005889526669 2.1644202655871 375.32125491734 -333768.643627835 107.049737918103 151.965616482169 60.6737402146681 987033.089589336
195500 0.391 -2.12477974882588 -0.0423228419214912 0.0216057125901625 0.0266781657410806 0.00836824653811924 0.240139320000617 2.15619758471953 375.160663071479 -333767.395383349 107.03377557103 152.02493787136 60.6538210616101 986947.032444323
195600 0.3912 -2.11998351983519 0.0128114149530036 0.0193072844949238 0.00596577085532001 -0.00737386332805141 0.249852574519588 2.17950902903942 374.78161376839 -333766.071746646 107.076031922186 152.033555738094 60.6339019085521 987068.376217919
195700 0.3914 -2.22127179776153 -0.0357003405105716 -0.0354638060353997 0.00676377375345142 0.0277080436394717 0.24147948070964 2.22589691707877 375.067609600505 -333769.125593186 107.078679586157 151.996100410193 60.6139827554941 986525.406011203
195800 0.3916 -2.11791968146548 0.0403251663582119 0.0391970779889611 0.0176902975768913 0.0295955694058718 0.270738740772237 2.20885769916609 373.459412741425 -333758.847442183 107.130840319366 152.045965975149 60.5940636024361 987005.316522019
195900 0.3918 -2.16443496543617 0.0110582611216532 -0.0404763128769117 0.019738929464068 0.028572756780644 0.255135426838436 2.19595396487088 375.831515410195 -333778.595855613 107.119138316582 152.031980360121 60.5741444493781 986482.333336332
196000 0.392 -2.16879902854097 0.0203671192536523 0.035072349420848 0.00636723264815816 0.00726166225218032 0.2513698790441 2.23935194352395 373.167586106573 -333760.46689483 107.114092724353 152.130715233887 60.5542252963201 986751.903867953
196100 0.3922 -2.17633377402128 -0.000537740464643181 0.00677034115196568 0.00149794161466001 0.0156609613692303 0.260431387179247 2.22581641956308 376.232846144219 -333785.266077918 107.109450488979 152.162924914499 60.5343061432621 986593.404496321
196200 0.3924 -2.20227457415029 0.0216926031440781 0.0190482915685585 0.0103407228824237 0.0356205651042852 0.266013905801848 2.27080901790089 374.180398005711 -333772.039942579 107.138734779115 152.191365069976 60.5143869902041 986722.801391055
196300 0.3926 -2.23550820958126 -0.0113085848654666 -0.00626483024444463 0.00165405990937387 0.0584563535264209 0.258741917374962 2.27363354790251 373.76813776147 -333769.686647549 107.141666493092 152.209684192246 60.4944678371461 986543.734347535
196400 0.3928 -2.19432200931909 -0.00262341248996297 -0.0128632328781374 0.00168719159374089 0.0368880025899859 0.228174763920664 2.22294554049581 374.52727274115 -333775.040205493 107.169313620042 152.231463731184 60.4745486840881 986614.532957286
196500 0.393 -2.24831639560256 -0.017494319715475 -0.0304607372547891 0.00836887467605349 0.0159904702004805 0.269018614052143 2.27286157420078 373.33535453868 -333766.939052661 107.161113092111 152.262618108706 60.4546295310301 986415.92092084
196600 0.3932 -2.22615215617713 -0.0395103601123028 0.0150084318377353 0.0143681150574634 0.0140303990785903 0.259276780090126 2.25975019475378 372.668508531346 -333765.05376424 107.1569769398 152.336837735168 60.4347103779721 986533.493147813
196700 0.3934 -2.23840586659827 -0.0215311948893963 -0.0123606579976384 0.0367021349961058 0.0334855111627638 0.278715853107708 2.27495052662833 374.670267147805 -333782.310495985 107.161817758768 152.361768203617 60.4147912249141 986414.289587172
196800 0.3936 -2.24698326843248 0.0107592733368692 0.00229666531291557 0.0111223095758843 0.013283550874797 0.260959000194171 2.298600853852 374.851348691651 -333785.912355857 107.187086388874 152.391778424247 60.3948720718561 986515.853635403
196900 0.3938 -2.27366110893601 -0.00789421102270691 -0.00882902249559745 0.0141809506824368 0.0247436252094752 0.259002587437868 2.30982023209858 375.61898809633 -333795.188701316 107.209639845008 152.39392282537 60.3749529187981 986411.87221604
197000 0.394 -2.22337637587689 0.0381288947436253 -0.0138410270694876 0.0299246339311065 0.0171367335055782 0.262580808410512 2.28254029682141 374.59549115744 -333791.363274326 107.234884038294 152.448127148477 60.3550337657401 986669.440010447
197100 0.3942 -2.21641717504708 -0.0221779271042487 0.00523163836584718 0.0363747678117583 0.0278070011597272 0.243938478231399 2.24953046399502 373.781923378846 -333788.937690246 107.21539871073 152.532079252364 60.3351146126821 986707.654821832
197200 0.3944 -2.20575865309453 -0.0262682129955227 -0.00291409099899357 0.026199358950964 0.0199199903445044 0.273369563210346 2.24255801946556 374.951504422956 -333801.909853809 107.225225214816 152.549260516058 60.3151954596241 986583.421646318
197300 0.3946 -2.16681321135245 0.0322017139645545 -0.0102322625781996 0.00218108765948043 0.014286090995543 0.254294494799963 2.22233614812178 375.661178891171 -333809.214966838 107.279843792632 152.54223689037 60.2952763065661 986714.551065636
197400 0.3948 -2.16794231118101 -0.0220480017388188 -0.00167464309820964 0.0309576756966818 0.0189258601322707 0.265476303950422 2.20553377595678 373.502172588386 -333797.719130117 107.296924873949 152.543414360432 60.2753571535081 986553.247726604
197500 0.395 -2.14154968752089 0.0530714173536439 -0.0166252069547275 0.0237517580023886 0.0238564088983245 0.272433765432754 2.21231146612764 373.471415395444 -333797.607308394 107.338134215825 152.570110861715 60.2554380004501 986778.665888565
197600 0.3952 -2.17515213681112 -0.0273371855387407 -0.0129988743808165 0.00702911311139262 0.0270671592467316 0.268373923780723 2.20511462257087 374.147403544105 -333803.655992166 107.288565889464 152.651425296505 60.2355188473921 986522.419454604
197700 0.3954 -2.13592969970099 -0.00998353036653915 0.0436921438221478 0.0106739627238472 -0.0187483871745035 0.262606365936731 2.20111844379907 374.789296623822 -333807.984521207 107.277625387361 152.768448026288 60.2155996943341 986851.565287463
197800 0.3956 -2.17238951010333 0.00458317384868532 0.00969088100511233 0.00873712109066883 0.015722341060066 0.247065906886071 2.22136236783178 373.805387120053 -333801.807249386 107.323849365288 152.748479063343 60.1956805412761 986821.185134705
197900 0.3958 -2.14831812260088 0.0102102931130685 -0.0183064686814755 0.0174376223508842 0.0308398850261768 0.26164621813995 2.19263440282141 373.674582997668 -333800.813893569 107.35451381003 152.759559024165 60.1757613882181 986848.077596891
198000 0.396 -2.09055363143889 -0.0219547778045453 -0.00875336190219831 -0.0228563315730021 0.0533326867060484 0.242782533676285 2.11979111388568 374.548082714268 -333807.747211661 107.326048109343 152.867862973351 60.1558422351601 986959.074314119
198100 0.3962 -2.12542940613403 0.0036856378217573 -0.0043943435685371 -0.0143421400918722 0.0500838952737136 0.239037411342465 2.16692221348015 375.917258118807 -333817.886057123 107.330712027752 152.901742282632 60.1359230821021 986893.813055281
198200 0.3964 -2.12867735514271 0.000954162657661514 -0.014596447691998 -0.0337817506694208 0.0686613007382047 0.254802824810931 2.17135794710505 376.175474282823 -333821.374423619 107.319655703133 152.933711907641 60.1160039290441 986671.546950047
198300 0.3966 -2.13972498227159 0.000215599526974329 -0.00540205975829121 -0.00317116540359879 0.0533097417531239 0.257498838592893 2.18513814319425 375.12975668637 -333816.386853612 107.341601714544 152.969784934049 60.0960847759861 986779.017834499
198400 0.3968 -2.14019835308915 -0.0102890003991267 -0.00378452864879839 -0.0286600217830442 0.057003534465388 0.259214530493095 2.18270451776488 374.346639899466 -333814.891854287 107.361402748416 152.997660099532 60.0761656229281 986813.704158888
198500 0.397 -2.13228336016862 0.00805372947045235 0.0201473443404384 0.00462233866347241 0.0671227908463283 0.268600006925925 2.19933897378697 376.003325485062 -333828.504356475 107.355414315747 153.07153713014 60.0562464698701 986907.798831171
198600 0.3972 -2.13734221470286 -0.0209340385794097 0.0175131655844104 -0.000498342848035176 0.0506272007903076 0.27070635773607 2.18850807960221 375.654073581504 -333829.571376818 107.340699458785 153.128717040056 60.0363273168121 986813.725715732
198700 0.3974 -2.1175047197138 0.0172730910872076 -0.0226428019420029 -0.0276238656112004 0.041933445297684 0.270704919143096 2.16819416851211 374.192395847168 -333822.366242009 107.372045583807 153.150462722685 60.0164081637541 986914.525010709
198800 0.3976 -2.13042903399932 -0.0102686727828562 0.0129137879313692 0.00438559515146693 0.051561826255882 0.290443754730808 2.19223041857864 374.203036648185 -333826.388105187 107.35993346545 153.216771929986 59.9964890106961 986902.792946296
198900 0.3978 -2.12363457677555 -0.00752951031510763 0.0153758777393193 -0.0111965407343267 0.0497697842448952 0.291812092099761 2.18864469248533 374.700511680589 -333832.514408717 107.369627800045 153.251549141334 59.9765698576381 986888.174739848
199000 0.398 -2.12872259943855 0.0373424987603972 -0.0109431993775831 0.0282257065802832 0.052835967668076 0.271329985579635 2.19572412338151 374.670617091909 -333833.96246609 107.395863820765 153.254070274121 59.9566507045801 986817.715975961
199100 0.3982 -2.13217136928834 0.0161330185325846 0.0138424303483979 0.0386314121954762 0.0618752864296885 0.276067433324377 2.20338344446488 374.145723279602 -333832.44707217 107.386298461746 153.323267833218 59.9367315515221 986847.388538059
199200 0.3984 -2.12782107348118 -0.017648975217945 -0.00238639477791104 0.0495250569962084 0.0785382716535926 0.284915312967856 2.18051807671653 373.833893463485 -333834.862536813 107.363583987667 153.380524160854 59.9168123984641 986679.076872526
199300 0.3986 -2.14798647855141 0.00826886461162192 -0.00420814029851902 0.0392563945090746 0.0691990378290337 0.309542715956266 2.22016395005193 374.140209127899 -333838.245308397 107.372122995653 153.432352772256 59.8968932454061 986762.829671471
199400 0.3988 -2.1295955436195 -0.0135295037093354 -0.033687343244321 0.0203684765445684 0.0415361122882597 0.296223581045653 2.16913625767555 374.551940233864 -333842.439860516 107.365744940506 153.484490400187 59.8769740923481 986711.257858429
199500 0.399 -2.14232823837759 -0.0019317365561207 0.00852838002517012 0.0329161215466912 0.0122416974035245 0.281490121676618 2.20118273944515 373.085132801609 -333835.279730443 107.350653639457 153.57684848305 59.8570549392901 986837.82963853
199600 0.3992 -2.15497680176708 0.021599295088893 0.0114871379949972 0.0157465208037887 0.0329201527725788 0.279001065398906 2.22555515171312 374.924078066895 -333850.483768673 107.355160872873 153.59721522112 59.8371357862321 986681.683060913
199700 0.3994 -2.19515347863081 0.00235140699426372 -0.0322270716124406 0.027130966715009 0.0399244330581777 0.278042825558455 2.23453588145646 374.604971128093 -333850.285435918 107.355425630624 153.608665540449 59.8172166331741 986429.190185091
199800 0.3996 -2.15068970811343 0.0156303852469367 0.0276147911557744 0.025414386665121 0.0314810187928969 0.303637637056476 2.23619022287959 374.643673160559 -333852.024290106 107.359624089687 153.668848636744 59.7972974801161 986525.63775823
199900 0.3998 -2.18829874783452 -0.00293334488912416 -0.0187121340650336 0.0244671766892303 0.00391909581023605 0.284476223490723 2.23298245983911 374.770497660228 -333855.122498007 107.365587150984 153.689490073512 59.7773783270581 986384.268599243
200000 0.4 -2.22758495350954 0.040777511468153 0.0240946325018782 0.0348181788804251 -0.00778167666993123 0.311168732924497 2.32426338778159 374.025441608203 -333850.794726084 107.348359596013 153.763627619657 59.7574591740001 986372.946296341
