Step Strain Szz_GPa Sxx_GPa Syy_GPa Sxy_GPa Sxz_GPa Syz_GPa VonMises_GPa Temp PotEng Lx Ly Lz Volume
0 -1.42709516329022e-16 -0.0890998228055931 0.0247399606452372 -0.150285885442447 -0.00320664912743065 0.123325135905863 -0.0122527998337805 0.26415364321489 372.105371675344 -333172.868145686 99.5788864033309 99.5788864033309 99.5788864033309 987419.718419438
100 0.000199999999999781 -0.0725536923748954 0.0184768684658117 0.00243326985176387 0.00316556274495403 0.124158142512239 -0.0157901564045495 0.232609726409512 371.636414179373 -333168.637135741 99.5083975628279 99.7197641309938 99.5589706260503 987919.079240584
200 0.000399999999999848 -0.0950541483151852 -0.0507552607695518 0.0252904335353468 0.0031744553825574 0.102893789097226 -0.0145168296924195 0.208657424403432 374.369102454802 -333188.095937332 99.4171155812641 99.7878605472683 99.5390548487696 987489.264293895
300 0.000599999999999915 -0.145626421872397 0.0145303482691147 -0.00291418014564713 0.000706336576054668 0.0942345643924937 -0.0202354133850633 0.225900454279363 371.660064093701 -333166.234447988 99.4869092366261 99.752218237514 99.5191390714889 987631.905162553
400 0.000799999999999839 -0.174643712077797 -0.0169902667682001 -0.0247847947307825 0.00536325273991124 0.108376886892561 -0.0114250940108376 0.243723347041635 373.65562228966 -333180.57088563 99.5250822236525 99.7071343794009 99.4992232942082 987366.686834001
500 0.000999999999999764 -0.183758248844673 0.036736745887959 -0.0115408859323623 -0.0212954565802335 0.0800533198419526 -0.00158237028476732 0.246773984478888 373.258661709239 -333176.997409035 99.5396372160262 99.7288027447052 99.4793075169276 987527.986462272
600 0.00119999999999983 -0.188754932394421 0.00146259900932172 0.0110363501268202 0.0207436259341427 0.105194411754417 0.00367689316507627 0.269489344393133 372.417287408753 -333171.0284922 99.5007298809105 99.7756985794715 99.4593917396469 987408.457034015
700 0.0013999999999999 -0.220965618872415 -0.0224769155691363 0.0301917653421972 0.00740497789620013 0.117322648052098 -0.0129424565288753 0.307549552658667 373.662942315398 -333178.822803087 99.5024218656183 99.7885912006546 99.4394759623662 987355.090984994
800 0.00159999999999982 -0.265869837920709 -0.00327384785813201 -0.047799520740973 0.0184475890015334 0.0768075506111313 -0.00027833542431256 0.279224459732884 373.332967640785 -333176.48623272 99.5313388431356 99.7513312684145 99.4195601850856 987075.526141413
900 0.00179999999999975 -0.29310083291433 0.019634546557514 0.0315123765210578 -0.0132493744066599 0.125842241935086 0.00364288939154107 0.386955265296389 374.173579150848 -333183.323872086 99.5506838995481 99.7802026858146 99.3996444078049 987355.297086714
1000 0.00199999999999981 -0.343443811636629 0.0099011052226375 -0.0185909875753426 -0.00332785523322626 0.103720945385496 -0.0195024461163883 0.386063799224109 373.67389493456 -333180.54120189 99.5547962720689 99.7664565733105 99.3797286305243 987062.248449823
1100 0.00219999999999988 -0.357876358886265 0.00738120134776543 0.00290975780915915 -0.000507717654827921 0.10139582638563 -0.0297611471116907 0.40657243185801 373.60779288528 -333180.567108009 99.5515451698638 99.7875207221224 99.3598128532436 987040.567338482
1200 0.0023999999999998 -0.391677938110712 -0.0117208688505867 0.00232316894314972 -0.00223863216317597 0.141524895193108 -0.00806803939523509 0.45847458271771 372.18638663502 -333170.053255058 99.5428578704284 99.8108673148115 99.3398970759629 986987.472380531
1300 0.00259999999999973 -0.406758965343666 0.0145020214359583 -0.0160979434994563 -0.0148674325376213 0.103326688581123 -0.0214989208161837 0.446749987768843 374.533154248031 -333186.626086629 99.5528009100067 99.8148962116401 99.3199812986823 986928.003515323
1400 0.00279999999999979 -0.444623174301346 0.0234245775193068 0.0134509736244651 -0.0006090030746369 0.0982641876296618 -0.0104679117245347 0.493758487290996 373.709100363203 -333182.399818316 99.5542221156 99.8303608374558 99.3000655214016 986897.069114244
1500 0.00299999999999986 -0.47958706703182 -0.00603911523044955 -0.0341841238109264 -0.0162805425272577 0.0867323537491135 -0.0183293361992987 0.48588307075736 371.335614546525 -333165.336363773 99.5506523847017 99.835108534242 99.2801497441209 986710.678669018
1600 0.00319999999999979 -0.480186097910348 -0.00502514545619033 0.0288511971536881 -0.00463049594129673 0.0863335887881864 -0.0301170132877494 0.517849540070464 374.630766828174 -333189.705837992 99.5598077650274 99.8539619429226 99.2602339668403 986789.784999817
1700 0.00339999999999985 -0.494861321366262 0.0207162889614661 -0.0173146047888283 0.00356418423261134 0.0942780770429011 -0.0212639035346686 0.525088927966817 373.242084406347 -333179.678072497 99.5791884413651 99.8482411719313 99.2403181895596 986727.312831555
1800 0.00359999999999992 -0.552409208295203 -0.0177543450746089 0.00339162019304775 -0.00437891327794097 0.103330349330087 -0.0060962134663985 0.574290229029525 372.181664490393 -333172.182095539 99.5750351043335 99.8582351677938 99.2204024122789 986586.886497732
1900 0.00379999999999984 -0.530890470078818 0.0229125987897178 -0.0165571558867675 -0.00301816543237043 0.0945045459279669 -0.00636775572496677 0.559767389068806 372.61060493277 -333175.43294687 99.5841196247168 99.8740234227132 99.2004866349983 986634.816243003
2000 0.00399999999999977 -0.594126576977961 -0.0370973720702678 0.0125093017427513 -0.0179617125819241 0.101800702022234 -0.0179091769858489 0.611060518519473 372.570863587001 -333173.148106399 99.5841369891972 99.8834789225504 99.1805708577176 986530.298772022
2100 0.00419999999999983 -0.582482602850888 -0.00179615912626809 -0.0204540062934479 0.00580724338945878 0.106921341517537 0.0046950189157371 0.600977806510634 372.868535191042 -333177.757964735 99.608036461449 99.8560899771927 99.1606550804369 986298.386868756
2200 0.0043999999999999 -0.609419484205012 0.0630565310373716 0.0287279228272729 -0.00504157150302709 0.108742946422892 -0.000773932729575754 0.682547004385368 373.826093492011 -333184.159294082 99.6226450605032 99.8790257442037 99.1407393031563 986471.44634564
2300 0.00459999999999983 -0.693717336640796 -0.0206368648073187 -0.0519802214808099 -0.00687306727980819 0.100320297359885 -0.0100498181781101 0.680852646434869 372.923800338742 -333179.540202606 99.607962992347 99.8665913949512 99.1208235258756 986005.159202976
2400 0.00479999999999975 -0.683089149992857 0.00928873109166206 0.0318450903148727 0.0124699221731129 0.104472686461232 -0.0254097647970988 0.728464505468774 371.698552505041 -333169.970179747 99.6109280232563 99.9263214140167 99.1009077485949 986426.018256892
2500 0.00499999999999982 -0.722393086077893 -0.0453797581131956 -0.0292888664314591 -0.0354029363499984 0.127887647283761 -0.00601449564509622 0.72279602124517 372.425257352613 -333175.652896946 99.6155238360668 99.9118519176081 99.0809919713143 986130.469735291
2600 0.00519999999999988 -0.740774666557271 0.0303864360426259 -0.0158571586576716 -0.00520348879004541 0.114890197384653 -0.022124058342285 0.776089928978109 374.219819550839 -333189.303063481 99.6619148607753 99.9055981830972 99.0610761940336 986329.661227538
2700 0.00539999999999981 -0.784451263070542 -0.0174660430639734 -0.0026998080186993 0.00252000616789563 0.113645754584313 -0.0142017239539052 0.799487363395424 371.902230333228 -333172.549980114 99.6512041788968 99.9053667727763 99.0411604167529 986023.100535005
2800 0.00559999999999973 -0.790873332344104 0.0180382758720849 -0.000694195749845813 -0.00561937466766731 0.118372031574118 -0.023245530731282 0.826612116680649 373.573161373446 -333182.854207417 99.6594596131391 99.9129863670268 99.0212446394723 985981.687438746
2900 0.0057999999999998 -0.829536356276645 -0.0318212796477597 -0.00662906567112495 0.0112328191257938 0.112472896306674 -0.0227040834819511 0.8348386743177 373.324835653628 -333181.555795128 99.6312036779605 99.9324450932898 99.0013288621916 985695.819991447
3000 0.00599999999999987 -0.842937185276094 0.0392472707605816 0.013339524106825 0.0127970541638836 0.103193178434181 -0.00522395995627129 0.888023014175455 374.708809918461 -333191.110563223 99.6620747195273 99.9307213753094 98.9814130849109 985785.886308164
3100 0.00619999999999979 -0.897493967986013 -0.0215223905046364 -0.0234691007189548 -0.0096055194725102 0.104553870911887 -0.0289672347511884 0.895105226924139 373.964720950382 -333187.024235252 99.6806230723214 99.9000508322257 98.9614973076303 985468.418244978
3200 0.00639999999999971 -0.878873660988599 0.0375974537752505 0.014788734877438 0.00858033300050286 0.0926207576832382 0.00270561586728553 0.919518706441556 375.305545845726 -333196.431642443 99.7192847189733 99.9126414843975 98.9415815303496 985776.461279225
3300 0.00659999999999992 -0.922240937797737 -0.0328875005289324 -0.0170551440104134 0.000320898472212823 0.114067917026437 -0.0193584063691401 0.919477994455427 373.138009099411 -333181.39755039 99.6861039809992 99.9561213300133 98.9216657530689 985678.853192515
3400 0.00679999999999985 -0.911335945367636 0.00713539305889968 0.0283665263605513 -0.0358391564145723 0.132969031921169 0.000319224957944479 0.959393808304801 372.731140547774 -333174.886082155 99.6945434550244 99.9964110842702 98.9017499757883 985961.094491113
3500 0.00699999999999977 -0.97210207634267 -0.00519972742098077 -0.0161171406602194 0.00109850810427879 0.1008251661607 0.00814991295008965 0.977324559987312 373.672168239774 -333183.099010701 99.6998518761198 99.981554340268 98.8818341985076 985668.575668665
3600 0.00719999999999984 -0.965551852420403 0.00441816931404645 -0.00531860372761385 -0.0213534105959241 0.121331831969229 0.0141966954512559 0.988751259477539 372.997758856145 -333176.739538072 99.6998834760481 100.000339148255 98.8619184212269 985655.517503638
3700 0.00739999999999991 -0.997066001178384 -0.0220605872568242 -0.0131573100457931 -0.0265841845257148 0.124054631477965 -0.0233677102708706 1.00465045166359 374.518643603538 -333187.492512562 99.6905897399663 100.004057999107 98.8420026439463 985401.739436585
3800 0.00759999999999983 -0.999833539316377 0.0302875770214637 0.00694081458905495 -0.00941014152047745 0.106040703287535 0.00012320865848129 1.03520248393926 373.301013901006 -333178.194769146 99.7165531912579 100.010023629954 98.8220868666656 985518.562984153
3900 0.00779999999999976 -1.06278127998164 -0.0201210656449811 -0.037369384039939 -0.0097601836910514 0.121845461604826 0.00633193487700775 1.0556508442612 372.398509805782 -333169.649372805 99.7008748395193 100.0023915744 98.8021710893849 985089.847958758
4000 0.00799999999999982 -1.08223280461341 0.019896081527678 0.0350407461951218 0.00480300160675827 0.118891383766548 -0.021905226634402 1.12939055320654 372.948953667556 -333173.462207707 99.7363198644852 100.013426268174 98.7822553121043 985350.139266481
4100 0.00819999999999989 -1.12459826951804 -0.0432061994747521 -0.0228514362738881 -0.00996869244997434 0.129196347888225 0.00202009296729047 1.11454926350868 374.435044739801 -333184.711263678 99.7295494682114 99.9902949751168 98.7623395348236 984856.772751568
4200 0.00839999999999981 -1.12215107002316 0.0402195983184564 -0.00489488252192993 -0.00338271235843406 0.129434751860553 -0.0212281057412137 1.1629047374452 372.619924620184 -333170.029605048 99.7689518188192 100.021376024922 98.7424237575429 985353.396206951
4300 0.00859999999999974 -1.17966884014649 -0.0186995493417362 -0.0357799099516513 -0.0145164463788237 0.110668077557431 0.00705788092174906 1.16868967293836 373.70977208529 -333178.378539538 99.7256259235837 100.043249931311 98.7225079802623 984942.192770231
4400 0.0087999999999998 -1.17331276462605 0.00197556622810757 0.0510304016672886 0.0194752806459049 0.11381467494706 -0.0100299671646085 1.21723605528186 372.793454490664 -333170.214584102 99.7118302433257 100.12085070254 98.7025922029816 985371.002224163
4500 0.00899999999999987 -1.25103199118279 -0.0378788734564263 -0.0210185337913996 -0.00556279231766666 0.119280948867267 0.00639835792132583 1.23910387657725 372.699211742777 -333168.964231064 99.7136048593882 100.09133353743 98.6826764257009 984899.262859757
4600 0.0091999999999998 -1.27123809319788 0.0132789210968516 0.0301405581294062 0.0524010573285058 0.110432705072441 0.00697319287984167 1.31030415179314 372.976429934094 -333169.347480138 99.7611308410228 100.088959011001 98.6627606484203 985146.455038689
4700 0.00939999999999972 -1.26442758924078 -0.00257247487501387 -0.0439090827091868 0.00157051969095789 0.103753141467136 -0.0152588981470941 1.25492082594855 374.075528936945 -333176.675160342 99.7701627879946 100.063070397173 98.6428448711396 984781.983487675
4800 0.00959999999999993 -1.27595810725843 0.0415630881298841 0.056331838519111 -0.0320366390965662 0.115864864272045 -0.0141292891355709 1.34145082184898 372.300122109596 -333161.806959437 99.7554746457724 100.136340393714 98.6229290938589 985159.051211041
4900 0.00979999999999985 -1.38999049633357 -0.0618353899384137 -0.0076943772398773 0.00881022307577943 0.134829380226319 -0.0166460293008364 1.37638508952384 372.476994081591 -333163.237618026 99.7108045589519 100.12561280623 98.6030133165783 984413.577176605
5000 0.00999999999999978 -1.31468621775351 0.0424488519672418 0.0184172126083003 -0.0239901698772675 0.121139995369249 -0.000386288695068994 1.36217864630253 373.303784393993 -333168.245241347 99.7908732944326 100.113329897881 98.5830975392976 984884.244339571
5100 0.0101999999999998 -1.36869457470144 -0.00948136038258725 -0.0158898145469175 -0.00170917389706296 0.117033290945838 0.00323696273519241 1.37110238343406 374.792710789033 -333176.971972506 99.774247972973 100.090848778221 98.5631817620169 984300.146815485
5200 0.0103999999999999 -1.38487240543327 0.0483086288056348 0.00219798970300147 0.0155232044502218 0.120088957855867 -0.00236467459496277 1.42620227618167 374.06619755206 -333172.018401711 99.7962822625489 100.112140036877 98.5432659847363 984527.972064272
5300 0.0105999999999998 -1.41948002172716 -0.00941310456478712 0.00292289891205227 -0.0235981233726163 0.111065016657239 -0.0112092678718653 1.42999627599665 372.517417804813 -333160.198857166 99.7643299014582 100.14970298136 98.5233502074556 984383.049280642
5400 0.0107999999999998 -1.49136875854903 -0.029400735970461 0.000826267254763545 -0.0314676250695582 0.116390380545884 -0.00741437504807722 1.49205589644135 371.700912714388 -333154.369918447 99.7716718794822 100.167339917512 98.5034344301749 984429.82589667
5500 0.0109999999999998 -1.49351715263989 0.0246361748992444 -0.0220970542316364 0.00196963548955401 0.118335322774132 0.00846602446133455 1.50939117469993 372.595772387751 -333161.363777716 99.8263719045962 100.131668223671 98.4835186528943 984419.699486344
5600 0.0111999999999999 -1.52690276554024 -0.0154890484220847 0.00807364896389508 0.00447270589922812 0.118104231106131 -0.0240031284743494 1.53758703918896 371.976007583839 -333153.027896234 99.8107641592131 100.183688298223 98.4636028756136 984577.983018177
5700 0.0113999999999998 -1.51900218201597 -0.0116321158792146 -0.00182588379522536 0.00642177886795397 0.0981225203642462 -0.019479069702832 1.52223139055357 373.086341646877 -333159.314149537 99.7965223922659 100.204359992735 98.4436870983329 984441.46395404
5800 0.0115999999999997 -1.53666459800983 0.00900601419879305 -0.0052502783361977 0.00267548938447305 0.11295618664441 -0.00654205869339532 1.5510295037625 372.807007609075 -333155.449745691 99.8078244301034 100.19742112657 98.4237713210523 984285.607807173
5900 0.0117999999999998 -1.57704841407085 0.0158537643501649 0.0463148456594105 -0.023266852955344 0.104777156099534 0.00344312458053619 1.61906797641371 373.703747560346 -333160.587387155 99.8222439330082 100.196660593701 98.4038555437716 984221.143305291
6000 0.0119999999999999 -1.62640118106106 -0.0131228216127462 -0.0529422776814508 -0.0274461850099969 0.129087988054621 0.00112120825927366 1.61005203763849 372.028808453691 -333149.20949844 99.8357081046855 100.166309596019 98.3839397664909 983856.560423626
6100 0.0121999999999998 -1.62386164639762 -0.00306366565352042 0.0328731097611112 0.0120038791729345 0.12914467608235 -0.0339427211984951 1.65542968610321 372.02879613327 -333147.04240363 99.8230939686588 100.214666295102 98.3640239892103 984007.929592345
6200 0.0123999999999997 -1.66131272682708 -0.0255828069520306 0.0351775831585753 -0.0528820089524006 0.151113856600039 -0.0266723758615697 1.69047973791834 374.891675355482 -333166.949697489 99.8214705299217 100.23117724088 98.3441082119296 983954.783073032
6300 0.0125999999999999 -1.64151717564605 0.0180838702143656 -0.0472221361524522 -0.0196537199550518 0.123835205138404 -0.0361305314812455 1.64354468012154 372.281405867958 -333146.34482389 99.8747905931834 100.204810749447 98.3241924346489 984022.076671127
6400 0.0127999999999999 -1.69079752013342 0.00154238989228706 0.0162030238870545 -0.0106140760132184 0.106522818910297 -0.0412075521722891 1.7112900329907 373.848413662246 -333156.111607918 99.8752745749375 100.222428855246 98.3042766573683 984000.505867105
6500 0.0129999999999998 -1.72396717494418 0.0131809509236264 -0.00304556132260695 -0.0230909390494608 0.118141635885932 -0.0554338827795345 1.74426193974294 374.42512370608 -333158.769980491 99.866371131979 100.233857014435 98.2843608800876 983825.62334112
6600 0.0131999999999998 -1.75516643509215 -0.0242482040996895 -0.0152134154908758 0.000772055990670013 0.097408567827352 -0.0341777650026153 1.74464021059789 373.025937259552 -333147.853198122 99.848417070682 100.256004946086 98.2644451028069 983666.734933437
6700 0.0133999999999999 -1.81554490286379 -0.0276086559304214 -0.014472713488894 -0.0260202967723915 0.115287795889316 -0.0531695777458333 1.80852448445667 372.192810765392 -333140.495336675 99.8566342427881 100.26426327185 98.2445293255263 983629.323075373
6800 0.0135999999999998 -1.81101547700641 -0.00178728125736156 0.0144854260990896 -0.0387855799170691 0.124436390131571 -0.0302304908900707 1.83213546529789 372.800655372181 -333142.734957019 99.8908268347852 100.254931642545 98.2246135482456 983675.108735746
6900 0.0137999999999998 -1.86353416891274 -0.00823368360971724 -0.0195462437104906 0.0111622040339373 0.126103080377838 -0.00940856657769678 1.8626929363024 373.220375810849 -333146.212412493 99.8938306032824 100.245515527771 98.204697770965 983412.862351437
7000 0.0139999999999998 -1.86291476032157 0.0358822274598995 0.0243305303801333 -0.0196265442709026 0.122262050660271 -0.0450445812487879 1.90675530381044 373.409563428933 -333143.999639954 99.9015626497683 100.275788976247 98.1847819936843 983586.477496313
7100 0.0141999999999999 -1.90525500649335 -0.0380667682650987 -0.0350830990298905 -0.0386079912346983 0.0971213838073424 -0.026673270554278 1.87799779073045 372.419346204167 -333137.363876041 99.8965533394862 100.277194036754 98.1648662164036 983351.43610079
7200 0.0143999999999998 -1.89435998225307 0.0141409416455015 0.0158186732502829 -0.0181672385645144 0.114571742122596 -0.0200818206069947 1.9201980575268 372.093932319969 -333132.533291752 99.919306021855 100.296607306001 98.144950439123 983566.235634581
7300 0.0145999999999997 -1.99201368024599 -0.0258164652714074 -0.0186803109277983 -0.0353723695209952 0.121808090839311 -0.0137529786994382 1.98213172607078 373.314423562588 -333139.420901391 99.9099564131547 100.290323032749 98.1250346618423 983213.024217674
7400 0.0147999999999998 -1.99077887378691 0.0130700098561578 0.0175751854679747 -0.0370207503826039 0.1164721951557 -0.0324365047064318 2.01802468798768 373.58442573386 -333140.344297911 99.9188952786635 100.315934576762 98.1051188845616 983352.476109478
7500 0.0149999999999999 -2.00779614288531 -0.0637131689019658 0.00234901118511617 -0.0237904496396154 0.127664835459416 -0.0435589191634406 1.99211902413941 372.970285787225 -333134.58185125 99.8988363453531 100.326026081514 98.0852031072809 983054.363708672
7600 0.0151999999999998 -2.00667983997456 0.044570721727146 0.022350243823933 -0.0322379354146238 0.115543131354593 -0.0284946185988899 2.05137689800191 371.750848719894 -333123.273313168 99.9522410391204 100.331011524369 98.0652873300003 983429.047411329
7700 0.0153999999999997 -2.05777140709682 -0.018573914437733 -0.0347847207990032 -0.0311442074310383 0.118488763461267 -0.0173071809128278 2.0424150974586 373.062245561354 -333131.367932577 99.9336640385197 100.327242150572 98.0453715527196 983009.65159084
7800 0.0155999999999999 -2.07846588725392 0.00551763125707041 0.0231404999886015 -0.00252806540065612 0.128362447201828 -0.0210354433088011 2.10494680109444 373.578152763071 -333133.404849299 99.934349063335 100.374598954509 98.0254557754389 983280.624062685
7900 0.0157999999999999 -2.07264671575725 0.00783353981216708 -0.029968801855817 0.00848024338812398 0.111217685688997 -0.00960032081020331 2.0709370942373 372.615073512801 -333124.719889482 99.935495924277 100.370440519286 98.0055399981583 983051.404782371
8000 0.0159999999999998 -2.11424497142864 -0.0243313154851509 0.0372763559461746 0.00821187963443755 0.121820860812509 -0.0347758141196979 2.13275424072846 373.108844735202 -333125.765333687 99.9286146937671 100.403541453363 97.9856242208776 983108.072285273
8100 0.0161999999999999 -2.15590884391963 0.00475612764209229 -0.0434332304236541 -0.0158629599235431 0.143838030763107 -0.0254422836856032 2.15207788956658 372.642994912095 -333119.649542356 99.9526743404724 100.379337239618 97.965708443597 982907.900683352
8200 0.0163999999999999 -2.15101357306246 -0.0193583510347369 0.0197521151651138 -0.0010358791138196 0.122567635849177 -0.0303912372201455 2.16256704422873 373.28125068309 -333122.489223535 99.960578169238 100.394181582105 97.9457926663163 982931.127153404
8300 0.0165999999999998 -2.15419009191163 0.00314222701841442 0.0233406329366077 -0.00933748188051289 0.142206065014625 -0.0261133576132539 2.1819808355258 372.445920604776 -333113.09762033 99.9927273373894 100.387813260444 97.9258768890356 982984.969870258
8400 0.0167999999999998 -2.22007912339058 -0.0238052950153115 -0.0333627823671098 -0.00777335802191876 0.127340936696461 -0.0418859429521339 2.20381735401254 371.798488755759 -333107.252939623 99.9919171422873 100.384001760094 97.905961111755 982739.777377703
8500 0.0169999999999998 -2.23951361970278 0.0163326338997094 0.0323513127728494 -0.0202604647152539 0.123081912128859 -0.0388123369823096 2.27517751346269 372.611164228229 -333110.1167164 99.9860771684628 100.432963043831 97.8860453344743 982961.682202421
8600 0.0171999999999999 -2.27689722836496 -0.0076588102150337 -0.00959967093974407 -0.017887470280008 0.115335092820052 -0.0458904015558311 2.27864580665326 373.491903505867 -333115.975769364 99.9743606040025 100.445984238567 97.8661295571936 982773.928777761
8700 0.0173999999999998 -2.25899653482355 0.00181929718213128 0.0516850375245198 -0.0172744230215313 0.126541266119037 -0.00593822573767949 2.29685679882054 373.205751847804 -333111.564813501 99.982241720468 100.472037576028 97.846213779913 982906.268511954
8800 0.0175999999999998 -2.36773884707955 0.00460065766724931 -0.0473417681048856 -0.0266499990112905 0.142115916560338 -0.0202803191858089 2.36038620046506 374.604419944376 -333119.134867664 100.006441112613 100.422707554364 97.8262980026323 982461.448916973
8900 0.0177999999999998 -2.34293532558534 -0.00633104109449138 0.0465388234447837 -0.0101756297225554 0.123271608939351 -0.0247499224194769 2.3735599280178 371.874721904352 -333096.797839393 100.013720944783 100.463216288809 97.8063822253516 982729.194424529
9000 0.0179999999999999 -2.36306342873306 -0.0137555697203321 -0.00524033457884189 -0.0190202821403139 0.123927567903756 -0.0313296699989444 2.36419730961952 372.27167766719 -333098.38623914 100.021817525246 100.449644147091 97.786466448071 982475.880878271
9100 0.0181999999999998 -2.39124732843412 0.0111153094942529 -0.0100289202082015 -0.0264824828176132 0.138212550989295 -0.0172633011806007 2.40443410665864 372.3626142456 -333095.703257428 100.062629935134 100.426689042721 97.7665506707903 982452.022237273
9200 0.0183999999999997 -2.41338471385806 -0.0254929328953413 -0.00843869772733029 -0.000156285173772481 0.139171793891373 -0.0281986523695861 2.40905242832553 373.080653240172 -333097.699268102 100.078731794651 100.438906674537 97.7466348935096 982529.468504481
9300 0.0185999999999998 -2.47979250459324 0.00217739138737903 0.00290823676149442 -0.0160159968530797 0.136041369103317 -0.00217709336463862 2.49365084823454 374.81672107078 -333108.78211688 100.075325420891 100.443571904885 97.726719116229 982341.469751551
9400 0.0187999999999999 -2.50367314227407 -0.0169617247445098 -0.022642933288766 -0.0283777421924732 0.1348408688533 -0.0243072118045528 2.49567085453638 373.333888391397 -333096.366561703 100.06726405132 100.4598544316 97.7068033389483 982221.361818982
9500 0.0189999999999998 -2.49260127754004 0.00158449618883559 -0.00768434296969443 -0.032635354766973 0.145036467333082 -0.000521999546418979 2.5028450063168 372.866018815338 -333091.903318067 100.069161418149 100.489895639989 97.6868875616676 982333.439829701
9600 0.0191999999999997 -2.49607491614671 0.0182416817673729 0.00945180979143773 -0.0314722126965872 0.146407144826933 -0.0195482209655903 2.52352684766913 372.825854261627 -333087.182196405 100.06506625966 100.517441998521 97.666971784387 982362.187858581
9700 0.0193999999999999 -2.55034959296736 -0.0465422154473615 0.0193043144583628 -0.0325611430741038 0.150953847345755 -0.0300422110899109 2.55196074737212 372.392795990854 -333082.922521878 100.065099618924 100.508495215386 97.6470560071063 982074.777157526
9800 0.0195999999999999 -2.54277581724545 0.0462875099280758 -0.0096703328564012 -0.0498186869076998 0.165453850644088 -0.0103304797902038 2.57902938813723 371.822294720049 -333076.149298404 100.1243836208 100.484420500427 97.6271402298256 982220.865253161
9900 0.0197999999999998 -2.57602709675691 -0.0411675005298535 -0.0101316002140341 -0.0317478736497545 0.159552742523489 -0.0027383246745515 2.56604083367473 373.113309495797 -333083.851242821 100.105369277773 100.50332518102 97.607224452545 982018.718791902
10000 0.0199999999999998 -2.59283647366 -0.00894797730109126 0.00575200122559675 -0.0258761660107684 0.162407240681813 -0.0207173015911758 2.60712555116396 371.347343019083 -333068.977608249 100.122978356112 100.529002132678 97.5873086752643 982241.93749529
10100 0.0201999999999999 -2.61479546566031 0.00591848259566398 -0.0214758638217033 -0.0490091916376021 0.131022761123962 -0.0269844313338612 2.61877650364354 372.534149608929 -333073.867478571 100.118673060656 100.537663919449 97.5673928979836 982083.8631878
10200 0.0203999999999998 -2.62014975521615 0.0216431056868065 0.0264140203258987 -0.0408614725046857 0.148229975002929 -0.0199843495141821 2.65778470323091 373.839464366244 -333079.891782605 100.125236085475 100.569820785098 97.547477120703 982261.836820217
10300 0.0205999999999998 -2.65877307332268 -0.0380118468974145 -0.0317412208739663 -0.0352790021086393 0.161554396870112 -0.0397542805753367 2.64038577524539 374.250161692481 -333081.34728463 100.118545947482 100.558693407784 97.5275613434223 981887.023042964
10400 0.0207999999999998 -2.67482731265069 0.0340865215827002 -0.00616764528045539 -0.0347244603861289 0.165129700779606 -0.0140085333841366 2.70495822989163 372.818316299405 -333067.320480446 100.138016532669 100.586216706724 97.5076455661416 982146.172572132
10500 0.0209999999999999 -2.72328316624093 0.00293254007187943 -0.0219674050074757 -0.0399562840694034 0.176256358935203 -0.00274416299491829 2.73184927853766 372.285986572004 -333060.905553916 100.106798868957 100.603683483282 97.487729788861 981809.914344534
10600 0.0211999999999998 -2.71617674670916 -0.00604443760897567 0.0395536316172806 -0.0507382915100728 0.15592809738986 -0.0204003650090205 2.7481603809474 372.925757866029 -333062.340624679 100.124981536913 100.618725610111 97.4678140115803 981934.428219973
10700 0.0213999999999997 -2.75565971075386 0.0181660693741589 -0.0326122523186941 -0.030365409224448 0.167829801707433 -0.00562685211096267 2.76463367633455 374.245017796219 -333069.783503525 100.158186053909 100.573794902041 97.4478982342996 981620.827903652
10800 0.0215999999999998 -2.79422737688499 0.00859241818754475 -0.0149109573873439 -0.0387480292906888 0.163990644777457 -0.00498155864676584 2.80637363118786 371.843574216303 -333050.26416062 100.176549510587 100.603092479342 97.427982457019 981886.092892831
10900 0.0217999999999999 -2.85634116643425 -0.042829810648448 -0.010148303812085 -0.0308062216272888 0.170996052724583 -0.0166278973713532 2.84609548356359 374.762463540598 -333069.230959418 100.146994839062 100.623302332077 97.4080666797383 981592.907362236
11000 0.0219999999999998 -2.8653764063895 0.00613746832030491 0.00746945356080045 -0.0757235318817313 0.143592884535017 -0.017910450305382 2.88607688444612 372.282575737089 -333047.860554194 100.158265973828 100.648973957907 97.3881509024576 981753.072238438
11100 0.0221999999999997 -2.87719515938257 -0.0162954369357569 0.0186877213846382 -0.0348671299924409 0.16212688223167 -0.00802612806423744 2.89287921204373 370.731045681551 -333032.721422995 100.169619825888 100.651129133373 97.368235125177 981684.592793474
11200 0.0223999999999999 -2.90451931610743 -0.00831772803350307 -0.0429078002957783 -0.0532481014511118 0.141223998343928 -0.0272175149971072 2.89129061200366 371.229383602374 -333033.459725584 100.198930731359 100.627778103464 97.3483193478963 981543.222327268
11300 0.0225999999999999 -2.95182647896131 0.0182710116625306 -0.0235447249195009 -0.0532369138012885 0.156966080210485 -0.0250421566308343 2.96366828983178 373.354738814775 -333044.651338324 100.199367612739 100.639302202246 97.3284035706156 981459.080231675
11400 0.0227999999999998 -2.97462602921265 0.002979936788412 0.00435142392167112 -0.0166316672802026 0.163305509514409 -0.0236272695601358 2.99211189078814 373.824752402527 -333046.442799098 100.181800606261 100.671519667346 97.308487793335 981400.288157396
11500 0.0229999999999998 -2.97615710209138 -0.0185387411126672 0.0309549714405149 -0.0345221540042315 0.165949475814872 -0.0175089425847953 2.99724076809209 373.650738011618 -333041.1278873 100.175446307471 100.688891008025 97.2885720160543 981306.493103027
11600 0.0231999999999999 -2.99600223259106 0.026580813166133 -0.00376415626806039 -0.0142171749700982 0.155912413930308 -0.0397594265123191 3.02051051283849 373.26914078011 -333035.428294462 100.210590317885 100.67962494807 97.2686562387736 981359.487982823
11700 0.0233999999999998 -3.00650565451199 0.00189811718836931 -0.00479482013090142 -0.0254424309423555 0.144244344095889 -0.0381682471630808 3.01647719710892 373.796905272645 -333036.516142931 100.207486219039 100.69773360606 97.248740461493 981304.632108737
11800 0.0235999999999998 -3.03574118405828 -0.0123878924985245 -0.0045893396280017 -0.033204981981573 0.157012776827642 -0.0272923421566038 3.0403626573273 371.153581987506 -333013.649011767 100.208047756445 100.71564296104 97.2288246842123 981283.659322141
11900 0.0237999999999998 -3.01098249071309 -0.00385140305845525 -0.0121135985507311 -0.0211341591628989 0.141179639447791 -0.0216934015865456 3.01340454936734 373.582847981835 -333028.728659082 100.236121150257 100.70591160491 97.2089089069316 981262.689542861
12000 0.0239999999999999 -3.07531897667126 -0.00149174777253844 0.0263413247734947 -0.0462303211183098 0.155224019219691 -0.0281842756188214 3.10093870395388 374.042805190526 -333029.006066266 100.256436363078 100.700959776359 97.188993129651 981212.23785298
12100 0.0241999999999998 -3.09907174999249 0.0390968708604766 -0.00981822403015123 -0.0249971485188131 0.154302103170773 -0.0211492877066338 3.1259614569097 371.910548373515 -333010.610577408 100.289397118305 100.709544409177 97.1690773523703 981417.348887919
12200 0.0243999999999997 -3.11977775190615 -0.0165689953196565 0.0182018673283583 -0.0133023925845026 0.159476028865146 -0.024122924339341 3.13330325120583 373.339287800819 -333017.773968213 100.268081396581 100.734154987937 97.1491615750897 981247.378443039
12300 0.0245999999999998 -3.13495698454708 -0.000790368741469437 -0.0299983333265435 -0.00920550322053947 0.15494103875511 -0.00853364775001128 3.13126232102635 372.683379520777 -333010.904151713 100.28218763388 100.737299106662 97.129245797809 981214.864188482
12400 0.0247999999999999 -3.12162749450851 0.0450553204286039 -0.000302742008041662 -0.0191384103051317 0.150386497715738 -0.0254499255105236 3.15550202596468 373.448133713893 -333012.991085499 100.269962086923 100.782565279791 97.1093300205283 981334.838550394
12500 0.0249999999999998 -3.14426859559826 -0.005367832896784 -0.002071194484587 -0.0376875742893374 0.186287844590421 0.00935005487854271 3.15779820447914 374.044437586889 -333013.124571925 100.2394676415 100.818497809866 97.0894142432476 981184.896917067
12600 0.0251999999999997 -3.14454885829577 0.0288405692566154 0.0375006797537659 -0.0144414089309991 0.156551664394055 -0.0202495991697185 3.18956712298976 374.934256256341 -333016.275890193 100.232017702518 100.861169446133 97.069498465967 981325.892606786
12700 0.0253999999999999 -3.21634862146071 -0.0394968334495632 -0.00609352729890204 -0.0216569528341342 0.169137419513005 -0.0183121880465601 3.20746876777803 373.966944882412 -333006.047926953 100.224656887484 100.8591186263 97.0495826886863 981032.554261664
12800 0.0255999999999999 -3.184624914918 -0.00557258326783824 0.0193263728721736 -0.0409046237025568 0.184088381471202 -0.0122789248515456 3.20831517267944 375.868655018379 -333016.786306602 100.244183286901 100.876861307655 97.0296669114056 981194.902969437
12900 0.0257999999999998 -3.24891840311264 0.0115680865925143 -0.0113115686990804 -0.0213460583189858 0.165272904674962 -0.0289200623223169 3.26228727933321 372.567990400905 -332990.994456622 100.260222041703 100.870089567125 97.009751134125 981084.600735617
13000 0.0259999999999998 -3.21695603774171 0.00273891043951206 -0.0106937012159489 0.000801216096278227 0.14351269996022 -0.0309302944253815 3.22304618999521 372.764492364926 -332989.19212768 100.245981925795 100.906671600642 96.9898353568443 981099.552284898
13100 0.0261999999999999 -3.25268503109655 -0.0433577315711738 -0.00819234715603484 -0.0302667264054244 0.165181998356394 -0.0142363814412268 3.24022947853023 372.342139667331 -332983.2661364 100.22340500878 100.940615433744 96.9699195795636 981007.069749978
13200 0.0263999999999998 -3.24244571892882 -0.00119334236964431 0.0186228974852458 -0.0114341668702105 0.155460091934209 -0.0287464558034028 3.26277702328385 373.927003526174 -332990.627599425 100.238046758054 100.962697181469 96.950003802283 981163.46870906
13300 0.0265999999999998 -3.26881801306906 0.00204387390579047 -0.0184974194233478 -0.0176640011988613 0.147010571034481 -0.0338591833037916 3.2712357607824 373.370018823055 -332982.585424577 100.258515395734 100.954859890527 96.9300880250023 981086.064383297
13400 0.0267999999999998 -3.27139675266926 0.0204236802150733 -0.0223837984338036 -0.0264373184824988 0.155450313306862 -0.0479503146245615 3.28306085884064 373.251400221549 -332979.462078831 100.266019738588 100.975850967589 96.9101722477216 981161.8703379
13500 0.0269999999999999 -3.2841281497262 0.00505812022104121 0.0142419936459185 -0.0130659586017526 0.170333485068584 -0.058945081970795 3.30862726015028 373.348398804142 -332976.777749998 100.234411386981 101.018159038774 96.890256470441 981061.87629502
13600 0.0271999999999998 -3.33146253018447 0.0312950651277457 0.0393890931336658 -0.0275069664829755 0.143091011720163 -0.0427816091479275 3.37707095321336 372.889657533657 -332970.548639301 100.232143984665 101.051281570185 96.8703406931603 981159.635086875
13700 0.0273999999999997 -3.35325659935213 -0.0448717339721364 -0.00447191530005212 -0.033725499354833 0.145420902937887 -0.0419765762161179 3.33958691386965 372.913901057085 -332968.501576902 100.23908769014 101.045256556469 96.8504249158797 980967.38145467
13800 0.0275999999999998 -3.35435399990866 0.0435069052193746 0.0114979119202057 -0.0131029153870646 0.135619386138429 -0.0384861745248486 3.3908491073858 373.700773896179 -332969.71984033 100.294841422832 101.034075571233 96.830509138599 981202.584790368
13900 0.0277999999999999 -3.37752891236238 -0.0262407946559566 -0.0349171822213261 -0.0488599183467455 0.144170331202164 -0.0183811680395433 3.35747836673654 373.621869664314 -332967.858768226 100.287299403615 101.017130327679 96.8105933613183 980762.485323916
14000 0.0279999999999998 -3.34720207162018 0.0585923095556259 0.00906458147197882 -0.0387350033170062 0.160230019349798 -0.031233163992853 3.39376720106515 373.344508263101 -332961.576265024 100.303140570928 101.063153448082 96.7906775840377 981162.422406305
14100 0.0281999999999997 -3.39572684400593 -0.0394550845543301 -0.0108680477120824 -0.0203751296516715 0.122049822735504 -0.0447811355822022 3.37835361857431 372.307505053564 -332952.394684574 100.252445871233 101.09014319199 96.770761806757 980726.586233226
14200 0.0283999999999998 -3.38969684437039 0.0228138779134923 0.0291044856375749 -0.0437607320301828 0.124936282608645 -0.0356584685959301 3.4239045804525 373.30896036856 -332957.542186077 100.279025479858 101.110938797626 96.7508460294763 980986.473124116
14300 0.0285999999999999 -3.40457564226967 -0.013893209155922 -0.02224139611295 -0.0370904776466743 0.132767647246551 -0.00695822396207685 3.39494405098118 373.107351571422 -332953.710536823 100.289731571256 101.109864197924 96.7309302521956 980878.827653851
14400 0.0287999999999998 -3.37212375765898 0.0132761106531833 -0.00676091308986152 -0.0448742872997345 0.136715209974748 -0.0297474277363136 3.38500655721898 369.658374372552 -332925.45551553 100.310813820742 101.14189691064 96.711014474915 981193.782022371
14500 0.0289999999999997 -3.39778367268791 -0.0151024099965754 -0.0308211486866998 -0.0474554634198544 0.128654741832114 -0.0105954643412008 3.38324653303236 374.310084021607 -332958.550601065 100.294016821899 101.149698384911 96.6910986976343 980903.112488061
14600 0.0291999999999999 -3.37273333307401 0.0112585731891578 0.0227415258334383 -0.0341120871008387 0.154967966440734 -0.0251365917108958 3.40115024053926 373.17808771648 -332947.82523857 100.300264496728 101.203299113077 96.6711829203536 981281.884551131
14700 0.0293999999999998 -3.3598415913197 -0.0160661539766151 -0.0229461859832702 -0.0321833449003608 0.128761700728292 -0.0174962278765576 3.34837880353274 373.226835703622 -332948.09461327 100.311071791731 101.212032255762 96.651267143073 981270.105383813
14800 0.0295999999999998 -3.33162466422798 0.0339809701919582 -0.01637743224747 -0.0556895299015102 0.155543055421922 -0.0347625601717876 3.35348489431606 374.792818162393 -332957.542770384 100.352269946715 101.212741197043 96.6313513657923 981477.709929946
14900 0.0297999999999998 -3.33497611423884 -0.00584731300592021 -0.00879787032401949 -0.0299014536317126 0.113110578705263 -0.0162227983288351 3.33393736189352 373.221311441194 -332943.998951503 100.332336019082 101.248341620723 96.6114355885117 981425.590562066
15000 0.0299999999999999 -3.30848766450538 0.00959972051512638 0.0242663079454604 -0.0637607367748479 0.139941050556967 -0.0125274643249965 3.33616570658524 372.994516465545 -332939.417371397 100.328231538186 101.287868467972 96.591519811231 981566.1847638
15100 0.0301999999999998 -3.34268295571487 0.000129774994936519 -0.0405363667002248 -0.0512572300786782 0.119668515413352 -0.0329528847775572 3.33079759832442 373.400676466539 -332941.443193013 100.315510267838 101.302432276874 96.5716040339503 981380.455259561
15200 0.0303999999999998 -3.27581347792987 0.00838878836379738 0.0287136328043482 -0.0274228544852421 0.135199833502311 -0.0265284968191769 3.30338505666773 373.019448150811 -332936.691756766 100.295526238195 101.370567416785 96.5516882566697 981642.405248714
15300 0.0305999999999998 -3.30752148261294 0.00596690551490332 -0.01643006678086 -0.0449617373690385 0.150504130034209 -0.0197729911493413 3.31371194908151 373.073443633943 -332932.247015607 100.292666387884 101.383242794339 96.531772479389 981534.652010613
15400 0.0307999999999999 -3.27736261001429 -0.00355944029734841 0.0284128252487545 -0.0491205241436677 0.148087241733736 -0.0324701092140505 3.30146501105906 372.982633106666 -332929.643777951 100.310557223033 101.403047990323 96.5118567021083 981698.941892263
15500 0.0309999999999998 -3.29289720060441 -8.26932051212261e-05 -0.0178465604416405 -0.0272043709915458 0.169991342553904 -0.0303007066699784 3.29789563462544 372.006890982641 -332920.545567543 100.337783236847 101.390978813608 96.4919409248277 981645.906486244
15600 0.0311999999999997 -3.27514578864578 -0.0154277173844673 0.0135888550009643 -0.0425833895600544 0.154442324583988 -0.0344795510077573 3.28660212975841 372.553267101596 -332921.483250672 100.33707648023 101.427360289266 96.472025147547 981788.545860448
15700 0.0313999999999998 -3.27935331411515 0.0498351883760511 0.00202860178581013 -0.0319604449071196 0.149958382087077 -0.040066773421674 3.31692137600655 371.884183374562 -332910.973964994 100.339285460342 101.471540824042 96.4521093702663 982035.051062557
15800 0.0315999999999999 -3.26390140313483 -0.0168265368138796 0.0179896468739525 -0.0503489088223035 0.136405377702886 -0.0193991867107242 3.27449406985667 374.213000962472 -332925.38680347 100.293270656979 101.511631135536 96.4321935929857 981769.749873262
15900 0.0317999999999998 -3.2874309603869 0.00752971972405503 0.00229051477425363 -0.0477717842320003 0.168650680647567 -0.0400310283872799 3.30703997473528 373.890123108003 -332919.241726264 100.312540241847 101.522299617451 96.412277815705 981858.758206234
16000 0.0319999999999997 -3.29785136550885 -0.0113500547585506 -0.0185048199720581 -0.0412943756825379 0.160570708313906 -0.0443636919589258 3.29636115375172 371.597438329808 -332899.105575467 100.324564923982 101.540409894864 96.3923620384243 981948.745793785
16100 0.0321999999999999 -3.29463998158327 -0.0175224476660968 0.00535225714572582 -0.0633885575681214 0.154456029086893 -0.0351825180473327 3.30186665851812 374.533512586609 -332916.61815783 100.323988911634 101.566234097104 96.3724462611437 981989.907617731
16200 0.0323999999999999 -3.29535605253579 -0.0106064570404391 0.00335362790381499 -0.0838310960845652 0.152034202181539 -0.0322059711001178 3.30592921885616 374.742271486514 -332917.264676395 100.328458792054 101.566001909452 96.352530483863 981828.47365911
16300 0.0325999999999998 -3.2814937680007 0.00675370487445608 0.0139966870876358 -0.0666288389349317 0.153573747460144 -0.0402440916275643 3.30535509085073 373.483518418526 -332904.11254813 100.372965594534 101.563643832143 96.3326147065823 982038.191809314
16400 0.0327999999999998 -3.31709156265669 0.00037136160886433 -0.030599962689761 -0.0740048147986469 0.14717788935968 -0.0467677218890231 3.31538067910015 373.258745066618 -332900.822224408 100.374563128751 101.566109803721 96.3126989293017 981874.631781795
16500 0.0329999999999999 -3.29281856533132 0.00855113336134583 0.0171871999564105 -0.0434508447222615 0.12601894096025 -0.036233505740421 3.3143433990224 372.285516791158 -332891.864178146 100.346393700047 101.639209517168 96.292783152021 982102.43370565
16600 0.0331999999999998 -3.31571058084884 -0.0281167766040007 0.0178816779158302 -0.0803468552608994 0.130339600351642 -0.0299594871930421 3.3218425477347 372.746588158903 -332895.523170922 100.31442428967 101.670460977708 96.2728673747403 981888.29909313
16700 0.0333999999999998 -3.27099562620814 0.0368680384091831 -0.00583389066994041 -0.0743960668143907 0.127849609421697 -0.0363906737454888 3.29729389869934 373.42166577274 -332897.272880053 100.366014581899 101.666459114997 96.2529515974597 982151.384539327
16800 0.0335999999999998 -3.24430231030606 -0.046403335744901 -0.0164669838419264 -0.0656491915897274 0.143128982315055 -0.0586893806372375 3.22612894375298 373.964859721474 -332898.889328233 100.372595278602 101.678558117795 96.233035820179 982129.41636617
16900 0.0337999999999999 -3.2715684343546 0.00954887881865665 0.00899215233335333 -0.0481098092163075 0.149095881980144 -0.0273391742135508 3.29238198672008 374.684198261596 -332904.077848565 100.392427673376 101.671194053 96.2131200428983 982049.04767448
17000 0.0339999999999998 -3.29671715065945 -0.00721497739718412 -0.00382366664071555 -0.0587688561612792 0.158354671525766 -0.0227042673108063 3.3044104111925 373.440025925062 -332892.12573254 100.405936399683 101.67260246954 96.1932042656177 981991.486379804
17100 0.0341999999999997 -3.25849196550876 0.0279899451409228 -0.0454183112380336 -0.0662873044136648 0.137825141561266 -0.0328123707877021 3.26167081395394 373.960531276608 -332895.356183959 100.429510386269 101.691424198028 96.173288488337 982200.478627797
17200 0.0343999999999998 -3.25523282479453 0.0175880032885291 0.03623837349187 -0.0410031333640559 0.119830166774543 -0.0348009358882372 3.29006051949758 372.675965651593 -332882.250775492 100.413130484786 101.749284529168 96.1533727110563 982395.565175144
17300 0.0345999999999999 -3.29456712284598 -0.0312834473879652 -0.0112908450951909 -0.0625691514343726 0.114071615618257 -0.0098122305634123 3.28111751078165 373.19078803309 -332885.195902448 100.400309099202 101.767594532007 96.1334569337757 982243.3988873
17400 0.0347999999999998 -3.25411742571127 0.0169755767327056 0.00832392176878715 -0.0605682289384488 0.111268792456018 -0.0103047454324083 3.27418543162859 373.290093704069 -332884.357064229 100.45308702631 101.768569025559 96.113541156495 982565.551890287
17500 0.0349999999999997 -3.28739306405552 -0.00679956700602637 -0.0377036998683929 -0.0633388047239211 0.120895224322043 -0.0176935344263481 3.27394050386317 372.385543987079 -332875.57523717 100.472207057049 101.759646417547 96.0936253792143 982462.788831823
17600 0.0351999999999999 -3.26590680060336 0.0310578176822419 0.0210523041096687 -0.0648841492498927 0.0899326553129088 -0.0308371979720715 3.29800459135145 374.904166010345 -332892.989913922 100.478274879624 101.788053426303 96.0737096019337 982592.713186598
17700 0.0353999999999999 -3.24803022660461 -0.00199320012008838 -0.0307450837831117 -0.0481705169262742 0.104255212402181 -0.0425778135961256 3.23871280354481 373.680621591538 -332880.75884396 100.459248850973 101.81331081774 96.053793824653 982446.725878516
17800 0.0355999999999998 -3.2287842036764 -0.00307932225486526 0.0210559013474321 -0.0618024253602491 0.0797704312952035 -0.0105921946125759 3.24260586070241 372.349985065382 -332867.559211346 100.466064970036 101.842379213703 96.0338780473723 982590.126453422
17900 0.0357999999999998 -3.2736087392428 0.00577889037160842 -0.00477109440449803 -0.0639517068189661 0.0856633278802894 -0.02380225301408 3.27961594691677 374.307724931052 -332879.768874356 100.473277986147 101.846175059153 96.0139622700917 982493.503003731
18000 0.0359999999999999 -3.29755579523882 0.0240940766508807 0.0155371040375346 -0.0438112234639392 0.105965177422931 -0.0470628666589933 3.32431898181535 372.602979284276 -332864.714180221 100.462508829907 101.894560995394 95.994046492811 982651.046865178
18100 0.0361999999999998 -3.29443437601993 -0.0163983821750009 -0.00930271002427433 -0.0646500271664234 0.0870020977563629 -0.0386087326509355 3.28763578731091 373.803806893133 -332871.405784977 100.452040619081 101.909634038356 95.9741307155303 982490.122338822
18200 0.0363999999999998 -3.28193129434403 -0.019442821609507 0.00959559977960039 -0.0371700562961161 0.120196100327651 -0.0450243257713488 3.28526703576458 374.49735589466 -332871.189351906 100.472918484253 101.930435999195 95.9542149382497 982690.9489825
18300 0.0365999999999998 -3.31884030313964 -0.0336022635381262 -0.0109695082860199 -0.0369996826362707 0.110947355120096 -0.0456448691155402 3.30377669426219 371.140938778769 -332844.863866279 100.49399806334 101.922878151872 95.934299160969 982620.252003077
18400 0.0367999999999999 -3.2784791254593 0.0291325161274718 -0.00137217456339413 -0.0482713466769415 0.0982696416968791 -0.0272380645834615 3.29825931520201 372.290622546422 -332848.948905293 100.52934279952 101.929453190002 95.9143833836883 982825.185359857
18500 0.0369999999999998 -3.31990450919904 -0.0271862292737528 -0.0263468696685927 -0.0182421443586105 0.111547791477793 -0.0339585799831726 3.29947643763379 372.631986397448 -332849.472463208 100.51426819092 101.946601661571 95.8944676064077 982639.054083759
18600 0.0371999999999997 -3.33241450062833 0.0568511391720169 -0.00831015526885545 -0.0701504925616966 0.112306199242492 -0.048278472840417 3.36602323074802 374.948243734516 -332862.880274222 100.51240525704 101.957668931924 95.874551829127 982523.417542698
18700 0.0373999999999998 -3.36612313150957 -0.0373082074663323 -0.00394293082742975 -0.0470175490415913 0.125066675602928 -0.0382542311272645 3.35427130677122 374.784236462731 -332859.055524991 100.476494233115 101.999899272261 95.8546360518463 982375.084098299
18800 0.0375999999999999 -3.34836157820929 0.00754083874484913 -0.00207400009693496 -0.044353482902613 0.09938750266428 -0.0353593782875905 3.35696189949034 372.839986573282 -332842.191813418 100.497832277304 102.018577421101 95.8347202745657 982559.450255674
18900 0.0377999999999998 -3.37042475472168 -0.0216262529777908 -0.00711093409092296 -0.0701505661399736 0.0812945044876469 -0.0358269781368626 3.36180180709116 373.540174253754 -332845.311805664 100.520116401569 102.002102611146 95.814804497285 982414.41161909
19000 0.0379999999999997 -3.41197035922498 0.0473866403414007 -0.00567846756288069 -0.0525870658442795 0.11173460721733 -0.0228865869159379 3.44001701406821 371.205047221615 -332825.373737856 100.549038364304 102.007717699989 95.7948887200044 982546.89951734
19100 0.0381999999999999 -3.40798212459997 -0.0359221907603294 -0.0167009418710057 -0.0573613707093013 0.102472515059689 -0.0249516295454301 3.38809879402909 372.979376084651 -332835.745427124 100.534343513552 102.019193159127 95.7749729427237 982309.555714977
19200 0.0383999999999999 -3.38896560281279 0.00822383636880488 0.0564797301899731 -0.0588156977258535 0.0889997758739302 -0.0192703136891761 3.4267205757146 373.367377005933 -332836.236540581 100.561905102972 102.064920336493 95.755057165443 982814.857232177
19300 0.0385999999999998 -3.42026007923458 -0.00551455633199736 0.0163305845824493 -0.019879613627638 0.104246094622265 -0.0294693515710337 3.43102790186725 373.686695260529 -332836.812446261 100.584179214242 102.048457805481 95.7351413881623 982669.564646126
19400 0.0387999999999998 -3.360863077453 0.046720373848946 0.0153705197882141 -0.0744502302481845 0.101497186352007 -0.00136625151668936 3.39901746006581 373.411365453702 -332829.980334144 100.642541980933 102.037196010371 95.7152256108817 982926.718445448
19500 0.0389999999999999 -3.45160299126813 -0.058590930172988 -0.0530611637351459 -0.0789729728304539 0.101360423713611 -0.0123454345807057 3.40313285317174 373.561326043578 -332828.787062662 100.622295180135 102.02176223316 95.695309833601 982375.885091338
19600 0.0391999999999998 -3.39766219895911 0.0360100944747628 0.00380026957289317 -0.0411664762819023 0.0911122692748978 -0.00944655158721488 3.42210476071819 372.696396833676 -332817.643931802 100.644507875861 102.061538942762 95.6753940563203 982771.271933226
19700 0.0393999999999998 -3.4334881588383 -0.00969821780822869 -0.000759540419055405 -0.0366050137734011 0.0716080024453302 -0.01363341674718 3.43117794981295 372.637442343535 -332816.410278546 100.644117539105 102.066077657407 95.6554782790397 982606.582575372
19800 0.0395999999999998 -3.41649292404553 -0.0027477194397208 -0.0263833082227441 -0.0652388963370663 0.0512343011821931 -0.0158735517929227 3.40513262527886 373.82598711933 -332821.161314879 100.66097079793 102.073004629482 95.635562501759 982633.192223924
19900 0.0397999999999999 -3.3966521057204 -0.0059781408083446 0.00918734729607641 -0.0467940224679659 0.0736761479718682 -0.0250209334676627 3.40191899688009 373.553940755372 -332816.350286234 100.665906177844 102.093442253295 95.6156467244783 982673.447389011
20000 0.0399999999999998 -3.41761498714978 -0.0102772479546177 -0.0222909404830226 -0.0436993727463759 0.0476627303154148 -0.0247325115681213 3.40345990050077 373.810349261941 -332818.774347216 100.670467802767 102.09954147144 95.5957309471977 982571.983318271
20100 0.0401999999999997 -3.3533482751019 0.000138417412367631 0.00588909125878139 -0.0283212487916428 0.0538193055352906 -0.0157115267306005 3.35812853594048 373.068796217928 -332810.663272934 100.671574178206 102.157352101251 95.575815169917 982934.317560936
20200 0.0403999999999998 -3.36751293498133 -0.00428764129042766 -0.0248272458301342 -0.0502387214610145 0.0470610152305828 -0.0266228554420632 3.35543875940657 372.780392483085 -332807.768816908 100.669160049039 102.181298567872 95.5558993926363 982936.284616589
20300 0.0405999999999999 -3.34052342221909 -0.00179778833393275 0.00911055487710148 -0.0529379437084912 0.0474708656807988 -0.0410618625455729 3.3472158239349 373.074287602945 -332806.482400609 100.686005961554 102.206470890497 95.5359836153557 983138.006518424
20400 0.0407999999999998 -3.31286340024524 0.000194161087226957 0.00611884938963877 -0.0342344788176923 0.0431257360486235 -0.0159923372494658 3.31751067677462 374.350927594503 -332814.315629031 100.684313324687 102.230848699698 95.516067838075 983150.974529263
20500 0.0409999999999997 -3.24775883587628 -0.00662368613682397 0.00699737714951982 -0.0654074188029907 0.0435371616485689 -0.0147188102348655 3.25091695895123 374.50205149206 -332813.805840805 100.682657233783 102.259940001548 95.4961520607944 983209.519974609
20600 0.0411999999999999 -3.25952409643678 0.0026461914297823 -0.00321263510305605 -0.0478941191506188 0.0421567767406006 -0.0541566910059246 3.2624666720161 372.742835173912 -332800.620384351 100.714666212478 102.265607200739 95.4762362835137 983371.482320612
20700 0.0413999999999999 -3.24489498489015 -0.00542423507663107 0.0177322515438308 -0.0347179967870027 0.0325233700785664 -0.0025759615657725 3.25215789227489 372.314300311648 -332793.799254866 100.729677679566 102.283340839224 95.456320506233 983483.411251607
20800 0.0415999999999998 -3.24651185373645 -0.00859190136772349 -0.0355026788915922 -0.0521833336227418 0.0333998204543342 -0.0239522339078661 3.22660067840549 373.108378704476 -332796.85949825 100.735769881638 102.282691054039 95.4364047289524 983331.442054295
20900 0.0417999999999997 -3.1903009138585 0.0173107083383399 0.00694460776595303 -0.045594157164124 0.0221917491647272 -0.0335196252370696 3.20417133573473 375.180680807014 -332810.352464398 100.75731233381 102.320207321906 95.4164889516717 983697.159915353
21000 0.0419999999999999 -3.20376899677937 -0.0111055208446473 -0.0154889867440243 -0.0441586386896537 0.0228379376000186 -0.0402510430481999 3.19239713437404 372.501726545951 -332789.655314649 100.744395809008 102.344363026495 95.396573174391 983597.912375265
21100 0.0421999999999998 -3.15065547144551 -0.00751797688592547 -0.0111602922783275 -0.0613171110396412 0.0305785820901874 -0.067324402437227 3.14572098523504 373.854207540898 -332796.991479191 100.731296365424 102.397232428256 95.3766573971103 983772.639474981
21200 0.0423999999999998 -3.15042121604091 -0.0123479814140081 -0.00718890732485914 -0.037833737448623 0.00692270880166551 -0.0490514575466191 3.14251107833586 371.313024215934 -332773.408832851 100.728517552026 102.414017853978 95.3567416198297 983701.30942352
21300 0.0425999999999998 -3.1330097900858 -0.00637157000686267 0.0174135698651537 -0.0488121983927797 0.0147391076055969 -0.0826987020714821 3.14310621225542 373.370912301615 -332785.68979314 100.756272061623 102.414102611169 95.336825842549 983767.662422248
21400 0.0427999999999999 -3.16580154300454 0.0198618230203133 -2.58937266341251e-05 -0.0533877495431296 0.0359859176763579 -0.0747720473654382 3.18036150832796 372.716360905659 -332778.358211917 100.79005155969 102.405380213186 95.3169100652683 983808.106758906
21500 0.0429999999999998 -3.191818641861 -0.00722977404628246 -0.0262017563059096 -0.0403533193984629 0.0149273804504861 -0.0887882971582015 3.1797408645947 373.247705729255 -332781.003108537 100.77496109083 102.418943539235 95.2969942879877 983585.536527078
21600 0.0431999999999998 -3.17265401903464 0.0140064928362143 0.0356571589539891 -0.0177304872842921 0.0339860760951396 -0.0812712377675779 3.20132638213311 374.787121017764 -332790.414839466 100.790408717733 102.439019571976 95.277078510707 983723.511657124
21700 0.0433999999999998 -3.15520826080313 0.00743451034539675 -0.0332500947223925 -0.00996892388784535 0.00894124676339103 -0.0950904154389036 3.14689659827097 372.938861986054 -332775.927118866 100.831269067987 102.422205268716 95.2571627334264 983755.101476616
21800 0.0435999999999999 -3.14364500976819 0.00514757722160538 0.00753738828420959 -0.0573932162905157 0.031847495375195 -0.0903651096429642 3.15592265086978 373.227495003942 -332775.213556427 100.853877692083 102.441228995157 95.2372469561457 983952.681580407
21900 0.0437999999999998 -3.17668976682776 -0.0129526713236798 -0.0406183867902137 -0.0374941741872112 0.0159346404560203 -0.0816308389638412 3.15395635832027 372.803134838042 -332771.09162127 100.858632833046 102.425109301318 95.217331178865 983638.497018691
22000 0.0439999999999997 -3.14083895146653 0.0101492094424666 0.0297145635187617 -0.0219133958728923 0.0159031443165201 -0.0955554304079648 3.16549383729017 373.818170223891 -332777.500070386 100.86345104864 102.479666295484 95.1974154015844 984003.591444608
22100 0.0441999999999998 -3.14637731080218 -0.00606254938025717 -0.0123609933583378 -0.0408816582329487 0.0211850075053889 -0.0899634817142594 3.14204996814145 373.980297903214 -332777.866536343 100.843353375514 102.49830132792 95.1774996243037 983780.564485593
22200 0.0443999999999999 -3.12216542817965 0.0107293863696815 -0.00820536556709557 -0.0374450767384357 0.0291032756544797 -0.107404682668257 3.13008347469488 373.749809226336 -332774.413772802 100.838071931118 102.539999343242 95.157583847023 983923.310677109
22300 0.0445999999999998 -3.10243947873656 -0.00425145299420516 -0.00480768982455583 -0.0353596019696812 0.0397940272346045 -0.0920963089363412 3.10338409071284 372.309846078395 -332762.397998375 100.840275593083 102.561053178491 95.1376680697424 983940.86481986
22400 0.0447999999999997 -3.12996040458343 -0.00768271588607581 0.0343380134836896 -0.0185217752531765 0.0309064196394838 -0.104882245808935 3.14936179853415 374.966186299028 -332780.043932655 100.86078995998 102.566023697267 95.1177522924617 983982.700983388
22500 0.0449999999999999 -3.14920446905158 -0.0291155269727156 -0.0183886429811903 -0.0237810941493707 0.0647079713692032 -0.110467146645149 3.13359312325398 371.145073579034 -332752.129332716 100.897475941437 102.535466789671 95.097836515181 983841.304883869
22600 0.0451999999999999 -3.12372054599574 0.0406892862328557 -0.0112248515399076 -0.0605877731567421 0.04780940056822 -0.131303451727917 3.14984105891539 373.37508195762 -332768.152430978 100.931747353789 102.559158556876 95.0779207379004 984196.727203189
22700 0.0453999999999998 -3.11943673920693 -0.0679934221415914 -0.015588348153841 -0.0318051682316766 0.0386812500418264 -0.125445462586437 3.08685873301425 374.632139363896 -332777.043193588 100.87667786223 102.59584834884 95.0580049606197 983805.516653387
22800 0.0455999999999998 -3.08576479611963 0.00474749409821429 0.0234914816762492 -0.0407471306520443 0.0388112489230802 -0.111942942860462 3.10751342225618 374.084471131491 -332772.501267175 100.896704390884 102.617309279228 95.038089183339 984000.45619274
22900 0.0457999999999999 -3.09764300626885 0.0128514564493106 -0.00604006834560081 -0.052231899706874 0.0452944916458253 -0.136331709978585 3.11237353179867 374.566854963495 -332776.214993744 100.93274417245 102.599074451983 95.0181734060584 983970.779364513
23000 0.0459999999999998 -3.06072430480342 0.0380705358297298 0.00950077165174949 -0.019563669080317 0.0482671743293486 -0.137007954702691 3.0950387346008 375.11586935481 -332780.187814847 100.929905694711 102.642136804149 94.9982576287777 984149.762479373
23100 0.0461999999999998 -3.05841225439022 -0.0417003389712051 0.0400645373506212 -0.0716180243653043 0.0627539231095953 -0.125304602507175 3.07053784724454 373.351432245574 -332770.139383215 100.890758310771 102.682015713149 94.978341851497 983943.939672934
23200 0.0463999999999998 -3.05416136151516 0.0155034002190782 -0.00498750741443024 -0.0348367047054418 0.0513246708598831 -0.12236657304219 3.06868466899503 374.374117713508 -332779.328655026 100.941144168713 102.664976589617 94.9584260742164 984065.583695744
23300 0.0465999999999999 -3.04236111196296 0.0023944106058669 0.00353748569178699 -0.0331073861600287 0.0313495984955129 -0.136954607139511 3.05557265750585 374.198886847916 -332781.067093893 100.964365368052 102.659633716341 94.9385102969357 984034.314267468
23400 0.0467999999999998 -3.04355481052571 0.0211398420501696 0.00096864103209063 -0.0557796190747737 0.043073797889536 -0.106351635933195 3.06264163497541 376.309384030372 -332797.379490282 100.965372316983 102.684976741006 94.918594519655 984080.574613069
23500 0.0469999999999997 -3.02407705955533 -0.0220059417092448 0.016579325866516 -0.0445714586513223 0.0331025702029742 -0.142381066225027 3.0331204766943 375.347456478602 -332791.169678661 100.946351291745 102.736150372208 94.8986787423744 984178.96845088
23600 0.0471999999999998 -3.00944016908726 -0.0288865707294103 0.00567995165823024 -0.0406849194232437 0.0167440351450485 -0.126194275937389 3.0069093487868 372.896749906988 -332773.969192826 100.95434080576 102.746986556689 94.8787629650937 984154.096297986
23700 0.0473999999999999 -3.07862987798826 0.00730564296287059 0.00305362355299777 -0.06456268539388 0.0100404209190351 -0.148188352219866 3.09654347229257 372.511158965986 -332771.91256489 100.969804321405 102.745587760389 94.858847187813 984084.83187903
23800 0.0475999999999998 -3.07000513428923 -0.0432526929210689 0.026029179194725 -0.0616539278367192 0.036853356513858 -0.161636805891335 3.07726938955129 375.176431906674 -332792.545792194 100.930640578743 102.786723028804 94.8389314105324 983890.352169982
23900 0.0477999999999997 -3.0689726410293 0.0204325649408667 -0.0027191321153346 -0.0329999879696237 0.0307423697411264 -0.141233924334173 3.08858849573686 373.836244878661 -332784.598929455 100.950554601178 102.789027230391 94.8190156332517 983899.879989027
24000 0.0479999999999999 -3.11537179361652 0.00941805386058407 -0.0143745312652478 -0.0789578267097493 0.0616985237300224 -0.128750457945691 3.12576135197615 375.396765103721 -332797.84015155 100.928603357276 102.809207164302 94.799099855971 983672.402495874
24100 0.0481999999999999 -3.09194966617949 0.000617864276507406 0.0357029486641748 -0.0542727999915495 0.046621657544326 -0.164713680765375 3.12577302815879 374.606696005744 -332793.337217378 100.911061687638 102.862686697357 94.7791840786904 983806.312161704
24200 0.0483999999999998 -3.14718767438256 -0.00807850444527542 -0.00541789629344695 -0.0458441320402365 0.0342374781216859 -0.153905746390384 3.15329161408123 373.9172112788 -332790.121198602 100.911122753707 102.863349042146 94.7592683014097 983606.515472237
24300 0.0485999999999998 -3.15809379912417 -0.022571588668509 -0.0185619888890672 -0.0566484720531423 0.033506313272612 -0.182148509215493 3.15541078209924 374.495312444936 -332796.806674555 100.90372385795 102.888268316688 94.739352524129 983565.901953878
24400 0.0487999999999999 -3.1523050806804 0.0148029819263496 0.0133764595104955 -0.0607044482372927 0.0148191206222431 -0.198535860679904 3.18685125752573 373.484035244065 -332789.7986599 100.910423528635 102.927677117107 94.7194367468484 983801.108264614
24500 0.0489999999999998 -3.14632279488229 -0.0173186469699799 -0.0330978392726195 -0.0448362650339982 0.028836808479589 -0.189673010593456 3.13974455836708 373.053555458207 -332786.66944074 100.904949492716 102.938669867736 94.6995209695677 983645.939881416
24600 0.0491999999999998 -3.14822432716075 0.0443039548878579 0.00251189242217898 -0.0646290314745102 0.0146259087256724 -0.189651779904785 3.19086774191408 373.955241729747 -332792.66805095 100.9132240571 102.976463033129 94.679605192287 983880.811711763
24700 0.0493999999999998 -3.15050830566087 -0.022226772979338 -0.00134989072016481 -0.0147670539749302 0.0471628761586896 -0.206052982108056 3.16015674607754 375.455787238667 -332802.993958672 100.893013957074 102.996855520368 94.6596894150064 983671.609270995
24800 0.0495999999999999 -3.14521017326777 0.0272082763855255 0.00288960167234432 -0.063247843408668 0.0569741432663129 -0.204513878063859 3.1835354580029 372.304957613364 -332780.616946893 100.915569946439 103.023944031404 94.6397736377257 983943.230219617
24900 0.0497999999999998 -3.19313954544094 -0.0315282126663325 -0.0280749779321638 -0.0647671269530664 0.0644150205054412 -0.197738856732381 3.18575738618247 373.542399230628 -332789.925957764 100.879486425574 103.049336107154 94.619857860445 983626.797803694
25000 0.0499999999999997 -3.19519799689547 -0.0126779069252922 0.0236927573799956 -0.0368491454466715 0.0553671643124957 -0.198292274596798 3.22129429637059 371.861247850079 -332777.067801964 100.897248328347 103.074220068698 94.5999420831644 983830.427558592
25100 0.0501999999999998 -3.23723273773577 -0.00215576563813011 -0.058125430181673 -0.0568562673965597 0.0790581052288085 -0.212212367845476 3.232853255327 373.330018634458 -332787.089520888 100.935124777383 103.040092147256 94.5800263058837 983666.753482288
25200 0.0503999999999999 -3.20514660725037 -0.020175423216915 0.00409936690468077 -0.0115985278427153 0.0586655578567728 -0.192157251664382 3.21612297095067 372.436614865183 -332779.378566385 100.936599749904 103.058688790306 94.560110528603 983651.490580535
25300 0.0505999999999998 -3.16708201535481 0.0113814518296699 0.0241509833809008 -0.0377825665759742 0.0461907435479246 -0.180386869485633 3.20182481596344 374.084325654959 -332789.93667909 100.938969693121 103.09433706646 94.5401947513224 983807.593637458
25400 0.0507999999999997 -3.24595986485511 -0.04014325218976 -0.000970630767140287 -0.0418018562017915 0.0733026848906416 -0.168020890173887 3.24197933118262 372.645327825265 -332778.841067772 100.924723369857 103.091247804751 94.5202789740417 983432.052175151
25500 0.0509999999999999 -3.22243394154598 -0.0283192236637736 -0.00977850297539573 -0.0270902086331901 0.038965177352826 -0.185284886174549 3.22050954642743 373.136828085831 -332781.997835567 100.946577972472 103.101341035283 94.500363196761 983534.034651033
25600 0.0511999999999999 -3.24022486523159 0.0227940247945684 0.00132995729059055 -0.00380291055707337 0.0466816314113758 -0.171239985502719 3.26684337450754 372.416678071827 -332775.071360805 100.976280116787 103.096818155782 94.4804474194804 983572.937505982
25700 0.0513999999999998 -3.258881860579 -0.0121832921762562 -0.0399188474866044 -0.0405317898210479 0.0424239766691475 -0.169859117794386 3.24786946880845 373.612581633458 -332783.30732162 100.977790235787 103.104205973795 94.4605316421997 983450.782123539
25800 0.0515999999999998 -3.23096674357217 0.0250055890941123 0.0196059232954399 -0.0343765618907332 0.0364509665509521 -0.159844350333311 3.26618825803767 374.595045076626 -332790.636441838 101.002178222367 103.133240545086 94.440615864919 983757.857888935
25900 0.0517999999999999 -3.28033628735651 0.00645263488247871 -0.0392284975078632 -0.0649360235572471 0.0256652400267017 -0.176694768412446 3.28073364416705 374.143844003546 -332787.941522231 100.973606332545 103.148967928223 94.4207000876384 983422.115849298
26000 0.0519999999999998 -3.31455636563936 0.0261588843751839 0.0280387073901909 -0.0366761776440192 0.063805202635322 -0.18416918522985 3.35926561511028 372.91071108695 -332780.326628815 100.962636785123 103.21372011537 94.4007843103577 983725.022333498
26100 0.0521999999999998 -3.29440401477298 -0.0429223134956272 -0.033012570278069 -0.0239802503232854 0.0180379724698086 -0.180733655879476 3.27187225165657 374.426386027416 -332791.617075633 100.939821635532 103.227015699279 94.380868533077 983421.898107909
26200 0.0523999999999998 -3.27915377770354 0.0171829960534259 0.032906498408752 -0.0341910528036541 0.024922921839132 -0.180753358609332 3.31983421030253 375.64496926424 -332798.728210802 100.972679406602 103.253466359391 94.3609527557964 983786.454412551
26300 0.0525999999999999 -3.34104566633691 0.00772564743976932 -0.0337919851220831 -0.0201907262328682 0.0198085101633022 -0.157227174863309 3.33968879536652 374.187081552026 -332789.942392418 100.981178068279 103.22890956297 94.3410369785157 983427.658239951
26400 0.0527999999999998 -3.31036628028843 0.00375627686602269 0.00680698053399859 -4.44358311832005e-05 0.0230187387971637 -0.151679802907799 3.32627989159595 373.659697589192 -332786.036399588 100.963325273356 103.286181141883 94.321121201235 983591.621703641
26500 0.0529999999999997 -3.31158599290872 -0.0206865980662428 0.00159034320047618 -0.03449959771608 0.0278083034985421 -0.157834130401152 3.31427996278784 373.710523748501 -332785.139368445 100.960248983051 103.307768480837 94.3012054239544 983559.500558287
26600 0.0531999999999998 -3.31155437426974 0.0542763625614072 -0.0114849970669942 -0.0385122022655799 0.0283170217292184 -0.156400774844754 3.34545037884728 374.03970515386 -332788.029162225 100.990410736739 103.31418807654 94.2812896466737 983706.678827445
26700 0.0533999999999999 -3.33259427184534 -0.0438585237994431 0.0178512637427308 -0.0198282298354248 0.0210856006189656 -0.156681222745963 3.33147090683483 373.105106282891 -332779.334219969 100.957864376999 103.34672489435 94.261373869393 983491.563052713
26800 0.0535999999999998 -3.34499660275181 0.022139709217654 -0.0220993425938206 -0.0182743404561339 0.0161683162880402 -0.169852017667674 3.35841336659983 374.742443569985 -332791.538637574 100.978416927685 103.343295510846 94.2414580921124 983451.305800484
26900 0.0537999999999997 -3.32040237319558 -0.0272350140513431 0.011117337092494 -0.0177053580919754 0.0359157010256106 -0.147582827270743 3.32308218280503 374.050039027276 -332788.073885916 100.955961205613 103.378483642268 94.2215423148317 983359.538261781
27000 0.0539999999999999 -3.32962738379847 0.0154568182657191 0.0129674880427736 -0.0231068266077109 0.0281767649541805 -0.160625688231515 3.35598761889535 374.498312841576 -332790.930548205 100.969573910523 103.400079158492 94.201626537551 983489.655750112
27100 0.0541999999999999 -3.34794281529734 -0.0179396117605958 -0.0407815966956015 -0.0286613542907878 0.0163960166277252 -0.151100831635173 3.32943606344493 373.798590662717 -332788.256409306 100.94243938117 103.425029197326 94.1817107602704 983254.681330449
27200 0.0543999999999998 -3.33106859109925 0.00917776879975205 0.0530725556175728 -0.0353211941691432 0.0316272868849034 -0.138631214152197 3.37197143459531 373.598700027465 -332787.043768244 100.953341416685 103.475662424084 94.1617949829897 983634.24943606
27300 0.0545999999999997 -3.33152081132096 0.00165597249391526 -0.0342218459609701 0.000462198591741045 0.0353215716830898 -0.155613961761107 3.32688415412047 374.942457811564 -332800.526999251 100.960802325393 103.441172319631 94.1418792057091 983171.068598702
27400 0.0547999999999999 -3.30729816684099 0.0297216860827895 0.0326115301732915 -0.0516125555832651 0.0443896908732701 -0.166233637460194 3.35293260973538 374.413894850098 -332796.649854572 100.987147443301 103.483615695317 94.1219634284284 983623.005339046
27500 0.0549999999999998 -3.29833757614557 -0.020609100185939 -0.0208734757560066 -0.0244611020282597 0.0408098093434857 -0.160390327622423 3.29038052668905 374.613819263778 -332800.323172378 100.972883418935 103.48708663538 94.1020476511477 983308.951872645
27600 0.0551999999999998 -3.38572487146008 -0.00529334285997989 0.0489611038811354 -0.0446942174270506 0.0470341722594131 -0.17491195721703 3.42316757470363 372.739456647529 -332787.427512284 100.961670221389 103.531725046582 94.0821318738671 983415.675655822
27700 0.0553999999999998 -3.38828316856778 -0.0187718284023802 -0.0288881411713632 -0.0314346989973459 0.0333492847769427 -0.16098393279964 3.37693209967849 373.549928305755 -332793.013467815 100.956029608846 103.532594259754 94.0622160965864 983160.824799131
27800 0.0555999999999999 -3.35025324467968 -0.0107081067656522 -0.00302496256272588 0.00155238703600546 0.0331092976119672 -0.176086755757774 3.35776629753745 373.380865345332 -332790.941740777 100.97155365441 103.554485125933 94.0423003193057 983311.676158899
27900 0.0557999999999998 -3.37361271865902 -0.000787739750740489 0.0256883304200379 -0.00618268176756457 -0.0026513075553482 -0.182988682676826 3.40096145382079 373.674063542236 -332792.683951762 100.993100836319 103.549419374906 94.0223845420251 983265.126080069
28000 0.0559999999999998 -3.42444084136751 -0.00698282578362941 -0.00329065175670836 -0.0171157191301033 0.0362869155457534 -0.151286821001871 3.43003541396016 373.43795282999 -332792.367634721 101.003032168447 103.554445609436 94.0024687647444 983201.243684296
28100 0.0561999999999998 -3.44118012808759 -0.00363271132129633 -0.00989624039343321 -0.00571040519628524 0.0120883333122384 -0.148662407513044 3.44413676266541 374.746375909278 -332800.91200188 100.982879859154 103.57778641669 93.9825529874637 983018.328730063
28200 0.0563999999999999 -3.44779420379836 0.0255292861863568 0.0203527219607662 0.00844421860116714 0.0203894333951977 -0.184981334414331 3.4857048590616 377.179048018893 -332817.891701623 100.983383970809 103.60754173678 93.962637210183 983097.262505238
28300 0.0565999999999998 -3.50037601994969 0.00591077149619482 0.00131049823524248 -0.0180592189659005 0.0295714460122096 -0.175217789567845 3.51761907940298 372.830439763837 -332785.716303612 100.990006233587 103.616866713503 93.9427214329024 983041.815160692
28400 0.0567999999999997 -3.46930672443654 -2.47771885596941e-05 0.0236977170843314 -0.0353207305236788 0.00641742195155204 -0.181855723572644 3.49597779339 374.060905876333 -332795.261656602 101.012247513532 103.638264552033 93.9228056556217 983252.871835494
28500 0.0569999999999998 -3.40752728025504 -0.0114715965401648 -0.00332427354311868 -0.0157991899696688 0.0129154272722696 -0.154363155082941 3.41081552817985 374.298418958387 -332794.352646399 101.033759299364 103.63213134679 93.9028898783411 983195.542170533
28600 0.0571999999999999 -3.43381700150993 0.0182347990773673 -0.0324499650043919 -0.0219351034181246 0.0248519255037894 -0.150290365490947 3.43734229178665 372.558991863784 -332778.577708061 101.046426728519 103.645130382032 93.8829741010604 983233.578116732
28700 0.0573999999999998 -3.42628563046258 -0.0365642060584644 -0.00778570231784089 -0.0320378097113922 -0.000616519372773789 -0.171279692340771 3.41755486438776 374.695195197729 -332792.854125968 101.02591895497 103.689789900609 93.8630583237797 983248.980377713
28800 0.0575999999999997 -3.43132759057998 0.00235204037002797 0.00691884435113755 -0.0271778871589545 -0.0107066716264314 -0.163918585746575 3.44804659551909 373.551589756674 -332783.189828227 101.036870669637 103.706918552145 93.8431425464991 983309.32932488
28900 0.0577999999999999 -3.48369852510339 -0.00913075774658484 0.0054688817961704 -0.0339885863968083 0.0129741841804389 -0.16129021854259 3.4936479531535 373.027422293373 -332779.012415695 101.033656660358 103.712362392078 93.8232267692184 983120.978502154
29000 0.0579999999999999 -3.41953603759473 0.0147328879051878 0.0188449602640491 -0.0387572454734864 -0.00644768992748064 -0.140276500153395 3.44557767347466 372.630262163235 -332772.592795402 101.06012551309 103.734983621159 93.8033109919377 983384.24028937
29100 0.0581999999999998 -3.43250788338626 0.0245643683573286 -0.0362668233898634 -0.0507680502467473 -0.00412571212830447 -0.135497292210587 3.43622073803527 373.664655924004 -332779.244416153 101.062694571734 103.740176744425 93.7833952146571 983249.667655066
29200 0.0583999999999998 -3.49223643233252 -0.0371788157149587 0.033840635363702 -0.030034047156769 0.00520590728797056 -0.139421790806957 3.49984941613053 373.701829448683 -332777.338081944 101.020170337621 103.790545561385 93.7634794373764 983104.324077429
29300 0.0585999999999999 -3.46040004376979 0.0121125578195124 -0.0201674419640799 -0.0522419295776754 0.022807926314178 -0.12557088582479 3.46472877218137 372.154994865733 -332766.145404837 101.049560378233 103.785829254888 93.7435636600957 983136.788151893
29400 0.0587999999999998 -3.50968792284966 0.00334596047641735 -0.0219444185604483 -0.0209893791747859 0.023088499907517 -0.152236163814989 3.51079038928671 372.144867281409 -332763.839294794 101.064723013088 103.797571937996 93.7236478828151 983186.639476425
29500 0.0589999999999998 -3.47433075506723 -0.0296010583853872 0.0312026158836461 -0.0208988690542544 0.0197114023250868 -0.128431179340604 3.48299750247353 372.941049515387 -332767.379752511 101.060451469905 103.829246313136 93.7037321055344 983236.119714213
29600 0.0591999999999998 -3.47223048548121 0.0243769827463924 -0.0121339377487291 -0.0170778750791741 0.0242192286991181 -0.151074211250514 3.48870139212118 370.831279241668 -332749.467204041 101.093572710623 103.827678415909 93.6838163282537 983334.467849234
29700 0.0593999999999999 -3.44424046771909 0.00329982574468981 0.0292592615828202 -0.0357793075333701 0.0290673088268687 -0.144889827157464 3.47059916387993 374.496285607679 -332774.745727565 101.086707595339 103.860849889734 93.6639005509731 983372.736391659
29800 0.0595999999999998 -3.44115865872632 0.0141046865839917 -0.00938207593429178 -0.0178300631580625 0.0176747384159038 -0.154753820180299 3.45426991142864 375.087550759168 -332776.449495307 101.08813568329 103.871777076213 93.6439847736924 983280.971097728
29900 0.0597999999999997 -3.47179148217964 0.0250681745382111 -0.00171769042559598 -0.013586813847553 -0.00102085796921726 -0.123432928990225 3.49017800773004 372.235190728674 -332752.915135918 101.10885805814 103.891065043059 93.6240689964117 983455.958547762
30000 0.0599999999999998 -3.45749856416673 0.00129129135695942 -0.029844518585391 -0.0337326083367814 -0.004655130360038 -0.153603587829124 3.45409399751307 373.632636292343 -332758.46489411 101.129773521978 103.886601157699 93.6041532191311 983407.896481862
30100 0.0601999999999999 -3.4367025433211 0.00937676951083573 0.0229094553009477 -0.0309953315446577 0.0213964503528812 -0.141437480083407 3.46215968880323 373.896733029209 -332759.33386296 101.141169651652 103.908843786537 93.5842374418504 983519.986980845
30200 0.0603999999999998 -3.48809658006485 0.017417969056706 -0.0307473055670237 0.00310542170559888 0.0159459303098443 -0.146763010222804 3.49106258456473 374.800733670741 -332764.429535316 101.118703334767 103.929910331618 93.5643216645697 983291.574488563
30300 0.0605999999999997 -3.42926845325227 -0.0111127960232444 0.031866508885013 -0.0170328138355677 -0.0112668661872949 -0.138741977785834 3.4484118747875 373.467141136685 -332751.984530096 101.134486191463 103.976126107263 93.5444058872891 983672.94372746
30400 0.0607999999999999 -3.43391541768208 0.0120234256891644 -0.0326671805430163 -0.0187434921451 0.0120700755315337 -0.164692977506018 3.43589188025084 374.114211267995 -332753.866793658 101.156857786923 103.959443784472 93.5244901100084 983523.240849202
30500 0.0609999999999999 -3.42320135204312 0.00807183970097018 0.0191254569374803 0.00106135574723317 0.03334647689052 -0.192817335262746 3.45348531134211 373.139454158887 -332745.773391663 101.16230736812 104.000941179277 93.5045743327277 983759.305598282
30600 0.0611999999999998 -3.44125548306794 -0.00220556695877212 -0.0292982891181034 0.0125727759359827 0.0412597930894158 -0.183328628179463 3.44108044233309 373.250842172533 -332743.375523325 101.148684667913 104.013805660237 93.4846585554471 983538.970205091
30700 0.0613999999999998 -3.4365530330844 0.00292878406161524 0.00423914928436116 0.014714409070999 0.0241138273174636 -0.155143277262427 3.45096307511951 374.01794015087 -332748.451113812 101.142758720347 104.057213049137 93.4647427781664 983682.171561256
30800 0.0615999999999999 -3.429911064658 0.0216755944766585 0.00327343841403781 0.000134905617975853 0.0601852646847744 -0.176407481842845 3.45752774685953 375.039033875108 -332754.250660169 101.157924067808 104.058492802677 93.4448270008857 983632.124307404
30900 0.0617999999999998 -3.41682803844461 0.00432719467713258 -0.00228669090086393 0.0339354451817325 0.0577581107208694 -0.161007929846597 3.43117374161437 374.109199167546 -332745.74327006 101.151943914885 104.074466847438 93.4249112236051 983515.303558127
31000 0.0619999999999998 -3.44727054180306 -0.00934107116457785 -0.00489312870265922 -0.0083527478942837 0.0269907216969443 -0.1801979651244 3.45463156704453 372.901376040683 -332733.689362432 101.13911471124 104.109762030074 93.4049954463244 983514.359863712
31100 0.0621999999999998 -3.46298026267424 -0.00754902529784718 -0.00998484679405787 0.0337268631090823 0.0367945439831011 -0.172112023386814 3.46813145956803 373.267374471531 -332734.492234216 101.14034594749 104.133596521179 93.3850796690437 983541.742506556
31200 0.0623999999999999 -3.45467555475232 -0.0120881769437153 0.0144222931967734 0.00287826247976443 0.0310828945728129 -0.189754769271654 3.47193306075065 372.724620122234 -332729.050108286 101.154125589646 104.145472207996 93.3651638917631 983578.116486597
31300 0.0625999999999998 -3.47080985254964 0.00694955672652914 0.013116894000824 0.00236611396399004 0.0600958247382411 -0.185881422004592 3.49725665188759 374.178004746754 -332737.47563179 101.177070879085 104.153304460705 93.3452481144824 983665.342071674
31400 0.0627999999999997 -3.46059173772012 0.0153404259493451 0.0046289130818568 0.0237835121397911 0.0778853459889829 -0.173344502835548 3.48640602175659 373.157774023972 -332728.175673291 101.179872078875 104.178506407618 93.3253323372017 983720.672180892
31500 0.0629999999999998 -3.4577343098935 -0.0199525809451842 -0.0200474969236973 -0.00662912358278583 0.062991772477469 -0.166141127575022 3.4515013071614 373.551081391722 -332727.64107293 101.153173419457 104.207612912346 93.3054165599211 983525.933676314
31600 0.0631999999999999 -3.44203038726529 0.0111018096652054 0.0376775331565084 0.0140470178972006 0.0751057812162128 -0.157739348930597 3.47976398953385 374.584896242152 -332733.538363553 101.184090597585 104.224467564012 93.2855007826404 983775.641772447
31700 0.0633999999999998 -3.44748046694386 -0.0166183434833044 -0.0351447050303334 0.030017395404627 0.0802826488905884 -0.154575927066088 3.43530449000602 373.870215259324 -332726.87084028 101.202664561279 104.210042977248 93.2655850053597 983610.012349007
31800 0.0635999999999997 -3.3943026248821 -0.0159261034659441 0.00839189796488366 0.00392768380040117 0.0612053915057356 -0.158638208309663 3.40337442460957 372.780142306546 -332715.203152615 101.206847715615 104.25700478496 93.2456692280791 983883.805472804
31900 0.0637999999999999 -3.43711114250875 0.0038795143933293 -0.0386687464639781 0.0102122599237789 0.0415893764300439 -0.147642229679256 3.43026463566876 373.159188614068 -332714.979345918 101.179286662816 104.295916461961 93.2257534507984 983772.820741628
32000 0.0639999999999999 -3.43234571686474 -0.0489928564740479 0.0523223388484915 0.0361910798909394 0.073709886662207 -0.100949714539661 3.44251764878205 373.414198940966 -332714.493932016 101.165479610316 104.339997066284 93.2058376735177 983844.085004566
32100 0.0641999999999998 -3.40247793988773 0.0899590122436325 -0.00526541622455446 -0.00799119098516927 0.0461085832091946 -0.136475640158474 3.45486101405955 373.917249587137 -332717.014777253 101.250405528921 104.296639670794 93.1859218962371 984050.516315132
32200 0.0643999999999997 -3.45362033561081 0.00373519725233303 0.000901917146090346 0.0250255423241407 0.0673747723438127 -0.140435933803331 3.46672515771076 373.94011831044 -332714.995864701 101.2354536921 104.312898692489 93.1660061189564 983848.268910657
32300 0.0645999999999999 -3.38654304053531 0.0497448970506553 -0.0123088943241296 0.00847676294621047 0.0442796702321964 -0.149341901801709 3.41638660184399 373.49693440159 -332708.132422353 101.248060116787 104.347265287479 93.1460903416757 984084.549914554
32400 0.0647999999999998 -3.45665781516658 -0.0469994775992408 -0.00912978813947332 0.00262520041552769 0.052801708648152 -0.13806898994814 3.43829909534146 372.301592379483 -332698.285129189 101.207192405385 104.389175747509 93.1261745643951 983872.017848657
32500 0.0649999999999998 -3.47369524169936 -0.0053444830974041 0.00217761927384321 -0.0124369254394828 0.0576125209497634 -0.139966707389555 3.48206785298199 374.285438711653 -332712.85956162 101.209277244982 104.39899204737 93.1062587871144 983774.373225131
32600 0.0651999999999998 -3.47123725002069 0.0288142028984519 -0.0123552325618193 0.00838210800570277 0.05274886722542 -0.169718658055739 3.493269432775 375.108001286144 -332717.134113624 101.226039735325 104.407100328596 93.0863430098337 983803.242506257
32700 0.0653999999999999 -3.44310533312768 -0.00856985157094614 -0.00566683143797353 0.0196403245670558 0.0436128364447577 -0.153673526550504 3.44727762895468 374.224639579687 -332708.011111365 101.211778796651 104.442062527947 93.0664272325531 983783.511250037
32800 0.0655999999999998 -3.45736576032834 -0.0386587610674808 0.0284889569681064 0.0229940951221279 0.0633296912429838 -0.176863558646686 3.46829713637788 373.061580695099 -332696.612243042 101.201876004299 104.4761780628 93.0465114552724 983797.999478788
32900 0.0657999999999997 -3.51484162736874 0.0180306777853674 -0.0167366122830238 -0.0152505819502031 0.0805598996121158 -0.174075587012182 3.53137954003568 374.358162524127 -332704.474884848 101.203259362169 104.471739798024 93.0265956779918 983559.08675539
33000 0.0659999999999998 -3.5413489148832 -0.0260491372268729 0.000859808284044439 -0.0181396573655242 0.0702137097060022 -0.171912448180595 3.54359821853847 374.087878981713 -332702.452034879 101.188900452671 104.504299718727 93.0066799007111 983515.429623894
33100 0.0661999999999999 -3.49464809707835 -0.00858762214412747 0.0276067201803521 0.0164673309263321 0.040861070577024 -0.170425104463377 3.51753605247085 371.884074778342 -332684.830510368 101.210680364555 104.532404897004 92.9867641234304 983780.978366901
33200 0.0663999999999998 -3.48118710519308 0.00820056322246348 -0.00772091829147092 -0.0134602804974745 0.0558201829690865 -0.148519708369505 3.49236153627631 375.024731282986 -332706.37319721 101.237360891811 104.528473476643 92.9668483461497 983792.554739184
33300 0.0665999999999997 -3.41453275642602 0.063451724554968 0.0281677860024668 0.00986510597039061 0.0525783964153104 -0.143996592331212 3.47069078075477 374.377796582639 -332700.162227402 101.25804511695 104.561166304865 92.9469325688691 984090.454571154
33400 0.0667999999999999 -3.46418257360495 -0.047818944290203 -0.0257283748193339 -0.0168755897061056 0.0453553268521446 -0.148646491711791 3.43814061247578 374.260042149549 -332698.341953977 101.221522810829 104.584079989753 92.9270167915884 983740.253055152
33500 0.0669999999999999 -3.39258289559712 0.0165776055178076 -0.000538894760881594 -0.000652321824124382 0.0346003943944687 -0.142822523263225 3.41014707280763 373.769491113575 -332694.889241583 101.221781699815 104.631874253211 92.9071010143077 983981.404853316
33600 0.0671999999999998 -3.41235929895255 -0.00837135670664589 0.014169611016415 -0.0241012418950116 0.0771077186003673 -0.128345176612209 3.42540042213783 374.572454159862 -332699.778869646 101.217903728349 104.646365239693 92.8871852370271 983869.028538662
33700 0.0673999999999997 -3.37296069387054 0.0235557473193237 -0.0204270233706645 -0.0119614574402189 0.0585960814990034 -0.138251312203327 3.38481021968503 374.556315980901 -332698.282825623 101.258284353203 104.641159535187 92.8672694597464 984001.55454259
33800 0.0675999999999999 -3.38426532203162 -0.00915069966851967 -0.000949981619350202 -0.00717536840364158 0.0698313436757724 -0.147834916622285 3.39109031498711 373.486171562541 -332689.004878288 101.242298159926 104.683694595957 92.8473536824657 984035.047879253
33900 0.0677999999999998 -3.36290499959568 0.00102808210236899 0.00656447564921332 -0.037660858049644 0.0835954443034755 -0.13490351678901 3.3785376983748 373.910959449216 -332690.052504056 101.22421421428 104.735018154753 92.8274379051851 984130.49695239
34000 0.0679999999999998 -3.37430511896044 0.0248309374847976 0.0129701097360199 -0.0115114883925137 0.0784236174859122 -0.123364383746843 3.40271284274273 374.147811004978 -332691.380511678 101.220353945039 104.758178808248 92.8075221279044 984099.404296375
34100 0.0681999999999998 -3.33717092786673 -0.014620347132513 -0.0505104222917539 -0.0184772171493823 0.0429399442932328 -0.11846505093653 3.31210529919535 374.386460057264 -332693.97707678 101.220528732386 104.762189037546 92.7876063506237 983927.587261251
34200 0.0683999999999999 -3.31389076513217 -0.012814240754818 0.0157068397902062 0.00593078756901989 0.0658348213717092 -0.100877230944125 3.32200342899813 372.993791130966 -332682.616922724 101.213318131081 104.830203294237 92.7676905733431 984284.930133477
34300 0.0685999999999998 -3.30796183765068 -0.0231459235712775 -0.0283106288960146 -0.0262198607396649 0.0480357886036997 -0.103755490084136 3.2885190461282 374.461335639272 -332692.31670765 101.198378989318 104.840827603333 92.7477747960624 984028.088652015
34400 0.0687999999999998 -3.3153650648443 -0.0155653331383357 -0.0189368537466311 -0.00572213193719389 0.0575685483919199 -0.120705402927524 3.3062538193975 372.022557010474 -332673.971045549 101.222171034267 104.848934070963 92.7278590187818 984124.174336725
34500 0.0689999999999998 -3.32495974859286 -0.00128533982158597 -0.0484052382640311 -0.00139758851344125 0.0392421917452329 -0.116624398935996 3.30724207152042 374.204456155948 -332688.423302833 101.233281206639 104.848560132589 92.7079432415011 984017.292531829
34600 0.0691999999999999 -3.31348443056539 0.0124950910849931 0.010892448662429 0.00306806478990336 0.0680924265046303 -0.123276857429647 3.33411780182737 374.087955170941 -332685.779235344 101.220377823205 104.90807306555 92.6880274642204 984238.85087594
34700 0.0693999999999998 -3.31732924417176 -0.015300307991258 -0.0256640981409151 0.00598944725941272 0.0530775622191069 -0.0908352434078841 3.30190753900842 374.293925470275 -332687.842023151 101.178909902507 104.963109576778 92.6681116869398 984140.258169801
34800 0.0695999999999997 -3.24166708349942 0.0149388420035204 0.0405820100195169 0.0126019975587705 0.0540291843400536 -0.12017948153867 3.27753148446415 373.537157146852 -332680.740082217 101.189787339359 105.013891297197 92.6481959096591 984510.611977774
34900 0.0697999999999998 -3.26042543044733 -0.00740995353247973 -0.0352350176091277 -0.0245758075640747 0.0575484673633239 -0.125283587152863 3.24826167111279 373.937680073437 -332681.496792079 101.212331011005 104.98454182333 92.6282801323784 984243.113397124
35000 0.0699999999999999 -3.254483264573 0.0140678756666263 -0.00315152879023364 -0.0271761018962677 0.0457039701616047 -0.116323550494429 3.26749387843148 374.040876027083 -332681.523813866 101.226595614446 105.013313924455 92.6083643550977 984439.902599807
35100 0.0701999999999998 -3.24270645511247 0.00476667132201832 -0.0418364325498691 -0.0135945049770076 0.0468666310653342 -0.115846020578969 3.23176670031164 372.968721121414 -332671.63007982 101.205052745306 105.047456998962 92.5884485778171 984338.668258328
35200 0.0703999999999997 -3.23095932058365 0.00748726536610397 0.0405089204853253 -0.0166291758023839 0.0328474924832058 -0.135288520211757 3.26412943966593 371.935834755174 -332661.499547912 101.180257582066 105.117445176282 92.5685328005364 984541.343443268
35300 0.0705999999999999 -3.26131098067099 -0.0259789915041371 -0.039974607170173 -0.00767943071129695 0.0514821854156159 -0.132853144798365 3.23780273268368 373.521934715211 -332673.2319297 101.17532177912 105.097746573837 92.5486170232557 984097.054639913
35400 0.0707999999999998 -3.24440318573376 0.0278074367792967 0.0118953847317283 -0.0123551201764272 0.0409949341830699 -0.11057235949821 3.27073789941603 373.191362280517 -332667.341052731 101.214721877572 105.110928766234 92.5287012459751 984391.88752935
35500 0.0709999999999998 -3.20684152204654 -0.0277624749172733 0.0189472374688019 -0.00544675360109071 0.0400514857180743 -0.100333337501418 3.2081647331166 375.83163983871 -332686.50076669 101.206215682985 105.130319487833 92.5087854686944 984278.841470825
35600 0.0711999999999998 -3.20100067214117 0.0392850818856188 -0.00677525957786156 -0.0272331292558084 0.0470194400044781 -0.081481617886933 3.22197141978286 374.18816106614 -332672.99118307 101.225566669376 105.145983553148 92.4888696914138 984401.748542407
35700 0.0713999999999999 -3.21910583140164 -0.0123714241955692 -0.0117327606874544 -0.0219409103560069 0.0273554575987594 -0.0812366692233055 3.21071352717725 373.490816262105 -332667.527685883 101.209556346998 105.176317067858 92.4689539141331 984317.995072924
35800 0.0715999999999998 -3.1584801433161 0.0477073386139622 0.0222022589992356 0.000807333127653269 0.0466731282928058 -0.0822563699655247 3.19771012455144 373.344773634975 -332667.485256602 101.210940547704 105.24161629104 92.4490381368524 984730.449153002
35900 0.0717999999999998 -3.15059227834144 -0.0452222795245343 -0.00145443097232999 -0.00418134452140706 0.0454532595994895 -0.0711152904295807 3.13090664486744 374.320733917027 -332673.092065155 101.161837746692 105.285176511127 92.4291223595718 984447.973214397
36000 0.0719999999999998 -3.09549683582201 0.0416127627122603 0.0181377052599252 -0.0147580685949202 0.048645253407486 -0.0709116268312341 3.12908960302212 373.313016953544 -332664.731343888 101.185002875036 105.337265667369 92.4092065822911 984948.290148421
36100 0.0721999999999999 -3.11011554295633 -0.0341732295595441 -0.0153839139301779 0.0060274367202314 0.0638974905058635 -0.0882142798642016 3.09116029026087 375.357454217616 -332678.286393056 101.188668713585 105.320209942045 92.3892908050104 984612.243179222
36200 0.0723999999999998 -3.05811755557004 0.0158301335402373 -0.0343261798833721 -0.00869911642665879 0.0377187982289757 -0.0386404807312703 3.0506501888569 373.165117009522 -332662.405010147 101.228634397214 105.318109220896 92.3693750277298 984769.154521649
36300 0.0725999999999997 -3.03466856959904 0.0135383423467624 -0.00331820728944664 -0.0156324193284659 0.033263918188831 -0.0677355413015202 3.04274286840268 375.00192780578 -332674.831713746 101.190055454488 105.382321522937 92.3494592504491 984781.660887689
36400 0.0727999999999998 -3.01727767913596 -0.011190594554594 0.0191965686878224 0.00105599025793944 0.0546776125878627 -0.0550438427118817 3.02438277040119 374.016981401205 -332665.096570544 101.150389775719 105.442891653273 92.3295434731684 984749.017699107
36500 0.0729999999999999 -3.05120710143133 -0.0262133025147708 -0.0317520916798876 -0.0119010186863158 0.0193597343106739 -0.0448920370437709 3.02348450375323 372.405406494054 -332655.320924409 101.124736912249 105.475120141911 92.3096276958878 984587.76083386
36600 0.0731999999999998 -2.97022002466247 0.00154509247961984 0.0126820169847858 -0.00767566685172107 0.0413834393457399 -0.0375050676432225 2.97894992763298 372.313877076792 -332653.487623897 101.107229809954 105.552197850011 92.2897119186071 984924.141660542
36700 0.0733999999999997 -2.97914741544201 0.0055887492687434 0.0107290264235844 -0.011226705955232 0.022798408868325 -0.0140426110318208 2.98773288136616 374.32912750861 -332665.393557489 101.097641696933 105.57662978941 92.2697961413264 984846.124824708
36800 0.0735999999999999 -2.93180469258406 0.00416558736838601 -0.0310038993753846 -0.0124714316237755 0.0407083611102629 -0.0129067702479067 2.91956155709873 374.396670673186 -332665.491925879 101.102340990721 105.585799571244 92.2498803640458 984764.844874347
36900 0.0737999999999999 -2.89154157385246 0.0125920163197744 0.0226630681841959 -0.00835018511870694 0.0154595022663104 0.000531366516990222 2.90934151108405 373.99068815629 -332660.874085475 101.106358079474 105.639191848627 92.2299645867651 985089.248530103
37000 0.0739999999999998 -2.94948082454441 -0.0193903358396916 -0.0495723468559807 -0.00144840138595919 0.0317723558618879 -0.0192857813721229 2.91582848738711 371.567298396019 -332641.791426476 101.086556882406 105.658856268946 92.2100488094844 984866.94477687
37100 0.0741999999999997 -2.88449821791688 0.0243993782574857 0.0048546762415267 -0.0103575465254791 0.0295251841186425 -0.0229871565283331 2.89995447508945 373.236653275869 -332653.657074667 101.074024725487 105.711559323398 92.1901330322038 985023.24702849
37200 0.0743999999999999 -2.86890254982443 -0.00810641352053738 -0.00808637824124484 -0.0400113169367511 0.0253447927439009 -0.0141626329407137 2.86208724242719 373.001570291069 -332651.473382777 101.064679775029 105.741236073684 92.1702172549231 984995.844424601
37300 0.0745999999999998 -2.84942952584687 0.000651018043823529 0.010468663642721 0.0125949241834789 0.0263513952863305 -0.0262476032071109 2.85581205053941 374.656208794973 -332662.834937571 101.055689313786 105.773695937361 92.1503014776424 984997.682955771
37400 0.0747999999999998 -2.81619520973543 -0.0027056857984 0.0203469366224559 0.0016455495735882 0.0133600439245112 -0.0112570343564053 2.82524986411343 374.592115605813 -332662.956987095 101.058529265211 105.812739759519 92.1303857003618 985175.997684395
37500 0.0749999999999998 -2.75361126446548 -0.0282804927462594 -0.00778244519331251 0.00932851228499267 0.0384726323535544 0.00884153575835637 2.73653941265206 374.733132843893 -332666.409269228 101.050015106438 105.836630521411 92.1104699230811 985102.419368838
37600 0.0751999999999999 -2.73126987488714 0.0125150134475316 0.0327232966377719 -0.00723306567368253 0.0193413631633608 0.0126746580043913 2.75426437143759 375.107207979222 -332671.061745859 101.065013610654 105.880334881079 92.0905541458004 985442.370274551
37700 0.0753999999999998 -2.75160736282616 -0.00969567694052154 -0.0140576000874192 0.00788394507359074 0.0343132489049439 0.0361460065538156 2.74112695434026 376.337482268711 -332682.799755342 101.040839646204 105.898371162361 92.0706383685198 985161.386031189
37800 0.0755999999999998 -2.68298086281907 0.0304804856577711 0.0336374544128566 0.0249047511530155 0.0279915300280892 0.0479284228436482 2.71708510855356 374.953945469411 -332674.842834132 101.059217956622 105.93233057557 92.0507225912391 985443.348134902
37900 0.0757999999999998 -2.68682987131379 0.0161312483600315 -0.0307250494166557 0.0196168836919731 0.0417371446347917 0.0313643456787233 2.68158072350082 374.970375295012 -332677.822472019 101.056310869731 105.927168733886 92.0308068139584 985153.793061896
38000 0.0759999999999999 -2.67350082869633 0.00560180045979056 -0.00592930070728133 -0.0105787827869291 0.0276191937160736 0.0391429532628189 2.67470588369681 375.268711684854 -332684.235706321 101.050198784029 105.965272510151 92.0108910366778 985235.309496237
38100 0.0761999999999998 -2.66537834271381 0.00320239826886223 -0.0205601753087203 0.0179400221638429 0.0559556096350781 0.0383844087903414 2.65955902308832 373.109296378012 -332670.720754187 101.04232973747 106.008696968891 91.9909752593971 985348.978406589
38200 0.0763999999999997 -2.61144840935886 0.0182743885804459 0.0418821468665745 0.0209794219700506 0.0419201281454649 0.0730885355661934 2.6458834597143 376.316573336059 -332696.642709409 101.022431209711 106.058578070177 91.9710594821164 985405.100213221
38300 0.0765999999999999 -2.6268379259672 0.0065610268502529 0.00435265120724756 0.00518865467450766 0.0520025597431068 0.0415283437141275 2.63483334626381 374.58129719388 -332687.808932257 101.022630872718 106.071418987699 91.9511437048358 985312.945010661
38400 0.0767999999999999 -2.6040423712231 -0.00703309323994283 0.0128805526467656 -0.0121859675467036 0.0460981082255339 0.0568737091657089 2.61019043805107 374.350172859082 -332688.628582232 101.050005866608 106.076189906122 91.9312279275551 985410.796515662
38500 0.0769999999999998 -2.59014018977226 -0.00529202704248578 -0.0361686167049283 0.00736691729290378 0.0185203576126001 0.0370922685233338 2.57058386881239 374.239041868601 -332690.088690571 101.070688541351 106.080009452754 91.9113121502744 985434.448979366
38600 0.0771999999999997 -2.557815670329 0.0107248561249237 -0.00809549468631563 0.0310274000853022 0.0327693570434779 0.047495061545692 2.5616968480726 373.906740607701 -332690.079778611 101.064686934679 106.133454823907 91.8913963729938 985658.763522079
38700 0.0773999999999999 -2.54465326039221 -0.0129651267228676 0.0192461865067384 0.0142020117773034 0.00957779330032541 0.0303877864973763 2.54866277110746 375.319539944727 -332701.783819626 101.036303792587 106.19840280141 91.8714805957131 985771.256475008
38800 0.0775999999999998 -2.50778137799302 0.0100987886824897 0.025215197895829 0.0407679790479665 -0.000326908139482163 0.0446012987268749 2.52764012054983 374.528294905969 -332697.377262244 101.060699142546 106.215931793267 91.8515648184324 985958.240806715
38900 0.0777999999999998 -2.54315031673943 -0.00230579028811876 -0.00997681113918431 0.0365004153861334 -0.00367143788671722 0.0447313318223555 2.53899563534385 374.651865737476 -332702.035852147 101.070570531084 106.209686600096 91.8316490411518 985782.780498188
39000 0.0779999999999998 -2.47120934719096 0.00926985781721126 -0.0197631517200622 0.0314617980089902 0.00221281443695227 0.0461876052067174 2.46799277433586 373.072063929308 -332691.899453973 101.072865408106 106.256619645461 91.8117332638711 986026.892558794
39100 0.0781999999999999 -2.41915791496366 -0.0207778026774255 0.0146826648459515 0.0667955142168589 -0.0222846593588985 0.023620640479345 2.41972742929947 374.407769695749 -332701.125888147 101.045643465048 106.321785095642 91.7918174865904 986151.915150032
39200 0.0783999999999998 -2.41456679082992 0.00886595969651969 -0.0262926888466924 0.0625586832827225 -0.0120101051633511 0.024947392268551 2.40896210392172 375.355292167002 -332710.452088791 101.049631594679 106.319224714274 91.7719017093098 985953.122767157
39300 0.0785999999999998 -2.40798573587651 0.0301906251053153 -0.00466611569978955 0.0471206774311981 -0.021937834513426 0.0317404115779418 2.4232332367797 374.663791767606 -332707.321159534 101.070001707745 106.320852019759 91.7519859320291 985952.958310251
39400 0.0787999999999998 -2.39051310013767 0.00167730716070884 -0.012819501878621 0.0467288784772176 -0.00198625744374547 0.00546150448415861 2.38636922095538 374.285296462101 -332707.240911215 101.052829419622 106.353025111764 91.7320701547484 985869.702161153
39500 0.0789999999999999 -2.36997485840569 -0.00372971978604064 0.00960777035013532 0.0385412282735423 0.013972732965729 0.010879860607279 2.3740789415289 375.305339259857 -332716.344520228 101.055108629095 106.388925586676 91.7121543774678 986010.617890687
39600 0.0791999999999998 -2.37003893848368 -0.0380173054474613 -0.00421222606726078 0.0359979039018778 -0.00275332318631122 0.0325198367930196 2.35061369981092 373.140234900569 -332702.722748381 101.048931420888 106.390935445824 91.6922386001871 985754.863741672
39700 0.0793999999999997 -2.32457168641946 0.0575723961267306 0.0220177992008005 0.0384267541557818 -0.0151239373615998 0.0220268546047169 2.36595646207155 375.380267644051 -332720.913350117 101.090076213505 106.410804473749 91.6723228229065 986126.174338669
39800 0.0795999999999999 -2.38553521813322 -0.0279362340286233 -0.02502190490788 0.0595168208575331 -0.00105828607655183 0.0176695778245177 2.36150778958791 375.018494194757 -332722.14743503 101.046342662801 106.436096320991 91.6524070456258 985719.645302032
39900 0.0797999999999999 -2.35074991520614 0.0278021923998447 0.0369342252065446 0.0174305200395655 -0.0202726425049186 0.0176800897581174 2.38377782194769 375.956685705184 -332733.613358792 101.043155360329 106.511998263049 91.6324912683451 986177.129411941
40000 0.0799999999999998 -2.33569927738496 -0.00742303352375366 -0.039587531947738 0.0550352935066732 -0.0101420535432185 0.0342885362431727 2.31515427792803 373.373422690563 -332719.31288427 101.050852357488 106.494659781025 91.6125754910644 985877.384232744
40100 0.0801999999999997 -2.31109839081595 0.0119497757147028 0.0118035512093539 0.0475063943824333 -0.0108187392232539 0.0391122422786825 2.32549438382443 373.640734115084 -332723.986444535 101.070869600385 106.523181339099 91.5926597137838 986122.347873361
40200 0.0803999999999999 -2.31786764138508 -0.0139214129867037 -0.0186063549413882 0.0619484857192045 -0.00677357805277041 0.0365485058210124 2.30500633106426 374.102867586278 -332731.917996971 101.057162167846 106.547286838995 91.5727439365031 985997.290304811
40300 0.0805999999999999 -2.25828215449693 0.0197496270980911 0.0183421115255962 0.0502574467524198 -0.0307483471097582 0.0449662166745346 2.28094368873676 375.041587086097 -332739.107466885 101.061903546867 106.596955750855 91.5528281592224 986288.662348948
40400 0.0807999999999998 -2.26310525045204 -0.0240926386688361 -0.0114423199187926 0.043772831277496 -0.0424351016814291 0.0344435389979303 2.24863763143098 373.975030761713 -332731.949356717 101.042198274968 106.622250697839 91.5329123819418 986115.78998934
40500 0.0809999999999998 -2.27721413431232 0.00874451231529748 -0.0220852678935815 0.0658319918933485 -0.0266270934762741 0.0373404211157743 2.27494907365756 373.659165279807 -332732.293621258 101.047063399971 106.645864217017 91.5129966046611 986167.058042877
40600 0.0811999999999999 -2.28700219178859 -0.0333028279410631 0.00924364469570751 0.0213593415156311 -0.0195328555207849 0.0239980930684511 2.27620275248343 373.905929446177 -332733.595839602 101.030583740501 106.680571938761 91.4930808273804 986112.466946381
40700 0.0813999999999998 -2.28520887608438 0.0238253567803451 0.00367212288813652 0.0381474748256139 -0.0103249616785995 0.0411470045225666 2.30114655473499 373.522113088601 -332731.903861172 101.058799827204 106.703125010219 91.4731650500998 986381.643207819
40800 0.0815999999999998 -2.28101814961725 -0.0320636110704279 -0.0189520709719262 0.0583607217020372 -0.0279656681896748 0.0254524447962251 2.25875260369278 373.286542465285 -332733.261940052 101.047770472748 106.711104749863 91.4532492728191 986132.999284011
40900 0.0817999999999998 -2.22655831559455 0.0223051732613221 0.0129288249814195 0.0297817241215421 -0.0143210311791493 0.0378386327312088 2.24587626452763 372.786721377452 -332730.672635635 101.075900360346 106.748382041356 91.4333334955384 986537.216817569
41000 0.0819999999999999 -2.25111376925544 -0.039464756387069 -0.0470671831959289 0.0231333184559507 -0.00415393177230887 0.0150119326474921 2.20838595909979 374.512611815845 -332747.760177379 101.054086169126 106.744839445088 91.4134177182578 986076.738346569
41100 0.0821999999999998 -2.185112633956 0.0338915599508674 0.0399372039494235 0.0408916504548073 -0.0238088073144566 -0.0005943167743379 2.22354435318042 373.496938991382 -332742.887031566 101.106810772104 106.789861429408 91.3935019409771 986792.302581759
41200 0.0823999999999997 -2.2033442358632 -0.00319491241794834 -0.0592623901820956 0.0387623787810913 -0.0075427081368133 -0.00508397864331327 2.17375241647487 374.746164304969 -332754.275195617 101.089864230266 106.786121770001 91.3735861636965 986377.364779533
41300 0.0825999999999998 -2.19548253214257 0.0255814199684612 0.0291579203411447 0.023769455069449 -0.0149931581126857 0.00983149143561259 2.22345245660875 374.854721470701 -332757.382273913 101.064339659183 106.871482214214 91.3536703864158 986701.472815938
41400 0.0827999999999999 -2.17060126245852 -0.0214954184784947 -0.0023956682961349 0.0464206873720649 -0.0295117252010065 0.0320906725939212 2.16153533721878 374.134019873077 -332755.621293757 101.043189794026 106.897441149118 91.3337546091351 986519.487328859
41500 0.0829999999999998 -2.11037110859335 -0.0310880723227258 -0.0032634004264818 0.0395728833212769 -0.00747943363622649 -0.000983551196455215 2.09449666811315 372.389481359976 -332742.897867637 101.075784725148 106.913335897315 91.3138388318545 986769.240478068
41600 0.0831999999999997 -2.09564578330963 0.0228721702937841 -0.0052287691137465 0.0447980005011315 -0.036403621923226 0.000701618038659926 2.10698205220294 374.200967382487 -332758.93044458 101.088200787867 106.920340237517 91.2939230545738 986739.852305538
41700 0.0833999999999999 -2.08854774491726 -0.0194167082440152 -0.0098051689823297 0.0676012513449401 -0.0285073315789026 -0.00165930813589266 2.07784484842588 372.090796446102 -332746.905313743 101.063024939721 106.971233567707 91.2740072772931 986748.36443541
41800 0.0835999999999999 -2.041505332936 0.0142825371394334 0.0245737325740636 0.0529619960034134 -0.0146925807490723 -0.000304868897463947 2.06315026207016 374.779191949706 -332767.716498702 101.066065439148 107.020950748583 91.2540915000124 987021.26449594
41900 0.0837999999999998 -2.05342778474993 -0.0138539431795851 -0.0148530841235045 0.0472572797980961 -0.0341119060569213 -0.0121053145598331 2.04167942282216 377.295565555392 -332790.718191653 101.058044210716 107.011488829311 91.2341757227318 986640.294319137
42000 0.0839999999999997 -2.04298343953642 0.0306636557712533 0.0135967551310405 0.0746722331418927 -0.0461105170229629 0.00456911608260305 2.07076841366914 374.441886132054 -332773.738879886 101.09367405107 107.03646245549 91.2142599454511 987002.986055021
42100 0.0841999999999999 -2.09369728647518 -0.0238671059938117 -0.0457454603635033 0.0525494859931523 -0.0793385541322585 -0.0348589010476535 2.06644737487902 373.536169675369 -332769.434230874 101.066041995342 107.043947062888 91.1943441681704 986586.746425323
42200 0.0843999999999998 -2.03746819314367 0.0187574418089153 -0.00498348132775471 0.0480520572300763 -0.072660830243258 0.00592512269609063 2.05004436759803 374.513300938235 -332780.150317802 101.062981691652 107.112889509886 91.1744283908898 986976.680369756
42300 0.0845999999999998 -2.00172716778523 -0.00622484012041364 0.0306563158143211 0.0661247373610093 -0.0844372410684151 0.00010255475076757 2.02274383181778 373.745617416778 -332778.564111967 101.039475920808 107.159547099458 91.1545126136091 986961.308868344
42400 0.0847999999999998 -1.97934156730775 0.0155086931186158 -0.00229382013575071 0.0634696297440152 -0.0699122927694362 0.0116012255609451 1.99283297740767 374.029023352617 -332783.733720046 101.052207585807 107.164513878834 91.1345968363285 986915.751411225
42500 0.0849999999999999 -1.9767721742068 -0.0397206246168905 -0.00488071101597431 0.0506656369511753 -0.0468572715079527 -0.00324034051544566 1.95836374695282 373.98354086411 -332786.458939703 101.065421196502 107.154457101472 91.1146810590478 986736.492126764
42600 0.0851999999999998 -1.97427331561553 0.0223279868982972 0.000618032155468271 0.0568217440633963 -0.0645977479358785 -0.00727002780177174 1.99145807343285 374.084481454817 -332787.44917813 101.08468672571 107.175893410264 91.0947652817671 986906.258555931
42700 0.0853999999999997 -1.96238902711951 -0.0100716388467968 0.00453841751214479 0.0828967630384833 -0.0863426017864263 0.00138578380516569 1.97060057372842 373.45160328987 -332785.406399862 101.077076784791 107.2099900935 91.0748495044865 986930.093060322
42800 0.0855999999999998 -1.98649673731716 -0.0122543005281836 -0.00237690508600689 0.0757571653117284 -0.0940293812863373 0.0305252097770496 1.99092152497917 374.0006068386 -332790.141109302 101.089800039105 107.225690578529 91.0549337272058 986982.999327283
42900 0.0857999999999999 -1.95486290662095 0.00555160916263463 -0.0291867045916756 0.0772703325312452 -0.0420362116778487 0.0280107469509928 1.949845475308 374.513711244191 -332797.710372481 101.085271653333 107.253196736263 91.0350179499251 986976.040783902
43000 0.0859999999999998 -1.92488854714635 -0.00559414458661204 0.00417331839865423 0.0655172813559459 -0.068773695978693 0.0275511034397791 1.93180672951823 374.49697040596 -332800.177150357 101.047413198198 107.32822976334 91.0151021726445 987080.624932748
43100 0.0861999999999997 -1.89240502828853 -0.0182568905350661 0.0137687497240742 0.0464044462124688 -0.0475867280549387 0.0201417687514344 1.89418804727036 376.129735872032 -332813.649304155 101.03534032481 107.363238869828 90.9951863953638 987068.589873762
43200 0.0863999999999999 -1.88605908889483 0.0369770559756454 -0.0173123906176598 0.0443723177798767 -0.0592718156151804 0.0338349775605963 1.90170853698977 373.924100309616 -332798.304414661 101.059769425961 107.364696130566 90.9752706180831 987104.560613709
43300 0.0865999999999999 -1.86293615127908 -0.045241145669069 -0.00410458874087089 0.028513309677661 -0.0733972678210734 0.0458167208001726 1.84536692361807 373.117758115462 -332792.671582476 101.031789041695 107.412517775836 90.9553548408025 987054.681321991
43400 0.0867999999999998 -1.84838605020157 -0.00771661053486485 0.0123894039724682 0.0124081847150728 -0.0609194158543903 0.0371560684209081 1.85505091560551 373.883599668812 -332800.083932236 101.031255556118 107.45185078393 90.9354390635218 987194.707854944
43500 0.0869999999999997 -1.85122353837696 -0.0215024457243243 -0.0411983340155456 0.0202415713120955 -0.0404466565274771 0.0389648007216917 1.82288807924532 374.888224937554 -332814.211465553 101.036667142552 107.450966792938 90.9155232862411 987023.248113781
43600 0.0871999999999999 -1.83647780455581 -0.0139911658820725 0.0391510905796168 0.0187662530216683 -0.0622663838270639 0.0144734654454433 1.85322663696178 373.946184457099 -332810.805114591 101.046858651341 107.497144908193 90.8956075089605 987330.704222189
43700 0.0873999999999998 -1.80747066032241 -0.0113106866367992 -0.0542994976538651 0.0452340695347791 -0.0196910208835474 0.0144011151875653 1.77728659919666 374.129532090888 -332816.483809853 101.056577294723 107.487069004395 90.8756917316798 987116.781397165
43800 0.0875999999999998 -1.75473726238305 -0.00291368236454444 0.0158729281885186 0.0361321635159856 -0.0340161547432054 0.0141606966295613 1.76355864423588 373.775925131872 -332818.058717639 101.052716324066 107.546681787284 90.8557759543991 987410.063443643
43900 0.0877999999999998 -1.75404083678727 -0.0219437327649611 -0.0290882457295185 0.00668252257461592 -0.014943636823934 -0.013824648769798 1.72893426697538 373.956947607801 -332823.039301546 101.030312387562 107.571183085661 90.8358601771185 987199.607598995
44000 0.0879999999999999 -1.74609548693104 0.00293453367822655 0.0491893951206865 0.00542420777639703 -0.0217987385088086 0.00142370822148866 1.7730387949474 374.864683674039 -332831.935752164 101.023203563554 107.628347227932 90.8159443998378 987438.169982972
44100 0.0881999999999998 -1.74576308346143 0.0108047845417807 -0.00313990641020841 0.0011168718767057 -0.0401205057607945 -0.0310366415214866 1.75184270405715 374.055335441097 -332831.08535293 101.043090174792 107.609846070857 90.7960286225571 987246.227619324
44200 0.0883999999999997 -1.79354384549272 0.0309458166783655 -0.0229157112889958 -0.0131966177288154 -0.0165301525380374 -0.0016305974574518 1.79853939549024 375.763635752595 -332845.863988019 101.042069084712 107.616329859117 90.7761128452765 987079.174988201
44300 0.0885999999999998 -1.78977103529883 0.006366360871628 0.00877859389894552 -0.0169297764215041 -0.0510639782567403 -0.00290680529380367 1.79976550053198 374.998960877955 -332846.073490843 101.012566453221 107.669577825751 90.7561970679958 987062.61913905
44400 0.0887999999999999 -1.76707355350416 -0.00423516635519572 0.03158935269051 -0.0092269664725247 -0.0288959879197834 -0.0211288959513874 1.78217144196695 373.707219359201 -332837.056466595 101.037351404304 107.6780530792 90.7362812907151 987165.852069916
44500 0.0889999999999998 -1.75872404632213 0.0235955394604673 -0.0410974938084601 0.00885047207153228 -0.0424970562998418 -0.0251146897225421 1.75302306574346 374.731931933915 -332849.001664794 101.054747114374 107.669764564287 90.7163655134345 987043.118909804
44600 0.0891999999999997 -1.75113010219555 -0.0202873879440429 0.0170201504391606 -0.00930283140438913 -0.0600187567258192 -0.000466380024960428 1.75295432596491 374.666842498258 -332851.876818581 101.012345222968 107.742029384937 90.6964497361538 987074.410101974
44700 0.0893999999999999 -1.73441940028053 0.0505954662596874 0.0291144869466511 -0.0283186904465639 -0.0346214552656352 -0.0361836388840163 1.77716774283376 374.302983655613 -332850.553104864 101.037065785001 107.768731848532 90.6765339588731 987343.812764972
44800 0.0895999999999999 -1.76797959635346 -0.0201994377279361 -0.0312890022279138 0.0331869399203632 -0.0643643636526789 0.00401121392053498 1.74678477292007 374.827045788325 -332858.213898593 101.046080625163 107.74970767173 90.6566181815925 987040.760738609
44900 0.0897999999999998 -1.73411009039313 0.00247044398641254 0.00799465588754187 0.0163735215620508 -0.0918109841781761 -0.0101572908068149 1.74692222691804 373.200263876845 -332849.089795887 101.047680831307 107.784002669278 90.6367024043118 987153.646899002
45000 0.0899999999999997 -1.7466261793648 -0.00735885736869908 -0.0133510851278028 0.0209566633290117 -0.0702984648673084 -0.0392733171711468 1.74224997811918 373.792838045891 -332857.121744244 101.043580691566 107.805428391341 90.6167866270311 987092.870648901
45100 0.0901999999999999 -1.73164129384577 -0.0255748272697215 -0.00996998759169923 0.0259128085836414 -0.0852596519886677 -0.0108472828310357 1.7209602637597 373.043244702891 -332853.238675136 101.045448270429 107.834241046573 90.5968708497505 987157.930106629
45200 0.0903999999999998 -1.77102288163396 0.00923798000502609 -0.00440883725537672 0.00723004461351152 -0.0749581565744896 -0.0271470476748491 1.77888840554689 373.631167713826 -332858.671204356 101.057206693014 107.845341348501 90.5769550724698 987157.378738221
45300 0.0905999999999998 -1.74352249338352 0.0126867367419221 -0.00723318867960951 0.0609165403905257 -0.102983027133284 -0.0363999519957193 1.75971814855272 373.153998890756 -332855.149393166 101.081131349791 107.845870514241 90.5570392951891 987178.821342322
45400 0.0907999999999998 -1.75965438169684 0.00666297252959773 -0.0139712778444491 0.0392568960067213 -0.0620396031085262 -0.0296456413615056 1.76143770099084 373.448164765886 -332858.466599891 101.08578107461 107.858440274025 90.5371235179085 987122.154626649
45500 0.0909999999999999 -1.75181626188963 -0.0194285695945659 -0.00435295874134344 0.00858955090078823 -0.0705166032845848 -0.0257290743476487 1.74488861080722 374.766112415415 -332868.990633245 101.064946857272 107.901332378878 90.5172077406278 987093.990395907
45600 0.0911999999999998 -1.80094703228632 0.0267709489021272 0.00491917187239026 0.0255281157979313 -0.0787895655628022 -0.0229956003450759 1.82298010604607 372.082613654416 -332851.646719625 101.074681415199 107.933407656192 90.4972919633471 987265.255879557
45700 0.0913999999999997 -1.82681608794577 -0.0246839335989414 -0.0192761970191215 0.010113793001243 -0.0977245513316901 -0.0033427065501114 1.81285566237502 374.418648528947 -332870.646694614 101.040954994011 107.95900168765 90.4773761860665 986952.610168852
45800 0.0915999999999998 -1.78950638621971 -0.00344329746645581 0.0243080487223975 0.0376750132876461 -0.089344857450398 -0.0206162140577101 1.80826932858372 374.697894439478 -332873.736621814 101.043703611078 107.996015508194 90.4574604087858 987100.51756732
45900 0.0917999999999999 -1.79503527278934 0.00277851281422862 -0.0180882986567317 0.0452920905082393 -0.0896270902691055 -0.0188443829201481 1.79621092548291 373.509697337668 -332865.78439923 101.055432525419 107.988675197982 90.4375446315051 986930.660752174
46000 0.0919999999999998 -1.77545948619813 0.0205790575479117 0.0225953603188041 0.0480298324002049 -0.0869537908269896 -0.0190635836650375 1.8055673938892 374.908722757939 -332877.178121476 101.060868594898 108.026402404028 90.4176288542245 987111.140524002
46100 0.0921999999999997 -1.80274555025418 0.0043465502486852 -0.0249305545765462 0.0563555270870841 -0.0916592575722333 -0.02254929255906 1.80271741831385 372.101323332726 -332858.44075398 101.036064296528 108.055200648901 90.3977130769438 986914.519491547
46200 0.0923999999999999 -1.75326598002898 -0.0108604970220012 0.0355867409307606 0.0110824023069111 -0.0680008359926129 -0.00977376067787027 1.77019533227516 374.111598971894 -332874.466905722 101.022004658393 108.117725537032 90.3777972996631 987130.647432377
46300 0.0925999999999999 -1.73115894961854 -0.033440375693787 0.000505889423670821 0.0318229397698508 -0.06624643186796 -0.0287546623482628 1.72038259392572 374.625265422971 -332879.307995456 101.026106573607 108.118883232793 90.3578815223825 986963.76277334
46400 0.0927999999999998 -1.74493767583456 0.0411551750382765 0.0071131551845422 0.0582135555898918 -0.0876194541931071 -0.0152663526000706 1.77887084066057 374.35561748716 -332876.667092461 101.066664329532 108.118946749957 90.3379657451018 987142.943383787
46500 0.0929999999999997 -1.76977695528785 -0.0234200382426367 0.0137006473676865 0.0231479369967064 -0.0673985488606055 -0.0224319079349911 1.76994664854646 374.097240265012 -332878.639254339 101.027453967957 108.152378781371 90.3180499678212 986847.480474871
46600 0.0931999999999999 -1.72992748471043 -0.0127424744580299 0.00676768812632438 0.0469615818450282 -0.0508903639267438 -0.026789003434111 1.73180431188457 373.354058095525 -332875.042430819 101.021479829156 108.215519849665 90.2981341905405 987147.506398638
46700 0.0933999999999998 -1.72875641505234 -0.0225177996735926 -0.0161933277035253 0.0363496061836139 -0.0527965312808368 0.00174520439419334 1.71301392575268 374.675232429772 -332884.637656922 101.013303700675 108.237310478342 90.2782184132598 987048.623871321
46800 0.0935999999999998 -1.67541500851873 0.0241851389728012 0.0258854825188653 0.0253259129881333 -0.0471907355427492 -0.0108519528146641 1.70308304362177 373.982797067086 -332881.309746622 101.036422309586 108.271448304852 90.2583026359791 987368.045215768
46900 0.0937999999999998 -1.6835506314008 0.0151478092099038 -0.0412709917047624 0.034579148459849 -0.0784847174004371 -0.0325114403747029 1.67873721305082 372.983399620166 -332875.693345429 101.038313534003 108.271874207153 90.2383868586985 987172.540259819
47000 0.0939999999999999 -1.64401188055228 -0.00486153516804006 0.0173793672888012 0.0450039122307206 -0.0794927143108201 -0.0130185889314806 1.65810327714114 373.725139024394 -332879.944372688 101.041127308638 108.330877690544 90.2184710814178 987520.01730756
47100 0.0941999999999998 -1.68132548537444 -0.00725316022954516 -0.00640663550759819 -0.00715528757436103 -0.0698356176942615 -0.00983588665606794 1.67899103003729 373.70651927951 -332880.17513891 101.054930734924 108.316091302645 90.1985553041371 987302.120926321
47200 0.0943999999999997 -1.70568041918218 0.00492312782776967 -0.0296920073690793 0.00958904951355934 -0.0733355349988459 -0.0125949420770409 1.69853936632919 374.105002610156 -332884.48315223 101.054735142477 108.325996222421 90.1786395268565 987172.478129437
47300 0.0945999999999998 -1.67164618585467 -0.00695699381763978 0.0201387983311325 -0.0126467635495557 -0.0649713163688113 -0.0045417151728857 1.68233049061231 374.026753339361 -332884.062195979 101.024567835184 108.386882997424 90.1587237495758 987214.404717995
47400 0.0947999999999999 -1.71305675871466 -0.00261452885626282 -0.00734455204270351 -0.00189706927430569 -0.0505089288172457 -0.0163105939027083 1.71055748868686 373.239166613137 -332878.389788517 101.030057698771 108.394472648084 90.1388079722951 987119.084288973
47500 0.0949999999999998 -1.69936692339211 -0.00617407461665715 0.0289390370458841 0.0057449784158993 -0.0622729578975852 -0.027677139204 1.71511488641744 373.04957739888 -332877.11894439 101.049455969114 108.41994309616 90.1188921950145 987322.420234594
47600 0.0951999999999997 -1.73534841461279 0.0165659331089602 -0.00501590814343603 -0.0190694479250481 -0.0500642666926466 -0.0254351673419319 1.74425089577987 372.215202629824 -332871.052494417 101.071943463829 108.40850851399 90.0989764177338 987219.768330592
47700 0.0953999999999998 -1.74829141130944 0.00154566139633749 -0.0139114422117128 -0.00222328865061181 -0.0313384763372372 -0.0352273708564724 1.74407721229438 373.043788143806 -332877.218864045 101.069617121468 108.430168276683 90.0790606404532 987176.028502894
47800 0.0955999999999999 -1.75186626084943 -0.0360691766801786 -0.0282003767920184 -0.0137089950540311 -0.0512572863343254 0.00659795646003313 1.72223667156724 373.873383257732 -332883.601840107 101.062796896798 108.44260844866 90.0591448631725 987004.397049839
47900 0.0957999999999998 -1.68637401478112 0.0350296939143024 0.0108885085863512 -0.0321747718109817 -0.050728673737463 -0.00487760649032832 1.71264532672691 373.047972097166 -332875.475643546 101.08794492877 108.481327210805 90.0392290858918 987384.090993793
48000 0.0959999999999997 -1.69232480809191 -0.0218306740095512 0.0224561628027304 -0.0258089559393628 -0.0420438071720363 -0.0146040192000573 1.69541560124513 373.282163483948 -332876.095672217 101.087512938182 108.488839105192 90.0193133086112 987229.829887956
48100 0.0961999999999999 -1.74747514474964 0.0117955211002197 -0.0296933410093382 -0.0346574092276845 -0.0489393379810521 0.00142607644618889 1.74199860759457 372.570900394007 -332871.021633528 101.085544491042 108.487810084312 89.9993975313305 986982.834768814
48200 0.0963999999999998 -1.75667159270376 -0.0151947907215555 0.0342269900986688 -0.0480803366610001 -0.0611100033291181 0.032517243112392 1.77272711273127 372.795695705467 -332872.346773607 101.07123745789 108.540129389609 89.9794817540498 987100.576202557
48300 0.0965999999999998 -1.78596482243073 0.0164058649426447 -0.00109304246133881 -0.030443384294842 -0.0792288324975688 0.0305800113046853 1.80047888702146 373.454197044867 -332877.474357894 101.078486744048 108.548316457898 89.9595659767692 987027.322914105
48400 0.0967999999999997 -1.76213877899442 -0.0179682128934502 0.00913958851968471 -0.0452260571103056 -0.0596122094074952 0.0432271827544595 1.7642418284153 374.101266087365 -332882.57263118 101.076290011178 108.573004906009 89.9396501994885 987011.79965639
48500 0.0969999999999999 -1.76144706552132 -0.00263845712121229 -0.0133452040283978 -0.0382877603392298 -0.082237724054747 0.0458643680400541 1.76229646912742 372.039572781951 -332866.299765803 101.094086882102 108.593330448053 89.9197344222078 987151.755444113
48600 0.0971999999999998 -1.77236487636302 -0.0388483864045209 0.0131158943648557 -0.03701558473932 -0.0650130528393552 0.0388343024120367 1.76611876889048 373.348147660264 -332875.560849587 101.078297401438 108.618996331521 89.8998186449272 987012.195894868
48700 0.0973999999999998 -1.74382615021679 0.0216564118448495 0.0444171659734311 -0.0386551530282196 -0.0673511709691504 0.0473511084485686 1.78394171122803 373.567754037239 -332873.865306957 101.11086976993 108.642498007433 89.8799028676465 987325.112586922
48800 0.0975999999999998 -1.7902988775136 -0.00340163741429289 -0.0192236278234619 -0.069329067515767 -0.0582696294373579 0.0464376326570123 1.78775131944924 374.053132737018 -332876.854544445 101.101645046641 108.626348466242 89.8599870903658 986869.563150148
48900 0.0977999999999999 -1.73391382098868 -0.0135491522247347 0.00677450835338165 -0.0518953493767062 -0.0733188779684741 0.0451577016373171 1.73935498441838 372.972353512832 -332867.695312011 101.105180859771 108.672953168468 89.8400713130851 987108.672391447
49000 0.0979999999999998 -1.74580551686266 -0.00455163959879579 -0.0223799026936489 -0.0481485358171524 -0.087346894205778 0.0222946594578013 1.74142867198741 373.597001115781 -332871.884784337 101.114572213087 108.680290711276 89.8201555358045 987048.159503247
49100 0.0981999999999997 -1.72540328702815 -0.000887160303061729 0.00213985408870896 -0.033538957509746 -0.0701192175300615 0.036768026902064 1.73244495777092 373.376873260149 -332869.159886562 101.125363671628 108.700007928377 89.8002397585238 987113.674895658
49200 0.0983999999999998 -1.70317350477455 -0.00127042033761286 0.0280402514400519 -0.0285479780992727 -0.0716034572976822 0.0527354979719664 1.72435100014238 373.861209876673 -332873.514830503 101.13024038156 108.729757560842 89.7803239812432 987212.458508477
49300 0.0985999999999999 -1.73157042481998 -0.0137797148355555 -0.00839747213254071 -0.00624279942293687 -0.0971264754462184 0.0606205972348532 1.73191270077867 372.653378824025 -332866.90969603 101.119377690513 108.747564737587 89.7604082039625 987049.078598124
49400 0.0987999999999998 -1.69791184415408 0.00656356497088711 0.00142954039526712 -0.0292199375166178 -0.110006734822678 0.0593893561620252 1.71637965092854 374.182601344241 -332878.205901248 101.112434465229 108.805906603257 89.7404924266818 987291.702746639
49500 0.0989999999999997 -1.70665566918894 -0.0371549491373936 0.00466978475446319 -0.0305722018767588 -0.10510793352113 0.0465170667239946 1.70330470266069 371.656635385155 -332859.749280242 101.091034520026 108.844004927928 89.7205766494012 987209.237457002
49600 0.0991999999999999 -1.72515034291368 0.0459088031824192 0.00904815256768596 -0.00986666297289369 -0.0792793828701339 0.0547654912633282 1.76092938699754 374.066585365221 -332879.117483453 101.11659183266 108.859652520327 89.7006608721205 987381.554030727
49700 0.0993999999999998 -1.75559863753758 -0.0331261300077098 -0.0262304510254298 -0.021873380573149 -0.0582619506775601 0.0341972060767303 1.73030741568841 372.438829726424 -332866.883299221 101.091961820375 108.867147864147 89.6807450948398 986989.830257038
49800 0.0995999999999998 -1.71351291602923 0.0256058021588879 0.00168485683554378 -0.0112374786930708 -0.0913461798288611 0.0623071281529842 1.73797655765404 373.801245330962 -332877.039727235 101.114467244314 108.904410334443 89.6608293175592 987328.145238964
49900 0.0997999999999997 -1.68814197620048 -0.00196014453359076 -0.00563144010418841 -0.0168512667903595 -0.0740255409806613 0.0536401888490138 1.69202695701749 373.344222106471 -332873.668013593 101.09596564455 108.93334637222 89.6409135402785 987190.446516982
50000 0.0999999999999999 -1.69525776700191 -0.0177951308072354 -0.00538398435173012 -0.0306179593406558 -0.0641220562159462 0.0495665436019398 1.69037628537363 374.088556127844 -332879.605709902 101.080898474708 108.959097231201 89.6209977629978 987057.299397722
50100 0.1002 -1.65087906252202 -0.00173592362689701 0.0216520366608849 -0.0230542234554432 -0.0697055321371315 0.0272711138889518 1.66649104400228 374.435723785732 -332882.999410011 101.103750621105 108.974172015661 89.6010819857172 987197.618031843
50200 0.1004 -1.6740967668466 0.0143980004078184 -0.033204350398804 -0.0122717671872651 -0.0825555329958204 0.0594334804872362 1.67463407803159 373.181420680744 -332873.495255811 101.125311173798 108.965977108549 89.5811662084365 987114.42982287
50300 0.1006 -1.67438556480537 -0.00593622185431272 0.0179895867069096 0.0166950398546636 -0.0643330407907423 0.0478049090108414 1.68651207387871 373.718122495429 -332876.986019323 101.130373581229 109.014188921746 89.5612504311558 987381.050091804
50400 0.1008 -1.60108720455269 -0.0166278551234009 0.0053220576206137 -0.0369119721454294 -0.0605956322182898 0.0466099407509961 1.60230846151888 374.253488735625 -332881.56779766 101.123892930756 109.043252232062 89.5413346538752 987361.387828731
50500 0.101 -1.59518377756966 -0.00887977330958703 0.0046108941080723 -0.0155904323913801 -0.0672627553816543 0.0572825490818931 1.60065254899453 373.897541200123 -332878.87429908 101.126946944775 109.077757554066 89.5214188765945 987483.969006662
50600 0.1012 -1.61324037940279 -0.0112937565678423 0.00555312830533535 -0.0324038703688637 -0.0410699791016307 0.0505825762929289 1.61536084616975 372.902500092856 -332873.034060716 101.11880523165 109.107766977128 89.5015030993138 987456.393385542
50700 0.1014 -1.59829684509874 0.0224524934151084 0.0260390659917322 -0.00450994796142137 -0.0539495093035557 0.067044518297987 1.62939614176006 374.257342545357 -332882.013566837 101.146318593083 109.133165624621 89.4815873220332 987735.158736109
50800 0.1016 -1.64708977277538 -0.00710573140195989 -0.0363347343075546 0.0117801663709324 -0.0603520676454448 0.0714667799293439 1.63374809175918 371.12010632434 -332858.258576845 101.125607265221 109.143139719576 89.4616715447525 987403.34479233
50900 0.1018 -1.61974326110957 0.00677788906498036 0.0242657116533159 -0.0202439323554004 -0.028760489323616 0.0796002523541587 1.6422669507023 374.069966245235 -332879.398223828 101.095195896832 109.227171030694 89.4417557674718 987646.478858314
51000 0.102 -1.68694907646916 -0.0463975948454965 0.00630075742799176 -0.00464933692343066 -0.0544747036485921 0.104643646881903 1.68001751407652 374.362754350158 -332883.597567786 101.064080541837 109.246126082601 89.4218399901912 987293.952363931
51100 0.1022 -1.61886213518969 0.0444148922812932 0.0272154847491994 0.0141843045276152 -0.0333144855859089 0.124455322900907 1.66990402144177 374.318213563879 -332881.074538343 101.121174964745 109.249845276548 89.4019242129105 987665.318775491
51200 0.1024 -1.65848907149536 -0.0107345891428678 -0.0297818670690124 -0.0277232300472395 -0.0367800598067475 0.124677397410212 1.65440920163531 375.107970747614 -332889.071906663 101.1134127714 109.22729349064 89.3820084356298 987165.685454976
51300 0.1026 -1.66638139066198 0.0493209613066181 0.039275045226051 -0.0233905225451351 -0.0230301974553577 0.131630295686247 1.72676338940227 374.82087364474 -332886.461376937 101.100904988064 109.301467284361 89.3620926583492 987493.772735255
51400 0.1028 -1.69206333406757 -0.0482514940368389 0.00686164802092046 -0.00153686460979471 -0.00629100077152807 0.138825180875355 1.68928788777235 376.123220607871 -332899.481827987 101.05060846215 109.328997682253 89.3421768810685 987031.083367443
51500 0.103 -1.65963427126423 0.0295174687015166 -0.00625264112946553 0.00105189829883985 -0.00184604835972825 0.145773744452889 1.69051928560311 373.389012570261 -332880.204007236 101.10095037195 109.332278867062 89.3222611037878 987332.30414805
51600 0.1032 -1.6852826452813 0.0145655935886422 -0.0210723844801918 -0.00365460215966634 -0.0442928787233622 0.148637970794577 1.70363738253371 373.588457966915 -332885.133681277 101.09660007115 109.331622560737 89.3023453265072 987063.763202575
51700 0.1034 -1.65327969721931 -0.0127551089895331 -0.003772371543565 -0.0108390694199955 -0.0208649101423394 0.124009176665676 1.65949731340654 374.538316085505 -332895.244953259 101.082299571127 109.380660920442 89.2824295492265 987146.605197986
51800 0.1036 -1.68085396609149 0.00917097864340458 -0.0229265324200683 -0.00323257408482088 0.00147571169834588 0.127121278915785 1.68863445130132 373.165903020083 -332888.96603951 101.0871665955 109.403489450599 89.2625137719458 987179.915624266
51900 0.1038 -1.64971914750599 0.0331181517587691 0.0112040193575319 -0.0057159712960758 -0.038171438072395 0.141468590205943 1.69116911179558 375.231718999008 -332905.645919851 101.078133756106 109.462025932131 89.2425979946652 987399.496485146
52000 0.104 -1.67868643888871 -0.0411267151188653 -0.00527082121174738 -0.0118086303580017 -0.0129684191081954 0.137746299502715 1.67315530115363 372.362382120276 -332887.616424187 101.05442552635 109.492319455362 89.2226822173845 987220.734591259
52100 0.1042 -1.65969763672065 0.0267086070144837 0.00218463394036623 -0.0320274864562449 -0.00731966181193341 0.135011708502609 1.69148826752136 373.630080280707 -332900.058552394 101.096306997767 109.494977493588 89.2027664401038 987433.400272418
52200 0.1044 -1.66659427006799 -0.00537331862889814 -0.0195332002290148 -0.0294774588996352 -0.00433197902048144 0.14310124610388 1.67344848129508 374.695579583689 -332909.81185138 101.093316282348 109.504447975771 89.1828506628232 987269.121143542
52300 0.1046 -1.63991740377737 0.0200924587582834 -0.00684183450652768 -0.0344746090012587 0.000106099050567735 0.154743115367253 1.6694456662133 374.610445302634 -332909.884214149 101.094402539812 109.54995348152 89.1629348855425 987469.436958884
52400 0.1048 -1.66701637852016 -0.0120923054838497 -0.00520035090485611 -0.032210447081887 -0.020372508865706 0.154535835425684 1.68113904167511 373.193178430458 -332904.059016587 101.09498928542 109.549513108799 89.1430191082618 987250.633304508
52500 0.105 -1.67919279965981 0.0127461786224503 0.00455172426823423 -0.0253013201752087 -0.0193129285104968 0.150875042103675 1.70885617054375 374.468707596328 -332916.313090015 101.093774293274 109.573193484824 89.1231033309812 987231.560717144
52600 0.1052 -1.67940643192527 -0.012711050506122 0.00276807713958769 -0.0606667964210393 -0.0394891255164767 0.15339272350097 1.70006459433969 374.105272219701 -332916.181365775 101.090385929995 109.601096055332 89.1031875537005 987229.200358312
52700 0.1054 -1.68593875902532 0.0185454294834296 0.00449408085251419 -0.050065349410247 -0.0227601168097881 0.176873038103619 1.72755300610904 375.076553167074 -332926.703378176 101.121741486493 109.592560660752 89.0832717764198 987237.796027049
52800 0.1056 -1.67477381698101 0.00153248175565145 -0.00904321726026145 -0.0585830426513331 -0.0562214712418791 0.134934374610145 1.69315884612724 373.78317939913 -332920.266461439 101.134669229961 109.591292802701 89.0633559991392 987131.849074927
52900 0.1058 -1.6549921261477 -0.020743427361964 -0.0173291871894684 -0.070356775850255 -0.0612982110153848 0.152837760600775 1.66510088794032 372.357029033348 -332911.725564101 101.126698900651 109.637151617525 89.0434402218585 987246.278880863
53000 0.106 -1.66110538910687 0.00980193212914446 -0.0156229902994118 -0.0835019482818445 -0.0785336164092701 0.143106492866711 1.68847674888766 373.268724436232 -332918.291572976 101.124919540269 109.665295731293 89.0235244445778 987261.468041273
53100 0.1062 -1.62418785411949 -0.0167547147234456 0.0335620645615453 -0.0720249759107739 -0.0811818740166793 0.149905392978293 1.66433262793228 374.523372197004 -332927.879621108 101.133913571718 109.697748773619 89.0036086672972 987420.510411926
53200 0.1064 -1.63660367563002 0.000145519324411053 -0.0221948095356911 -0.0663574126108822 -0.0951104361276637 0.162534427251302 1.66207151655183 374.148787859507 -332926.288345861 101.140455985137 109.692045190038 88.9836928900165 987212.092666328
53300 0.1066 -1.62553100175164 0.00154100360600967 0.0120198971824755 -0.045615371535821 -0.0690136251839386 0.174495066556153 1.66625314544819 372.759441796489 -332915.822350404 101.127315985579 109.747301471708 88.9637771127358 987360.035165554
53400 0.1068 -1.62979082299589 -0.00833181595282164 0.0179155856965612 -0.0961521163147284 -0.076446618571997 0.164021455680128 1.67282825839632 374.434304151255 -332930.596097264 101.118917601269 109.762137109618 88.9438613354552 987190.451695644
53500 0.107 -1.6346858486577 -0.000499155457105845 -0.0153223092446366 -0.0635379052479348 -0.090755615288937 0.145395542269 1.65734806420246 374.179256484584 -332928.935380805 101.127982930161 109.75928230957 88.9239455581745 987032.215540033
53600 0.1072 -1.61074239985269 0.0136573748314744 0.0157369459684585 -0.0431281510283974 -0.0925323799813927 0.181458658271177 1.66496413707611 374.60529074542 -332933.413370274 101.126839890557 109.81259932183 88.9040297808939 987279.35291953
53700 0.1074 -1.64151653716798 -0.0252225998071419 -0.034317013656917 -0.0319979979000996 -0.0929209089145562 0.176501875349295 1.64930979257938 374.413060674098 -332933.477732187 101.112236568447 109.832606442622 88.8841140036132 987095.460496181
53800 0.1076 -1.59675627848989 -0.00113696481283298 0.00602059093193896 -0.0511930392375372 -0.0758126797248829 0.183626702637122 1.63821064755209 372.19469145381 -332918.69369146 101.118388024786 109.879458797525 88.8641982263325 987355.33287684
53900 0.1078 -1.64027078569988 -0.028307516441493 -0.0224585950371585 -0.0420799632042018 -0.0868734327585239 0.169330219416626 1.64980585442013 375.7229436025 -332944.963935714 101.121970881676 109.87667928254 88.8442824490518 987144.056949245
54000 0.108 -1.5889726873991 0.0267036143578955 -0.00847069085062477 -0.0644423389495576 -0.0796792878829899 0.155866598194937 1.63070685705585 373.588629741417 -332931.868988637 101.143255899345 109.90757381109 88.8243666717712 987408.065767123
54100 0.1082 -1.5866137800839 -0.0328694130596688 0.0094240444300723 -0.0637573717219024 -0.0874598414691579 0.156540943803862 1.60943511710156 374.09735555698 -332934.875319132 101.111406529159 109.958148997782 88.8044508944905 987329.936828145
54200 0.1084 -1.62383345181011 0.00411437300712263 -0.0105886037538563 -0.0366286333101044 -0.0837208582626335 0.162149925789946 1.65239974908515 373.357475856113 -332929.271575452 101.124085411168 109.958442005662 88.7845351172098 987234.922095379
54300 0.1086 -1.61207675127822 0.00588175992946852 -0.000597120496016886 -0.0517715922987686 -0.0924934164293245 0.143066448892928 1.64391580566211 375.75849329003 -332947.878242055 101.116155064464 109.994130310734 88.7646193399292 987256.387862319
54400 0.1088 -1.63712314489855 -0.0372739657935947 -0.0065864183127439 -0.0525616713153257 -0.0947013858837191 0.171718871375721 1.65324224685861 373.721942135307 -332933.878123136 101.100195861168 110.013802235487 88.7447035626485 987055.595433175
54500 0.109 -1.63816873410213 0.0335411793777559 -0.0183688089149599 -0.0460644007709826 -0.101024291409846 0.16693123656042 1.68259081844412 373.397413297441 -332933.641429809 101.135185897781 110.011298482497 88.7247877853678 987153.153225068
54600 0.1092 -1.65563913777529 -0.0376069674407532 0.0178417473534806 -0.0231844353370162 -0.101493559716488 0.133201783172825 1.67229303526305 373.838415572545 -332938.831466921 101.124305288785 110.038111839579 88.7048720080872 987065.912860985
54700 0.1094 -1.65731534166983 -0.0135049869196286 0.00305453544164937 -0.0474764006729184 -0.111179467810116 0.149993042954321 1.68551054619848 373.794164381398 -332940.019912519 101.136405247692 110.050554185054 88.6849562308065 987073.978523868
54800 0.1096 -1.65244862919583 0.00285185265966199 0.00492927888422993 -0.0353642947550025 -0.121891830337469 0.140380842238852 1.68846316604893 373.382299307774 -332939.551443802 101.173132299207 110.039301727782 88.6650404535258 987109.742423023
54900 0.1098 -1.65044072298177 0.0266955926038312 -0.00207703820831733 -0.0356404452957096 -0.102276426889557 0.154063314419015 1.69462594762789 373.804083854008 -332942.974498073 101.204688495582 110.03311832775 88.6451246762452 987140.359773836
55000 0.11 -1.66096284068435 -0.00120544505766952 -0.0039100729061852 -0.0436019389381081 -0.124823062257119 0.166219027093494 1.69871862709226 374.723470208757 -332953.317495012 101.182851083035 110.077604481174 88.6252088989645 987104.551211189
55100 0.1102 -1.65112129616867 0.0109636824906829 0.00141098170100424 -0.0444982142408124 -0.124157078505706 0.15812172246241 1.69526781980718 373.318463286823 -332941.565846119 101.167950106565 110.128051077061 88.6052931216839 987189.597995747
55200 0.1104 -1.6782323331419 -0.0301334862576409 -0.0278753315413975 -0.0357245526612208 -0.119527920633515 0.144761894000624 1.68211595641717 373.407960740408 -332945.846081471 101.158540983995 110.128356283273 88.5853773444032 986878.649871669
55300 0.1106 -1.62288242828979 0.0414842529718148 0.0298852978066813 -0.0373629683002553 -0.122913170647969 0.14368403558821 1.6918606012157 373.647935258886 -332948.757555552 101.185467413529 110.163704319962 88.5654615671225 987236.181212844
55400 0.1108 -1.69074355962433 -0.05133766943733 -0.0396030405743799 -0.0448924040674994 -0.148933054648054 0.139216672709631 1.68456528160287 374.782558266137 -332959.853904972 101.140842058447 110.175903765066 88.5455457898419 986688.135456108
55500 0.111 -1.64330585919303 0.0192936682162277 0.0167302903730787 -0.0368613688984303 -0.148799089382595 0.133596646447927 1.69824199366219 373.182371558082 -332949.064509595 101.180167744277 110.225908063621 88.5256300125612 987297.657508937
55600 0.1112 -1.64754868017592 -0.0153259587982297 -0.00211316074700725 -0.0429924566398406 -0.165559300957865 0.139535447936404 1.68287757828171 373.099064739971 -332948.936734431 101.187515530304 110.22525719889 88.5057142352805 987141.396596661
55700 0.1114 -1.64836924272539 -0.00284750475241551 0.00411035530080749 -0.047395698768063 -0.19343507043371 0.107909153757275 1.69504073830853 372.568650682811 -332945.348894522 101.193322718922 110.243967747192 88.4857984579998 987143.444695113
55800 0.1116 -1.64748964537894 -0.0217404431769084 0.00900645540374783 -0.0552867881575538 -0.156410183328839 0.12835637618803 1.68106543215193 373.13341906798 -332950.958285731 101.190922545879 110.276047485083 88.4658826807192 987185.032758453
55900 0.1118 -1.60758796898243 0.0288531709390745 -0.00910937617900707 -0.0281767744541115 -0.185355177539974 0.136240177270526 1.66685118130495 375.354182262759 -332968.106512194 101.204742211968 110.283577526216 88.4459669034385 987164.986153395
56000 0.112 -1.64905473013839 -0.00107203275003627 0.00856091129739239 -0.0235609556037836 -0.171393664165628 0.116437082491228 1.69182747122452 373.557038273728 -332955.923182177 101.183752864887 110.320232879722 88.4260511261578 987065.98058165
56100 0.1122 -1.60840504339306 -0.0129776936028844 -0.000599098149307845 -0.0293792336454823 -0.161672350111659 0.11654056918884 1.63921907782449 374.558604173584 -332963.063717643 101.167642860002 110.361379686802 88.4061353488772 987054.558253307
56200 0.1124 -1.6340063765355 0.00188978478058593 -0.0380388118586033 -0.0158822490658604 -0.141182284096898 0.0866430009736055 1.64179980017579 374.728211788893 -332965.667139987 101.18228960268 110.36159000829 88.3862195715965 986976.95007238
56300 0.1126 -1.59122503817491 0.0111305013626957 0.0111233907658241 -0.00783986814136395 -0.175350311463188 0.129836766345126 1.6463694071824 372.855358342648 -332952.222039184 101.192237819141 110.416692135342 88.3663037943159 987344.297581955
56400 0.1128 -1.60413234113629 0.00764899460084151 0.00128326727425722 -0.0184100651734838 -0.143665020946422 0.109002256460345 1.638962970354 375.297234691867 -332970.570057094 101.190075537948 110.421136078429 88.3463880170352 987140.407377241
56500 0.113 -1.60769169613093 0.0204424121049514 -0.0146433339223355 -0.0196061753236923 -0.177970115050305 0.113272190259327 1.6521478273143 373.745340478629 -332959.979156131 101.208467385981 110.430223870164 88.3264722397545 987178.49497211
56600 0.1132 -1.59538756355077 -0.000357279169416125 -0.0142689386029898 -0.00443692083016454 -0.201240020824268 0.118840816067234 1.63891633090079 372.19624954605 -332949.594234809 101.208053380246 110.464178283453 88.3065564624739 987255.331501313
56700 0.1134 -1.57272258383621 0.00995571713902461 -0.0159841924333142 -0.00999983172111012 -0.188174637122082 0.12391797752389 1.6177407143326 372.155262426229 -332948.61217418 101.228389308034 110.474350542403 88.2866406851932 987321.912816992
56800 0.1136 -1.56316851461659 -0.00218181996563 0.000330297574111791 -0.00246135207353196 -0.194708477688197 0.105540710146324 1.60865659069126 373.563866742785 -332960.20409928 101.220014456486 110.510095236678 88.2667249079125 987336.882888619
56900 0.1138 -1.62584242450831 0.00590171128540998 -0.0123616041743324 0.00335958069162403 -0.196141191777167 0.124804727412857 1.67191448259878 374.298203637831 -332967.41319225 101.218092026782 110.522155753126 88.2468091306319 987203.087099998
57000 0.114 -1.60896647242189 -0.0228851239918824 -0.00127963448914635 -0.00602818014273856 -0.183609195890648 0.137538932057954 1.64571741369758 373.473863171718 -332962.28580839 101.22051306087 110.544713815755 88.2268933533512 987205.351896605
57100 0.1142 -1.61233953661101 0.0136664852568701 -0.00136530088211063 -0.0220037036531469 -0.224985390968111 0.133268654162604 1.68115113326591 374.021054531359 -332967.635593626 101.234806771173 110.557061910513 88.2069775760705 987232.145519466
57200 0.1144 -1.63534408441197 0.0102955331874508 -0.014938844288497 -0.0357123176396344 -0.214098788749116 0.144264696218157 1.69440777977715 373.445976828072 -332963.679570853 101.253900188342 110.563143676309 88.1870617987899 987249.704652815
57300 0.1146 -1.60914561848638 -0.032978238116139 -0.0132120849532155 -0.0271412975451619 -0.24048278498533 0.11398451403311 1.65243225145334 372.099987361581 -332954.183973278 101.249687182738 110.590474017321 88.1671460215092 987229.655108425
57400 0.1148 -1.61380790093624 0.0348530129345609 -0.00302178462058903 -0.0233129718422397 -0.232663017619818 0.115988996225703 1.69158555085865 372.669579342431 -332957.615757855 101.287264593268 110.593865196239 88.1472302442285 987403.244015109
57500 0.115 -1.67330464642655 -0.0317386194545671 -0.0111878061023934 -0.0445902148928193 -0.239097748966541 0.113542876985627 1.71611214408653 374.258113875208 -332971.125214983 101.267130919604 110.578691351047 88.1273144669479 986848.505351022
57600 0.1152 -1.66809984153441 0.0346959507794761 0.0210283020957794 -0.0259936515103154 -0.257580853716509 0.109778926217015 1.76455434502811 373.002472075112 -332962.290726512 101.282796009776 110.620747037622 88.1073986896672 987153.405602171
57700 0.1154 -1.73018469861434 -0.0448451803957814 -0.021457522231384 -0.0325711922531737 -0.226683647818204 0.119151475069532 1.75506772435118 373.866642168988 -332968.476455919 101.239595721367 110.64799873734 88.0874829123865 986752.342008076
57800 0.1156 -1.65494502436409 0.0205447333431069 0.0361708015346806 -0.0043055453526153 -0.257953168570245 0.110204112902437 1.75208486768979 373.393381278826 -332962.63929466 101.268169517484 110.680640441128 88.0675671351059 987098.796771933
57900 0.1158 -1.71469919846201 -0.0352362809741123 -0.0695001056564935 -0.0195921651326066 -0.276022497653761 0.086688664069632 1.7368035202074 372.578546608292 -332959.862775359 101.273738842004 110.640774163718 88.0476513578252 986574.362074546
58000 0.116 -1.67694838645309 0.0351040555951433 0.00340473712222178 -0.0264273657728438 -0.275426444757593 0.0943287694112701 1.770374441221 372.06276288983 -332957.287797333 101.286083996063 110.713553183024 88.0277355805445 987120.337404759
58100 0.1162 -1.69223806089005 -0.0326081710554415 -0.0132227634243318 -0.0159990071198972 -0.277906826709766 0.110467631784881 1.74814003383347 372.905615785062 -332964.427208921 101.244214967041 110.753044750816 88.0078198032639 986840.930524155
58200 0.1164 -1.6565226436754 -0.0276022738519606 0.01752978678282 -0.028462822293713 -0.271751557556403 0.10104648537176 1.72729363673427 372.944151507491 -332965.692480795 101.258435705766 110.77884507838 87.9879040259832 986986.061370315
58300 0.1166 -1.63984047049047 0.0407936576200783 -0.0223934722390786 -0.0118393543570606 -0.279457997762716 0.121680414452484 1.7324717709996 372.87811915509 -332965.479369838 101.319326455924 110.764207993907 87.9679882487025 987225.5819063
58400 0.1168 -1.64184689764137 0.00861955230145465 0.00262685209109152 -0.0272662420075255 -0.281952386474259 0.124694917723235 1.73249903904567 373.117418499889 -332964.40122921 101.291186977023 110.811162900189 87.9480724714219 987146.246734715
58500 0.117 -1.6327250870812 -0.0303361673285054 -0.0128643065848565 -0.0410654157729471 -0.260838130688768 0.0950538369199751 1.68292204936777 373.813063337134 -332970.812795992 101.25318424784 110.863564254479 87.9281566941412 987018.961145496
58600 0.1172 -1.63573341011448 0.0178012822780153 -0.00288156977973233 -0.0210000312344589 -0.271481846741848 0.143665166121581 1.72764410948451 372.975873954625 -332964.618177286 101.268532296447 110.878610182192 87.9082409168605 987078.924067081
58700 0.1174 -1.69378001095648 -0.00404417328664914 0.0063245688663439 -0.0278422490350121 -0.277260413600986 0.0971932828758519 1.77034469332392 374.847938139583 -332979.900468031 101.279809132993 110.86799234102 87.8883251395799 986870.678798273
58800 0.1176 -1.68016921352069 0.0168051057506456 -0.00504333685213879 -0.00062323362678857 -0.280149066600483 0.10139263270202 1.76335362602291 373.519056955626 -332971.634662335 101.314317966063 110.865359800524 87.8684093622992 986959.792935708
58900 0.1178 -1.6513634923732 0.00304341223987359 -0.00353636711271272 0.0131773181036975 -0.262732820711355 0.102965563982524 1.72210107705929 372.450269277307 -332962.433300336 101.314673247207 110.907879340403 87.8484935850185 987117.992611119
59000 0.118 -1.64076573719173 -0.0272690975837012 -0.00204974703714871 -0.0143912625631965 -0.298758373576613 0.110428981618687 1.71746134210738 371.741076119708 -332957.331843571 101.284115578862 110.960375817053 87.8285778077379 987063.538204579
59100 0.1182 -1.63842684196406 0.0249131086222219 0.0084928545045804 -0.0098585943974799 -0.275361887730889 0.124736134990893 1.73611587882291 373.375938632271 -332967.762924158 101.313507746771 110.963901693981 87.8086620304572 987157.457376502
59200 0.1184 -1.65908730269731 -0.00799066472223877 -0.0206354545880136 0.011607891740075 -0.249760185116432 0.0810136985393005 1.70664482723302 372.168197440508 -332959.343194829 101.334961077047 110.953351764413 87.7887462531765 987048.693555975
59300 0.1186 -1.65184728450481 -0.0374442368608871 -0.00916065150971996 0.00757356863842683 -0.255811889482169 0.105297085626019 1.69779620148668 372.162412742153 -332959.657169569 101.346601505961 110.956675652676 87.7688304758959 986967.695025655
59400 0.1188 -1.6098669977275 0.0270768190338841 0.0381013711672526 0.0205078875158042 -0.254061367256422 0.0916352867815183 1.70817080677801 374.331718263677 -332976.587821988 101.391347621405 110.969303273675 87.7489146986152 987291.751028444
59500 0.119 -1.69872685340495 -0.0198389215778299 -0.00815970357620416 -0.00630841409419409 -0.233086855063099 0.0884727010346785 1.73925250630375 374.574270378853 -332979.022245232 101.387016634787 110.959403069332 87.7289989213345 986937.450794569
59600 0.1192 -1.69042197930559 0.0143922004282418 0.00433338598866318 -0.01481616220676 -0.247725364571404 0.0972525018410782 1.76138594003936 373.339327169901 -332969.557928742 101.398358663665 110.995371273269 87.7090831440539 987143.669002573
59700 0.1194 -1.72597991212399 0.0137310862700467 -0.0227005992064285 0.00717686655937787 -0.282353276985844 0.0765418007889664 1.79483748702917 372.973731257448 -332967.057791076 101.387200948357 111.013114043913 87.6891673667732 986968.666026005
59800 0.1196 -1.72340766651326 -0.0328373907004674 -0.0115770824522179 -0.0146301504554816 -0.275376525201334 0.135723130032647 1.78264495153358 371.487297365347 -332955.353313465 101.388001057497 111.041802722814 87.6692515894925 987007.297295325
59900 0.1198 -1.73054802310275 0.0225436331313973 -0.0286359325902543 -0.0168917844014571 -0.261757957829114 0.129566126002786 1.80083232398034 374.074343898246 -332972.6225658 101.433521045487 111.026759565185 87.6493358122119 987092.37118421
60000 0.12 -1.7239190980498 -0.0127693217432314 -0.057200578161858 0.0132578208434237 -0.277175397094326 0.103617340447613 1.76555790911747 372.546961678229 -332960.775859743 101.434135954066 111.021539650846 87.6294200349312 986827.667752263
60100 0.1202 -1.69804375723367 0.0309261380230711 0.0105725142925365 -0.00126399851365034 -0.275396013156875 0.112464586802586 1.79444668383668 373.479242776572 -332965.48184898 101.43568277449 111.085745113861 87.6095042576505 987189.010557515
60200 0.1204 -1.7574038020493 -0.00933418716226751 -0.0221133716702929 -0.00846254421052138 -0.27030420146064 0.105599752285142 1.81285234724174 374.268459306676 -332973.277918896 101.417012278997 111.082086294755 87.5895884803699 986750.43377838
60300 0.1206 -1.73190154727699 0.0159211536195933 0.0563793804353312 0.009069390412904 -0.287828512033493 0.0838216072648683 1.84312114990635 372.600232278787 -332960.909771607 101.440852752738 111.124509575669 87.5696727030892 987134.828720198
60400 0.1208 -1.73935509392933 0.00457304748971645 -0.0375516246897975 -0.0206792067187841 -0.289675879527752 0.0917076694483031 1.80217856312759 372.789919026581 -332961.425689291 101.45489960739 111.098257417646 87.5497569258086 986813.80670153
60500 0.121 -1.7448153457353 0.012005560730483 0.00201781724392323 0.012590152210306 -0.259753760233601 0.104873315384853 1.81792728027101 373.26662248185 -332964.994344809 101.450169029018 111.130622433073 87.5298411485279 986830.72332323
60600 0.1212 -1.72198428981079 -0.000816917160428506 0.00965971691429767 0.00792068686444683 -0.263880295039203 0.0903170102017469 1.79279587640333 372.031952130004 -332954.208564697 101.440598892429 111.165548040932 87.5099253712472 986823.155260905
60700 0.1214 -1.76024955612638 -0.00792527512712416 -0.0280646517964215 0.0104542199643551 -0.255053617010558 0.11927021831418 1.80939667603768 373.62346424188 -332965.150050316 101.45047126844 111.16150819588 87.4900095939665 986658.731241916
60800 0.1216 -1.75354061715415 -0.0216184096015124 0.0362697919541035 0.00656861969860644 -0.265094964502968 0.122838152835356 1.83286293404813 373.065993617691 -332959.231218143 101.456723673439 111.207784100124 87.4700938166859 986905.59959603
60900 0.1218 -1.76607120148353 -0.0203552701350146 -0.0183853742969892 0.036692863683653 -0.249667846845583 0.12962115092566 1.81450075786275 374.915782635485 -332974.338682497 101.482613525397 111.187182229257 87.4501780394052 986749.841902778
61000 0.122 -1.79187074933095 0.0250396640050478 -0.0347935817776877 0.0339129981969025 -0.247527992555047 0.119970194387017 1.85107292085488 373.861522327126 -332967.312853159 101.523573700135 111.175975200931 87.4302622621245 986823.823685774
61100 0.1222 -1.76656843525853 -0.00268215422445894 -4.72330831772222e-05 0.0261824307980685 -0.23803712498316 0.14311128445741 1.83014577379992 373.613221889844 -332965.138543536 101.513514443876 111.223803863263 87.4103464848439 986925.679081205
61200 0.1224 -1.81200443594633 0.0137919644719479 -0.00755994011548004 0.012330877846006 -0.250844226392418 0.130634973818821 1.88027266310357 373.435655516522 -332961.817719025 101.485179913414 111.264332008688 87.3904307075632 986784.844316258
61300 0.1226 -1.77940887585266 0.00345870054731413 0.0345725956003458 0.0197084019316794 -0.262169750586656 0.141939921400794 1.87159339752499 375.869482937819 -332980.607005591 101.484489128148 111.305302002971 87.3705149302825 986916.517222092
61400 0.1228 -1.80686887336274 -0.0291578657321412 -0.0153147588033158 0.00915013122761583 -0.264391620585842 0.130738424043938 1.85641985289012 375.563874943895 -332978.289561821 101.513222763911 111.269536395368 87.3505991530019 986653.776302431
61500 0.123 -1.73609575253545 0.0372278779809653 -0.0117314956268907 0.0311321733064326 -0.263638746956079 0.132895760873655 1.82336517400287 372.952998358247 -332961.127988717 101.557918819267 111.272019378576 87.3306833757212 986885.165428085
61600 0.1232 -1.78687028030687 -0.0330270623170641 0.0186908789855231 0.0117969501249148 -0.258258538730189 0.117351302406691 1.84693525778542 372.166124297016 -332953.813453304 101.532694673016 111.302820313402 87.3107675984405 986688.094456262
61700 0.1234 -1.76752185663398 0.0115113956789801 -0.0200220564893957 0.0257821572051341 -0.226868515498477 0.107642422813818 1.8168702248385 371.751327685756 -332950.56990735 101.564121793424 111.302231712802 87.2908518211599 986763.147472084
61800 0.1236 -1.79138767225299 0.0136756557132212 -0.00479684039075328 0.0209498612965987 -0.225231417287982 0.13528787763622 1.85301471104768 374.581309579244 -332972.296152193 101.564974522003 111.324436309925 87.2709360438792 986743.110450293
61900 0.1238 -1.80420319223097 -0.00338994259408434 -0.00522618009613792 0.0270367650941974 -0.242124091215639 0.145232011480466 1.86573503186546 374.557187810711 -332973.604272042 101.57137890512 111.351491480932 87.2510202665986 986819.904834319
62000 0.124 -1.77841310936137 -0.00183367390962257 0.032291760203389 0.0601338344957921 -0.207555769871132 0.150024331435318 1.85084680814924 373.324749028173 -332964.142513002 101.59029253733 111.368775756381 87.2311044893179 986931.539323725
62100 0.1242 -1.79394509210126 -0.031295553590628 -0.026666406807785 0.0325696208166935 -0.209907766327723 0.138628530858591 1.8188276852002 373.550509560639 -332965.790092259 101.603717632084 111.356914324307 87.2111887120372 986731.501183989
62200 0.1244 -1.78126583190194 0.0095063740137302 0.0250755133266609 0.0314068581430843 -0.211240801121311 0.114254085225328 1.84688317494449 372.449203595265 -332954.849899084 101.614055166779 111.383346239726 87.1912729347566 986840.722366403
62300 0.1246 -1.81365857492227 -0.0272645734658051 -0.031615043876283 0.0320120071216097 -0.217772990464783 0.130166069945619 1.83837698800074 372.432196855088 -332956.853086326 101.613436801163 111.365014749405 87.1713571574759 986446.933026452
62400 0.1248 -1.79032763291127 0.0556017975621847 -2.23859139732308e-05 0.00441705784118513 -0.23595666567725 0.136207619881668 1.87899279331368 373.798347372496 -332965.130292578 101.638493420064 111.395170721052 87.1514413801952 986731.872352524
62500 0.125 -1.7765573315421 -0.0153301885341617 0.00796968371204222 0.0212344627238768 -0.230681645242103 0.156175930266515 1.83784325661994 372.696769411411 -332955.377583307 101.598347276209 111.445925905605 87.1315256029146 986566.031615095
62600 0.1252 -1.79843283227291 -0.00996080088493314 0.0161308525152883 -0.00404641290773907 -0.238502268134329 0.146338182208513 1.86572261619924 373.915005880246 -332962.564214714 101.62160042789 111.462625504022 87.1116098256339 986714.109725108
62700 0.1254 -1.84090192847276 -0.0252036830749832 -0.0389316294640796 -0.00900700119515841 -0.236859932784267 0.15463346196136 1.87411540488914 371.667449274278 -332946.629427714 101.639512652226 111.430164584728 87.0916940483532 986375.063196402
62800 0.1256 -1.80806943318784 0.0185769300493106 0.0259253770230642 0.0163115098900613 -0.253621178039573 0.121683851859334 1.89428195664365 373.728907397583 -332961.361505138 101.667594641415 111.473232342289 87.0717782710725 986803.218332587
62900 0.1258 -1.89528047214197 -0.0357656435114031 -0.0578793828051376 -0.00798272334455253 -0.247531245308552 0.0986387201634965 1.90535002149312 373.959181387162 -332963.282716732 101.654064763788 111.457125781709 87.0518624937919 986303.685465108
63000 0.126 -1.89414311799389 0.049773389395049 0.0107501339585681 0.00648606218005613 -0.234844816153443 0.11642583054552 1.97755496607147 372.320410081029 -332949.931766116 101.684397339484 111.499119793264 87.0319467165112 986743.912557588
63100 0.1262 -1.92822067388199 -0.0135294513954317 -0.0322910574459515 0.0370774006606049 -0.253995685232464 0.122233386152494 1.96798384654048 373.479265666291 -332956.61364805 101.651242601902 111.523360642429 87.0120309392306 986410.860995017
63200 0.1264 -1.92430305572677 0.00142445817636575 0.0314353137060143 0.0206703917385939 -0.262459708320026 0.126894787523247 2.00583244353118 372.692678456673 -332950.180475349 101.64792935771 111.576114236303 86.9921151619499 986619.419336491
63300 0.1266 -1.89857528261904 0.0302427683377256 0.0283782543728895 0.0292379467314175 -0.237798303683671 0.15562205311262 1.99037925643682 374.316591414312 -332960.48008337 101.659205156431 111.579064866802 86.9721993846692 986529.053576541
63400 0.1268 -1.91873664170688 -0.00166873787618313 -0.00715060087592584 0.0383672830362607 -0.245412394220134 0.162242964365547 1.98210406096689 373.875350243451 -332956.309695196 101.683950781417 111.555073533579 86.9522836073886 986331.108526463
63500 0.127 -1.94125980623642 -0.029690664698887 -0.0417322189426802 0.0313062474223005 -0.233005778185047 0.176960962140226 1.97255777764536 372.576403592934 -332946.683418456 101.686749501084 111.557113235242 86.9323678301079 986150.368654739
63600 0.1272 -1.91741402606294 -0.0133452519755727 2.86791749739555e-05 0.0276457271644365 -0.242555550994231 0.160995653629485 1.97678347051163 372.054891214852 -332941.955753922 101.683841851226 111.598992424388 86.9124520528272 986266.365943523
63700 0.1274 -1.9323271804997 -0.0148648931938028 -0.0171283980614439 0.0309420245596736 -0.261364176128831 0.161151239606035 1.989482759889 373.232120614644 -332948.332837985 101.682809309984 111.610688766343 86.8925362755466 986133.695488192
63800 0.1276 -1.99595558481593 0.0332585797031298 -0.0349794830906164 0.0547361036368032 -0.228459062793742 0.161800869068356 2.05621113508653 374.68634794736 -332958.989938174 101.704172068828 111.612959967448 86.8726204982659 986134.871767316
63900 0.1278 -1.96594109480922 -0.0122097986292885 0.00944663980270555 0.0406656886859876 -0.254005003002481 0.177927778839453 2.03797385737277 375.168132233203 -332963.749451432 101.708131011656 111.636457959923 86.8527047209852 986154.747777962
64000 0.128 -1.92191738412564 0.0071499975799852 0.00586074094159224 0.0214320229113888 -0.272418332676244 0.161742399398145 2.00532057598212 372.850989463704 -332945.620286959 101.745981534834 111.650646941232 86.8327889437046 986420.887217973
64100 0.1282 -1.96796933667592 0.00497204452501416 -0.0188270797257272 0.0364831038049876 -0.270431184080958 0.161213432467247 2.03653412784642 373.077649754728 -332946.959236784 101.765613284105 111.651498451888 86.8128731664239 986392.451541932
64200 0.1284 -1.94466174934619 0.0306742834587202 0.0136590620883064 0.0251351630020114 -0.270349733019486 0.199061472520507 2.05150429041502 372.487099216022 -332940.359545382 101.775177770502 111.672255044885 86.7929573891432 986442.198743414
64300 0.1286 -2.01164041349906 -0.00493054002672237 -0.0133854620683166 0.0195630668342251 -0.280658328821332 0.20122041104136 2.09019468501836 375.013826241783 -332959.500665523 101.74768361175 111.683781590677 86.7730416118626 986051.191785512
64400 0.1288 -1.96010435973901 -0.00165925866386342 0.0242843378597925 0.0491503198456967 -0.259775311805427 0.17414356613559 2.04637832235751 372.379416956169 -332939.640707829 101.756225182182 111.741780402163 86.7531258345819 986419.630506224
64500 0.129 -2.00585406600171 0.00566044049207776 -0.0216195831224742 0.0361812573490564 -0.273003890473168 0.193328239009787 2.08127573691513 374.152990659499 -332951.279585254 101.766000775101 111.7202933016 86.7332100573012 986098.26634092
64600 0.1292 -1.96114562143161 0.0168030711889688 -0.00857522865232112 0.0298525102969075 -0.246064330512749 0.190070704520034 2.03848601007357 372.956698122414 -332940.767082997 101.777393067662 111.752698454277 86.7132942800206 986268.191868965
64700 0.1294 -1.96630687565187 -0.0348235250691674 0.0199817416369848 0.0426065953157484 -0.260440700455596 0.206958232359525 2.04375051855231 372.960184247658 -332939.787389008 101.758509277987 111.796771437268 86.6933785027399 986247.524108433
64800 0.1296 -1.95348707039525 -0.0340459371827904 0.00296508058099793 0.0276108762641143 -0.246429069503199 0.197341166243523 2.01443890381854 373.217175807917 -332941.931137463 101.806623716325 111.773420845321 86.6734627254592 986281.132667977
64900 0.1298 -1.94368802855129 0.0455391412981684 -0.0227842779365941 0.0398634098671813 -0.294387654076955 0.197956467246263 2.05136585150865 373.702445320016 -332944.777509471 101.863155620283 111.759655367725 86.6535469481786 986480.543738639
65000 0.13 -1.97732035026741 -0.0143291383575844 -0.000588035830507642 0.0567196793646193 -0.30200634707789 0.180197665393077 2.06426389843534 374.29663205107 -332948.563566219 101.837277327183 111.800954777815 86.6336311708979 986367.626756318
65100 0.1302 -1.96208586351028 0.00932135581868229 0.00493893842042634 0.0634898880113439 -0.286862822194473 0.213935156391824 2.06738834959472 372.752002562802 -332934.468314675 101.829940260431 111.829949945935 86.6137153936172 986325.560718546
65200 0.1304 -1.95774233023118 0.00162978288322543 0.01493138591512 0.0697792309699795 -0.293615998860638 0.190598473410694 2.06097079603729 371.853147189884 -332924.730213529 101.849806504803 111.837971450039 86.5937996163366 986361.893569945
65300 0.1306 -2.01378869233804 0.00728851906395342 -0.0297958581439536 0.0756888188309103 -0.288441758450803 0.185965635619524 2.09325343535946 372.594934920186 -332928.407110794 101.863574302594 111.823269586674 86.5738838390559 986138.690941339
65400 0.1308 -1.93708892616095 0.00646578881452956 -0.00120492056608917 0.0946142955246233 -0.31163044878619 0.199554496441285 2.04944322249645 372.161933814784 -332922.083747567 101.85458574155 111.884300252564 86.5539680617752 986362.879305627
65500 0.131 -1.95950382775265 0.00268140212162144 -0.00512024165331389 0.0796815325177764 -0.288163187244981 0.225909398138704 2.0630535978552 373.435954032586 -332931.041904274 101.848304016245 111.906613330156 86.5340522844946 986271.754984299
65600 0.1312 -1.98771961403607 -0.0277635268138537 -0.000335737800872152 0.0756060691524126 -0.28136892374852 0.196386907506842 2.06550117614034 372.587506527171 -332924.50013609 101.853772514906 111.916610531863 86.5141365072139 986185.801482714
65700 0.1314 -1.97431906797366 -0.00342221501179213 0.00550132419686096 0.0923265473690713 -0.303099734818417 0.208690824791451 2.08181120968144 372.670307090736 -332922.460331774 101.88411443179 111.928667340095 86.4942207299332 986358.742233435
65800 0.1316 -2.01167120025082 0.00678128977030533 -0.0316794188804936 0.0889672752788467 -0.271028736605067 0.196425743032444 2.08754953029254 373.133389030173 -332925.142093759 101.883903384367 111.940054774954 86.4743049526526 986229.912077044
65900 0.1318 -2.01511095138917 -0.012502468626154 0.042871070196687 0.0896459671513346 -0.282614506662243 0.19836814194349 2.12277420330685 373.598255927034 -332926.596477013 101.866152649161 111.99217782299 86.4543891753719 986290.024391182
66000 0.132 -2.02718096587882 -0.000722202571092724 -0.0218079249529789 0.104215459250538 -0.291625769269327 0.218764908241908 2.12026979159588 372.225112537814 -332916.578279677 101.901868539775 111.976874827604 86.4344733980912 986273.764010227
66100 0.1322 -1.97591890126379 0.0158414595103144 0.00699769407952821 0.111120646778509 -0.295460590477519 0.221239746628604 2.09650858285274 372.975164229828 -332920.357722602 101.93725274658 112.000099753595 86.4145576208106 986593.490047471
66200 0.1324 -2.05057542127376 -0.0246330778992996 -0.0351317880183278 0.101064888998356 -0.283589880382849 0.198869463433493 2.11514585946247 372.119164711516 -332914.617412157 101.912163594592 112.023477424105 86.3946418435299 986329.176655786
66300 0.1326 -2.01693134309122 0.00657650109355446 -0.00214364683916823 0.0937464138073814 -0.302806489527829 0.224046737808293 2.12815555152492 372.740388869713 -332916.891771619 101.897277964889 112.068336474823 86.3747260662492 986352.593961279
66400 0.1328 -1.98416656539105 -0.0394049052697876 0.0243590054379027 0.102585765433568 -0.285024176461694 0.213224549876187 2.0789062862841 373.323695276639 -332917.789020093 101.897151474325 112.100406595864 86.3548102889686 986406.137350953
66500 0.133 -1.98397254859841 -0.00198048446993875 -0.0406130764737159 0.108771666586677 -0.286259235930069 0.23092601263427 2.07232306251231 371.749487847247 -332907.136967622 101.94648450847 112.062377140188 86.3348945116879 986321.381249328
66600 0.1332 -1.98666419779424 0.0141073194284285 -0.00628819107672557 0.121657863005816 -0.290119652750208 0.221481472938646 2.09923037294021 371.90901132432 -332905.646286169 101.964316569574 112.08098889791 86.3149787344072 986430.142596664
66700 0.1334 -2.00467809425381 -0.0353907669289165 -0.0183573208596807 0.0905142543856165 -0.283777265809973 0.242881381162261 2.08687988676656 372.840158074225 -332913.58844441 101.941031524321 112.107741889509 86.2950629571266 986212.672365456
66800 0.1336 -1.98746499359418 0.0266446695610781 0.0148896732733546 0.134994643269846 -0.271617729530733 0.22282610417844 2.11141036176548 372.701377563665 -332911.120689263 101.944827199928 112.168272568333 86.2751471798459 986554.165297269
66900 0.1338 -2.02753301541412 -0.0290094115889345 -0.0103514195264237 0.136622666857897 -0.264107752708383 0.242127783409076 2.114915298107 374.451144396195 -332924.594031514 101.939484746209 112.162275396175 86.2552314025652 986222.008084696
67000 0.134 -1.97693711304089 0.0335394369214082 -0.0417403275170567 0.121754539686831 -0.278758330218809 0.244901635654067 2.08658964749476 372.852067673028 -332912.875476902 102.014854955498 112.136931787435 86.2353156252846 986500.34785744
67100 0.1342 -2.01632617089753 0.0175146908098224 0.0128638351478445 0.13166387941159 -0.296048243767718 0.250490085186668 2.15180083850507 373.477668075957 -332915.501335252 102.005006410899 112.164515949484 86.2153998480039 986419.889855271
67200 0.1344 -2.02032009670899 -0.00703804912706413 -0.0121618508287108 0.115957199897706 -0.266033281359638 0.24968423140614 2.11723904689909 373.860097230921 -332919.520329292 102.003976106281 112.183468309437 86.1954840707233 986348.700065919
67300 0.1346 -1.98027979110307 0.0179294470098661 -0.0161987983929673 0.127384676415287 -0.271795187228457 0.251337800663694 2.09418720033691 372.774520734042 -332910.966813578 102.00882623393 112.213255879735 86.1755682934426 986429.54178517
67400 0.1348 -1.97999784950889 -0.00144452229347182 -0.00906128080915107 0.123087203218904 -0.279388559670781 0.242637648152354 2.08708061326292 373.52764196967 -332915.048805375 101.993261041067 112.246046567487 86.1556525161619 986339.231219142
67500 0.135 -1.9539961030785 0.00419527185244885 -0.0262245749913268 0.115487714515741 -0.25755661107945 0.267217337995981 2.0564787194963 374.120328265145 -332919.794109595 102.007769455338 112.267086392117 86.1357367388812 986436.368437788
67600 0.1352 -1.99270422816338 -0.0168179662632915 0.0204658634355293 0.143713217644728 -0.268945374695001 0.250649042943772 2.10869991926026 373.638486340611 -332914.476115404 101.980602357313 112.305648302186 86.1158209616006 986284.296133176
67700 0.1354 -2.03966563507824 -0.00129354851344602 -0.021606833975446 0.140882856945779 -0.255888412386654 0.261456144746995 2.13893101398418 374.010426672943 -332918.685038013 102.009515051684 112.302011998581 86.0959051843199 986303.823050844
67800 0.1356 -2.01917451432651 0.0369791261249212 0.0335415078726652 0.130230815533996 -0.241515078363153 0.283324695659283 2.16504013444614 374.340331820899 -332920.386567496 102.048062847071 112.308298321592 86.0759894070392 986503.511303187
67900 0.1358 -2.02423985942855 0.0010173193426424 -0.0293722069386 0.160254012296595 -0.234099031152621 0.264886574341319 2.11966727661239 374.109113271148 -332920.526261354 102.03589474993 112.318200658829 86.0560736297586 986244.607846243
68000 0.136 -2.00529802232292 0.0234201557343628 0.0285681713078881 0.127456251814341 -0.255294119648519 0.260276172573511 2.13861156590179 372.523336160869 -332905.985110701 102.047582022379 112.362753058965 86.0361578524779 986520.462770524
68100 0.1362 -2.04115463277092 -0.00416956381612675 -0.00681927168646031 0.153637205430612 -0.253667492749837 0.263820107656449 2.1486218112201 373.206178956847 -332911.721471578 102.048212511142 112.353992270522 86.0162420751972 986221.294758257
68200 0.1364 -2.00707037920234 0.0141534487597004 0.0041289179311772 0.173366635863707 -0.260877801243057 0.257720327445132 2.13513076595714 373.747072177069 -332915.953368317 102.083763107097 112.368748128834 85.9963262979166 986465.980030541
68300 0.1366 -1.99618837584486 -0.028102094798551 -0.0216342502722164 0.163980867383492 -0.246211950513411 0.259481573914479 2.0858228421104 374.015742198607 -332920.210509531 102.084149788338 112.362974736964 85.9764105206359 986190.589337569
68400 0.1368 -2.01951302627373 0.012628146161583 0.031819697825956 0.143905418510448 -0.233588941763181 0.248019558231857 2.13993569904118 372.747466381001 -332911.629395271 102.117526612199 112.383659203609 85.9564947433552 986466.07144306
68500 0.137 -2.04256701834448 -0.00308688684061803 -0.0314411986967987 0.150000771984072 -0.227744099974128 0.23011036533737 2.1176426230222 372.80695846623 -332911.403320772 102.129965971151 112.38219245189 85.9365789660746 986344.77562276
68600 0.1372 -1.990933217936 0.0270786239060775 0.018476646311948 0.167026180897968 -0.240302215439807 0.216548737815186 2.11014114747927 372.252437943394 -332906.701188633 102.139887196004 112.420577446171 85.9166631887939 986548.833142079
68700 0.1374 -2.03124173597764 -0.0279501931956558 -0.0200571462515 0.170251066400177 -0.235900137079819 0.244735041403275 2.11249615433683 372.331707232339 -332909.312771571 102.114448549517 112.427482857563 85.8967474115133 986135.067300419
68800 0.1376 -1.98030642890087 0.014492006695766 0.013451039061105 0.168600008494248 -0.208256171622444 0.226557472087002 2.08483093170356 374.666924820008 -332925.929040134 102.152513769724 112.452985188244 85.8768316342326 986497.661381562
68900 0.1378 -2.01255156651445 -0.00360551918302778 -0.0320632986719605 0.190186600786757 -0.211959078718458 0.215343573714557 2.08851987527348 373.925910255986 -332921.73288022 102.17369700522 112.442265139566 85.8569158569519 986379.363404557
69000 0.138 -1.97046852214439 0.00785751301589174 0.0210502614146903 0.162018240159689 -0.228325308333026 0.199451900529835 2.07232665359984 374.381247195173 -332924.77093111 102.181665649825 112.479658246638 85.8370000796713 986555.442923532
69100 0.1382 -1.97097863406082 0.00688030494910702 0.00238166002581229 0.167487650702793 -0.213343965775736 0.214171907023422 2.0643063327034 375.370637919607 -332933.199151067 102.189705374303 112.49157177546 85.8170843023906 986508.625758015
69200 0.1384 -1.97177320551049 0.00375025715277177 0.010324440641185 0.176759786112252 -0.209205900561331 0.193021320810182 2.06216602349595 375.584495310737 -332937.076342096 102.186258750362 112.514100913921 85.7971685251099 986443.938907533
69300 0.1386 -2.02370549418721 -0.0308265540740192 -0.0262806679593426 0.143958512853242 -0.187228276821256 0.177302275067748 2.05968207963148 373.038060734194 -332920.992582554 102.199984413786 112.513855682081 85.7772527478293 986345.277983148
69400 0.1388 -1.99929815976451 0.0353461090662731 0.0128981036818951 0.192654920509756 -0.20450249008137 0.17166595362426 2.10233838084386 375.455568366434 -332939.595059408 102.233177068582 112.518710381325 85.7573369705486 986479.102734427
69500 0.139 -2.04485233058513 -0.01471628019937 -0.0085195478639042 0.184519821109847 -0.201765324598859 0.19183136185799 2.11393927023269 372.809866887006 -332922.034138553 102.232330712087 112.529963665464 85.7374211932679 986340.480370835
69600 0.1392 -2.02972812535269 -0.00790210924656396 0.0227118542011933 0.173510562097007 -0.213889068204116 0.179793256636379 2.11545596817363 373.491332523895 -332926.591648449 102.238753438846 112.549443555238 85.7175054159872 986344.032489475
69700 0.1394 -2.0247897229669 0.0155928103867907 -0.0111666245141966 0.176992779027287 -0.178166176836409 0.174594799204541 2.09521750401083 373.821360746096 -332930.199539056 102.271834808777 112.542162253104 85.6975896387066 986370.123689895
69800 0.1396 -1.99467530837312 0.00511488447568708 0.0430626481140983 0.187961521717473 -0.174899106746077 0.170331524858287 2.08836888321639 375.559867216857 -332943.425861774 102.273696196443 112.580970401191 85.6776738614259 986498.902575332
69900 0.1398 -2.04637962963875 -0.0308998513745147 -0.019781636275403 0.194362783212159 -0.203290853185905 0.175679709672485 2.10109332435154 372.859506084901 -332923.532387728 102.249203402778 112.585112016666 85.6577580841453 986069.670335285
70000 0.14 -1.98108330320421 0.0386776830301111 0.0245593602731276 0.199280910016239 -0.191319589294768 0.200708079188146 2.09783639239211 372.55461880687 -332921.146085003 102.304000621136 112.599373573241 85.6378423068646 986493.681865964
70100 0.1402 -2.02146948864541 -0.00857734490383123 -0.0394376065511493 0.1901590624422 -0.197775058403588 0.192883508080788 2.08038631777773 374.607065402399 -332937.076401168 102.298893084063 112.580584992009 85.6179265295839 986050.463365679
70200 0.1404 -1.95185545925449 0.00207060664750119 0.0111488663759007 0.166757501608357 -0.228258008672592 0.179891300982605 2.04265996270364 373.244562276913 -332926.821968873 102.31817520932 112.629310802503 85.5980107523033 986433.663486151
70300 0.1406 -1.98819409836447 0.00374516693077334 0.0104593763667574 0.187708717523 -0.216768277275609 0.178476221671383 2.07929599762805 373.421737399772 -332928.914026882 102.324594334818 112.631096093611 85.5780949750226 986281.658291672
70400 0.1408 -2.02279217312452 -0.00259425080619041 -0.0270224844000153 0.186756612591662 -0.212838309353174 0.192221164855436 2.09375929386926 374.021049078509 -332934.21246131 102.332581146904 112.645442506234 85.5581791977419 986254.703762714
70500 0.141 -2.00901646424246 0.0169742069705087 0.000311908718929339 0.19424094437731 -0.228702155352772 0.185194151533391 2.1081156167297 374.341759041477 -332936.120209029 102.333470765221 112.691993063054 85.5382634204613 986441.177477351
70600 0.1412 -2.01767243243941 -0.00745351877549767 -0.0205508154459347 0.188945522559533 -0.253946869012494 0.181019967443659 2.10087984918628 373.022180179886 -332926.371317554 102.335455989215 112.698282734651 85.5183476431806 986285.681990885
70700 0.1414 -1.98473408096644 0.00323773748035407 0.0448140608112541 0.180911148182735 -0.22194465634042 0.175777162528756 2.09166698002847 373.245780902277 -332926.752272102 102.363756972434 112.737387272489 85.4984318658999 986670.928199586
70800 0.1416 -2.0385613144947 -0.021908681566679 -0.00310384793576872 0.154564091871639 -0.221863487609015 0.179805934637458 2.10273517119963 373.119388319895 -332924.676325021 102.351468496904 112.722434160937 85.4785160886193 986191.853718402
70900 0.1418 -1.99637704577401 -0.00776117658938358 0.00932246580777786 0.186514571974186 -0.228477234708737 0.160922580504667 2.0802679048984 373.558680031513 -332926.503891696 102.372157962905 112.747505485178 85.4586003113386 986380.721532418
71000 0.142 -2.01753581848452 -0.0288998467606697 -0.0149370200834942 0.168132216927381 -0.217394886948323 0.172969276521321 2.07339745768667 373.16275288905 -332921.314450594 102.394506513935 112.736776196059 85.4386845340579 986272.268429048
71100 0.1422 -2.04235831377131 -0.0114067717885554 -0.0492757069821345 0.173669164546207 -0.232731913863755 0.169400204621468 2.09483958935336 372.937360221861 -332919.690883609 102.41194498364 112.721708177428 85.4187687567773 986078.484193443
71200 0.1424 -2.03529991132067 0.0377403020138137 0.0129889700482115 0.140553656684327 -0.218740326242002 0.185675639999785 2.13378353168756 373.715479625186 -332924.517903206 102.416963175935 112.777906349129 85.3988529794966 986388.407698165
71300 0.1426 -2.07379392736699 -0.040135321963575 -0.0192442654475432 0.144781733121341 -0.198823848182926 0.221569902909292 2.12307482689963 373.493835285321 -332925.357749178 102.363763308668 112.803419045744 85.3789372022159 985869.092684482
71400 0.1428 -2.05025860212634 0.0213774515153316 0.0406694080071437 0.176962672554328 -0.199326508217293 0.225187740457394 2.16732164649619 372.828529998857 -332919.26938968 102.394587249874 112.848337093071 85.3590214249353 986328.520081712
71500 0.143 -2.05721342137609 -0.00969794626386323 -0.0277899736784255 0.150411085636235 -0.194962137342798 0.22512996900661 2.11885698763412 374.026353115819 -332930.315915209 102.398642142613 112.837167589851 85.3391056476546 986039.836328365
71600 0.1432 -2.00611539935599 -0.00933798162895232 0.0282941577546427 0.15642004289934 -0.199306142924348 0.227938178708736 2.10050403122307 373.125054606688 -332921.957782701 102.415406945682 112.884356915984 85.3191898703739 986383.46002988
71700 0.1434 -2.0487153823964 -0.0207131558039859 -0.0105550207811949 0.18185663725479 -0.176198735993962 0.209801748670968 2.1113741387281 373.058287966021 -332922.48337815 102.426296053716 112.871712529238 85.2992740930933 986147.589907331
71800 0.1436 -2.02094575311294 0.0101967001040032 0.011561858942695 0.163052594242872 -0.205718710092528 0.240031323117443 2.12317650649643 372.518607994615 -332917.760571998 102.465692309503 112.881026864509 85.2793583158126 986377.947255431
71900 0.1438 -2.03678443530129 -0.0272714590302633 -0.00215761938347324 0.186836324906658 -0.198098387587677 0.227960412913537 2.11366740367854 373.319462614619 -332923.22517286 102.468176958431 112.901928776218 85.2594425385319 986354.112488699
72000 0.144 -1.96674593976644 0.0197721528751776 0.0292454751784484 0.178780090706156 -0.214324013948559 0.256563679100291 2.09674244437533 374.088721352878 -332928.411969351 102.494754464989 112.932379868146 85.2395267612513 986645.523030818
72100 0.1442 -2.03127471301939 -0.0314383433861316 -0.0125450834771942 0.186945720165188 -0.188671540910158 0.225186637931427 2.09791561138808 373.673754329772 -332925.789740667 102.502744103372 112.907217984351 85.2196109839706 986272.095889112
72200 0.1444 -1.99237022845108 0.0555749455856497 -0.00256401958263997 0.180486920033148 -0.189527906031054 0.230565473015339 2.10792896949455 374.92840260072 -332933.00901139 102.54382198534 112.914403529631 85.1996952066899 986499.537881978
72300 0.1446 -1.99494360771881 -0.017489844134637 -0.00307606750257908 0.154312728281576 -0.219366977148242 0.233840704814121 2.07819176519421 373.944695065746 -332926.798368795 102.50645654323 112.958182413557 85.1797794294093 986291.812194807
72400 0.1448 -1.98638069965897 0.0109738286031731 0.0281129450473065 0.16562929770256 -0.213761099090854 0.239641844667533 2.10133695753317 375.046676365401 -332934.875802364 102.5019227155 112.999632594681 85.1598636521286 986379.416066913
72500 0.145 -2.06057540899771 -0.0443750849277215 -0.0643489356774951 0.184642971429504 -0.213314844649632 0.238558157261965 2.10587515058856 372.114035086765 -332913.293738855 102.490228920128 113.011127230836 85.1399478748479 986136.536875452
72600 0.1452 -2.00405995078881 0.0203162449056575 0.0586080298668518 0.148538226278217 -0.212592295146222 0.251794820839902 2.13753628781494 373.996399385129 -332925.541335868 102.524390268888 113.043624356823 85.1200320975673 986518.075623735
72700 0.1454 -2.03550412419364 0.0215952680949362 -0.0394209229398852 0.144559415458761 -0.221124846186174 0.202236562134039 2.10759205341362 373.451037257214 -332920.59297868 102.57287537038 112.995326200742 85.1001163202866 986332.092238078
72800 0.1456 -2.05822902569205 0.0341864790360229 -0.0157573818052503 0.178740440632957 -0.226332687186859 0.239718627838742 2.16751301672937 374.373557563586 -332928.619071876 102.563962063953 113.026691993573 85.0802005430059 986289.276752482
72900 0.1458 -2.05577829057066 -0.00517901362943241 0.00983918979380483 0.177761559060934 -0.2064575312601 0.24097451920365 2.15240727259138 374.478400302623 -332928.473749531 102.533093636389 113.082860566276 85.0602847657253 986251.506059719
73000 0.146 -2.01498383393672 0.0142110271375575 0.0344407135361213 0.176392506992507 -0.199521879828404 0.239270284128861 2.13157493367335 372.78533616814 -332913.314559829 102.557027764976 113.105536873695 85.0403689884446 986448.524157539
73100 0.1462 -2.06516106251912 -0.0133991936529492 -0.0466373028549941 0.198898990384447 -0.2246105584713 0.24449375063014 2.14289490403341 373.191239760138 -332916.679858003 102.562924383332 113.0882162719 85.0204532111639 986123.174606816
73200 0.1464 -2.03121674234077 0.00455042723643899 0.033816566286272 0.207007580514117 -0.211919005099474 0.233390530065806 2.15208790447611 372.6013819722 -332911.332948641 102.558690812515 113.149911635695 85.0005374338833 986389.314902388
73300 0.1466 -2.07572671626686 -0.0154002386568835 -0.038840189705472 0.18633101800386 -0.224112944388542 0.242144540699177 2.15126478843875 373.369820558384 -332916.972243945 102.562089994878 113.148403261307 84.9806216566026 986177.740462195
73400 0.1468 -2.0688415312528 0.0252995794738932 -0.00266015325442964 0.199051866424227 -0.215998302937856 0.274570201601716 2.19377625034058 374.392319297487 -332923.735322403 102.568272930049 113.183294110345 84.9607058793219 986310.109085288
73500 0.147 -2.09159323956187 -0.0182195482239848 0.0221654751495388 0.214401187940345 -0.223507315089469 0.273750191874827 2.21287829072283 372.078158775513 -332906.176867089 102.549640519055 113.21654029073 84.9407901020413 986189.372551686
73600 0.1472 -2.1051006812876 -0.00784005101720422 0.0140968695258597 0.180115933067947 -0.209655479168242 0.2668451496181 2.21083724617262 373.148516285247 -332912.870003835 102.569160823732 113.220449776507 84.9208743247606 986179.87368872
73700 0.1474 -2.09942802130472 0.00591245982323135 -0.00349548172249531 0.19500752391776 -0.206758801822218 0.251721671746105 2.20117308276436 373.619433199911 -332914.978621072 102.601662179447 113.212883806979 84.9009585474799 986195.106310352
73800 0.1476 -2.07848916787537 -0.0196333423309764 -0.0104258074887767 0.190484820915882 -0.213662273547377 0.278873169129914 2.17647603056335 374.704810422454 -332923.016171594 102.608944937196 113.233748984649 84.8810427701993 986215.479012806
73900 0.1478 -2.0610416553165 -0.0174775490545816 -0.0131519642310898 0.177408589340313 -0.20678937515005 0.257208039212387 2.1462030339687 373.149861294164 -332911.063593707 102.60829612829 113.268894636591 84.8611269929186 986283.876376664
74000 0.148 -2.03105488179604 0.0211286641481308 0.0213988609144127 0.190611617685781 -0.199350534211428 0.266364766323334 2.15710053351372 373.498749416314 -332911.054840312 102.621631933145 113.281947322731 84.841211215638 986294.207809277
74100 0.1482 -2.02770606328075 0.0166170036373328 -0.0354465189013814 0.199029060350852 -0.199118831782028 0.280901268572034 2.13308038957768 372.785451219375 -332904.810102086 102.645290853869 113.276526743492 84.8212954383573 986242.82101949
74200 0.1484 -2.02975258723212 0.00472271040609442 -0.016851314670922 0.187066112103967 -0.218724555515711 0.280659940742654 2.14020462704645 373.48096783311 -332909.256798471 102.633662930898 113.324364301664 84.8013796610766 986315.909416662
74300 0.1486 -2.03991144791935 -0.0302680658811195 0.0159726367442022 0.217341071736446 -0.24854248018579 0.2796417755761 2.16687843066115 373.845834798781 -332910.119516478 102.612245665251 113.381786091364 84.781463883796 986378.045730801
74400 0.1488 -2.02706468625562 -0.0177507138075567 -0.0215952732887147 0.199126801153839 -0.24885099495004 0.302723070970914 2.14692598111802 375.133454075241 -332920.325286229 102.611026181383 113.395868969175 84.7615481065153 986257.104066792
74500 0.149 -2.018604797124 0.0234076837211924 0.0267820906737081 0.217072828359016 -0.266684214436858 0.294020307561469 2.18878596773707 372.703751466941 -332901.376920085 102.628111819053 113.432331749901 84.7416323292346 986506.664814112
74600 0.1492 -1.99435587655828 0.0130132884974459 -0.034681144941277 0.205544198495378 -0.254163320167918 0.304564894750088 2.12952739984061 372.271165214088 -332895.573147559 102.637295133306 113.448399964364 84.7217165519539 986502.794570853
74700 0.1494 -2.00666413364434 -0.00169372380212955 0.0226156990601383 0.186196643651233 -0.228044479317631 0.29550665623252 2.14271555310027 373.889085994963 -332905.881286953 102.610036391414 113.510331589363 84.7018007746733 986547.221075767
74800 0.1496 -2.01741456119393 -0.00970569077741706 0.00726369407348903 0.197312183473536 -0.243915473749714 0.316393400647435 2.158899574558 373.58886817314 -332903.029559741 102.589433669991 113.531572268145 84.6818849973926 986301.744848592
74900 0.1498 -2.01879505382952 -0.00171971162167567 -0.00778952624110489 0.196503017295069 -0.251224923260482 0.302383877650051 2.15310861950802 371.846722716349 -332888.435560831 102.598270911969 113.544625193387 84.6619692201119 986268.104817238
75000 0.15 -2.00378867915222 0.0326752507113747 -0.0299902147294987 0.195402081550062 -0.243676857918881 0.297025716535 2.14029211106879 372.924369970463 -332896.031272319 102.617177297931 113.568273438245 84.6420534428313 986423.201223476
75100 0.1502 -1.9895178051649 -0.00373829529127148 0.00077078865233742 0.179270695977401 -0.244164458615877 0.295463431056504 2.1188330168545 373.803573762904 -332901.561487639 102.58128581071 113.627694178187 84.6221376655506 986361.980963253
75200 0.1504 -2.03920062964556 -0.0512101662987155 0.0300266378652412 0.191546336523497 -0.250579906215207 0.305685812813932 2.16771211336511 373.177119078191 -332895.737720225 102.569695573706 113.648512655817 84.6022218882699 986199.077344873
75300 0.1506 -1.99906513298863 0.0493078298977044 -0.0262730149186208 0.207426927021539 -0.234753674316149 0.321679549869094 2.15674879194137 375.386429692813 -332909.713772695 102.61873987481 113.63432469681 84.5823061109893 986315.21946668
75400 0.1508 -2.02503077332315 -0.0250859805270306 0.024334569845686 0.218947206670801 -0.272399441893929 0.302659349327902 2.17767903704207 372.103717125964 -332887.033182211 102.576791122176 113.688646409731 84.5623903337086 986151.081894822
75500 0.151 -2.03797101873358 -0.0145816246180019 -0.00430095488854272 0.217409655690842 -0.237108335693119 0.295438013500912 2.16502308386698 372.778146269483 -332891.704144963 102.585223581048 113.711168057739 84.542474556428 986195.202440631
75600 0.1512 -2.0123559138757 0.000910988929170624 -0.0295229032703619 0.20041271064511 -0.244722260543726 0.321341431875794 2.1454234923521 372.817986409224 -332891.202174698 102.603175885821 113.7301492221 84.5225587791473 986300.03567576
75700 0.1514 -1.95741874999155 0.00328096156329249 0.0103815006839422 0.194550986495673 -0.248686535839628 0.306912541142543 2.10712765717874 374.396654879457 -332902.120742322 102.613786476181 113.774336995601 84.5026430018666 986552.768247284
75800 0.1516 -1.98553975857432 -0.00497079769880893 0.00118424699299748 0.229109634701657 -0.246604290648913 0.318343763983169 2.13981885744278 372.96155789862 -332890.875932923 102.612510201463 113.782406210599 84.482727224586 986377.939613417
75900 0.1518 -1.96728209836996 -0.00323377662551924 0.020482485565886 0.248557620174157 -0.244121104715975 0.30100825069189 2.13086228322984 372.289022772313 -332885.304883788 102.621738504635 113.826226139413 84.4628114473053 986613.919404709
76000 0.152 -1.99686635359976 -0.0101317482090346 -0.00373874928868527 0.223757080985399 -0.23960849126603 0.295753007377592 2.13183122224342 373.608937979633 -332891.67565678 102.59768328066 113.861532133792 84.4428956700246 986455.946537915
76100 0.1522 -1.97075332733657 0.00159057550300121 0.019413724886064 0.266699386269698 -0.229611912005748 0.311682747588595 2.1421018882129 371.565199790121 -332875.312413278 102.602586133994 113.901568175174 84.422979892744 986617.213491179
76200 0.1524 -2.00915405855067 -0.00391257372262669 0.00386401755681345 0.249891110520955 -0.224826851245027 0.296074752829794 2.15374247521738 372.665890268107 -332883.46709568 102.611087275934 113.892966304733 84.4030641154633 986391.694653768
76300 0.1526 -1.95794530237537 0.0174563807715497 -0.00602809780191299 0.22585680320287 -0.228153963857114 0.299624517813869 2.10591860891334 374.18542676344 -332892.897515048 102.616678659027 113.925063933599 84.3831483381826 986490.619294522
76400 0.1528 -1.94931288017098 0.00614440572922574 0.0142322319179354 0.243152359893528 -0.237511915375173 0.311458545995004 2.11596744454667 372.907569514494 -332883.362142919 102.606788123292 113.968959714834 84.3632325609019 986542.705311792
76500 0.153 -1.92478038245422 0.0208914089021734 -0.0400474569604486 0.226431445756942 -0.230418929117641 0.301479268597972 2.06314001669772 373.001267985126 -332884.209784985 102.613490121954 113.98331299513 84.3433167836213 986498.457756329
76600 0.1532 -1.97430207686079 -0.0133177692578015 -0.0116848093352111 0.2424389441753 -0.219087008288805 0.309433226827584 2.11098042912826 373.013827548799 -332883.660887298 102.573464667659 114.056204937992 84.3234010063406 986511.282700116
76700 0.1534 -1.9120468894671 -0.00764721158871391 -0.00856325139170297 0.248134137574093 -0.225982542880995 0.322148391165792 2.06742574325377 374.099954400955 -332891.233143793 102.564383029922 114.101401327055 84.3034852290599 986581.754394474
76800 0.1536 -1.87970745699545 0.00277683060619147 0.0116509301966208 0.240848712936109 -0.257867515324385 0.30694189895085 2.0534562224938 373.907916421709 -332890.337488886 102.58403174621 114.141588373979 84.2835694517793 986885.107621169
76900 0.1538 -1.87603380170521 -0.0113399994818765 -0.0103072092465214 0.237427607080918 -0.271040584204876 0.306783000185157 2.03736641489334 372.942985064883 -332881.881723093 102.590059393336 114.146747946804 84.2636536744986 986754.488052136
77000 0.154 -1.84094139709352 0.0157531013992073 -0.0168055366178631 0.253132649650126 -0.258479981873076 0.312011860009178 2.01807864117361 374.322067930103 -332890.650154743 102.620742511484 114.163375544116 84.243737897218 986960.069476377
77100 0.1542 -1.79236383416562 -0.014539041031038 -0.00621424140153351 0.246911652345183 -0.240685242270203 0.279479436730063 1.94075780275346 372.983895775325 -332879.395214895 102.603292377892 114.208791833838 84.2238221199373 986951.429026644
77200 0.1544 -1.78674738276288 0.012599252996306 0.00486989653541943 0.270600961984273 -0.25156778676871 0.329058696522525 1.98951573006991 373.714741559705 -332882.348596874 102.60753050016 114.239271681952 84.2039063426566 987022.153802794
77300 0.1546 -1.81845208201221 -0.000962700315273294 -0.0127043362315257 0.251725897057335 -0.241962818199651 0.311452779602644 1.98464342381233 372.657014004495 -332874.340609281 102.601732694058 114.263037825892 84.183990565376 986938.224915676
77400 0.1548 -1.74271649354894 -0.00320534352942484 0.0109554878969855 0.267391582543685 -0.266969243721372 0.320492379072559 1.94607068114305 373.086945646735 -332878.38594007 102.586222152968 114.340845281818 84.1640747880953 987227.373527367
77500 0.155 -1.76730333608414 -0.0486833262825903 0.0080103172199109 0.243836596222644 -0.248348164271472 0.296946473258017 1.9189149669697 374.139441245678 -332886.259803895 102.568637749543 114.36070279469 84.1441590108146 986995.965273605
77600 0.1552 -1.78840576115913 0.049154673825168 -4.97648480445421e-05 0.252412678910451 -0.250495941138975 0.299953169010991 1.98442186570247 372.776845625609 -332876.251154743 102.5943404372 114.379498201583 84.124243233534 987171.846640393
77700 0.1554 -1.81520061403333 -0.0295167247608263 -0.00607378549635863 0.289977967119165 -0.259724406037419 0.320211929108687 1.99832860333809 373.765935988826 -332884.013110615 102.538111678884 114.424021551629 84.1043274562533 986781.196039829
77800 0.1556 -1.8256564478723 0.0120445730993481 0.00800995807873169 0.25275972066151 -0.265233379385965 0.319345912087101 2.01950513862787 372.056714016117 -332873.636468638 102.554075285382 114.451326196447 84.0844116789726 986936.571408912
77900 0.1558 -1.77748104100423 -0.00246609172442097 -0.0190060669585049 0.280128593725887 -0.255888191323411 0.317575580374565 1.96367208867517 373.278673854737 -332882.589875511 102.559866894946 114.465042066359 84.064495901692 986876.787084011
78000 0.156 -1.73501320101974 -0.0331019709199544 0.0221704766939348 0.263301463917066 -0.249570748330088 0.349457350815872 1.93773750957157 375.648814663724 -332901.544258031 102.566637624392 114.49485785784 84.0445801244113 986965.138163676
78100 0.1562 -1.74091232139282 0.0223785394620849 -0.0334063073687932 0.257342277900576 -0.24500597416725 0.316896456113084 1.92197052951613 374.735269746718 -332896.468710806 102.593450254471 114.504415098214 84.0246643471306 987071.595226682
78200 0.1564 -1.77001712167695 0.0102728449336611 -0.0164472189273153 0.266405059606807 -0.263488313627498 0.353933441905765 1.97979209790653 372.891369401222 -332885.23286529 102.577610918182 114.546184745935 84.00474856985 987045.208663864
78300 0.1566 -1.76192079275086 0.0141595429779013 -0.0154280480796966 0.226154477086083 -0.27138924826419 0.334755737827973 1.95278390320401 373.097923788161 -332885.77040523 102.575366068416 114.594843044284 83.9848327925693 987208.785307468
78400 0.1568 -1.79127775925849 -0.0169975030620883 -0.0233188070317786 0.221774247734425 -0.25007447374096 0.340651961875964 1.95453039810083 373.062472883095 -332887.334061284 102.537341206763 114.638761426454 83.9649170152886 986986.927008311
78500 0.157 -1.77454631481703 0.0330712044226502 0.0322473025609415 0.249895795537878 -0.230463825077159 0.327564998737685 1.98357591493779 372.088691119489 -332879.800835585 102.534201616832 114.707647394454 83.945001238008 987315.526197883
78600 0.1572 -1.75213167462362 0.00580333344958501 -0.0235015748492917 0.24942020276868 -0.259647148330216 0.334524937056151 1.94017529727228 374.889641154662 -332900.75712965 102.50186907254 114.739354599208 83.9250854607273 987042.787648818
78700 0.1574 -1.70561380702371 0.00688827831820882 0.0177942598273647 0.233417500155703 -0.220235934957442 0.334153618415521 1.89615335882606 374.94817924821 -332898.808810769 102.490313443095 114.802418744296 83.9051696834466 987239.627624563
78800 0.1576 -1.68764106100778 0.0299247261833378 0.00444568108211279 0.246240047173802 -0.251544747504388 0.316720482449932 1.89197828566031 374.464131847662 -332894.980035997 102.495643185109 114.8205758445 83.885253906166 987212.734967137
78900 0.1578 -1.72080976586171 0.000692163090602975 -0.0250242394796667 0.221043511936059 -0.243965960583989 0.323511115598616 1.88655150635834 373.489705923198 -332890.807371367 102.457714997743 114.854468780321 83.8653381288853 986904.355935324
79000 0.158 -1.6551340285845 -0.0211505518522984 0.0462500716474051 0.230920820117118 -0.245299213859755 0.329755340220943 1.8577622272686 373.658545243427 -332892.29580654 102.438315690287 114.94578889364 83.8454223516046 987267.523747807
79100 0.1582 -1.67718965518668 0.00786625642617213 0.00399279270958884 0.214272030227378 -0.222459373421439 0.295780227139911 1.83890219468894 375.742081624468 -332907.156600636 102.460113833744 114.921136469608 83.825506574324 987031.317965783
79200 0.1584 -1.71302409859006 -0.0117500755489063 -0.0207845333305401 0.209671189653827 -0.219739635068237 0.319606101338037 1.86070727401591 372.511112523296 -332884.386926601 102.481998312255 114.916883475107 83.8055907970433 986971.05605335
79300 0.1586 -1.65807777193037 -0.000285784031914133 0.0274865368104697 0.198945539860064 -0.218958440162827 0.318800727379292 1.83372691486548 372.085527041732 -332882.540725752 102.488088862157 114.979373117095 83.7856750197626 987331.752543371
79400 0.1588 -1.70927649584687 -0.00247779359252368 -0.00831795860296361 0.181451951168631 -0.245883503377204 0.290840052503604 1.85395314486436 373.341860861566 -332893.368803705 102.467345391947 115.006453219184 83.765759242482 987129.712822301
79500 0.159 -1.65778710848556 0.00879880239767375 -0.0143916839661574 0.212571943116374 -0.233572583023812 0.306845075269875 1.82238527963929 374.58932676691 -332901.276798793 102.471374306986 115.051087139003 83.7458434652013 987316.849246495
79600 0.1592 -1.67241234668142 -0.0172371166265131 -0.0215950422081274 0.213141310078881 -0.19819635696084 0.298709889298498 1.80394754331821 373.851509044937 -332896.131884289 102.447895261911 115.079451498648 83.7259276879206 987099.181915586
79700 0.1594 -1.65674781423268 -0.0269572069921198 -0.0108272828298645 0.210568096104205 -0.210729062342295 0.291637323430207 1.79001674977879 374.384837510079 -332902.061080945 102.458945292528 115.112237555131 83.70601191064 987252.012426633
79800 0.1596 -1.61692014171275 0.0303319730304059 0.0202795943386279 0.216078022615136 -0.217133537552265 0.299277472945861 1.80199690626405 372.566792297435 -332886.778077183 102.490568176229 115.145821006938 83.6860961333593 987609.799192377
79900 0.1598 -1.6674739746256 -0.0148190886155853 -0.0275835278504207 0.221407313984717 -0.227510422052566 0.329524659628957 1.82714037957932 374.234944186866 -332900.967646037 102.482219644618 115.134448321182 83.6661803560786 987196.824974271
80000 0.16 -1.63028675008845 0.0249699794256775 0.0147518503327188 0.21381046994419 -0.241007977137399 0.30350066829611 1.81956117706803 374.377023825978 -332900.387502605 102.499744152379 115.164602395931 83.646264578798 987389.137614661
80100 0.1602 -1.60815913649171 -0.0180726924361067 0.0049262209896365 0.218605699536988 -0.22093418006879 0.29464993478644 1.76514332382432 373.004833802883 -332891.025306787 102.487731918477 115.194206484426 83.6263488015173 987292.084613888
80200 0.1604 -1.67038157066642 0.0213756951028069 -0.0160172935682252 0.211763127513537 -0.21639839541773 0.31691200703915 1.83752451558325 373.616710888489 -332895.82396159 102.495548474296 115.210234146833 83.6064330242366 987269.585797149
80300 0.1606 -1.63406398596639 -0.0183731590595278 0.0136443895508309 0.230448352118672 -0.250623142465792 0.321970451617003 1.82262518195708 374.077373672958 -332898.480364824 102.485500521458 115.267724015565 83.586517246956 987430.12917199
80400 0.1608 -1.65134532299088 -0.0106027577914444 0.0304616486596809 0.224126005528891 -0.230427337962403 0.346740034232731 1.85250430435044 372.564638539757 -332884.460511274 102.468322398663 115.313291313647 83.5666014696753 987419.579452407
80500 0.161 -1.67526353928609 -0.0265896793002635 -0.0401429255024092 0.213049492098764 -0.217896929876978 0.341583856235132 1.82335141189876 373.508164518968 -332892.577441895 102.45341919702 115.316371079069 83.5466856923946 987067.039038825
80600 0.1612 -1.63443564910262 0.0126931362326533 0.0305006007075732 0.220636584685369 -0.236535478283648 0.368755805690977 1.86132014072256 371.960063198331 -332880.140853742 102.481406268438 115.367549841228 83.526769915114 987539.401722917
80700 0.1614 -1.67039007876685 -0.0271412679676784 -0.0512404535811774 0.231635948916912 -0.184191351786816 0.348104531105281 1.81315243740803 372.772146365666 -332886.605401337 102.476326746162 115.347556621665 83.5068541378333 987083.909403772
80800 0.1616 -1.65954991451717 0.0266778274849804 0.038549347665344 0.269141982406317 -0.18045857597734 0.340542854610365 1.87788163579273 372.427953635573 -332884.662964537 102.484579332191 115.411549808574 83.4869383605526 987475.503220174
80900 0.1618 -1.68748681603344 -0.0164101152520791 -0.0468007706955839 0.255168783170319 -0.198955930327749 0.349566401382918 1.85021877973349 373.146284509638 -332890.880344018 102.457096748652 115.420317861747 83.467022583272 987050.182521609
81000 0.162 -1.60908968183768 -0.00834644321667142 0.0395928598146219 0.263878554336695 -0.198653658717348 0.363479964097514 1.83440839606135 372.350792904436 -332883.429614596 102.454503105268 115.511645367706 83.4471068059913 987570.492662664
81100 0.1622 -1.62939533379073 -0.010901554492526 0.0117907043569461 0.254606093223386 -0.190872180975353 0.346685243270572 1.82239009607158 372.030967504218 -332879.205548452 102.469840951569 115.513820232498 83.4271910287107 987501.196011647
81200 0.1624 -1.66301001529347 -0.00165417240764375 -0.0325008596220038 0.255435307614115 -0.190248041384028 0.353341941313623 1.8408377316099 372.810612308459 -332884.179233873 102.491573948474 115.500121548983 83.40727525143 987357.746242691
81300 0.1626 -1.61093372910962 0.011590058235616 0.00879223557544082 0.224894278394256 -0.183899063340049 0.350144486796934 1.80251050628067 373.944827460101 -332892.126735192 102.525884038818 115.516657805579 83.3873594741493 987593.81098759
81400 0.1628 -1.67224591171264 0.0110437277422915 -0.016537336634274 0.226526330865307 -0.194354506099503 0.366414075128933 1.85952660284962 372.666012026553 -332880.99497635 102.527571387039 115.51894336041 83.3674436968686 987393.72493529
81500 0.163 -1.68873764498268 0.00845513463455278 -0.0219332988968508 0.227296328745218 -0.195148333691786 0.356833911715368 1.86575522493318 373.643878840088 -332886.454768297 102.514639947281 115.543772954586 83.347527919588 987245.49073867
81600 0.1632 -1.66781706701658 -0.00284066773680255 0.0155145200948492 0.182913530817766 -0.179745757645476 0.350442867777694 1.83542163542743 374.03275151353 -332889.264503125 102.522215775031 115.586222282417 83.3276121423073 987445.171450893
81700 0.1634 -1.67026282544043 -0.0335588188018132 -0.014701336335111 0.223613050808487 -0.197395207888172 0.362864153173918 1.83628263125354 371.60394290393 -332870.912968178 102.526317258805 115.577873682672 83.3076963650266 987177.353166699
81800 0.1636 -1.67409670198038 -0.0137877535737671 -0.0135719713664874 0.212398778042088 -0.16820303829877 0.335986105301782 1.82095046987511 374.557126385729 -332892.594079794 102.55779458081 115.566285512282 83.287780587746 987145.379520497
81900 0.1638 -1.67902404344214 0.0337086849188132 -0.00202527178917745 0.215731878404475 -0.171043374445372 0.339012407281751 1.85626077695749 372.917781404097 -332879.002395153 102.570816742441 115.600831331691 83.2678648104653 987329.695753881
82000 0.164 -1.67421252497539 -0.0292732379574426 -0.00784731805946646 0.205673208053147 -0.175059813362107 0.329663950005974 1.8128446832301 372.605655791397 -332878.002996257 102.532299735768 115.661432584775 83.2479490331846 987240.147598925
82100 0.1642 -1.66575961764857 0.0194732501745441 0.0101982964716162 0.199893106787858 -0.165593792242521 0.334633571142861 1.83372297309298 374.408435463422 -332889.649397916 102.533918213984 115.712063996803 83.228033255904 987451.618755757
82200 0.1644 -1.67708801599196 -0.00563059077597598 0.00891494402328738 0.219567932992652 -0.174611571736427 0.351921358202793 1.85092882106874 373.049691873133 -332879.766906048 102.519890233067 115.73576558851 83.2081174786233 987282.451936623
82300 0.1646 -1.70675076083661 0.00494584716359267 -0.0091575414939359 0.197943316679055 -0.155984604913122 0.359574845909339 1.86665045765945 372.040342472642 -332872.811440752 102.538133793048 115.735418584376 83.1882017013426 987218.833228291
82400 0.1648 -1.64999382878033 -0.0114652459212712 -0.0170454317308849 0.173442448435178 -0.157596699450775 0.311026978708791 1.76935980332383 372.867594692754 -332877.680926534 102.558435359124 115.750752385501 83.168285924062 987308.691236533
82500 0.165 -1.67915149620392 -0.00292097499881107 -0.0101326492814438 0.196622313288516 -0.175124054913431 0.331132040867678 1.82610074515846 372.219377555816 -332870.922167134 102.556180876516 115.780639517588 83.1483701467813 987305.42741545
82600 0.1652 -1.75141057163512 -0.0330533916765395 -0.015453993551224 0.199002952100426 -0.166829175455647 0.345589053554169 1.88252517031094 372.667117704165 -332874.626817255 102.534779291896 115.802987286704 83.1284543695007 987053.446478095
82700 0.1654 -1.69015724755925 0.0156005792978315 0.0100628872511136 0.174600551002561 -0.164313901679403 0.308647138190847 1.83260384922457 371.995886056536 -332869.200284402 102.548895718155 115.853352110291 83.10853859222 987382.073120713
82800 0.1656 -1.6905712340687 -0.0163158417481766 0.0205714007171256 0.204170803556509 -0.18135791547442 0.313354210322295 1.8397152679007 374.659422867936 -332888.019994498 102.544773164566 115.862191723427 83.0886228149393 987181.093169999
82900 0.1658 -1.7117344705595 0.00727063551029053 -0.0185939510064399 0.167034744746763 -0.177295811858007 0.308676271015011 1.83712616024846 372.032854849791 -332868.052269214 102.574716147939 115.863327310301 83.0687070376587 987242.33554879
83000 0.166 -1.68323432445157 0.00727102639234012 -0.00849025938032068 0.164362624658889 -0.139061185410476 0.291659547983915 1.79601429677894 373.750734761794 -332879.040749264 102.578439947977 115.890982017954 83.048791260378 987277.065985289
83100 0.1662 -1.65571385032403 -0.0158736870319589 0.0182078155024793 0.192710817338062 -0.14987996047402 0.320181470190623 1.79790946190701 373.213694348666 -332874.479961775 102.576027234054 115.929729075681 83.0288754830973 987347.092906778
83200 0.1664 -1.69854743472357 0.000928091737339839 0.00105917617327856 0.169993710424428 -0.171447057268416 0.310779337011876 1.83113820096783 373.028713202206 -332871.887347054 102.580790755411 115.94680796167 83.0089597058167 987301.531422344
83300 0.1666 -1.70857925870181 -0.00365240350140033 0.00487479174863777 0.18597353891439 -0.174219801286118 0.334868272755057 1.85812080019764 372.447210176705 -332866.684416242 102.583268722513 115.960120932751 82.989043928536 987201.835783559
83400 0.1668 -1.67861162770892 -0.00897194836671704 -0.00293455977843929 0.15692993644307 -0.133291965800229 0.312479370150296 1.79385749212328 372.451688595661 -332866.606484578 102.600186799344 115.983508821544 82.9691281512553 987326.789842041
83500 0.167 -1.71614814774339 0.00265615711268446 -0.026530701236497 0.155040978739955 -0.149767749126201 0.324417285743275 1.83306235313594 373.06307824496 -332870.693082 102.616901683054 115.975026103082 82.9492123739746 987178.39823049
83600 0.1672 -1.71157872139051 0.0163890888250801 -0.0125290868505209 0.157236433113408 -0.162447268789042 0.296281801183713 1.83123599996609 374.194277700914 -332877.476767116 102.624148838102 116.000168069543 82.929296596694 987225.053693462
83700 0.1674 -1.70728514390883 -0.00711525463432863 -0.0114731853245396 0.141779699120888 -0.14577866826975 0.293516892401647 1.80712551567616 372.274079543903 -332863.212224331 102.606840315957 116.037340077111 82.9093808194133 987137.72805296
83800 0.1676 -1.70828109095196 -0.00980835086296663 0.0172320355070856 0.141600836511144 -0.146755758082004 0.312134822915854 1.8298952925712 373.209895611557 -332868.952650923 102.6275884072 116.052108104778 82.8894650421327 987225.794996652
83900 0.1678 -1.72462826243448 0.0211808134648583 -0.017712819286303 0.16526542645621 -0.137962929165548 0.315548549085206 1.84911144624001 373.521741971954 -332871.489644896 102.644058697733 116.054343031243 82.869549264852 987166.003421712
84000 0.168 -1.72505150837185 -0.0102258928478493 0.0305634189411629 0.163056707740751 -0.156995645359537 0.359383273709067 1.88504949441062 375.884564480114 -332887.419912085 102.639090840623 116.083921350041 82.8496334875713 987132.517206787
84100 0.1682 -1.69297804580307 0.0137697622829287 -0.0440239401636857 0.156095801244768 -0.151669287525281 0.356813850374627 1.82804422943441 372.056602243709 -332859.01990289 102.656722216441 116.115385815233 82.8297177102907 987332.298120708
84200 0.1684 -1.70981444200477 -0.0102859882357785 0.00939673133343374 0.140353792270269 -0.173672750091189 0.36865857345691 1.86535449213065 373.418737500627 -332869.288604892 102.618695895721 116.178054287455 82.80980193301 987261.806039548
84300 0.1686 -1.66875146600569 -0.0086275050535724 -0.0150063900162823 0.162840725062983 -0.146997156740721 0.369005474581215 1.81613144745345 372.378279863265 -332862.908644445 102.630693006161 116.205543042941 82.7898861557293 987373.327960592
84400 0.1688 -1.68103429663449 0.0270564619975901 0.000806511315315062 0.151487202992145 -0.168714933923399 0.351251289313701 1.84331156102035 373.964067954885 -332873.634856866 102.652258675111 116.206960355566 82.7699703784487 987355.275252032
84500 0.169 -1.72842746839247 -0.0349170408355231 -0.0287274686574805 0.142378359266156 -0.159401913594204 0.363412420674085 1.84709107742649 373.028085186739 -332867.745649359 102.624107842419 116.231133792058 82.750054601168 987052.28412745
84600 0.1692 -1.67761278607638 0.00779334168758788 0.0184887839644549 0.162499178583654 -0.133970076411324 0.357241540806537 1.8370249918327 371.713039339077 -332858.546402462 102.635057023503 116.280405191027 82.7301388238873 987338.375813729
84700 0.1694 -1.7316843541628 0.0119096553001943 -0.0409591859834533 0.121191029480595 -0.159892261326857 0.342832213160113 1.85043064473696 373.829709771979 -332875.417550342 102.617557821417 116.289228132167 82.7102230466067 987007.276998558
84800 0.1696 -1.6982895250435 0.00755801490927051 0.0126927983774902 0.113888826057323 -0.145777855936571 0.347875858900168 1.8396792483677 374.536263885601 -332883.241515767 102.608162859171 116.361355589242 82.690307269326 987291.253713448
84900 0.1698 -1.74028433569286 -0.0208234181929677 0.00385076702080856 0.12364686790254 -0.118597580124216 0.324368527565486 1.84480014805319 373.875328297275 -332879.205211669 102.601306113428 116.378316113511 82.6703914920453 987131.368080833
85000 0.17 -1.67809927097508 0.0567493478204536 -0.00743995135360479 0.109060425047444 -0.140783207778019 0.357142227423813 1.83854704992578 374.287190892937 -332882.919357872 102.625537059327 116.413268854826 82.6504757147647 987423.104044903
85100 0.1702 -1.67135186203156 -0.0355733191872547 -0.00779371120947304 0.133212795731624 -0.134487942992208 0.336087309169727 1.77998495497392 373.215691745779 -332875.264728426 102.594373724006 116.467637520664 82.630559937484 987346.308083737
85200 0.1704 -1.69842545904464 0.00990288582841782 0.0373318697079561 0.109718470179511 -0.125821304817567 0.337344441771825 1.84146871849686 372.292645562222 -332867.432360842 102.618520907418 116.497193590446 82.6106441602033 987591.225383079
85300 0.1706 -1.69799302888477 0.00720966814241203 -0.0449964958405422 0.12102381425539 -0.115969893083221 0.335758966474285 1.80108556702368 374.043426908285 -332880.462426941 102.638182305735 116.471892094879 82.5907283829227 987327.830905469
85400 0.1708 -1.68227927925462 0.0319522922390427 -0.0235249087000327 0.110111592364851 -0.112250554629954 0.363422227852648 1.82125457518643 373.26101580289 -332873.125099854 102.638875896272 116.519952342846 82.570812605642 987503.728279826
85500 0.171 -1.66507344431006 -0.021314170824199 0.0286508011430015 0.0932514775555134 -0.153171273986414 0.339671713355463 1.7969902292164 372.704742333604 -332869.758752183 102.598911627215 116.58856752864 82.5508968283613 987462.282012959
85600 0.1712 -1.67121578219273 -0.0175306479562228 0.00707539248217 0.093217658139357 -0.132128287596107 0.334011694339183 1.78580634674884 374.161539665725 -332881.032625952 102.599838539637 116.607052181414 82.5309810510807 987389.493031896
85700 0.1714 -1.67011805791621 0.00431997042685806 -0.00243969524582651 0.12803122996099 -0.151408279304795 0.355586768646294 1.81376542070667 374.369541691081 -332884.521834101 102.634737517772 116.592493398864 82.5110652738 987363.708348661
85800 0.1716 -1.71523625015304 -0.00637275111030588 -0.016420915358988 0.105851884785296 -0.113491517105269 0.373714719198819 1.84238633157878 374.24906652544 -332884.679831096 102.621643076246 116.606574947891 82.4911494965193 987118.652662377
85900 0.1718 -1.68874810112363 0.0178132580914999 0.0309772746291746 0.133980782322108 -0.108718329007843 0.347729899856129 1.84039397714088 372.297514184956 -332870.657570586 102.625229850366 116.676701493793 82.4712337192387 987508.351313068
86000 0.172 -1.72732430945351 -0.00765307450707624 -0.0292652541402635 0.111018330782734 -0.0993978069695599 0.342992803966365 1.82759885398562 374.216244337129 -332886.540070331 102.630902433183 116.667321348287 82.451317941958 987245.076122666
86100 0.1722 -1.68969524498181 -0.00346040836315862 0.0137058325506773 0.122275950925388 -0.0959905293886593 0.381905986042852 1.83920695783354 373.450919361547 -332881.796173335 102.65789540695 116.70493895329 82.4314021646773 987584.532916594
86200 0.1724 -1.70402148025728 -0.0075341952236163 -0.0119827879413816 0.122526325577023 -0.0944602274129699 0.368882085863107 1.83045628250313 374.404859351716 -332889.161073261 102.674383475697 116.695561250707 82.4114863873967 987425.157809075
86300 0.1726 -1.71785301272878 -0.00324390925492965 -0.00483602091892364 0.127651960132556 -0.0789377668976452 0.354860300402789 1.8391609890636 373.652186884425 -332886.268308647 102.695546307674 116.705332653529 82.391570610116 987472.687223599
86400 0.1728 -1.68080681703521 0.0044078975724929 0.00970418780858817 0.139574392960147 -0.0771022000475264 0.365078711813887 1.82346558782595 373.962635499243 -332886.540560812 102.693372390368 116.751693743829 82.3716548328353 987605.265488631
86500 0.173 -1.68849588803509 -0.00551131272464209 -0.0324049760656164 0.124908816041161 -0.0595174098793672 0.327073795129775 1.77939993674182 372.889644723791 -332878.356759995 102.684803727358 116.772568677258 82.3517390555547 987460.621735404
86600 0.1732 -1.73292262603522 0.0193456552181475 -0.00411407646152895 0.136913722369557 -0.0630727987488723 0.312927184307326 1.8416915183518 372.144735772119 -332872.327263053 102.670034332894 116.814654109441 82.331823278274 987435.570477975
86700 0.1734 -1.69640724685806 -0.00895590961672614 -0.00250698974148906 0.14613020931491 -0.046615204039397 0.282675063971567 1.7800877686037 372.130434692714 -332871.710756969 102.661331191215 116.843042560707 82.3119075009933 987352.920041088
86800 0.1736 -1.66476232933558 -0.00901000610615826 -0.00223277218201087 0.145050585248662 -0.0590077556824078 0.307220296638959 1.76337766860364 374.901308116526 -332893.518140996 102.675940359401 116.867452148256 82.2919917237127 987460.742380359
86900 0.1738 -1.61274641823446 0.016193300385613 -0.00923281482390686 0.125842559479855 -0.0713622394940801 0.286351633793854 1.70922556054287 374.377420146125 -332891.37294181 102.699453454764 116.888543363869 82.272075946432 987626.046164226
87000 0.174 -1.65001498148487 -0.0238802093304717 0.00686383252501295 0.153411704043535 -0.102560209697094 0.31604627678129 1.75984955001015 375.08886026889 -332899.852664058 102.679142283704 116.919434805014 82.2521601691513 987452.587185835
87100 0.1742 -1.66883360680891 -0.00754348973586293 0.0019691062830166 0.175263798841623 -0.0769237777544516 0.307105925621606 1.78006310935383 372.295792115718 -332880.75811249 102.713723120919 116.925011501275 82.2322443918707 987593.076548653
87200 0.1744 -1.65406078564943 0.000724946741165779 -0.0392589095247721 0.147615680891571 -0.0528658511649475 0.301522892870574 1.73788766644427 374.338223984676 -332897.117694058 102.730411264987 116.922576660577 82.21232861459 987493.745778779
87300 0.1746 -1.63482446447554 -0.0101189342345844 0.0386312026166854 0.172511644110508 -0.0786940962403607 0.317229900371116 1.76946680281367 374.368708879121 -332898.798299025 102.739110732948 116.968915996961 82.1924128373093 987729.437265643
87400 0.1748 -1.659459371133 0.0145849825682656 -0.0165212725790311 0.144759094081754 -0.0873087579853045 0.282537202604366 1.75400533142339 373.597619981599 -332894.70468082 102.768141970257 116.952035710047 82.1724970600287 987626.591986774
87500 0.175 -1.63004948607535 0.0235676904454337 0.00296056771809494 0.153187177048571 -0.0880359426096592 0.314068717335048 1.75794354878829 374.715141338417 -332904.582248633 102.760646558198 117.001420212422 82.152581282748 987732.116685333
87600 0.1752 -1.63338745562897 -0.0351363833821097 -0.0107421455611888 0.174158318909597 -0.0573892148437725 0.299215893696542 1.72146857790966 374.996855986199 -332911.326172433 102.746414798169 117.021638545293 82.1326655054673 987526.523619847
87700 0.1754 -1.59431771654162 0.0233575961063862 -0.0271302166099349 0.197554045885918 -0.0829701023637321 0.31756536820103 1.72569630995761 373.92539127057 -332904.299269931 102.792160359424 117.019012412895 82.1127497281867 987704.466864153
87800 0.1756 -1.62365962553173 0.00193817687116014 0.00851703337564954 0.178394324460825 -0.0816243864766395 0.323848678128112 1.75596161592006 371.458971455948 -332884.351850529 102.774801228066 117.075792787908 82.092833950906 987777.208324359
87900 0.1758 -1.58499737033794 -0.0306759297728562 -0.0130941779493792 0.201455728995989 -0.0943611298368156 0.314962366640534 1.69988856409089 373.271197805941 -332898.726099614 102.773611710119 117.093488643875 82.0729181736254 987675.406430082
88000 0.176 -1.60634272608863 0.0239927540395556 -0.0304849292946932 0.182920984100553 -0.0785522145703159 0.315231993162733 1.72891582640276 373.879281814256 -332902.87073454 102.781855586051 117.116525258733 82.0530023963447 987709.224338959
88100 0.1762 -1.56823725153791 -0.000359271638322784 0.000112706289480319 0.18964964465314 -0.0744743045043116 0.299161986991809 1.68879113541173 373.159344028042 -332897.504560058 102.735012086564 117.210088337043 82.033086619064 987807.962206968
88200 0.1764 -1.60456796472357 -0.0497386930546151 -0.0368812969161623 0.184153210572627 -0.0641114561804683 0.292400255356401 1.67577212409039 373.279417144774 -332899.591448695 102.702046779285 117.241601684359 82.0131708417833 987516.691254341
88300 0.1766 -1.60853711739185 0.0499924587915155 0.00423042411070441 0.187827975095158 -0.0662429171095648 0.288208540027302 1.74502485238155 374.127687456427 -332905.835578358 102.734566472239 117.26166827395 81.9932550645027 987758.530554009
88400 0.1768 -1.621249647034 -0.0302087822395666 -0.0161367329534798 0.182740846188455 -0.0494594828343374 0.299420098065967 1.71186355145021 374.238555551995 -332908.82615398 102.709013154774 117.280350236511 81.973339287222 987430.272634319
88500 0.177 -1.5672795080226 0.013446120557064 0.00263994332345223 0.188971183622086 -0.0275279570210604 0.299848750278135 1.69140775513085 373.930083064639 -332906.589600988 102.730849549217 117.311433957179 81.9534235099413 987661.951602794
88600 0.1772 -1.58223618860551 0.0145949027100348 -0.0134606441605855 0.190131425268993 -0.0631804167931394 0.260718824757695 1.68232124368307 374.89222289776 -332915.336802794 102.708748744451 117.344594290688 81.9335077326607 987488.563177233
88700 0.1774 -1.55641143198332 -0.0266435992873195 0.0200448871818579 0.204929312638715 -0.0674861137195012 0.282653686527554 1.67126374255276 373.005668575839 -332903.872332347 102.676670486062 117.424826832068 81.91359195538 987614.996954542
88800 0.1776 -1.55605452694636 -0.0096665543816479 -0.0225876598947341 0.188819717418454 -0.0632934744511558 0.260588614640588 1.64140117019757 372.718443464552 -332903.027287309 102.68853181576 117.435019647921 81.8936761780993 987574.65621844
88900 0.1778 -1.50802996425518 -0.00393527580618775 -0.0151621755923186 0.19387334889856 -0.0551923407082255 0.243736081527022 1.59551295724467 372.425308490945 -332903.177758214 102.706359912695 117.474170548045 81.8737604008187 987835.119895548
89000 0.178 -1.52159338105256 0.0239508919186503 0.0063494457996678 0.207618285484874 -0.0391351710787361 0.257464245591316 1.64151982988242 373.334888977594 -332909.728262429 102.690708069068 117.535526837457 81.853844623538 987960.063776113
89100 0.1782 -1.50668469280792 -0.0330127580366746 -0.0161168485354438 0.196065538728316 -0.0332387818654203 0.263933539240462 1.58887247645393 372.841758831133 -332908.104453237 102.651027236555 117.612321160095 81.8339288462573 987983.116498578
89200 0.1784 -1.49303812384079 0.0117655812185359 0.0514193713850331 0.170315811082855 -0.0424337697689764 0.241880823318536 1.61047231681567 373.214289734072 -332912.12046729 102.674476052861 117.651648559965 81.8140130689767 988298.663652873
89300 0.1786 -1.53568425694981 -0.0303640540156542 -0.0222076829713399 0.182912273394513 -0.0296564536731753 0.25399975558062 1.60464645089798 374.273238095054 -332920.501368441 102.696447309629 117.609077594821 81.794097291696 987911.924106493
89400 0.1788 -1.49516126962995 0.0266452133402873 -0.00332245860205341 0.170113015351996 -0.00822498810420856 0.248055119874417 1.59461604415691 371.05691283786 -332897.652088502 102.728708315856 117.635005663746 81.7741815144154 988199.457410156
89500 0.179 -1.52834113542081 -0.0164597810245248 -0.0114623862342209 0.177873282618497 -0.029372588255872 0.233570762767044 1.59829175566277 375.41663162181 -332929.809122142 102.694167715631 117.661272418114 81.7542657371347 987847.130184241
89600 0.1792 -1.48668787220832 0.0250680088405745 0.0252659556174416 0.204423425730977 -0.0178426897711423 0.240386049513234 1.60791274152928 374.909528306241 -332926.341953323 102.698244145184 117.71934487789 81.734349959854 988133.146950824
89700 0.1794 -1.50617248680294 -0.0474592760651346 -0.0215831508633593 0.21070584444498 -0.0128153232719527 0.251045602925588 1.57766120923895 374.611464714231 -332926.591486412 102.691073921781 117.71092316811 81.7144341825734 987752.731281994
89800 0.1796 -1.45768675239705 0.0406112531927687 0.0220176481788681 0.191000206737257 -0.0179837218019409 0.25303324769944 1.58741136048201 373.178436557576 -332915.976221062 102.722355366061 117.767624697879 81.6945184052927 988288.635970533
89900 0.1798 -1.48322646104209 -0.0276029837914737 0.00411088263135774 0.18967424103781 0.0191387949324598 0.272078219558508 1.58022670259514 372.621157031139 -332914.079737236 102.675356074277 117.8088373323 81.674602628012 987941.246845113
90000 0.18 -1.48544732521908 0.0152911894345174 0.0159791440874397 0.207514419361438 -0.0168199195442466 0.26185949741546 1.60903561913945 374.178580218198 -332927.022739898 102.69682621695 117.823125170266 81.6546868507314 988026.692642112
90100 0.1802 -1.48395258593822 0.0168730290928052 0.00791054278819554 0.203611743410316 -0.0171080009864351 0.246135302745078 1.595652143452 374.324972618839 -332928.660104439 102.692587282616 117.839557167994 81.6347710734507 987882.692619392
90200 0.1804 -1.50636651315205 -0.0157909860359692 -0.00051499504316095 0.21426291015657 0.0198410474747907 0.256758084313059 1.60670460986014 375.105792898089 -332936.221737821 102.684633286616 117.875895343865 81.61485529617 987869.725020952
90300 0.1806 -1.50729443418405 -0.0100820032992018 0.00700350679065837 0.227140069519838 0.0149411869008794 0.262335622292332 1.62155021595344 372.938455326749 -332921.202784798 102.698260887505 117.899352659811 81.5949395188893 987956.29919749
90400 0.1808 -1.53865748461823 0.00934992619340436 -0.000117005000603182 0.23150727673703 -0.00530957155190178 0.255276145023749 1.65472984197401 374.448919689242 -332931.499228404 102.709372278531 117.894023623998 81.5750237416087 987777.373757645
90500 0.181 -1.48258160800859 -0.00676303197027319 -0.0249812496022665 0.236947307371564 -0.0223184967763301 0.257228427688413 1.58742288195993 373.079759159969 -332923.27171566 102.724152186433 117.924733980839 81.555107964328 987935.60543643
90600 0.1812 -1.48879027025593 -0.00172354306150403 0.0126719947660038 0.225510586898199 -0.0367163504421332 0.287790496798852 1.62421096649527 372.03479418987 -332917.853574731 102.704329294511 117.998051445808 81.5351921870473 988117.71561506
90700 0.1814 -1.46860210509804 0.00853452796410577 -0.0152186968459853 0.216577192430333 -0.0265722313364349 0.256304414366766 1.57712435770043 372.895791883646 -332922.994362293 102.710937135988 118.023756060194 81.5152764097667 988155.128713433
90800 0.1816 -1.54749067842358 0.0127683268569445 0.0026207993238358 0.225744156722814 -0.0349620819746403 0.274786300163858 1.67384264832267 374.105480905181 -332930.426931202 102.708291870484 118.029077907179 81.495360632486 987932.805071748
90900 0.1818 -1.51273590724625 -0.0139426559473975 0.00896883910513441 0.220218602929713 -0.032561833516435 0.291780359102451 1.63869539360282 373.081591584223 -332923.365131356 102.682296184425 118.075846494385 81.4754448552054 987832.658001479
91000 0.182 -1.50436761958254 0.00496877388765798 0.00475356456845133 0.22879590075155 -0.0200820265913939 0.270464434994837 1.62956348740404 372.152272565756 -332915.242578737 102.686672027377 118.104206084495 81.4555290779247 987870.49059177
91100 0.1822 -1.51899067846302 0.0234413927156523 0.0114564769163772 0.23593371916428 -0.0447856618374453 0.272937516911285 1.66049706544633 374.176545404199 -332930.449801044 102.708407360881 118.099413142818 81.435613300644 987797.916728068
91200 0.1824 -1.51910498433518 -0.00389662968131038 -0.043538575098589 0.24255818138226 -0.0196894288200391 0.288265323487625 1.63227422941821 371.430880600999 -332909.274068403 102.719891139969 118.104885552219 81.4156975233634 987712.526317257
91300 0.1826 -1.52170108225658 0.00368926756481345 -0.0003074194727622 0.231559998884253 -0.0167813049425208 0.284742097096608 1.65096163081115 372.184264030671 -332914.866782185 102.70528982835 118.159298319307 81.3957817460827 987785.426376748
91400 0.1828 -1.52496080161261 -0.0140528072032767 0.0161420770813579 0.229614402547266 -0.0390001750191956 0.278805503132026 1.65084986565073 373.036399833271 -332920.840579784 102.701982587086 118.200460344932 81.375865968802 987855.94669853
91500 0.183 -1.52739363782191 -0.0145075465830613 0.0148510990218095 0.263651951107878 -0.0273772702915561 0.27109369034865 1.66293821512536 374.006985949538 -332930.5626845 102.727553862059 118.208391841544 81.3559501915214 987926.369473145
91600 0.1832 -1.53108216451894 0.0165776981149742 -0.0189210587808798 0.242294080212076 -0.0165561669169982 0.268553356332094 1.6537459026181 372.737631465661 -332920.002745564 102.762130813656 118.199943452061 81.3360344142407 987946.356783196
91700 0.1834 -1.49827659040597 0.000853081656382602 -0.0133007365983505 0.273883373084588 -0.00134182854713653 0.245416157947227 1.62237501050872 372.199129912943 -332916.709205592 102.782372722188 118.215852637734 81.31611863696 988031.973366672
91800 0.1836 -1.53662212686219 -0.00349055581350628 0.00894889577891096 0.245256428369279 -0.00641332164949842 0.258916726878147 1.65873675533219 374.039463611567 -332928.931333332 102.771797226786 118.242810494428 81.2962028596794 987913.582530995
91900 0.1838 -1.52258577991909 0.00376255549252671 0.00514177942398071 0.249161646504245 -0.0219192622022718 0.267923422349698 1.65374760486228 373.465090176364 -332923.267641145 102.785799044546 118.250613826186 81.2762870823987 987871.317075587
92000 0.184 -1.54499980289069 -0.00689767403359407 0.0100425277844273 0.235860286764587 -0.0420959842929155 0.248477588539347 1.658170879623 373.669269410927 -332923.745357433 102.787244300179 118.258603778675 81.256371305118 987709.871018671
92100 0.1842 -1.49054721745046 0.0130528868094197 -0.0183851751976947 0.230380039334765 -0.0199188215149803 0.281079798287909 1.61615719436615 373.814705452071 -332924.180953376 102.799655699753 118.281410331345 81.2364555278374 987777.479800331
92200 0.1844 -1.50825751555474 0.00325508627292448 -0.0166401193828721 0.212788876683047 -0.024229011606225 0.295362252013827 1.62920512628141 372.376103049291 -332914.876020504 102.7781283933 118.336795852505 81.2165397505567 987790.836730871
92300 0.1846 -1.5665578975238 -0.0136274380650797 0.0279408838205935 0.233666758581084 -0.0159707861945576 0.271684676364582 1.6922993236571 372.295569805227 -332913.198086792 102.76574977301 118.361105209666 81.196623973276 987632.514739599
92400 0.1848 -1.56880536058803 0.00772734525969511 -0.0101129133978034 0.236665425573253 -0.015573449398464 0.294394384476975 1.69894415004753 374.433781170022 -332930.283450242 102.812704866884 118.338765407152 81.1767081959954 987654.974186849
92500 0.185 -1.56976804596576 0.0455923506471095 0.00363491024911794 0.235547305937802 -0.0238190099022004 0.267051828815221 1.71040139257145 374.425030052969 -332929.719326729 102.84071654828 118.35720507728 81.1567924187147 987835.589961104
92600 0.1852 -1.59329898200357 -0.0187567891607682 0.0289207677553354 0.240918569010592 -0.0418276117603389 0.262200573895563 1.71526905538004 374.367358312316 -332930.234458526 102.79450403306 118.422797013105 81.136876641434 987696.455966571
92700 0.1854 -1.58911426560927 0.0235959191056725 0.017927283068617 0.214791773977156 -0.0254478939621913 0.265940811827826 1.71588089821539 373.212049447207 -332920.39263925 102.809801275625 118.451218441069 81.1169608641534 987837.987645871
92800 0.1856 -1.62115533475079 -0.000411460550239344 -0.0241400580497834 0.238785137456176 -0.0365218900924727 0.254551717911251 1.71998897534535 373.812595504646 -332925.307755236 102.802858449262 118.450559723491 81.0970450868727 987523.269553139
92900 0.1858 -1.57147692773601 0.027717671053558 0.0170045220207624 0.25234891191796 -0.0467208073672976 0.287118604509166 1.72780364249478 373.337614143517 -332920.435934201 102.81984505348 118.497915644114 81.077129309592 987838.66205479
93000 0.186 -1.6054458244363 -0.057722819733235 -0.0275669149172553 0.210266855318668 -0.00955164390475476 0.271428544987569 1.67241124835865 374.133351214989 -332927.333400147 102.792915368151 118.508712367121 81.0572135323114 987427.306314302
93100 0.1862 -1.51089085954982 0.025122113992493 0.0480972787698221 0.22075596376442 -0.0298874455530124 0.282691001431538 1.66846511379259 372.771295912958 -332915.929124356 102.818525674277 118.586363016099 81.0372977550307 988077.642706839
93200 0.1864 -1.54913038604971 -0.0390290774105839 -0.0199359423785216 0.217710006964589 -0.0261527738020744 0.263402634317239 1.63156083729136 371.600483548896 -332906.487145097 102.822226302687 118.579304595993 81.01738197775 987811.566745665
93300 0.1866 -1.54558745508297 0.0213432206571039 -0.00916021164217382 0.235687490169168 -0.00985534726411607 0.27799517922637 1.67546607243098 373.430884177762 -332918.319168017 102.86645580304 118.577885573068 80.9974662004694 987981.726373963
93400 0.1868 -1.55290679106422 0.0212141586236378 -0.00424270635038603 0.193855205126719 -0.0440418815170388 0.283012580634647 1.67250697391396 372.766447118342 -332912.815416768 102.856615807418 118.63167899539 80.9775504231887 988092.364423705
93500 0.187 -1.52460652960586 -0.0228027210768578 0.00836851511167155 0.210130121584205 -0.0291800066827848 0.270181115244534 1.63009549841952 373.507967419981 -332915.824851145 102.829077957313 118.685632629247 80.957634645908 988034.026835141
93600 0.1872 -1.54845636982357 0.00224950291530726 -0.0195069827699438 0.226224930606686 -0.0198500890380935 0.268857612938025 1.65619824362502 374.384282940551 -332921.147479117 102.851608185448 118.664739644803 80.9377188686274 987833.471451509
93700 0.1874 -1.56121102533347 0.0162596124291484 -0.0303941456208955 0.210227922197833 -0.0126300708938048 0.283673499433351 1.67077021442437 374.109787620394 -332918.805477178 102.873263141734 118.669072266713 80.9178030913467 987834.40098299
93800 0.1876 -1.57602789789656 -0.00241312683778173 0.0328179818573191 0.228939558613695 -0.0237254406263741 0.282619819553113 1.71216103596122 373.349219066075 -332912.204961736 102.872022030378 118.690710846761 80.897887314066 987759.435964409
93900 0.1878 -1.58292691925933 -0.0023906484900079 -0.0103319520649833 0.209850020725231 -0.0267042596949869 0.261396403625564 1.68072637116226 373.367336842659 -332913.87003294 102.884415672594 118.686053678849 80.8779715367854 987596.48489292
94000 0.188 -1.56212479836071 0.0108080916408507 0.0140849872575071 0.203657532233488 -0.0412600666673346 0.263476299375599 1.67841549772235 374.097788788419 -332920.164275671 102.869460739961 118.752319094677 80.8580557595047 987760.96017759
94100 0.1882 -1.62445676678575 -0.0179151550884694 0.0072907304087093 0.210762635647224 -0.0293437405580014 0.249887493817422 1.71618259531824 373.823345711489 -332918.722628339 102.842880555689 118.786676992659 80.838139982224 987548.145818994
94200 0.1884 -1.6008546249764 0.0545771343898279 0.00508924403138438 0.197988141083818 -0.0307510838012824 0.237745233344181 1.71784246170453 372.136376588269 -332907.914829463 102.870711317977 118.813073376107 80.8182242049434 987791.481319588
94300 0.1886 -1.60609780659805 -0.049252556267903 -0.038363431700186 0.203186438330529 -0.0261547607749008 0.252539458870239 1.66074480999647 374.07429908211 -332921.283669772 102.8487678725 118.83375346193 80.7983084276627 987509.259881473
94400 0.1888 -1.55519467372316 0.0375968763739437 0.024232618954753 0.221374742924681 -0.0371094385948423 0.272240443596522 1.69981566302019 372.672318338367 -332909.099955702 102.888546385407 118.895748303959 80.778392650382 988162.942784103
94500 0.189 -1.62003151569947 -0.0217692685427086 -0.030937888481368 0.206043736771034 -0.0255267384019381 0.252460559116607 1.69127121550865 371.7654575686 -332901.166515052 102.870144119981 118.889110899354 80.7584768731014 987687.476124981
94600 0.1892 -1.603566860401 -0.0148039356923704 0.0184050020712662 0.19466724473887 -0.0392420420990793 0.273344059352762 1.70894363278642 373.422029183287 -332912.171436418 102.879553185519 118.914955657551 80.7385610958207 987748.895928732
94700 0.1894 -1.61669698843322 0.0170460049246264 -0.0198504926488752 0.228501455996761 -0.022068740844314 0.260105828243008 1.72373521321928 372.931681460613 -332908.407767861 102.902579821198 118.92310959786 80.7186453185401 987794.000571158
94800 0.1896 -1.62449566330627 -0.0182893080891764 -0.0438223287978788 0.201691561906977 -0.0457905021405572 0.256826742619288 1.69285208639788 373.665618237396 -332911.974081568 102.88354344283 118.955450830238 80.6987295412594 987636.105682264
94900 0.1898 -1.58795848576997 -0.0243124115525374 0.0173298106202474 0.192675435361654 -0.04668462918902 0.275271020106754 1.69028667829455 371.921891649828 -332895.954076827 102.862152024488 119.029883702511 80.6788137639787 987804.771141956
95000 0.19 -1.59372285512277 -0.00302654451777215 0.00255033678808156 0.21187371501419 -0.0370767369530959 0.27509487811295 1.70441896879796 374.320347798202 -332912.932147977 102.881057911122 119.030298813699 80.6588979866981 987745.885643421
95100 0.1902 -1.61008060495842 0.00197655274709995 -0.0482627323625823 0.218504859850545 -0.0613544645104794 0.269114681419702 1.70060519635416 372.475790198118 -332899.438600113 102.908976072856 119.021592550105 80.6389822094174 987697.721035876
95200 0.1904 -1.5836038185295 -0.00922881290876355 0.0193771096979223 0.211955391399574 -0.0396957880715679 0.284831676095588 1.70511031561607 373.382234611505 -332904.288143778 102.901398959825 119.078893388197 80.6190664321367 987856.436456543
95300 0.1906 -1.60085056758533 -0.0105528705128403 0.00225870409290345 0.196799552436295 -0.0113816275411138 0.27374924914239 1.70028817834543 374.634613692863 -332914.346877884 102.902707020023 119.089274386213 80.599150654856 987711.053745766
95400 0.1908 -1.59541588452385 0.0132753860658785 -0.00915680344418335 0.202577686622529 -0.0360072121373314 0.235363206610489 1.6868593812646 373.049735777789 -332901.296318724 102.921032706509 119.10175935127 80.5792348775754 987746.390759065
95500 0.191 -1.58756574413454 8.48435608660354e-06 -0.0271505281803619 0.189512408831771 -0.0189603902815562 0.26741032525282 1.67372661722679 372.560714158789 -332896.898490974 102.9081200389 119.151229117959 80.5593191002947 987788.482402469
95600 0.1912 -1.63895109271195 -0.00674437782866663 0.0114751939796288 0.236201354220773 -0.0397831520340498 0.26929294481649 1.75608833134983 372.946786809504 -332898.796068956 102.885184446077 119.208295141922 80.539403323014 987797.050963768
95700 0.1914 -1.63701291288739 -0.0170279642126053 -0.0328080408578281 0.177061875563251 -0.0229600976825076 0.290052673647709 1.71670109225771 375.53971067121 -332917.748070686 102.860332747199 119.251548745711 80.5194875457334 987672.484946015
95800 0.1916 -1.57747330888877 0.0049868660970866 0.0313862030167755 0.216361533466098 -0.0357363283235186 0.292899559775755 1.71705902084219 373.819899618534 -332904.567363895 102.886083164347 119.294731391103 80.4995717684527 988033.040210853
95900 0.1918 -1.65568858155697 0.00637865260437785 -0.0338857579479882 0.200293660102197 -0.0408788420525625 0.288285275683866 1.7526715741092 373.314409525422 -332901.553222642 102.921844537727 119.244870162618 80.479655991172 987718.930071869
96000 0.192 -1.61519876621165 0.00659412323093445 -0.0262536494396571 0.217329654249734 -0.0384428326667434 0.279654207674681 1.72010708558347 374.839594326638 -332911.57542691 102.93793705818 119.275877523293 80.4597402138914 987885.718062591
96100 0.1922 -1.62630220426737 -0.0121219872414882 0.0160458062312389 0.195249517575294 -0.0679901246640199 0.292255813259333 1.74250238658518 373.936498155397 -332905.340477376 102.914855101361 119.325015330067 80.4398244366107 987826.51637048
96200 0.1924 -1.61422458915347 -0.038170659676535 -0.0139197341337873 0.203819067162991 -0.0391214589681344 0.269009676406637 1.69383339870798 372.690891612207 -332895.479193997 102.913125205897 119.327113578675 80.4199086593301 987582.709716901
96300 0.1926 -1.58345268386141 0.00179660788363046 0.0231167966660851 0.18872119651444 -0.058471479790042 0.298660225170487 1.71229824615335 372.941708732107 -332897.316439759 102.958451283441 119.332487192584 80.3999928820494 987817.473306429
96400 0.1928 -1.6207046515641 -0.0202019892165622 -0.0181919513033383 0.20852964915644 -0.0383007868537166 0.313938760267348 1.73071003163813 373.112622490472 -332900.19873783 102.9753475131 119.30471686444 80.3800771047687 987504.990569836
96500 0.193 -1.60189914343806 -0.00612491066754733 0.0230448889274367 0.215483887578026 -0.0374980482984411 0.292571014301621 1.73037750715724 373.419679231405 -332903.844170689 102.994520714292 119.331026609773 80.3601613274881 987661.893228679
96600 0.1932 -1.62501604123478 0.0040238095336902 -0.0047578740708722 0.197396670436473 -0.0422539975410534 0.287327397266921 1.73478121902832 372.490772530232 -332897.979793251 103.007944740144 119.344079321398 80.3402455502074 987653.836899654
96700 0.1934 -1.6563355410497 -0.00847706041480059 -0.00552702190648857 0.19042049249746 -0.0164273733113565 0.279217491308383 1.75036687895138 372.351653963705 -332896.668660914 103.01069353499 119.371411060261 80.3203297729267 987661.492578025
96800 0.1936 -1.64161232582018 -0.0121522915641821 0.00415887587189918 0.169553390648211 -0.0363820127595262 0.264827998975031 1.72702115487663 374.222026879533 -332912.441649035 103.027151534919 119.400519730033 80.3004139956461 987815.17656336
96900 0.1938 -1.63631188726132 0.0377873595210465 -0.0171699405299126 0.16239719061209 -0.0235765649803995 0.274942362967095 1.7381572520783 372.919592092548 -332902.349145506 103.070870972969 119.395776309522 80.2804982183654 987950.007028744
97000 0.194 -1.63607596451905 -0.0265156530897088 0.00293351498375159 0.152138443083026 -0.0369659369765369 0.288363763850621 1.72103184216665 374.161630492013 -332911.968147887 103.034995263568 119.423863575064 80.2605824410847 987593.401944468
97100 0.1942 -1.56766296311633 0.0173205571562119 0.0399417948465574 0.17214153136693 -0.0246851715503773 0.295958282893268 1.70353716662256 373.541031488965 -332907.489602767 103.08258534593 119.444302740944 80.240666663804 987973.441500916
97200 0.1944 -1.62807826585031 0.0157578064343651 -0.0384714065012748 0.180881589607196 -0.0204449852731256 0.268699531254676 1.71230857575937 373.216395503469 -332904.838064429 103.120312586988 119.389453872439 80.2207508865234 987635.99387267
97300 0.1946 -1.61455261333666 -0.017219269870418 -0.0100053263738835 0.165293326622339 -0.0330500615572607 0.28829642426366 1.70224439477086 373.565886192616 -332908.98953587 103.111312952984 119.431033982784 80.2008351092427 987648.479960086
97400 0.1948 -1.6056267877426 0.044524937097265 0.0142572132445866 0.161702847216812 -0.0336903895736295 0.274839486702789 1.72697113559342 372.875093754727 -332902.734852229 103.115839958096 119.477568499181 80.180919331962 987831.318122465
97500 0.195 -1.65374917992737 -0.0287847987335593 -0.0427715968987376 0.175628333309194 -0.0303384954891287 0.284792336315806 1.71947493544608 373.76831997615 -332909.267132289 103.078891527536 119.508117187724 80.1610035546814 987484.504693533
97600 0.1952 -1.58043437548751 0.032479475224645 0.0595883657747787 0.164387006402537 0.00211908080102356 0.271550984100697 1.71704770837685 372.840994045506 -332902.24296518 103.107065594404 119.562595074049 80.1410877774007 987959.161247618
97700 0.1954 -1.627816172485 -0.0118625953620049 -0.0398376984576493 0.140912226778166 -0.0264088461017103 0.308218081234569 1.70690899204257 374.445567373068 -332915.652535328 103.1269621564 119.506951075263 80.1211720001201 987444.476520924
97800 0.1956 -1.62114376851324 0.0248104491141469 0.00904630860075652 0.142730632589971 -0.00233977196039921 0.281053226762278 1.72672291174461 371.973874606974 -332899.284433583 103.134965043885 119.575956741645 80.1012562228394 987845.708023543
97900 0.1958 -1.65725256301985 -0.0330751779040774 -0.0302202348883985 0.149829280083778 0.019148650461739 0.298315043054469 1.7256938632317 374.403815700566 -332918.294040997 103.098095055555 119.610099807332 80.0813404455587 987528.93084127
98000 0.196 -1.57883783697669 0.0320613938833368 0.0427301929325876 0.158467386140118 0.0170047150595263 0.292999059388053 1.71640469594472 373.267566526373 -332906.708788019 103.116471275535 119.666668626744 80.0614246682781 987926.323966213
98100 0.1962 -1.6523392416475 -0.0122896227617865 -0.0110541922969899 0.147630535351655 0.032278400484492 0.331006649575581 1.75755417056388 375.211268655151 -332922.892697152 103.123138980455 119.639183192061 80.0415088909974 987517.568035941
98200 0.1964 -1.64225000825383 0.0200973121899749 -0.0354168036601631 0.150948724762678 0.00808903618307212 0.317624711568301 1.74510914024113 371.958656914314 -332897.572526663 103.16477687889 119.638639609645 80.0215931137167 987665.997780853
98300 0.1966 -1.59822224038693 0.0192228806271311 0.0477022582659117 0.169600113158778 -0.00709220662629666 0.297329250185201 1.73627796370173 374.511891406842 -332915.317397955 103.167538697817 119.689773410666 80.0016773364361 987868.658323145
98400 0.1968 -1.6545531565634 0.00900435000068286 -0.0249779683449258 0.162452966482986 0.0156182211144224 0.287739772196389 1.74365537013257 373.583619594133 -332908.297622423 103.17444836021 119.676893988858 79.9817615591554 987582.600574176
98500 0.197 -1.63736188817849 -0.00566111967566418 -0.00131956152738346 0.155980983061418 0.0137808860803657 0.303270840064862 1.73753558749792 372.803509224316 -332903.817228225 103.202589815723 119.700972277382 79.9618457818747 987804.691159905
98600 0.1972 -1.65778865725381 0.00468084190963369 0.0178242291571925 0.176501194509163 0.00615102622190233 0.27392806028124 1.76196178496595 373.751807654628 -332911.887095481 103.20299190122 119.730308332222 79.9419300045941 987804.53988082
98700 0.1974 -1.66470294987436 0.000217098886602231 -0.0143120775083366 0.175966767500642 0.011420821618574 0.292333868611741 1.76001177159891 374.974997089546 -332918.405480339 103.17880760647 119.761554624405 79.9220142273134 987584.693420845
98800 0.1976 -1.66238877718745 0.0155168133049088 -0.00157597763525318 0.18319651585091 -0.00875797575445232 0.290031304152794 1.77207412753401 372.91337463848 -332904.899401812 103.171335844584 119.798725390309 79.9020984500327 987573.519437876
98900 0.1978 -1.6865431927431 -0.0129005433183891 0.0286309275552511 0.17976126521035 0.00330454527764007 0.299217307845484 1.79941143472114 372.911200484849 -332904.339246672 103.171930239625 119.828865139099 79.8821826727521 987581.452477538
99000 0.198 -1.67739972067044 -0.00406883118722756 -0.0384442579159959 0.175632248090968 -0.0305424683953321 0.262650222587529 1.74527661916052 373.609442812606 -332909.741825545 103.187559495706 119.80361296681 79.8622668954714 987276.705234746
99100 0.1982 -1.67699310730489 0.0305774674082744 -0.00165297419092068 0.158342786159538 0.0160166662712561 0.266350377287234 1.77499712685174 375.347518072229 -332922.936941656 103.186196721651 119.847167681648 79.8423511181907 987376.29720288
99200 0.1984 -1.65306995159498 -0.0430352346576969 0.000688725400740206 0.161640347124618 -0.0146451874201103 0.273742729699712 1.72289064199453 372.57066175775 -332902.815892862 103.156211801375 119.913203844421 79.8224353409101 987386.910411035
99300 0.1986 -1.66790353575245 -0.0312316794222138 0.0204087252234989 0.143314758710656 -0.00697203386821473 0.283887039559621 1.751975637753 373.326685354891 -332909.821760883 103.17987143345 119.924015629458 79.8025195636294 987455.9886882
99400 0.1988 -1.71255765828997 0.00381382263314485 -0.0135264276264561 0.157962064459993 -0.00215637468156176 0.279969410671276 1.79624275581091 372.905202399647 -332907.000682056 103.229892871979 119.884326974365 79.7826037863487 987361.279815415
99500 0.199 -1.66043201043056 0.00824706333644341 0.00443156117223294 0.162236187713726 0.0133562018470917 0.261992043786178 1.75030110549131 374.477226824824 -332919.101874732 103.271966379407 119.906293617291 79.7626880090681 987698.073261721
99600 0.1992 -1.65999558462649 0.0223538407939732 -0.0265233398329602 0.162779559586886 0.00558500271244214 0.257150295226631 1.74023677299497 373.677975353861 -332914.331604012 103.285109343692 119.926247273011 79.7427722317874 987741.468689364
99700 0.1994 -1.68214165352311 0.00213333545636528 -0.0104365425586792 0.163140386995497 0.00556468387759436 0.254053713688678 1.75765077083702 371.856909452395 -332901.868449718 103.245191869444 119.98194771358 79.7228564545067 987571.60492448
99800 0.1996 -1.6901188263594 -0.0186691515048926 0.0156576680487452 0.178387766956661 -0.0144026008848612 0.267609817047281 1.77854767464073 372.724809060149 -332906.913247192 103.222640828437 120.041472431513 79.7029406772261 987598.962052214
99900 0.1998 -1.65714503239255 0.0318865549405117 -0.0195817110432098 0.162581262680284 -0.00101110493676117 0.288607121049234 1.76003648749256 373.496037245539 -332912.289199867 103.243498747746 120.052233677556 79.6830248999454 987640.227407371
100000 0.2 -1.64745373450541 -0.00230265919866651 0.0101301567585887 0.201372352373115 -0.0153318826812738 0.289573955526323 1.76097910151561 373.423642205576 -332912.417789572 103.252139236365 120.068563001882 79.6631091226647 987610.329401844
100100 0.2002 -1.66404378246155 -0.0201491726873772 0.0198919412575107 0.203132203562162 -0.00287021535121298 0.300886235472873 1.7791083500185 372.993199270087 -332910.458164607 103.269164651765 120.066872149191 79.6431933453841 987512.328069603
100200 0.2004 -1.64134777162586 0.0192668576003996 -0.00239628009862028 0.213950963018493 0.00393165313442454 0.293150538061443 1.7655931712241 373.801657737107 -332916.164404588 103.28246255387 120.078435636637 79.6232775681034 987487.612279489
100300 0.2006 -1.69431949784306 0.0101873074547309 -0.0360264171997626 0.194199847669464 0.0102024988271091 0.285536165258301 1.78514796864123 372.749747091531 -332909.440457638 103.272189010438 120.108805769015 79.6033617908227 987392.082893981
100400 0.2008 -1.66123791110016 0.0075105532855172 0.0308769926676558 0.180920729572446 0.0114032588894204 0.287609452425378 1.78073152473817 373.867276103256 -332917.129458922 103.267477756536 120.171906116497 79.5834460135421 987618.599008019
100500 0.201 -1.62755674852278 0.00476045697921361 -0.00634745103846054 0.209364446320948 0.0329312995248952 0.299937452916383 1.74673766439752 374.328179678233 -332922.144475807 103.294687371598 120.165867577564 79.5635302362614 987581.978856773
100600 0.2012 -1.66325594743089 -0.00848561059010011 -0.0533423071575145 0.186738209997177 0.0125738678398737 0.291223840145058 1.73941691923168 373.351965521426 -332915.611574226 103.286588920729 120.188355597612 79.5436144589807 987442.122720334
100700 0.2014 -1.65184240379777 -0.0345412745390301 0.00792874572292161 0.223374871855004 0.00265395087592579 0.272154887136739 1.74873338028518 373.239271370777 -332915.346750772 103.251988108141 120.277563339462 79.5236986817001 987596.665898234
100800 0.2016 -1.64960462508089 -0.0176071686631115 0.00816309428707689 0.202024893192577 0.00980759717768554 0.305123195677116 1.76299972793781 374.450344158055 -332924.181527111 103.276957994889 120.279508401376 79.5037829044194 987604.079700338
100900 0.2018 -1.64886958869259 0.00806014330114121 0.000142908803712872 0.214067911247108 -0.00169533748626358 0.281244468991516 1.76270806049459 373.437888890753 -332916.56044493 103.312138219297 120.273568147473 79.4838671271387 987644.237425244
101000 0.202 -1.65453229374173 0.00319704851422837 -0.0172561352461945 0.22893213579012 -0.0209075428149026 0.291950728249515 1.76884874696745 373.912606269471 -332921.279382228 103.302529307955 120.309399050289 79.4639513498581 987599.06291765
101100 0.2022 -1.67366991522271 -0.020135911203037 -0.0076156404590942 0.229832949404873 0.0141022274497838 0.287420638162113 1.77818227274978 372.505375767641 -332912.34763801 103.282620085513 120.35904011568 79.4440355725774 987568.568992734
101200 0.2024 -1.67342777205808 0.0174606197253528 -0.00409964292211065 0.219766925418126 0.0126892188254463 0.287849724948345 1.79361655499828 374.372630119243 -332925.405006652 103.303863296833 120.376770530054 79.4241197952967 987669.543439317
101300 0.2026 -1.68134180708084 -0.00378836858505748 -0.0265511145213019 0.203715354776404 0.0116065036006416 0.267018051295585 1.76502630239388 373.581550439319 -332921.2449631 103.308880551971 120.37743234406 79.4042040180161 987475.269078273
101400 0.2028 -1.62511354235394 0.0281043065899879 0.0289135522161905 0.205772682272106 0.00181166965281031 0.288677701414373 1.76394706635134 373.937841794987 -332924.464487568 103.31313172673 120.422407398633 79.3842882407354 987637.080059584
101500 0.203 -1.67107026042553 0.00617157189103234 0.0116335596605004 0.180676868851338 -0.001418915396307 0.279643564471302 1.77619567446402 374.963223444924 -332932.788970112 103.314103541105 120.424673270837 79.3643724634547 987417.170369843
101600 0.2032 -1.64056061086797 0.0341902812058947 -0.0301411086965459 0.205920046071492 -0.00885875311407767 0.298150569667807 1.75935099989277 374.316246840624 -332929.193071734 103.354226031666 120.40499172355 79.3444566861741 987391.358301407
101700 0.2034 -1.62590340974669 0.010454706635975 0.00390802212231788 0.193487836611909 -0.0189796217807546 0.312251499880747 1.75296729239386 373.635084877319 -332924.937457926 103.341874398459 120.462329073453 79.3245409088934 987495.573389108
101800 0.2036 -1.6169045230999 -0.00577739453355249 0.00163938540799385 0.176229518790377 -0.00556328284121213 0.314234231306299 1.73125037039671 373.76421089866 -332926.751334754 103.335542819663 120.505191383308 79.3046251316128 987538.414889308
101900 0.2038 -1.62544163795704 -0.00833321830430766 -0.00839890106468641 0.173436399177817 0.0149628021190374 0.318970239297247 1.73524398278001 374.780875504529 -332935.161783497 103.358807374705 120.51019953089 79.2847093543321 987553.729570994
102000 0.204 -1.5995059872049 0.0196995444681387 -0.00298629690136415 0.171583738683045 0.00221074163548126 0.302221208180412 1.71696206645989 373.183802006748 -332923.549129259 103.392108777663 120.516052281208 79.2647935770514 987671.730380351
102100 0.2042 -1.63836102314071 -0.00640090451111194 -0.0205264013387083 0.151529663075727 -0.0059692478212921 0.309473985766234 1.73111356262725 373.625408144949 -332928.261230151 103.387435117029 120.543759579386 79.2448777997707 987605.940693768
102200 0.2044 -1.62664474001357 -0.0196039090604749 0.0100471016695546 0.167066067362031 -0.000690316555730094 0.293548041198988 1.7243421352468 371.935490363026 -332917.199984698 103.397721167556 120.579734509698 79.2249620224901 987750.663822627
102300 0.2046 -1.65709341299338 0.00041540910103363 -0.0164968918010969 0.152035196454514 0.0116690792632569 0.295503130254723 1.74679939843758 374.86877725389 -332940.519127822 103.417197798494 120.577538578053 79.2050462452094 987670.38527271
102400 0.2048 -1.59339906123377 -0.0111359406026807 9.38603783137493e-05 0.16593000060357 0.0063082256793353 0.280162417554549 1.68512367746351 372.827007721994 -332926.568093689 103.425130514316 120.605605735426 79.1851304679287 987727.643358052
102500 0.205 -1.59080351317328 -0.0119996554356832 0.0323253055342174 0.192247533447206 0.00420450089893053 0.284839113567324 1.7084780011554 373.028580953902 -332926.675957217 103.437361477672 120.618141389251 79.1652146906481 987698.649289251
102600 0.2052 -1.60171138897949 0.00176333973575609 -0.0212001935706655 0.169673821321315 0.011340563697274 0.286709416306895 1.69357532883213 373.589334984832 -332932.858560235 103.456957330271 120.614972202235 79.1452989133674 987611.290961582
102700 0.2054 -1.60640620524361 -0.00347786413555411 -0.017953459014994 0.161013334523208 0.009241026865595 0.282884712316795 1.69248007996874 372.954251886325 -332929.706744911 103.435569867227 120.658595222501 79.1253831360867 987515.684448785
102800 0.2056 -1.58607122615689 -0.0161402570340616 -0.0272340577161221 0.168832614090884 0.0137474330789293 0.306107250133618 1.67766954291143 374.370572285736 -332942.022025895 103.405168936862 120.710328924868 79.1054673588061 987400.135598617
102900 0.2058 -1.58380605803678 0.00643373469179879 0.0310351197995767 0.17944344154437 -0.0213812796655776 0.299836341123124 1.71355383514959 374.626697039614 -332946.159668796 103.398600936733 120.765433521243 79.0855515815254 987539.453161044
103000 0.206 -1.60425458280073 -0.0408382210076836 0.00952703954405961 0.160749309453847 -0.00723951900549083 0.288871511037277 1.68925064902993 373.808687359147 -332942.968674962 103.417756924509 120.763983128663 79.0656358042447 987461.814707204
103100 0.2062 -1.53106287035976 0.0125000723296998 -0.0161280198205332 0.178233826058679 0.011118375684134 0.321689630215655 1.65690743953737 373.676044752701 -332942.964021897 103.479391885259 120.749112146713 79.0457200269641 987679.804734914
103200 0.2064 -1.52858768950782 0.0190377515400995 -0.0184555679838138 0.15357557603697 -0.0179029369759654 0.312851892442358 1.64434530362689 373.727268868008 -332943.373028906 103.493408433268 120.775946749405 79.0258042496834 987784.177072344
103300 0.2066 -1.52464631146787 -0.0128846160744594 -0.00746276096656283 0.152367910576053 -0.0145176366228555 0.305981661411048 1.62628531636996 373.103920707702 -332941.031988317 103.47206649496 120.822786583126 79.0058884724028 987714.505593989
103400 0.2068 -1.54916049970956 0.00224497397092605 0.0199881001742877 0.15500220787618 0.0120954695190855 0.330690712837876 1.68383061575835 373.329515957867 -332943.631198132 103.480921989759 120.849935452893 78.9859726951221 987771.935958385
103500 0.207 -1.56102792892075 -0.0364554272092838 -0.00880972190758567 0.150080508981592 -0.0145809324770925 0.31705453264615 1.65439248620405 372.636691010902 -332940.805867053 103.491019559585 120.849990027565 78.9660569178414 987619.683505682
103600 0.2072 -1.51026946844757 0.0230484698710831 0.00553202449003181 0.166585314076562 0.000581209036579566 0.32197585812499 1.64886955808092 373.177711940831 -332946.167536272 103.53071888577 120.891776654071 78.9461411405608 988090.89284517
103700 0.2074 -1.55813065963656 -0.0212014733415967 -0.0268720125541994 0.170535722322127 -0.00721654293706183 0.328785083519185 1.6628802386691 374.872994936951 -332960.54726593 103.504569694825 120.9071662126 78.9262253632801 987717.844161136
103800 0.2076 -1.50792090150599 0.0107741450818679 0.0215022960291711 0.170088835544273 -0.00034523130072188 0.329807177279745 1.65407129335347 373.683572905404 -332953.753958897 103.510435845691 120.966224884185 78.9063095859994 988006.943511999
103900 0.2078 -1.49360028887874 0.013785521897489 -0.0166545372352425 0.162516731447674 -0.0243710898604789 0.324177287898152 1.61973557179711 373.187152067598 -332949.600280667 103.51565755947 120.98185525685 78.8863938087188 987935.038686263
104000 0.208 -1.5127995022673 0.0124660156027344 -0.00419293178763015 0.156037355570322 -0.0405886076414313 0.342673665126218 1.65274441431124 373.979049737049 -332956.584467331 103.500548050298 121.024518441781 78.8664780314381 987889.704850914
104100 0.2082 -1.51799119227634 -0.00704213643137559 -0.000263151171195024 0.164968066612283 -0.0221415080603173 0.327910571466106 1.64284687727099 372.670426900473 -332948.617042563 103.483456861061 121.060290715972 78.8465622541574 987769.02459676
104200 0.2084 -1.52661816223954 -0.0178396023441879 -0.01963575213262 0.185732649989936 -0.0314649129855134 0.301859250435444 1.62896377244786 374.195107093079 -332959.705640225 103.483307375284 121.073246270632 78.8266464768767 987623.780055763
104300 0.2086 -1.54803217001811 -0.0198637539690883 0.00700152891130757 0.18624885277217 -0.0291224850382664 0.296170655852192 1.65735830859385 373.339897638531 -332955.681739156 103.509378697825 121.062957131295 78.8067306995961 987539.079723542
104400 0.2088 -1.51141973725183 0.0132120311798249 -0.0072430926546396 0.183902116290451 -0.0154526462056633 0.326105172864459 1.64770870575972 373.848248580425 -332962.201768905 103.563940851034 121.036330650172 78.7868149223154 987592.676855805
104500 0.209 -1.47344187973877 0.00468069041099275 -0.0263420134881854 0.155969594967933 -0.0273340310309205 0.308489696621004 1.5813513372769 373.136526209373 -332959.569066955 103.569192156884 121.069033408016 78.7668991450348 987659.880092163
104600 0.2092 -1.51139068787734 0.0206241356744374 -0.039151482953045 0.157691322996335 -0.0240666725093003 0.324022878020739 1.62799728531867 374.308191115038 -332971.048288863 103.539978122633 121.129884040009 78.7469833677541 987627.777595902
104700 0.2094 -1.49088401211658 -0.0251922602560402 0.00821320455941353 0.18278624615806 -0.0250331940722553 0.297586042353602 1.6019098371568 373.387374181221 -332966.865322627 103.50699865135 121.212870538073 78.7270675904734 987739.73991668
104800 0.2096 -1.43316873749097 -0.00857597276374452 -0.0252070958769267 0.180632651033477 -0.00355168296173224 0.317639607721079 1.55133994672547 372.190472652784 -332960.783572135 103.525319808571 121.242439278822 78.7071518131928 987905.590210015
104900 0.2098 -1.41779196863914 0.00681757891421319 0.0372800343750186 0.166669472001956 -0.010111376844785 0.332283123293094 1.57756664190703 374.470977427284 -332978.627958533 103.546885516733 121.269095692993 78.6872360359121 988078.547584773
105000 0.21 -1.47008218977765 -0.041305431366619 -0.0432695337955586 0.16979271560126 -0.0285436164268211 0.319270334496999 1.55991479625384 374.597162541186 -332982.594961877 103.559654771662 121.245945975317 78.6673202586314 987761.686826961
105100 0.2102 -1.43604960628608 0.0419439063681691 0.0309271767094939 0.18312073717179 -0.0113858545524449 0.294864500052779 1.5906373826825 372.839461488459 -332970.153818345 103.590221912856 121.310395294318 78.6474044813508 988328.174203207
105200 0.2104 -1.46004717629089 -0.0278753719198462 0.00786029118297569 0.163178889168368 -0.01681353234909 0.318162980968943 1.57733506445433 374.252476513249 -332982.388700504 103.560003939809 121.321902962032 78.6274887040701 987883.37518786
105300 0.2106 -1.44529413417337 0.00447463474533487 -0.0101977659575786 0.188208435229182 -0.004826443829434 0.294517833299463 1.56439527157266 372.757978544284 -332974.806136193 103.6093486349 121.326230372829 78.6075729267894 988138.987435052
105400 0.2108 -1.44118860862427 -0.0142035342845177 0.0160048221029601 0.174705347234229 -0.0283652193557624 0.291218580907683 1.55843198072004 373.580439196103 -332983.607394478 103.624342035129 121.331703600515 78.5876571495088 988076.165506791
105500 0.211 -1.47621250053305 -0.0227297395535673 -0.00876058107547354 0.148578958896893 -0.00263875737570834 0.284950109604698 1.56299357323686 374.080606133142 -332991.229248441 103.604341197423 121.333482522199 78.5677413722281 987649.583278953
105600 0.2112 -1.43043341457595 -0.00997173820361701 0.00364361935081592 0.147782354098429 0.0145183289569225 0.300578722566514 1.5409188068081 375.079991641381 -333002.185266907 103.621760999275 121.370315819275 78.5478255949474 987865.04352876
105700 0.2114 -1.42751532601444 -0.0308988742657252 0.0179319542808269 0.148771004473349 -0.00642063627774263 0.302826906814791 1.53712537455864 373.160651346186 -332992.261125266 103.629904781655 121.384657641999 78.5279098176668 987808.900144986
105800 0.2116 -1.47620652066416 0.00776398819619716 -0.0124814091174771 0.132851718251657 0.00270770350622023 0.28302355412059 1.57029057928437 373.712736558252 -333000.632866228 103.646193179306 121.371878711331 78.5079940403861 987609.618109973
105900 0.2118 -1.47627536884469 0.00488535001039695 0.00039539056621522 0.137534394159444 -0.0332125476346871 0.310143498411321 1.59242902534749 374.148526014579 -333005.879997859 103.653204885971 121.405047045451 78.4880782631054 987695.720522129
106000 0.212 -1.44092536453019 -0.00214676985851622 -0.00478640665182821 0.128348807035115 -0.0346607928883465 0.306977103376243 1.54984584579778 374.007133980047 -333008.70278474 103.646199944363 121.444340603658 78.4681624858248 987697.939480695
106100 0.2122 -1.46118636079597 -0.0219781857033953 0.0232630877142844 0.117216628586696 -0.0375196059914556 0.289821210448416 1.56074018762201 374.99167368661 -333018.3271202 103.651146845285 121.479149761194 78.4482467085441 987777.426310403
106200 0.2124 -1.42655508131588 0.0216188135229584 -0.00791760008228212 0.141823833016124 -0.0512969817568291 0.319705259342113 1.55890239100796 374.125132571065 -333012.910143107 103.69625399476 121.468927500545 78.4283309312634 987873.277077024
106300 0.2126 -1.44901630494803 0.0130381894456734 -0.0323475905937112 0.138657680506746 0.0186843687573083 0.287742427987219 1.54286066075602 375.282922397726 -333026.359313133 103.710353613005 121.47184881052 78.4084151539828 987780.463273198
106400 0.2128 -1.41842008472049 0.0222804477208443 0.0225032793236002 0.151142688118792 0.00049202578199039 0.305852780263881 1.55727644938472 373.698111485116 -333015.619610445 103.700675356587 121.525844629913 78.3884993767021 987876.339009042
106500 0.213 -1.37859775931237 -0.0216883288711375 0.0304430716685084 0.158331709857044 0.00595914836731101 0.313564970723434 1.51160205488675 374.088887981842 -333019.643170565 103.680129192898 121.584939358097 78.3685835994214 987909.836761286
106600 0.2132 -1.38893072181941 0.000911371926003975 -0.00855276438637585 0.162426362860481 0.00868150495115078 0.338869482668375 1.53051220670976 372.764584857184 -333012.792323616 103.708282391299 121.578758672454 78.3486678221408 987876.746920296
106700 0.2134 -1.39112634825035 0.0392371018968457 -0.0261107112144483 0.155285399945459 -0.0241737387201662 0.327826524784924 1.53402844793421 374.528006605031 -333029.129931311 103.714665061976 121.594359534446 78.3287520448601 987813.156178237
106800 0.2136 -1.36550803572579 -0.0321678992204454 0.0235444588639401 0.149725222886238 0.0170895452562618 0.325095160749259 1.49678755506473 373.56329342467 -333023.815156541 103.673749745259 121.693493544329 78.3088362675794 987977.23034525
106900 0.2138 -1.41056920766641 -0.00911210325195881 -0.0184831272165482 0.14684378040432 0.0149887346085938 0.344679508263374 1.54039342629372 373.401543029077 -333024.849840777 103.670251536535 121.711525322636 78.2889204902988 987838.986299257
107000 0.214 -1.41279759891612 0.0214183068800163 -0.00882940079238449 0.132440229125887 0.00804434045224306 0.327332858546851 1.54556275277534 375.810613121595 -333044.47293838 103.696989258552 121.720806100081 78.2690047130181 987917.72688089
107100 0.2142 -1.38568956667195 -0.00501244038603567 -0.0022668648452027 0.127995428198512 0.00104857514976102 0.334774482484078 1.51507137402765 373.922901053968 -333034.375626068 103.690393826142 121.75946388215 78.2490889357374 987917.18667893
107200 0.2144 -1.38497793621198 -0.00247523630979279 -0.0118979935535333 0.14605516774487 0.0189094373049293 0.342055640849051 1.52133189577534 373.45084793596 -333033.273859006 103.688660362162 121.802250548798 78.2291731584568 987996.295901113
107300 0.2146 -1.44878886071231 0.0153366380472517 -0.0382473176359751 0.158080789943558 0.0118792927796793 0.326929331640284 1.56975202037871 376.336128021997 -333056.688494194 103.670010719284 121.831941422745 78.2092573811761 987807.843922267
107400 0.2148 -1.46869760625765 0.00409074400535458 0.0391862546258088 0.128453483231434 0.00711906946392653 0.355618244506139 1.62821111091723 373.177644430941 -333035.545586161 103.633990074891 121.916188331968 78.1893416038954 987895.829010143
107500 0.215 -1.48280385333789 -0.0273320317578645 -0.054198918935989 0.162107751676856 0.0183786207438729 0.350634959183057 1.59018891021954 371.756547866477 -333025.918302097 103.633452834622 121.912943719409 78.1694258266148 987612.795450331
107600 0.2152 -1.44444307337942 0.00608535110392818 0.0235012910169562 0.155319973041532 0.0255587006712835 0.33207247662824 1.59208899057153 372.266114614754 -333029.167966101 103.652396090653 121.951210954088 78.1495100493341 987851.63432532
107700 0.2154 -1.47066773879355 -0.012053168568725 -0.0320581530474048 0.153292943619612 0.0195993602118647 0.333490590928282 1.58242649409201 373.155833561562 -333036.633152735 103.632150487209 121.971999827755 78.1295942720534 987575.310219919
107800 0.2156 -1.44260073543809 0.0325417843212894 0.00632942805622782 0.171353035817181 0.021967778116055 0.349483745535416 1.61059479187383 373.97611770905 -333041.772067295 103.641803562173 122.029014104812 78.1096784947728 987877.092088069
107900 0.2158 -1.45304182432127 -0.0110686397216197 -0.0324857387503656 0.148718736764575 0.00940185282448265 0.366735434581227 1.58712447028596 373.929701231147 -333042.751257322 103.611709866593 122.049519741195 78.0897627174921 987504.353176053
108000 0.216 -1.44435149548462 0.00838324345888741 -0.0195018803882389 0.14071771226064 -0.0207479373918067 0.334755817342336 1.5708552892727 374.173406818533 -333044.439181509 103.608744514206 122.096621240486 78.0698469402114 987605.238805673
108100 0.2162 -1.43252898876641 0.00224791539326384 -0.0307986677154835 0.173764006247335 -0.0140303862241388 0.345686130357663 1.56905430566902 374.009199453698 -333043.812100403 103.611754437985 122.115648404412 78.0499311629308 987535.852749769
108200 0.2164 -1.42091338479795 0.00848229507741903 0.00504970182102334 0.162179975326088 0.00410352840698672 0.338550122186147 1.56878403997957 373.975990525285 -333044.810378968 103.629454845773 122.152690447212 78.0300153856501 987752.057343767
108300 0.2166 -1.42424131308109 0.0104186264129622 0.00288387676165687 0.134626876968775 0.00223714523425472 0.332695710516726 1.56011013098907 374.66215764992 -333050.891738215 103.631929615938 122.188238886044 78.0100996083694 987810.919157398
108400 0.2168 -1.40400609881218 0.0150108664464452 -0.0117018424400121 0.151205726333553 0.011271359644583 0.304260792614471 1.52417566731988 372.993543787941 -333039.324907662 103.618736722601 122.232417442 77.9901838310888 987790.02982585
108500 0.217 -1.42025330884698 -0.0133026742351298 0.00252699207822637 0.14782806198803 -0.000457472082771371 0.315027914795631 1.53795969469701 372.256422168321 -333033.55153357 103.613916548035 122.277294810503 77.9702680538081 987854.402036576
108600 0.2172 -1.39587420750209 -0.00401118175068986 -0.00670502537308536 0.172348182545505 -0.00673121836620885 0.310473218943079 1.5205160153504 373.608883088499 -333044.276654644 103.620890242372 122.30458284664 77.9503522765275 987888.959934462
108700 0.2174 -1.39582948940076 -0.00274455339491327 -0.00244585745118239 0.142207424129563 -0.00465867143758799 0.321112181815577 1.520254880271 371.637606755309 -333029.538091969 103.620158616995 122.349991732794 77.9304364992468 987996.272027373
108800 0.2176 -1.38033523201467 0.00376875582956445 0.00457658765612735 0.140403244763539 0.000330144714235006 0.344408152892569 1.52704063231953 371.812308620213 -333030.299936725 103.609524512549 122.393929705462 77.9105207219661 987997.092530363
108900 0.2178 -1.36170266511365 -0.00733519138876229 0.0111204101610249 0.157743645893966 -0.00502056694349799 0.300083257567249 1.48476335007069 376.132364904214 -333063.290659149 103.602932246858 122.439669901345 77.8906049446854 988050.800177505
109000 0.218 -1.32070430855813 0.0372318046848702 -0.011521163205506 0.143598586328591 -0.035678798689187 0.32681373480377 1.47182409532698 373.639649285545 -333043.388479311 103.638644497383 122.448096653363 77.8706891674048 988206.670818501
109100 0.2182 -1.36159280437574 0.00485045214475025 -0.00204358932170384 0.141556982583814 0.00208153714349216 0.313756001016228 1.48769990438007 371.929750562828 -333030.928522026 103.632755895069 122.474935687396 77.8507733901241 988114.332763274
109200 0.2184 -1.34248854859588 0.0112445179639711 -0.013078003659099 0.106837722599333 -0.0126277828428571 0.340271591866393 1.47727253649266 372.405187847963 -333033.902258518 103.612599111691 122.504711467385 77.8308576128434 987909.531909881
109300 0.2186 -1.38599045955158 0.0113962345945536 0.0152440583508836 0.164031530014565 -0.00572585494129307 0.348083732891689 1.54996306940374 373.838952848154 -333042.777610025 103.586380297734 122.555100859692 77.8109418355628 987812.963411476
109400 0.2188 -1.35819888532086 -0.0166807869586536 -0.0165662825431733 0.143175561825228 -0.0345891786425034 0.359281951241285 1.50072047727182 373.88810559482 -333042.385962183 103.582517709252 122.586136209002 77.7910260582821 987773.383464434
109500 0.219 -1.38728262229999 0.0305199393691667 -0.00568569066659002 0.140624272842992 -0.0198142800442843 0.359434388019013 1.55184571713848 373.168651817193 -333038.346980006 103.590310052225 122.635510681024 77.7711102810014 987992.564050821
109600 0.2192 -1.40527915199964 -0.0282801828503894 0.0365874222788323 0.148161102511285 -0.0110398424660589 0.367076064406402 1.56847437819838 374.701267274853 -333050.207409253 103.574754079676 122.671592409647 77.7511945037208 987881.798256491
109700 0.2194 -1.3854367103023 0.0324633272072863 0.00387843186238323 0.167097987908414 -0.00489484220924032 0.371654173984387 1.57128757860544 371.860616759757 -333029.997670898 103.649278800733 122.660160981817 77.7312787264401 988247.278634839
109800 0.2196 -1.4006499894495 -0.00840848679560843 -0.0131443062648556 0.136634545569898 0.00892040432193028 0.401181373838653 1.57189396188106 372.856157264992 -333036.647995323 103.64887662755 122.665643844467 77.7113629491594 988034.405906136
109900 0.2198 -1.4091813825157 -0.000407726380600574 -0.0085840561128306 0.155645959384841 -0.025342421886461 0.408508748946915 1.59638133652825 373.320492488845 -333041.096621477 103.636215002407 122.70288416878 77.6914471718788 987960.373376739
110000 0.22 -1.40489125245263 0.0121483552149707 -0.00683707272559755 0.151734410487751 -0.0298394006149538 0.391619907492048 1.58533851656678 372.823580554985 -333037.427595205 103.634375992084 122.726913852144 77.6715313945981 987883.013926731
110100 0.2202 -1.44689544164973 -0.0223506167855312 -0.00554361809122847 0.142297657149975 -0.0123608478413974 0.402452814980651 1.61265675284317 374.512507868608 -333052.765121954 103.62611377755 122.731038352482 77.6516156173175 987584.160916983
110200 0.2204 -1.42508957354216 0.0149007466771879 0.022080593238128 0.15415817515594 -0.0201170758002734 0.393530232585779 1.61897159736235 374.388330228772 -333054.957115408 103.661960223985 122.744104014051 77.6316998400368 987777.553033395
110300 0.2206 -1.42507778982906 -0.00109895224504097 -0.0309191357410283 0.151364285661966 0.0132052891241108 0.380889597752312 1.57817264579383 374.858247515569 -333060.162725722 103.66558172865 122.743778720264 77.6117840627561 987556.029440938
110400 0.2208 -1.39922116111352 0.0107537221235573 0.0413843816476333 0.157517466726819 -0.0120458573336588 0.373918359696284 1.58948773301681 373.537630349622 -333052.247399331 103.651054411763 122.823080833878 77.5918682854755 987802.043601444
110500 0.221 -1.42424608524225 -0.0236065865251351 -0.0221173374268576 0.158606947041327 -0.0202945813681304 0.411933511879939 1.59676262481846 373.084533774987 -333050.782016344 103.636937893794 122.853982018147 77.5719525081948 987662.428573206
110600 0.2212 -1.43235787288402 -0.0311807322051108 -0.0226523852634806 0.155963110888855 -0.00619662393664934 0.422491919652126 1.60745350597711 375.101595508281 -333068.398902928 103.642661444265 122.872118587519 77.5520367309141 987609.164563964
110700 0.2214 -1.40174593425156 0.0569771773227925 0.0442601473390722 0.13753015538284 -0.0132865859558349 0.407130683378277 1.63218369818078 373.19900373336 -333055.445828793 103.692646706743 122.890446094343 77.5321209536335 987979.071845151
110800 0.2216 -1.45032159123963 -0.0454550282121223 -0.0371473012868181 0.14403619321146 -0.00420282085224777 0.406819775785948 1.59505159223675 373.348091266064 -333058.168552449 103.681560873197 122.86091988309 77.5122051763528 987382.400208382
110900 0.2218 -1.4243152413091 0.0335188021608844 0.00958267734383901 0.152586608957345 0.00724067213951914 0.407245474662663 1.63049381180743 375.289123224063 -333073.050907782 103.701599546588 122.915838361103 77.4922893990721 987760.817486234
111000 0.222 -1.48358709102617 -0.0279985488728361 -0.0115805103598046 0.139874274040514 -0.0327942096498058 0.415658404407355 1.65019453714374 373.619593727553 -333062.66979074 103.663821214218 122.948082761307 77.4723736217914 987406.169828846
111100 0.2222 -1.478118300733 0.0577639528205999 -0.00544312983874007 0.126019429466695 -0.00685919749319001 0.416691361914037 1.68360616071135 374.255280080285 -333067.025368817 103.685571373339 122.991125279595 77.4524578445108 987705.118304958
111200 0.2224 -1.43682444304449 -0.0526142423541505 -0.00796353011053303 0.146030623070715 0.00240972257352012 0.419529387496741 1.60369713692668 372.778051423976 -333058.607394988 103.656661299544 123.035184618268 77.4325420672301 987529.45653232
111300 0.2226 -1.4229811136703 0.0221910514039979 0.0236670372711833 0.12052719692828 -0.0248856402473984 0.431711037297872 1.6417123313709 373.042533470239 -333059.323214534 103.685970336924 123.077655872146 77.4126262899495 987895.515481536
111400 0.2228 -1.39798485841244 -0.0236422798080521 -0.00970394616707082 0.1294442320879 -0.0296195307418891 0.41588744994047 1.57478707653695 372.639951119611 -333054.296897307 103.690495448549 123.076931932227 77.3927105126688 987678.655329257
111500 0.223 -1.42721102132962 0.0588732210220611 -0.00722414768170432 0.14064908442107 -0.0259682649029181 0.41137894238745 1.63818693357476 373.004689029853 -333055.696229717 103.740092124794 123.07973910107 77.3727947353881 987919.323738713
111600 0.2232 -1.45408586949895 -0.0364472908889001 -0.0461299925903269 0.139993295713525 -0.0218602538254292 0.413792217339571 1.60311144366734 371.598801694003 -333044.670239165 103.706559467861 123.10265396542 77.3528789581075 987529.606033808
111700 0.2234 -1.41617077036985 0.0297265654849525 0.0333605494504817 0.117623793829056 -0.0348592753891229 0.411397746048298 1.62750808711749 373.254518868245 -333057.191662457 103.727551282057 123.167091353821 77.3329631808268 987992.07834536
111800 0.2236 -1.44771503805035 -0.0435618659766423 -0.0174750574611421 0.119189559470153 -0.0236915610793275 0.395824144399519 1.5884864212443 372.960860023395 -333053.009809791 103.745368107336 123.116228181157 77.3130474035461 987499.330369599
111900 0.2238 -1.4005536412001 0.0327217185580506 -0.00716694115977635 0.121377131109387 -0.0273074646342291 0.397524447681401 1.58720172165138 373.923031642499 -333060.663694324 103.803374696169 123.122549650946 77.2931316262655 987847.663279939
112000 0.224 -1.39855870211425 -0.00784876846739654 -0.0135320876985748 0.118350624308388 -0.0316648520067716 0.420412754500166 1.58160419289096 372.586686213208 -333051.952501069 103.771541650217 123.16983837857 77.2732158489848 987669.463962754
112100 0.2242 -1.44674951188499 -0.0122251845778993 0.0136266074453861 0.131400553069595 -0.0207602420283002 0.407793094164705 1.62714175389916 375.301197915726 -333074.172426415 103.756819473792 123.199726596053 77.2533000717041 987514.395100241
112200 0.2244 -1.46399806688484 0.0595729737320003 0.0200002287982633 0.125467426418982 -0.0236433641996793 0.386360852161611 1.66110511567056 373.3999366388 -333061.135581266 103.811975470843 123.197030328366 77.2333842944235 987763.014049914
112300 0.2246 -1.47559808249368 -0.0412393176582095 -0.027669265217094 0.125046500406403 -0.0193310522847384 0.414500811178233 1.62496069311937 372.950116120743 -333059.80626305 103.803323838598 123.203723851176 77.2134685171428 987479.654951192
112400 0.2248 -1.46616227299984 0.0220518556643751 0.00286624108301019 0.12823891236788 -0.00379308017030183 0.408328598035711 1.65413803175685 374.419738293091 -333072.350306965 103.832086639058 123.224181101196 77.1935527398621 987662.470807043
112500 0.225 -1.46439042643649 -0.000174095127469108 -0.0215454571119516 0.133166424280512 -0.00112351829689858 0.411347156336598 1.63521161577663 375.827907432308 -333084.520440839 103.830384059773 123.241204354588 77.1736369625815 987527.871771903
112600 0.2252 -1.46789212113106 0.0118571242307124 0.0197998380169048 0.12857583090803 -0.0250720437179577 0.387185171623939 1.6439866991458 373.968462148748 -333072.043783031 103.80292209216 123.31965702949 77.1537211853008 987640.213617151
112700 0.2254 -1.49095981505834 -0.0221598322350771 0.00755943347260728 0.140087614703775 -0.00684740062373592 0.401044576995388 1.65633113221213 374.617157744874 -333077.713373608 103.768310000626 123.372703047647 77.1338054080201 987480.621453721
112800 0.2256 -1.47343421812961 0.0166512499259746 0.00105878011028557 0.115899561092047 -0.038972011725254 0.396818957855824 1.64760861504212 374.362774010594 -333076.161538673 103.782786037335 123.395291333135 77.1138896307395 987544.153708839
112900 0.2258 -1.45127805275594 0.000384414980668137 0.011924155461115 0.131921889884799 -0.023382754197928 0.404564258538853 1.63373070808002 374.043758865343 -333075.238045755 103.808859893234 123.41016918431 77.0939738534588 987656.215610895
113000 0.226 -1.46226092826226 0.039768638763616 -0.0293226097952333 0.129139444128018 -0.0369665125878098 0.383133708308494 1.62837163917322 373.612366754294 -333073.005522174 103.825064921329 123.417915928224 77.0740580761781 987617.202087802
113100 0.2262 -1.48551934241086 -0.0269527905512574 -0.0256014587193448 0.129879593502234 -0.0356711304530354 0.396021700969884 1.6292060022285 374.471940751154 -333080.361368347 103.779743216205 123.468500559326 77.0541422988975 987335.508749315
113200 0.2264 -1.44038356506637 0.00825203178532346 0.0607230266401426 0.120121382193545 -0.0545247135545261 0.408242463601006 1.65212034928505 373.490374353117 -333073.03212322 103.770700007039 123.555020634145 77.0342265216168 987685.937120933
113300 0.2266 -1.49733573375233 -0.0021947822109891 -0.0357507739326795 0.110640875844702 -0.033281074612055 0.382851610513522 1.63284252124543 374.850351452416 -333082.368328001 103.77139213523 123.543304219142 77.0143107443361 987343.538893849
113400 0.2268 -1.45038028971192 -0.000158165327913364 -0.0197091384818853 0.128006132538843 -0.0407538431540571 0.393469298228932 1.61051755651015 371.821960592344 -333061.07745811 103.794065884998 123.589086514936 76.9943949670555 987669.761387753
113500 0.227 -1.45827633582153 -0.0119743338513694 -0.0234830820705673 0.140669501280997 -0.0095234874549551 0.402642426465037 1.61903532808264 373.642154479289 -333074.950656673 103.791091079008 123.614080100607 76.9744791897748 987585.665948178
113600 0.2272 -1.43955541832691 0.0151246973295579 -0.024354890491314 0.146664011427442 -0.0113390526771111 0.374056586853532 1.59527252059322 374.30564955957 -333080.912325454 103.780886045703 123.677353222731 76.9545634124941 987738.393905719
113700 0.2274 -1.44010750963193 -0.0135690346076548 0.0241798748414989 0.130371072862943 -0.0297335170195114 0.369464414843479 1.59794906994462 373.947053914942 -333079.497522048 103.746239919398 123.756424597941 76.9346476352135 987784.230032597
113800 0.2276 -1.43957448876761 -0.020237848410913 -0.0304419805700536 0.13520878184106 -0.00268935782790836 0.370199613751077 1.57039699706074 374.075155957827 -333082.814809136 103.738259499822 123.77743973837 76.9147318579328 987620.242772415
113900 0.2278 -1.38262447487048 0.0314858699016516 0.00266135872714771 0.153479975458567 0.00215764751250634 0.369202960315907 1.5618555095936 373.057596870705 -333076.16384904 103.770045577063 123.817029947112 76.8948160806521 987982.955277967
114000 0.228 -1.4594728543741 -0.0118265289429164 -0.0310012791141512 0.14276313163144 -0.0260721679226277 0.366592420611975 1.59205606546464 374.019032514766 -333083.987330689 103.744260186189 123.83378066041 76.8749003033715 987615.223669771
114100 0.2282 -1.43357289285884 0.014810296204623 0.0140634394906523 0.117453445502732 0.00153799843280988 0.386871950250455 1.6084574706899 372.002785698535 -333069.685973253 103.720204749326 123.925534333906 76.8549845260908 987861.829942834
114200 0.2284 -1.48703396530712 -0.0363299416965537 -0.00847894267216263 0.129676590686592 -0.0204406383645596 0.379129799717803 1.62130846149693 372.682682313575 -333074.300343763 103.696418987655 123.955499548357 76.8350687488101 987618.105453894
114300 0.2286 -1.4613462932444 0.0390846273387654 0.0161301475271304 0.133080478295799 -0.0183219747547548 0.346188840033256 1.62205323851838 372.248578915404 -333071.795268012 103.722237820571 123.973563385865 76.8151529715295 987751.873901909
114400 0.2288 -1.5411624523044 -0.021818603383979 -0.0580644973362284 0.130062665227664 -0.0187677878705962 0.362340064150331 1.64326688841593 372.566597772325 -333072.929369867 103.697716133038 123.983776530672 76.7952371942488 987343.652213152
114500 0.229 -1.50259560926884 0.0137900875442055 0.0306170215142486 0.125418010840509 -0.0178226486753991 0.354047861848097 1.6581364501705 374.365858396521 -333086.094604003 103.676777021714 124.063204461296 76.7753214169681 987520.513036435
114600 0.2292 -1.52102567824458 -0.0177057088259306 -0.0173183733995184 0.12793246705516 -0.0284559050781321 0.335427137927084 1.62776436504759 372.934505812761 -333073.658465202 103.657189908656 124.102536807472 76.7554056396875 987390.766144194
114700 0.2294 -1.49104642337098 0.00703241082839997 0.0172286397675625 0.119854505295443 0.00214578095236221 0.349122266134089 1.63351985047672 373.947006150902 -333080.74311202 103.668124311184 124.133199921346 76.7354898624068 987482.622076165
114800 0.2296 -1.56240839986983 -0.0241638004676476 -0.0273901839058602 0.132323497698559 -0.0173923777122791 0.34874292761316 1.66719668529488 372.408490908693 -333068.620438407 103.684143890434 124.105723842787 76.7155740851261 987160.336525229
114900 0.2298 -1.50448054882196 0.0205526747323211 0.0339865769245971 0.13724272619237 -0.0250049932948959 0.371599202842516 1.67899800453855 373.902727806396 -333078.844657575 103.719885226213 124.144339605977 76.6956583078455 987551.44681473
115000 0.23 -1.56452340187383 -0.0154223198530941 -0.028102612911998 0.116230833239862 -0.0381753321045497 0.372866869820077 1.68588905091973 373.409092678363 -333076.095165086 103.711883633885 124.143526516303 76.6757425305648 987212.374680721
115100 0.2302 -1.50800050760123 0.00957753824514456 0.0423778492924105 0.116616395322635 -0.0182664707968365 0.354169550312532 1.66493344357303 373.265116750014 -333073.950787068 103.752172596981 124.177063691806 76.6558267532841 987606.086886738
115200 0.2304 -1.53808747707671 -0.0100556368939539 -0.0259182688936476 0.116409308183724 -0.0155532199198 0.336667401164439 1.64082547122085 374.048893757269 -333081.199898526 103.799120409752 124.126737231505 76.6359109760035 987395.940481635
115300 0.2306 -1.53324453539864 0.00908392593657797 0.0316830470101431 0.111661553885619 -0.0207055819128018 0.362528901138366 1.68733984551072 373.822397921793 -333077.61844233 103.816220639343 124.155148110943 76.6159951987228 987527.94514118
115400 0.2308 -1.53278241093331 -0.0224730888992586 -0.00237958251749635 0.101074894225663 -0.01859064089084 0.36759635888608 1.65796619233798 372.819997462596 -333071.314138253 103.808619559272 124.208261103159 76.5960794214422 987621.278718699
115500 0.231 -1.56941048463372 -0.00785019462077722 -0.03941063740827 0.107926502590271 -0.00177999028868524 0.373803898136908 1.68651268138414 372.09102179418 -333065.091152397 103.815476828203 124.212461808315 76.5761636441615 987463.103816088
115600 0.2312 -1.53312393739788 0.00831782410246088 -0.0385290669618575 0.117965029434392 -0.000370732807919994 0.371087187660164 1.6615927119454 372.914589078129 -333069.502169957 103.837520068048 124.220635260241 76.5562478668808 987480.874950272
115700 0.2314 -1.49047310140522 0.00420103278031083 -0.0185024891720587 0.112710128555404 -0.0142113336936974 0.371284716022616 1.62877422517799 373.646988272484 -333075.359377468 103.847021182577 124.25221432785 76.5363320896002 987565.309526345
115800 0.2316 -1.52896337056797 -0.00916584836971652 0.0133404732378728 0.112277587331268 0.00600851088551507 0.388568533349239 1.68385857084043 374.288625356176 -333078.011377824 103.827477932611 124.315283013857 76.5164163123195 987623.577203744
115900 0.2318 -1.57089649974142 -0.0360882272144303 -0.00694460385309144 0.100873522058099 -0.0153547242295088 0.344431808357892 1.66983507427473 373.281642451048 -333070.73863238 103.801842487742 124.342704580301 76.4965005350388 987340.472803157
116000 0.232 -1.53673819457354 0.00963678046332075 0.00392948463606798 0.0932539294285094 -0.0108580836603898 0.363737289640288 1.67506404200914 372.801312312679 -333066.980132899 103.83328661468 124.350825108348 76.4765847577581 987446.915246991
116100 0.2322 -1.56029570420739 -0.00603738040237412 -0.00883526742658671 0.125559276842734 0.00457001344128528 0.371596405669905 1.69498903928175 374.460440978005 -333080.161340291 103.828821865286 124.370436658089 76.4566689804775 987303.003673213
116200 0.2324 -1.56016423625422 0.000528837092116777 0.0452590453777927 0.110701113638431 -0.00207496035406625 0.357948202480705 1.71135375069171 371.549715793189 -333060.22549957 103.855732089529 124.376770611013 76.4367532031968 987351.929266093
116300 0.2326 -1.58744291684749 0.0392852827150266 0.00245268329910824 0.121701481499598 -0.00195592614523918 0.377752258653491 1.74934850244051 376.007382461997 -333093.674920039 103.902567693745 124.337459140075 76.4168374259161 987227.691048941
116400 0.2328 -1.5740975502744 0.0421463166991961 0.0227439981368474 0.109625458063309 0.000726291788922485 0.364586381445603 1.73668831497962 373.762445493086 -333077.864095798 103.928554347621 124.350857799802 76.3969216486355 987323.629665996
116500 0.233 -1.6168610385614 -0.0207285320263072 -0.0101419669460323 0.0814607168352894 -0.0160327612487828 0.379959989509434 1.73736469653931 373.186062528137 -333074.636787106 103.931222131121 124.343842160729 76.3770058713548 987035.893595319
116600 0.2332 -1.61090552119113 0.000737844774744622 0.00255009565885635 0.0811399617872385 -0.0142309158552187 0.353420641995851 1.73072106738519 373.711861860228 -333080.218922607 103.948961546543 124.373484862137 76.3570900940741 987182.226597422
116700 0.2334 -1.63914474462087 0.0141100456841861 0.00899913570688934 0.0858519121875353 0.00817949987399095 0.36375407545826 1.77315857554688 374.90970475638 -333090.236380649 103.952975849267 124.400692218755 76.3371743167935 987178.761992094
116800 0.2336 -1.6375372862995 0.00229318424088135 -0.0152805916875724 0.101579306950087 -0.00139933467050455 0.407027900221221 1.78564018557843 373.627688520154 -333081.11374143 103.961484892562 124.424130790752 76.3172585395128 987187.961808325
116900 0.2338 -1.63594406233837 -0.0188644165389932 0.0047168083843471 0.123941520591711 -0.00387111200315796 0.432823050099771 1.80603771003577 373.110254347234 -333077.263521695 103.950995286684 124.47735585329 76.2973427622321 987252.902463645
117000 0.234 -1.6126762992025 -0.0012269682259927 0.0246913372784867 0.113857972038532 -0.0162302101999906 0.404948949374207 1.7806849435786 374.005883793545 -333083.02692544 103.966807531798 124.504497137093 76.2774269849515 987360.574749271
117100 0.2342 -1.64628206173316 0.0223673190400926 -0.00349381307446063 0.109071736815095 -0.00402830579413861 0.400458125891742 1.8051994728718 373.144991465539 -333075.61542587 103.989018654599 124.495617528604 76.2575112076708 987243.244811531
117200 0.2344 -1.6357302380413 0.0275232181171929 -0.0115718601565234 0.102404615446684 -0.0152549167927478 0.416154289753498 1.80405845038485 374.084407921819 -333083.084911131 104.005005394648 124.502890285098 76.2375954303902 987194.812074658
117300 0.2346 -1.63253274183616 -0.0163509082221186 0.00519284438400142 0.0958822376208055 -0.0274609595180906 0.411272371839582 1.78454584952375 374.293003452602 -333085.711476766 103.991490233729 124.540754561263 76.2176796531095 987108.786364496
117400 0.2348 -1.61139490685126 -0.0157966205292645 0.0213331579855866 0.0972296013332298 -0.0149658984317799 0.401676027892661 1.76624469917416 375.052890751102 -333092.720707911 103.996196014709 124.579755906229 76.1977638758288 987204.567635432
117500 0.235 -1.63123801566544 0.00147938196728678 0.00799762314240177 0.0974699444719307 -0.0319888710714308 0.372513247161069 1.76757472983294 373.374854224232 -333081.564585734 104.023077005763 124.587130462906 76.1778480985482 987260.086714684
117600 0.2352 -1.66536421846672 -0.0200124085842307 -0.0145314014904271 0.107783462037183 0.00966399866497715 0.393152853604835 1.79306171289048 375.377061388676 -333097.822582814 104.019107652343 124.576879147588 76.1579323212675 986883.107401917
117700 0.2354 -1.63264077925762 0.0461924182207213 -0.00292753076483274 0.12735338714179 -0.015228175211168 0.397544156486293 1.80607471883301 372.955290136864 -333081.18602583 104.027710366741 124.660746127363 76.1380165439868 987370.893690369
117800 0.2356 -1.65910619238432 -0.0475436648855866 -0.00847562537156842 0.10569439383263 -0.00573186074433845 0.395437708476352 1.77886089997335 372.922704586852 -333081.402234693 103.978084750478 124.712692986036 76.1181007667061 987052.867360182
117900 0.2358 -1.67096524086028 0.0196964786075983 0.00776431831551946 0.10416083563973 -0.0141372290128998 0.392606838654001 1.82589008199744 373.133267735847 -333081.710179435 104.003944172244 124.73094164336 76.0981849894255 987184.457479772
118000 0.236 -1.63412621459306 -0.0128791835915131 -0.0159015003118099 0.135950997778221 -0.000443081523665436 0.385654931230852 1.76782039139234 373.39029428446 -333082.815570648 104.004386335742 124.739328389843 76.0782692121448 986996.655601353
118100 0.2362 -1.60938497124611 0.0310176396315625 0.0121790305082801 0.113718256958304 -0.0133308360394396 0.382265011347976 1.77146295234896 373.809704874101 -333085.582281898 104.01497008056 124.782364597958 76.0583534348641 987179.160819256
118200 0.2364 -1.65464797231916 -0.0185786014659965 0.00504226156877746 0.130326842583162 -0.023104717835575 0.385502770147209 1.79285253185087 374.986577958025 -333095.623281128 103.999097802149 124.81046121574 76.0384376575835 986992.255101707
118300 0.2366 -1.64479840560474 0.0117013883960722 -0.0140193534822586 0.137869225368123 -0.0222480172135709 0.383102090223935 1.78909391810127 372.68348950271 -333079.436307189 104.012225054842 124.825794188477 76.0185218803028 986979.53057134
118400 0.2368 -1.68418302238209 0.030175728904771 0.00659366360524644 0.120811648658698 -0.0178746341205729 0.376265053057247 1.83538142176067 373.279843237279 -333082.82594436 104.035019120833 124.841264425609 75.9986061030222 987059.509457183
118500 0.237 -1.68229263794175 0.00386404529313209 -0.0327870175563936 0.143401177708967 -0.0134104839044053 0.381735507699078 1.81164716109669 373.277369733497 -333082.637934567 104.022571486661 124.880193447215 75.9786903257415 986990.452294356
118600 0.2372 -1.67740855177011 -0.0137042475162576 0.0215596775109368 0.142952095457482 0.0048552313464832 0.420566000442628 1.84927775281054 373.668611486881 -333084.313691741 104.003102780313 124.948470769833 75.9587745484608 987086.451302789
118700 0.2374 -1.63762708017566 0.00611506303145603 0.0189320101519866 0.142285804639113 -0.00557713914617179 0.39619033437243 1.80412019300735 372.544046440337 -333076.26649606 104.021227150471 124.986669865377 75.9388587711802 987301.361613444
118800 0.2376 -1.66485826396786 -0.00116200346501326 -0.00655798978300553 0.146270704003965 0.00721613978119749 0.37767417782218 1.80310621150585 373.652833563751 -333084.580364256 104.029587469022 124.976912506356 75.9189429938995 987044.699308344
118900 0.2378 -1.63617239677107 0.0225555405124365 0.0127568953259511 0.151915877766925 0.029618667275209 0.402731629380816 1.81484613421405 373.405717299674 -333082.34972078 104.04431559894 125.017456372681 75.8990272166188 987245.643244346
119000 0.238 -1.67665642792544 -0.016186986237754 0.0218055668080833 0.144536247423826 0.00837530423793418 0.399909709146138 1.83421744028325 374.200485260884 -333087.346424166 104.045548809815 125.013113773872 75.8791114393382 986964.005834184
119100 0.2382 -1.66144084924815 0.0134657661605683 -0.00674643387657193 0.129018624371716 0.00675537117229628 0.402325768928872 1.81866422141967 371.981068453363 -333070.717315337 104.091878068689 125.018285517836 75.8591956620575 987185.156568033
119200 0.2384 -1.61231508235021 -0.0221227080111088 0.0009981166005696 0.127352384609102 -0.00260665966676943 0.418299799030605 1.77189541399901 372.566736346753 -333072.765180587 104.086818397774 125.057074075956 75.8392798847768 987184.204397115
119300 0.2386 -1.63320506766371 -0.0237095966172099 -0.00823092521833963 0.105463367467806 0.00885433750077142 0.419060788859712 1.78215226899713 373.352879790857 -333078.636017954 104.095534485454 125.073212629595 75.8193641074962 987134.981437481
119400 0.2388 -1.62296825446286 -0.00967176181047435 -0.0241094528110256 0.137274925721944 -0.00815892676917408 0.434898284160476 1.78991179015165 373.443701253416 -333078.91427546 104.119507215851 125.091613926089 75.7994483302155 987248.186460022
119500 0.239 -1.64244063173094 0.0114372151325593 -0.00671123877764098 0.138189057008679 -0.00821111453397337 0.417614103997176 1.81282142144693 374.029138736763 -333084.325122986 104.108974863521 125.147631315852 75.7795325529348 987330.893303217
119600 0.2392 -1.65558700126646 -0.0028131303511092 0.0220851482149675 0.141342248350186 -0.013615028855947 0.425039430228709 1.83736146938663 373.282405343303 -333077.522919881 104.095764068938 125.199787212778 75.7596167756542 987357.472173386
119700 0.2394 -1.66714124422465 0.0202721359756317 -0.00198972537599334 0.143548595327088 -0.0308625658084236 0.433589325529061 1.85444594006973 373.665315950824 -333080.87961684 104.123975098653 125.193409664951 75.7397009983735 987315.132857096
119800 0.2396 -1.64933656062081 -0.00996304097305573 -0.0123039861569523 0.149869623259031 -0.0304825688764713 0.428518523525943 1.81790208244534 373.359173284227 -333078.336926168 104.140953690489 125.191427631151 75.7197852210928 987200.839222419
119900 0.2398 -1.64553626824656 0.011222469207059 -0.0361015599070155 0.15453152132348 -0.022739588281224 0.416243068163885 1.80600406820997 375.282908438893 -333090.740471001 104.140739469955 125.217555322916 75.6998694438122 987145.132125123
120000 0.24 -1.63074061331015 -0.00880967614292466 0.0104918794091371 0.176636118404657 -0.0196025613047241 0.418132543525397 1.81151773746259 371.530422207765 -333064.073326688 104.128901402131 125.274092033036 75.6799536665315 987218.778344901
120100 0.2402 -1.65201322457997 -0.053115285457387 -0.031724538147092 0.150184265333929 -0.018018551185548 0.410417790362571 1.77907336519664 374.393555187466 -333083.600923203 104.12944657717 125.266218651941 75.6600378892508 986902.121286983
120200 0.2404 -1.64983316214377 0.0320747704999459 -0.000325214389132834 0.138470766558158 -0.0196718156992641 0.396633426919565 1.81824307723978 375.081219639679 -333089.376686924 104.186881010323 125.276685360933 75.6401221119702 987269.026909409
120300 0.2406 -1.61774127059434 -0.0236405745084192 -0.0240378382311138 0.154095371272974 -0.0319910894669589 0.437069036670387 1.78547427226221 373.66972693811 -333079.387049905 104.175294092105 125.287578985343 75.6202063346895 986985.131709941
120400 0.2408 -1.60720580054482 0.0226454063648901 0.0240693729752813 0.122244554634535 -0.0501832772135127 0.43706525557212 1.8122368024843 373.079262594077 -333074.819264798 104.195701314037 125.337167842009 75.6002905574088 987309.108825235
120500 0.241 -1.68520918919549 -0.0314301416976675 -0.0130108515655857 0.131103119127348 -0.0177022605062982 0.424573081885525 1.83277847638038 373.458060047694 -333078.317545468 104.18397068447 125.336432088253 75.5803747801282 986932.098731483
120600 0.2412 -1.67587249147258 -0.0380409240679599 0.0133817524174598 0.139287613713639 -0.00596325637613815 0.426104395540976 1.83639943494116 374.800506071352 -333087.771082778 104.220583430266 125.350111981169 75.5604590028475 987126.506331144
120700 0.2414 -1.63731686433709 -0.0230469882530648 -0.0472729897107765 0.139007985159767 -0.00853073573245541 0.425861987788951 1.78033988488418 372.825476582386 -333073.940839661 104.261797285193 125.308790018779 75.5405432255668 986931.128540709
120800 0.2416 -1.59155269551693 0.0169871661858273 -0.0164813748502747 0.159343460586145 0.0196750422554092 0.426686469954757 1.77713294821787 372.175323891822 -333070.016810804 104.288921417212 125.355730449351 75.5206274482862 987297.318157342
120900 0.2418 -1.67165871550687 -0.00836356288504513 0.00742527377668184 0.144562937823782 -0.00648399294539273 0.421851693031909 1.84112996711132 372.454631230395 -333071.51593573 104.263054372107 125.38473636952 75.5007116710055 987020.470379237
121000 0.242 -1.61792944490261 -0.0222179038713446 0.0182907621112917 0.165298102398016 0.0134269847493908 0.424778290223093 1.79899901258518 374.074081055651 -333081.732596109 104.269171480181 125.426040487761 75.4807958937248 987143.081306072
121100 0.2422 -1.58402891965497 -0.00408086026202646 -0.0119695773787253 0.170529171661583 -0.000624110403280156 0.415955939428439 1.75787773558891 374.147733272683 -333083.164040047 104.282017500088 125.462687621001 75.4608801164442 987292.589968626
121200 0.2424 -1.62585724103961 -0.00371521347730008 -0.00123152345501684 0.152048562211582 0.00858972770818061 0.410385898311497 1.79170511718463 372.864515515599 -333074.136180678 104.275272651522 125.485148919477 75.4409643391635 987144.876344892
121300 0.2426 -1.58326442996157 0.0268160578958638 0.0160773906050383 0.153627556451489 -0.00341319557199238 0.435941187971526 1.7933649276736 373.069136282737 -333075.222173468 104.283962775363 125.535501272902 75.4210485618828 987362.555316904
121400 0.2428 -1.58781549580847 -0.0265300623848892 -0.0307983357259862 0.161951678479755 -0.00406301257449948 0.416932306490745 1.74103378401239 373.225449496538 -333077.647744238 104.251677660698 125.56660018589 75.4011327846022 987040.694805077
121500 0.243 -1.60430239717643 0.00772451716775758 -0.00509861955925504 0.167186186749456 0.00664059900699393 0.422092088555263 1.78790243394966 372.113994875125 -333069.841908291 104.255662947123 125.626169969192 75.3812170073215 987285.86302077
121600 0.2432 -1.58577900755073 0.0273711576238374 -0.0191960892823772 0.135818001333624 0.00925838535934058 0.434566960082498 1.77523070945493 373.760168933921 -333081.955979319 104.236748611965 125.682644954022 75.3613012300408 987289.587207855
121700 0.2434 -1.64555738474243 0.00440543505506609 -0.0184795545219079 0.142546751735146 -0.00325841958436418 0.429794189662672 1.81667315858336 374.082267803643 -333084.251495936 104.207236010426 125.726032583617 75.3413854527602 987089.859051911
121800 0.2436 -1.6336628399798 0.0206643032446664 0.0304609424115623 0.1286888976631 -0.0024553446756067 0.407462476888052 1.8168320534786 374.550041227306 -333087.195776068 104.207275292589 125.775410664633 75.3214696754795 987216.874037205
121900 0.2438 -1.59079740775874 -0.019964945253102 -0.0114043668069289 0.139442038009186 -0.00911027367137027 0.43162855581478 1.760263051655 373.166921634817 -333078.422920066 104.191066262597 125.834220415095 75.3015538981988 987263.733133053
122000 0.244 -1.61664038869595 -0.00537145706196535 0.0381409631845306 0.151188080053929 -0.0122819969599553 0.429541996483383 1.81403862717307 373.367290519009 -333077.983036164 104.18864722652 125.887719978451 75.2816381209182 987399.329183764
122100 0.2442 -1.61604926420356 -0.00833735341430835 -0.0126940960658696 0.160816939035813 -0.00207312754819377 0.406938102657365 1.77542873629052 374.37087385097 -333086.331246692 104.206461928391 125.860380583709 75.2617223436375 987092.482045774
122200 0.2444 -1.6328770527547 0.00206261763871161 -0.0180204280288496 0.123427034573947 -0.0177667307746888 0.436461443420498 1.80519858464982 373.309181004344 -333079.282126555 104.215632217298 125.88346018218 75.2418065663568 987099.095385379
122300 0.2446 -1.64546177888546 -0.00621347138463035 0.0220604453988479 0.156270695203213 -0.00255343980626451 0.438987559386886 1.84002548374748 371.818542097239 -333068.82736419 104.195003754547 125.957292751086 75.2218907890762 987221.165807286
122400 0.2448 -1.65578962269379 -0.00446541525842859 0.0085236172304431 0.16444702748128 -0.00795343821088068 0.411302564721236 1.8268325325892 373.822931657229 -333083.696609949 104.210553685224 125.958189767914 75.2019750117955 987114.111153
122500 0.245 -1.65803235437586 0.00985706789008478 0.00261464989946307 0.135517310051951 -0.00141804115799187 0.412239383321597 1.82613055643462 373.801371682108 -333084.316758026 104.232364154931 125.973471154695 75.1820592345149 987178.985038721
122600 0.2452 -1.68904474724632 -0.00901341221641374 -0.00984941610738372 0.153827068610708 -0.0217645982390443 0.38922309325023 1.82975263796265 373.825751969679 -333087.095806539 104.21804673316 125.982324708235 75.1621434572342 986851.269192536
122700 0.2454 -1.65119292686412 0.0130982785552731 0.0278082893578789 0.164332111011199 -0.00462195840433486 0.41468827536912 1.84161387247084 373.629562419788 -333084.653737866 104.223720092236 126.049805451673 75.1422276799535 987171.972107715
122800 0.2456 -1.67651879264413 -0.0178748826539202 -0.0202837347726007 0.134162508568914 -0.00488000979967586 0.392495235364946 1.80647106364188 372.750453480613 -333077.481700114 104.22071158419 126.065826046524 75.1223119026728 987007.273014472
122900 0.2458 -1.65282510783477 0.0468802810740122 0.0030607356096011 0.158984724668861 0.00641915848608162 0.390662967586412 1.83036688989837 373.643212574442 -333083.611378191 104.244528827663 126.095350882829 75.1023961253922 987202.25452477
123000 0.246 -1.66996936319028 -0.0240345146261852 -0.0207709089830302 0.147177811935478 -0.0177143148206056 0.416712244970273 1.8169635274961 372.972511040551 -333080.783927941 104.209050165451 126.139254412523 75.0824803481115 986948.083777874
123100 0.2462 -1.62173589354865 -0.00165911955298283 0.000381190248160482 0.132009837411999 0.0217373440110354 0.397207337729327 1.77622541090863 373.652977162587 -333085.651214372 104.210001563231 126.204824661849 75.0625645708308 987208.210181326
123200 0.2464 -1.60418637268558 0.00433439129819823 0.0122066465744845 0.139268465725636 0.00071172467115383 0.385680786657745 1.7619595201153 374.609341945455 -333092.618532684 104.234973642139 126.218016213623 75.0426487935502 987285.971159256
123300 0.2466 -1.66685035268083 0.00341926892959244 0.016132666496991 0.157232057205102 0.00226741211156316 0.392943241256922 1.82991568017682 373.567167997903 -333087.515122605 104.277206433224 126.188777361242 75.0227330162695 987195.123951735
123400 0.2468 -1.70827321224946 0.00293969419187618 -0.0471631230640155 0.128642931105477 -0.00063454045205944 0.389500686754461 1.83024694781131 372.555798065135 -333081.07812863 104.304638977352 126.175329028394 75.0028172389888 987087.487420321
123500 0.247 -1.61974103722314 0.0292158126689839 -0.0313695708463825 0.130612317134954 0.00637646216753242 0.39474347935793 1.77245438638321 372.097553889196 -333076.268962522 104.298838563093 126.244066511592 74.9829014617082 987308.075121876
123600 0.2472 -1.58033501241059 -0.0160530974908481 0.0116723553425094 0.160941945990584 -0.00680375893735235 0.396836357515925 1.74396104366303 372.453881959717 -333079.561025001 104.25312168548 126.335196044797 74.9629856844275 987325.382906241
123700 0.2474 -1.60601211953822 -0.0290088042812248 0.00685834969503235 0.135665801537592 0.0306668309026962 0.397165093546821 1.7538659746585 373.257370661065 -333086.213702616 104.267732492012 126.346240642759 74.9430699071468 987287.7138454
123800 0.2476 -1.61451056318169 0.0105717571241696 0.00522470398827916 0.12743050330162 0.00479955436442561 0.411806271439588 1.78599262582559 375.905003102254 -333104.090508518 104.305417556446 126.346117287489 74.9231541298662 987381.11922845
123900 0.2478 -1.68806675368112 -0.0149422272008705 -0.00951007088897142 0.138488018487336 0.0166042330739946 0.421976049949429 1.84418521820435 373.924937382056 -333090.474857131 104.279402285305 126.365628880949 74.9032383525855 987024.858306451
124000 0.248 -1.66062998055393 0.0209944645522063 0.0346696594788587 0.141708847309119 6.83762993905342e-05 0.421614939505109 1.85595420344893 373.67947624803 -333086.617754517 104.304978603214 126.412769159258 74.8833225753049 987372.640686986
124100 0.2482 -1.67687282551658 0.00447472815451027 -0.0098450780434075 0.130631822927152 0.0114507396305613 0.396319527843977 1.8236921242948 375.476196558161 -333097.61228547 104.311400891554 126.415760838751 74.8634067980242 987194.182474759
124200 0.2484 -1.61626703906404 0.060952042070028 0.0170790462110671 0.136592060025175 -0.00358250624587014 0.408473875493905 1.81603068713237 375.222130912467 -333096.053691786 104.315603198492 126.480404431273 74.8434910207435 987476.015436492
124300 0.2486 -1.66299585277375 -0.0342423562318955 -0.0341551173376093 0.157520628020734 0.00253696252212095 0.427522055436525 1.80990688371217 373.379748260345 -333082.136030385 104.281996969268 126.523494825377 74.8235752434629 987231.432908324
124400 0.2488 -1.64268206165267 0.00341201288164 0.00968176532007171 0.152337034426247 0.0261470141521797 0.396313441368973 1.80633589373628 372.496690687585 -333075.321949201 104.28144074967 126.580436611193 74.8036594661822 987407.579398309
124500 0.249 -1.66786972632638 0.00961799862276156 -0.0354054592749069 0.155536216097816 0.0125500819660712 0.434725159558672 1.83860567589793 373.22001537408 -333080.45980823 104.292964741282 126.579233700831 74.7837436889015 987244.397266318
124600 0.2492 -1.6634211695213 -0.00144236748503192 -0.0127509654699096 0.140752951867785 0.0416888896595967 0.43699413466997 1.83876220997283 371.929620883784 -333069.792894777 104.295435659207 126.62275573171 74.7638279116209 987344.230464545
124700 0.2494 -1.70116110440248 -0.0478451337685684 0.000871234891861513 0.12125365457864 0.0199647550931041 0.444029555628764 1.85826811657135 373.130245284066 -333078.865619507 104.282469595283 126.650812799246 74.7439121343402 987177.194998546
124800 0.2496 -1.62828775088674 0.0460540648586366 0.0316678089799185 0.143898182991327 0.0243188641653904 0.400209776992539 1.82316698357302 376.10379642161 -333100.352711438 104.333126370908 126.677165655445 74.7239963570595 987599.018374264
124900 0.2498 -1.69370212783523 -0.0340648560804011 -0.0517726432264686 0.150710778627878 -0.00629990613747441 0.406187283119585 1.81343473709853 373.357115225324 -333081.747566822 104.307602094426 126.670005794853 74.7040805797788 987038.464012806
125000 0.25 -1.63189421843551 0.0430203113878063 0.00727597600300862 0.142713918817884 -0.0140182478562271 0.414408326912754 1.82308577389171 372.820993387246 -333077.407973559 104.320423238625 126.738501041865 74.6841648024982 987430.267274883
125100 0.2502 -1.70002969991129 -0.013640136414671 -0.0370601816547182 0.140937959102847 -0.0116727867484205 0.404536473497206 1.83191470884652 373.041228423451 -333078.091488131 104.295632900528 126.759970229817 74.6642490252175 987099.549554472
125200 0.2504 -1.65172566915486 0.0147142547412298 0.0311847752884287 0.163297642997545 -0.00479652061898401 0.419185819636157 1.84714863116562 372.39981892207 -333073.372872034 104.309295096093 126.820434761126 74.6443332479369 987436.306060809
125300 0.2506 -1.69233774196361 -0.0263475923395817 -0.0299320333907123 0.159217543824825 0.00549748875497403 0.442413241415696 1.85280710216993 374.39831000288 -333088.638820611 104.293288767452 126.830730448499 74.6244174706562 987101.496434039
125400 0.2508 -1.71693879719413 0.0518835284983671 -0.0123540711246821 0.139769581346109 0.00445202776270123 0.397498771806601 1.8846527209906 373.671306962845 -333084.38960944 104.300839936669 126.877786834467 74.6045016933755 987275.669294113
125500 0.251 -1.72180328090745 -0.0146049038703908 0.0133398520972174 0.154528930717915 -0.0217977291923086 0.392789761895203 1.87054239070063 373.229858981561 -333080.292181471 104.270875844924 126.953119844772 74.5845859160949 987314.425474474
125600 0.2512 -1.72228428898972 -0.000919182166038528 -0.000188263394141916 0.146095631208946 0.0205551971114156 0.406687152987697 1.8777218146674 373.445602167262 -333081.244909209 104.266157391467 126.990690397397 74.5646701388142 987298.219159818
125700 0.2514 -1.67615735999695 0.0112665508331215 -0.00746257009598196 0.145162368836039 -0.00823723713515319 0.396115701551528 1.83037949933322 373.948177769645 -333083.305907062 104.28035172292 127.028084850119 74.5447543615335 987459.575974386
125800 0.2516 -1.68887130641264 -0.00313223881634147 -0.0030422482086637 0.144268857914927 0.0280984718905476 0.376204254392304 1.82517558561647 374.040927779662 -333083.516296548 104.266237671238 127.080098591796 74.5248385842529 987466.315656705
125900 0.2518 -1.69741492010517 0.00292438362291744 0.0127012459474457 0.145473518707774 0.0206932034426158 0.405492675929672 1.86169774903355 372.554310954625 -333070.638928048 104.25586407762 127.130339593386 74.5049228069722 987494.460951026
126000 0.252 -1.73366696688107 -0.0174786231169731 -0.0470113517070507 0.163557610612282 0.0162557752551714 0.380247730280164 1.84670028011277 373.037292635514 -333074.486651478 104.2446993403 127.146406342216 74.4850070296915 987249.526240514
126100 0.2522 -1.6926350391356 0.0036463966065084 0.0107923682378749 0.176137040698558 0.0306598704944613 0.334850112882296 1.8225833319107 373.930241288941 -333080.096021049 104.214116182734 127.249443213528 74.4650912524109 987495.593839908
126200 0.2524 -1.73162745484748 -0.0379421701092553 0.0156711088525698 0.14517878512945 0.0278336572013545 0.372629656010384 1.85589913709067 371.335488571688 -333059.054558674 104.213643348921 127.279554400086 74.4451754751302 987460.616459567
126300 0.2526 -1.71697877732126 0.0403659452064843 -0.0385645465256866 0.130933630499142 0.0236296094488024 0.363887029541306 1.84557027667588 374.578900789791 -333082.582263649 104.264266398206 127.266690567102 74.4252596978495 987576.169020226
126400 0.2528 -1.66696536533549 -0.00981252619097133 -0.0259145242919447 0.135511543021336 -0.000189567787687431 0.370385647493723 1.78504290173951 373.156747124306 -333069.60070532 104.226345357366 127.345182729159 74.4053439205689 987561.519185046
126500 0.253 -1.63123553291217 -0.0273813323047289 0.0396177546731188 0.146643403094761 0.0143610759842047 0.392117194837619 1.79184073218971 373.047751181829 -333068.835212141 104.196735736122 127.443912984347 74.3854281432882 987781.932168628
126600 0.2532 -1.60756316319049 0.016448637937423 0.0205926000346141 0.116207156078067 0.0185668473096868 0.380220346203397 1.76618526032896 373.779658703057 -333072.540414862 104.214076425152 127.463052024148 74.3655123660075 987830.137266784
126700 0.2534 -1.60826778532048 -0.0311123076472279 -0.0272843414472504 0.111127990403642 -0.013346948340406 0.354226774484793 1.70513456626443 373.72263785703 -333073.744373853 104.219082817276 127.469464599962 74.3455965887269 987662.715418272
126800 0.2536 -1.60386110497754 0.0169663054445613 0.0204137006366327 0.161938336434426 0.0132916448293298 0.361726181236954 1.76193659931229 374.364698078804 -333078.138260208 104.254803034332 127.505056000968 74.3256808114462 988012.352694099
126900 0.2538 -1.65604764308112 -0.0174258749185391 -0.0123142655443102 0.13634699969568 0.015136581595903 0.345050365440623 1.76270290956673 373.135374018601 -333070.293334933 104.259121659794 127.507864115964 74.3057650341655 987810.282811385
127000 0.254 -1.62813334981304 0.0292616532771365 -0.00634458164528314 0.167088441103476 0.033227640543985 0.322649917245163 1.7574382439872 373.430593244011 -333071.624686053 104.260069532319 127.552904987389 74.2858492568849 987903.347277403
127100 0.2542 -1.61530939673352 -0.0245460532696079 0.016589611407992 0.16123440980344 0.0124699244137081 0.331552189564456 1.73375140382602 372.761050071934 -333069.04722919 104.232050769419 127.619581784997 74.2659334796042 987889.214492067
127200 0.2544 -1.62719125790746 -0.0244721622614822 -0.0118269442210725 0.151890644888961 0.0190533220734155 0.362692385737206 1.74759086309846 374.236715758923 -333079.887878968 104.226929856669 127.637056050698 74.2460177023235 987710.995365927
127300 0.2546 -1.60097579183949 0.0185006593142763 -0.0309843610790529 0.182525793334776 0.0226347096205484 0.337316342489509 1.72853806684749 374.301130944119 -333080.797455862 104.253964476465 127.660162479874 74.2261019250429 987880.98343985
127400 0.2548 -1.61372548885664 0.0111977221953455 -0.00617567843656987 0.15699207219938 0.0174247174068782 0.362030564094693 1.75513407392996 373.886557245831 -333079.60356335 104.228213030288 127.732627562766 74.2061861477622 987932.447236761
127500 0.255 -1.61304237257576 -0.025286196667939 -0.00917580858108052 0.170752318059446 0.024711715807718 0.323653796711177 1.71766265499315 373.535314323901 -333078.523144461 104.204916477803 127.77051732194 74.1862703704815 987739.452943548
127600 0.2552 -1.60472772365975 0.0559670225271775 0.0140030203169275 0.184345490363782 0.0533394694020025 0.354139458665528 1.78233217007583 375.435265751074 -333093.785740525 104.213352631953 127.839139209148 74.1663545932009 988084.618400933
127700 0.2554 -1.63575432316135 -0.0291920582457237 -0.0313309712368967 0.179257589618624 0.0258523165914492 0.292695790243028 1.71260852009591 373.899627922775 -333085.166587565 104.138879981274 127.912792791424 74.1464388159202 987682.095066209
127800 0.2556 -1.54346581816559 0.0208454070133892 0.0407750667422103 0.174679741955056 0.0538653827739094 0.279933898307326 1.67749081320371 374.240780064992 -333090.769932543 104.132502281538 127.997581298782 74.1265230386395 988010.812261661
127900 0.2558 -1.6132206098431 -0.011284094579738 -0.0246449678534034 0.166191026929993 0.0262905064268724 0.288418882172402 1.69689838834188 374.0593064117 -333092.723936509 104.122163912502 128.001328404969 74.1066072613589 987676.20961725
128000 0.256 -1.59710631866346 -0.0056131310990657 -0.00542161035167911 0.172282719941835 0.0515146282508552 0.288337236884117 1.69693128051016 373.914577923927 -333094.426614589 104.137177627905 128.062712804706 74.0866914840782 988026.746231305
128100 0.2562 -1.59213761235758 0.0124796745778757 0.00519915528368369 0.154890170401498 0.0406042977841313 0.293281903370263 1.70238921594507 374.377744945476 -333100.44618282 104.126705354243 128.120051841255 74.0667757067975 988104.033648242
128200 0.2564 -1.59755475711887 -0.0208735397845849 -0.0219594315636033 0.173234818949114 0.00976221207816202 0.296564767411169 1.68474969319942 373.773106969032 -333098.158890298 104.094642992557 128.183883653298 74.0468599295169 988026.178882662
128300 0.2566 -1.59704898784498 -0.0153512817638041 0.0163050186108406 0.16472549630373 0.0135003687075657 0.269384567461968 1.68893304641857 374.551769486304 -333107.676911493 104.070370053324 128.258244220088 74.0269441522362 988102.984829608
128400 0.2568 -1.57869259745043 -0.0278859939248922 -0.0311979556979488 0.197513494857099 0.0203294975420417 0.271282506030638 1.65497222938593 373.078901609001 -333100.248673136 104.048804729122 128.29890531012 74.0070283749555 987945.557393749
128500 0.257 -1.52866959840111 0.0234055300041625 0.00204785289663114 0.176545083740699 0.0067503190503984 0.261396080183239 1.63550284853097 373.736244118418 -333106.166275228 104.046663152629 128.383156936385 73.9871125976749 988307.944386629
128600 0.2572 -1.58178061417748 -0.0275485337272773 -0.0286623802914873 0.173944081753309 0.020079178103866 0.262417812770405 1.64695959294105 373.237015233729 -333104.719078088 103.99981686474 128.432198208899 73.9671968203942 987974.307288537
128700 0.2574 -1.53236511775515 0.0442232180516281 0.0137994184377231 0.189556604622824 0.0265870517729534 0.260880790855381 1.65912105487485 373.907720719915 -333113.814690614 104.006285229239 128.504034598331 73.9472810431135 988322.217549593
128800 0.2576 -1.54709440511067 0.00414248744723605 -0.0303780345894834 0.167399693375038 0.0205380979089766 0.25464329010578 1.62291129885515 374.925283210072 -333124.047930327 103.987931022202 128.556696383108 73.9273652658329 988286.514642414
128900 0.2578 -1.51080100809737 -0.0129957458449152 0.0212702540866057 0.168421261331727 0.0116940319845401 0.259865127757076 1.60748736425102 374.410285930416 -333122.544647733 103.973004268265 128.628774014527 73.9074494885522 988432.322010414
129000 0.258 -1.54923799697534 0.0187346958298626 -0.0234608335258617 0.200770790257474 0.0198778594549594 0.259935411135574 1.64892958088883 373.529425505204 -333119.387025684 103.974275120919 128.649187545361 73.8875337112715 988334.873226048
129100 0.2582 -1.58184913068137 -0.00208438461402457 -0.0210126000966046 0.17640552279435 0.0249920174749836 0.233630757871164 1.65078566871446 374.26083877922 -333127.653024504 103.944874546535 128.694235507933 73.8676179339909 988134.967239032
129200 0.2584 -1.54782037071712 0.0334446981316266 0.0174193241127267 0.153566582524015 0.014171444042819 0.248395758988131 1.65280597801294 372.277326257127 -333115.07101095 103.931438231466 128.780892822863 73.8477021567102 988405.959451348
129300 0.2586 -1.58867497780307 -0.0440205596667105 -0.0481019274928877 0.145084369878212 0.0326602407335059 0.227561507733831 1.61287657392506 373.521013042978 -333125.767003479 103.895231916377 128.813436420858 73.8277863794296 988044.784541688
129400 0.2588 -1.5336714683876 0.0471441834176408 0.018384295968036 0.14303150181975 0.0035087507505257 0.236552189089347 1.63817671693773 373.755695052768 -333129.553101227 103.905712441855 128.882261078235 73.8078706021489 988405.713074288
129500 0.259 -1.58743713728748 -0.0385632312803002 -0.047721773055115 0.153178238347822 0.00842700446013454 0.21413220474427 1.61030133635719 374.511314480817 -333136.833994239 103.886723247194 128.889444019928 73.7879548248682 988013.48391367
129600 0.2592 -1.57472860415336 0.00277084512092263 -0.0103597269376273 0.169484501065568 0.0177042947682431 0.195241266001708 1.63384094222973 374.243427848161 -333138.672150312 103.899538560365 128.935444427983 73.7680390475875 988221.229127289
129700 0.2594 -1.50883264128494 0.018194187754765 0.022630734382426 0.129609173596706 0.00753109029056049 0.178570501389568 1.57633542838619 375.209388654866 -333148.105209714 103.910992755521 128.992034442137 73.7481232703069 988497.008683523
129800 0.2596 -1.51446523784858 -0.0141980585402527 -0.0228935182406617 0.148812008172806 0.036124026038439 0.158940741335522 1.54401038286711 373.863823667238 -333142.040196057 103.905108185518 129.007953722726 73.7282074930262 988296.052870417
129900 0.2598 -1.49958638490853 0.0410330118713738 -0.0280685647989524 0.139408686234902 0.00782142735291964 0.156843001750631 1.5505195824083 376.774011821354 -333167.838118242 103.911228664363 129.048555393124 73.7082917157455 988398.262528092
130000 0.26 -1.49684351767494 0.00181414769005686 0.0179675418007715 0.137388612433887 0.0401058697889553 0.143685422624505 1.54720165941053 374.425732105107 -333155.93056224 103.870360014821 129.152823125274 73.6883759384649 988540.633784178
130100 0.2602 -1.44726975182692 -0.0173705147967153 -1.86797146804794e-05 0.149108925909317 0.0342858460579398 0.14342397290073 1.48380004416709 376.588156965239 -333176.899516222 103.857708130338 129.194025454114 73.6684601611842 988468.324976835
130200 0.2604 -1.48388237736282 0.0223485242760268 -0.00266866622727514 0.109294604316122 0.0142253235204916 0.131999583999615 1.52328277252717 373.800167703187 -333161.652988184 103.869865947204 129.221732225511 73.6485443839035 988528.733240244
130300 0.2606 -1.49979474753852 -0.00367406479683214 -0.00262004109725248 0.101497686826474 0.016781278902829 0.138503819869534 1.52618978327206 373.638673453581 -333166.045299943 103.841651586473 129.2830691817 73.6286286066229 988461.940664669
130400 0.2608 -1.42829289080369 0.0156280815555203 0.0350298504547222 0.0983253996252935 0.0338138241120113 0.0951814934599267 1.4740797640898 372.92608042547 -333163.010121197 103.85120834617 129.351651671834 73.6087128293422 988809.786389268
130500 0.261 -1.52125684712979 -0.0310230002129034 -0.0609978957573085 0.0977536548186204 0.0226475460686383 0.0995912995289552 1.49565609513254 373.747889872582 -333173.833578481 103.83564070536 129.337935619928 73.5887970520616 988289.259238138
130600 0.2612 -1.47590620284771 0.0812932410764194 0.0531017452939902 0.0946576370889971 0.0230233036891383 0.121372028518004 1.56666174309329 373.47282922613 -333170.639996968 103.86712553301 129.423507523814 73.5688812747809 988975.266649495
130700 0.2614 -1.55907863158033 -0.0693640358655803 -0.0204906421795289 0.117173933001817 0.0373059050911675 0.10092680761921 1.53960015526439 374.0797414889 -333179.176467695 103.815484926633 129.424829937393 73.5489654975002 988226.074076668
130800 0.2616 -1.46652778497952 0.0538679159868227 0.017779028539908 0.0917045110091979 0.0281191554001548 0.0943754465684392 1.52064377598821 376.741044563452 -333200.022855829 103.876304168074 129.456594406036 73.5290497202196 988779.879731731
130900 0.2618 -1.56313490355491 -0.0490988450932813 -0.0494815167723703 0.106002789351324 0.0499626533583722 0.112884639648735 1.53985497820004 374.22650391479 -333184.643312118 103.855171933886 129.436775690544 73.5091339429389 988159.661311548
131000 0.262 -1.54559116425708 0.0127986955355462 -0.00541788775211132 0.0978252932478123 0.0405822237741699 0.0950829283646089 1.56885138390837 375.204029183524 -333194.247917114 103.876483450714 129.485352614406 73.4892181656582 988465.486084607
131100 0.2622 -1.57576768779411 -0.0201350539735415 -0.00377409369405288 0.126503870933886 0.039113894048631 0.100452046802047 1.59015201647109 373.691956497146 -333185.963070768 103.869565254528 129.507798527676 73.4693023883776 988303.084888585
131200 0.2624 -1.54442352238328 -0.00631744305778765 -0.029250866829719 0.124210131865567 0.0608191620825856 0.0814497545452899 1.55187170352788 374.690237275954 -333195.02610666 103.871776359087 129.534419413844 73.4493866110969 988259.311304037
131300 0.2626 -1.53060859467036 -0.0303266281636482 0.0185227768892684 0.124177157858488 0.0659534851981478 0.0862204897847362 1.55181555916987 374.527465315459 -333197.188316804 103.882426074707 129.56864915515 73.4294708338162 988353.746963167
131400 0.2628 -1.51647516081799 -0.0140527908724769 -0.0170909464791701 0.124644955105783 0.071562167611984 0.100272381182142 1.53129154390634 375.568303989749 -333205.04806594 103.897524905544 129.567950660105 73.4095550565356 988223.968699671
131500 0.263 -1.54423468082823 0.00720358685301453 0.00238476554588451 0.0983026490471626 0.0477529449825391 0.0819669687690329 1.567001860651 374.380515822288 -333199.156590923 103.930839990582 129.591205187703 73.3896392792549 988450.030690664
131600 0.2632 -1.54215258449987 0.0172042145964427 -0.0108824408656658 0.114509470510196 0.0474583129981523 0.0962782948938653 1.56923166902619 374.375298546737 -333203.269301826 103.923643526236 129.607465019169 73.3697235019742 988237.348856438
131700 0.2634 -1.56992799058811 -0.0209561776782366 0.0144892939629472 0.0865732936178494 0.0571316379580758 0.109064625158753 1.58853273500125 373.870320500841 -333204.398488062 103.908112275988 129.655420744611 73.3498077246935 988186.948286841
131800 0.2636 -1.55699807316101 0.00970372723393822 0.00522598807916476 0.0688746957035877 0.0314972802232975 0.0788411700853776 1.57588530576426 374.206809880102 -333210.993328042 103.911542915057 129.69770162425 73.3298919474129 988273.427947693
131900 0.2638 -1.57067438968717 -0.00621486763590662 -0.0109466655601518 0.0777054107500341 0.0223019740034345 0.081385652694371 1.57468431116709 374.877887907063 -333219.806442667 103.892116227974 129.750269810651 73.3099761701322 988220.686267189
132000 0.264 -1.5326482636168 -0.00115221926205443 0.0283871606262433 0.0724266190642007 0.0198316938413921 0.0736143545361935 1.55716604945023 374.470972635222 -333218.648905026 103.887010740438 129.823410715526 73.2900603928515 988460.557300294
132100 0.2642 -1.5197719916867 -0.0219397949341226 -0.0128999786138975 0.0618429185480713 0.0234756108489714 0.104880553618752 1.5176461643166 374.863091955747 -333224.19425936 103.904453823104 129.796640203026 73.2701446155709 988154.069193745
132200 0.2644 -1.53947648216369 0.0164234393952017 0.0114817534198764 0.0575830833986298 0.0542679548074994 0.0762621696369004 1.56505285538128 373.433472464702 -333215.257580766 103.950700611692 129.800091056233 73.2502288382902 988351.449820096
132300 0.2646 -1.54104533269622 -0.0169634479778849 -0.0231058157687318 0.0769321682078803 0.054026287054845 0.0934459204514335 1.53824915513408 373.824450039287 -333222.351249521 103.947095428496 129.808575955452 73.2303130610096 988113.049378219
132400 0.2648 -1.51334866056723 0.0307628040475938 0.0330661484057932 0.0683815778632107 0.0448805136246245 0.0963899939049441 1.56070052727563 374.294633915711 -333227.103652717 103.93426600184 129.880956544664 73.2103972837289 988273.147845985
132500 0.265 -1.55831181387101 -0.0323378721676417 0.0194827499853725 0.0584158052447034 0.0372902492974892 0.097067404774039 1.5662164336005 374.509268678712 -333230.798320917 103.911422773585 129.918590178616 73.1904815064482 988073.370368366
132600 0.2652 -1.59788427411243 0.014256197690452 -0.0243269787828165 0.0685549563284568 0.0454154239732445 0.0894674374781131 1.60704211439234 375.187701289061 -333237.764711288 103.940297283644 129.909243608917 73.1705657291676 988007.910093061
132700 0.2654 -1.55213576941094 0.0331460096813534 -0.00284888751813248 0.071495680309438 0.0332293407661909 0.0979897407605141 1.58265767907363 376.416572194599 -333251.921348264 103.955671785889 129.941897431442 73.1506499518869 988133.407829536
132800 0.2656 -1.59680258301369 -0.0105589222264849 -0.0117836083118905 0.0905554919588398 0.0284116500841813 0.0934564515682115 1.60232727077728 374.336152098813 -333238.22882571 103.900082845859 130.007362385674 73.1307341746062 987833.55564819
132900 0.2658 -1.59889104506325 -0.0269062649904484 0.0401643588565551 0.0521821414626458 0.0288148163304058 0.120702357392418 1.62340247722641 373.575098279836 -333234.596542514 103.900627667496 130.065818660333 73.1108183973256 988013.765351165
133000 0.266 -1.64399382739153 0.0304195482932497 -0.0196556851265893 0.0678330414244419 0.0705268017149576 0.128416719104325 1.67347532282047 373.185137641577 -333233.525399669 103.94214185169 130.039634910459 73.0909026200449 987940.361197451
133100 0.2662 -1.68553302593357 -0.00632176057579585 -0.0605536702365307 0.0921230759677414 0.0740694609288965 0.0980769590529206 1.67403728999121 373.18510382202 -333237.050767443 103.923746093523 130.065551456605 73.0709868427642 987693.174200067
133200 0.2664 -1.6373204558946 0.0478747806916639 0.0311272649348961 0.0829538708769668 0.0832783226282355 0.0998979428073707 1.69803689565046 374.096772740773 -333245.145212273 103.91799393831 130.167600377035 73.0510710654836 988144.007043693
133300 0.2666 -1.64644433135226 -0.0264789167814504 0.0158638649304718 0.0636066769060101 0.0906525075714816 0.0999365563560299 1.66175440508388 373.991129627911 -333244.405728843 103.870875538048 130.217133799426 73.0311552882029 987802.441130302
133400 0.2668 -1.59842317917087 0.0254077363824215 0.00803522489772845 0.0989623009190241 0.0747158838280021 0.115969131043249 1.6417652524631 374.727196163956 -333250.956557899 103.896736760839 130.260886095432 73.0112395109222 988110.824436359
133500 0.267 -1.62445282526096 -0.0278122054845444 -0.0703048595219077 0.0901520019574931 0.0701160842620502 0.0942672232204655 1.59656232925547 373.373698428799 -333242.034610674 103.89141470791 130.25097987604 72.9913237336416 987715.568471301
133600 0.2672 -1.65822687145146 0.0365339262606937 0.019181458246146 0.0966387619959405 0.061644046003656 0.105950569993616 1.70768869326434 372.351728508574 -333235.948637761 103.897456159957 130.333589802122 72.9714079563609 988129.801328936
133700 0.2674 -1.64515005230489 -0.0109385679587569 0.00528402498911955 0.0583070863176075 0.0697524791011632 0.120139106683253 1.66298439097389 372.850699519402 -333240.093951636 103.8835630391 130.376552787753 72.9514921790802 988053.612348193
133800 0.2676 -1.66629179132109 0.0135140213564226 -0.00634039228229482 0.0671098325382887 0.0727936413894058 0.116540015311158 1.69084087473209 374.730003735748 -333253.655989347 103.893337568317 130.40500262732 72.9315764017996 988092.382631728
133900 0.2678 -1.652539677251 0.0258376670728864 -0.00458548311141342 0.106200871753038 0.0824103737789228 0.121974225014333 1.69282544029222 372.88720980688 -333241.184702812 103.916875403875 130.414497548863 72.9116606245189 988118.298951709
134000 0.268 -1.68453242988582 -0.00729514733374151 -0.033297020803454 0.0749498703526554 0.0788300899974047 0.133370526196579 1.69087189876865 373.715809476438 -333247.569431165 103.904092113672 130.428796965335 72.8917448472382 987835.175482406
134100 0.2682 -1.6922472199246 0.0203974386043968 0.0673189483595138 0.0996277449751231 0.0842926098673518 0.12008142250136 1.7635375432774 373.55330538319 -333245.575474882 103.905266855177 130.481556618866 72.8718290699576 987975.924387116
134200 0.2684 -1.68162193986833 -0.0447967600519658 -0.0207077742341982 0.100756349249348 0.0721825945507683 0.13819642356374 1.68005585268145 374.458508269926 -333254.261981354 103.921104127743 130.445811514981 72.8519132926769 987585.837408292
134300 0.2686 -1.68761737544589 0.0298840949889456 -0.00325893862425881 0.0804743663542164 0.0723089214851572 0.11725534071433 1.72346949747741 372.648080261459 -333238.244717045 103.970679636603 130.451092912758 72.8319975153962 987826.849016295
134400 0.2688 -1.72017402302073 -0.028663783293246 -0.0335759551791313 0.0716854606161206 0.0549034352976205 0.113973480702688 1.70773284556321 373.297744060727 -333244.297692857 103.918196102857 130.505046009077 72.8120817381156 987466.455256427
134500 0.269 -1.68000578941367 0.0232423914731768 0.0478562741119097 0.0564928169644713 0.0772760308530309 0.110791297203038 1.7343289665714 374.149768291437 -333252.004444622 103.910310119615 130.601054814018 72.7921659608349 987847.642490417
134600 0.2692 -1.7427465061707 -0.0115524506839184 -0.0191034777143994 0.0406455034002466 0.0578533535399889 0.133690376059277 1.74717890755184 373.031148325627 -333244.887467325 103.929904477295 130.575458415251 72.7722501835542 987570.005895743
134700 0.2694 -1.74931760548118 -0.0102598506490888 -0.0396424417268117 0.0433078446111482 0.0888460732441862 0.14208973491657 1.75041802125738 373.471201058768 -333248.697326171 103.958168100269 130.571903049786 72.7523344062736 987541.340094926
134800 0.2696 -1.74691216841613 0.0247226992372834 -0.0210056294780211 0.0741071958518909 0.0960930797109633 0.131524533110846 1.77646859260361 375.958876105353 -333267.179915952 103.947657874985 130.611019794272 72.7324186289929 987466.926251677
134900 0.2698 -1.75466658621434 -0.0255744604635439 0.0163043917948905 0.0650956424287171 0.0632029844579256 0.167689706809021 1.78128647451984 373.742139701723 -333251.857815544 103.920826415327 130.681818038445 72.7125028517122 987476.691545973
135000 0.27 -1.71253199252552 0.0280894609764457 -0.00949323223226704 0.0591608959695657 0.0851070557168218 0.142404095523513 1.74894960134373 374.269384599245 -333256.386840137 103.934099943817 130.694718677705 72.6925870744316 987429.784698921
135100 0.2702 -1.73624689313478 -0.0213053457154921 -0.00696658003512807 0.0479108959982377 0.0516443025098736 0.123460384388647 1.73966531827863 373.553338289205 -333252.188110409 103.91116401021 130.758028703869 72.6726712971509 987419.497780294
135200 0.2704 -1.68793920520179 0.00267675405191315 0.0268441184499154 0.0586183176185899 0.0506302035558363 0.122045375514554 1.7211356454971 373.586583295662 -333253.748361228 103.917602122372 130.825981057025 72.6527555198702 987723.092856087
135300 0.2706 -1.6853407030438 -0.0212014511194998 0.0239598161432445 0.0457859550001246 0.0591404063152847 0.138690674210255 1.70910525150338 372.743427525374 -333248.884688409 103.94789712269 130.82924766347 72.6328397425896 987764.86945504
135400 0.2708 -1.69603072068083 0.0186824429514062 -0.0199433076371384 0.0175723942048617 0.0895850392000324 0.154617051587582 1.72401368960268 374.60254371209 -333263.90838452 103.985735897219 130.820838080304 72.6129239653089 987789.99237756
135500 0.271 -1.71952853900095 0.0339786172733683 0.0370335312439923 0.0425553081338713 0.0424810531597793 0.140807434844997 1.77495928872202 374.210601829605 -333261.473280022 103.995141035677 130.849000928395 72.5930081880282 987820.996007983
135600 0.2712 -1.72117783555036 -0.0247715831768482 -0.0285063559804548 0.0484689755082071 0.0581681561460391 0.149789034123462 1.71929666487324 372.442813360062 -333249.082351675 103.994488618165 130.869623729893 72.5730924107476 987699.437884365
135700 0.2714 -1.65492400767984 0.0317161356599978 0.0600425091201486 0.0302881863282198 0.0667932281618685 0.129954535937991 1.7205041203271 375.74005589184 -333274.286420357 103.994988843117 130.937979023617 72.5531766334669 987948.891471874
135800 0.2716 -1.66988708864904 -0.0311770186600528 -0.0349446147854292 0.0350490950666764 0.0495923423647314 0.11264691003002 1.65176947181807 373.715139848065 -333261.32880955 103.959297219718 130.970910911364 72.5332608561862 987587.047428577
135900 0.2718 -1.69374516552364 -0.00112696977226841 0.0112086130770994 0.0462756620330094 0.072245709671907 0.124055338703914 1.71879020672958 374.188182429111 -333266.783279336 103.940837714123 131.045337055847 72.5133450789056 987701.525942448
136000 0.272 -1.7126761082114 -0.0120797444624708 0.0220565259856119 0.0210640497595398 0.0532180489633125 0.111386432861185 1.73155816298846 375.245305126239 -333275.829023679 103.943739629216 131.065991412178 72.4934293016249 987613.457366542
136100 0.2722 -1.68923560039827 0.0272595478322965 -0.0413869782169365 0.04450089525915 0.0692982679398668 0.118293109090256 1.70163569202136 373.597873228149 -333264.875762636 103.964740266475 131.079926801905 72.4735135243442 987646.614954033
136200 0.2724 -1.68887928466415 0.00487844832019254 -0.00296631691621264 0.0468001504785074 0.0481006334382058 0.13369699275772 1.70959822744601 374.382633340848 -333272.167802337 103.935117336055 131.158688484091 72.4535977470636 987686.986381054
136300 0.2726 -1.70304977679575 -0.00493204692084411 0.0097648731758003 0.0115327136493592 0.0510866579908511 0.122129393107959 1.72097421272825 374.20810722993 -333272.383755029 103.931390284877 131.188519292997 72.4336819697829 987604.656806708
136400 0.2728 -1.68667745010916 0.016155362404223 -0.0619859947431634 0.0326710797986117 0.0639453671877973 0.103859183063534 1.67943842106343 373.048034303711 -333267.420489788 103.933769911439 131.202786697204 72.4137661925023 987463.099000065
136500 0.273 -1.67871923133314 0.0146583443102932 0.0303346661382386 0.0335276539219071 0.0679196208365947 0.121097933345992 1.71916402836041 373.193816789154 -333270.879305562 103.913411219055 131.298207297017 72.3938504152216 987715.966810613
136600 0.2732 -1.68184302411215 -0.0398863080125605 -0.00778508626489154 0.0202027160450634 0.0555210921671144 0.136559046223271 1.67814734340437 373.747587419627 -333277.555114772 103.872620198412 131.340248523973 72.3739346379409 987372.675661154
136700 0.2734 -1.64153590546221 0.0233356098983452 -0.020146499188361 0.0390530804351482 0.0695539913315876 0.124214342293196 1.66333160930772 374.075415082259 -333280.186411095 103.890533155197 131.387134862033 72.3540188606602 987623.638105023
136800 0.2736 -1.70468796304511 0.0152387107278177 0.0187041120549865 0.0353120968016944 0.0735650438542649 0.119772651868892 1.7398657282447 373.798131645687 -333279.77950252 103.85393250024 131.461388070208 72.3341030833796 987561.749462267
136900 0.2738 -1.7077281520725 -0.0106444855100787 -0.00325014647963903 0.0423221366774068 0.0753586048248965 0.128958447179118 1.72191682452291 373.482328955567 -333279.221102854 103.844751725382 131.483536518715 72.3141873060989 987368.889083515
137000 0.274 -1.67221265645303 0.00204001419880986 0.00167788128359099 0.0483631255451688 0.0686538091653651 0.134097370628287 1.69635466840786 373.927086800249 -333284.398592385 103.878467368009 131.510865119134 72.2942715288182 987622.678624505
137100 0.2742 -1.72708660140241 -0.00356724493885275 -0.0452063179709399 0.0565889398559801 0.0768203318362743 0.123150418731287 1.72432483237497 374.22154098204 -333289.710308832 103.881666929465 131.527349668183 72.2743557515376 987504.783328379
137200 0.2744 -1.71367694927921 0.0262037292318522 0.0159982694368912 0.0477447043167345 0.0540021385130564 0.119493101453496 1.75155810971287 374.681972631175 -333293.957935933 103.877896486634 131.600158353422 72.2544399742569 987743.31204674
137300 0.2746 -1.69278227370881 -0.0629521274309855 -0.0245748635944004 0.0377284550053373 0.0502248410747304 0.138519210636345 1.67025991082474 372.654098584121 -333278.711037518 103.854747121667 131.649306932825 72.2345241969762 987619.70449408
137400 0.2748 -1.68288071130048 0.043422972062854 0.0344740714414856 0.0566504015825238 0.0656119465424934 0.127385179350261 1.74240624087823 375.521674549313 -333299.738746887 103.879835764523 131.685867799228 72.2146084196956 987860.192236899
137500 0.275 -1.76916397857367 -0.0141736089510324 -0.0177329500601504 0.0301674704738706 0.0453027362753694 0.154349497665239 1.77598305224561 372.517908649667 -333279.342405131 103.87291463452 131.670803999106 72.1946926424149 987408.990370204
137600 0.2752 -1.73798040289346 0.00272000887092399 0.0214357447003374 0.0206720400040171 0.0480341472631065 0.127556983942139 1.766347327518 373.519339522032 -333287.735155561 103.868878624174 131.747002370449 72.1747768651343 987669.483553638
137700 0.2754 -1.7662179729161 -0.00226147180744379 -0.0252489194563192 0.0164819633006782 0.0568260201661224 0.16386587978235 1.77836462446423 373.506100168955 -333288.465815543 103.84977909841 131.787026549758 72.1548610878536 987515.296004636
137800 0.2756 -1.72839695167353 0.0108136491077302 -0.0179466656236648 0.0413523755512681 0.0302315035535705 0.129821573245355 1.74186487313538 374.371067823972 -333297.803059777 103.840049606976 131.833810475547 72.1349453105729 987500.669509006
137900 0.2758 -1.73240092472694 -0.0256421777300077 0.0455829829758199 0.020445865467906 0.0294252014333375 0.132802514910487 1.75966580963292 373.508525508591 -333291.795664035 103.808433263466 131.918773270388 72.1150295332923 987563.491100996
138000 0.276 -1.74299666204879 -0.0190993276847558 0.0288169117427361 0.0185014328209216 0.0485993652695103 0.123844252916992 1.76375890182158 373.908319320837 -333297.861087002 103.826015628321 131.927258156448 72.0951137560116 987521.491754769
138100 0.2762 -1.75806619631858 -0.0101496060406709 -0.0346069645486422 0.016890424415726 0.0671157579493152 0.12013193909282 1.75234860368599 372.718476673711 -333290.689125456 103.875077760322 131.887060340219 72.0751979787309 987414.258349704
138200 0.2764 -1.74719396349583 0.0110276042713739 0.0110806775731209 0.0354882114257297 0.0389064622623724 0.110865232864976 1.77105309808737 373.869720624256 -333298.288316259 103.875001912721 131.943050406172 72.0552822014503 987559.767048008
138300 0.2766 -1.77698466275173 -0.0208290380594954 -0.0116110174643861 0.0222263978611757 0.0411845048322135 0.143841043296629 1.78016771529229 371.986557662662 -333286.656612663 103.843055270713 131.97560716661 72.0353664241696 987226.707407114
138400 0.2768 -1.77733265157558 0.00288648789185046 0.00444027009142446 0.0362139549725172 0.0161824970612102 0.137356843671883 1.7981294031086 374.224636014807 -333302.707562375 103.848610581109 132.010670052821 72.0154506468889 987268.790858782
138500 0.277 -1.79023738828526 -0.00381835170977558 -0.012843305713485 0.0174947959170806 0.030943277154034 0.144452638890398 1.80045617327955 373.194278563843 -333294.165445021 103.820127209081 132.062086902835 71.9955348696082 987109.371570779
138600 0.2772 -1.76472356492398 -0.00546102723377052 0.0196884376985309 0.0174786298076497 0.0333453920460563 0.151068021671967 1.79237233245008 372.879946430982 -333292.437921621 103.822516078033 132.125016672863 71.9756190923276 987329.273722965
138700 0.2774 -1.83303878827241 -0.00223778705480683 -0.0087553342290315 0.0307692993259794 0.0539783278090234 0.144572891283646 1.84776287554249 374.763921844066 -333307.707441526 103.838978634394 132.115762976891 71.9557033150469 987143.448159194
138800 0.2776 -1.8170179524582 0.0160263337231183 0.00907990714795456 0.0143517893565273 0.056491888429485 0.156894421105454 1.85240546330208 373.300781273357 -333298.334377717 103.851616139208 132.154409417009 71.9357875377663 987279.047184327
138900 0.2778 -1.81977351353729 0.00193519263782211 -0.0156563098090896 0.0408431656268611 0.0827079818197243 0.178290707830102 1.84601585333153 373.315970365236 -333296.771610127 103.861497800506 132.180158196874 71.9158717604856 987291.95452741
139000 0.278 -1.8455060080683 0.0111382316129277 0.00986981507640447 0.0376054685519178 0.0525325342902053 0.182973370250405 1.88619556814775 372.885779963894 -333294.828871093 103.849571238033 132.223384478408 71.8959559832049 987227.944616773
139100 0.2782 -1.82370630126322 -0.0126808176588936 0.00747083404760103 0.0338597067251486 0.0295601974289259 0.172859160631495 1.84727265702313 374.035341750308 -333303.881250002 103.840396131821 132.259962451956 71.8760402059243 987140.281574581
139200 0.2784 -1.84993957497527 0.0222620399404038 -0.0231155880229806 0.0125295369343017 0.0146185985046901 0.169585592305889 1.87340114368644 375.774002329458 -333318.010207581 103.836749536018 132.295499305381 71.8561244286436 987097.254987173
139300 0.2786 -1.83213876009776 -0.0152481514965619 0.0126628884631551 0.0316269196815774 0.0580177820264454 0.178053813517557 1.86031993832186 373.802967027407 -333303.933562438 103.800470326375 132.385558447174 71.8362086513629 987150.423820038
139400 0.2788 -1.83307985266492 -0.000287158854811319 0.0190134915865044 0.0371251623150273 0.0443503950521192 0.188408372856394 1.87387419941883 373.13751177238 -333299.238441789 103.808622855865 132.423959464264 71.8162928740823 987240.542562922
139500 0.279 -1.88751080610948 -0.0158087698074249 -0.0279899337567414 0.0393928863443947 0.0572727900513328 0.178542368132424 1.89492623383164 373.87091246924 -333305.556158402 103.835086183146 132.405578842899 71.7963770968016 987081.33984028
139600 0.2792 -1.88935966930165 0.0291123175071674 -0.00856867853844029 0.0261324059395984 0.0433186849264504 0.186815363045003 1.92925966609095 372.009641080518 -333291.589975388 103.87493340079 132.420453092342 71.7764613195209 987297.122102003
139700 0.2794 -1.92276301163024 -0.0220421831563908 -0.0445305956736057 0.0406719543268024 0.0472226241381368 0.195907785399819 1.92283471360895 372.243621855612 -333294.810881314 103.851331898306 132.4463376597 71.7565455422403 986991.807127022
139800 0.2796 -1.85978671941334 0.00934115172426994 0.0307986938623721 0.0198602427927114 0.0564778286734002 0.191284554736607 1.9117343383962 371.691703390934 -333289.897780414 103.848654847076 132.532088665892 71.7366297649596 987331.259445967
139900 0.2798 -1.84887918964357 -0.00604649040392511 0.017588068804127 0.0604948552878646 0.0634300509350432 0.203193204219115 1.89395272371641 373.934550783548 -333305.73278589 103.846681904895 132.57230215405 71.7167139876789 987337.892364137
140000 0.28 -1.90489993692144 -0.0224965557033555 -0.0198583873518102 0.00707340995008397 0.0246067788035457 0.209168001471079 1.91875894399769 374.468287731144 -333309.992466354 103.857741928332 132.552901176476 71.6967982103983 987024.368759654
140100 0.2802 -1.90310176379128 0.0271797811236542 0.00715595834529042 0.0308583678750463 0.0371723619357336 0.206400964321012 1.95513230366833 374.185319809849 -333309.290154628 103.870429366687 132.564391672035 71.6768824331176 986956.286392411
140200 0.2804 -1.92705355153963 0.00936010080350295 0.012026150767797 0.0309680826635726 0.0403010044591426 0.222612965345531 1.97769732079623 373.726605459237 -333304.921544186 103.85543379308 132.613805958926 71.6569666558369 986907.349718482
140300 0.2806 -1.94405803841981 0.00736588034045821 -0.0247364202033863 0.0162020984223695 0.0583149721628965 0.225492259214042 1.97736450359884 373.135761357558 -333300.767824287 103.862016905595 132.629212325934 71.6370508785563 986810.225428808
140400 0.2808 -1.91247638550906 0.0445033070270961 0.00138243732268606 0.0276141579260758 0.0353305768645757 0.211955241828884 1.97181381165206 374.566999853681 -333310.553115497 103.88894736561 132.663856117828 71.6171351012756 987049.440222598
140500 0.281 -1.94818453081535 -0.0165491326972577 0.000417214616060426 0.000972553160147854 0.0322550997754419 0.216198880541801 1.97677157128922 373.078622516585 -333298.277220475 103.865102157671 132.713063443033 71.5972193239949 986914.392329631
140600 0.2812 -1.95088796548 -0.0193410176072327 0.0183449208198836 -0.00308809058136094 0.0643079615330965 0.214506753251235 1.98885911853239 372.827562009817 -333295.782602262 103.867503773759 132.756948347733 71.5773035467143 986988.946469464
140700 0.2814 -1.96345217431478 0.00018166309607931 -0.0184284508322033 -0.00890421515286294 0.0505166482884068 0.219365079353431 1.99296700897487 374.448833796453 -333308.735854498 103.885019618965 132.758925316254 71.5573877694336 986895.417425181
140800 0.2816 -1.9653560281174 0.0152494645459238 -0.000977918806488452 -0.0377545437876476 0.0292911581714452 0.228617311483475 2.01359607638671 373.891012243998 -333303.983677587 103.898887297544 132.775257140146 71.5374719921529 986873.839323225
140900 0.2818 -1.98345682127526 0.0187825562884637 0.0154335603513759 -0.0301960152808192 0.0344100183110942 0.235175131118712 2.04315389099479 373.025701056128 -333295.87219298 103.920190770167 132.768376387287 71.5175562148723 986750.251299313
141000 0.282 -2.00114125276212 -0.0303372135070337 -0.0158913351965789 0.00697707354940861 0.0514044261840314 0.235828705945313 2.02179772956459 371.560339691416 -333284.151240208 103.921117125632 132.780448566517 71.4976404375916 986573.958268243
141100 0.2822 -1.97373753542297 0.0293427666420645 0.0045111121639508 -0.00602534896708223 0.0451027216198733 0.241730546873113 2.03585858116179 373.156849728001 -333294.497507759 103.94584356831 132.805455153254 71.4777246603109 986719.615647182
141200 0.2824 -2.00033269565699 0.0158929650741752 -0.0130707663317145 -0.00159984707851417 0.0450215881556002 0.226614453334381 2.04150881319406 374.967815709318 -333309.040506844 103.92632941781 132.861093057073 71.4578088830303 986672.684197222
141300 0.2826 -2.03001466407337 -0.00589217080154302 -0.00443991934619644 -0.000878285245276525 0.00101283034888655 0.264418260289696 2.07599854344714 373.91368751276 -333301.899414048 103.899907523793 132.939184842532 71.4378931057496 986726.540975518
141400 0.2828 -2.02911592117202 -0.00159139371628955 0.0177801352954536 0.0287364636470556 0.0265169064633786 0.222775903639945 2.07460389412491 373.227267731878 -333297.553646687 103.892746826385 132.983727111264 71.4179773284689 986713.966639474
141500 0.283 -2.0399434082161 -0.00258926137984965 -0.00413289166078761 0.0142409815658169 0.050020793622981 0.255130260677294 2.08591907481161 373.182759082088 -333296.787859997 103.922250901058 132.986857730604 71.3980615511883 986742.172795788
141600 0.2832 -2.0350377971177 0.0214621535877456 -0.0175832538516676 -0.00733800685414712 0.0416019607875342 0.23446522127287 2.07862821135399 374.83341740479 -333308.101164116 103.95232061741 132.994976712995 71.3781457739076 986812.605569932
141700 0.2834 -2.0268947302824 0.0245169155467616 0.00232666218373439 0.0113677800721608 0.0523784910208621 0.248406738862852 2.08734202415144 374.291322140677 -333304.775868507 103.934519503959 133.055311907398 71.3582299966269 986815.81056919
141800 0.2836 -2.02379512261842 -0.0223594958688833 0.00544226557214474 0.0110969113613591 0.0397849070447109 0.251637513478594 2.0633087983082 375.382380854504 -333312.345447329 103.89257002451 133.113141249991 71.3383142193463 986570.815854965
141900 0.2838 -2.01738163700491 0.0246467007649915 0.0293246759031381 0.0227346333921257 0.0410381580762879 0.267227452947732 2.09768650904998 374.105525254819 -333303.525121822 103.912980110888 133.146417041162 71.3183984420656 986735.756529095
142000 0.284 -2.09128428867683 0.00525361384759528 0.00311257444134755 0.0238814982154506 0.0580579634310644 0.263565687634176 2.14737299154661 376.050648074982 -333320.227144671 103.914041782974 133.146538669669 71.2984826647849 986471.18871888
142100 0.2842 -2.07443357895935 0.00878684018758275 -0.0154425281998137 0.0423398474136979 0.0425037484961688 0.251826133388309 2.119189977419 373.845532925045 -333305.540182674 103.946260053172 133.162509854249 71.2785668875043 986619.738172111
142200 0.2844 -2.05972925904541 -0.0041804683228454 -0.0136126687835486 0.0134712017029255 0.0353383413632446 0.246605113893061 2.09588036651121 374.802859115245 -333315.332568112 103.916116497611 133.219063810608 71.2586511102236 986476.815095092
142300 0.2846 -2.04106056804414 -0.00525609329935675 0.0305576574339904 0.0198595347043008 0.0504481743794356 0.240189399704683 2.09775674938134 372.698785642898 -333302.271779098 103.918610692977 133.305630982587 71.2387353329429 986865.639098394
142400 0.2848 -2.04819705931618 0.00137945662842707 0.00131676216634533 -0.00546901503981958 0.00811096599460046 0.244425500025543 2.09288173827808 373.37792638461 -333310.227952005 103.954546606955 133.278637601522 71.2188195556623 986731.071955848
142500 0.285 -2.09506689459005 0.0253188391286561 -0.0430055023490331 0.0172340647969215 0.0240655374498656 0.273112297767116 2.14061425466677 372.288019466454 -333303.341823586 103.977906024609 133.270162702129 71.1989037783816 986614.064166747
142600 0.2852 -2.0323826464639 0.0298101796223248 0.0176039238156613 0.0132987546768255 -0.00109330609370412 0.240696892358136 2.09808382340638 376.050365580792 -333332.448678973 103.950524719796 133.367755515665 71.1789880011009 986800.446498692
142700 0.2854 -2.07209545149488 -0.02412007770289 -0.0340211318293566 0.0180650804001094 0.0317314762528287 0.244647520929915 2.08748197049514 374.531605287156 -333323.983374307 103.8966879498 133.420377123176 71.1590722238203 986402.454328638
142800 0.2856 -2.02868323063038 0.0254696711183571 0.0195328476146104 0.0323157330684641 0.0224632012762246 0.293854082903604 2.11449322972953 373.008126278861 -333310.732936414 103.908954498965 133.487786045001 71.1391564465396 986741.096436009
142900 0.2858 -2.07583726809121 -0.00682323903092501 -0.0195034795347924 0.0419831125150853 0.0361598619200984 0.280367259418997 2.12126660228438 374.649812877865 -333323.291768666 103.906742972253 133.493898190715 71.1192406692589 986489.025231403
143000 0.286 -2.02618847783417 0.0139209647170979 0.0002198868135076 0.010927552090172 0.0455072801172965 0.273592935391926 2.08935703349679 373.707193380679 -333315.632806489 103.934743423564 133.528380617033 71.0993248919783 986733.351011005
143100 0.2862 -2.05601981451549 -0.0210145309718447 0.00944247694851773 0.0354383738625992 0.0347045484866719 0.280568412201869 2.10895496852834 373.117164672151 -333311.452765805 103.924128519975 133.566292964446 71.0794091146976 986636.261224392
143200 0.2864 -2.06506272566435 -0.0220838058764651 0.00191905804587167 0.049025821894445 0.0532748744760052 0.262000030593073 2.10832483921784 374.014280528008 -333318.030447998 103.946222583854 133.563570232317 71.059493337417 986549.40213508
143300 0.2866 -2.05344028439818 0.0392463649988372 0.00250989591815454 0.0464077285566645 0.0324925985383647 0.241922504093849 2.11873001937097 373.430022287645 -333312.485022111 103.986179702851 133.561161144902 71.0395775601363 986634.231727424
143400 0.2868 -2.08020049862116 0.023129390839686 0.00863552751167162 0.0287665071632368 0.0332875720155596 0.265087764681649 2.14717083906449 375.153552473477 -333324.538016008 103.956501292286 133.611617995943 71.0196617828556 986448.638218561
143500 0.287 -2.08384141652248 -0.0440174741933858 0.018138883368325 0.0401564679017418 0.0194654860801179 0.256202917577438 2.12000643888652 374.331546724811 -333320.129856306 103.924573964313 133.659471493634 70.9997460055749 986222.229709774
143600 0.2872 -2.12891525548035 -0.00107007628670377 -0.000447165221099667 0.0411800573220333 0.0467505038091919 0.26295666729991 2.17902129401221 373.032301663279 -333309.854258221 103.982556702018 133.64108059831 70.9798302282943 986359.942082948
143700 0.2874 -2.15434593845369 0.0160642385766092 -0.0499465028256602 0.0615519986084177 0.0529227049066787 0.251295893026117 2.18654627914475 373.4891916568 -333314.284227553 104.007023142384 133.61860395288 70.9599144510136 986149.319757208
143800 0.2876 -2.14797331733404 0.00243012061605168 0.032661541514373 0.0815984277047905 0.0552591220563464 0.254086964585019 2.21652313654292 374.10395215163 -333317.852278891 104.000593307312 133.703850708312 70.9399986737329 986440.530650523
143900 0.2878 -2.18085585842991 -0.0223580975390346 -0.0378992010706297 0.0600020465025534 0.0207364008333187 0.245718559122459 2.19522942652901 373.030352458001 -333309.09925638 103.988850493549 133.723624688539 70.9200828964523 986198.078536079
144000 0.288 -2.17424832668293 0.0142152033309949 0.0139771319267928 0.0671215926965416 0.026426397802803 0.248634211963922 2.23381278769976 373.763088719597 -333314.459252668 103.992851917069 133.772728719424 70.9001671191716 986321.121452632
144100 0.2882 -2.18798713024504 0.0190309704707041 -0.00532507664657323 0.0615179277022259 0.0252216291066319 0.23750786566406 2.23612602369276 372.492628241989 -333307.315786997 103.994671532714 133.810342800637 70.8802513418909 986338.577999642
144200 0.2884 -2.18276141696206 0.0116669835105805 -0.031236172663411 0.0686473884454188 0.0227364847285232 0.258908528822754 2.22261060358276 373.137259051485 -333310.61734592 103.987703529623 133.850277683663 70.8603355646103 986289.633543935
144300 0.2886 -2.19468093638445 0.0178677656816837 0.0213786937577727 0.0592787768719237 0.0205696050906807 0.25754155001691 2.26140363072731 374.405527641973 -333318.903922614 103.979565932437 133.905897002375 70.8404197873296 986344.958845011
144400 0.2888 -2.26564236946337 -0.0114578011454248 -0.0129267224737734 0.0589610351674159 0.0281576504120707 0.271427500975666 2.30474845518423 373.85949871879 -333315.400934912 103.953976858203 133.928031716687 70.8205040100489 985987.950924938
144500 0.289 -2.25398478928951 -0.0227527387084123 -0.0349107626233551 0.0673541363286975 0.0539917782842118 0.244184348823995 2.26994492719438 374.69918763047 -333322.657773153 103.970714221353 133.965781346768 70.8005882327683 986147.265334116
144600 0.2892 -2.23091677901239 0.0479343615811969 0.00729468027673916 0.0464390569448023 0.05062615558198 0.26131574960283 2.30677672618645 372.250498564643 -333303.666247543 103.996495533863 133.987608663987 70.7806724554876 986275.000940433
144700 0.2894 -2.27759575006722 -0.0195593833533178 -0.000505021358016665 0.0500788357435207 0.0409707095500205 0.257719271457518 2.31385692720545 375.512051545095 -333325.772522833 103.973085045209 134.021920751608 70.760756678207 986027.974707909
144800 0.2896 -2.25926450579177 0.0158835922916257 0.021610505219407 0.0342989223089592 0.0449754759971966 0.255582487304783 2.32269802014567 374.070370955708 -333316.139809636 103.993923579816 134.056250387312 70.7408409009263 986200.571340918
144900 0.2898 -2.26602604101432 -0.0319850549174223 -0.0182248960787315 0.066142534503716 0.0398794994211058 0.250846408526498 2.2865993567739 373.261762363863 -333310.490950937 104.000784384867 134.05662803687 70.7209251236456 985990.746833317
145000 0.29 -2.25493776650909 0.0259848985846851 0.0565763113480969 0.0531173584038074 0.0456192308826399 0.272615915339749 2.34754908388783 372.954814090261 -333308.004300389 104.0321689339 134.084057673347 70.701009346365 986212.291910899
145100 0.2902 -2.2886104845415 0.00293655045703128 -0.0577398983547813 0.0450661850707227 0.06238045960409 0.263973404006104 2.31141498461039 374.499391400739 -333318.011022278 104.027298891032 134.075175269772 70.6810935690843 985823.02101256
145200 0.2904 -2.22817321871855 0.0333925413639111 0.025013735491763 0.0760759829346409 0.0367826962756273 0.276064453417048 2.31211093682593 373.663973800393 -333311.802492663 104.021006099563 134.184110497788 70.6611777918036 986286.329613528
145300 0.2906 -2.28083433140884 -0.0441543954909581 0.0207007459029996 0.0509250948527564 0.047017962106579 0.273910890304731 2.32195977747714 375.177987901426 -333322.969621948 104.011340554748 134.191769462666 70.641262014523 985973.000983638
145400 0.2908 -2.33308730051893 0.0394901685596551 -0.0151141691302082 0.0398830530930403 0.0558504606030207 0.264925465842935 2.39316500938277 373.179724895443 -333306.451402069 104.055371815394 134.181095891733 70.6213462372423 986033.867742981
145500 0.291 -2.30699484875358 -0.0122588159636449 -0.00588610770653076 0.0473941698751615 0.0518936425853782 0.273577974609072 2.34943183597003 373.222688397916 -333308.448399371 104.041749963395 134.223966267245 70.6014304599616 985941.657650594
145600 0.2912 -2.31158461253414 -0.00995110883716815 -0.0352323464986887 0.0269788853932759 0.0457540509891129 0.274187666390874 2.33965131851329 373.064333455889 -333307.024361103 104.041020589584 134.272133838665 70.5815146826809 986010.338429104
145700 0.2914 -2.2626715074171 -0.0313326682793522 0.00921837902762817 0.00135449410341971 0.0496421061810241 0.292453844690599 2.30975903574596 373.698182472689 -333311.269299455 104.03487717743 134.334236657162 70.5615989054003 986129.801864748
145800 0.2916 -2.29403065938946 0.00843946174230855 -0.00149610568729541 0.0374022854899631 0.0460629965483886 0.290383968165197 2.35417114199378 373.469100831828 -333310.494611567 104.052742849252 134.334710825501 70.5416831281196 986024.248441621
145900 0.2918 -2.33232962477718 0.0253182110347954 -0.0145496080740259 0.0230564821538166 0.030829935373825 0.27086880565941 2.38550926884814 373.469082130129 -333312.612685909 104.060784922155 134.336672144532 70.521767350839 985836.447782558
146000 0.292 -2.35900356366725 -0.023228760673269 -0.0303159345819087 0.0203450758603644 0.0442037783904785 0.27335817861705 2.38130592027843 371.958316196061 -333301.228987027 104.038761084589 134.395720675982 70.5018515735583 985782.570707051
146100 0.2922 -2.28954693054743 0.00238816815394826 0.0188251067965755 0.00734115676857965 0.0148230244992886 0.269453608602971 2.34724213742063 374.358462306607 -333320.287995642 104.037205888793 134.472020252049 70.4819357962776 986048.854741036
146200 0.2924 -2.27176379853435 0.00309783401328629 0.00476388224323387 0.011930669415599 0.00777099315592364 0.313093055231416 2.33954658501914 375.228820830724 -333328.41773258 104.058628748643 134.491671603382 70.462020018997 986117.303670921
146300 0.2926 -2.27895341516561 0.0176071974507976 -0.0173541508976008 0.0214131285221712 0.0140208855456955 0.290159150497375 2.33445162885941 374.296565411828 -333321.255936273 104.057115333539 134.523042711992 70.4421042417163 986054.19437745
146400 0.2928 -2.30335491017118 -0.0446203903259965 0.00750861448883002 0.00716498662202326 0.0241082472677508 0.274083794993847 2.33443956033074 372.72848146602 -333311.279727216 104.024352054886 134.596228775198 70.4221884644356 986001.165336021
146500 0.293 -2.28529396332985 -0.00831891235640044 0.000657576364183683 0.00725403231552444 0.0306227968102215 0.263855560893127 2.32743756135756 374.644918551655 -333324.723138808 104.076099263962 134.568035371443 70.402272687155 986006.090680303
146600 0.2932 -2.30056546977024 0.0308371438187099 -0.022532139148078 0.0256216662204355 0.0270830767055642 0.281986602937269 2.35723998829122 374.086137037698 -333320.66651878 104.142841973338 134.528389198745 70.3823569098743 986068.699248168
146700 0.2934 -2.27748940690979 0.0349336402059921 0.0403128801326525 0.0129499961600485 0.0684857220595534 0.287943895691386 2.37130289381477 373.868490052776 -333318.522823813 104.13667283471 134.603593699135 70.3624411325936 986282.327074936
146800 0.2936 -2.30729004628076 -0.0197659272170755 -0.0324969115743199 -0.00180504166029433 0.0194585576359142 0.281277118950728 2.33287427293925 372.727596324325 -333308.64663332 104.089157379882 134.662510626128 70.342525355313 985984.654461528
146900 0.2938 -2.24384930841179 -0.00479822760641225 0.00892575571661704 0.0292414254801072 0.00515079545236888 0.259993101031139 2.29122255632041 374.624598947404 -333322.893211501 104.067652721265 134.777513886233 70.3226095780323 986343.481013485
147000 0.294 -2.23621534741375 -0.0254552833222663 0.0321099383043969 0.0309976743861 0.0422593717960781 0.255379819499113 2.28515500488775 373.130608354206 -333312.66752697 104.08943595337 134.776657788873 70.3026938007516 986264.278974172
147100 0.2942 -2.2628401678144 0.055313119051558 -0.0285492165050646 0.00208059222484485 0.0341219339117114 0.236356511132465 2.31464055755864 373.746490263973 -333314.648116423 104.161133905132 134.719462316773 70.282778023471 986245.328430579
147200 0.2944 -2.26444811371846 0.000678830168957642 -0.00655376483046319 -0.00468955821090575 0.0390786673032387 0.240098695136736 2.30044760630406 373.713087635846 -333314.427581989 104.135635092595 134.772780665035 70.2628622461903 986114.616931347
147300 0.2946 -2.25026524771597 -0.00704221393897725 0.0224654886379559 -0.00788105186340018 0.0185729896045921 0.232618657307214 2.29405060140784 372.657964872951 -333306.907156512 104.139328225829 134.817396967604 70.2429464689096 986196.438906111
147400 0.2948 -2.25274905741605 0.0100598468275482 0.0205453338784644 -0.0217431893886201 0.0707661092260852 0.240351906646648 2.30952152590366 373.318864828063 -333310.945724457 104.194915907288 134.791852264321 70.223030691629 986256.182402944
147500 0.295 -2.25856108722489 0.00167971696353851 -0.0477921174488884 0.00469002958100764 0.0528549917610993 0.234246229802148 2.27428637700832 373.514867461957 -333312.863733384 104.217238692574 134.770458836603 70.2031149143483 986031.186658999
147600 0.2952 -2.2433207258202 0.0235205980655203 -0.00158145700282596 -0.00960197405126514 0.047082937203204 0.237873112034283 2.29324555598216 373.484818263234 -333312.756856398 104.236318183112 134.832993113819 70.1831991370676 986389.405339656
147700 0.2954 -2.26636604217451 -0.0298956208684332 -0.0359834987675201 0.00694183838461501 0.0505860488670397 0.229819632327582 2.27035112953359 374.510366698043 -333322.936087857 104.19603204205 134.903533334539 70.163283359787 986244.080055708
147800 0.2956 -2.27952215464313 -0.015130857269057 0.0171213735911778 0.0166585318536649 0.0553013540805857 0.237346354973924 2.31960059943472 373.492282378214 -333314.561116835 104.175449294182 134.959085589973 70.1433675825063 986175.301977803
147900 0.2958 -2.29576319455932 0.0279133921861806 0.0040035763324937 0.0129717076513193 0.0429106774704285 0.205553379977459 2.34035707322031 375.080585884717 -333325.876743674 104.209247686336 134.935667068831 70.1234518052256 986044.027625203
148000 0.296 -2.25219152908249 -0.0319533598547781 -0.0170648487823702 -0.0210986592357436 0.0729451563050359 0.217647175860427 2.2632155362787 374.83462714413 -333325.95715905 104.221922711925 134.957278590551 70.103536027945 986041.780839217
148100 0.2962 -2.25358654179012 0.00836160318524296 -0.0150378329383824 -0.00595357162374119 0.0581773973716253 0.222558439280393 2.28536333510886 372.103020139105 -333308.501549598 104.235212781167 134.999433973382 70.0836202506643 986195.309428899
148200 0.2964 -2.22285282324402 0.0160012358269684 0.0010298436323209 0.0160417248999231 0.0505772307447985 0.206545763057426 2.26176977487799 375.412448305019 -333334.503608462 104.2406391479 135.033355090351 70.0637044733836 986214.128688879
148300 0.2966 -2.24006141611037 0.0137963818013805 0.00534807177782952 0.00329500859558635 0.051828958422163 0.211954541039081 2.28117744469028 375.267399040938 -333335.768668234 104.227507372771 135.095674461687 70.043788696103 986264.553273103
148400 0.2968 -2.20516329168462 0.0102086888609393 0.00729079606895173 -0.0264291340867224 0.0592831131473229 0.223730218459787 2.25038261195876 374.232684115157 -333330.105269776 104.227031474509 135.157529116417 70.0238729188223 986431.062318147
148500 0.297 -2.22590969665051 0.0181485585234233 0.0275941928437473 -0.0191497323963507 0.057152677044157 0.244320301666005 2.29064617039491 374.03115990163 -333330.711359097 104.216877307934 135.206044439905 70.0039571415416 986408.381227003
148600 0.2972 -2.22982053307102 -0.0158964980468403 -0.0332478097426491 0.00510156394836297 0.0670319001640499 0.236889250398298 2.24616421272322 374.173556807632 -333335.723891799 104.181639475852 135.277297698577 69.984041364261 986313.834460038
148700 0.2974 -2.15598637939023 -0.00313717376743523 0.0441612302422984 -0.0110903808125798 0.0519559245501086 0.224375435017933 2.21321562982866 374.561933472454 -333339.373975067 104.178122871059 135.377109427391 69.9641255869803 986727.370991871
148800 0.2976 -2.17954427717805 -0.0148267083671884 -0.040015544747628 -0.00476266135019437 0.0475820750905569 0.229229097296894 2.19011599261952 374.362763057017 -333341.869761014 104.187217225094 135.353394158084 69.9442098096996 986359.785072298
148900 0.2978 -2.14518680198738 -0.00681408451382931 0.00221218084754025 -0.0113663834758834 0.0739432967232183 0.232155667868595 2.18414744275024 372.460022971109 -333328.650762362 104.202271913769 135.418506947299 69.924294032419 986695.845260011
149000 0.298 -2.12650239982685 -0.0321299415717321 -0.00747605575435273 -0.0338248798717238 0.0631474195933967 0.238448220523272 2.1504897224445 375.270855516453 -333352.67737221 104.175927833666 135.475971196856 69.9043782551383 986583.908183582
149100 0.2982 -2.1491222187404 0.0125125732680489 -0.0023118432909418 -0.0310125153667563 0.0819012734908964 0.225140036532941 2.19451877527151 374.089483520611 -333345.788856771 104.180324945947 135.541558404336 69.8844624778576 986821.973840166
149200 0.2984 -2.13913057665766 -0.0382389699838253 0.00507482125398636 -0.0557947379645867 0.0571117084957951 0.208226387454696 2.15773452800884 373.724478781387 -333345.905500767 104.171592177775 135.577769536902 69.864546700577 986721.593516832
149300 0.2986 -2.08478667228335 0.0334564096962653 0.0474227215194517 -0.0714881846558701 0.0593005458400523 0.219546008764569 2.16499781786518 374.859699941403 -333354.241545846 104.193950265246 135.624185353581 69.8446309232963 986989.819099085
149400 0.2988 -2.1224798769325 -0.0336549137695593 -0.0544560128694776 -0.0487071865572202 0.0527627860232736 0.212720363337513 2.11456646175153 374.665791400071 -333356.959544116 104.163447097405 135.63625865332 69.8247151460156 986507.333632516
149500 0.299 -2.05875730205987 0.0300685988460533 0.0395518171094191 -0.0648927515228875 0.0654212812683548 0.205039254708028 2.12948085112293 372.618205460945 -333344.713863497 104.184347375542 135.724570102482 69.804799368735 987066.09285224
149600 0.2992 -2.07666965726533 -0.0455535110116914 -0.0374268518468874 -0.0395982678209084 0.0550386683536286 0.214133805007284 2.07204167999404 374.997057577687 -333364.13820905 104.161367130334 135.732807037697 69.7848835914543 986626.691716245
149700 0.2994 -2.09638703340201 0.0096167479175124 0.0141582268795453 -0.0422545408325924 0.078522047841848 0.217431490012824 2.14721208943887 374.239582936385 -333358.310437053 104.169323622035 135.776133288674 69.7649678141736 986735.331209175
149800 0.2996 -2.1238397624874 -0.0120145551622585 0.00328980583744983 -0.0589425056075942 0.056279888896674 0.197727914308426 2.15164448363932 373.979240874932 -333359.295293638 104.169551184637 135.800247601674 69.745052036893 986631.001201892
149900 0.2998 -2.09384511137913 -0.0274676121778088 -0.0273288337040654 -0.0439890223943193 0.0527050724166678 0.227026160116653 2.1068848961349 374.742042292693 -333366.295448751 104.183957981908 135.809601289613 69.7251362596123 986553.628569366
150000 0.3 -2.12258142175537 -0.000378971611961901 -0.0104360467882504 -0.0415120835352152 0.047407448732505 0.236224972869046 2.1591248472056 374.536874083146 -333366.728215609 104.206637819384 135.8339924599 69.7052204823317 986663.709713723
150100 0.3002 -2.09706997633199 -0.0293590928802133 0.00983564001872567 -0.0508062949658415 0.0301461905162186 0.205883190785692 2.12029285297993 373.887686431059 -333363.77146076 104.214635999947 135.868828372823 69.685304705051 986710.500005147
150200 0.3004 -2.13753504838345 0.0286846247156164 0.0213530279335859 -0.046400811952279 0.0494260552503217 0.217955324204031 2.19840420672753 374.87918525663 -333373.232521259 104.246414719156 135.869681163651 69.6653889277703 986735.492280114
150300 0.3006 -2.13476451355659 0.0224534091914912 -0.0247783552693834 -0.0698991344280142 0.0606996950278635 0.230121522627827 2.17681178984818 374.859750475379 -333376.460662062 104.250481550226 135.886627934172 69.6454731504897 986614.933181164
150400 0.3008 -2.12677708868539 -0.0157564817179017 0.00904830381815513 -0.0685615019626892 0.056211395184168 0.235265482426246 2.16772171576714 373.827627250952 -333371.3583658 104.219260941845 135.955232645306 69.625557373209 986535.235529391
150500 0.301 -2.07591686873827 -0.0316135458585504 0.0323324060973834 -0.0796395694392868 0.0743206846273409 0.22394142842458 2.12132917021928 373.244989342866 -333369.0298406 104.230868076243 135.982326109377 69.6056415959283 986559.451656352
150600 0.3012 -2.11861616721414 0.0244307941596213 -0.00841374108255107 -0.0560389283350611 0.0788830542508125 0.187943687102611 2.15810074891696 375.049795499908 -333384.475982417 104.265035167393 135.968217250291 69.5857258186476 986498.113117541
150700 0.3014 -2.10458812389388 0.0372250748221975 0.00364024045500325 -0.0497272517468013 0.0729466024951172 0.213537986175128 2.16257640594138 374.681651595345 -333384.996124895 104.280707008505 136.012625274995 69.565810041367 986686.160683288
150800 0.3016 -2.09716923591584 -0.0372277567400763 -0.0105879901836638 -0.0652607741485333 0.0794859248171242 0.198435742710667 2.10921931281008 374.310734879232 -333383.572459505 104.265218647463 136.05407381133 69.5458942640863 986557.731508137
150900 0.3018 -2.09071677713349 0.0227002124153965 -0.0244379461782199 -0.0331197652764722 0.0623540391216093 0.203600756621053 2.1233100178523 373.243620847256 -333379.868540398 104.27868803424 136.100755847379 69.5259784868056 986741.071376928
151000 0.302 -2.10608810286434 -0.0401064916908871 -0.0220975715701705 -0.0560600699540831 0.0558926785899514 0.203491854367166 2.10922673271232 375.057914516674 -333396.225776008 104.256122257729 136.149659034786 69.506062709525 986599.323827964
151100 0.3022 -2.05040805733821 0.0489470560818549 -0.0112137198022719 -0.0382548384558486 0.0593611575992704 0.221076317235067 2.10860098926643 375.173330563781 -333399.740428574 104.276814248493 136.196890917415 69.4861469322443 986854.619998864
151200 0.3024 -2.11426494298571 -0.064254360593403 -0.0466673480083454 -0.0420261046156391 0.0905395804116502 0.22148803061382 2.10142045370044 373.780744278569 -333392.824020632 104.237131651606 136.214659274656 69.4662311549637 986324.992152616
151300 0.3026 -2.0828562681131 0.000208888215254942 0.0147810132366936 -0.0649147599555699 0.0749557669783513 0.187220727653543 2.12235227047781 376.519299690423 -333416.591784958 104.269569612603 136.263887192518 69.446315377683 986705.531946491
151400 0.3028 -2.0962599619534 0.0109696715456507 -0.0505053842883428 -0.0740022405838669 0.0682074882120195 0.186798828091812 2.10943618939285 373.236592562343 -333396.240227146 104.259048560496 136.299096393919 69.4263996004023 986577.888466208
151500 0.303 -2.0866137301507 0.0129267014136524 0.0279515737867019 -0.0723478063184623 0.073475241797355 0.190592422726049 2.14026072269248 376.513676860852 -333421.66330298 104.231181993272 136.388332875057 69.4064838231217 986676.823401019
151600 0.3032 -2.08936844803626 0.0179389706333901 -0.00358225953710707 -0.0649611070828203 0.0790082617358843 0.218565363860018 2.13788565632885 375.51103229209 -333418.223939666 104.215594475591 136.436047398623 69.386568045841 986591.221072405
151700 0.3034 -2.04891875911946 -0.00859928674335027 0.0326071560769918 -0.0702572100231439 0.0452911054756839 0.210489477939697 2.09822671995117 374.628693378837 -333413.681950158 104.20348632792 136.517130726112 69.3666522685603 986779.540794441
151800 0.3036 -2.04947248981681 -0.0044420405935849 -0.028865479583379 -0.0964856096853141 0.0688774449467675 0.230790313500833 2.0820068680307 373.141342736818 -333404.199917046 104.215806480154 136.524513260399 69.3467364912797 986666.216555012
151900 0.3038 -2.09525135681472 0.00806203249687424 -0.00980310293129339 -0.0818089434675564 0.0720551441144617 0.235442502248987 2.14210733971084 375.037888817064 -333419.568642246 104.215444933106 136.568400956458 69.326820713999 986696.517990456
152000 0.304 -2.13431126839468 -0.0356341804989551 -0.00369366247323392 -0.0747447379716006 0.0491516055729765 0.228838384622434 2.15722218065054 372.998380081603 -333404.968054178 104.182368321681 136.619151997804 69.3069049367183 986466.442239748
152100 0.3042 -2.09936258690091 0.0270597391364545 0.014352045871749 -0.111408259977946 0.0764141214735281 0.228056562776573 2.16923802612803 373.979684080795 -333413.625500961 104.200044306714 136.666865217303 69.2869891594377 986694.769984092
152200 0.3044 -2.15034117683358 -0.0445540439501308 -0.0208234227423407 -0.0974743076566178 0.0599286073423274 0.216879638553619 2.1599218960291 374.987449815646 -333423.101531041 104.178439582092 136.675382743759 69.267073382157 986268.097708457
152300 0.3046 -2.1144349204443 0.0260687116691046 -0.00561393406259322 -0.0864056984414901 0.0483980777372891 0.216227009775414 2.16440062975696 373.654586966489 -333416.619822765 104.208318500437 136.72116667456 69.2471576048763 986597.692642366
152400 0.3048 -2.14006462229883 0.00374441877286514 -0.011648960906459 -0.0907888337516105 0.0792637503388664 0.222129397044904 2.1805398791674 373.093442189195 -333413.20562311 104.198868912353 136.758638698312 69.2272418275956 986494.804915838
152500 0.305 -2.14011203878579 0.0233849901801958 -0.00603875153775056 -0.071674833792791 0.0608185495278652 0.24814959445468 2.19753729663805 373.75076648524 -333419.638318263 104.164799836274 136.840344595548 69.207326050315 986477.564752756
152600 0.3052 -2.14705284084538 -0.00992000419615889 0.0605288195402032 -0.0866131548797145 0.0860936120574598 0.26324793466055 2.23058256156896 375.010500921721 -333431.702506067 104.140088798265 136.919677499955 69.1874102730343 986531.339473315
152700 0.3054 -2.19129858701756 0.00401853956123175 -0.0224830465844558 -0.101236788112238 0.0783008515108199 0.238550733954594 2.23199447226598 374.149132967913 -333429.107858654 104.162170253374 136.884444893956 69.1674944957537 986202.645744233
152800 0.3056 -2.15228319753315 0.0574226088812432 0.0211440823124895 -0.127989297258979 0.0492006626996673 0.229087422682494 2.24004465347168 375.479642478062 -333440.912705922 104.175994760125 136.938687169659 69.147578718473 986440.270295762
152900 0.3058 -2.19288096463056 -0.0075164409213028 -0.0113806892476463 -0.0827259029496075 0.0744201002278915 0.248859980190163 2.23390418123292 373.102578781547 -333426.970803878 104.114705172995 137.012627506808 69.1276629411923 986108.13853047
153000 0.306 -2.22983150587995 -0.00192574834143823 0.0189714065425919 -0.0854904842084536 0.0633702289482872 0.249908535748513 2.28733331685156 376.097469814682 -333448.936132949 104.096401946992 137.057682170721 69.1077471639117 985974.850132429
153100 0.3062 -2.23729062864167 -0.00623783146436012 -0.0281647261698642 -0.0721592496311892 0.0975136656101275 0.245163937044675 2.27015880450772 373.509025944678 -333433.191880088 104.10235930059 137.066804906889 69.087831386631 985812.730413033
153200 0.3064 -2.24144978121804 0.017711715745612 0.00247459886673931 -0.0696036252671043 0.0785333097934258 0.257829259485777 2.30262544688657 375.34738309944 -333449.053262216 104.112690942082 137.106366399284 69.0679156093503 985910.842058989
153300 0.3066 -2.28801834362041 -0.0297660515104028 -0.0163603386442944 -0.0936782254925786 0.0976578018490235 0.271725330978858 2.32520935505425 374.940601860211 -333448.690890172 104.119794516704 137.108356347337 69.0479998320697 985708.109278502
153400 0.3068 -2.26017116815019 -0.00508878733167724 0.0232195875386806 -0.0889786978972367 0.105483762223965 0.30120089839709 2.34079765628482 374.237246148045 -333445.938639696 104.134938081903 137.166383339526 69.028084054789 985984.233064913
153500 0.307 -2.27686577096384 -0.0111484798744905 -0.0254087302866993 -0.0804891601703796 0.120546799817718 0.292465772546645 2.32830567018948 373.292849478526 -333441.603350996 104.136652148235 137.200225522827 69.0081682775083 985959.183889493
153600 0.3072 -2.27391833696821 -0.0291218431829043 0.00700977885307507 -0.0982440489994113 0.096509731780177 0.311937867698463 2.33887551944774 373.124336299897 -333442.298081371 104.156521319893 137.240578770176 68.9882525002277 986152.662885097
153700 0.3074 -2.30323935320278 0.0326982881771991 0.0106719421951993 -0.0945476554539342 0.0681124995560418 0.327169945470372 2.40156071931397 372.490310414978 -333438.615736098 104.184761659257 137.257885434561 68.968336722947 986259.634946106
153800 0.3076 -2.33093880200044 -0.031117224906825 -0.039190957126007 -0.0973361246521774 0.0711848064647586 0.301487988860864 2.36368063490719 373.299769500755 -333443.243083062 104.167764279647 137.266809496591 68.9484209456663 985878.071821156
153900 0.3078 -2.27312498619448 0.0205939778435367 0.0169484563918752 -0.102883479867144 0.0704268557972066 0.313659011054303 2.36528623154041 374.08672825685 -333450.005915639 104.18710729769 137.331207685006 68.9285051683857 986238.789506692
154000 0.308 -2.2972497833516 0.00657923887742724 0.00107566136125086 -0.1184217421434 0.0938165195349608 0.306730097050313 2.37606922327226 374.409697685957 -333450.874221426 104.188042176714 137.352728402277 68.908589391105 986117.185727844
154100 0.3082 -2.30168659213485 0.00574595111647122 -0.0296095516662462 -0.131538817229127 0.0778335100129898 0.330940383078312 2.37540747539057 374.499651604566 -333452.931418799 104.203035142015 137.355304518415 68.8886736138243 985992.537322327
154200 0.3084 -2.30861265182436 0.0446333969116762 0.00937135112372201 -0.121702967639249 0.0502254370145127 0.316648517628 2.41015177521222 374.514880980029 -333452.038305203 104.197874839916 137.421565677721 68.8687578365437 986134.160809449
154300 0.3086 -2.29752958513196 -0.0170485217098811 0.0121843087354149 -0.146679870995072 0.0862311533999686 0.35844268274124 2.39591511010114 374.036137298755 -333449.825779571 104.128150862317 137.538233494881 68.848842059263 986025.709086427
154400 0.3088 -2.24005527462708 -0.0315313671218896 0.0174344628607856 -0.142789164845259 0.0662680059089657 0.362117534481224 2.33577516418957 375.301376377036 -333459.177012007 104.128216559364 137.600658333535 68.8289262819823 986188.506080364
154500 0.309 -2.25258440889209 -0.015396772256338 -0.00730328247280534 -0.122560718258395 0.0877030816167933 0.363989779947681 2.34281566531558 374.192836244908 -333452.61876679 104.171595619318 137.570465260778 68.8090105047017 986097.448446019
154600 0.3092 -2.23995283770518 0.047873437091569 -0.0304381186608135 -0.140303332878204 0.0729868716367342 0.353720474510263 2.3476604049035 373.476713280167 -333447.704341222 104.197689791096 137.582485961753 68.789094727421 986145.135315706
154700 0.3094 -2.23705065087421 0.0181474893624403 -0.00712326095957852 -0.125426966052161 0.0847506608342492 0.349891585256608 2.33785860836256 374.018694714658 -333454.573267618 104.146865989028 137.683299808366 68.7691789501403 986100.799383467
154800 0.3096 -2.26000139339305 0.0338504716153795 0.00788197520530565 -0.105264920256399 0.0444655015453667 0.345612807551053 2.36651244419071 374.638588891342 -333462.139258205 104.109812569129 137.788939242356 68.7492631728597 986220.598986753
154900 0.3098 -2.24611778087788 -0.00539118638223494 -0.000339833743404183 -0.14209941583552 0.0515390097404618 0.345643543137746 2.33648321305663 375.293006405865 -333468.698685058 104.086643390935 137.85180108113 68.729347395579 986165.189580036
155000 0.31 -2.21119708904947 0.0448320074342934 0.00515108295920594 -0.153407205627088 0.0429040910023777 0.360243695160194 2.33819817268651 373.926090401195 -333459.930367834 104.108637304992 137.888698050333 68.7094316182983 986351.680669988
155100 0.3102 -2.20591910828058 0.000484556091179108 0.017242237915919 -0.13703715364398 0.0525734503192013 0.359069468119933 2.31449654502172 375.530498775074 -333476.049795209 104.092904806612 137.939944394826 68.6895158410177 986283.187187797
155200 0.3104 -2.23052047148487 0.0363139379815218 0.000971517752906259 -0.124973722370314 0.0323028496229041 0.33016245453671 2.33166879457784 374.990606139685 -333474.365182093 104.085217646749 138.000198879662 68.669600063737 986355.078522643
155300 0.3106 -2.21703903340465 -0.0312470110853248 0.00929181197478829 -0.124080635066738 0.043134179889695 0.346709792678943 2.29789736987693 375.08899477028 -333477.412003418 104.043971591554 138.076168830017 68.6496842864563 986220.883034166
155400 0.3108 -2.21145017008758 0.0172337086809643 0.0135756773175968 -0.144292336133939 0.0440693028722421 0.368537396582706 2.33123126273574 374.925067419836 -333478.545065126 104.05396179964 138.105487787057 68.6297685091757 986238.814198751
155500 0.311 -2.22762864141997 -0.0118777690200292 -0.0379098549494628 -0.13283667707569 0.0517028541891475 0.354354358387793 2.30004485142771 374.709701378048 -333481.059835453 104.055195618025 138.095971133011 68.609852731895 985896.365563688
155600 0.3112 -2.20061138021001 0.0228613857054913 0.0389351635455336 -0.133752279720672 0.0474110486529265 0.37884641707435 2.33897742125901 375.375206373738 -333491.356492989 104.040373482483 138.182048632327 68.5899369546143 986084.048159916
155700 0.3114 -2.20328522898303 -0.0300658102454697 -0.0196265331414298 -0.115548548871055 0.0319226473814888 0.378215159533808 2.28427891217212 376.007859268473 -333500.445584072 104.002647396277 138.221616306911 68.5700211773337 985722.444011388
155800 0.3116 -2.18523853068058 0.017561845115373 0.00148313172616793 -0.115555566365409 0.0687997936218255 0.359650171631952 2.29335432590801 375.692537294543 -333503.476849056 104.034945683242 138.265669037574 68.550105400053 986056.342911809
155900 0.3118 -2.25887512613849 -0.0337994089967897 0.00278416570232618 -0.116788289287587 0.0433405993199225 0.343226185750872 2.33102293180662 376.379492602076 -333512.588601117 104.046747381276 138.242877045181 68.5301896227723 985719.175937226
156000 0.312 -2.22712255758004 0.0178429618012255 0.0187695288264248 -0.11130607293175 0.066548449085586 0.37609203471434 2.34877415311232 375.24016335898 -333507.47935765 104.119602414567 138.267001392677 68.5102738454917 986294.812441507
156100 0.3122 -2.32398001868556 -0.019338277122685 -0.0384846401804858 -0.107005640443823 0.078342852615941 0.348731034820085 2.38436953208571 374.677117977387 -333507.679368059 104.118452813674 138.250922902964 68.490358068211 985882.554682237
156200 0.3124 -2.31146629438468 0.0158528783544783 -0.000262381109461743 -0.109521199000559 0.0360005818957481 0.353460435478041 2.40704061540096 374.273469102675 -333507.980253693 104.112452493831 138.325656940867 68.4704422909303 986071.828922318
156300 0.3126 -2.2862675410321 0.00998504939563838 0.0320698884989053 -0.117089333048627 0.0560447958537562 0.352649472730224 2.39741815567983 375.962781352507 -333521.810603192 104.091909194082 138.407071284081 68.4505265136497 986170.588967609
156400 0.3128 -2.34442460335912 -0.0382635569632356 -0.0118512541316977 -0.0897376464653957 0.0525218968795201 0.388013474156959 2.42158728079483 373.954043151217 -333508.060512106 104.098461715205 138.399173249544 68.430610736369 985889.460190809
156500 0.313 -2.28478369591687 0.0472626247285515 -0.00198561972855152 -0.108701061360993 0.0816268781511047 0.362124722743111 2.40309296373069 373.291485988109 -333504.009575184 104.141985578106 138.421182432042 68.4106949590883 986171.416783226
156600 0.3132 -2.31188810864707 -0.0355477707068161 -0.0260811058903302 -0.122136881982298 0.0694523848901577 0.35278030990801 2.3740154378526 374.499859087879 -333514.081164174 104.106529662485 138.430151419974 68.3907791818077 985612.528623494
156700 0.3134 -2.30856960003699 0.0264420188478953 0.0190721006800542 -0.121794951071006 0.0676745827153276 0.347774189785435 2.41996011753666 374.521652371262 -333513.934144334 104.110725588868 138.500549823255 68.370863404527 985866.331167322
156800 0.3136 -2.38062376538227 -0.0421443070063009 -0.0191401618123922 -0.0971025907610315 0.0590518183928121 0.358503870683099 2.43867448750017 374.142941613303 -333514.382933822 104.079410863221 138.525918742011 68.3509476272463 985463.185018689
156900 0.3138 -2.34722658338537 0.014176791074438 0.0374950917186029 -0.0929291207829183 0.0612031234852106 0.349304671014566 2.45662771801146 374.303404900643 -333516.223813809 104.097701328691 138.596877215067 68.3310318499657 985853.910924903
157000 0.314 -2.37477651431838 -0.0164376458713797 -0.0195187688134415 -0.106092321927306 0.0555347969163432 0.365665952011139 2.44921604364657 374.371530661662 -333517.954074946 104.110845162974 138.585335211429 68.311116072685 985608.929808898
157100 0.3142 -2.3916627621352 0.00844325407834378 -0.0147301767463599 -0.10660146317655 0.0271606421390021 0.378807466160143 2.48439473771305 374.168478117948 -333518.917705662 104.101228551589 138.633026083361 68.2912002954044 985569.610972791
157200 0.3144 -2.37518855106677 0.00437414915469055 0.0325092030805655 -0.106322336155439 0.0443969715200235 0.370460893659829 2.48628432854455 374.526965319849 -333521.870711231 104.092525711815 138.714076864182 68.2712845181237 985775.809564396
157300 0.3146 -2.41708786873954 -0.0167278456614857 -0.0470534995815094 -0.0966286750321313 0.0518203281864074 0.349685452488978 2.46835218053185 372.783298474594 -333510.727015661 104.096289965971 138.69964241351 68.251368740843 985421.328840799
157400 0.3148 -2.43577315427744 0.0344884139642148 0.0056964900080992 -0.0933614102523165 0.040030218273998 0.35708084308331 2.53877413461333 377.025987064061 -333541.894488318 104.114410444912 138.740599786225 68.2314529635623 985596.22503315
157500 0.315 -2.44983956892845 -0.00946770171251539 0.0241643729654987 -0.0785824459904048 0.06454844295738 0.35752547551421 2.54029904528377 374.417218644869 -333522.081495605 104.111829041301 138.762087077079 68.2115371862817 985436.708796615
157600 0.3152 -2.48531767888027 0.0110202824166795 -0.0514964317478222 -0.0859207711505591 0.0688175679255016 0.375587908077696 2.55716684038628 374.29679106205 -333522.184845858 104.11455477735 138.739950555938 68.191621409001 985017.618534913
157700 0.3154 -2.43053143596546 0.0178945873092768 0.0599927848696789 -0.114775691406597 0.0657610078873529 0.364025851093012 2.55923327217494 374.2062083537 -333521.556628663 104.11394031157 138.840566555908 68.1717056317203 985438.261078707
157800 0.3156 -2.46977136293413 -0.0537264910009468 -0.0603994419404767 -0.0832342971856317 0.0739908744079309 0.365556895651442 2.50185901433646 372.891046600561 -333515.042369267 104.112137158035 138.814480598188 68.1517898544397 984948.220862247
157900 0.3158 -2.47791962512679 0.0561893914656307 0.0141173072761576 -0.0836656746848304 0.0700670100393304 0.371409129964879 2.60123538705447 373.389690490314 -333519.735872684 104.177049726667 138.849293275839 68.131874077159 985521.408269301
158000 0.316 -2.47281388369826 -0.0105450854378814 -0.0133776303031062 -0.0928501985862799 0.054849503300759 0.374756836310534 2.551865614136 374.72639108103 -333531.680562357 104.165516612655 138.860606719482 68.1119582998783 985204.52420833
158100 0.3162 -2.45078807033562 0.0279545590398816 0.00607107984337137 -0.0920387073967093 0.0829263347140707 0.402577854736031 2.57345116252444 374.213003366523 -333527.086017049 104.166193097653 138.926499462872 68.0920425225977 985390.218985079
158200 0.3164 -2.48964122867852 -0.0324195417235226 -0.0119170276663528 -0.0793640584975722 0.0688594264590631 0.420977972267234 2.57944299737097 374.766083843368 -333532.817580777 104.126107029421 138.979648434249 68.072126745317 985099.638534014
158300 0.3166 -2.47717521662483 -0.0204913404014766 0.0247939952293637 -0.0873874578302102 0.0774537361897182 0.401818213444302 2.58338513587631 375.215186547711 -333538.440451485 104.136499031338 139.021387091851 68.0522109680364 985205.505526129
158400 0.3168 -2.43465255378323 -0.00110057025618347 0.00714950501010208 -0.0757141694953724 0.0611582092623262 0.404433341659253 2.54193591125022 373.925859977413 -333530.979794364 104.203391076896 138.979200095108 68.0322951907557 985250.770165659
158500 0.317 -2.48073424166105 0.0430956098099597 -0.0357732032662125 -0.0873558689557684 0.0599471356533182 0.416375984615102 2.59435289552043 374.228459734497 -333533.247247364 104.253315310722 138.944766153006 68.012379413475 985190.092529699
158600 0.3172 -2.49229933117532 -0.0133900627157967 -0.00888533910502405 -0.0634833510857864 0.0621827376464257 0.414768534797514 2.58765676886503 375.580436229213 -333544.982821421 104.219454614717 139.030044162587 67.9924636361944 985186.006518947
158700 0.3174 -2.46152440083941 0.0278613553819604 -0.0111571267915255 -0.0193274966148251 0.0432257122089221 0.413970035741125 2.5733774394588 373.825913063625 -333533.080605042 104.21844523703 139.113082360295 67.9725478589137 985476.137352905
158800 0.3176 -2.44350739605929 -0.0313194978039722 -0.00281243698489313 -0.0515447569022893 0.0399031121997713 0.401388714836196 2.52671992082703 374.376190947676 -333536.815882075 104.198204244814 139.168171886437 67.952632081633 985386.119034372
158900 0.3178 -2.46078718598773 0.00424896577603942 0.0172212429002497 -0.0583235443049347 0.0511746943183935 0.40564219552188 2.57298403986462 375.213595537508 -333545.777448722 104.22529108285 139.162274030217 67.9327163043524 985311.6411642
159000 0.318 -2.47991337505316 -0.017407702248684 -0.0336070415554014 -0.0396326209852812 0.0734559201682738 0.415560399628301 2.56188925014904 373.891116773525 -333535.74845079 104.259263723893 139.118817504956 67.9128005270717 985036.154600701
159100 0.3182 -2.46965233685957 0.0440473280602658 -0.0344338837597695 -0.0482822122830134 0.0749601986509567 0.380439514454601 2.56624636246442 374.383026199366 -333539.66614403 104.277062315011 139.163515567711 67.892884749791 985231.846111259
159200 0.3184 -2.50449865171365 -0.0549864711118795 -0.0105714345556623 -0.0346641807581283 0.0869566432203656 0.38197667187357 2.56415395689987 372.706986261227 -333529.910898633 104.229080012029 139.232567816258 67.8729689725103 984978.121936882
159300 0.3186 -2.49412834641166 0.0221884420387681 0.0178786265691288 -0.0305965085429756 0.0756819780008347 0.40879251056225 2.61578851740508 373.743122294719 -333537.056479168 104.263931375287 139.266644763629 67.8530531952297 985259.437390593
159400 0.3188 -2.5287235524065 -0.041870647738394 0.0171835131444572 -0.0391681692015791 0.0580727722211505 0.374347212942735 2.6019052748838 374.288387612198 -333542.789790666 104.263149616191 139.260881037234 67.833137417949 984922.101457757
159500 0.319 -2.53475601788361 0.0162676859061724 0.00327050670147053 -0.0652608325867694 0.0866826946005376 0.403855414822367 2.64562864692202 376.245121724073 -333558.725394708 104.31281892103 139.261673881191 67.8132216406684 985107.600655865
159600 0.3192 -2.58872152365614 0.0301350445138507 -0.00141714292630575 -0.0403787896638622 0.0831542098810693 0.413195222161597 2.70455184726418 374.346970388324 -333544.630844777 104.337922396783 139.248889950671 67.7933058633877 984964.864715719
159700 0.3194 -2.60368691606219 0.0075006765060951 0.00887077227171913 -0.0623923182278477 0.0562543461149107 0.422880420057155 2.71653008547741 371.937721073518 -333526.937708812 104.339413162369 139.272875340967 67.773390086107 984859.18963691
159800 0.3196 -2.58379332082393 -0.0409326648744261 -0.0364769321613379 -0.072077638857018 0.0618062540573151 0.413689533297191 2.64914196743207 373.517365237146 -333538.888395659 104.334838662533 139.298319598107 67.7534743088264 984706.481208339
159900 0.3198 -2.59868955490355 0.0402914728741343 0.0159781887094615 -0.053598601273062 0.0669702787209727 0.413747359638091 2.72695504598399 374.616293983747 -333548.934206015 104.353209388563 139.338985680682 67.7335585315457 984877.799441651
160000 0.32 -2.67332444536961 -0.00265879230496364 0.0207157425218643 -0.0802190714164743 0.0602662645825364 0.411815970515142 2.78107991858683 375.341465267372 -333555.001376695 104.342170023568 139.370917356767 67.713642754265 984709.666299311
160100 0.3202 -2.67306390008305 0.00362780467626726 -0.049251623791436 -0.0796654209858036 0.0635721726093943 0.383852853654763 2.73845318196616 373.798889182023 -333543.371596136 104.352800032978 139.370669722779 67.6937269769844 984518.585730571
160200 0.3204 -2.65164765021925 -0.00324876409662447 0.0337350571060228 -0.0808615741540858 0.0302653962911517 0.434226033359215 2.7751311470319 374.629499466666 -333550.257451711 104.336442014335 139.468492023932 67.6738111997037 984765.359673568
160300 0.3206 -2.71208341001013 -0.0605255951478393 0.0147311468030981 -0.0571195709918302 0.0557006171141307 0.418840524340282 2.78950672913831 373.018853963828 -333538.599198336 104.310965022881 139.505749400057 67.653895422423 984498.088874374
160400 0.3208 -2.70146539477404 0.0135823933472269 -0.00289506001263519 -0.0598537977550005 0.0332833679925514 0.404355297830366 2.79849947734052 374.226870348373 -333545.114229767 104.34547165959 139.491512820693 67.6339796451424 984433.384560767
160500 0.321 -2.70907227156722 0.0105554276305739 -0.014555606818199 -0.0753129924024319 0.0400809868941307 0.423772421799563 2.80878933259353 374.8532484393 -333548.935468962 104.358716636277 139.513353640606 67.6140638678617 984422.53683754
160600 0.3212 -2.70830403689037 -0.029481612062661 0.000429672505860554 -0.0547765759522719 0.0475646526844197 0.426512527829834 2.79618288138015 371.614832669534 -333524.558016861 104.340057261959 139.578730975168 67.594148090581 984417.70292015
160700 0.3214 -2.68691255449714 0.0290581037037105 -0.015432476464674 -0.0595617677876354 0.0514884233192044 0.43090162123936 2.79879715680537 374.530464999259 -333542.79786934 104.353228229037 139.615988537021 67.5742323133004 984514.609060429
160800 0.3216 -2.73253439955097 -0.0263497674816471 0.0331035426062939 -0.0559593187211558 0.0450057473847251 0.399404367818284 2.82522636757825 374.370424423303 -333541.916447786 104.332040592682 139.669736737692 67.5543165360197 984403.435513473
160900 0.3218 -2.7062445900451 0.0262513763712627 0.0311738377464152 -0.0526357889650103 0.0493472294588761 0.42590367027877 2.83545549745303 372.220654991218 -333522.89903377 104.363642939849 139.72447144086 67.534400758739 984797.089391184
161000 0.322 -2.72280012611466 -0.00322023262482924 -0.0347616627842467 -0.0432032449949068 0.0442334447249728 0.42800912398484 2.80577529468968 375.159069969937 -333543.014495024 104.356715276725 139.745729619532 67.5144849814584 984591.099256068
161100 0.3222 -2.70747718490266 0.0274145035846251 0.0051723324526728 -0.0462986599275284 0.0168439407465728 0.451413194937091 2.83511918680919 375.294998459773 -333541.126229557 104.369536190734 139.781216194416 67.4945692041777 984671.568070205
161200 0.3224 -2.7114449976498 -0.0225387802956437 -0.0399052805149964 -0.043518239901168 0.0374990846458487 0.435111054505837 2.78598031140959 375.297995666011 -333539.541472692 104.363306291587 139.806717833027 67.474653426897 984501.839726967
161300 0.3226 -2.72425246642131 0.0150062599017645 0.0398792951020728 -0.0495215062404933 0.0251306213695133 0.430301240984768 2.85254622634781 374.422807687468 -333531.306639458 104.375326450175 139.869838043642 67.4547376496164 984769.017184781
161400 0.3228 -2.7396221131214 -0.00446622173471963 -0.00584224368330728 -0.0597770847991408 0.032008370883711 0.460385238093012 2.85078466715172 373.463540233827 -333521.300384664 104.394854087037 139.835782538325 67.4348218723357 984422.708531557
161500 0.323 -2.78133192395311 -0.0175563375112774 -0.00809360687664462 -0.0242459018824727 0.0322311291649658 0.439579797501614 2.87215410847725 373.365945403629 -333520.014731822 104.405895456326 139.867606000018 67.414906095055 984460.052339715
161600 0.3232 -2.77900452668075 -0.0307014301680353 0.00824944876538319 -0.0309634396473488 0.0296795452166782 0.456726709607274 2.87976606589128 374.99398757719 -333532.850515169 104.408268387404 139.910644165559 67.3949903177744 984494.432439374
161700 0.3234 -2.76286114211233 0.0264037066245769 0.0152258005010284 -0.0395455602492058 0.0386651115550363 0.457283758012114 2.89576363571645 374.837697750924 -333531.330223729 104.458897404778 139.905659766185 67.3750745404937 984645.680284733
161800 0.3236 -2.82499420788703 0.0122710631882277 -0.0286456454676378 -0.0443230455667129 0.0550753548649159 0.464342354618863 2.93214798179515 373.677758141188 -333522.184540437 104.489210944966 139.889793203792 67.355158763213 984528.611892181
161900 0.3238 -2.79970982411317 -0.00340830752279296 -0.00921824124077616 -0.0707053453124972 0.0299578060176463 0.467887247713978 2.91162071332447 374.451569852181 -333527.562118041 104.481092616056 139.952434062214 67.3352429859324 984601.727495297
162000 0.324 -2.83262000156991 -0.0235506791114774 -0.00100369285622368 -0.0521502643095875 0.0493967774944534 0.453897598547838 2.93057384096621 373.510611280183 -333520.020398979 104.447283582704 140.011956638647 67.3153272086517 984410.495826817
162100 0.3242 -2.82186272517399 0.0022295909015858 0.0171012183486439 -0.0198700318960154 0.0735200583046038 0.446686555434678 2.93831654381571 372.829453579692 -333514.962253868 104.467063656714 140.060142743698 67.295411431371 984644.376924779
162200 0.3244 -2.82082507113751 0.00668942502080035 0.00233396230007112 -0.045135660969158 0.0626331669682961 0.447827374480396 2.9329286657792 374.99761324337 -333529.482398936 104.483151521879 140.064710597387 67.2754956540904 984536.673730358
162300 0.3246 -2.80354161430994 -0.00884989954041109 -0.0037291558638138 -0.0548382912198341 0.0615986824876383 0.461928180225098 2.91293267021507 374.538037027388 -333524.907462348 104.483683199821 140.101996643124 67.2555798768097 984512.23988003
162400 0.3248 -2.83760768491982 0.00582431585508416 0.00477354477186518 -0.0324058601508722 0.0554639806573207 0.453662647596201 2.95159743584157 375.385321873349 -333531.111171859 104.490824467041 140.134424803741 67.235664099529 984515.799348445
162500 0.325 -2.8353053268338 -0.029338442224082 -0.020500909000973 -0.0606958971251896 0.0647850555006443 0.453027140271672 2.92192918130913 371.995484193625 -333504.190705543 104.466855408441 140.168315188712 67.2157483222484 984236.379159474
162600 0.3252 -2.85972681889139 0.00472178791829415 0.0115610649119129 -0.0799514385486221 0.0562326067643208 0.447760594186988 2.97570748211384 371.218927485332 -333499.002080051 104.448972880039 140.2480443691 67.1958325449677 984335.905017252
162700 0.3254 -2.85573378260872 -0.0210967625038373 -0.0118690489355625 -0.048621997763512 0.0445123156239537 0.476524172738799 2.95899841184102 374.254913117141 -333521.80477555 104.413478521235 140.305798716116 67.175916767687 984114.853909548
162800 0.3256 -2.84046505374268 0.0190557489043462 -0.0112429326434114 -0.0535963805268758 0.0726196618419668 0.451460041299423 2.95415378564508 374.931345814626 -333527.734180866 104.405646106137 140.36519190682 67.1560009904064 984165.724781918
162900 0.3258 -2.83985413466496 -0.0106753391491617 -0.00639292374399379 -0.0468963841492421 0.0503635458774351 0.424277259093109 2.92756341784177 374.475601796751 -333527.968054321 104.396741913303 140.405460056992 67.1360852131257 984072.182358403
163000 0.326 -2.87007243310614 0.00988624890331481 -0.00936994673567462 -0.0612792761348317 0.0691669745357722 0.442837411558976 2.97540053483863 374.886779779788 -333533.498358725 104.411040715408 140.448205923148 67.116169435845 984214.552745868
163100 0.3262 -2.86371998900616 -0.0126519257928251 -0.0286310634070959 -0.0863208170559198 0.053057388271501 0.4639089526257 2.95968249710762 375.198705755931 -333536.23007555 104.382749404688 140.508143456467 67.0962536585644 984075.680401042
163200 0.3264 -2.80433470879192 0.0352390577765193 0.0310304626520601 -0.081843831571685 0.0360978418770267 0.437623509932864 2.94105315864037 374.134034028808 -333529.378022407 104.384215794844 140.622236440024 67.0763378812837 984596.249619883
163300 0.3266 -2.81851723989291 -0.0341262289009852 0.00521904917993986 -0.0574706293877117 0.0460779892987383 0.443076631998708 2.91018261628089 374.224218898854 -333530.031984986 104.353782863767 140.672933091676 67.056422104003 984371.694416492
163400 0.3268 -2.79594521174485 0.00964446848510059 0.0194633653649835 -0.0913165150251358 0.0491970520694872 0.448263333515226 2.92131389555705 375.335337059331 -333539.238815757 104.393379464417 140.701361685403 67.0365063267224 984651.688523318
163500 0.327 -2.78965454391878 -0.0117043904766881 -0.0290608077526982 -0.06326605814115 0.0606545127485526 0.428703331575105 2.87114913750466 373.627181068345 -333526.939675602 104.416517652563 140.689182184013 67.0165905494417 984492.109552783
163600 0.3272 -2.79727573755829 -0.0316542313501271 -0.0102239514668136 -0.0637499697981903 0.0656829073414944 0.404336129188192 2.86774957770467 372.530843383221 -333518.686312357 104.426004958205 140.753343038357 66.996674772161 984737.847739237
163700 0.3274 -2.78718643028857 -0.00312655903646703 -0.00520753437876985 -0.0660883628273656 0.0542927618644611 0.445405329563133 2.89176485681617 373.542506572812 -333524.091438491 104.42084082259 140.780146347538 66.9767589948804 984583.892297436
163800 0.3276 -2.8067327343085 0.0417041640120456 0.0211320493359203 -0.0475333799285988 0.0466862902647374 0.426760876023127 2.9351506327149 372.067426434641 -333512.794106403 104.432923826985 140.815120782433 66.9568432175997 984649.578222046
163900 0.3278 -2.81731576148111 -0.0420672063196696 -0.0207353150961385 -0.0749989045542411 0.0581749223814982 0.422394830737911 2.88512400838221 373.441328696242 -333523.523553147 104.400566772539 140.847058329577 66.9369274403191 984274.900840161
164000 0.328 -2.78461951923226 -0.00342369872544923 0.0384216674846228 -0.0679510666447885 0.0722332657124626 0.412040092559486 2.89689790540141 374.207203217614 -333527.459793456 104.443304104818 140.884973194446 66.9170116630384 984649.839414288
164100 0.3282 -2.84454357480569 -0.00693717099659055 -0.000675109072830172 -0.0769445619528101 0.0744405021129273 0.433669781889519 2.94421680323528 372.918630977332 -333515.776890693 104.48563315721 140.83377468853 66.8970958857577 984397.864961735
164200 0.3284 -2.83015576052912 -0.000145762739324074 -0.00199215183465344 -0.0731375430489434 0.081386195971314 0.428019905398955 2.93074329389154 374.497699150987 -333527.656253416 104.516705415206 140.826566564804 66.877180108477 984347.075072164
164300 0.3286 -2.80631415479138 0.0252682159163265 0.0465996151971331 -0.0940440337698248 0.0824255442840474 0.439319521754906 2.95036184956075 374.089626737987 -333522.954829412 104.535355390581 140.874535516207 66.8572643311964 984564.787370879
164400 0.3288 -2.84113466147227 -0.0442640313494394 -0.0209592749982178 -0.0856961763904317 0.0666355291643679 0.470668807855603 2.93055431397247 373.000497906761 -333516.545466841 104.544267174704 140.854145064382 66.8373485539157 984212.933284807
164500 0.329 -2.797641669763 0.0269470936204464 0.0136276424752082 -0.0629079055608848 0.0879466704345589 0.426947594223828 2.91938108627152 375.340576789459 -333531.758752631 104.602554094559 140.877660411445 66.817432776635 984632.5869124
164600 0.3292 -2.80418250511101 -0.0211359316887729 -0.0516196824641496 -0.0592286982785399 0.101810083036993 0.439738828985793 2.87804977355063 376.492453754214 -333542.544867393 104.615758112297 140.865797885397 66.7975169993544 984380.462050199
164700 0.3294 -2.76400346282174 0.000387054181022708 0.0418377726957817 -0.0529262981874942 0.076424869034701 0.441991754568985 2.89312202646322 373.831211775963 -333524.04853796 104.649485500607 140.910922694625 66.7776012220737 984719.573398508
164800 0.3296 -2.8421853129225 0.0095995270967162 -0.0183521213107597 -0.0781838557356853 0.0799211922958631 0.427464524344605 2.93928972317747 375.176405897857 -333534.469250506 104.648603911183 140.893024610079 66.7576854447931 984292.559461819
164900 0.3298 -2.81720349024062 0.00283682287699154 0.00992620359066839 -0.0667442785124378 0.0725475569869406 0.455854560388506 2.93687486066954 374.496085809555 -333533.005768236 104.684327774429 140.938323816519 66.7377696675124 984651.301828823
165000 0.33 -2.78072617647596 0.0075984977433124 -0.0179538074849912 -0.0964823406736826 0.0599851438087246 0.417174605354668 2.87488859239599 375.479446037729 -333541.347554939 104.716307900781 140.931801641254 66.7178538902317 984612.609351883
165100 0.3302 -2.77056525941205 -0.00146716654100988 0.00889133074976518 -0.0908957734056631 0.0566041728793235 0.430574579390521 2.87876307965489 375.493553082725 -333542.547081811 104.717555126317 140.970188803553 66.6979381129511 984598.531910504
165200 0.3304 -2.74726973855146 -0.0320355771057107 0.000705785896740276 -0.0862980309744097 0.0409828589372411 0.440407133483662 2.84107817209416 375.605410761422 -333545.41802524 104.710410514098 141.006362709672 66.6780223356704 984489.939531179
165300 0.3306 -2.67984531392059 -0.00629037963747464 -0.0121501317535527 -0.109159782128798 0.0640880454741563 0.451832349258708 2.79155705234052 372.097912393653 -333519.789641549 104.731631026423 141.047041075651 66.6581065583897 984679.326892276
165400 0.3308 -2.71474855733171 -0.0178172981923857 -0.0392305903357638 -0.0703951452105516 0.0792512096758797 0.446062025859102 2.8012085344569 374.281145293477 -333536.974231837 104.734239331701 141.061966530236 66.6381907811091 984513.81430616
165500 0.331 -2.69750510835833 0.0223023612822894 0.00608846659853404 -0.0960416715206101 0.0429771171689473 0.429781380279656 2.81795424035452 374.632899709804 -333540.45452588 104.743829675684 141.116882690903 66.6182750038284 984692.898555357
165600 0.3312 -2.68386646539339 0.00229247072547941 -0.0199009606437361 -0.123375933405856 0.0434951514075873 0.45616507672976 2.79855808830091 373.873306589759 -333534.754192496 104.739407917235 141.161258206589 66.5983592265477 984666.504844273
165700 0.3314 -2.67009312623895 0.0274806405960656 -0.00476886266033295 -0.102784021450689 0.0558386608203518 0.443122145790964 2.79661725761559 375.832545507869 -333549.264154837 104.755502050837 141.20553491876 66.5784434492671 984832.110683831
165800 0.3316 -2.67802163397567 -0.0259473019001741 0.00572207549843339 -0.125776391314792 0.0374439434576814 0.413642354700307 2.77190475965133 375.222629034083 -333544.710462982 104.738149960041 141.273985913284 66.5585276719864 984851.619663162
165900 0.3318 -2.65147686031606 -0.00843808029742498 -0.00444101227235402 -0.111913819978415 0.0412332788838791 0.438474761481212 2.75965385212872 373.820003980947 -333535.157684138 104.769197154466 141.290565695239 66.5386118947057 984964.360353149
166000 0.332 -2.69538471919186 0.00481310297541413 -0.0245808534956887 -0.0972009327435839 0.0461492583364331 0.420953161066208 2.78906808877344 373.629686890888 -333533.000685033 104.805967576002 141.272936645312 66.5186961174251 984892.232687233
166100 0.3322 -2.69077753949915 0.0294702928933459 -0.00193490132414098 -0.096102412476133 0.0502268037069881 0.429981303718802 2.81162437489259 373.763543813122 -333534.068836398 104.834594431978 141.297387759022 66.4987803401444 985036.746967215
166200 0.3324 -2.70907805154462 -0.000309622247329089 -0.016307379848928 -0.134812726150127 0.0591322347289716 0.4584903426656 2.82665908290623 373.615667813577 -333532.711443069 104.804546832822 141.374392566952 66.4788645628637 984996.006267857
166300 0.3326 -2.6599006049121 0.0338812952443554 0.0350844329479321 -0.119746496884929 0.0523301444780882 0.421447761019645 2.80067688463655 373.706598934662 -333533.117327201 104.808955704673 141.457323257161 66.458948785583 985319.99769745
166400 0.3328 -2.71672601695072 -0.00919467905621793 -0.0330782437665874 -0.0881101826705281 0.0479864150094777 0.446876465390992 2.80996884277001 374.072436810295 -333536.613029704 104.793353401249 141.467563312424 66.4390330083024 984949.386603023
166500 0.333 -2.71004701466258 -0.0140812093068536 -0.0185228472569407 -0.0725268363010013 0.0245146516985583 0.453236076544172 2.80893734380112 373.803229314237 -333534.728842124 104.794139736896 141.517511687565 66.4191172310217 985009.183900495
166600 0.3332 -2.7298623480924 0.00958255248920421 0.0133687180490176 -0.13120669334259 0.0502024389758027 0.460793867334547 2.86550939600592 374.902540100234 -333541.368356117 104.809161763135 141.537919833132 66.3992014537411 984997.010820006
166700 0.3334 -2.78400811629157 -0.0121315903531416 -0.0753809162439729 -0.1154338099308 0.0241912421661353 0.437564202986701 2.85098201814394 373.733539494179 -333532.22652258 104.797372513316 141.556572765087 66.3792856764604 984720.565394201
166800 0.3336 -2.75444626070747 0.000271921808810069 -0.0040948923474922 -0.0921218738476799 0.0482543955484894 0.441930661250153 2.86265871155601 373.209191984151 -333525.860132428 104.759106318104 141.663340668958 66.3593698991797 984807.885751124
166900 0.3338 -2.74929200828747 -0.0399230646121495 0.0124565094547004 -0.0872951483703032 0.0554380661986211 0.431264175428496 2.84172256164355 375.050990841432 -333540.41772578 104.739959320407 141.724730424515 66.3394541218991 984758.944260591
167000 0.334 -2.74594694003538 0.0235476602391244 -0.00569869392666056 -0.0944132825789636 0.0381599709521043 0.444921813225649 2.86617070039887 374.116525334663 -333532.177424666 104.780580466263 141.718374785382 66.3195383446184 984800.947269873
167100 0.3342 -2.78851607732076 -0.0351961127143391 -0.00885858382765804 -0.10740199111246 0.071121461739269 0.437446452595328 2.87712333481544 373.843467510094 -333530.447574986 104.793065305229 141.718414812327 66.2996225673377 984622.795329816
167200 0.3344 -2.80972835885075 0.00896228696076661 0.0140588808860677 -0.0838259162061866 0.0536956253777107 0.425434580865139 2.92097970117955 375.0423553258 -333538.475265765 104.827851123709 141.721779671003 66.2797067900571 984677.147994911
167300 0.3346 -2.84457749590154 -0.0170827954164309 -0.0197684279472075 -0.113633062008834 0.00788731740305309 0.395859758352047 2.91482053901519 372.589596822981 -333521.63945729 104.849373956562 141.715610935883 66.2597910127764 984540.524613509
167400 0.3348 -2.80126318469622 0.0154078134892581 0.0431773765963475 -0.138915825571729 0.0290777562258222 0.430444021260684 2.93749892212947 374.702148605505 -333535.645304679 104.887043136872 141.761824226366 66.2398752354957 984919.285541037
167500 0.335 -2.85555843218401 -0.0292041867866524 -0.030772975322346 -0.121896543940055 0.0340933719820858 0.448813240713494 2.93874295930544 372.041685911378 -333516.046503229 104.888035431782 141.7375537866 66.2199594582151 984463.898663042
167600 0.3352 -2.8298592788892 0.0128566781419225 0.0167876126047053 -0.123174414016063 0.0158063095591806 0.426779187311842 2.94701726258372 372.15079080439 -333515.016122187 104.912734355658 141.780974617584 66.2000436809344 984701.137647976
167700 0.3354 -2.81005945262303 0.0271151359193323 -0.0149447044040302 -0.125727715864415 0.0333972282378295 0.429625392136017 2.92172893998577 374.462937716289 -333531.190171538 104.951437604727 141.754503479226 66.1801279036537 984584.193060758
167800 0.3356 -2.87767778680276 -0.0134222833635132 0.00282248746394077 -0.12077361091435 0.0378432476108585 0.413523207545757 2.96846965872851 371.637059252007 -333510.25258139 104.964402782449 141.769478289249 66.1602121263731 984513.48539175
167900 0.3358 -2.85798675305746 -0.0373953525309423 -0.0427273385358216 -0.132278563552968 0.0134050366969561 0.413739425924221 2.91672724175086 372.004253952223 -333512.093947643 104.982205085829 141.795807969066 66.1402963490924 984566.871692663
168000 0.336 -2.78259168257092 0.0372568656787961 0.00533579120867983 -0.104245056859338 -0.00404642643295693 0.422114159310156 2.90340205644483 373.99365910595 -333524.893913113 104.998060762982 141.871465923926 66.1203805718117 984944.317315238
168100 0.3362 -2.77397157288348 -0.0291906296479362 0.0468216098446193 -0.132900935335877 0.0229761824863746 0.418749648720316 2.8859769106748 372.570413574438 -333511.974502634 104.979510993888 141.927394815679 66.1004647945311 984861.793331427
168200 0.3364 -2.80118636383247 -0.0119881408041345 -0.0292525033797521 -0.12097359660632 0.0272541947959418 0.396244015121841 2.87209526675755 375.333702274349 -333532.2317087 105.015336297811 141.916440773863 66.0805490172504 984825.036213193
168300 0.3366 -2.8241114023386 -0.00381006145130403 -0.000402207259635861 -0.131553307343073 0.0352760909533026 0.422332082908556 2.92480215282784 375.939604366879 -333537.617172822 105.028858963105 141.923296115039 66.0606332399697 984702.56379476
168400 0.3368 -2.76342378226326 0.0374381435626285 -0.0165165054524317 -0.120584664907952 0.00359148228147965 0.432297821064747 2.88113241769685 374.180319965254 -333526.291304543 105.041548999711 141.984722905806 66.0407174626891 984950.757328652
168500 0.337 -2.76416978001592 -0.0159947101774775 -0.0117349573791161 -0.13521649371819 -0.00849038532892249 0.416606942689625 2.85305830661776 375.744353947375 -333540.211781823 105.013530731175 142.049500788835 66.0208016854084 984840.195914265
168600 0.3372 -2.77799488609564 -0.0170936741691368 -0.00970586210633106 -0.162259268532439 0.0321398926381018 0.435649347250837 2.88001411300581 373.663624826383 -333526.711318212 105.010235897879 142.115218816045 66.0008859081277 984967.695964993
168700 0.3374 -2.79797925288684 -0.00383468120850263 0.0192041639832778 -0.12196729751382 0.0226329105618378 0.41509865420223 2.90434743602227 373.304032118813 -333525.051150202 105.008199034444 142.172463967286 65.9809701308471 985048.007832354
168800 0.3376 -2.78600707495698 0.00101143971352888 0.0168721046526699 -0.137699828389588 0.0296564156677417 0.429594926570149 2.90260320551047 374.88780076666 -333538.044669414 105.01692946344 142.197517745254 65.9610543535664 985006.100550187
168900 0.3378 -2.76702074974964 0.0158941873358402 -0.0399802106704207 -0.161253227658271 0.0472529627804494 0.43503865807971 2.87136309762983 375.850575762761 -333546.441631714 105.017608362899 142.225648365068 65.9411385762857 984909.865138552
169000 0.338 -2.74553568944683 -0.00657805573240014 0.0128310662623544 -0.155736870490101 0.0310652716923808 0.440201120027121 2.86573106661736 374.635620400732 -333537.488472163 104.994611424264 142.316927421734 65.9212227990051 985028.56343431
169100 0.3382 -2.72736287956182 0.0104524573873036 0.0168854892096262 -0.13638821666791 0.0404286829882137 0.438938184465109 2.85516996303637 374.375951598336 -333536.433740475 104.996520604747 142.357514685427 65.9013070217244 985029.717516469
169200 0.3384 -2.72222021944486 -0.00311873291518295 -0.0133735524161518 -0.160940607525958 0.0517302796351617 0.43688639110906 2.83268018307335 375.042492194916 -333543.431500798 105.004229629024 142.373621269303 65.8813912444437 984915.758758708
169300 0.3386 -2.69332882945674 -0.00546330479142189 0.017281378291558 -0.130485544455474 0.0420642767371782 0.463235814967143 2.8260259998262 373.791676296908 -333534.283895195 105.015596982182 142.440237825257 65.8614754671631 985185.364398672
169400 0.3388 -2.70423604406187 -0.0170227400798993 -0.0265850272347845 -0.116298984278617 0.0700301652250297 0.464318747850769 2.81026255096359 372.630169982553 -333526.819436386 105.024459531138 142.454372052278 65.8415596898824 985068.310426923
169500 0.339 -2.71329578721816 0.00222927929175221 0.0129224640676457 -0.153866903833162 0.056988070900121 0.44878665938574 2.84398043808889 374.550739359401 -333541.077019654 105.051440938705 142.48220234288 65.8216439126017 985215.77693941
169600 0.3392 -2.70896331901738 -0.0242319296361126 -0.0432634773828566 -0.125892186984716 0.0682670459754195 0.457887137120763 2.80134964387998 372.468832761288 -333527.328839476 105.063961407814 142.502104455871 65.8017281353211 985172.656040855
169700 0.3394 -2.70113495180397 4.03265152738483e-05 0.00520152482000253 -0.128297157397341 0.0581771088523219 0.459854701953235 2.82917816228241 373.193109967762 -333530.719314053 105.07877811735 142.547000926875 65.7818123580404 985323.709464856
169800 0.3396 -2.70829502393166 0.04327304391939 -0.04650362969458 -0.156863293433658 0.030321638293447 0.442812187894294 2.82789399372728 374.14907990554 -333538.039143733 105.078255470361 142.563701418282 65.7618965807597 985135.901161364
169900 0.3398 -2.6370476708452 -0.0134383145458052 0.0414035066424501 -0.124603757800524 0.0520865002724963 0.447919415585947 2.77251328283229 372.58252079547 -333526.46637439 105.072235649703 142.673538129493 65.7419808034791 985539.849973694
170000 0.34 -2.71632580680384 -0.00504258196594484 -0.0196590376096132 -0.143123906819577 0.026257080559008 0.442723963702898 2.82191002693715 375.593735911607 -333549.734530315 105.082898538538 142.628476126066 65.7220650261984 985030.065636457
170100 0.3402 -2.69519776821336 0.0590741293108978 0.0232494938264881 -0.144940106010254 0.05197716164159 0.416092986748804 2.84238530166092 374.775756405561 -333543.014731821 105.13013541658 142.652925268139 65.7021492489177 985343.105308238
170200 0.3404 -2.69437744980321 0.0174950924336228 -0.0113709812650879 -0.127722212534314 0.0288537837767456 0.402753681383315 2.79550942043221 375.306664685937 -333548.301893054 105.135932239653 142.665481445072 65.6822334716371 985185.448305349
170300 0.3406 -2.69167395182671 0.00654417123500723 -0.0178000301551886 -0.152823901995635 -0.0011316805797568 0.429122790593874 2.7996064187248 374.353691199759 -333541.863132597 105.130478385153 142.709915163808 65.6623176943564 985142.366778989
170400 0.3408 -2.65286721721231 0.0144830863068268 0.0418123902499835 -0.171312746383282 0.0508153822674831 0.413078418197198 2.79214854169534 375.133618039087 -333549.806466132 105.133568676603 142.765076357553 65.6424019170757 985253.195983895
170500 0.341 -2.68391264136209 -0.000792254764701418 -0.0215595793606923 -0.171022505665528 0.0370163142738086 0.403784341892545 2.77935732821802 374.5917030393 -333546.979606899 105.134645441646 142.781262269457 65.6224861397951 985076.029649342
170600 0.3412 -2.667641822736 -0.0219710075001151 0.0106679693841531 -0.185792278232876 0.0362615976051502 0.42518522590404 2.78151753640015 374.801642128548 -333551.5148212 105.107776694681 142.868568389554 65.6025703625144 985127.399542875
170700 0.3414 -2.67110946104916 -0.0135252367595145 0.0170416329065684 -0.15642570289581 0.0579270025803681 0.433941714825896 2.791650430012 373.495635877168 -333544.354859377 105.105572983494 142.931098163026 65.5826545852337 985238.708354347
170800 0.3416 -2.70777035423598 -0.0592498107540247 -0.0231403298489055 -0.161229787574917 0.0560891785013657 0.412450409056224 2.77657537385176 374.778183973043 -333555.213157339 105.130261190415 142.887924607593 65.5627388079531 984873.289327594
170900 0.3418 -2.62534935134013 0.0197746923193477 0.0072212710044499 -0.16771833777033 0.0303093082559831 0.409466454912278 2.74841155146958 374.269062703959 -333551.68462806 105.210999484283 142.871791347309 65.5428230306724 985219.002020827
171000 0.342 -2.66166611291278 -0.009587765043501 -0.0539624691832381 -0.163386496469429 0.0523599061286324 0.410499634296192 2.74073775758087 374.596769124291 -333557.912689029 105.227116977284 142.868118437934 65.5229072533918 985045.192322569
171100 0.3422 -2.64191419812866 0.0190483353482842 0.0353253454036642 -0.156814791598816 0.0474968640214992 0.418286785518262 2.78023938847441 374.706912400154 -333559.40737888 105.236999595246 142.950508542178 65.5029914761111 985406.213745518
171200 0.3424 -2.65551767988021 -0.0274380087520868 -0.0295342111479402 -0.170962779968931 0.0454218457240711 0.383717828262018 2.72706628609348 374.584077481493 -333560.024871479 105.218526571216 142.997929190468 65.4830756988304 985260.413929203
171300 0.3426 -2.65142792832494 0.0213876991645319 0.0103994900757834 -0.152475367905983 0.0561655320736018 0.401899903704704 2.77100616645786 374.21352293256 -333555.656420565 105.218228098965 143.071629978241 65.4631599215497 985465.61145122
171400 0.3428 -2.66408335703196 0.0073201238343662 -0.0136011904533546 -0.140194888598196 0.0339267185650273 0.384168125662008 2.75429071097309 373.706557294946 -333551.76201476 105.231009264892 143.09445940763 65.4432441442691 985442.693909253
171500 0.343 -2.6760155761508 0.0379656681610415 -0.00240281470796356 -0.162054579621546 0.0429482867376099 0.384514760865374 2.79027561968668 373.800225941638 -333551.851922061 105.273921621327 143.089103396627 65.4233283669884 985507.64709928
171600 0.3432 -2.66340469294336 0.0447202539989999 0.0260721152287617 -0.149709409929314 0.0328082372289125 0.365687746449126 2.78485860301325 375.238954051056 -333560.807959825 105.283536926283 143.115532915867 65.4034125897077 985479.620848829
171700 0.3434 -2.68101706979829 -0.00917173395891425 -0.0465403757612241 -0.139096859264386 0.0581217604209628 0.363974273799704 2.73969354574004 373.429761891413 -333547.292214961 105.257998543969 143.167014181611 65.3834968124271 985294.864070158
171800 0.3436 -2.66050420343345 0.0308335034535438 0.0317862222173105 -0.166265125099217 0.0750909005949405 0.408173392208139 2.80098704173495 374.733097245144 -333556.082857369 105.265616478948 143.24204861684 65.3635810351464 985582.30899191
171900 0.3438 -2.70594267390945 -0.00278026524753044 -0.00672339741512505 -0.184603060718232 0.0575965900666734 0.386316231060034 2.80291835272261 374.330230619608 -333553.974521371 105.250419669495 143.278892940441 65.3436652578658 985393.163080829
172000 0.344 -2.66206426512388 0.0169089172799371 0.0239217431649757 -0.214505598625149 0.071801476783149 0.376308476331344 2.78820052794816 373.758641697666 -333549.151883743 105.248754059454 143.360341949561 65.3237494805851 985637.222349258
172100 0.3442 -2.71329774521852 -0.0161057968156798 -0.0255053748688602 -0.197000421768377 0.0769082334955065 0.37676806026061 2.79456882787307 375.206026058331 -333560.481356414 105.245724641816 143.360794703859 65.3038337033044 985311.473606319
172200 0.3444 -2.65825377488086 0.0249534668329744 0.00713140866621634 -0.195193089498674 0.0566082973072556 0.374680881910687 2.77437745567395 372.909099740343 -333543.48851512 105.268087216748 143.385135120431 65.2839179260237 985387.5519094
172300 0.3446 -2.64876394912489 0.000765569650378113 0.00316629632602571 -0.20096104558091 0.07224304516714 0.354816339889705 2.74606451744126 376.725646817919 -333572.705886156 105.24638632598 143.425772952234 65.2640021487431 985163.004233166
172400 0.3448 -2.64247961943767 0.0150148192960071 0.0070737114500294 -0.196573941152885 0.0547983846628297 0.373758504542824 2.75413418231874 374.587275859053 -333557.525876612 105.251885552805 143.451905622154 65.2440863714624 985093.289410504
172500 0.345 -2.65053305889151 -0.0152748814567945 -0.0130300174925963 -0.175942922516809 0.0529437131972398 0.390498253194851 2.74030107848881 374.658952789452 -333560.571699705 105.276864602643 143.460670631716 65.2241705941818 985086.492432605
172600 0.3452 -2.65727536608587 0.0257476911367346 0.0198698408608298 -0.202847912589225 0.0453310194598605 0.379599057537885 2.78294263887113 374.839284595859 -333565.266551461 105.30230621478 143.507745173489 65.2042548169011 985346.911026415
172700 0.3454 -2.64861310538342 -0.0202115727189724 0.00907474809070432 -0.205164286250158 0.0640817501370934 0.359787893152384 2.74103394093146 375.647985282408 -333572.802440898 105.328605686764 143.518230081648 65.1843390396204 985363.954163447
172800 0.3456 -2.61390072265595 -0.0132524530409578 -0.0168056887333784 -0.205219471458613 0.059714401755655 0.384686061539245 2.70834561181479 375.527799865232 -333577.805961259 105.383323205339 143.524338659072 65.1644232623398 985616.578611536
172900 0.3458 -2.57392439250956 -0.0179578685027677 -0.00889111745447438 -0.202881749715648 0.0416927052934513 0.380884758135061 2.66835882988866 374.515023308039 -333573.247574519 105.423880160124 143.517785665458 65.1445074850591 985649.546810585
173000 0.346 -2.56228828344351 0.0224589892071343 0.00535365164158412 -0.178224012389301 0.0551214085474049 0.394956840254187 2.68502836171906 374.269566335251 -333576.42112596 105.480477126108 143.495814882422 65.1245917077784 985726.277224336
173100 0.3462 -2.54487018253182 -0.00513016656303901 -0.0242294089435419 -0.176378709772793 0.0626555815791598 0.376359988778652 2.63290392087842 375.326736396092 -333586.776740162 105.481029542916 143.528182921127 65.1046759304977 985652.27399381
173200 0.3464 -2.49955945926956 -0.0185445784408836 0.0281724123220686 -0.175359478071821 0.0689393486164152 0.362769169092105 2.60285190061457 373.281696990127 -333572.180839645 105.464662608408 143.609183805936 65.0847601532171 985753.868995506
173300 0.3466 -2.57563074244177 -0.0207661706786707 -0.0166321214797404 -0.165035767008654 0.0527901268603261 0.375817069756626 2.65550338385566 375.430440874568 -333591.905786297 105.468142305736 143.62142996568 65.0648443759364 985568.781133946
173400 0.3468 -2.50912115751606 0.00606397620997506 0.0433423865719361 -0.159939814808804 0.0593877200146854 0.354195296566698 2.62392719061061 373.805123099952 -333583.629692477 105.514874527542 143.648396424974 65.0449285986558 985888.74879655
173500 0.347 -2.56425274438247 0.0104169387393184 -0.0447173232439091 -0.15372333031071 0.0758900934281556 0.35794533026632 2.63866563536702 375.541746798111 -333600.479399387 105.531634340504 143.610276834105 65.0250128213751 985481.849449672
173600 0.3472 -2.46308736628622 0.0598998268850959 0.0301601184543913 -0.166939516317336 0.0764471484671942 0.346957570356852 2.59876768803977 376.091164039484 -333607.736341114 105.542355097363 143.717581706774 65.0050970440944 986016.29619837
173700 0.3474 -2.45588531193895 -0.0144335783536283 -0.0189496638726046 -0.175993305488825 0.0694036171089355 0.343199705717023 2.53187890480226 375.048375998574 -333603.107305611 105.510611825271 143.769953995016 64.9851812668138 985776.838372381
173800 0.3476 -2.44404246950068 0.00476543746032653 -0.024257495777499 -0.157400046189827 0.0949488554712858 0.355050181597066 2.53100434233061 377.936860653297 -333628.093934445 105.520551312583 143.791991611463 64.9652654895331 985718.637813813
173900 0.3478 -2.36884419302115 -0.0437505093023698 0.0196403285466627 -0.14498334854198 0.0872205055128317 0.3373753967472 2.44638874913221 374.813923405971 -333611.079712948 105.535089278877 143.842578468505 64.9453497122524 985898.94307134
174000 0.348 -2.37346347402652 0.0408572119042474 -0.00809701436969384 -0.118722336104741 0.110966085084036 0.346277355405186 2.48034253795978 377.135046859362 -333632.813522008 105.583293149073 143.837761073274 64.9254339349718 986013.767339499
174100 0.3482 -2.38083409848008 -0.0208719217690018 -0.0109714570997663 -0.140663589710514 0.0924304568922484 0.356436776576785 2.46150658102773 374.400868257722 -333619.197238251 105.560399779649 143.90625805314 64.9055181576911 985966.8835359
174200 0.3484 -2.34469962626394 0.0177750446588938 0.0485612081120204 -0.114053984915537 0.09078446166401 0.361864486460495 2.47215573933625 375.179034298772 -333632.587053827 105.554434146117 143.999472855978 64.8856023804104 986247.067873233
174300 0.3486 -2.37859588321536 -0.0156346109318256 -0.0497514618671874 -0.132061847106502 0.0882478028492168 0.347835580386283 2.43778299440121 375.193057677913 -333636.611911925 105.571174018521 143.981097599407 64.8656866031298 985974.880470676
174400 0.3488 -2.29440863171637 0.0298800663351248 -0.00349499474048416 -0.126280812433206 0.0720021756366047 0.336265308868663 2.39342330435677 375.778929271398 -333647.158002818 105.593476262678 144.046302741857 64.8457708258491 986326.860508622
174500 0.349 -2.29354781481798 -0.00141729261079421 -0.0368110375972079 -0.139430140683604 0.0980738703962362 0.333283577356182 2.36524830370979 373.260039303627 -333632.268715621 105.545822585339 144.137142127936 64.8258550485684 986200.480115604
174600 0.3492 -2.25574121038242 -0.0249587664350297 0.0244482489006933 -0.159569256473672 0.0938383618798909 0.302742562847404 2.33812121225587 374.616583818187 -333649.241351398 105.526105573815 144.233500032063 64.8059392712878 986372.289029895
174700 0.3494 -2.23120442064615 -0.00924152755762835 -0.0330186036671549 -0.142145374486618 0.0925368568785482 0.301303479359482 2.28987099176312 374.467604470189 -333652.920886874 105.55419846999 144.227948567084 64.7860234940071 986293.708468914
174800 0.3496 -2.27492202033733 -0.0132208405642801 0.0117212971879144 -0.137079739778039 0.0912094491068487 0.296415449667872 2.34888109779956 374.786873650174 -333662.275722199 105.562989668922 144.249121413655 64.7661077167264 986217.389390266
174900 0.3498 -2.26164336474507 0.000192996733319042 -0.00378496348872129 -0.150250397160298 0.107120109965558 0.299080737638671 2.34038877486106 374.332471975497 -333661.655740792 105.593428831294 144.265021757319 64.7461919394458 986307.120573005
175000 0.35 -2.23867770463689 -0.00549224838600983 -0.0444499811497365 -0.11920631820625 0.0976730041277667 0.286566227663344 2.28456696976792 373.785695314893 -333661.405147867 105.622500651516 144.270550826968 64.7262761621651 986312.99960581
175100 0.3502 -2.23971285251079 0.0110032343705516 -0.00146281629019755 -0.110886063268194 0.092659893274173 0.276268383581061 2.30855759062863 373.546364861773 -333663.849509853 105.625435746548 144.343349774008 64.7063603848844 986534.472861536
175200 0.3504 -2.27597496033572 -0.0350578368767756 -0.0152165650791645 -0.112429794763455 0.100668043050589 0.286667457988504 2.31978966963297 373.21027952552 -333663.864861625 105.602968908626 144.381661573624 64.6864446076038 986282.767184567
175300 0.3506 -2.22519779291147 0.00766808839727502 0.0162216950896926 -0.116384880892122 0.0956752062560203 0.299982867118825 2.31147766225795 374.397179234542 -333675.527814756 105.632392321042 144.405862362438 64.6665288303231 986419.137808578
175400 0.3508 -2.25366657804534 0.0200437573936433 -0.0267213084195769 -0.131045081414555 0.0920447689494966 0.323460860034305 2.33590055222171 374.509736012861 -333680.973324335 105.642179490939 144.408602057959 64.6466130530424 986225.420959583
175500 0.351 -2.2286362161187 0.00574064120288145 -0.00373051767875328 -0.127934220427374 0.0783662704997018 0.300440611043223 2.30427569938689 374.711017876626 -333686.371007513 105.64749327934 144.465835166339 64.6266972757618 986361.9523249
175600 0.3512 -2.26894482178038 -0.0127295455763668 -0.0112067230819745 -0.125735408940281 0.0964960239916699 0.307301225302762 2.33508249603306 373.49440020037 -333679.394163409 105.645588771289 144.513492934436 64.6067814984811 986365.497383015
175700 0.3514 -2.242636251372 -0.0126119083508136 0.0264039087784396 -0.121126823187848 0.0963976270346462 0.285038433999276 2.31887265333075 372.918490836394 -333677.956639299 105.630338749501 144.570031586366 64.5868657212004 986304.825725934
175800 0.3516 -2.30068478474557 0.000256016155775064 -0.0230756819753894 -0.113435449822272 0.109537963112389 0.298549142686857 2.36287565329212 373.512238279229 -333684.996840814 105.66363219243 144.556231328341 64.5669499439198 986217.317523293
175900 0.3518 -2.28377359091666 0.0169127420459339 -0.000424232189702842 -0.123116687204154 0.0808974064159669 0.279066176315497 2.35633430418236 374.640080878127 -333696.983816291 105.706531384129 144.551516165351 64.5470341666391 986281.223938528
176000 0.352 -2.26916293086263 0.0285267301535999 0.0114689208270686 -0.0967410092955018 0.105466170986215 0.276198458739839 2.35176056800167 375.772954507434 -333708.607764325 105.717686666897 144.57961502117 64.5271183893584 986272.641672747
176100 0.3522 -2.29139029319174 -0.0184531451003338 -0.0151719547945446 -0.101502184063454 0.102229503064492 0.302763806297182 2.34754562169296 375.752163054163 -333713.88682925 105.69907766883 144.62940096224 64.5072026120778 986134.13914521
176200 0.3524 -2.22672443610781 0.0134817273854795 0.028353706903481 -0.0899153094778029 0.0896903089246587 0.321821214413748 2.32618897689512 375.13403426077 -333715.229395485 105.711880435576 144.701615401798 64.4872868347971 986441.382151038
176300 0.3526 -2.29200663025814 -0.018154704736865 -0.031532862414275 -0.108171770362233 0.0833873995529389 0.311497821251419 2.3424811746438 373.863276833389 -333710.251137068 105.717391080453 144.699744998373 64.4673710575164 986175.395710669
176400 0.3528 -2.22560810046565 0.00628572832813197 0.00196414791903282 -0.0931553564626201 0.0599453501450801 0.314379659905118 2.30326751343185 373.946373130305 -333717.245729982 105.752937310151 144.722065043916 64.4474552802358 986354.348384434
176500 0.353 -2.24521866348844 -0.0073625418061107 -0.021302237735795 -0.0935315104670751 0.084848705374042 0.304598966474344 2.30286413678629 374.00920324898 -333720.909620194 105.760953198797 144.749988673667 64.4275395029551 986314.551888201
176600 0.3532 -2.27994944216685 -0.0189370863303062 0.0295595844940668 -0.087646371553911 0.0675376507271904 0.318211279602172 2.35895851803556 374.718607884087 -333729.730939951 105.757870059503 144.79759423661 64.4076237256744 986305.189869492
176700 0.3534 -2.26749472344716 0.0141939763214391 -0.025642733490015 -0.0928654727507777 0.0787341931416419 0.312668666187798 2.33549772158553 374.457351275579 -333732.397470994 105.781178074803 144.800271120858 64.3877079483938 986235.747132187
176800 0.3536 -2.30438388421888 0.0205023097922899 0.0190005053061119 -0.0901203910263622 0.0526344562181206 0.337407015472497 2.40329216718546 375.155334833247 -333741.313835243 105.779278614497 144.854831389325 64.3677921711131 986284.479237959
176900 0.3538 -2.31783238169057 0.00392391742375173 0.0124976068805157 -0.107891799006745 0.0553812444217616 0.357017608880397 2.41599663179871 375.429202345102 -333747.980246244 105.770471309974 144.885194712993 64.3478763938324 986103.879163393
177000 0.354 -2.30067901542233 -0.0239649830959126 -0.0119959443715854 -0.0954504110784328 0.0430273322940076 0.348591675497877 2.36817545525549 376.493942205162 -333758.698556299 105.78535655248 144.896301021777 64.3279606165518 986012.989256802
177100 0.3542 -2.3278280054258 0.00478669373071871 -0.014153005305793 -0.107677122993459 0.0394166952847448 0.363339829482852 2.41511130958106 374.54883722151 -333748.561283688 105.789772923548 144.944342244913 64.3080448392711 986075.704666074
177200 0.3544 -2.33953234684618 -0.00153786642792138 -0.00038341109782016 -0.107505975812264 0.0447874817953841 0.354626903227604 2.42629134997926 374.458229600067 -333751.518657927 105.77520847089 145.011959463275 64.2881290619904 986094.412221306
177300 0.3546 -2.33603962299633 0.0243676142795334 0.0131651666094025 -0.11250180017703 0.0388130832715848 0.385155237066579 2.45616133090033 376.282667369006 -333767.127846414 105.802830269313 145.013808097686 64.2682132847098 986058.926706354
177400 0.3548 -2.39929127448458 0.0049906003741875 0.0121865209171452 -0.111993451765162 0.0654883328900678 0.368707125562883 2.50125023431338 374.161988077643 -333752.750553187 105.824590319573 145.00323630356 64.2482975074291 985884.219344742
177500 0.355 -2.36666188106421 -0.0110723715987348 -0.00467611916287378 -0.123511188785533 0.0588547154313739 0.349283156817879 2.44664313684035 374.873167990479 -333759.969778591 105.83212135173 145.036958497744 64.2283817301484 985877.9766255
177600 0.3552 -2.36657394071194 0.0094195012790439 0.0022884522564516 -0.124049933705967 0.0594085901866021 0.358429029339048 2.46386277411551 374.217488539759 -333756.544359781 105.810309569569 145.105630154894 64.2084659528678 985835.703196415
177700 0.3554 -2.43669330358078 -0.000276218808881168 -0.0189568515616856 -0.114224675696123 0.0582730114853478 0.374036996590825 2.52190472656831 374.246658113148 -333759.2337621 105.785889989368 145.164996945185 64.1885501755871 985705.590917291
177800 0.3556 -2.45631988284516 -0.0357810541739114 0.00378868014247003 -0.0947342910904839 0.0476664618817123 0.371823532685965 2.53078096922659 375.160989152276 -333768.024477224 105.760060624509 145.252919074229 64.1686343983065 985755.836203761
177900 0.3558 -2.45608307757516 0.0108094632435724 0.0305143280517216 -0.0992639535578181 0.0345221716228541 0.351459566551339 2.55700287306196 374.067942131166 -333760.605770287 105.766949911288 145.285640847002 64.1487186210258 985736.094949229
178000 0.356 -2.47390321054117 0.0138703084272197 -0.0212172520430072 -0.123122561593059 0.0551869027183068 0.345927535155515 2.55275736640755 375.373977574567 -333770.16943884 105.786272268314 145.269207365109 64.1288028437451 985498.603187412
178100 0.3562 -2.4733608967592 0.0161600287753073 0.0271126830719453 -0.122666931720029 0.0606171019062532 0.344193980112912 2.57617440728558 375.968889921695 -333777.804180949 105.805405916489 145.30850771541 64.1088870664644 985637.317191421
178200 0.3564 -2.52383838879932 -0.00208804161498849 0.00331731538709026 -0.110523127177748 0.0759454775294346 0.331387188218269 2.59928579218328 372.148273607283 -333750.676277417 105.801148093429 145.35956605162 64.0889712891838 985637.682425041
178300 0.3566 -2.52289472370581 -0.0275934991201456 -0.0314607072034856 -0.104953634631681 0.0488014316805506 0.338967635685824 2.56939312236328 375.317536712592 -333774.221504021 105.797897041601 145.399193819765 64.0690555119031 985569.728043576
178400 0.3568 -2.52263044559321 0.0320664015865919 -0.023250932007227 -0.0954047526785201 0.054951658307633 0.320093312845436 2.59460236109469 374.754945823494 -333770.190477049 105.814128555661 145.437819794457 64.0491397346224 985676.304138025
178500 0.357 -2.51986981273088 -0.0174885934195317 -0.0251835696230255 -0.100750614949152 0.0434400079560383 0.325829869286565 2.56852558654877 374.014726162411 -333766.751657899 105.775502448948 145.52469830123 64.0292239573418 985598.520076929
178600 0.3572 -2.47835300721161 -0.0224182105309619 0.0192603847381921 -0.128119313932688 0.0687806482409422 0.320544576221893 2.5509596680092 373.381045497914 -333762.18730603 105.764059252051 145.602206787124 64.0093081800611 985710.088391871
178700 0.3574 -2.49806466771759 -0.0195957526921308 -0.0187648807078286 -0.118287988522734 0.0157520404517307 0.339099796720137 2.55588628168578 373.850248587763 -333765.476411918 105.767325216913 145.628411815163 63.9893924027805 985611.18003933
178800 0.3576 -2.52742417057482 0.00157476842285121 -0.0157055095696563 -0.115320721437632 0.00563934452204093 0.355740858977352 2.6023218720955 374.092337226582 -333769.573203732 105.745834068701 145.681976529158 63.9694766254998 985466.554893708
178900 0.3578 -2.48821552041873 -0.000874563360647569 -0.0371060121948109 -0.115538829209459 0.0301359860300734 0.349303168626586 2.55085634540432 373.991914125868 -333768.110813426 105.737916640051 145.756382554234 63.9495608482191 985589.111601378
179000 0.358 -2.52470410659013 -0.0234554549725568 0.00356329529095114 -0.123659308882914 0.0292221948326418 0.357602726354972 2.59935208397627 373.614457670458 -333765.982305572 105.731718025619 145.814479880387 63.9296450709385 985617.113028207
179100 0.3582 -2.52442690690366 7.18064423179812e-06 -0.0275365342913711 -0.119820727814865 0.0211095593064525 0.364793982546846 2.59761922455098 374.591185331681 -333774.953234844 105.722278484047 145.85252975954 63.9097292936578 985479.191392243
179200 0.3584 -2.55147836492559 0.0162864097032275 0.0339802400275763 -0.104837659754097 0.0395939856678143 0.345975468355748 2.65253379499951 373.899561379666 -333769.340450621 105.707444535093 145.925595330411 63.8898135163771 985527.320593204
179300 0.3586 -2.60051840690103 -0.0531817264261477 0.00028734547287939 -0.119260221525314 0.0523368869903849 0.324642114910978 2.64481583334602 373.150457440465 -333764.5832559 105.703147627055 145.919668075224 63.8698977390965 985140.046682274
179400 0.3588 -2.60799524658591 0.0266278834162492 -0.0127009046415568 -0.120953010798693 0.0389384111072666 0.349180293564697 2.69321135084209 374.596702966538 -333776.525981485 105.753283334518 145.900747525817 63.8499819618158 985172.217092579
179500 0.359 -2.61774990089068 0.00678292351774118 0.00330343233535663 -0.100230076709455 0.0241153542951516 0.328610521321504 2.68977510107726 374.391776529988 -333773.297835274 105.740391239902 145.94343004957 63.8300661845351 985032.946860113
179600 0.3592 -2.649144735772 -0.00228709086068461 -0.0154766312357331 -0.0934093054599067 0.0395223267423388 0.327242501513311 2.70614918712719 371.69757662438 -333753.914662586 105.737948208794 145.996985366793 63.8101504072545 985064.199132166
179700 0.3594 -2.63225210418774 -0.0153475432466611 -0.0172550913605204 -0.118237511653654 0.021020994448238 0.332747733235434 2.68675089736349 372.147881802983 -333757.25320843 105.756673338898 145.995721867669 63.7902346299738 984922.617551857
179800 0.3596 -2.64117245228981 0.00308463564008943 0.0308347293199826 -0.0984737365412486 0.0424859257287151 0.335340445616363 2.72728986946554 373.73712042653 -333767.971935919 105.786773348561 146.025282759108 63.7703188526931 985094.773873481
179900 0.3598 -2.62619387806984 -0.00822821076439156 -0.0175572790392112 -0.0855473354240508 0.0186487009974148 0.334891638374031 2.6812056386173 374.093330433012 -333770.247819511 105.824040400318 146.019657524439 63.7504030754124 985096.099719095
180000 0.36 -2.65460495051285 -0.0156106794457595 0.004500371917925 -0.108228041284773 0.0281803513244526 0.349802654148038 2.72440382108749 372.528878727805 -333758.460041808 105.821380727956 146.063056181978 63.7304872981318 985056.285339719
180100 0.3602 -2.65631742504978 -0.0394397971737743 0.0254554234990609 -0.104705745177581 0.0209215837281198 0.36850727885529 2.73197339317271 373.211641450638 -333761.457094141 105.822403449882 146.121700939479 63.7105715208511 985153.355751562
180200 0.3604 -2.62192901387008 -0.00188321968380538 0.00891385403476519 -0.0797493351849703 0.0307468889021214 0.33182487795269 2.69170663331346 374.928305453038 -333775.306161103 105.854754165765 146.146909143729 63.6906557435705 985316.426513843
180300 0.3606 -2.60607626949615 0.00130407249460344 0.0118864865215277 -0.087821084747894 0.0213618207827233 0.334811270668932 2.68084669189274 373.797368139757 -333765.06294188 105.860107441633 146.186918939295 63.6707399662898 985327.809985301
180400 0.3608 -2.63443417702675 -0.0347523238188231 0.00594737089129185 -0.126407748589938 0.0412236628417979 0.350303540914868 2.69944088673832 374.414432175908 -333769.591672262 105.867100448536 146.174104487445 63.6508241890091 984998.324913347
180500 0.361 -2.596822593866 0.0297118556537368 0.0012034442886616 -0.120628389337765 0.0239718096894494 0.312594282958186 2.6764044433937 374.295705237846 -333767.890034956 105.919567741276 146.178580581097 63.6309084117285 985208.303793586
180600 0.3612 -2.69126306979991 -0.0212147362359978 -0.0385074935426862 -0.120849233856776 0.0253240262328224 0.316439274246159 2.72569690518494 373.290032807687 -333760.35699069 105.905376820155 146.183570121648 63.6109926344478 984801.602458189
180700 0.3614 -2.64399460680514 0.0119929166763042 -0.0187016246035527 -0.113943925579183 0.0544351419845311 0.335255335015221 2.71269518903645 373.337846668428 -333759.158960461 105.906878067075 146.254109430062 63.5910768571671 984982.292756028
180800 0.3616 -2.6705808780806 -0.0316219567193846 0.00576429860999069 -0.099150496031994 0.0494356434734454 0.330057461983912 2.72539916498815 375.305340227294 -333772.63200438 105.887384070613 146.327797769689 63.5711610798865 984988.589211217
180900 0.3618 -2.67796655499565 0.0297158947071905 0.0287195464695609 -0.0946795009531017 0.074650581439373 0.354411507614011 2.78375299700231 374.824899132018 -333768.75524139 105.913127251308 146.374524822589 63.5512453026058 985233.918381333
181000 0.362 -2.69580608676046 -0.026418028930825 -0.0604864214371403 -0.0963346327656162 0.0316459344582673 0.32614708786928 2.71768518177436 374.679377577209 -333767.712718566 105.902557905057 146.394335562781 63.5313295253251 984960.16541061
181100 0.3622 -2.67159643197722 -0.00115030191606639 0.0517152233670312 -0.103665873784342 0.0379988846890925 0.327039996915817 2.76273214397475 372.531239516031 -333751.691325206 105.91118572111 146.478631606572 63.5114137480445 985298.642577096
181200 0.3624 -2.74113431945346 0.00120951762571568 -0.0244344138073689 -0.0722642177482332 0.0371735432947498 0.343596304302784 2.7972790500979 373.664082753114 -333760.206872495 105.933918803301 146.423456903921 63.4914979707638 984829.995988514
181300 0.3626 -2.70845739519702 0.0244061675828208 0.0136691282009117 -0.0992201595300032 0.0360518307732012 0.313501351146973 2.78704109913653 374.54983098274 -333767.051673827 105.973868538209 146.440115367863 63.4715821934831 985004.41047293
181400 0.3628 -2.76887987360118 -0.01170360414641 -0.0390039488729791 -0.0752906055347062 0.0491698562142761 0.334384184450862 2.80841446827156 373.882326639284 -333764.833282776 105.979890626721 146.448583828269 63.4516664162025 984808.244474091
181500 0.363 -2.72400045163691 -0.00239985694546516 0.0416638439238614 -0.0920699224486244 0.0538453113622437 0.330712611080065 2.80913087255787 374.336723116976 -333765.799392047 105.988995035881 146.52565811086 63.4317506389218 985101.890486658
181600 0.3632 -2.73047554524972 -0.0274688674559014 -0.0185693284996119 -0.0944639515646517 0.0602564687284155 0.338575570727312 2.77703851377798 373.372887289572 -333760.188631458 106.002937118751 146.535507581653 63.4118348616411 984988.345220547
181700 0.3634 -2.72953826776639 0.0108537382538753 -0.0131689761216483 -0.107936993577324 0.0834818549811583 0.317064611140352 2.79319575576466 373.66648347693 -333762.877585743 106.046796414267 146.546429979692 63.3919190843605 985159.831836131
181800 0.3636 -2.71286571969887 0.0324810540855945 -0.032846203475561 -0.0944015184576217 0.0522219253591562 0.342615727132476 2.7836888333801 374.429798347072 -333768.233525207 106.05582415744 146.583860068936 63.3720033070798 985185.731759519
181900 0.3638 -2.68573879953068 -0.0307057097624311 -0.00506490033261382 -0.124906184939031 0.0497093972002263 0.345888899623892 2.7442795933768 375.044557657966 -333774.336825699 106.00230289549 146.676663281049 63.3520875297991 985002.317073696
182000 0.364 -2.65435226662757 0.00391541235228736 0.029957731524613 -0.110987564473316 0.0362257258489329 0.351975952436112 2.74751625148264 374.438502305622 -333770.170427116 106.01589239445 146.735618374839 63.3321717525185 985214.740202093
182100 0.3642 -2.68959010777007 0.00340796193174772 -0.0266903568279855 -0.119799915547885 0.0489896836259977 0.337074608015314 2.75012794222302 374.276890833397 -333773.142491085 106.03878549272 146.699842011275 63.3122559752378 984877.418286431
182200 0.3644 -2.69115022421185 -0.0169557503962075 -0.00160493025908383 -0.150586102678689 0.0362579968763586 0.346338942113276 2.76123654334231 375.902723953919 -333784.567526654 106.043002105899 146.75190671286 63.2923401979571 984956.205302288
182300 0.3646 -2.69180026776778 0.00410818489955016 -0.0215511465776581 -0.154148381823784 0.0364110365765296 0.322513093629745 2.75439868685238 373.959154543798 -333770.020642208 106.030870036037 146.810028040172 63.2724244206765 984923.551336953
182400 0.3648 -2.67390273670255 -0.0151180935551619 0.0169282323130536 -0.125525615272336 0.0300268846636464 0.303734710871118 2.73534389614285 373.560886541979 -333769.197418677 106.031263033239 146.879015578935 63.2525086433958 985079.865612343
182500 0.365 -2.65577316139102 -0.00764328981046695 0.00425304048994204 -0.144463353435176 0.0341834561169018 0.315582990174997 2.72197148140818 373.812283879897 -333772.358650746 106.046883737712 146.916700217931 63.2325928661151 985167.478707058
182600 0.3652 -2.63598618222637 -0.00792515339843918 -0.0217075801840414 -0.170829665553257 0.0317715750817167 0.317953924916815 2.6952800199187 372.722507720463 -333764.424277025 106.055790603285 146.96861266182 63.2126770888345 985287.932460322
182700 0.3654 -2.63027765329598 0.000107369398871474 -0.00818693207157426 -0.130346697241578 0.0422025780343938 0.314128044898161 2.69249330541246 372.825529182155 -333764.282975705 106.05495606795 147.013388038737 63.1927613115538 985269.837503039
182800 0.3656 -2.61725678065188 -0.0130479401648915 -0.00300889029794876 -0.11733293408441 0.0420818595490875 0.298392399835199 2.66868432445962 373.173453993929 -333766.011048825 106.052794325206 147.070658725012 63.1728455342731 985322.9379816
182900 0.3658 -2.55518252130173 -0.0480820364711947 0.01149567569819 -0.118035960794523 0.0198823188522558 0.267843747809838 2.58779324126622 374.391292515982 -333776.301353841 106.061766811067 147.121629494226 63.1529297569925 985437.050361132
183000 0.366 -2.54887344481129 0.0300354468803376 -0.0151407055443639 -0.124485919258938 0.0256687228783186 0.296308832506373 2.61690092096764 373.88575144794 -333771.484537555 106.104428795718 147.126432755446 63.1330139797118 985554.714947302
183100 0.3662 -2.5303273512304 0.000445312731947553 -0.0119502688612859 -0.106218699595929 0.0386426197288965 0.290938399535943 2.58183190344293 374.446394850105 -333775.689883629 106.102334461079 147.177212236905 63.1130982024311 985564.409351158
183200 0.3664 -2.52030483048632 0.00945446303415702 0.00267907455199917 -0.112476557659118 0.0100625854241041 0.299630349664177 2.58653815385097 375.227990943122 -333783.760980876 106.094087550844 147.248452138051 63.0931824251505 985653.694456692
183300 0.3666 -2.49413328741343 0.0230556944692817 -0.0100096532390332 -0.10795515310012 0.0622608472072894 0.286076067861501 2.5585567598031 372.904392589678 -333769.432809156 106.096754063825 147.316031077651 63.0732666478698 985819.560879722
183400 0.3668 -2.45546152637464 -0.00404182680014979 -0.00726063864608937 -0.130509447914948 0.057019205420588 0.275103987874448 2.50788288706273 372.083326072819 -333762.865559152 106.108347863389 147.354333583871 63.0533508705891 985872.236751853
183500 0.367 -2.49009070397641 -0.00303492305398521 -0.000747328757915553 -0.122549377354336 0.0564403219451432 0.290084275296756 2.54915658697984 376.157414716349 -333794.033747221 106.125709992774 147.376855787424 63.0334350933085 985872.768476833
183600 0.3672 -2.50900938457501 0.03411739551019 -0.0103082677295913 -0.118514055407737 0.0485891312073096 0.266189321701709 2.57260122933943 373.704167768352 -333775.004408543 106.137680398334 147.413772459169 63.0135193160278 985919.344983586
183700 0.3674 -2.48033731874439 0.00131291393462229 0.0166073462722039 -0.0966670779438364 0.0176050328980929 0.278127350338324 2.54122117908474 375.838007651848 -333792.162856932 106.119456450742 147.480838952094 62.9936035387471 985886.839019309
183800 0.3676 -2.43134469744856 0.000521278986377366 0.00716950391168656 -0.0941532157657169 0.0258550840165541 0.292521769806908 2.49308860971578 374.458381911678 -333781.385301494 106.130832623395 147.550786647445 62.9736877614665 986148.292549372
183900 0.3678 -2.45719126291109 -0.00515678991718648 0.0247807562296096 -0.111920892844079 0.0178916145720981 0.273327548010153 2.51980956472773 374.026015933207 -333776.217251759 106.116569219691 147.591497608593 62.9537719841858 985975.893733097
184000 0.368 -2.50789345890513 0.0192689601510913 -0.0137033204727125 -0.124542415276444 0.0329609569485334 0.265170540727892 2.56223510158297 375.023399040481 -333784.639364405 106.129872158238 147.611245015977 62.9338562069051 985919.435261452
184100 0.3682 -2.46633627357026 -0.000213706393949794 -0.00823971324446379 -0.0997255652272988 0.025290329242517 0.287230878416869 2.51819199355243 374.136769960536 -333775.595399879 106.146601011716 147.649926243208 62.9139404296245 986021.110181219
184200 0.3684 -2.45713279757635 0.00877474354807513 0.0101462695936919 -0.119957210070124 0.0280765709501898 0.274037202390226 2.52089412352259 373.90833436291 -333770.861285392 106.151628906839 147.678980275988 62.8940246523438 985949.643472714
184300 0.3686 -2.51531760158058 -0.00244943757010643 -0.00282825070179593 -0.119322926584918 0.00962195893218859 0.248377014723383 2.55765902707421 374.476153913041 -333775.080456195 106.157433994567 147.683472357172 62.8741088750632 985721.320440575
184400 0.3688 -2.52413864382767 -0.0385839051512641 -0.00269181762710386 -0.118473708934198 0.0267533263897573 0.276671577791366 2.55780748211189 373.610834328367 -333768.492727576 106.156136268362 147.718996197316 62.8541930977825 985634.068502204
184500 0.369 -2.54545105349675 -0.0160681491219475 0.00462882441715629 -0.100300131167112 0.0113529997515312 0.284907722360804 2.59319128955583 373.837873686027 -333769.937151937 106.184171421367 147.726008552442 62.8342773205018 985628.767279634
184600 0.3692 -2.55417374948884 0.00226341120755482 -0.0319655514424236 -0.120998928748241 0.0317843671567938 0.294527039358284 2.59927487530347 373.459880647597 -333765.528116825 106.202811937767 147.74698658273 62.8143615432211 985629.282093504
184700 0.3694 -2.58665512915532 0.0170936390005483 -0.0296077964373486 -0.0937326027577252 0.0155281074200836 0.289373980155789 2.63408096624716 373.472930343763 -333767.472710447 106.186310697346 147.795399544962 62.7944457659405 985486.500640914
184800 0.3696 -2.56200361157715 -0.00142505633374843 -0.00203008639996747 -0.115507080995321 0.0371550868589236 0.320614425168007 2.62822405137329 374.601076749139 -333776.259217504 106.171236174801 147.87424610505 62.7745299886598 985559.587702354
184900 0.3698 -2.59803811736644 0.0130494658407975 -0.0124145994836792 -0.108897369237946 0.0200842566583588 0.336285175600874 2.66982903613308 373.504742668192 -333769.524632691 106.186136576696 147.903981565574 62.7546142113791 985583.33008483
185000 0.37 -2.58925518228672 -0.00655693049847393 0.0164204757728407 -0.106688331077279 0.0505328149325772 0.316132939630054 2.65929124592873 374.569201897889 -333778.637926391 106.182044103943 147.947875009849 62.7346984340985 985524.96024506
185100 0.3702 -2.57543124664878 0.0193944187567882 -0.00535040199976831 -0.145980959256847 0.0316054802211049 0.317454270540531 2.65307062216721 374.476655980778 -333780.97241926 106.21883354704 147.973747781519 62.7147826568178 985725.797955862
185200 0.3704 -2.60016062451589 0.00996136155460318 0.00592188522983934 -0.11687738144914 0.063174325476616 0.316332830710133 2.67495101001997 374.539622021013 -333782.320868521 106.222200915318 147.999797971397 62.6948668795371 985617.492986519
185300 0.3706 -2.61421323202928 -0.00526061369105963 -0.00383780478969098 -0.138325709756388 0.0687141156826772 0.289797644311009 2.67092919207778 374.291954195667 -333782.408507201 106.220061938779 148.063751793841 62.6749511022565 985710.321025511
185400 0.3708 -2.62549238274525 -0.00882872175749716 0.0114637358348303 -0.13009381227063 0.0431045790572834 0.28891817112176 2.68462425265369 373.904989124137 -333780.199401821 106.215097878757 148.123518339232 62.6550353249758 985748.788545208
185500 0.371 -2.6288371539008 0.00320967515778059 0.00244792498581785 -0.112101509598037 0.0521476242253543 0.275174599439683 2.6830370251873 376.070439652566 -333797.903882487 106.223293884791 148.151053706933 62.6351195476952 985694.696205328
185600 0.3712 -2.64821003629805 -0.00953235476935534 -0.00463947526326616 -0.137858668853229 0.0749123345072864 0.298159629497664 2.70482951117499 373.612208191939 -333781.690604801 106.232022119797 148.159176757778 62.6152037704145 985516.279733128
185700 0.3714 -2.65720858925069 0.00442949624407915 0.00204095039367585 -0.138288895758027 0.0667346465628741 0.292052273786584 2.72113600281214 373.805004731481 -333784.899626624 106.2585325361 148.178734852779 62.5952879931338 985578.766149574
185800 0.3716 -2.62442107491342 0.0356845939916053 -0.0506062827259673 -0.144827516604352 0.0474740888768415 0.278994393027533 2.6753066076392 374.700871436831 -333791.761270141 106.263888948745 148.209107378482 62.5753722158532 985516.815818546
185900 0.3718 -2.60674988104496 -0.0136970363967001 -0.0165809313606352 -0.152089892652803 0.0649570267907967 0.279937313448491 2.65209355616669 375.244204208233 -333797.388507226 106.221688564791 148.299108807363 62.5554564385725 985409.941467918
186000 0.372 -2.58579216535032 0.00874439858690205 0.0410464562643023 -0.136809494520441 0.0526605744056885 0.272295851950982 2.66521618051969 374.043223013928 -333787.39290665 106.226326193047 148.378398754638 62.5355406612918 985665.942595383
186100 0.3722 -2.60875996079138 -2.7074575659461e-07 -0.0217951044723217 -0.148732966243627 0.043137597791254 0.26669566338635 2.6522766493876 372.814896074967 -333776.772842908 106.230269053656 148.373705703836 62.5156248840112 985357.443301547
186200 0.3724 -2.58917194344891 -0.00386207429868669 -0.0186433455788038 -0.152185778848891 0.0389798614676863 0.27548613140284 2.63582038223865 373.970546241503 -333786.382710351 106.251051990886 148.389606948294 62.4957091067305 985341.837581963
186300 0.3726 -2.59446814736631 0.0141128181811164 -0.012688290349988 -0.165409624570222 0.06341033756438 0.276373992108836 2.65683862638268 374.42468404559 -333790.394740911 106.266167641303 148.429757760752 62.4757933294498 985434.53176882
186400 0.3728 -2.60720567080539 -0.0389933553259729 -0.00894089381044898 -0.127147514550344 0.0520515721787593 0.267181532357595 2.63525790638499 373.029928804135 -333779.215517826 106.248504364442 148.477477055492 62.4558775521692 985273.312698286
186500 0.373 -2.58307124465544 0.0118810056972905 0.00528591592137207 -0.15384645427182 0.03020498874948 0.255847863767491 2.64326017267688 374.670191745592 -333792.371399913 106.260478506326 148.537437092065 62.4359617748885 985467.938826948
186600 0.3732 -2.60327424852809 -0.0289842357799627 -0.0406211030032097 -0.144302860681999 0.045098587205498 0.252923247853312 2.61870768085364 375.48214800537 -333799.474243252 106.26523414026 148.565810070663 62.4160459976078 985385.873236757
186700 0.3734 -2.60274571376701 0.0202594369876499 0.0181505882735787 -0.133913272908901 0.0646684545181683 0.241910174844514 2.66768342690469 374.386913783495 -333794.309571519 106.291101717123 148.624922358203 62.3961302203272 985703.287710234
186800 0.3736 -2.66770464970393 -0.0428288670837478 -0.0157635623417668 -0.115401112551728 0.0408370834170832 0.226587256574987 2.67595386262175 373.457274688479 -333788.432002566 106.27719087914 148.621708002335 62.3762144430465 985238.396926963
186900 0.3738 -2.61144413912923 0.0238660840788477 0.0131714150717241 -0.126301050165394 0.0490300894647501 0.221364888715694 2.66812022492009 373.962025551369 -333794.007410206 106.324626590982 148.670482710905 62.3562986657658 985686.812535463
187000 0.374 -2.64415584195974 -0.0206307158290351 -0.015922955028009 -0.109808099659691 0.0405006879011386 0.220294874510937 2.66119165935518 373.337211739951 -333788.927755324 106.279571653354 148.746574428218 62.3363828884851 985458.560980337
187100 0.3742 -2.58628241879151 0.00956045548352474 0.030753403951931 -0.110412924403171 0.0404602018149691 0.195981366992698 2.63639396663309 374.046313200433 -333796.824074035 106.268253348653 148.844897729459 62.3164671112045 985689.927210085
187200 0.3744 -2.63910927653687 -0.0098180999287737 -0.00423973758126055 -0.138995550890846 0.0576955059710547 0.211032121992518 2.67009730565836 374.389351980978 -333798.647247131 106.275228963896 148.840217490075 62.2965513339238 985408.605313832
187300 0.3746 -2.68671267622272 -0.0248007430513347 -0.00660690628918959 -0.116730670870697 0.0517921479721328 0.207631736275566 2.70421796253752 375.266248765095 -333807.842252546 106.287067238367 148.853664421309 62.2766355566432 985292.317065838
187400 0.3748 -2.68151687151771 0.0286818748783965 -0.0062653967295013 -0.109697719184826 0.0543752166053252 0.195876560069952 2.72245443428138 375.147127767807 -333807.641886851 106.295447961651 148.896535378851 62.2567197793625 985338.593628803
187500 0.375 -2.70169960542149 -0.0182556655778507 -0.0197342062197099 -0.128466353016391 0.0393975516371216 0.21125419024569 2.71752797500354 373.402107767746 -333798.043010694 106.268119336775 148.962596992099 62.2368040020818 985207.053540959
187600 0.3752 -2.69790550125981 -0.0219894969919363 -0.00496403912651803 -0.144680900940338 0.028511371210865 0.219497577778124 2.72326072336117 374.715775776421 -333807.699274267 106.241972890919 149.048175536247 62.2168882248012 985215.140328552
187700 0.3754 -2.74734753927852 -0.00524904693027418 0.0232041648424583 -0.12932302072057 0.0598865579471308 0.218605507243227 2.79324772800902 376.069233666818 -333817.599285714 106.241952977497 149.079796197525 62.1969724475205 985108.533008431
187800 0.3756 -2.77057266863062 0.00518543889048092 -0.0130725046515947 -0.129497324752421 0.0570224329806195 0.19127330144198 2.79719619648581 373.612371093152 -333802.851996876 106.285136900493 149.063954830719 62.1770566702398 985088.695365337
187900 0.3758 -2.773094099262 0.0413937236262758 -0.00509321581695648 -0.13647083608102 0.068992811059876 0.204021303913603 2.82625065843893 374.313407870331 -333807.346104627 106.307981197627 149.088043465177 62.1571408929592 985143.998260452
188000 0.376 -2.78439915521248 -0.0253119709963731 -0.0451588123542374 -0.124615939148042 0.0496159153182835 0.210123696156793 2.78291669632194 373.553361507952 -333803.264637582 106.262458041646 149.166315362522 62.1372251156785 984923.443327894
188100 0.3762 -2.73704038837522 0.0316453394069455 0.022445953294042 -0.128431966525979 0.0344187162358216 0.225836674280701 2.80112119398715 374.669738651556 -333812.649711845 106.254801593545 149.275720442225 62.1173093383978 985258.921774194
188200 0.3764 -2.74195158415445 -0.019880706985759 -0.0396065396527137 -0.100161242481968 0.020539552698213 0.207681479728445 2.74173687439222 373.202763580405 -333803.256424269 106.240910022764 149.316954701523 62.0973935611172 985086.296749176
188300 0.3766 -2.71748036051502 0.00372507683522111 -0.0172993866972175 -0.110814814577979 0.0285870156245333 0.210253562085993 2.74228012404566 373.976231351332 -333809.008059031 106.262324656581 149.378365201461 62.0774777838365 985373.952574505
188400 0.3768 -2.74809478867716 -0.016300893071058 -0.00790097284155848 -0.115500648504966 0.0592838342515661 0.190454602042169 2.76497722997499 375.502022266235 -333820.180016413 106.272651721433 149.38203394525 62.0575620065558 985177.75154584
188500 0.377 -2.79745889912232 0.0361800439001953 -0.00281311434065229 -0.076191832152262 0.0258458145577074 0.183961671562131 2.83575085086174 374.965656110518 -333816.53716379 106.299445236993 149.403609131651 62.0376462292752 985252.166932177
188600 0.3772 -2.73609616889042 -0.0191782033817883 -0.0199350843372516 -0.0943694685479091 0.0248703378592678 0.170877538018026 2.73783805412259 373.959586236534 -333810.27653062 106.294849042292 149.462064251945 62.0177304519945 985278.633081064
188700 0.3774 -2.72099426329495 0.0679168979704633 0.0117376168720285 -0.106091502568874 0.0242598464198663 0.202243882212309 2.78975664849859 374.076964330289 -333811.435822759 106.296603102224 149.53780702947 61.9978146747138 985477.640666336
188800 0.3776 -2.71583221231031 -0.0350739014103828 -0.0182916740721199 -0.0972868999459985 0.0248088354933654 0.186743678673863 2.71414740245602 374.628695366365 -333815.727940908 106.269512193622 149.567509604788 61.9778988974332 985105.624484745
188900 0.3778 -2.74945459294602 0.0045269211421796 0.0107745239116388 -0.110917396739647 0.00300648793517928 0.188036051011623 2.78292414342578 374.07257659535 -333810.441234018 106.286812069511 149.602535790401 61.9579831201525 985180.048593786
189000 0.378 -2.7715313411452 -0.00705885958734035 -0.0207786186109532 -0.0941494204557157 0.0142580803088959 0.194228730053881 2.78297413825887 372.861974579935 -333800.472538929 106.2837155806 149.614561460531 61.9380673428718 984913.844999236
189100 0.3782 -2.70443037960899 -0.0120620825518022 0.0145856266203619 -0.105770205610509 0.0168843895986261 0.185228259087928 2.73105261312966 373.484677922989 -333804.595315588 106.286133824969 149.701082263174 61.9181515655912 985188.951659479
189200 0.3784 -2.73025228186511 -0.0314915124207856 -0.00585708755346548 -0.11172455004835 0.02677347766031 0.191210981385141 2.73905649729694 374.083479937402 -333806.87836082 106.280654648174 149.733378567668 61.8982357883105 985033.761411244
189300 0.3786 -2.73677405338828 0.00829634742279175 0.0323978397344218 -0.140519628058267 0.048616115403915 0.160090267802102 2.78304998871299 374.793803992685 -333811.841507554 106.304634055667 149.76309662612 61.8783200110298 985134.485651752
189400 0.3788 -2.75257248570446 -0.0291472278680882 -0.0504661945685579 -0.133785497467138 0.0473944786416918 0.184763863733972 2.74267870244032 373.844558779236 -333804.156450794 106.313718866729 149.769071099461 61.8584042337492 984940.869459607
189500 0.379 -2.74844964280316 -0.0066463643142893 0.0211727800539552 -0.127296798226875 0.0547786863012189 0.181028614906842 2.78396540210896 374.003387093773 -333804.470921761 106.303884161494 149.855800132238 61.8384884564685 985102.804476777
189600 0.3792 -2.75400744009468 -0.0296591523555131 -0.000887695728311416 -0.153330911150873 0.0407382458815276 0.184582579313831 2.77110212062924 374.069858717075 -333803.427098239 106.318228216431 149.873839152748 61.8185726791878 985036.982978007
189700 0.3794 -2.7401007980166 0.0402241785718931 -0.0307329105441524 -0.155368475534849 0.0441463159718899 0.182209076998549 2.77773709001338 374.279625881112 -333803.784439344 106.363117762505 149.876112060149 61.7986569019072 985150.345695769
189800 0.3796 -2.74363658403283 -0.0154739831241445 -0.0174200477257448 -0.143442490368766 0.0266575427829022 0.164645407802409 2.75367921739656 373.485845382636 -333796.593694734 106.328113478551 149.962392587028 61.7787411246265 985075.513315659
189900 0.3798 -2.72274205161205 -0.00282247710163202 -0.0146508703350111 -0.113507407810409 0.0577659654996609 0.167230477092995 2.73833722119848 375.170206644171 -333808.784656558 106.295391789137 150.062105109907 61.7588253473458 985109.480591979
190000 0.38 -2.75754750944155 -0.00582292544219943 0.0109234919850505 -0.132682716428948 0.0475354118138478 0.155407376284587 2.78395356837508 375.647955049311 -333812.775988683 106.291895499646 150.091113981514 61.7389095700652 984949.780089531
190100 0.3802 -2.73444287388436 0.00774706193678439 -0.00268474117615572 -0.118837831756554 0.0392596826038447 0.158185154522733 2.75919687033466 375.498439321029 -333813.503047835 106.336480353989 150.083804272685 61.7189937927845 984997.091450545
190200 0.3804 -2.72424255820982 -0.00535582842938676 0.0165793124351336 -0.121035866858344 0.0692497381621953 0.175449779700881 2.75738079718591 373.531862364454 -333799.903335357 106.379750802956 150.088289145395 61.6990780155038 985109.370288304
190300 0.3806 -2.76800648660851 0.0120484323810605 -0.0309063646362279 -0.142540030800024 0.0698503888948086 0.157064594104018 2.78580901072447 372.730230011863 -333793.680759175 106.406789633377 150.103214442854 61.6791622382232 985139.650971814
190400 0.3808 -2.73782128873014 -0.00659169163872716 0.0186836878094775 -0.150546415496449 0.0588123366686044 0.165030899880756 2.77296984431803 373.975292510255 -333801.064074647 106.392225560795 150.191890218213 61.6592464609425 985268.480807408
190500 0.381 -2.76394811126569 -0.0381063114490214 -0.0516863550831137 -0.149875088446464 0.0918850853209828 0.154693088178326 2.74916113975627 373.079287005174 -333793.324075989 106.370254655095 150.245787009844 61.6393306836618 985100.220209402
190600 0.3812 -2.74357194155783 0.0308396684972687 0.0287928761728666 -0.14750373866154 0.0890366978896924 0.158412603664147 2.80285990471319 374.302541112955 -333798.857187087 106.386120071347 150.309020410633 61.6194149063812 985343.338940498
190700 0.3814 -2.79420198204715 -0.0547234143999997 -0.0319156645626757 -0.147880172078261 0.0743954017468766 0.147189011830093 2.77757949243614 373.566240140872 -333795.075558589 106.370918127163 150.306913558581 61.5994991291005 984870.310732534
190800 0.3816 -2.75313934116591 0.0132751225046493 0.0195484848010862 -0.13013498170378 0.0850016218269505 0.165340925864544 2.79730890194467 374.259788404638 -333798.452189932 106.412899359132 150.360115797318 61.5795833518198 985289.089995102
190900 0.3818 -2.76794250655465 -0.0350936117138448 -0.0144382378111233 -0.125523443750704 0.0977488167730292 0.163243194727269 2.7715006156332 374.506522500707 -333800.265335157 106.434164174724 150.331240523891 61.5596675745392 984978.069834746
191000 0.382 -2.7841255588774 0.0145830797430108 -0.0391586968728926 -0.121239504416316 0.103034649955703 0.187308084030776 2.80471907195182 373.422806366167 -333791.386688784 106.464741705139 150.355704837987 61.5397517972585 985102.578813054
191100 0.3822 -2.77979787558378 -0.0158310597133131 0.00485691291036755 -0.115717193314365 0.0989620230878543 0.171606268365768 2.80268075381727 374.118805132809 -333795.034699673 106.41217964666 150.452036566772 61.5198360199778 984928.215590309
191200 0.3824 -2.75352821724739 -0.0239916229577001 0.0199082697119816 -0.153288850825879 0.0724421080623137 0.160178045097421 2.78124623046721 375.125859383072 -333802.835028597 106.416066288335 150.515367348608 61.4999202426972 985059.801021807
191300 0.3826 -2.76776336322453 0.00514653549434744 -0.0148426559322143 -0.127097349932996 0.0660402175880962 0.170359829102992 2.78973353595395 375.112792702346 -333804.165473575 106.434963915078 150.534054180361 61.4800044654165 985037.95723044
191400 0.3828 -2.77428494842428 -0.0264783675156401 -0.0193519028015403 -0.123343458187907 0.0687994949577247 0.186249624200561 2.78100371166982 374.546102930215 -333800.453963969 106.43787256423 150.58411913589 61.4600886881359 985073.284240255
191500 0.383 -2.7601800719803 0.00566816860210199 -0.00376472444276239 -0.12945361547074 0.0758952922977937 0.16079600319299 2.7872991559133 373.044472285526 -333790.216780672 106.441910354215 150.617910821381 61.4401729108552 985012.425552603
191600 0.3832 -2.76821007588672 0.0159704942617588 -0.0274290800848033 -0.119110555326785 0.0432298269649997 0.170639977580432 2.78715538702677 373.427001375721 -333792.360829379 106.463055970358 150.643759878293 61.4202571335745 985057.779233564
191700 0.3834 -2.78724019579053 0.00169011881319853 0.00828431844152634 -0.122079951656884 0.0611529627035095 0.177726043358792 2.8190877574535 375.820856877928 -333809.122951028 106.430956869037 150.70797082367 61.4003413562939 984861.078865573
191800 0.3836 -2.73700250160038 0.0342521515680178 0.0371444980544626 -0.150899435507925 0.0625490002442138 0.14198443896206 2.79792850890823 374.209906857029 -333797.658927771 106.43855894695 150.767856708044 61.3804255790132 985003.202193245
191900 0.3838 -2.73251386164654 -0.00302721586777362 -6.58570523473615e-05 -0.113731740618665 0.0503399959971372 0.1537953441952 2.7523726499554 373.672326880106 -333793.32296118 106.446271542392 150.797234085359 61.3605098017325 984946.835399775
192000 0.384 -2.79995820630038 0.00301502366705469 -0.0553239793536987 -0.115595240139923 0.0847202433715993 0.134373181030811 2.79505411331127 374.371953132397 -333797.008975038 106.427326125181 150.831630328443 61.3405940244518 984676.455827302
192100 0.3842 -2.77489597117534 0.00898980583747416 -0.0127118496357457 -0.142151589107644 0.053437142553586 0.109741665558253 2.79202320159483 372.757366243982 -333784.719695454 106.431241810159 150.937955616501 61.3206782471712 985086.897413633
192200 0.3844 -2.79746195645499 -0.0356633924037121 -0.0258920721854562 -0.105444360995547 0.0847353451920514 0.115066598997057 2.78374387252638 374.373888809552 -333796.837814407 106.419117641069 150.96161298673 61.3007624698905 984809.110483001
192300 0.3846 -2.77033928753476 0.0184280366543148 0.0059714924161005 -0.0992629510020008 0.0498363620129514 0.0896510389962805 2.7935214812232 372.831207650229 -333785.869955697 106.452531393791 151.005844959593 61.2808466926098 985086.819315105
192400 0.3848 -2.79148685731798 0.0139092165952815 -0.0222667686486744 -0.128641935301141 0.0819277201179589 0.081954618150884 2.80356919680913 375.273763459462 -333802.37581862 106.459013920183 151.034157660013 61.2609309153292 985011.29154459
192500 0.385 -2.7669672570614 0.015394550287172 0.00918985213594609 -0.123922924633855 0.0670025227869915 0.0687346762649605 2.79249423727278 374.037678670497 -333794.177638341 106.462487423676 151.111890351783 61.2410151380485 985230.002033929
192600 0.3852 -2.77635930580473 -0.0381866472519469 0.0200638157201353 -0.144194380148597 0.073462105226514 0.0776162563222012 2.78516092888532 374.224312333235 -333794.535920518 106.448736394658 151.158065564515 61.2210993607679 985083.30766192
192700 0.3854 -2.75603888661541 0.0129874976527287 -0.0367000027135103 -0.167328026011035 0.0632317727860527 0.0638119593454456 2.76416291842305 373.501150517815 -333788.891943951 106.485632052875 151.181528875591 61.2011835834872 985257.086319597
192800 0.3856 -2.78866167488114 -0.0172467585981969 -0.0234113925580667 -0.150553193911382 0.0945609344278089 0.0643531528408202 2.7876409329018 373.479854798075 -333789.450716521 106.4537174023 151.243517014082 61.1812678062065 985045.00223036
192900 0.3858 -2.76977667373226 -0.0380568287968556 0.0148304121479562 -0.152201504344155 0.104303907894262 0.0564444858632069 2.77871467524726 374.050191877119 -333795.505092504 106.460845177651 151.297056958767 61.1613520289259 985138.89738638
193000 0.386 -2.77360284818341 0.0180069232593414 0.0119962460976364 -0.131166924402751 0.0903777848775823 0.0882427048102826 2.80638928557384 373.42008420234 -333790.967881903 106.513336245365 151.27857177144 61.1414362516452 985183.29683287
193100 0.3862 -2.79054027460072 -0.0104866523753232 -0.0335660493213734 -0.133960891115259 0.0817602831896995 0.0842543549795656 2.78572360827476 374.276909523813 -333798.340266076 106.519363250284 151.287152235124 61.1215204743645 984973.982362273
193200 0.3864 -2.75309699926474 0.000533817802687635 0.0344391044170884 -0.155496681848195 0.0910550630801508 0.0700142923020209 2.79089799497606 375.020243184167 -333802.140068435 106.512533909861 151.374331106476 61.1016046970839 985157.277390276
193300 0.3866 -2.77167731083279 -0.0544028754709326 -0.0568100700210142 -0.181277422942948 0.0720870855701168 0.0648175838565032 2.73931072660629 372.391970195203 -333785.335508743 106.512595237132 151.366700428851 61.0816889198032 984787.092154404
193400 0.3868 -2.76132836284538 0.0362979506269148 0.0100705696299845 -0.153254094728913 0.105125354661743 0.0707649594613769 2.80582678828016 374.935487983654 -333803.432664275 106.556405343894 151.410326861394 61.0617731425225 985154.78173041
193500 0.387 -2.81363393628907 -0.0344483117280927 -0.022473984680654 -0.196976143734329 0.0778341125372897 0.0750047155621494 2.81224916583917 373.882633100539 -333798.643904132 106.514414971261 151.470630565704 61.0418573652419 984837.46019582
193600 0.3872 -2.76626629801686 0.00682788006714802 0.036296883770393 -0.224322830662032 0.0794403687933222 0.0459391600788027 2.81937329884552 375.33273558996 -333808.758648006 106.521762789476 151.570939875526 61.0219415879612 985236.086078963
193700 0.3874 -2.75302161065727 -0.0379184418854154 -0.0349150972045969 -0.213003244969922 0.0852721842157549 0.0391787279777767 2.74635735644469 374.882485752859 -333807.300373361 106.549683001797 151.567046518134 61.0020258106805 985147.382030629
193800 0.3876 -2.73747536423445 0.039222242884219 0.0248536360685492 -0.201815373532558 0.0483857929376921 0.0253240836054704 2.79311557218206 374.539687841101 -333804.84149145 106.588076016472 151.615195752107 60.9821100333998 985493.584099248
193900 0.3878 -2.75997105360593 -0.041851041974882 -0.0146920672355982 -0.224272969427866 0.0435351580535674 0.039484182408535 2.76115797930179 374.105392643456 -333801.521382227 106.566223828242 151.651946356162 60.9621942561192 985208.513130623
194000 0.388 -2.73733162784969 -0.00813203023870994 -0.0121429037061359 -0.237002863023383 0.0511107485532395 0.0454870477078505 2.76046287207 374.426670636386 -333803.890024079 106.597724737012 151.681205876217 60.9422784788385 985367.865483533
194100 0.3882 -2.72012100702076 0.00760658854003732 -0.00089054670627285 -0.230804793023602 0.0513864746240422 0.0457664429349795 2.75525137424235 375.212942372033 -333811.121725218 106.60995322477 151.705894727286 60.9223627015579 985319.202940357
194200 0.3884 -2.72123478812467 0.0107251967661905 -0.00245301446037493 -0.237871732870107 0.0547385097243641 0.044352207262244 2.7590606790457 374.647703632633 -333806.519505689 106.609669054105 151.752396484386 60.9024469242772 985296.39854109
194300 0.3886 -2.67672873841541 0.0258887777116816 -0.00386479768403624 -0.250820229108887 0.0494755869110761 0.0374005955027875 2.72486448404634 374.278991951571 -333804.363452289 106.611043107969 151.828718848719 60.8825311469965 985482.280041654
194400 0.3888 -2.69096506705415 -0.0182294010253202 0.00322673907861797 -0.236355829025218 0.0386526246157851 0.0446378760828091 2.71650047435612 374.487765921092 -333804.915805293 106.608655637815 151.87100118874 60.8626153697159 985412.197267665
194500 0.389 -2.74128103826057 0.0154149319286297 -0.0226099201711634 -0.263648162708671 0.0397180352427279 0.0152725794309621 2.77668129031783 373.286412195444 -333796.044221618 106.638447780782 151.870651539775 60.8426995924352 985362.763651985
194600 0.3892 -2.72856130206048 -0.0238773421619162 -0.0192565212102906 -0.239907432245449 0.0259290248689557 0.0444560166006879 2.7401545975722 372.588831324597 -333790.623577265 106.627900737954 151.928838863165 60.8227838151545 985320.165951364
194700 0.3894 -2.71784334950174 -0.0093280206541563 0.02975754039553 -0.248743276986529 0.0456024847999993 0.0340746465870483 2.76383582488947 372.660740050293 -333790.789223773 106.635164863697 151.992005103791 60.8028680378739 985474.18962616
194800 0.3896 -2.71031594347619 0.0130817147729157 -0.0243690758657326 -0.245573750801214 0.00175236940578715 0.0391682184259436 2.73894779665451 373.928874207149 -333799.789082705 106.656831548985 151.977130910163 60.7829522605932 985255.140833261
194900 0.3898 -2.59301369280251 0.033021522347794 -0.00251026296059406 -0.249305878188705 0.0272125699934639 0.0253163595187786 2.64473445326234 374.728933242227 -333804.903923547 106.689711191158 152.037382407209 60.7630364833125 985626.545978412
195000 0.39 -2.64055023745621 -0.0221524525880975 -0.0254138887665673 -0.227510287166402 0.00273723719845584 0.0521064563263017 2.64781577485627 374.071102682063 -333800.64042587 106.656270184095 152.096231330776 60.7431207060319 985375.921103038
195100 0.3902 -2.5996068032575 0.0436898059844291 0.00638590188875333 -0.254299367721321 0.0233597083615016 0.0342404170390885 2.66251047212113 374.35826723924 -333802.568492831 106.645061397103 152.199675701731 60.7232049287512 985619.213397179
195200 0.3904 -2.62846712689965 -0.0135556003616377 -0.0166638085405695 -0.234367626946234 0.00557372085039999 0.0376088950903423 2.64551796496051 373.671414000156 -333800.817385809 106.614340113615 152.277697791386 60.7032891514705 985517.065556731
195300 0.3906 -2.56598826466305 -0.0188476039295116 0.0311595183128133 -0.233908069852987 0.0113987402083333 0.0353567342299664 2.60501064824216 374.742367273378 -333808.662453268 106.634076051731 152.341742320443 60.6833733741899 985790.534283533
195400 0.3908 -2.54260008373133 0.0135883670592304 0.00578038122866252 -0.231555954593353 0.00414501092654109 0.0225790224255026 2.5839189495463 374.48913616213 -333809.60781799 106.652986394429 152.381473845599 60.6634575969092 985898.827973507
195500 0.391 -2.5845859151971 -0.00309692673275733 -0.0125573720432326 -0.209791190762318 0.014763120235108 0.0411628721160756 2.60336837359551 372.558707639443 -333794.955098997 106.64880768232 152.416710665606 60.6435418196285 985764.438989639
195600 0.3912 -2.58806095145929 -0.00798327784455712 0.0229168657341481 -0.222712610488095 0.0127725540597714 -0.0018846486275394 2.62426812312339 372.345504595171 -333793.517428778 106.669502232245 152.429641098768 60.6236260423479 985715.542706603
195700 0.3914 -2.50470892092378 0.0144786798996777 -0.0444084555972864 -0.222253367148339 0.0251150008280232 -0.00582515575681749 2.52024004531763 373.487531749444 -333801.0587592 106.703084610311 152.455042497293 60.6037102650672 985866.208363142
195800 0.3916 -2.54186911088998 -0.0227389702811762 0.00473434524246678 -0.217462652103595 0.0199467400527383 -0.0164743713217305 2.56122200381282 374.567881051699 -333809.198015821 106.692104875799 152.503634223685 60.5837944877865 985754.905618559
195900 0.3918 -2.52323294751872 0.0383178657245198 -0.017197292588468 -0.214613230381258 0.0366645199688575 -0.0195497835729846 2.56237693594377 375.427331471149 -333817.636589327 106.720727988822 152.530742348341 60.5638787105059 985870.437683113
196000 0.392 -2.58380361434474 -0.0442386780428144 -0.0181808714893456 -0.208472695270406 0.0218469444002153 -0.0307194829815839 2.57893196646974 373.500427989672 -333803.589360636 106.707511810736 152.559703327308 60.5439629332252 985611.298150048
196100 0.3922 -2.55514542092754 0.0199689118906436 0.0116595029163156 -0.200933798763444 0.00144149489667658 -0.00592107174099552 2.59444016710097 372.857360148039 -333797.737275919 106.752157931145 152.590803785226 60.5240471559445 985900.267547466
196200 0.3924 -2.56101610295806 -0.023075604983671 -0.0252326448949561 -0.166699416479143 0.0269050081147336 -0.0264534192787556 2.55407698788743 374.720389637324 -333812.66504229 106.761780904327 152.604328216966 60.5041313786639 985752.055877496
196300 0.3926 -2.58160640197317 0.0240728782699524 0.0111774745929786 -0.183973172470212 0.00918690807428672 -0.0214345166100937 2.61902642496519 374.372481188822 -333809.670208419 106.777731861339 152.651673222915 60.4842156013832 985880.58307906
196400 0.3928 -2.54314288108607 -0.0190743052482617 -0.0621295589334351 -0.190536157382682 0.0294692435977587 -0.00230835409449984 2.5250019591698 374.101393594092 -333808.813930795 106.770711180541 152.720672697391 60.4642998241025 985936.60711636
196500 0.393 -2.50241115806003 -0.00747562411444112 0.0196744864959125 -0.173551075690521 0.0239141830485323 -0.0172367115941015 2.52708233492999 374.085513189468 -333809.491172777 106.768722213432 152.821126946369 60.4443840468219 986241.786687488
196600 0.3932 -2.53918986844037 -0.0294608196135733 -0.0072518854303132 -0.16367137683796 0.0154308242994043 -0.00600503862822133 2.53695861491992 374.351613047957 -333813.591831335 106.782972236979 152.826008580801 60.4244682695412 986079.915016741
196700 0.3934 -2.52662111301542 0.0606465504908198 -0.00475113469389492 -0.16663502346432 0.0325830433859343 -0.000399023955457748 2.57206466455454 373.556163814879 -333806.510022897 106.839164716217 152.851524609948 60.4045524922605 986438.309189464
196800 0.3936 -2.58327882066784 -0.0476090919235781 -0.041961898112325 -0.175423813841358 0.0398494568723199 0.020063132212999 2.557785047911 373.135909506811 -333807.141839011 106.800617928776 152.872052829505 60.3846367149799 985889.680518136
196900 0.3938 -2.5291740788992 -0.00247362178382066 0.00353693636698224 -0.164701946973642 0.0200416161069644 -0.00246499560587567 2.54598539441466 373.452301385747 -333807.93813332 106.801526665867 152.958714343853 60.3647209376992 986131.615538187
197000 0.394 -2.50847005866507 -0.0412344861228663 0.0130017538837464 -0.149780514754631 0.0236271877388818 0.0257334993562839 2.50897797909471 374.665802496834 -333817.784012424 106.778891669532 152.996037151388 60.3448051604185 985837.831376856
197100 0.3942 -2.45149966872323 0.0416056266498356 0.00943540997659378 -0.182285779719959 0.0247860150411657 0.0039315689363009 2.49759462821907 374.647874843519 -333818.173044534 106.812481268901 153.047403586681 60.3248893831379 986153.463638159
197200 0.3944 -2.51820715561102 -0.0390029519730984 -0.0193139293545068 -0.151344099832028 0.0203775859547781 0.00995624935566353 2.50318047231573 373.825578242123 -333814.667699612 106.803680964804 153.054491169761 60.3049736058572 985792.320076971
197300 0.3946 -2.45371493545472 0.0485186194458418 0.0222814320398452 -0.163719204843323 0.0247553114284265 0.020759362608631 2.50594350423206 373.610512591961 -333813.357076718 106.856807483386 153.100837863889 60.2850578285765 986255.5135236
197400 0.3948 -2.5199933664937 -0.0291315490876455 -0.00789862225249601 -0.144302322928188 0.0322489063952525 0.0214438367061987 2.51489576102378 374.582919786979 -333820.47591158 106.835842333811 153.127594619296 60.2651420512959 985908.528854815
197500 0.395 -2.51669581593259 0.0391408749880548 -0.0254455017446755 -0.149628071354938 0.0429484288980937 0.0151349754745461 2.53865849290979 373.97115184775 -333817.667952627 106.880606829615 153.13735979846 60.2452262740152 986058.556549313
197600 0.3952 -2.52493552034963 0.00176714367004238 -0.0175029706164773 -0.153687946498546 0.0286848256583565 0.00713583893556047 2.53167711478437 373.66720863505 -333813.682359046 106.89199321571 153.163926268097 60.2253104967345 986008.624911875
197700 0.3954 -2.48869201544504 -0.00670332997040785 -0.0207357650296557 -0.144541695844788 0.0438694723020541 -0.00648202660867861 2.48881757996266 375.076387903126 -333822.076716513 106.886372421307 153.207257353789 60.2053947194539 985909.574297311
197800 0.3956 -2.4277632845972 -0.0177568109899477 0.0349531935927465 -0.143956197612143 0.0401238990825884 -0.0227677619529482 2.45081538573569 374.288045926759 -333818.399011221 106.90005191219 153.266303561813 60.1854789421732 986089.46802592
197900 0.3958 -2.46221556321369 -0.0150891039303869 -0.0205803213199707 -0.142510353307246 0.0487912640038271 -0.00507651945529962 2.45828538532511 374.947570365243 -333823.188925678 106.915713374613 153.254259594971 60.1655631648925 985830.10975813
198000 0.396 -2.44502062307219 0.0256310575343536 0.00539104115100181 -0.126180302134818 0.0548437420512158 -0.0190102316462953 2.47232591610469 375.283866197854 -333828.980603623 106.962164839719 153.280026234326 60.1456473876119 986097.718686191
198100 0.3962 -2.47513438985646 -0.0130817271613326 0.00388508514656246 -0.146925059492898 0.0596733132545099 -0.0166264228574058 2.48596808469066 375.712422726985 -333833.871264149 106.965371980443 153.292816308637 60.1257316103312 985883.01122429
198200 0.3964 -2.46170739980502 -0.0148059220207283 0.0197996553509298 -0.16175665902604 0.0461078412233024 -0.0247330986513873 2.48191648815382 373.602003037229 -333818.628450928 107.008631503116 153.313359050948 60.1058158330505 986087.163566195
198300 0.3966 -2.49669762577557 -0.0141551393090548 -0.0347155730395541 -0.139279135998163 0.0240687621214763 -0.0329284030246254 2.48507234634145 375.084938526264 -333832.192378696 107.030751171482 153.297561258855 60.0859000557699 985862.597786773
198400 0.3968 -2.42819673120058 0.041656990355265 0.00982588388350115 -0.158676102292299 0.0454339010471886 -0.0151097906130328 2.47082666331902 375.037912896563 -333833.69275996 107.059230654978 153.362290538448 60.0659842784892 986214.316085988
198500 0.397 -2.44664674890345 -0.0123238414657913 -0.0732043821344291 -0.125109153694243 0.0335663537455981 -0.00586492366790719 2.41492686358313 374.867951364369 -333836.863490361 107.039094226795 153.368878895798 60.0460685012086 985744.234753331
198600 0.3972 -2.41055393781467 -0.00241744086724099 0.0458763016242644 -0.126846095274392 0.0148469972436521 -0.0135578164590376 2.44279228264787 375.208954366159 -333844.350503728 107.034457180604 153.500131553208 60.0261527239279 986217.879585724
198700 0.3974 -2.34936084074867 -0.0605362455043646 -0.0259083684462446 -0.123302375835549 0.0295431670061592 -0.0278039064718308 2.31726611544987 376.79462649599 -333860.87313648 107.049426169055 153.50102678158 60.0062369466472 986034.296734677
198800 0.3976 -2.33691975053924 0.0275967539660664 -0.0174965895988977 -0.128351289494871 0.0331573756991445 -0.0164631828145979 2.35369523494634 375.827094444039 -333857.451865056 107.117306122566 153.489805700391 59.9863211693665 986259.970909744
198900 0.3978 -2.36234801369254 -0.00036508584416007 -0.0206023916151675 -0.132943183160097 0.0309967960713108 -0.0431064359297062 2.36496327617519 375.892750574443 -333862.133646076 107.092058897285 153.542561314884 59.9664053920859 986038.938686445
199000 0.398 -2.26657489180621 0.0146687920521592 0.0287707094417705 -0.10707166172586 0.0188762195579829 -0.0443347913721474 2.29734633819104 375.220644679509 -333862.932469989 107.089642617953 153.639802390653 59.9464896148052 986313.47303761
199100 0.3982 -2.2743217053189 -0.0140464567063528 -0.00647076878356025 -0.116800450080256 0.0162132274169069 -0.0485154278526472 2.27481902847391 374.436723803016 -333861.537853712 107.119891322025 153.635138540148 59.9265738375245 986234.358410281
199200 0.3984 -2.26968460262517 0.018086111329213 -0.00264607848309726 -0.0966961092890326 0.0191477695877723 -0.0265200093920525 2.28432800254756 374.432568121695 -333866.044636077 107.161971229651 153.643951078096 59.9066580602439 986350.464590776
199300 0.3986 -2.2818557554915 -0.00347615064233838 0.00136209260498095 -0.106532219813994 0.0294264531943945 -0.0496149210912251 2.29043454355965 374.501699276219 -333868.416958168 107.175479001863 153.686138627064 59.8867422829632 986417.619877338
199400 0.3988 -2.23861695245032 0.0150227903189922 -0.0381332759163983 -0.0944046098116917 0.00375165303368777 -0.0826258862937806 2.23812043043927 373.889389048465 -333866.70089466 107.204157617543 153.727846228441 59.8668265056826 986621.121058334
199500 0.399 -2.23615840127349 0.0101713853171754 -0.0165008854121724 -0.111217091891932 0.037017417376468 -0.0710770672050429 2.24570003440726 375.497320980961 -333880.110582452 107.184465242748 153.812920704297 59.8469107284019 986657.455008667
199600 0.3992 -2.24655609557618 -0.0243438647302905 0.0177123670066693 -0.110500722677974 0.0242465011182206 -0.069488040575117 2.25529032921119 372.792308870771 -333862.143898674 107.174986687712 153.864845503984 59.8269949511212 986574.832798467
199700 0.3994 -2.21247967585453 0.0280862371442125 -0.0375059246610043 -0.103626491528124 0.0262104077077168 -0.0756618039431707 2.22011819767895 374.465993661068 -333874.838860422 107.24568110666 153.819701100957 59.8070791738406 986607.398590701
199800 0.3996 -2.1624719389061 0.029944577516957 0.00885780031475884 -0.0965747368114099 0.0236346160031728 -0.0881210379407304 2.19405004765521 374.442415765657 -333876.004078235 107.241812632569 153.885395286348 59.7871633965599 986664.492137191
199900 0.3998 -2.17924357970413 -0.0287202872742843 0.00479864499079211 -0.0923363467245029 0.0312873679233924 -0.0999038425334396 2.18092050035983 374.39073913421 -333876.077337964 107.21353336309 153.95879823114 59.7672476192792 986546.085608221
200000 0.4 -2.17288739091533 -0.0114850941874035 0.0156178532942834 -0.122558445530365 0.0462301833172737 -0.117037818901541 2.19625631277835 374.645270766113 -333879.79868799 107.243314935248 153.979802598684 59.7473318419986 986625.881604105
