Step Strain Szz_GPa Sxx_GPa Syy_GPa Sxy_GPa Sxz_GPa Syz_GPa VonMises_GPa Temp PotEng Lx Ly Lz Volume
0 0 -0.0176651238820598 0.065677528954886 -0.0616410421438677 0.00570755266240669 0.0974315631596266 -0.00971967229061827 0.203481748364385 373.486392418549 -332965.171695115 99.5987769467824 99.5987769467824 99.5987769467824 988011.537796139
100 0.000199999999999961 -0.0594199858464429 -0.00287166995737662 0.0069111088867081 0.0154148880152379 0.0968852354475146 -0.0134553543680913 0.18238107633302 374.570417666999 -332976.16101327 99.5301044767305 99.6657356052108 99.578857191393 987796.480135635
200 0.000399999999999923 -0.0745022683127524 0.00600887432179349 0.0152025179776548 0.0294236671492101 0.0899868816940508 -0.024575224368531 0.189759732510799 373.487396661364 -332971.634563155 99.5155461369204 99.7149521982204 99.5589374360037 987942.045892613
300 0.000600000000000027 -0.149128035974018 -0.020884965376752 -0.0180902718571591 0.0180132617277807 0.104352568204851 -0.0402559176205508 0.235193368367174 374.374077010789 -332981.678734951 99.5200695101918 99.7000460097971 99.5390176806143 987641.61264656
400 0.000799999999999989 -0.129694961240711 0.0285700129565981 0.024834400792207 0.0356582999913563 0.112702573075504 -0.00872013369183326 0.258106209720452 372.933328140408 -332972.792803735 99.5612376212083 99.711504006762 99.519097925225 987965.966783623
500 0.00099999999999995 -0.186681587152254 0.00878734622399368 -0.031860481469353 0.0210328805002771 0.0821302666657198 -0.0402046549232845 0.241510855687318 375.723875855286 -332994.90150522 99.52994509564 99.7112215121881 99.4991781698356 987454.958001482
600 0.00120000000000005 -0.191947600589508 -0.00655502732695618 0.0668854608227351 0.0364291837633787 0.0718966631481613 -0.0358687733444119 0.27699744783756 373.357324061026 -332978.611522733 99.5146631357453 99.7757525738854 99.4792584144462 987744.519124683
700 0.00139999999999987 -0.238259779000243 -0.0086952852877476 -0.038213949091501 0.0290766410872972 0.100191681633291 -0.0386944375420246 0.289720593057199 374.107091495816 -332985.176972663 99.5472451864705 99.7292673029497 99.4593386590569 987409.81893886
800 0.00159999999999998 -0.25863268103138 0.00657450282733628 0.0149530919205209 0.0281977497735416 0.090738251764623 -0.0467241979667035 0.325978826685485 373.969346058958 -332985.923275428 99.56363649815 99.7340413396018 99.4394189036675 987421.878674159
900 0.00179999999999994 -0.257591174138618 -0.0106411726140373 -0.00517983016387844 0.0552426176931483 0.0836234766990387 -0.0270218197537622 0.307712921834027 372.100358756007 -332972.8447471 99.5497066982353 99.7567991515205 99.4194991482782 987311.194974491
1000 0.0019999999999999 -0.308860233647282 0.0172416320920179 0.0189441384425374 0.0386901193031719 0.0751706802594969 -0.041277497969247 0.365314495861818 373.447419739617 -332982.877846442 99.53992065818 99.7853276195696 99.3995793928888 987298.607521668
1100 0.0022 -0.340502565333282 -0.0306646906330388 0.01994524812873 0.0386081874067399 0.0875881321801399 -0.0260155194896715 0.379155629298525 373.761297518174 -332985.899631206 99.5312560037754 99.7717534173213 99.3796596374995 986880.560276599
1200 0.00239999999999997 -0.349838295042732 0.00898923247598275 -0.0108784850177395 0.0383637754894858 0.0722693794272599 -0.029507510726918 0.380419299909476 373.507059526798 -332985.949916918 99.5654731526058 99.7735162521974 99.3597398821101 987039.393058095
1300 0.00259999999999993 -0.350872385838203 -0.00267892136451509 -0.00615012522785298 0.0363391498688312 0.0742442587814032 -0.0480177759073284 0.384001873946218 374.182517836516 -332990.739032889 99.5600889474088 99.7956782970168 99.3398201267208 987007.333659705
1400 0.00280000000000003 -0.422325796895066 0.00366613514225748 -0.0116476294092937 0.0102708730858168 0.0733915129202017 -0.0344730946602708 0.441837860727103 374.358879996374 -332992.706050118 99.5531031408922 99.8056510565114 99.3199003713314 986838.783114488
1500 0.00299999999999999 -0.454370191855482 0.00212948398014241 0.0152071153312842 0.0300200769923923 0.0967925948669184 -0.0481582183701152 0.50229532077567 373.714057919478 -332988.987251441 99.5645224471455 99.8338278543178 99.299980615942 987032.611586758
1600 0.00319999999999995 -0.447922809906447 -0.0107317960602219 0.00433052716273771 0.0398637208500536 0.0999095802129742 -0.0318878601042171 0.485501386991425 371.794837249501 -332975.320500583 99.5746644770157 99.8402306081955 99.2800608605527 986998.430086411
1700 0.00339999999999992 -0.491217066267638 0.00784569593136466 9.19979422232552e-05 0.0149087431333201 0.0781409711119592 -0.0468817511173053 0.520415910823611 373.544235067838 -332987.948997101 99.5936603846282 99.8252337552928 99.2601411051633 986840.394988979
1800 0.00359999999999988 -0.481579449945903 -0.00600004508939646 0.0196230374146856 0.033858335365711 0.110241336547404 -0.0229862213098722 0.529624243772285 373.412017316099 -332987.09058746 99.6154590203663 99.8275581378422 99.240221349774 986881.284161605
1900 0.00379999999999998 -0.497112962927769 0.00984061279479356 -0.0223492246581353 0.0456536371288773 0.0930143379259498 -0.038951129999454 0.527710808007421 373.677811959823 -332988.120718315 99.6410101488858 99.8146330957172 99.2203015943846 986808.494398136
2000 0.00399999999999994 -0.566046075819776 -0.0261791536384229 -0.000577372982566489 0.0323136175919734 0.0785253376679534 -0.0327699063717157 0.575140065781744 372.066522860047 -332976.928359739 99.6232453073611 99.8245622305387 99.2003818389953 986532.604928985
2100 0.00419999999999991 -0.589591422318505 0.0299753833047773 -0.016403272556082 0.0402600920269315 0.0803246138303105 -0.0451148565341569 0.622578619388904 373.742781658636 -332988.696113529 99.6313543277933 99.8410306086127 99.1804620836059 986577.522565232
2200 0.00440000000000001 -0.634425845070881 -0.0250007288472541 -0.0128021534128148 0.0340983016837921 0.0957309148100152 -0.0520464729293761 0.646598568275646 373.531136661969 -332987.178027231 99.6077909541989 99.8522381521958 99.1605423282166 986256.789320825
2300 0.00459999999999997 -0.632789208400065 0.00808696160535337 0.0255922374996377 0.0451253037608588 0.086388899845027 -0.0401988383885138 0.674976487832099 374.855972675449 -332997.01231772 99.629302572567 99.8694820327357 99.1406225728272 986441.941789426
2400 0.00479999999999993 -0.720383091867697 -0.00867848958673578 -0.0144277335482208 0.0281450620899768 0.0745348908970996 -0.0157390344364496 0.722669126492376 374.840025496092 -332997.88394212 99.6328322451548 99.8572222380799 99.1207028174378 986157.608615629
2500 0.00500000000000004 -0.718588501812436 0.0226898385031857 0.013801486446977 0.0201480349167864 0.0730537977658522 -0.0282962487743478 0.75007617805404 371.916809000684 -332975.830091384 99.6613446002668 99.8661177454307 99.1007830620485 986329.438688111
2600 0.0052 -0.764454267728949 0.00487727114181414 -0.0249979115701058 0.0379404214693302 0.106420354095162 -0.04957079877207 0.784503484547554 372.142574498243 -332977.856897644 99.6709829176625 99.8558933459899 99.0808633066591 986125.580017323
2700 0.00539999999999996 -0.747797703962869 0.0149941736406435 0.000804176404427828 0.0452737929534807 0.102015243514723 -0.00924688686369506 0.780292114139156 372.701186485079 -332982.053351831 99.6861865394785 99.873433264817 99.0609435512698 986250.922278667
2800 0.00559999999999992 -0.768808585538933 9.93920184408685e-05 -0.0161674961614796 0.0292006875139505 0.0898814260695086 -0.0280204129139063 0.779824232017177 374.160085843414 -332992.653975769 99.6849425507531 99.8644984800213 99.0410237958804 985952.083936451
2900 0.00579999999999988 -0.798845538499108 0.00444347089581771 -0.0271924568535114 0.0231796340784088 0.0867620109227353 -0.041859478869978 0.806419707916473 372.145362946573 -332976.990813919 99.693294410481 99.8871029079736 99.0211040404911 986059.517047913
3000 0.00599999999999999 -0.784668307772868 -0.00888304691776091 0.012442913472698 0.0397646641324411 0.0909992299689948 -0.0304434254376553 0.80697497164025 372.378852467551 -332979.043735997 99.6797730052222 99.9146752771213 99.0011842851017 985999.53785437
3100 0.00619999999999995 -0.886054005868072 0.00226820650865563 0.00886621303285884 0.0248222051618134 0.104452443778755 -0.0286745558137383 0.912177119609743 372.889083317432 -332981.893856185 99.6787809205988 99.9157930998187 98.9812645297123 985802.365014556
3200 0.00639999999999991 -0.858509683475605 0.0171920068793703 0.0126762458263051 0.0172611089664073 0.0826061791623692 -0.0281974228748455 0.88694410597684 372.61204774176 -332979.621008055 99.7051539027775 99.9262611251573 98.961344774323 985968.032873212
3300 0.00660000000000001 -0.900572296297094 0.00756135311110382 -0.0354977715781907 0.0311495487957393 0.102918591682434 -0.03073172047965 0.908283150787896 375.202919476366 -332998.105142099 99.7160149085897 99.9131041959627 98.9414250189336 985747.143347259
3400 0.00679999999999998 -0.917808975725098 0.0175077041787613 0.0203790702314761 -0.000476590772726845 0.0944668635417949 -0.0405731938813888 0.953531526241465 373.452072007063 -332983.40593353 99.7264676030819 99.9314370448468 98.9215052635443 985832.849111039
3500 0.00699999999999994 -0.918447658802368 -0.0182195915422392 0.0149310320382221 0.0256495919475101 0.105291093215971 -0.0172943306194551 0.936740245729186 373.472743686835 -332984.196795289 99.7138936058497 99.9412228554214 98.9015855081549 985606.565382138
3600 0.00720000000000004 -0.983662684245557 -0.00325544836818254 0.00336549063145563 0.0279228353940971 0.104147198144182 -0.0147155616777346 1.00162967988032 373.188295165863 -332981.72965076 99.7294590976111 99.9415327424338 98.8816657527656 985564.934126286
3700 0.00739999999999986 -1.040013946663 0.00391309570421916 -0.0188522222263272 -0.00192794021558298 0.11332302119968 -0.0263365695998213 1.05221429159037 372.934586780891 -332979.387791278 99.7483343998443 99.9260367524729 98.8617459973762 985400.076543901
3800 0.00759999999999996 -1.04787304749496 0.0156133986950069 -0.0357129575872188 0.0446235262880914 0.100770754783442 -0.0327674733781798 1.05769185783446 372.236451532859 -332975.361762675 99.7491213939891 99.947532085736 98.8418262419869 985421.231077645
3900 0.00779999999999993 -1.05355787127302 -0.0254769992149303 0.0404923693398151 0.0118225776455339 0.107537322284229 -0.0444691549040988 1.08174338330517 374.421933033293 -332988.062136145 99.7170427649073 100.003296902657 98.8219064865975 985455.31595475
4000 0.00799999999999989 -1.09588762413656 -0.0363505054773629 0.0103818351111789 0.00511671543956409 0.100954310502641 -0.0354278774991175 1.09942563697552 371.443839524764 -332966.670634268 99.7287418284039 99.9912532970218 98.8019867312081 985253.597940887
4100 0.00819999999999999 -1.12461399805417 0.0375303045835929 -0.019452843751739 0.0160900303799636 0.0865750105050695 -0.0372338811717794 1.14674551163257 373.506143655808 -332981.583334052 99.7600220408505 99.9718293720861 98.7820669758188 985172.510388862
4200 0.00839999999999995 -1.17096785647375 -0.0199843939797102 -0.00048790969503072 0.0145666977372596 0.110400518487523 -0.0417850302447669 1.17899216730909 372.57162254309 -332974.537751579 99.7433840803483 99.9904169606044 98.7621472204294 984992.676997928
4300 0.00859999999999992 -1.19609523027621 0.0053789038015441 0.00654877286305214 0.0383087064402418 0.101415099559043 -0.0411714649715827 1.21872475878517 372.320909252623 -332970.588209681 99.7501055693196 100.009774607045 98.7422274650401 985051.036836248
4400 0.00880000000000002 -1.19692298399245 0.00428972148843854 -0.0312683290817119 0.0148351711898926 0.100966700229479 -0.0442759216756741 1.19941139686979 374.405917085137 -332986.534040454 99.7429316947009 100.013769892841 98.7223077096507 984820.829564992
4500 0.00899999999999998 -1.18302360747029 0.0421165220692107 0.00980058238002161 0.0235064208650085 0.0896296183751051 -0.0348783053643343 1.22140437690397 372.87874784116 -332974.173961393 99.7826436776554 100.033878780184 98.7023879542614 985212.185566501
4600 0.00919999999999994 -1.26575772041368 -0.0115473759858694 -0.0360071066357044 0.0369000114762405 0.115054259034317 -0.0435347186024996 1.26192207151167 372.773433980551 -332973.320867795 99.780498506441 100.015261776644 98.682468198872 984808.863467213
4700 0.00940000000000005 -1.24104988004314 0.0358240749990485 0.0245050272749535 0.0179362759042957 0.106098029147311 -0.044257712143389 1.28712624138853 374.989263758033 -332988.938606194 99.7931062334605 100.057273824387 98.6625484434826 985148.126844291
4800 0.00959999999999986 -1.31175164422149 -0.0265887833309467 -0.00995433454409895 0.0367996696291271 0.0850869735794276 -0.058356034255776 1.30740069074725 374.670798464269 -332985.878604553 99.790400449154 100.047901015228 98.6426286880933 984830.259645015
4900 0.00979999999999997 -1.30683590780846 0.0313054256650391 -0.0123874411225916 0.011495097199447 0.127141196493929 -0.0547663639372763 1.33863855879965 372.265458366824 -332966.881776234 99.8150093494501 100.044024222735 98.6227089327039 984836.037038869
5000 0.00999999999999993 -1.35425648984061 0.0168539597539126 0.0278517434402647 0.0234845217563556 0.103252114735845 -0.0522868218205851 1.39175547186098 374.454317912584 -332981.178205082 99.8157351628931 100.058854995032 98.6027891773146 984790.246413273
5100 0.0101999999999999 -1.37354903987581 -0.0545033553433698 0.00268644229873715 0.0216250809784661 0.101289798577802 -0.0227787534935692 1.36100204398048 373.340932744956 -332971.725299928 99.8086739857155 100.065493823437 98.5828694219252 984586.969065692
5200 0.0104 -1.39239208918551 0.0448647057309575 0.0349001095206495 0.0188715692204975 0.103298567235978 -0.0360910291409473 1.44515486422952 373.951917010778 -332975.883048046 99.8434222414447 100.073034411603 98.5629496665359 984804.94167233
5300 0.0106 -1.47451685565909 0.0094202173417518 -0.0260255162888604 0.0541424314832548 0.101737584898347 -0.0292443820197835 1.48092468319206 372.237775320591 -332961.476265667 99.8237417635119 100.053356312614 98.5430299111465 984218.259568519
5400 0.0107999999999999 -1.47166039144596 -0.0152118423939031 0.0352536499359413 0.0052567296127481 0.095316221880327 -0.0437286116219579 1.49344050954009 372.436513146265 -332962.459762141 99.8239723502429 100.087881857884 98.5231101557572 984361.137684582
5500 0.011 -1.47216117738814 0.0218382468689997 0.0397804716130243 0.0373936990125648 0.110119932844938 -0.0282624590726171 1.51727790510909 373.797244707649 -332970.893026101 99.8550247831302 100.078564144211 98.5031904003678 984376.611813259
5600 0.0112 -1.53502715723455 -0.0161081895812797 -0.0426058803329421 0.0460251439120073 0.091814467702851 -0.0464091654989012 1.51844498610002 371.865998204387 -332956.057205285 99.8698284735743 100.062873284169 98.4832706449784 984169.125331419
5700 0.0113999999999999 -1.50032833580176 0.00630620175257625 0.0285674872652576 0.0181051687554543 0.0870477958180495 -0.0390630159367831 1.52717907316319 372.400818382343 -332957.759667474 99.8766132899855 100.107435866591 98.4633508895891 984475.146300843
5800 0.0116 -1.59104317108843 -0.0359201219905779 -0.0235080649289647 0.026595946296036 0.0981103468915801 -0.0604011532807734 1.57474057690522 371.734131999754 -332953.922303133 99.8762674212722 100.091585347155 98.4434311341997 984116.727394309
5900 0.0117999999999999 -1.59049867491608 0.0266760241783943 0.0180655691175978 0.0262426035111024 0.0880248321002064 -0.0374701939571726 1.62201316871262 372.295509523777 -332956.692764601 99.9189445578784 100.10257038823 98.4235113788104 984446.053160344
6000 0.012 -1.62857438958121 0.00366860393390146 -0.0318959340666565 0.042278955220429 0.0759475422959851 -0.0499611839252092 1.62406497273877 370.841288073755 -332944.797573619 99.9146427302794 100.098941690663 98.403591623421 984168.760758334
6100 0.0121999999999999 -1.62728865375686 0.0119293401497014 0.029324399467004 -0.00756219521404399 0.0872341800680727 -0.0368457149383965 1.65617822136009 372.135075873222 -332951.14775144 99.8898072786507 100.15907816578 98.3836718680317 984315.947040149
6200 0.0123999999999999 -1.68576482233005 -0.0307533060199585 0.00953270682257416 0.0303457792289913 0.0842478342844029 -0.0451269192342847 1.68449544533816 373.46270139627 -332959.47576003 99.8637832687364 100.153790114231 98.3637521126423 983808.318913768
6300 0.0126 -1.67479201299593 0.0210381709306916 0.0211125846471864 0.00806360821796816 0.097168758664901 -0.0520551970860842 1.70663874625694 371.771610458375 -332945.584704175 99.9093882491352 100.156324762495 98.3438323572529 984083.177485812
6400 0.0128 -1.72400689448009 -0.00925421820982734 -0.0204712356769844 -0.0084937866554781 0.109928293546923 -0.0445120000217866 1.72153455625346 372.943674598621 -332952.52881329 99.9128618317329 100.134455166265 98.3239126018636 983703.213275859
6500 0.0129999999999999 -1.70453582246194 0.0284055183156564 -0.0230876522522563 0.00779494813539126 0.100958522142729 -0.0430606857045495 1.7183787167954 372.115705204965 -332945.676161038 99.9171829574536 100.168158406822 98.3039928464742 983877.499132117
6600 0.0132 -1.78175931188831 -0.0461010451060311 0.0253015832750587 -0.00873987613404153 0.0998196504623179 -0.0492973307279621 1.78296108797121 371.163182580199 -332937.747804526 99.882313664492 100.214919498192 98.2840730910849 983793.892129931
6700 0.0134 -1.79342391769527 0.0150594672550546 -0.0243452924940527 0.00783377050600908 0.0937027732914113 -0.0559392274534109 1.79911488237712 372.13704653948 -332942.594410643 99.9056211257472 100.211054852638 98.2641533356955 983786.082644616
6800 0.0136 -1.82667646583037 -0.0126765677937412 -0.00420598470200239 0.0268122103786701 0.0773362446505819 -0.0401668975269434 1.825095209784 373.972772942744 -332954.81234696 99.9065150683033 100.223363816107 98.2442335803062 983716.269496091
6900 0.0138000000000001 -1.85065506336258 0.00670476404464483 -0.0528424377630926 0.0170424055635157 0.0957726444110408 -0.029772227504672 1.8367848275842 371.220139394056 -332932.201488119 99.9336932789169 100.200923377028 98.2243138249168 983564.092514796
7000 0.0139999999999999 -1.87633147396579 0.0223350793071417 -0.0248791369455683 -0.00121860911070807 0.103880425748584 -0.038574444392837 1.88530147625305 371.428690703655 -332931.504605552 99.9410655010464 100.217110118192 98.2043940695275 983596.038227337
7100 0.0142 -1.92298104488544 0.000627784101070054 -0.00729181666004897 0.0225760210021267 0.125970061425215 -0.048614126828002 1.9342501990089 373.172837057997 -332943.147600918 99.9183581886587 100.237853783458 98.1844743141381 983376.595551747
7200 0.0143999999999999 -1.95492597667259 -0.0107083346144323 -0.00548227935484749 -0.00319998250300136 0.110104663355198 -0.0365199031986128 1.95718447789381 372.125831490769 -332933.77012591 99.9223090300779 100.251298179272 98.1645545587487 983347.836499465
7300 0.0145999999999999 -1.97722703755914 -0.00807060189031669 0.00450951669799949 -0.00851911199332273 0.119511517097769 -0.0387031249938502 1.98747781839614 372.432781657659 -332934.686206142 99.9410043960032 100.239001322362 98.1446348033594 983211.623740707
7400 0.0148 -2.01057804627295 -0.0119926250115223 0.00321711315146282 0.000400700544373801 0.105609891715104 -0.0335039780509574 2.01539111890724 375.13997372078 -332952.213972392 99.9795169551946 100.224148280116 98.12471504797 983245.159283655
7500 0.015 -2.03768371356163 0.0493019079515383 -0.0377720565934596 -0.0129985146452184 0.119016407666071 -0.0493943490280538 2.05710713208345 371.656934816262 -332925.228224435 100.001811539419 100.218498902175 98.1047952925807 983209.342834924
7600 0.0151999999999999 -2.05479807440352 -0.0280792276454455 -0.0137800848413353 0.0142991811400234 0.11281745257142 -0.0636627588252403 2.04639430820273 373.091123284471 -332934.211393683 99.9721966778417 100.262881528641 98.0848755371913 983153.800133971
7700 0.0154 -2.07713767715012 0.0141849663669329 -0.0126649931037561 0.0232318790542159 0.11496004743048 -0.052064106685643 2.08987990160581 371.446855026764 -332920.355838576 99.9964066287874 100.264254971807 98.0649557818019 983205.641532485
7800 0.0156 -2.08357874229666 -0.0103862321695527 -0.00495928006403055 0.000173610284373181 0.103176360420357 -0.0507026632013263 2.08543909212227 373.358810360589 -332932.601617443 99.9895292250634 100.286433345158 98.0450360264126 983155.742223436
7900 0.0158 -2.11315363985737 -0.000551778511942274 0.0221671186418107 -0.00661387981414798 0.130081244642817 -0.0545625450363683 2.13808900471131 373.406107354868 -332929.952077949 99.9945513127496 100.305506896364 98.0251162710232 983192.323620135
8000 0.0160000000000001 -2.13812814477762 -0.0035418080124239 -0.0235308741788367 0.0216555740705792 0.119981817792117 -0.070018332561053 2.13857230565121 372.123613683262 -332918.768053479 100.039697504684 100.267877824878 98.0051965156339 983067.405413265
8100 0.0161999999999999 -2.17853138063336 0.00750630385479155 0.00654585498695288 0.0177996816260229 0.111837635300154 -0.0378980066822769 2.19532328730491 372.950145942419 -332922.158783504 100.058103816536 100.273363471571 97.9852767602445 983102.215343984
8200 0.0164 -2.20156578570116 0.0194774581868172 0.00579076689878568 0.023524190890361 0.124718635789362 -0.0463160062669639 2.22656272712955 372.066007327249 -332914.267317273 100.046490758039 100.301492888235 97.9653570048552 983063.977406899
8300 0.0165999999999999 -2.22903496588612 -0.0111497054364132 0.00929262378442312 0.0304072825295454 0.116811556389008 -0.0332552954631313 2.23870454273264 372.320101391024 -332911.795169095 100.033219617513 100.313492172555 97.9454372494658 982851.276295043
8400 0.0167999999999999 -2.25227463888946 -0.0117111692165602 -0.00718709757662624 0.00860092990228488 0.118199701471787 -0.0341961628153512 2.25298139526961 372.179777151175 -332908.896694358 100.053595260542 100.304691716485 97.9255174940765 982765.317831275
8500 0.017 -2.26034202298382 0.00171849953610895 -0.0133708372853521 0.0130037451896538 0.124061622796022 -0.0468245697552822 2.26633432538351 372.367293781334 -332907.939013589 100.067600022089 100.306299676212 97.9055977386871 982718.691952586
8600 0.0172 -2.29242858147655 -0.0187425560644088 0.0149773217441296 0.0120437083443279 0.102493373150924 -0.0496368065436976 2.29930312318949 372.918701975181 -332910.622712688 100.058630743424 100.318243940006 97.8856779832977 982547.669660205
8700 0.0173999999999999 -2.3067745153682 0.015303786575325 -0.0121501924909949 -0.00278901073227157 0.111221873385767 -0.0476292505989427 2.31797130264168 372.587714289083 -332905.327405729 100.090961863352 100.322111385803 97.8657582279084 982703.022404523
8800 0.0176 -2.36301768139424 -0.00567824038479904 -0.00725720810969361 0.0215054247630777 0.103806704359239 -0.0472356923375424 2.36510848541206 373.629041555029 -332911.973195913 100.068080906354 100.349494896495 97.845838472519 982546.518317708
8900 0.0178 -2.37188299255895 -0.0112285819513814 0.00307339387531104 0.0179002958164517 0.106114490919499 -0.0572617371301659 2.37723256163274 372.446693204356 -332901.025072543 100.045623348473 100.395444810766 97.8259187171297 982575.741888652
9000 0.018 -2.41906760844453 0.000303702113473168 -0.0115316736200297 0.0190671170244378 0.11254338202107 -0.0605198636610911 2.42382757452513 372.351233462805 -332898.624393648 100.056599913194 100.395795526891 97.8059989617403 982486.879460983
9100 0.0181999999999999 -2.4148517270629 0.00511441235594455 0.00518515604443056 0.0316998385494391 0.110127612955545 -0.078837836784073 2.4319647292865 372.750047411609 -332898.265660296 100.081140750811 100.38124690082 97.786079206351 982385.324595239
9200 0.0183999999999999 -2.44881885419471 0.0133830792474751 -0.00290845747900974 0.00585118158599822 0.115139102828208 -0.0455081530099746 2.46346858026196 372.426017791749 -332894.092649205 100.082621553797 100.391596640759 97.7661594509616 982301.006829859
9300 0.0186 -2.47905710244597 0.0253409751505851 -0.0142377135283792 -0.0220079924735546 0.108889576683761 -0.050019135210217 2.49378929110225 372.65912138734 -332891.975220007 100.078624090677 100.418338049748 97.7462396955722 982323.230020915
9400 0.0187999999999999 -2.48176973395926 -0.0181966771030185 0.0366833101878725 0.00412540329010028 0.110983355486248 -0.0647541179006907 2.50139703712159 372.659538149071 -332891.14169376 100.069917452165 100.448010304395 97.7263199401829 982327.777919926
9500 0.0189999999999999 -2.53818120896359 -0.0138905502874991 -0.0144688864181445 -0.012149635032575 0.128085818133945 -0.0485069978693082 2.53521268009257 373.530389840912 -332895.54070752 100.092030791536 100.422578684501 97.7064001847935 982095.865614802
9600 0.0192 -2.54656561623412 -0.00696696654050553 -0.021858675317658 -0.0168825946596463 0.11835170747978 -0.0434379090846467 2.5417515816555 373.133048200934 -332889.255451685 100.101996908067 100.425490552241 97.6864804294042 982021.883109146
9700 0.0194 -2.55959366927701 0.0101909314562483 0.0105299927960609 0.0220980902452203 0.124925924170225 -0.0611929928686577 2.5815077972444 372.399940453208 -332882.100848308 100.113741798135 100.463190135355 97.6665606740148 982305.447981626
9800 0.0195999999999999 -2.5800072166805 -0.0227722783959034 -0.0419647480658651 -0.0185391492090211 0.1447303544931 -0.0649331802348472 2.56266656177993 373.326856493054 -332887.037750914 100.10153609209 100.460982029891 97.6466409186255 981963.780172314
9900 0.0198 -2.59754070771565 0.0308346034424298 0.00176310412432065 0.012369240727892 0.118648478783695 -0.0586908659017775 2.62408390670618 373.035248979039 -332882.633711122 100.115449468716 100.493526810006 97.6267211632361 982218.00988567
10000 0.02 -2.65925726501693 -0.0145903529405665 0.0255520968389404 -0.00403537791254001 0.116065544162496 -0.0496953404910935 2.67393142504756 374.083995069544 -332886.920571999 100.103935332436 100.508144988928 97.6068014078467 982047.489342697
10100 0.0202 -2.64829291434377 0.0326152257717719 -0.0380600887679426 -0.027778712087923 0.118583325548198 -0.0632950099447952 2.65693605313527 373.310451317848 -332878.79888785 100.12345095798 100.504465508723 97.5868816524574 982002.534910821
10200 0.0203999999999999 -2.67081130934448 -0.00779655098403397 -0.00261022012860337 -0.00402318431071726 0.129823493128374 -0.073952148874752 2.6781530042163 372.672963246683 -332873.23520614 100.104668361834 100.537051458849 97.566961897068 981936.168762981
10300 0.0205999999999999 -2.6422980356132 0.0290907302309703 -0.00259764041380387 -0.00831100056888145 0.125147395504503 -0.0505843507002092 2.66599686672125 373.536476756493 -332875.358973991 100.126622598656 100.554776808318 97.5470421416787 982124.123498021
10400 0.0208 -2.72857161486286 -0.0183539319330466 -0.0169227305561599 0.00894593445539848 0.119487338325587 -0.0714572357580076 2.72168164475551 373.663172366413 -332873.857525663 100.132422024894 100.544237115576 97.5271223862893 981877.514423857
10500 0.021 -2.70682993248173 0.0117900898617085 -0.0196385284070578 -0.008149675744956 0.121898867259005 -0.0962270973582203 2.71643080695831 372.40324563811 -332862.941670703 100.160984810574 100.556287071755 97.5072026309 982074.675923653
10600 0.0211999999999999 -2.72362860796179 -0.0151244446993856 0.0121978688155302 -0.0112456879264984 0.132338164454287 -0.061493991097412 2.73404608771655 374.191251328036 -332873.123847679 100.149772192211 100.579525469482 97.4872828755106 981991.015083899
10700 0.0214 -2.74565121129926 0.00292740405366211 0.00428149782814763 -0.000976868925585961 0.140537658772432 -0.0788933614479189 2.76339210435239 373.022326345848 -332860.692279922 100.162143531474 100.581735040535 97.4673631201212 981933.213058223
10800 0.0216 -2.75068230130006 -0.0129444850930489 0.0239579344657264 -0.0334006645811805 0.126546492733515 -0.0412936446855575 2.76660507505533 373.296186662685 -332859.51878234 100.176233037748 100.584307112795 97.4474433647319 981895.737546202
10900 0.0217999999999999 -2.81702744548459 0.0125682071706491 -0.0224544838497769 -0.000766874706900997 0.121368604683943 -0.0392332628464712 2.82091272778795 374.850490499478 -332869.666402596 100.181238227634 100.569854680533 97.4275236093425 981603.010559028
11000 0.022 -2.82850708678082 -0.015075704247391 0.0129277978652185 -0.0255534567682862 0.122618427337268 -0.0436430844186676 2.83685480807498 373.199177562201 -332854.514580803 100.182443327806 100.600183606929 97.4076038539532 981710.086065331
11100 0.0221999999999999 -2.86033498558718 -0.00158271185026054 -0.00400276838294055 -0.0250752177151269 0.131364613425736 -0.0475872369602062 2.8681007648147 375.209623413924 -332865.721026732 100.197538928657 100.597555825147 97.3876840985638 981631.580351404
11200 0.0224 -2.90023178442055 0.0272274468763421 0.0272901676926204 -0.00440086282727294 0.135206116793726 -0.0294935661142882 2.93729653995549 374.327941150306 -332857.211681801 100.232533133303 100.599759788837 97.3677643431745 981795.072842608
11300 0.0225999999999999 -2.91209334897258 0.00551802291309578 -0.0675406003926676 -0.0501347459299911 0.114345881661756 -0.0222421776925837 2.89013608213137 373.932541491848 -332851.080290986 100.248788736861 100.576908469491 97.3478445877851 981530.402383411
11400 0.0227999999999999 -2.90362801629243 0.0280183556507367 0.00211590535829683 -0.0299400586165789 0.127194138430235 -0.0405446937413072 2.92838529689812 372.721687917357 -332838.810205893 100.244330000885 100.617738977178 97.3279248323958 981684.276708079
11500 0.023 -2.94648630228875 -0.0344152573179704 -0.00509314291260968 -0.0495977602106293 0.136618106227195 -0.0306203103993548 2.93812725766184 373.568172321413 -332842.614242208 100.206927657263 100.654220241048 97.3080050770064 981472.88237012
11600 0.0232 -2.9619046439386 0.0164228307908929 0.0173215944259116 -0.0131602243624441 0.12535292790887 -0.0469958318990002 2.98787510376547 371.74289500733 -332824.743016427 100.229730691548 100.663919981031 97.288085321617 981589.848155148
11700 0.0233999999999999 -2.98831014241432 -0.0227878650584729 -0.0212919409585325 -0.0269216946028307 0.120127180149653 -0.0428344415983278 2.97484976609583 372.94417177714 -332830.543413849 100.238610092507 100.653833928325 97.2681655662277 981377.469880133
11800 0.0236 -2.96630212725634 0.0353602155083547 0.00750882049625378 -0.023181075354501 0.119105600336681 -0.0157396528328641 2.99534067602448 372.340132682181 -332822.235620398 100.271942624449 100.669079812714 97.2482458108383 981651.430683369
11900 0.0238 -3.02700897371798 -0.0142175846583861 -0.0336822356092249 -0.0244372282951608 0.108844589440393 -0.0361825774244676 3.00996817240837 372.510002267189 -332820.577870927 100.239052292296 100.684844634256 97.228326055449 981282.073323157
12000 0.0239999999999999 -3.02175869530736 -0.00670115702998678 0.00937371908841564 -0.0226060228276221 0.118329527032135 -0.0367695121712875 3.03098857734011 373.874584510283 -332827.713061204 100.218059315273 100.744689690631 97.2084063000596 981458.577988889
12100 0.0242000000000001 -3.02214106592684 -0.0217416026121693 -0.00942377982134573 -0.0215198541624371 0.107169674580169 -0.0504203911117663 3.01379810777796 372.221412067209 -332812.249656394 100.217390048122 100.760152087033 97.1884865446703 981401.509860332
12200 0.0243999999999999 -3.06663198858905 -0.0240934625725135 -0.0112310135676724 -0.0234371395482908 0.118604766131211 -0.0388367075275141 3.05691260281643 373.475674231459 -332818.837166271 100.244692012042 100.755478563386 97.1685667892809 981422.144568174
12300 0.0246 -3.03946652714846 0.0223008715783098 -0.00717753826273493 -0.009996113359753 0.134758308056983 -0.0444433066642094 3.05707987145822 374.30859786161 -332821.786388913 100.288921140555 100.75106435848 97.1486470338915 981610.869853694
12400 0.0247999999999999 -3.1217249869733 0.0133300728381597 -0.0155880260110131 -0.0431355464145231 0.120507668594769 -0.0343325433108208 3.12912625881854 372.385907382144 -332805.471254965 100.277494262762 100.76790013179 97.1287272785022 981461.752444391
12500 0.0249999999999999 -3.08973248106649 -0.00776445594321851 0.00387112058196017 -0.0235977952208092 0.117809758766095 -0.0356221273808975 3.09542203306829 375.363390519463 -332823.499170299 100.246216455025 100.811416133634 97.1088075231128 981378.019965749
12600 0.0252 -3.1181045217112 -0.0113647217365554 0.015633826802426 -0.0369709784991426 0.134014393590282 -0.0449022954610853 3.13056981281236 373.753421778694 -332809.979516684 100.246915044581 100.832735677698 97.0888877677235 981391.049386058
12700 0.0254 -3.11605337624203 -0.00482540323594547 0.00188148723652989 -0.0337543671053436 0.138449168411038 -0.0303940304288325 3.12479521368993 373.605929111081 -332806.526917741 100.268027808602 100.828703124923 97.0689680123341 981357.09463446
12800 0.0255999999999999 -3.14596380274878 -0.0230833400360966 -0.00362060750475051 -0.0155922865349166 0.107495797451913 -0.024294931098103 3.13858361337756 372.304869523203 -332795.112464638 100.269990419787 100.831004329953 97.0490482569448 981197.306065052
12900 0.0258 -3.14257542386896 0.00660596496106414 -0.00634987674683476 -0.0239739899219949 0.148818630009278 -0.022630766786054 3.15379337359194 372.919708656628 -332797.993499293 100.287138893907 100.846892282139 97.0291285015554 981318.285813606
13000 0.026 -3.16760741105646 -0.0192334635636943 0.0400519603864652 -0.00773898331976942 0.119764156167228 -0.02769492320408 3.18558268142337 372.627781649464 -332793.274914891 100.291963482135 100.874270913313 97.0092087461661 981430.397156213
13100 0.0262 -3.17452658587341 -0.00427785775622744 -0.0193239057244055 0.00163682208142097 0.126765052999353 -0.0305851259101921 3.17080844432141 373.282846434199 -332794.698058916 100.326627727017 100.853108439922 96.9892889907767 981362.093066422
13200 0.0264000000000001 -3.13605990302572 0.0187313082468164 0.00607213040784681 -0.0181272707066156 0.130957501725018 -0.0326056805759801 3.15730194396088 373.429181304939 -332793.778602508 100.343081117864 100.876094147816 96.9693692353873 981545.104219057
13300 0.0265999999999999 -3.19101154203555 0.00476890540189773 -0.0487668777258605 -0.00556686300062614 0.136019584687938 -0.0233020201073981 3.17836688315099 372.756719290376 -332786.357810177 100.350203960589 100.877215185036 96.949449479998 981424.039126108
13400 0.0268 -3.14822655963608 0.0372315043022956 0.0224459497637048 -0.0176762844789357 0.109772876438214 -0.0449882646566553 3.18487399499136 372.737171392988 -332783.009248063 100.337172714094 100.949533147558 96.9295297246086 981798.309287783
13500 0.0269999999999999 -3.17191275226967 -0.0210432713519153 -0.0199116604561853 0.00389458406585104 0.148632123410432 -0.0317746648925416 3.16241904880243 372.753411320277 -332782.716607742 100.301978218531 100.981822156316 96.9096099692193 981566.091676876
13600 0.0271999999999999 -3.14224528062056 0.0267626430536107 0.0333818933990902 -0.0117613156502758 0.140480453173731 -0.0509402855807839 3.18292875956606 374.409752012639 -332792.049228251 100.319201774924 101.008884333823 96.8896902138299 981795.88943377
13700 0.0274 -3.15884870002502 -0.0423319572754418 0.0301415935197512 -0.00890140514852429 0.139308159746861 -0.0347158358601278 3.16320527642429 372.918604788233 -332779.937044011 100.29558742622 101.030332252207 96.8697704584406 981571.360078216
13800 0.0276 -3.15944596254773 -0.000671179612505146 -0.0208347144064093 0.00653602335522003 0.123238507297679 -0.0028540831327642 3.15599246155934 374.627158215364 -332789.453327136 100.313239222382 101.037968568859 96.8498507030512 981616.423346485
13900 0.0277999999999999 -3.12839216980173 0.00842685196683371 0.00973619534913256 -0.0124417532856414 0.133784529201502 -0.0454148002368472 3.14707630470154 375.560451852046 -332796.384414396 100.290128067581 101.082129358293 96.8299309476619 981617.269003041
14000 0.028 -3.12462862912933 -0.00149392012913325 -0.0181387250856776 -0.00734908426222773 0.121260234990264 -0.0253153901966363 3.12225243371513 374.31471864232 -332786.597043397 100.294161303727 101.104059211635 96.8100111922725 981667.727429147
14100 0.0282 -3.13342190398907 -0.00181754218515495 0.0133173671922044 -0.0357191748851057 0.114348851892275 -0.0343320885157975 3.14661121329424 372.348929981878 -332770.577912813 100.303322366637 101.142598210784 96.7900914368831 981929.537942115
14200 0.0284 -3.10820058048788 -0.00639225831709901 -0.00855351289893678 -0.0129367853651076 0.131663502091503 -0.0194349720117825 3.10936598200792 373.609332729695 -332778.970079845 100.289623802425 101.172768223003 96.7701716814938 981886.178662154
14300 0.0285999999999999 -3.09154296307223 0.0334650393035748 -0.00364107748268592 -0.0295037721073841 0.114030343096487 -0.0110662745872503 3.11337156943516 372.135108098677 -332766.13284133 100.281905442824 101.224638801791 96.7502519261044 982111.774097709
14400 0.0287999999999999 -3.08318293385754 -0.0528758507081306 0.00251531133512128 -0.0253571074496418 0.105329585361499 -0.0443271524279808 3.06509184729929 371.576912549377 -332760.314368015 100.247854885725 101.264601048738 96.7303321707151 981963.677118743
14500 0.029 -3.08023372007079 0.00256213251560117 0.0196626400677126 -0.0304851377443206 0.124872315958944 -0.0384210584316712 3.10010256601018 372.414869674592 -332763.93397079 100.286743357483 101.271511895854 96.7104124153257 982209.335356411
14600 0.0291999999999999 -3.06546409519567 0.0179298255533211 0.00493902354727026 -0.0146825039048832 0.0960218130399755 -0.0192798079671224 3.0816965291872 374.569670476956 -332775.742089274 100.31006859038 101.27351278611 96.6904926599364 982254.833730732
14700 0.0293999999999999 -3.07933824201193 0.00325320869302945 -0.0198029410311936 -0.031820310838942 0.0869045440329879 -0.0552468445251617 3.07679709849865 371.847601404956 -332754.735351123 100.301868641905 101.286702377094 96.670572904547 982100.084406245
14800 0.0296 -3.06360271006298 0.00661205543125035 -0.0143842986078283 -0.0191922767044378 0.0822150391213174 -0.0326448046299222 3.06378462937359 372.987182862827 -332761.553093493 100.289715669408 101.328271320485 96.6506531491576 982181.674629993
14900 0.0298 -3.08034256661591 0.0337420015267457 -0.00855074020086099 -0.0152039462998792 0.0918339146192061 -0.0435758119927757 3.09827349292042 374.409889740803 -332767.481342781 100.310503738218 101.339223279169 96.6307333937683 982288.949425045
15000 0.0299999999999999 -3.14512889665256 -0.0237456563228228 0.0158324979908127 -0.00701658201313766 0.0781388106727716 -0.0637337360053898 3.14623410391743 374.073649181415 -332762.006993458 100.278971076777 101.375690292744 96.6108136383789 982131.031590064
15100 0.0302 -3.11031071900321 -0.00924087952244088 0.017888776114853 -0.0172006480793953 0.0615915518016319 -0.0648222286653172 3.11871368243945 373.632398574802 -332755.333722324 100.282786713969 101.408011940716 96.5908938829896 982278.973486317
15200 0.0304 -3.12150621124867 0.003315580240408 -0.0120863420432038 0.00315993367666957 0.0449635635942657 -0.0623015144009835 3.11999354857957 373.136909587096 -332749.375960787 100.298351228806 101.40736031352 96.5709741276002 982222.51276049
15300 0.0306 -3.08461675595148 -0.01194745275214 0.000872898935735575 -0.00822193658983819 0.065827477583994 -0.0312454049575161 3.08171788236049 373.403801748565 -332750.224921414 100.289895661178 101.443494097861 96.5510543722109 982287.007622001
15400 0.0307999999999999 -3.11235983172608 -0.0178242389753378 -0.0308592623632513 -0.00548273581588645 0.0852881189425545 -0.0342157129243818 3.09215258658379 372.810624150131 -332743.453736464 100.300806910342 101.461516495143 96.5311346168215 982365.692351595
15500 0.0309999999999999 -3.14445649928022 0.0198696173366292 0.00974132349547678 -0.0119222512159921 0.0529602756275682 -0.064781772571926 3.16266406004491 374.093687126681 -332749.352835467 100.309808188651 101.480556274013 96.5112148614322 982435.442128232
15600 0.0312 -3.12690362672153 -0.00306552703876156 0.0214983093622364 0.00990091553882264 0.0581973464320417 -0.0671222881250721 3.14001152634546 374.550102236676 -332748.865098396 100.317689434132 101.484989174071 96.4912951060428 982352.751668556
15700 0.0313999999999999 -3.13214029187318 0.00543393863983909 -0.00395590818347873 0.004816612276519 0.0564195450758468 -0.0661941863773116 3.13652084086381 373.746252442036 -332739.96968875 100.34648349184 101.471893550203 96.4713753506534 982305.08605137
15800 0.0315999999999999 -3.11368353304959 -0.00372767121772342 -0.00973254305874294 -0.0231025196851069 0.0472947515574309 -0.0584523720473516 3.1099434454444 372.847436262401 -332731.814866257 100.339514826606 101.489575206809 96.4514555952641 982205.17423767
15900 0.0318 -3.15380682536909 -0.0199190380006563 0.00816998165647495 0.000130016790522397 0.0512672451861613 -0.0652806704382892 3.15130754327527 372.359160738768 -332724.71014618 100.336059144497 101.514264941259 96.4315358398747 982207.390066666
16000 0.032 -3.15517014038126 0.00320937717721757 -0.0356752631147573 0.0188429721002446 0.0140613239019635 -0.064662917900878 3.14137914853882 371.916513500761 -332718.751761665 100.371760255568 101.495802991348 96.4116160844854 982175.252503707
16100 0.0321999999999999 -3.14410275467958 0.0238446124787852 0.00406345375269146 0.00645518871710225 0.0313869846857417 -0.0812072005968167 3.16172111526522 373.846373442779 -332729.681623072 100.391532530107 101.526765362553 96.391696329096 982465.382949639
16200 0.0324 -3.20737068284465 -0.0235671365944171 -0.0101838805105046 0.00346697390622728 0.0103466015060163 -0.0784969429514414 3.19346775734621 373.669856611477 -332726.691795716 100.354686043791 101.563286078996 96.3717765737066 982255.039639801
16300 0.0326 -3.1419696847626 0.0342958279287274 -0.00668510154433114 0.0050394533892946 0.0160675716197804 -0.0880355235848334 3.15979068607601 373.928309293157 -332726.573000325 100.381487630942 101.589206362157 96.3518568183173 982564.985253104
16400 0.0328 -3.12451248909506 0.0114700865901253 0.0250959736643613 0.00870139156189647 -0.0155312619113383 -0.0930060461728603 3.14709454911222 373.384467733389 -332718.620660497 100.389155007997 101.614723504385 96.3319370629279 982683.653347658
16500 0.0329999999999999 -3.19993708733656 -0.00228349272693328 -0.0576904666191306 0.0486345530592294 0.0174877049143522 -0.0872134968862768 3.17517214265363 373.740305367678 -332719.899807819 100.376923250749 101.604754566038 96.3120173075386 982264.368077451
16600 0.0331999999999999 -3.19805890824553 0.0148159162395714 -0.0123934099851722 0.030040055850018 -0.00460048978389877 -0.0957907154603295 3.20408850032509 374.713974479049 -332724.152828466 100.371805020253 101.64355573667 96.2920975521492 982386.149376265
16700 0.0334 -3.17268545823258 -0.0068598963071046 0.0350400779819452 0.0160473159825492 -0.0104688755516542 -0.0781565165936066 3.19002849053254 372.641797279968 -332706.007249823 100.361668621797 101.696137499131 96.2721777967599 982591.782819107
16800 0.0336 -3.2404675711139 -0.0232683523667905 -0.0200463096776514 0.0183733561266111 -0.0046174516902274 -0.0749066896273332 3.22159229071084 372.797481324234 -332705.921018703 100.363354212479 101.693983865928 96.2522580413705 982384.168795385
16900 0.0337999999999999 -3.19065028132127 0.0143503441276216 -0.0202345171508669 0.00293169145116253 -0.031634540616142 -0.0738396285590102 3.190887887233 371.069213213134 -332690.133579949 100.391775054716 101.705336735272 96.2323382859812 982568.67361244
17000 0.034 -3.18720518406828 -0.0175115118723888 0.011344023892244 0.0338018645341794 -0.0253082355127396 -0.0853746013945105 3.1884901619428 372.801865080557 -332701.303210956 100.372744313639 101.741758638291 96.2124185305918 982530.793654361
17100 0.0342 -3.21348178921163 -0.0184617506128472 -0.0383466405418739 0.0292420493552882 -0.0255580037450212 -0.085446238151111 3.18927012652848 372.088784595003 -332694.252226593 100.359805859807 101.752390328721 96.1924987752024 982303.382003867
17200 0.0343999999999999 -3.1833417322481 0.00708415671640906 0.0450743724885184 0.0208093469764328 -0.00911848569118147 -0.0595691902317608 3.21148868436109 374.466088039007 -332709.050101854 100.376602125519 101.780375319067 96.1725790198131 982534.481624941
17300 0.0346 -3.22861788499148 -0.0207208752135559 -0.0443969557594903 -0.0171264019617028 -0.0306739631469601 -0.0795189822116244 3.19966963555918 374.153269613121 -332703.527392635 100.395467367626 101.74645879346 96.1526592644237 982188.191790993
17400 0.0347999999999999 -3.15834564269732 0.00932172098699125 0.00642427190334213 -0.0189363526108142 -0.00558430702459573 -0.0720832085218749 3.16886478788849 371.492106834034 -332680.693882475 100.409873428271 101.807629049614 96.1327395090344 982716.078558746
17500 0.035 -3.22539582337695 0.00928158815558568 -0.00599780194856117 -0.0150082202894712 -0.0285832487001656 -0.0854365513733639 3.23093987528214 373.431496088774 -332694.181835342 100.403262483304 101.822377465327 96.112819753645 982590.083629592
17600 0.0351999999999999 -3.19145226481509 0.0287023740941241 -0.0227910467306764 0.00824434074689952 -0.0527937684198732 -0.0646552727636453 3.19802080344045 371.92157392544 -332681.095482625 100.415549572567 101.837476764648 96.0928999982557 982652.356386753
17700 0.0353999999999999 -3.22296067517637 -0.0458913191103293 0.0290444868673279 -0.00998656154508916 -0.0522009512862669 -0.0935052460758084 3.2205845783687 373.389112188513 -332687.344829804 100.407177197942 101.875113227142 96.0729802428663 982729.798762647
17800 0.0356 -3.24202915529294 0.020970271902147 -0.0330859703721612 -0.0164558268627137 -0.0621832458224024 -0.0843888674143237 3.24152417010171 372.787652899982 -332683.088832131 100.423403420483 101.878304497501 96.0530604874769 982715.602992509
17900 0.0358 -3.19473732678856 -0.0369881928826553 0.0274183091210693 -0.0221907176137688 -0.0584742687923949 -0.111306469417072 3.19809470789771 374.492763037531 -332690.663956443 100.409291057869 101.919900315859 96.0331407320876 982774.826272323
18000 0.0359999999999999 -3.19473947687793 0.0121098519649497 -0.0180458674332164 -0.0407690546463765 -0.0544077978298807 -0.0992264401971741 3.19867031263721 373.030225343034 -332677.73422482 100.443099145002 101.918863515304 96.0132209766982 982891.808983509
18100 0.0362 -3.23832085386218 0.0156263467526631 -0.0306868145225413 -0.0292650550395147 -0.0747364027250549 -0.078388280214814 3.23687763118329 372.883295349233 -332675.137610354 100.415420517647 101.952549894761 95.9933012213089 982741.804899307
18200 0.0364 -3.246038037331 -0.0418603960385984 0.0482449232606962 -0.0301224020999068 -0.0551971412750715 -0.0872371409957673 3.255499958813 374.563248036757 -332686.45955474 100.40093915834 101.99806580246 95.9733814659195 982834.761029986
18300 0.0365999999999999 -3.19571771711824 0.0173042510984457 -0.0196523973036551 -0.0380292246680496 -0.055978938486176 -0.0791512728807697 3.19979183719209 375.483818100909 -332690.983517422 100.442014219309 101.976686439784 95.9534617105302 982826.724009154
18400 0.0368 -3.19633267892739 -0.0167438389814489 0.0537863655330164 -0.0218189214764412 -0.0678162203729402 -0.0828563331611665 3.22099946958795 373.015086280574 -332671.27441677 100.439031801961 102.01163335402 95.9335419551408 982930.244131089
18500 0.0369999999999999 -3.27226525846129 0.000903062891518622 -0.0318610813512303 -0.0421440682547864 -0.0781970924129251 -0.114223665425025 3.26653878754348 375.597271780719 -332689.242670258 100.453922454806 101.981724100395 95.9136221997515 982583.669357774
18600 0.0372 -3.24890228868544 0.00655226960275713 0.0495818987338115 -0.0524100846375825 -0.0887121192514089 -0.0948116827169491 3.28614282542907 371.521566355113 -332657.398017193 100.478908030151 102.016940783373 95.8937024443621 982963.269311932
18700 0.0373999999999999 -3.27999668463531 -0.0401999982241234 -0.0319103850692642 -0.0429399422275547 -0.102646633264293 -0.107306087811866 3.25497960785 372.826587664941 -332666.091677615 100.485129475892 101.980207412877 95.8737826889727 982466.046021583
18800 0.0375999999999999 -3.22491474891632 0.0474368922782037 -0.0119412278499724 -0.0399842585798247 -0.0650399749365576 -0.102303144968362 3.25059833786935 374.770749741246 -332678.127175643 100.529404904469 101.998242006375 95.8538629335834 982868.503189509
18900 0.0378 -3.25640806481907 -0.0147161730488692 -0.0251161164283058 -0.0477651928416735 -0.0865670839640353 -0.0824593113438791 3.24417721509855 373.875837311866 -332670.090602376 100.504396521843 102.036988738178 95.833943178194 982792.993430444
19000 0.038 -3.23903722001602 -0.0199968652210316 -0.00212686147572637 -0.0263388548209039 -0.0594729786095352 -0.0822925434217789 3.23312123272718 373.403127809612 -332664.316628927 100.515042163846 102.063922059018 95.8140234228047 982952.179040066
19100 0.0381999999999999 -3.25321455489496 0.0188683785706064 0.00051922144197757 -0.0528522346555063 -0.06744741402329 -0.106225454096031 3.27149851437428 375.949697678223 -332681.188517847 100.562180252593 102.040184554418 95.7941036674153 982980.028272324
19200 0.0384 -3.25303590784033 -0.0242328545095522 -0.0193138072949345 -0.0361684130976969 -0.0972904727726672 -0.087787808458991 3.23983284405643 372.890809211243 -332657.005836843 100.57591192057 102.038650784263 95.7741839120259 982895.046923287
19300 0.0386 -3.21152906970522 0.0522050518912858 -0.00167890058528818 -0.0380695159604903 -0.0962666121324399 -0.0988124926420892 3.24660474566596 374.018897968606 -332661.484874771 100.601546584416 102.069799315574 95.7542641566366 983241.139449583
19400 0.0388 -3.24064572691554 -0.022230538188985 -0.000153822021070572 -0.0357545872520885 -0.102583354973622 -0.0976350725350307 3.23940407712637 373.444503577788 -332655.980650914 100.564894033362 102.099561398966 95.7343444012472 982964.977188935
19500 0.0390000000000001 -3.23024791220089 0.0293316160281371 0.0116084472491675 -0.0335250754899809 -0.086005036680776 -0.0901719350926826 3.25842877137622 373.673802131653 -332654.098161272 100.594890161987 102.114136175158 95.7144246458579 983193.914183463
19600 0.0391999999999999 -3.2841306153492 -0.0286274740870771 -0.0160512037924547 -0.0218897800965644 -0.093624374375552 -0.0864748156527897 3.26949058598856 374.647767276848 -332660.033025712 100.60215147964 102.097516132258 95.6945048904685 982900.248760933
19700 0.0394 -3.22706381329498 0.0261922052317238 0.00655215417695886 -0.0214199119939829 -0.104669647976276 -0.0866765350853019 3.25222207853379 372.170378522485 -332640.599787863 100.665185740454 102.10603394191 95.6745851350792 983393.41157844
19800 0.0395999999999999 -3.29446039353264 0.00722844675930415 -0.060016304521739 -0.055706651335877 -0.066545865728736 -0.098683349526549 3.27650114756239 374.296646602756 -332655.604276798 100.658863651276 102.08829721433 95.6546653796898 982956.140684536
19900 0.0397999999999999 -3.27779833753223 -0.0215119667435574 0.0270209504038217 -0.0229645885792116 -0.0787259922080863 -0.0809534468074964 3.28688747806429 372.501129462599 -332638.817427789 100.638983926815 102.164791422255 95.6347456243005 983293.578852981
20000 0.04 -3.31748996050783 -0.009063040893678 0.0132864157775544 -0.00630195046959847 -0.094208513246543 -0.0733462735030922 3.3261108862882 373.515868047761 -332642.861501399 100.632932818511 102.164884394024 95.6148258689111 983030.553204914
20100 0.0402 -3.32404095785674 -0.0204588614496968 0.0101239621644124 -0.0451462560562288 -0.0775723632126894 -0.0908033449424121 3.32633816014241 373.149366531272 -332638.759781383 100.639290609998 102.1777535357 95.5949061135217 983011.657088114
20200 0.0403999999999999 -3.30425299159617 -0.0128559500184699 -0.031858873851284 -0.033889382146419 -0.074407522240975 -0.0792040390052083 3.28785403831817 373.973261636257 -332642.595662113 100.661912318423 102.162724592655 95.5749863581324 982883.145852847
20300 0.0406 -3.29135900540405 0.00179429074255186 -0.0216491949142931 -0.00421331039154891 -0.0695298949710934 -0.120221922460525 3.29030722632929 373.112906235999 -332635.701757908 100.655557483223 102.198924654353 95.555066602743 982964.433788774
20400 0.0408 -3.3072771687851 -0.00985307574902323 0.0145775545688899 -0.0618726033266677 -0.0531095226283261 -0.0961538047253244 3.31690274772249 372.922636915714 -332632.679247669 100.626105410608 102.25863991459 95.5351468473537 983046.026009425
20500 0.041 -3.33195615991952 -0.0195228740940571 0.012397668522264 -0.0407414322600452 -0.0624709611246711 -0.126833124396935 3.33825032646467 374.903004906305 -332645.508466501 100.636184014103 102.261208245846 95.5152270919643 982964.181796275
20600 0.0411999999999999 -3.34599915045888 0.0107281599880604 0.00559189315610085 -0.0240375716224178 -0.0704397114859729 -0.118807706983972 3.36294038869503 372.873677692558 -332630.355458109 100.677353452629 102.259565638175 95.495307336575 983145.430401411
20700 0.0413999999999999 -3.31089464056021 -0.00560545332126797 0.0071669431811402 -0.0103952092008225 -0.0669789202459686 -0.11931246825669 3.3202116367914 373.585510252947 -332635.578368839 100.689019132572 102.278739806643 95.4753875811856 983238.574768454
20800 0.0416 -3.31053160247308 0.0195232771061414 -0.0365914863866727 -0.00722971165621718 -0.0403446578877267 -0.126093099507791 3.31033040879428 373.703591087415 -332633.810941071 100.708013014621 102.284717994002 95.4554678257962 983276.341834871
20900 0.0417999999999999 -3.31459387308145 -0.0216942565792307 0.0253690026153115 -0.0226387698796825 -0.0690292977351046 -0.133874402787667 3.32715752010439 373.074401103201 -332627.596020749 100.693820598776 102.32705358467 95.4355480704069 983339.445239053
21000 0.0419999999999999 -3.34807666947826 -0.0091586610375252 0.00275780752593339 -0.01223955886155 -0.0731933769157172 -0.141979787121216 3.35638191991402 372.240436052022 -332619.617880423 100.709373825099 102.323313921211 95.4156283150175 983250.118144052
21100 0.0422 -3.3423786259161 0.015546423005828 -0.0200437035725363 -0.0065983020063797 -0.0430457761758572 -0.149581257295571 3.35115374172323 374.013956040475 -332628.533205443 100.719183416146 102.328134314511 95.3957085596282 983186.915346358
21200 0.0424 -3.31016934165572 0.00903503844316545 0.0132804173315724 -0.0100453226831196 -0.0542722973316051 -0.142107309004994 3.33180876618473 372.842850117516 -332617.516404755 100.705000015882 102.365257159582 95.3757888042388 983199.747768606
21300 0.0425999999999999 -3.35205802818205 -0.0346416117495519 -0.0191686158674951 0.0101874490175088 -0.0517112501203661 -0.15221062814432 3.33686367756426 373.758920625921 -332622.802344712 100.689001100888 102.385110695162 95.3558690488495 983028.853160289
21400 0.0428 -3.3695867594898 0.0244773238141997 0.0125937350079484 0.036930757732042 -0.0534110795907822 -0.142326681059313 3.39895558732419 373.641518612741 -332619.383199804 100.727506051741 102.385761740318 95.3359492934601 983205.597393003
21500 0.043 -3.41531287579253 -0.0252189852452562 -0.0619530073011355 0.0104395886412424 -0.0617818977999021 -0.149494465158333 3.38354517339649 373.043368639986 -332612.502454098 100.733632602827 102.367450013647 95.3160295380708 982884.132159144
21600 0.0432 -3.38345838581418 0.00582817057606353 0.0386600501194241 0.0290749250650925 -0.06206724355924 -0.147149481808087 3.41740690195947 373.774817850604 -332615.259716854 100.726318720162 102.433168701074 95.2961097826814 983238.196461514
21700 0.0433999999999999 -3.4147087424769 0.010267142512357 -0.0108786639554256 0.0248284403820948 -0.0504348492294986 -0.16077203223199 3.42717177802896 374.936300824126 -332621.972602027 100.730077510008 102.428740019316 95.276190027292 983026.850927151
21800 0.0435999999999999 -3.3945136241529 0.0177407721764608 0.0362929167400214 0.0153021521124909 -0.058313626770317 -0.148056915237245 3.43275331758825 374.603629047768 -332615.28208971 100.759082120311 102.456187632507 95.2562702719027 983367.76354982
21900 0.0438 -3.43191660542001 -0.0100237666984728 -0.0152085716708223 0.0113286094913557 -0.0687772700256905 -0.121689498452129 3.42792015481508 372.014759584943 -332592.853081818 100.765478018287 102.445860266045 95.2363505165133 983125.425485894
22000 0.0439999999999999 -3.42962679380682 0.0266214049985869 0.000148345798829356 0.0211168965031582 -0.0595645519545328 -0.142881228803635 3.45370550070047 374.529992951376 -332609.171735808 100.793435023862 102.44739701108 95.216430761124 983207.249591834
22100 0.0441999999999999 -3.42861342599977 -0.00928391722034494 -0.0198468308436095 0.0233917439567994 -0.0493441672302182 -0.142886908426918 3.42432531309127 373.627175268411 -332597.910012222 100.786569076424 102.465790330616 95.1965110057346 983111.071872154
22200 0.0444 -3.43506837478401 0.0205017033400185 0.00774155512382745 0.0015112954013018 -0.0692758335041142 -0.150983707868795 3.46118856974453 371.655052561178 -332580.215137411 100.770148867544 102.516264102651 95.1765912503453 983229.313418844
22300 0.0446 -3.46787071114943 -0.00504271431757981 0.0224996359525184 0.0233238472686762 -0.0625270005235929 -0.144000624469867 3.48753210175842 374.190252339053 -332595.587533717 100.749367647707 102.540135767293 95.1566714949559 983049.664835982
22400 0.0447999999999999 -3.46019575966676 0.02075780170031 -0.025928536691735 0.00661660048246468 -0.0600145681047675 -0.139922912377715 3.4679065994168 373.331070573886 -332587.031788576 100.763975778735 102.539773922481 95.1367517395665 982982.915199241
22500 0.045 -3.51312209964081 -0.00549917198221066 -0.0142050972457238 0.00281164205268951 -0.0574216448857741 -0.142397096251307 3.51336071926437 373.170656457898 -332582.186844296 100.77026028764 102.557051591894 95.1168319841772 983003.998006952
22600 0.0452 -3.49208544797909 -0.0020285249677159 -0.0100625875591297 0.0232321630314045 -0.0573675742108295 -0.12616770703524 3.49453426411299 372.171226869337 -332572.054181872 100.770513283967 102.579413829357 95.0969122287878 983014.89726407
22700 0.0454 -3.50282604214879 -0.0187164237532256 0.0332601455764509 0.0102761681564244 -0.0570947147016308 -0.101503499345852 3.51622220021195 372.775549505918 -332575.089702723 100.778094422729 102.59983098143 95.0769924733985 983078.556134561
22800 0.0455999999999999 -3.5156028903814 0.0177728760205098 -0.0354932028958604 -0.00911615121590486 -0.0717364271016088 -0.115948698622994 3.51502382197348 373.946451690656 -332580.21224343 100.820424513748 102.579214619674 95.0570727180091 983087.847216453
22900 0.0457999999999999 -3.51254525371307 -0.0178867368103004 0.0208107614645022 -0.0129785482234241 -0.0693519107241297 -0.116204210362273 3.52204696650764 375.266647397744 -332587.494450481 100.814264354332 102.616316302002 95.0371529626198 983177.256079453
23000 0.046 -3.50761003988053 -0.0260059534479224 0.0253673758605119 0.0178296686456947 -0.0425469256359646 -0.122324904419248 3.51487444832688 372.707459607833 -332564.874699857 100.819919308001 102.638139482104 95.0172332072304 983235.378041524
23100 0.0462 -3.50032518953948 0.0232628174757364 -0.0323355280088992 0.00916169264805036 -0.0715311676799887 -0.112872351061254 3.50380941154486 372.934387302169 -332563.264924531 100.872407893669 102.608089221993 94.9973134518411 983253.071126482
23200 0.0463999999999999 -3.48816462588511 -0.00947271873633792 -0.027341686946225 0.0146996209834742 -0.0366290935065887 -0.108696606936379 3.47556818590995 372.87270740245 -332560.639476808 100.846093121955 102.63572830714 94.9773936964517 983055.175817274
23300 0.0466 -3.51761280412455 -0.00704320842348565 -0.0066809727952049 0.0159627863452858 -0.0298009838263177 -0.125245836042175 3.51793390454553 371.789300608044 -332550.362353044 100.836519372473 102.686462893816 94.9574739410623 983241.484951472
23400 0.0468 -3.50035517318898 -0.0200935070021213 0.00978309682332373 -0.00210877994470732 -0.0544891412851044 -0.0970405905307129 3.50060901053511 373.567317980429 -332558.95613685 100.832441077605 102.708881773762 94.937554185673 983210.077575419
23500 0.0469999999999999 -3.51736552593338 0.0298914674466129 0.0055735361327182 -0.0387689010898613 -0.0572809823295124 -0.102127020572404 3.54161033822567 375.464590811193 -332570.699421256 100.844557088645 102.724717867766 94.9176344302836 983273.480394258
23600 0.0472 -3.48947900938235 -0.024578833690367 2.76736679175766e-05 0.0295552565235928 -0.0424593052651523 -0.109131071363404 3.48355500731217 374.638846291665 -332561.319629815 100.839886599133 102.761919308512 94.8977146748943 983377.595818009
23700 0.0473999999999999 -3.48222226957525 0.00275190559247897 0.0221063487445511 -0.0207427603630728 -0.0733735355339835 -0.123149664777567 3.50368501208265 373.1860670222 -332545.973971042 100.852108816916 102.769242134643 94.8777949195049 983360.411205326
23800 0.0476 -3.51770573834327 0.0358285750509573 -0.0024891487805811 -0.0150881032650397 -0.0813256172488249 -0.139238781505029 3.54564491361606 373.469989322204 -332548.089752506 100.876092338738 102.769961083989 94.8578751641156 983394.635242368
23900 0.0477999999999999 -3.51563644119451 -0.0172712962251657 0.0152098670287448 -0.00413389670022316 -0.0814668504369107 -0.13372000555612 3.52517369969512 373.073137527224 -332541.450163494 100.871579555971 102.793413087771 94.8379554087262 983368.495217476
24000 0.0479999999999999 -3.52248825244736 -0.0103782673649927 -0.00734448523999906 -0.0280125956456843 -0.0732515418697822 -0.126983214990063 3.52312452519265 374.465814277614 -332550.682701716 100.871866524561 102.800186880379 94.8180356533368 983229.533328969
24100 0.0482 -3.52131512742875 -0.0142124835821971 0.00111116524857053 -0.00747563932912607 -0.0639594090063856 -0.13394944441595 3.52420385513469 373.447954998312 -332540.578669268 100.8923659687 102.81858682004 94.7981158979475 983398.729495258
24200 0.0484 -3.54013017011731 0.00297603532399731 0.00941947188265337 -0.0234175542690972 -0.0466749113995141 -0.141683910210414 3.55596353465704 371.883128229885 -332526.242739755 100.893870587932 102.829569566729 94.7781961425581 983311.775110465
24300 0.0485999999999999 -3.57418548759025 -0.00853182017073191 0.0118792748479157 -0.00946374073547772 -0.0668460039782053 -0.130137852664162 3.58490767225451 373.584895382138 -332535.624388066 100.89689054986 102.845679585372 94.7582763871688 983288.561453857
24400 0.0488 -3.54814753251754 0.00746914318676737 -0.00583917740825427 0.0055551165782828 -0.065414421838863 -0.13698095706294 3.55872011189671 373.230743582932 -332527.214714139 100.912060662718 102.862345632521 94.7383566317794 983388.998351358
24500 0.049 -3.53277237180177 -0.00268271681484447 -0.00458102238000256 -0.0226751561072576 -0.0609567404851678 -0.122351106634687 3.53729196244833 374.73786712334 -332536.804557504 100.915434647177 102.870635032183 94.7184368763901 983294.337526495
24600 0.0491999999999999 -3.57204950501551 0.030342146335855 0.021187288511727 -0.00737100992888318 -0.097860303777973 -0.121166649920549 3.6079449859221 373.82275158727 -332525.132953544 100.930811601778 102.892988215482 94.6985171210007 983450.995179476
24700 0.0494 -3.60955533494973 -0.00260445201329373 -0.023120995175407 0.0123185964147065 -0.107424952678308 -0.108002535422781 3.60646401407054 373.500009614289 -332520.110737037 100.914825321357 102.89893675188 94.6785973656113 983145.227638522
24800 0.0495999999999999 -3.59885134912678 -0.0188664395710242 0.0188056109439775 -0.0151219246620146 -0.0953466348516191 -0.143699544431615 3.61143796094454 372.857041941291 -332512.879822821 100.914721998204 102.935105781133 94.658677610222 983282.876933175
24900 0.0498 -3.61263475999698 0.00759680467825953 -0.0106058733388343 0.0205270663075685 -0.0838624567001062 -0.105786018931826 3.61890105854361 373.235065902557 -332512.570646896 100.955934576783 102.924661331175 94.6387578548326 983377.645804286
25000 0.0499999999999999 -3.64004223719166 -0.00955779303452105 -0.0412833240484764 0.00552834420482466 -0.0888953040960463 -0.126735958409289 3.62466958276999 372.519824322299 -332506.265994702 100.949210381655 102.932220341206 94.6188380994433 983177.379553837
25100 0.0501999999999999 -3.59386450062982 -0.00260792535246224 0.02338914536391 0.0188778995974435 -0.0744219585480735 -0.109793551115956 3.61178773863149 374.295295307982 -332515.819989985 100.950376984915 102.987374214477 94.5989183440539 983508.462645328
25200 0.0504 -3.5822492008856 0.0051274946675347 0.000610447483405996 0.0033882279818507 -0.0638136219482251 -0.103652779770069 3.59131873846908 373.661103244452 -332508.345781412 100.967769871144 102.98512739816 94.5789985886646 983449.32322821
25300 0.0506 -3.58761920876169 0.00321408593824961 -0.0221570918255552 0.0142908950379822 -0.0896417392101052 -0.104555621910967 3.58624302364398 372.289046888606 -332497.949688733 100.983258888188 102.991308440564 94.5590788332752 983452.05092678
25400 0.0507999999999999 -3.57619762203804 0.0525855181882948 -0.00694727998652496 0.0280618927906463 -0.082512364422386 -0.117600954819025 3.60830387475804 375.129888614844 -332515.101316393 100.981557383304 103.026921236763 94.5391590778859 983568.295572534
25500 0.051 -3.5760822201795 -0.029745677563714 -0.0190872309701278 0.0295421312092809 -0.0767057158877597 -0.135617646936974 3.5622830974249 373.649998447205 -332501.567871366 100.949603422288 103.068497506511 94.5192393224965 983446.592983498
25600 0.0512 -3.57355881261069 0.00632529730642622 0.021796868433299 0.00836222593842355 -0.0760127350729071 -0.131798163831816 3.59733955829844 373.836604261835 -332499.667966619 100.976396029972 103.074491538209 94.4993195671071 983557.487077941
25700 0.0514 -3.57500285265355 -0.0104672487780834 -0.0167217025087021 0.00612094773435009 -0.0776373306226934 -0.114422945871701 3.56947221048571 373.36486329843 -332493.608137241 101.030212013464 103.032215989189 94.4793998117178 983470.711207271
25800 0.0516000000000001 -3.56325829259529 0.0158813272781801 -0.0478630238284726 -0.0204474119577416 -0.0847347700902403 -0.113105029521316 3.55630795982578 370.939710535817 -332473.871378526 101.049456079796 103.045455520845 94.4594800563284 983577.021912193
25900 0.0517999999999999 -3.57118616132475 -0.0173053200568188 0.000407364512601421 -0.0109719947484194 -0.0912208372221329 -0.100514708022987 3.57056942804481 373.218770868445 -332488.865600181 101.004152266488 103.118166824045 94.4395603009391 983622.304298599
26000 0.052 -3.55792434355461 -0.00636166739805147 0.0422152603107343 -0.0159403077904984 -0.0842268818693614 -0.109296394801427 3.5841823409004 373.39856705338 -332486.371631676 100.998270599619 103.170333392964 94.4196405455497 983855.038568799
26100 0.0521999999999999 -3.56159393661986 -0.00474344768755274 -0.01399877131561 -0.0225704315309612 -0.12916338898872 -0.0826685899323492 3.56236317110561 372.773258799215 -332478.695703833 101.031361729796 103.157935501663 94.3997207901604 983851.51421666
26200 0.0523999999999999 -3.50431764247349 0.0213025591938506 0.0293333150278418 -0.00373784153649949 -0.106302422597942 -0.11570967247117 3.54012491430541 373.698784908628 -332482.917013662 101.048379895718 103.19640525389 94.379801034771 984176.479282996
26300 0.0526 -3.53496230065578 -0.0504858326284333 -0.0211689197341525 -0.0252654130303564 -0.112900163234654 -0.0713368753007421 3.5071371578409 372.723485151011 -332473.882249275 101.005049541163 103.219875470987 94.3598812793816 983770.516304359
26400 0.0528 -3.54886405941136 -0.00964008431026756 0.0234271791102391 -0.0144772823685898 -0.0884169224798143 -0.0897175853248242 3.56264808932003 374.248571272074 -332481.447950025 101.010865653538 103.249132915139 94.3399615239923 983898.278993775
26500 0.0529999999999999 -3.58271454390452 0.0142730270992123 -0.0212121835345375 -0.0205063926605409 -0.093576114153995 -0.0999318676653604 3.58739864844857 372.703010361644 -332468.094698913 101.033546796266 103.215745512413 94.3200417686029 983593.244794885
26600 0.0532 -3.54951435236479 -0.0171076219894376 0.00530495725457504 -0.0237698975511958 -0.119798969766973 -0.0913569821202443 3.55349949716936 372.909459076863 -332466.548150863 101.055432066242 103.230993819697 94.3001220132136 983743.840862435
26700 0.0534 -3.50617465914273 -0.012032851612718 0.0224456915983486 -0.000403978937968177 -0.0996832946559033 -0.0967292465739875 3.51973991497855 374.339441836612 -332474.037140604 101.062267415372 103.240104614138 94.2802022578242 983689.372117634
26800 0.0536 -3.56337453685094 0.00193169478763111 -0.0438539590513533 0.00368135453157266 -0.0891872629167321 -0.109142194393906 3.55104277515931 373.246823915006 -332465.772329917 101.07274965342 103.236420780526 94.2602825024349 983548.446648096
26900 0.0538000000000001 -3.51185146854419 0.0336657099310977 0.0412513754515343 -0.000843883652231407 -0.0907444028870373 -0.0937605294048015 3.5565044073648 374.428625815166 -332472.313070841 101.070621982406 103.309849565759 94.2403627470455 984019.300173679
27000 0.0539999999999999 -3.55376218796526 -0.0551822666366432 -0.00483281929144681 0.0148775395846368 -0.0797110774304614 -0.0869652003967406 3.53003718502956 372.258600262509 -332455.407333975 101.050639281543 103.321125523475 94.2204429916562 983724.155431581
27100 0.0542 -3.52621929174294 0.0360250721994003 0.0271953675023183 -0.00359495145762136 -0.0760410500338036 -0.0735243344868542 3.56255698684462 372.881077399101 -332458.068939175 101.113330098662 103.339434591903 94.2005232362668 984300.736202638
27200 0.0543999999999999 -3.5537585745037 -0.0266077501312366 -0.0438768527501125 -0.00950019889444451 -0.0733338032511299 -0.0923841789799874 3.52451262464055 372.83430324252 -332456.314146607 101.106874857983 103.318919298683 94.1806034808774 983834.415797308
27300 0.0545999999999999 -3.49785707455295 -0.00429043886771327 0.00545223047927834 -0.00547249349359019 -0.0684449495085205 -0.0732419388282214 3.50276698409371 370.094771830614 -332434.282019562 101.116442741604 103.374210257849 94.1606837254881 984245.846828599
27400 0.0548 -3.55573150282999 -0.0558311067324847 0.00839666344291702 -0.0216704437202392 -0.0669927765683891 -0.0757767561049234 3.53699279874444 373.685309170639 -332458.3018805 101.076219246903 103.395504327381 94.1407639700987 983848.806318726
27500 0.055 -3.48391790430443 0.0480644714311322 -0.0198710575295938 -0.0182253923481451 -0.0760303761686392 -0.0542610025548582 3.50239043595953 374.008490924767 -332460.393134228 101.121696735952 103.404148381066 94.1208442147094 984165.471581204
27600 0.0551999999999999 -3.5178379545377 -0.0232227333754605 -0.0110991734055964 -0.0278737997912721 -0.081170500906345 -0.0642509023452395 3.50561421637402 374.401258513075 -332463.265599322 101.09112884994 103.431918568186 94.10092445932 983923.915407303
27700 0.0554 -3.41463370754294 0.0189385945847345 0.0118139197588778 -0.0300970348247843 -0.0955422691545397 -0.0898224611681456 3.43792279181459 373.109545270975 -332452.781689868 101.111266697321 103.457990790171 94.0810047039306 984159.610338
27800 0.0556 -3.48133322722112 0.00811033947583321 -0.00763110067441474 0.00143498577660846 -0.0897757847734074 -0.064161049690553 3.48684248340496 373.826098928242 -332456.924419686 101.094969041805 103.478506139886 94.0610849485413 983987.718421002
27900 0.0558 -3.50553329988663 -0.021635755012467 0.00690399514191001 -0.0495152292403632 -0.0745567143461263 -0.0687348980659247 3.50371103679971 373.469157757915 -332453.168265506 101.06297070525 103.525612865978 94.0411651931519 983915.657345888
28000 0.0560000000000001 -3.46160363530718 0.00671518386942054 0.0575333687511682 -0.0351263746805478 -0.108964605636141 -0.0586018872548329 3.50109919487572 373.428133826722 -332452.803310371 101.099864513288 103.542335928731 94.0212454377626 984225.31628551
28100 0.0561999999999999 -3.48021323733115 -0.0149169148834542 -0.0465588111081328 -0.0197534116866051 -0.106263595926027 -0.0592658279183412 3.45618503956274 373.694306834108 -332453.569283409 101.141130441277 103.501694500314 94.0013256823732 984032.045740981
28200 0.0564 -3.47258596781135 0.0197255910457449 0.0150907307613775 -0.0298472507375679 -0.0978120807286877 -0.0454229722255026 3.49537395047633 372.342692641195 -332442.282274042 101.135201886519 103.567085462641 93.9814059269839 984387.381632147
28300 0.0565999999999999 -3.4822483334841 -0.0487378943983444 0.00561275921009696 -0.0129352846792404 -0.0985672604454725 -0.0173293582011204 3.46541640566117 372.997642105109 -332445.686049086 101.095570036744 103.603853315927 93.9614861715945 984142.327618168
28400 0.0567999999999999 -3.43503975200787 0.0262739984904759 0.00428917837874784 -0.0106230613045631 -0.118270542160999 -0.0324431533907001 3.45695528433313 374.687823362428 -332456.854312527 101.137003192429 103.620917352398 93.9415664162052 984499.071969179
28500 0.057 -3.4254550954108 -0.0221317878862963 -0.00807941043090257 -0.0133056703184636 -0.101401237118047 -0.0366153966639111 3.4155572906402 373.354797753378 -332444.270078798 101.130812345067 103.644682469907 93.9216466608158 984455.793824391
28600 0.0572 -3.43571418444843 0.0250628678549428 0.0196593275927855 -0.00735951772177401 -0.11731974085884 -0.0439288518820045 3.46490260183867 374.262293266819 -332447.114712711 101.162603449094 103.645426798317 93.9017269054264 984563.47634147
28700 0.0573999999999999 -3.45111676736795 -0.00419919989946185 -0.0219275295897075 -0.0283877353976816 -0.11361279988436 -0.0264064125771132 3.44436931975603 373.192917345362 -332437.988569564 101.17002128981 103.631219749412 93.8818071500371 984291.856693204
28800 0.0576 -3.42284313060586 0.00396424727997529 -0.0313443746163833 -0.0305709411910419 -0.129236541693123 -0.0244706426881325 3.4173039217223 373.387827935991 -332436.329982942 101.176339278686 103.659945681389 93.8618873946477 984417.264517256
28900 0.0578 -3.42428874610206 0.0195036328624747 -0.00317318651203509 0.00721871381850722 -0.113787241784227 -0.035086867693485 3.43872332898851 372.835118685967 -332429.03131745 101.156354638623 103.699018232368 93.8419676392584 984384.848240009
29000 0.058 -3.44339914687769 -0.0545240856022444 0.0060901528512038 0.00808791624064275 -0.13118431794424 -0.0185759261879957 3.42730532079987 372.457260301113 -332426.080911101 101.121851593668 103.732958093322 93.822047883869 984162.207847051
29100 0.0581999999999999 -3.4432957432724 0.0344644251335898 -0.0129407846568488 -0.00660069847892082 -0.120112644651806 -0.0131471132916054 3.4606544875389 373.651518795607 -332433.618769704 101.157228687775 103.740894811201 93.8021281284797 984372.798142049
29200 0.0583999999999999 -3.47644701254218 -0.0341539131446307 -0.0196067012780862 0.0182019312251992 -0.0892791925426528 -0.00176823567630383 3.45319921291737 373.198550259212 -332427.688199483 101.15495829421 103.749312588279 93.7822083730903 984221.524178969
29300 0.0586 -3.47297081368256 0.0243107083430595 -3.88497026823486e-05 -0.0042486977436298 -0.117541190518623 -0.0181415583183976 3.49126094455482 373.389238152475 -332427.093474527 101.178147066265 103.768272548893 93.7622886177009 984417.91364591
29400 0.0588 -3.51085034592418 -0.0103908279244803 -0.0145084418456521 0.00507398424386779 -0.109399223558253 -0.0310887992775663 3.50395513636699 373.429850563558 -332427.183345014 101.149535523248 103.79722296981 93.7423688623116 984204.963998288
29500 0.0589999999999999 -3.48442538484767 0.0377010863312994 0.0183171957876387 0.0253156950057781 -0.103558283060521 -0.0435906219755551 3.51813503640477 372.047452593299 -332411.256385103 101.156501577257 103.843842189879 93.7224491069222 984505.57216328
29600 0.0592 -3.49774647948436 -0.0474822165305268 0.00164419205613903 0.00115069660063472 -0.104864490583731 -0.0141601872771307 3.47991827049518 374.964288389673 -332430.66774092 101.117355129464 103.859366731138 93.7025293515329 984062.507981464
29700 0.0594 -3.47622645839997 0.00146739487265127 -0.0179765611185496 -0.00330002344218899 -0.0951579486921944 -0.0203350983460971 3.47211042494578 371.495721589429 -332403.869693615 101.148253113687 103.862018786633 93.6826095961435 984179.073169784
29800 0.0595999999999999 -3.47902732363135 0.011269690687957 0.0305846009725333 0.0194215731159177 -0.113151806942307 -0.0217727478687337 3.5058415297932 374.264089130517 -332421.079728391 101.187520810493 103.866126334862 93.6626898407542 984390.732210006
29900 0.0598 -3.53881767189955 -0.0407832299327673 -0.0390080476368044 -0.0051695294436949 -0.10878582605335 -0.0490306620373347 3.50503252690812 373.784231381181 -332416.430495694 101.188413269929 103.843690606332 93.6427700853648 983977.465633362
30000 0.0599999999999999 -3.48889414963483 0.0589201171092212 0.000691824970982564 -0.000493433489136981 -0.0977853256422326 -0.0448021430830393 3.52398946876675 373.501614466967 -332413.521959209 101.211976734366 103.88263630398 93.6228503299755 984366.280455263
30100 0.0602 -3.52295008185466 -0.0313296203245363 0.0195206920426703 0.00479001860033669 -0.0967682141022955 -0.0482144067053151 3.52231233345913 373.567258134441 -332412.159450589 101.16291609794 103.936981330146 93.6029305745861 984194.389924234
30200 0.0603999999999999 -3.54329690082107 -0.0301358632927153 -0.0204492797631111 -0.0174794306446674 -0.0991766306989193 -0.0346740782681441 3.52284775603195 372.31222313374 -332401.754463179 101.19895987742 103.925770891198 93.5830108191967 984229.362114304
30300 0.0605999999999999 -3.50172001439772 0.0155439217682222 -0.0189795957812953 -0.0221908370733717 -0.101802111959838 -0.0308830073463479 3.50518740395828 373.62409607121 -332407.617729495 101.22090908851 103.934879145824 93.5630910638074 984319.548271212
30400 0.0608 -3.51241949860642 -0.011008010217019 -0.0130171924508128 0.00751274206963036 -0.0904502990542151 -0.0351936296747257 3.5044657713365 372.339343089021 -332393.826929863 101.205006960027 103.96402679708 93.543171308418 984231.319892508
30500 0.061 -3.53154207703395 -0.00545672527990434 -0.0359581887868712 0.0047661661627083 -0.0791394318323345 -0.0124566747936493 3.51368471660794 372.448195638373 -332392.624306438 101.221533222716 103.955513813868 93.5232515530287 984101.827616034
30600 0.0611999999999999 -3.52819746977838 0.019700820662967 -0.0126370328332039 -0.00357549012048731 -0.101157528242843 -0.0167343359972651 3.53630790569811 373.859819799415 -332400.315523602 101.220356580727 103.988133087196 93.5033317976393 984189.507257302
30700 0.0614 -3.50612151810264 0.0239859068806966 0.0266164938095797 -0.00720599296521371 -0.0910507262305579 -0.028415686083296 3.53530768721079 372.693597231722 -332388.913591428 101.187944123615 104.052280268644 93.48341204225 984271.544192337
30800 0.0616 -3.51214608056317 -0.0183340328751897 0.00183598081831906 0.0015236838178166 -0.0672628365225562 -0.0140808898034373 3.50596268343058 374.524236993126 -332400.429669031 101.163179009607 104.088810274241 93.4634922868606 984166.362939082
30900 0.0617999999999999 -3.49784104189365 0.00627250151078897 0.0182068457795811 -0.0152917070199641 -0.072748141074003 -0.0176913440860054 3.51259032438941 373.503150774023 -332391.579468177 101.195109367433 104.114385018438 93.4435725314712 984509.012825286
31000 0.0620000000000001 -3.51551680331829 -0.0163747947135351 -0.0103603418737517 0.00639353322244584 -0.0682551931370183 -0.00922495740282371 3.50420185493143 372.277376287174 -332381.069431311 101.214945279751 104.097215918089 93.4236527760819 984329.731044828
31100 0.0621999999999999 -3.49944910692683 0.0260879652406813 -0.024069299334575 -0.0041252080363535 -0.0887219790928715 0.0014202482026276 3.50410730069442 372.798814317769 -332382.673517596 101.24474344899 104.10165413815 93.4037330206925 984451.552915926
31200 0.0624 -3.48708766473409 -0.0196103015644266 -0.0217714796595113 -0.015182371765759 -0.101547843103722 0.00248272133920115 3.47095894486414 374.554206975344 -332394.225921019 101.215450402227 104.148705004565 93.3838132653032 984401.553432635
31300 0.0625999999999999 -3.41363536329426 6.86302888349896e-05 0.0297317285513261 4.59340778463361e-05 -0.108724116937109 0.0063992143180816 3.43381734359549 374.146342493647 -332390.038376392 101.212578456576 104.209111955896 93.3638935099138 984734.465697313
31400 0.0627999999999999 -3.42513270920603 -0.00292530564458159 -0.0204451523767166 0.0192656063583502 -0.0865829796377202 -0.000810896621689201 3.41693710936245 371.932966655839 -332371.205667976 101.208980816054 104.231402065394 93.3439737545245 984699.951501049
31500 0.063 -3.40150287195626 -0.00927848690118875 0.0209490201581745 -0.0313491497759923 -0.0833099969616486 0.0276783067329656 3.41126174716022 373.154316119844 -332377.778571502 101.203183316751 104.265976549074 93.3240539991351 984759.966263566
31600 0.0632 -3.38799639531513 -0.00282366517636141 -0.00131984102801764 -0.0193597073311127 -0.0815680890306404 0.00305762775617289 3.38904114468544 371.607824666942 -332364.118281757 101.241630732414 104.248950971357 93.3041342437458 984762.977587022
31700 0.0633999999999999 -3.35286081022734 0.0318981909096007 -0.0184310347379769 -0.0104121893822792 -0.0833753248691305 0.0244398852281773 3.36329388050244 373.114732448196 -332373.373029675 101.259105650243 104.244798779107 93.2842144883564 984683.456503458
31800 0.0636 -3.36817673876264 0.00141294068007138 0.0140004186407247 -0.0148045497875009 -0.093950479267965 0.0255078296762788 3.38020668570819 372.997913266737 -332369.304275477 101.229059518802 104.29926306136 93.264294732967 984695.271193434
31900 0.0638 -3.37106357453127 0.024896275705995 0.00666020604557688 -0.0267362622342612 -0.0917858570115375 0.0369453489588769 3.39152770716872 373.042945390609 -332366.78605272 101.224269425638 104.326990328317 93.2443749775777 984700.077320489
32000 0.0639999999999999 -3.39662937157764 -0.0098747888461456 -0.00103685701881429 -0.0138060431085195 -0.0964516826352943 0.0339954725905098 3.3958893234333 373.965216082925 -332372.443731223 101.217901854904 104.334147484867 93.2244552221883 984495.321192628
32100 0.0642000000000001 -3.3192231348947 0.0181337827849191 0.00914135295173817 4.63789455049217e-05 -0.0570758487953748 0.020970882252147 3.33453346205661 372.896066633532 -332362.967268624 101.2336282236 104.38518397012 93.204535466799 984919.440044011
32200 0.0643999999999999 -3.36977668860465 -0.00940783903004308 0.00628924133056917 -0.0215077441727775 -0.0782194174541087 0.0118646332948013 3.37123687582833 373.668239638425 -332367.447486785 101.209842100962 104.417020927025 93.1846157114096 984777.833076665
32300 0.0646 -3.3290500969987 -0.0153222636531812 0.0112570115805401 0.00119610568594263 -0.0914721053977846 0.0125624574866443 3.33093894746081 373.083580099082 -332363.41042623 101.211415089919 104.450432526333 93.1646959560203 984897.67152481
32400 0.0647999999999999 -3.28216672680987 0.0109622146892991 0.0347755836670936 0.0145964634685838 -0.0810194140739015 0.0388420438902785 3.30885834030193 372.873156418637 -332360.429889489 101.243685696817 104.462900320265 93.1447762006309 985118.624734169
32500 0.0649999999999999 -3.29202544638763 0.0187935932960277 -0.0292743739212114 0.0195827259784232 -0.0985999768720707 0.019458944943691 3.29182945629709 374.474617124866 -332371.819418938 101.256223118368 104.455563124806 93.1248564452415 984960.728561194
32600 0.0652 -3.25937239496353 0.0133267039036306 -0.00514174931171511 0.0391239973165456 -0.0903398803714774 0.0421551731085825 3.26877131421103 374.65788645913 -332372.804190728 101.234851515709 104.51882394594 93.1049366898522 985138.458536061
32700 0.0654 -3.23821297545483 -0.00706067080368175 -0.00588380019135877 0.00302433115755402 -0.0899533981852833 0.0355237371498842 3.23608364200364 374.176976181592 -332370.851008254 101.223878977895 104.557219588221 93.0850169344628 985182.715446404
32800 0.0655999999999999 -3.19168133647473 -0.0144776984978859 0.0214504793348197 0.0134755465987051 -0.100460710049515 0.0227487809709064 3.20038111533892 374.900264418085 -332377.068067527 101.245346236281 104.578378447032 93.0650971790735 985380.148284956
32900 0.0658 -3.15667040781931 0.0044702991232383 -0.0254859523811868 0.0443525771822228 -0.0908597551510732 0.050042681266423 3.15233132276841 375.258568263345 -332380.434624785 101.241201902176 104.601849815995 93.0451774236841 985350.010364971
33000 0.066 -3.14795354336436 -0.0163035874902094 -0.0222246855319234 0.00390341206526022 -0.119478914064347 0.053253587896505 3.1368938259964 373.454006165918 -332369.108226686 101.221183171918 104.642796297533 93.0252576682948 985329.822535146
33100 0.0662 -3.15073870098832 -0.0125401304041638 0.0100940713423439 0.032729496072766 -0.129924386042518 0.0488009140988203 3.1592455556237 372.84414548149 -332364.586759064 101.213167982069 104.67685112561 93.0053379129054 985361.3951196
33200 0.0664000000000001 -3.08087847412668 0.00417430982828377 -0.0288721819522374 0.00909460688974748 -0.105413264043845 0.043887422859207 3.07506990179542 373.669001524099 -332369.911638759 101.240606838373 104.674255892741 92.985418157516 985392.994441711
33300 0.0665999999999999 -3.1095812155956 0.0144689411752769 -0.0239576112358277 0.0160556438636563 -0.0971179827200365 0.0273064786067952 3.11005232994405 373.043562054612 -332363.296893949 101.237796344168 104.708124957429 92.9654984021267 985473.312769586
33400 0.0668 -3.0433713738512 -0.00484023308296924 0.0156185028853359 0.0306427566135268 -0.0950498470272889 0.0299506688854442 3.0541555368374 375.418881097468 -332380.416536489 101.213005543553 104.779973740184 92.9455786467373 985696.790181491
33500 0.0669999999999999 -3.07340560495261 -0.0308431169422246 0.0186315580033376 0.0179488036979338 -0.123525103866655 0.0555428857388513 3.07671267686662 372.584175015264 -332359.2105645 101.194788405577 104.81170802467 92.925658891348 985606.579854556
33600 0.0671999999999999 -3.03173250887555 0.0296066712294245 -0.0156903507382026 0.0398770081607424 -0.0880778269273895 0.0480196422950061 3.04469064832868 374.195364240569 -332369.565473531 101.22052346504 104.824402377268 92.9057391359586 985765.278220341
33700 0.0674 -3.03354671067623 -0.00646194763180987 0.000197783215205781 0.0538084010878371 -0.0917262996495555 0.0424529771478089 3.03690303178663 373.508139902166 -332362.28175194 101.187248133371 104.862403298584 92.8858193805693 985587.095446478
33800 0.0676 -2.98851724772857 0.00325276352764372 -0.0246935530433398 0.0290941688176717 -0.118263330222498 0.0638825105394022 2.98740704094399 375.190045931734 -332375.53833422 101.176200120521 104.881242105768 92.8658996251799 985445.151048592
33900 0.0677999999999999 -2.9307544262369 0.0299724817126227 0.0134091365385741 0.0489002665319781 -0.107643986834174 0.0883522961300938 2.96352702075027 374.244584832607 -332366.862744234 101.19070926171 104.934956460254 92.8459798697906 985879.714439315
34000 0.068 -2.90254897816475 -0.00295948035081389 -0.00190416461142461 0.032908596664144 -0.101831637263856 0.0925772483148997 2.91045528516114 373.391946223389 -332359.843811812 101.155836617236 104.974068073446 92.8260601144012 985695.76778984
34100 0.0682 -2.88683660383779 0.00556490777295578 -0.00216082092738089 0.0399442502595879 -0.0761468355293845 0.0693215024215758 2.89487449556016 371.558954231739 -332346.377438969 101.1850249167 104.98953948758 92.8061403590118 985913.890187863
34200 0.0684 -2.85265262622275 0.0182362923591446 -0.0521787425186484 0.0263251234119766 -0.0952629663335576 0.0653853288616706 2.84375413405659 375.025080378127 -332371.315911843 101.196842923375 105.001902720372 92.7862206036225 985933.48806856
34300 0.0686000000000001 -2.78088014752326 0.0233227190398357 0.0208778560701575 0.0430576695806013 -0.0946032939790169 0.0343607414112386 2.80938730375911 376.442563734249 -332383.429624313 101.196495645883 105.065792669275 92.7663008482331 986318.215664594
34400 0.0687999999999999 -2.83247048876108 -0.00611255900996539 -0.0177824331738164 0.0659978129424045 -0.0961924417658189 0.068823027728919 2.83028055333447 375.272608500341 -332376.157338951 101.169818252618 105.100370389111 92.7463810928438 986170.913331595
34500 0.069 -2.78638871832331 -0.0257776017522701 0.0063595871634981 0.0312419712453854 -0.0998101300793262 0.0522458870521567 2.78419253706817 374.253373088955 -332369.970428573 101.152068458744 105.141324328034 92.7264613374544 986170.251110693
34600 0.0692 -2.7540739119929 0.040276414502414 -0.0279156585373615 0.00450913363101633 -0.12231358431672 0.0565935785831426 2.77074767877569 373.378492024466 -332363.870781635 101.177989399971 105.128000405985 92.7065415820651 986086.081635022
34700 0.0693999999999999 -2.73936443192261 0.0198647950220815 0.0186839567947419 0.0410912919832289 -0.107301867090628 0.0602264176889463 2.76777479880362 373.735548365231 -332366.875974756 101.150938532217 105.183446676485 92.6866218266757 986130.447392056
34800 0.0696 -2.74958094184976 -0.0248538328908236 0.0175287070597218 0.0245522280951404 -0.118480442874628 0.0496291025245955 2.75549004330173 374.227369070126 -332372.557346199 101.121890509253 105.223174698904 92.6667020712863 986007.658571769
34900 0.0698 -2.72090154095577 0.00471514014859923 -0.0247438905917195 0.00931618680880648 -0.111295328658844 0.0673248993142176 2.72040040287609 373.37357639852 -332366.679647053 101.152747291508 105.224497278997 92.646782315897 986108.909679655
35000 0.0699999999999999 -2.64215602708392 -0.00184482178760153 0.0117791131224537 0.0357684314567428 -0.114383948621887 0.0326277050080139 2.65587710690741 373.372115112891 -332368.257385593 101.157862410187 105.26627701507 92.6268625605076 986338.217364834
35100 0.0702 -2.63569440037548 0.000372779527567985 -0.00171793884482227 -0.00124336201388785 -0.121856770687105 0.0504453593223301 2.64490629935109 375.355294174257 -332386.03582261 101.132565429411 105.315666051547 92.6069428051183 986342.053691707
35200 0.0704 -2.62619297773788 -0.00184077863227616 0.0303629657227756 0.0275297815236934 -0.133521020707575 0.0566628570557488 2.65295397756016 374.135718850654 -332379.747520234 101.109964340828 105.388247460975 92.5870230497289 986588.980084112
35300 0.0706 -2.58273747035362 -0.0200309086596321 -0.0101624769145519 0.0265968102216999 -0.134230128985673 0.0793500566345683 2.58223098309765 373.992688461606 -332381.90204426 101.102857619881 105.409274890773 92.5671032943396 986504.181089752
35400 0.0707999999999999 -2.51862879534639 -0.0146288016950654 0.0285424196343678 0.0269161388694963 -0.124176811114456 0.0861413575236005 2.53981781586206 375.053779428764 -332391.203469629 101.112010930863 105.449908056708 92.5471835389502 986761.416482789
35500 0.0709999999999999 -2.49700374504417 0.0216296498603806 -0.0451854889805139 0.0117744828690652 -0.113201535349887 0.10688629239822 2.5005657994546 373.524619566995 -332383.189651455 101.129648128038 105.443961458254 92.5272637835609 986665.469201973
35600 0.0712 -2.45774188098174 0.0151476512734629 0.0315428363271602 0.00453890302047251 -0.106637277275114 0.102934720746989 2.49438527981757 374.925456197498 -332396.291401874 101.104452055086 105.507877969197 92.5073440281715 986805.088605882
35700 0.0713999999999999 -2.44515412961428 -0.00911170316164433 -0.0202068657307969 0.012299755054888 -0.105105277772235 0.0934829824840819 2.44278732876506 374.174344524306 -332394.974346415 101.087973991157 105.526922196761 92.4874242727821 986609.854286469
35800 0.0715999999999999 -2.39951657183894 -0.0377452427492985 -0.00025837667698735 0.0172500274914771 -0.110418662028496 0.0766924795250764 2.39228326581736 374.436395836351 -332400.087511185 101.081716731752 105.561377001757 92.4675045173928 986658.344364034
35900 0.0718 -2.35856360034623 0.0122071671041126 0.0321303094891354 -0.0105615537356408 -0.11874965549585 0.0870985835468967 2.39448987010228 373.539667397545 -332395.798807446 101.105049070577 105.586458782912 92.4475847620034 986907.929267009
36000 0.072 -2.30499066463531 0.0213868280868799 0.0226607467988413 0.0275188731658567 -0.111676921523323 0.0952659064932703 2.34134818548972 373.886776781886 -332399.001398664 101.123188003878 105.586232360201 92.4276650066141 986870.182986785
36100 0.0721999999999999 -2.30370508573304 -0.0364640374501001 -0.0223101559660967 0.0257140673117351 -0.103977294844527 0.127683588942321 2.2925966357891 374.229998908511 -332404.420978867 101.112081608712 105.613211365873 92.4077452512247 986801.209913565
36200 0.0724 -2.2390174257128 0.0131466129221613 0.0232671052196767 0.00484657009706286 -0.127866220490757 0.111164275805279 2.27625362327871 374.636565356158 -332411.191598976 101.132097876888 105.660475529289 92.3878254958353 987225.404412489
36300 0.0725999999999999 -2.27094614419902 0.0108882725449819 -0.0735079949573419 0.0236855629257822 -0.109534271645305 0.134878196777573 2.26131939343828 374.969412794754 -332418.407744512 101.109331722765 105.680779226039 92.367905740446 986979.980618427
36400 0.0728 -2.25057197837611 -0.0388373040053768 0.0352151192657541 0.0309617483419473 -0.123230397693506 0.14620538892485 2.27455478567924 373.17886859267 -332408.560668536 101.049855437349 105.78261932267 92.3479859850566 987137.024900917
36500 0.0729999999999999 -2.19171501548022 0.0188085469427968 0.00722143935625323 0.037798454747778 -0.115120962093268 0.131109401043375 2.22633079508838 374.519146238328 -332419.687466457 101.071047946308 105.813184738615 92.3280662296673 987416.304390872
36600 0.0731999999999999 -2.16855774140874 0.0306038641912612 -0.0213261882165029 0.0230693019921824 -0.132699899434263 0.124224660602798 2.19670789759921 374.4320046471 -332422.390333525 101.060779778585 105.822013651716 92.3081464742779 987185.338668751
36700 0.0734 -2.15465801389814 -0.00790909846797181 -0.0062316385185881 0.0362751900924499 -0.130976823321932 0.10982080979201 2.16880821855711 375.236374874656 -332430.397117209 101.014478385647 105.887966715236 92.2882267188886 987134.966444595
36800 0.0736 -2.07497483651634 -0.00579792033953157 0.0145753311893664 0.0253925590169284 -0.138601627122987 0.14329881907224 2.10837218619344 373.956904064632 -332425.037324511 101.005534156474 105.942226916638 92.2683069634992 987340.198255459
36900 0.0737999999999999 -2.10753762827254 0.0068796058962851 -0.00615502741085029 0.0080134550682917 -0.126370031282542 0.125140968670737 2.13036407110027 373.418660238189 -332422.826732334 101.017707104544 105.940533180758 92.2483872081099 987230.224673571
37000 0.074 -2.1296418755497 0.0023992580019046 -0.0382126870503766 0.00817668866690527 -0.141866293191926 0.103487722586505 2.13386274727197 374.688958225141 -332435.521089621 101.026928230744 105.936567943705 92.2284674527205 987070.196878877
37100 0.0742 -2.13636719744493 -0.0336693763262046 0.0319769123060576 0.0281898536655326 -0.119111488341124 0.0998347051625727 2.1537245457111 372.949180421983 -332422.470530609 100.998478696889 106.01768693758 92.2085476973311 987334.55935818
37200 0.0744 -2.11784829434563 -0.0182780454032913 -0.00249577967290976 0.0135058615312463 -0.127043396178191 0.098583061710861 2.12595941737777 374.00310417163 -332432.856202288 100.984930791862 106.050573363289 92.1886279419418 987295.015455629
37300 0.0746000000000001 -2.13757834970138 -0.0173507568883238 0.00229602051102337 0.0493639895531973 -0.110869626854973 0.084541545323531 2.14546851113405 372.900872508985 -332430.056139304 101.003651442423 106.050470971128 92.1687081865524 987263.717261862
37400 0.0747999999999999 -2.11618975258843 0.0145148678568691 0.00336413918440872 0.0222962052576505 -0.100114706340649 0.0892775854561833 2.13816259826316 373.560899656667 -332435.344387185 101.024857216614 106.046982453553 92.1487884311631 987225.103167528
37500 0.075 -2.10295628597816 0.0249610173223662 -0.014727501674359 0.0315677485535602 -0.10338867744929 0.0888321073052898 2.12223561271968 374.139001166704 -332441.511829613 101.016379756712 106.077838048981 92.1288686757737 987216.028911105
37600 0.0751999999999999 -2.1177003196293 -0.0131627716945321 0.0238006700080315 0.0266053983285488 -0.0726470793744321 0.0871432009356223 2.13283231552488 374.815970524322 -332448.830682383 101.00264941449 106.122448553028 92.1089489203844 987283.444069582
37700 0.0753999999999999 -2.11074653780707 0.0226588089796515 -0.029562558247646 0.00357060910343079 -0.0838108823522083 0.11210743638136 2.12168597404519 374.669461751921 -332452.00070203 101.008140435696 106.116961570373 92.089029164995 987072.554895003
37800 0.0756 -2.07908278458165 -0.0153847848045279 0.017890194003075 0.0404043777436068 -0.0888212269521029 0.121123239714038 2.09790463453358 375.069861629228 -332458.333115855 100.998592903686 106.161071020265 92.0691094096056 987175.928365535
37900 0.0758 -2.09649798934168 -0.0223898555353341 -0.0259506432607864 0.0131535182675705 -0.0960894832525367 0.0906922494163898 2.08505290939176 375.453655644319 -332465.611934428 101.024202711364 106.147374348224 92.0491896542163 987085.238423475
38000 0.0759999999999999 -2.03365360265334 0.0112013577837591 -0.0247336011107292 0.0226844886270482 -0.0728407891244853 0.101045344277938 2.03895388277932 375.055599766859 -332465.458869843 101.037731121957 106.174505540758 92.0292698988269 987256.061818918
38100 0.0762 -2.06394838664215 -0.0352884332629152 0.0337808075655205 0.0157038681594493 -0.0725816450212261 0.119001268085338 2.07831128437908 375.44336893839 -332471.946391064 100.99716139915 106.226736387066 92.0093501434376 987131.407198664
38200 0.0764 -2.02210127908041 -0.0133718173933903 -0.00417897162493808 -0.00150349156790279 -0.0586326295265759 0.119759622708769 2.02654675191196 374.518693791474 -332466.593324955 101.025830355163 106.225279297416 91.9894303880482 987184.300447777
38300 0.0765999999999999 -2.00586886078858 0.0268441018640182 0.0196653860803254 0.0428559385169642 -0.0568164851483747 0.115651769082113 2.04271913935698 374.78653125669 -332472.112197452 101.048671044429 106.240741858052 91.9695106326589 987337.373179402
38400 0.0768000000000001 -1.97160991522435 -0.0158858288625935 0.00724593314800025 -0.00329717102927545 -0.0677473523277091 0.0965186109443067 1.97797380582803 374.312783580814 -332471.471142661 101.024635302483 106.277833645179 91.9495908772695 987233.276807457
38500 0.0769999999999999 -1.95642853324503 0.00882825296204185 -0.0187437834533063 0.0138004114023035 -0.0571209177110835 0.11905072132122 1.96511762899238 374.202317832947 -332473.119630459 101.027271791075 106.306509916707 91.9296711218802 987311.491616648
38600 0.0772 -1.88755385204754 -0.0165083867491793 0.00606124719359157 0.00471697820524454 -0.056267369131859 0.0866393336091524 1.89093449261308 374.220863295704 -332477.141523469 101.022074892443 106.34113872081 91.9097513664908 987368.304916241
38700 0.0773999999999999 -1.89184655218084 -0.00321062041557354 0.00293099222631314 -0.0143849308339733 -0.0713462537842124 0.0965681678603063 1.90327363983723 373.564472626422 -332474.695400802 101.034031324441 106.366022903341 91.8898316111014 987502.169972238
38800 0.0775999999999999 -1.9051375603673 0.0085015732345528 -0.0191301405769576 -0.0114184463338159 -0.10141416897877 0.0977154413964947 1.91567003489728 373.095511763617 -332472.918780834 101.042387700754 106.378754936768 91.8699118557121 987487.946064864
38900 0.0778 -1.91074800941403 -0.0025440163589241 0.0171756208480943 -0.0238610506352824 -0.0671890242350462 0.072617397671694 1.92622206329959 374.549008358419 -332486.308535267 101.026044581703 106.436077884767 91.8499921003227 987646.060016709
39000 0.078 -1.90093799189065 -0.012503866173019 -0.01993234252516 -0.0304413876993323 -0.0957117421737485 0.0945318605844879 1.89981091327849 373.302223101655 -332479.314947191 100.991948153458 106.477363039886 91.8300723449334 987481.489518122
39100 0.0781999999999999 -1.83255950039754 0.0208500095652945 0.00915985817371181 -0.0346303376072436 -0.0919120641180625 0.0882260814711944 1.86168999065182 374.322585308367 -332489.101043586 100.990765104595 106.533715988471 91.810152589544 987778.223430608
39200 0.0784 -1.85840367468147 -0.021246000790834 -0.0265251673044768 -0.0440748914795009 -0.0738238678594735 0.106666246395491 1.84980763053793 374.095294483937 -332489.754108063 100.983425773534 106.547098467031 91.7902328341547 987616.184932644
39300 0.0786 -1.83529729375767 0.0314795191519913 0.0084858148945261 -0.0398827935788825 -0.0619628501044374 0.10863552565351 1.86926600409201 374.357572692915 -332495.063675143 101.003513088793 106.560874941603 91.7703130787653 987725.965323083
39400 0.0788 -1.79172202305377 0.0169870033411156 0.00185387339932276 -0.0459671582195173 -0.0658075735429143 0.100983479956502 1.81499580270709 373.30810768316 -332487.039687195 100.993019002136 106.588099366234 91.7503933233759 987661.233415855
39500 0.0790000000000001 -1.82757043222971 -0.0233017203485495 -0.00728734448852036 -0.0152155228743433 -0.0773997017997173 0.0816538331940846 1.82296599133472 376.656766909221 -332517.194211316 100.957123991068 106.621972114215 91.7304735679866 987409.535354633
39600 0.0791999999999999 -1.81152900628469 -0.00897467395085973 0.0171261318901258 -0.0519395893666519 -0.111296948593559 0.0797493018925296 1.83337545045022 373.344010157395 -332496.52558137 100.957899890666 106.663078089809 91.7105538125972 987583.297519275
39700 0.0794 -1.764118871095 -0.00840374125770846 -0.0257785422190205 -0.0943345042425491 -0.0939009526364575 0.0980687651269464 1.7704050132083 373.837791171954 -332501.187649786 100.977957347579 106.672377672641 91.6906340572079 987651.056412561
39800 0.0795999999999999 -1.77278324214436 0.0450224206618091 0.0122749160352516 -0.0628147746423074 -0.0636629450704456 0.0978055979148879 1.81621998443256 373.546371842652 -332501.532804423 100.976586880027 106.703908544821 91.6707143018185 987714.956700174
39900 0.0797999999999999 -1.79941574821203 0.00222102855173032 0.000111643377115717 -0.0532850181165199 -0.0586320844457167 0.0438953101130719 1.80740438673329 375.704026655159 -332519.191691618 100.944885018959 106.731585521003 91.6507945464292 987446.359583791
40000 0.08 -1.78626027401112 0.0517079427055186 0.00816436488360841 -0.0969271646951366 -0.0657411780222362 0.0577072929149391 1.83060979592833 374.560638619561 -332513.847120339 100.952109621972 106.763705199005 91.6308747910398 987599.517568804
40100 0.0802 -1.79749256267442 -0.030484647494982 -0.00141183499464927 -0.087788340700685 -0.0640802603071299 0.0618708279154278 1.79484186104262 372.978507493657 -332504.297531946 100.926996611011 106.799145902972 91.6109550356504 987466.883973713
40200 0.0803999999999999 -1.74854689339649 -0.00567407818796842 0.00129018688130805 -0.0823135532704619 -0.0608347944182551 0.0763692114005806 1.76031756464269 374.570933774236 -332518.799093111 100.925338350219 106.848371937877 91.5910352802611 987690.988123251
40300 0.0806 -1.76667698437955 -0.0541982146894479 -0.0144789010036168 -0.078824590903673 -0.0674667515456864 0.0737227300658082 1.74664821896783 373.20634814591 -332511.728518054 100.922022024919 106.866567531043 91.5711155248717 987611.886965253
40400 0.0808 -1.70519323842724 0.0308006753207651 0.00146414577521869 -0.0830665687143315 -0.0160502327047115 0.065235098238496 1.7314292686519 373.275111195302 -332513.195234688 100.969369271937 106.862255552694 91.5511957694824 987820.423463144
40500 0.081 -1.77998578720887 -0.0250197465095047 -0.0252501399277733 -0.0837803654676137 -0.0481614965826357 0.06931809578903 1.76689913629738 374.067901896687 -332521.492763068 100.955982806945 106.876649884776 91.531276014093 987607.569484373
40600 0.0812000000000001 -1.7403198823614 0.0262111781510802 -0.00213403811626147 -0.0938638615979894 -0.0270150049113516 0.0553410793830856 1.76328424943416 375.065281374344 -332527.992097955 100.959524128311 106.93717779672 91.5113562587037 987986.488129015
40700 0.0813999999999999 -1.76089226788231 -0.0294756355703174 -0.0178989312969413 -0.0715116179207616 -0.0557526319326754 0.058008988307855 1.74721023452343 373.724799713043 -332519.542086121 100.929315530913 106.96344708172 91.4914365033143 987718.446973883
40800 0.0816 -1.73107988408092 -0.00137110665872138 0.00479107626811615 -0.0865847897383124 -0.0484269391309487 0.075035261639313 1.7461404191236 372.518920148554 -332511.69570885 100.939689174925 106.997838899958 91.471516747925 987922.438504938
40900 0.0818 -1.74900007013442 -0.0256798875225801 -0.00273711460665455 -0.0833056097556786 -0.0359477499259228 0.0860557727110085 1.74837340128264 372.254576791053 -332512.175945362 100.930276298417 107.007880096672 91.4515969925356 987707.875049251
41000 0.0819999999999999 -1.68747976405633 0.00720614333748275 -0.025854363224028 -0.0693960838010838 -0.0513915162400803 0.0899843388092299 1.69224360070001 373.079212831167 -332519.262077636 100.967252123766 107.003042632352 91.4316772371462 987809.845604753
41100 0.0822 -1.66688774211484 -0.00319802463295494 0.0182767454972146 -0.0779688367756405 -0.0381014057046912 0.114088058578156 1.69283573369149 374.376642134849 -332529.098342373 100.957449005939 107.022446981121 91.4117574817569 987677.825768616
41200 0.0824 -1.6576069936195 0.00207573805186543 0.00914759448669269 -0.0409593273690488 -0.0524533051349248 0.117475206796653 1.67958987218825 372.885174594727 -332519.660556026 100.946552614275 107.06357890457 91.3918377263675 987735.491569782
41300 0.0825999999999999 -1.67414561159192 -0.0152219084382177 0.0329169797529947 -0.0658339567330062 -0.0590006712961342 0.0924747348327141 1.69802951831529 374.213827996222 -332530.564641018 100.939387764966 107.089539992758 91.3719179709782 987689.55373523
41400 0.0828 -1.63754578729963 -0.00507202906808955 0.000901170313016729 -0.059154225564787 -0.0548510746469496 0.108596346448554 1.6521684022611 373.605323764631 -332528.177676265 100.962544875726 107.100365939535 91.3519982155888 987800.621598076
41500 0.083 -1.61115631262839 -0.0238464081655557 -0.000957947180302457 -0.0519403846780424 -0.0392215271304664 0.0749421753894944 1.60809361651648 373.16844049846 -332526.221000471 100.976861825139 107.122197088232 91.3320784601995 987926.607041112
41600 0.0832 -1.64405750836774 0.0082418382790047 -0.00454182601228157 -0.0896644880523402 -0.0429463453766125 0.0705765319508894 1.6594365249774 374.538439756681 -332536.630346029 100.978915743802 107.15457240332 91.3121587048101 988029.748217235
41700 0.0833999999999999 -1.65423407376376 -0.0274464504597353 -0.0125795599126128 -0.0618298340815551 -0.0205353769972014 0.065622408744489 1.64210141622555 373.152370827338 -332527.912391029 100.958501832117 107.18986911111 91.2922389494207 987939.832926606
41800 0.0835999999999999 -1.6352737176564 0.0180353282488127 -0.0027449116557767 -0.0785906056662379 -0.0269053846775698 0.0804343317319724 1.65517873816291 375.305181957334 -332543.98123046 100.974920158532 107.217119900311 91.2723191940314 988136.044046408
41900 0.0838 -1.63189866139047 -0.00820716358198863 0.00554213501393564 -0.0703781427564104 0.00468715402227572 0.0705198609058202 1.63973536036063 371.462656727787 -332515.185336462 100.977277797663 107.229843141301 91.252399438642 988060.691979075
42000 0.0839999999999999 -1.64692070516363 -0.0138966755706576 0.011338891142825 -0.0782169153004309 0.0162438448241702 0.0756947132653068 1.65678873600385 374.123665966495 -332533.724279579 100.988470625881 107.236774970534 91.2324796832527 988018.368908184
42100 0.0841999999999999 -1.61596796980426 -0.0124349776909032 -0.0120276660879861 -0.0855620164278365 0.0272104160843595 0.0499408836310136 1.61357907524289 374.53815715078 -332536.352965573 100.990350005062 107.256242024196 91.2125599278633 988000.349706438
42200 0.0844 -1.64503977188878 -0.0189098502927762 0.0100738711301395 -0.0816120151238143 0.012108823668461 0.0583538290923956 1.65012327316513 373.975385952002 -332531.050789534 100.964924376741 107.287478131447 91.192640172474 987823.493334999
42300 0.0846 -1.6550369013704 0.00733051528705152 -0.0211375740894873 -0.0839909164399313 0.00903620994155879 0.0528519640803012 1.65732911867501 373.496219147504 -332529.492403733 100.987414715238 107.283181184922 91.1727204170846 987788.147407116
42400 0.0847999999999999 -1.64479379575568 0.0278215989404461 0.00747707378348875 -0.0710983994978473 0.0312614938327057 0.0554068452674216 1.67072862489212 375.292700961442 -332542.832325093 101.029490931295 107.279640985503 91.1528006616953 987951.199801404
42500 0.085 -1.66662218559387 0.0113412620096019 -0.00837225568182812 -0.0438199778257015 0.0511040507297242 0.0620697810259799 1.67571620768134 374.645837716155 -332538.772284167 101.039394159226 107.285266559147 91.1328809063059 987883.922634987
42600 0.0852 -1.65790313119721 0.00471901566842296 -0.00829585284041099 -0.0701048170921782 0.040322327955799 0.0594596553824387 1.66525405263508 373.209739655421 -332529.490439439 101.037814840623 107.314273931207 91.1129611509165 987919.591406464
42700 0.0854 -1.67556086113373 -0.0202430998187744 0.0243950276644075 -0.0734216241744797 0.0410220465564141 0.0672326317338152 1.68841376697614 374.262488511735 -332538.629591089 101.01184785441 107.365667287691 91.0930413955272 987922.657802185
42800 0.0855999999999999 -1.72023835873165 -0.0228770823130671 -0.0174718258266321 -0.0705510915413855 0.0533708388905715 0.0559631730953482 1.7097112421826 374.388097088074 -332541.40562731 101.012992551124 107.376726628644 91.0731216401378 987819.558136962
42900 0.0857999999999999 -1.68393561461203 0.019480604503921 -0.0226108128639956 -0.0297982488643816 0.00423973538251659 0.0669462105621517 1.68756108577841 372.519537884832 -332528.597442941 101.030576550555 107.405280242042 91.0532018847485 988038.087472726
43000 0.086 -1.68023015434065 -0.0223484989726713 0.00781109712155581 -0.0590688299804559 0.00598961647749838 0.0669300088798534 1.68032619165106 373.470413841108 -332534.649147571 101.009883173631 107.447519043342 91.0332821293591 988008.002121744
43100 0.0862 -1.65227600773077 -0.0603478624920686 0.0181933989543417 -0.0798091585183679 -0.00322961364756014 0.058209884833141 1.64156661840202 374.116811665922 -332541.707009487 101.020828563451 107.454187199686 91.0133623739698 987960.153193707
43200 0.0863999999999999 -1.65387426694985 0.0155536706671954 -0.0173962634854385 -0.06709285014366 0.00404172834651845 0.0881025595101769 1.66430385979902 373.336036759062 -332536.301947079 101.050741939597 107.452980701944 90.9934426185804 988025.310161907
43300 0.0866 -1.66502538791106 -0.0162933660318501 0.0100522743288429 -0.0680534057082683 0.0151710309967005 0.0821000495584516 1.67249926955978 374.27901135542 -332546.176868638 101.020560224695 107.504993312557 90.973522863191 987991.985887081
43400 0.0868 -1.65058505209925 -4.85073818937092e-05 -0.000468658036802207 -0.0634071336931521 0.00527989163631814 0.0966116817485148 1.662445206523 372.335643342085 -332534.772823533 101.037129600239 107.511754492587 90.9536031078017 987999.80102181
43500 0.087 -1.63595843586288 0.00239756495674191 -0.0286481063081154 -0.0410302770902559 0.00951121867172319 0.0953333903925314 1.63306385791771 374.84755328437 -332558.484154901 101.045633941539 107.519496436904 90.9336833524123 987937.697774185
43600 0.0872000000000001 -1.65868754094007 -0.00655478373639588 0.00495489480947745 -0.0438124261926888 0.0159615125935386 0.0955101839795589 1.66810674674227 373.031089917569 -332548.625076977 101.045547154914 107.553942309687 90.913763597023 988036.868361866
43700 0.0873999999999999 -1.68150103033683 0.00729194376225149 -0.0337155546459919 -0.0698569438622307 0.0410467004301681 0.119998321472608 1.68740730507769 372.929832003844 -332551.443622979 101.037801576525 107.567974892253 90.8938438416336 987873.534029766
43800 0.0876 -1.66399128042339 -0.00448708847056663 -0.00670612503305204 -0.0345072937689314 0.0158106856885116 0.0995174665209506 1.66862517016212 373.303881859114 -332557.708468726 101.025550792151 107.620802885835 90.8739240862443 988022.276648888
43900 0.0877999999999999 -1.63481056456543 -0.00442668046351055 0.0145874453340217 -0.041422369525377 0.00855451178983012 0.0846652477234186 1.64814594633275 373.287173375435 -332560.940982282 101.027834355491 107.657907624122 90.8540043308549 988168.604620847
44000 0.0879999999999999 -1.65561710405402 -0.00443573318201967 -0.0190707208185469 -0.0604929170204784 0.0287289968591397 0.0912721728707749 1.65556490566262 373.991295748478 -332567.666791907 101.030594051805 107.651698403556 90.8340845754656 987921.95343191
44100 0.0882 -1.65809680457359 -0.00497219811532389 0.000871570528447058 -0.0670431702896723 0.0153861958535586 0.0948974705315868 1.66845040283046 371.127125800301 -332547.464400575 101.049586885647 107.66867695267 90.8141648200762 988046.791130963
44200 0.0884 -1.61463077817692 0.0252439503489442 0.00395608358783324 -0.0341503700897947 -0.00778083696674463 0.114565647945385 1.64249477760941 374.34144972622 -332572.56158922 101.057442961928 107.691244223558 90.7942450646868 988113.929801202
44300 0.0885999999999999 -1.618926212534 -0.0190101374028841 -0.0182538443687913 -0.0398637901117138 -0.013317891317522 0.105337956337476 1.61230572284991 372.706939072831 -332562.098975923 101.028570176222 107.726044377713 90.7743253092975 987934.039527019
44400 0.0888 -1.59209291627829 -0.0210950626942154 0.028061978369111 -0.0483249440570826 0.0125052576052465 0.0932878868017402 1.60662976792427 372.203438580781 -332559.391909637 101.032725057237 107.760672254188 90.7544055539081 988075.374071121
44500 0.089 -1.60204507027127 0.00715778363375452 -0.0399035651048433 -0.0433438441307082 -0.000750128837903195 0.0905036613654089 1.59569039339589 375.335158445034 -332582.958906693 101.059121291904 107.745947361974 90.7344857985188 987981.572104557
44600 0.0891999999999999 -1.58606711982419 0.0137037697962316 0.0208505257342404 -0.0228746489595328 0.00815294593945232 0.0766406511191143 1.60939170993007 372.41200709659 -332561.453081051 101.04638767745 107.808591996078 90.7145660431294 988214.436158177
44700 0.0894000000000001 -1.62598603554155 -0.0326207751760478 0.0221604553797434 -0.0385694210931777 0.0221110613438877 0.0664882713550697 1.62735734071024 374.100807025759 -332575.827350255 101.00643554999 107.835862711306 90.69464628774 987856.618549697
44800 0.0895999999999999 -1.5929281806903 0.0303522362491491 0.017045170960865 -0.0508590602253497 0.00813103519687934 0.0769314669957616 1.62460115615488 372.730615256305 -332566.442269312 101.046069213571 107.852295025783 90.6747265323507 988177.74592326
44900 0.0898 -1.5947084942449 0.0316817714141621 -0.0114984694567786 -0.0432750206735069 -0.000707164072545263 0.0868390178082344 1.61400887034073 373.794952371025 -332574.671798819 101.050618330059 107.869042528411 90.6548067769613 988158.556886074
45000 0.0899999999999999 -1.61416597733452 0.0195158169140201 0.00337726907583332 -0.0248716644321742 0.0126180754150477 0.0853753643755396 1.6330988062208 371.862206956217 -332559.958909454 101.036109104989 107.91160298017 90.634887021572 988189.317508311
45100 0.0901999999999999 -1.58670299193227 -0.0301151317116922 -0.00801650626394205 -0.0604455335267362 0.0173705609347861 0.0943985691545699 1.58001646644557 373.29398620142 -332570.345882368 101.016913946356 107.934128189338 90.6149672661826 987990.622735097
45200 0.0904 -1.57101712769679 0.0385701153408431 0.0100466632557679 -0.052776057553624 0.0118495002614624 0.0995465832825404 1.6075383140431 373.847814132904 -332573.866885575 101.06557483909 107.951030355041 90.5950475107933 988404.011804145
45300 0.0906 -1.5887422704355 -0.000443235057627106 -0.0270523401345021 -0.046428150175251 0.0225587100970616 0.0902287820097208 1.58541974228533 374.529609968746 -332579.17606925 101.052532557231 107.959749726191 90.5751277554039 988138.968449362
45400 0.0907999999999999 -1.60100888568094 0.00019375496991153 0.0198008539768247 -0.0432967700798177 0.0306021785460358 0.0866390738502363 1.62067318473229 373.270889043536 -332570.140691492 101.020279612604 108.012223673892 90.5552080000146 988086.363812578
45500 0.091 -1.60283637140207 -0.0102785059478357 0.02414258236069 -0.0411403537617625 0.0155160752373096 0.0865707908655468 1.61880396541775 372.45214923585 -332563.457960895 101.017505911187 108.037674230446 90.5352882446252 988074.648954209
45600 0.0912 -1.58019656946278 -0.00460730632558873 0.0195805570798317 -0.0540641548065224 -0.00389091965614792 0.0906478821930684 1.59832476319412 374.002272935157 -332575.972210095 101.056766246423 108.024390884783 90.5153684892358 988119.675061551
45700 0.0914 -1.59866669405469 0.0169512629095452 -0.013884896085586 -0.0524667941830591 -0.0287936767059864 0.0875283975360713 1.61092581499786 373.739899988137 -332574.487995524 101.079819136338 108.020683911377 90.4954487338465 988093.668982786
45800 0.0916000000000001 -1.59899036496425 0.00640703718556233 -0.00903782370749076 -0.0338858504492095 -0.044609772854945 0.0699300307719631 1.60525066537875 373.89076425981 -332576.516864009 101.068186261594 108.059770918248 90.4755289784571 988119.89949846
45900 0.0917999999999999 -1.6019889525181 -0.0350838509056281 0.0104830181766453 -0.073501719693432 -0.00947011827620798 0.0756991590878301 1.60072937828999 372.933611317381 -332571.096992197 101.060813819248 108.091160265537 90.4556092230678 988117.231281824
46000 0.092 -1.62189466024366 0.0154940872072862 -0.012622408204841 -0.0358864504525945 0.00181853892142264 0.0679876764630678 1.62896753192625 373.223506216544 -332575.001655309 101.101352789129 108.076641275579 90.4356894676784 988163.163178235
46100 0.0921999999999999 -1.62015630962259 0.00619259093112903 0.00469254236820082 -0.0526891350530527 -0.0132860309316779 0.0688227114493833 1.63267911167268 373.389218045137 -332575.948447636 101.096974790469 108.112119296843 90.4157697122891 988227.021129051
46200 0.0923999999999999 -1.59978142501935 -0.0233856540398358 -0.0148480472969602 -0.0551521860312437 -0.00135024682101972 0.0748612990743597 1.58886707037548 372.951557986378 -332572.839067638 101.094916220388 108.118816949464 90.3958499568997 988050.390756878
46300 0.0926 -1.60025315224771 0.00763079918122102 0.0119198779838639 -0.0338832907596185 0.0133429286481452 0.081170443284113 1.61738980905486 373.921634623535 -332581.325598653 101.109327976016 108.137187480636 90.3759302015103 988141.351891906
46400 0.0928 -1.64789330041002 -0.00538481895997143 -0.0206079576610828 -0.0424329824418348 0.0085252925860814 0.0637081170577943 1.64038337273069 373.454030309899 -332578.23497036 101.085660883542 108.160175358158 90.356010446121 987902.272513817
46500 0.0929999999999999 -1.63320695409572 -0.0191128170993192 0.0318663734387742 -0.0568716530910103 0.00722327626417532 0.0704488235547379 1.64770530304028 373.141331698993 -332575.26310498 101.084979382642 108.189076652285 90.3360906907316 987941.737910123
46600 0.0932 -1.62319334910791 -0.008312700020644 -0.0230828941518899 -0.0715061814941206 0.00483835409075431 0.0430935920035749 1.61405897437089 373.239663984617 -332575.488245928 101.105329260919 108.185630310636 90.3161709353423 987891.262795008
46700 0.0934 -1.63032051008363 0.0263707305512758 -0.00567787759216963 -0.0645383080375331 0.0179375342088601 0.0803785645764552 1.65087895305447 373.511979841883 -332576.885726654 101.134672381397 108.196367228931 90.2962511799529 988058.073871681
46800 0.0936 -1.65630940608742 -0.0223444655567793 -0.0149263278007094 -0.0739941209405962 0.00620538697646589 0.0596084990358391 1.64597018880183 373.223417567457 -332576.709591949 101.137648372505 108.197101069163 90.2763314245636 987875.872270149
46900 0.0937999999999999 -1.61222740198211 -0.0028968792995604 0.0257562401963375 -0.0628976054956285 -0.00309333243215623 0.0712477159922309 1.6321776299838 374.245726610964 -332584.831234126 101.155881292147 108.229614470696 90.2564116691742 988132.793892609
47000 0.0939999999999999 -1.65053709436524 0.0177750153906444 -0.0450744940489828 -0.0786834910088488 0.000220260422642052 0.0840464569196264 1.64988714774156 373.770203372353 -332581.945314774 101.165222467781 108.212624816673 90.2364919137849 987850.844466747
47100 0.0942 -1.6251862476433 0.0103329079217942 0.0352015704969631 -0.0648857858272919 -0.0252376804558284 0.0577516868337296 1.65552457600655 374.13350922299 -332585.172177169 101.152564233673 108.28262819024 90.2165721583955 988148.024343498
47200 0.0944 -1.67963604948959 -0.0308773712139165 0.00364931253100237 -0.0343439056253105 -0.00200457391489226 0.0489468553289055 1.66950932641498 372.387401930473 -332572.291754566 101.142976595654 108.306801811363 90.1966524030061 988056.732173661
47300 0.0945999999999999 -1.62630236774018 -0.0138201058081191 0.00895635671729416 -0.0687849097322671 0.0162397340743876 0.0685932243078227 1.63292523517593 373.560162563968 -332581.284657667 101.175837571075 108.302429116272 90.1767326476168 988119.571625241
47400 0.0948 -1.66152794177657 -0.0146970722349215 -0.0104141662131607 -0.0609594745262634 0.0143673401605502 0.0729293296659645 1.65736144922503 373.76019258371 -332582.003867912 101.206722403029 108.26831593375 90.1568128922274 987891.599966739
47500 0.095 -1.70926488110395 0.0294951347923944 -0.00215407356385716 -0.05907509274931 0.0029560522368328 0.0688216878927993 1.7303071334022 374.615125406232 -332587.497600293 101.234386266231 108.255157952918 90.1368931368381 987823.234460894
47600 0.0951999999999999 -1.71621237680887 -0.0175390138497204 -0.000839820368604774 -0.0348411516128847 -0.0136135146686246 0.0661629087341891 1.71215268729097 374.679052807999 -332589.54186447 101.202496655688 108.284310793758 90.1169733814487 987559.703568308
47700 0.0954 -1.72216809708433 0.0140823389646902 0.00559756560127291 -0.050357452838596 -0.00148899100712516 0.0623508903175717 1.73757965216834 373.734763921972 -332582.40698977 101.20828919929 108.334252212396 90.0970536260593 987853.316962422
47800 0.0956 -1.72768401838519 -0.00367751013170905 -0.00438693793635654 -0.0565537203952011 0.00789189944196439 0.0450167888726853 1.72824686766071 374.539384211602 -332588.301170402 101.222953202964 108.323595829439 90.07713387067 987680.844536417
47900 0.0958 -1.74670893868105 0.0205940952856241 -0.0346940617431264 -0.0390646904545873 -0.0193892442192737 0.0366763317791514 1.74311425470322 373.762994411701 -332584.818465521 101.248179654004 108.319395849655 90.0572141152806 987670.223896641
48000 0.0959999999999999 -1.74799450870661 0.00820956509642978 0.00994793016791716 -0.037719933388181 0.00614387531978534 0.048461100489734 1.76032262699032 375.582141277497 -332596.845672605 101.229366883097 108.36461329127 90.0372943598913 987680.414879035
48100 0.0961999999999999 -1.77730068418308 0.00495868569393438 0.00712155629902335 -0.015863440862687 -0.0122762883395533 0.0469973453306842 1.78553668552735 372.254955480509 -332573.529683542 101.236076482238 108.371165765467 90.0173746045019 987587.064361653
48200 0.0964 -1.84443339100251 -0.00233460257744987 -0.0307409738480411 -0.0367149151474886 -0.0159202531391203 0.0233835735276393 1.82982300210714 373.222082337038 -332582.146185211 101.251230588674 108.360029709516 89.9974548491126 987414.847581501
48300 0.0965999999999999 -1.80070517150992 -0.00608279086722834 -0.0113325110336223 -0.0241222096984799 -0.0152062458276544 0.022271149209827 1.79309875030988 373.859267286594 -332588.106123707 101.256477953016 108.393293739579 89.9775350937232 987550.5201026
48400 0.0967999999999999 -1.81396092280886 0.0175898949500807 -0.0110894910917262 -0.0108782544546725 -0.0114251178920373 0.0376431413052915 1.8187552830818 372.962359950482 -332583.107186859 101.256743059161 108.421946474456 89.9576153383339 987595.467828937
48500 0.097 -1.81324429810784 -0.0133596837986441 -0.010250834734581 -0.0172792922322794 -0.0156616295842126 0.0408368134305603 1.80328155791197 374.048839822224 -332590.362346486 101.24583448865 108.466783207102 89.9376955829445 987678.682940203
48600 0.0972 -1.77285245417135 -0.0274775222418206 -0.0172586414961736 -0.0136536394657339 -0.0357893762519646 0.0403648660602307 1.75315821534259 372.760401032488 -332582.708378809 101.250788634604 108.489817952613 89.9177758275551 987717.960195543
48700 0.0973999999999999 -1.7674255065485 -0.00111101288278559 -0.0245319839632573 -0.0267571261934599 -0.0243567266394042 0.0353869510946626 1.7569094804435 374.387204107319 -332595.815496119 101.269452674713 108.489708986366 89.8978560721658 987680.186467051
48800 0.0976 -1.76590685999411 0.0223205090002542 -0.0289623043341111 -0.0235564571107263 -0.0184091809614031 0.0254116093002397 1.76445469857063 373.578450104262 -332588.526956358 101.279417459924 108.497538727989 89.8779363167764 987629.77161394
48900 0.0978 -1.82277097188626 -0.00538060208338991 -0.00664950141476234 -0.0369352899466422 -0.0140894319285131 0.0224401170133874 1.81846147627435 372.836808071166 -332582.901508708 101.250515981923 108.544261263426 89.8580165613871 987554.200324916
49000 0.098 -1.77612593513039 -0.0401999854125149 -7.42371042294348e-05 -0.0594999590528062 0.012446111577177 0.0497680584515709 1.76159596324173 373.588848393307 -332588.433342092 101.243420228224 108.574727985094 89.8380968059977 987543.195934615
49100 0.0981999999999999 -1.75605144683262 0.0165438913166349 0.0225229827737554 -0.063568513312111 0.0107142369012938 0.0514624076392152 1.78133121077405 375.166179987364 -332598.806024908 101.275720903646 108.59171736115 89.8181770506084 987793.766330951
49200 0.0983999999999999 -1.81419901163898 -0.00633703541695832 0.00168174468738553 -0.0410908559116622 0.00348663586180863 0.0333965661143557 1.81421440591853 372.789407774346 -332582.044627583 101.269662659333 108.588713143791 89.798257295219 987488.298836245
49300 0.0986 -1.81363080368859 0.0147477859231738 -0.00262219959503432 -0.0531134202333008 0.0105432877108435 0.0440034120476021 1.82376439364125 373.547043207713 -332586.796091417 101.269195851211 108.62493854685 89.7783375398296 987594.048943022
49400 0.0988 -1.79400767184567 -0.00449670355953687 -0.0188369408875668 -0.0330011154358917 0.0102280402719564 0.0173901556480987 1.7836427467014 373.150997805303 -332582.533471364 101.274969779562 108.644038208102 89.7584177844403 987604.841564365
49500 0.0989999999999999 -1.80516194438022 0.0134399718416895 -0.00142719922394979 -0.0137562890075812 -0.0158051114717722 0.0379506624518504 1.81276980505579 372.565253598293 -332574.999709338 101.30455556179 108.639615320713 89.7384980290509 987633.906092528
49600 0.0992 -1.82746553628768 -0.0133896657669738 -0.0446031832099283 -0.00121093894835568 -0.00861896118975922 0.0321761176323869 1.79959857331638 372.742982455831 -332576.183258666 101.302748146123 108.64152937669 89.7185782736616 987414.454969326
49700 0.0994 -1.81151886283731 0.00315555052560111 0.02476089832054 -0.0207227564077054 -0.0156651953163064 0.0229874056718128 1.82656137175664 372.899510704722 -332575.146985368 101.288496095935 108.707758034893 89.6986585182722 987658.054832959
49800 0.0996 -1.80793058610699 -0.0448977651022182 0.0225418863721938 -0.00553090172455371 -0.0217886016008564 0.0104038520750947 1.79821352348167 374.398206312299 -332586.131930562 101.273995288029 108.728338124278 89.6787387628829 987484.267306312
49900 0.0998000000000001 -1.78550563346492 0.0500573523915434 -0.0132752083411834 -0.0188321408009712 -0.0115312865515732 0.0196800618989887 1.80545738216493 373.010331049111 -332573.33720337 101.322197201358 108.712053116442 89.6588190074935 987586.878007586
50000 0.1 -1.80220355407854 -0.01985306776396 -0.0124713809570716 -0.00578806544183041 -0.0235675126747014 -0.0227771014664765 1.78698284142723 374.488555434654 -332584.686768459 101.303951635297 108.731626753091 89.6388992521042 987367.406883364
50100 0.1002 -1.77070194246713 0.0231712534084286 0.00769753728823972 -0.00736584054349917 -0.0168478193788916 -0.00805674350610629 1.78652501840997 372.458490385442 -332568.498664345 101.326951390572 108.775735379721 89.6189794967148 987772.653529936
50200 0.1004 -1.80459727561233 -0.0396285596251994 -0.0155107726415972 -0.0207570448920486 -0.0014538929139202 0.0215898641068943 1.77790906641351 372.675780646363 -332568.097753171 101.325892092605 108.766488891192 89.5990597413254 987458.829433917
50300 0.1006 -1.81819487143249 0.0313906123806588 0.0222576473977594 -0.0129383865927702 -0.00318098761817266 0.000293856415054148 1.84518034190956 373.180469438849 -332571.513185524 101.363274581032 108.78534538398 89.5791399859361 987774.739562404
50400 0.1008 -1.83029106403969 0.0096905764258387 0.0175200394991986 -0.0299471184859651 0.00269626631729285 0.0265197026407445 1.84521597359479 373.73803681767 -332574.981080064 101.371372280591 108.79287311047 89.5592202305467 987702.32361576
50500 0.101 -1.83967279820183 0.00270223254210777 0.00197070702214718 -0.032246788059208 0.00196937106940878 0.0310167600809147 1.84364201085552 372.237471106863 -332562.153377119 101.393184993627 108.799059426344 89.5393004751574 987751.285309396
50600 0.1012 -1.85813292409135 0.00390287148711232 -0.020499083910493 -0.0130472334764312 0.0100845212615848 0.0194711767519717 1.85048334464107 372.213138567513 -332560.653807052 101.40865285458 108.796952855472 89.519380719768 987663.06848536
50700 0.1014 -1.85431951319688 0.0277669727294766 0.018997847186953 -0.0127785964996056 -0.00347342840917393 0.0175083964893363 1.87810220407079 373.440891431469 -332568.274125263 101.400327701979 108.82126916976 89.4994609643787 987582.907755703
50800 0.1016 -1.85905549445559 -0.0179935622439613 -0.00051657555673263 -0.0121654975986245 0.0255007630943232 0.0312628556555187 1.85130161274817 372.989236676162 -332565.679386404 101.401110198817 108.825058382483 89.4795412089893 987405.10311525
50900 0.1018 -1.86166881108004 0.0370329906958662 -0.00240655958806417 -0.0107395824349342 0.0121827429228535 -0.00205788197173462 1.87950632965441 373.294632693027 -332566.342576267 101.434587643168 108.830111221673 89.4596214536 987557.05789234
51000 0.102 -1.8302313600048 -0.00756151710757401 -0.00285182995042503 -0.0207016780498863 0.00689567855284589 0.0147155540043433 1.82559845373243 373.328641147132 -332566.315358727 101.427527535503 108.841401824718 89.4397016982106 987370.864148148
51100 0.1022 -1.87400246196276 -0.0100601587851491 -0.0323476538839415 0.0126604138587389 -0.00834585574229371 0.00905724404057111 1.85315162796696 372.496834960977 -332560.721717748 101.444954137986 108.854866381507 89.4197819428212 987442.704924286
51200 0.1024 -1.87536176711042 0.00138092907429148 -0.00204676527652013 -0.00045637201391325 0.00498997699716295 -0.0172318853809018 1.87528881362111 372.118767219767 -332556.16154012 101.440686207958 108.881097755487 89.3998621874319 987419.088326347
51300 0.1026 -1.89904735520477 -0.0120213370660991 -0.0093215295614911 -0.0202602466991497 -0.00471399803464414 -0.0169744521087504 1.88894986256717 373.702951999132 -332568.453037919 101.427283719738 108.910483851147 89.3799424320425 987335.046563763
51400 0.1028 -1.88438417444322 -0.0044945369173111 0.0152989694531028 -0.0119297399770957 0.00908423903871625 -0.0158107844243051 1.89024096577251 373.330859885065 -332564.258480487 101.449855276865 108.94170678134 89.3600226766532 987617.728370036
51500 0.103 -1.87751209812081 0.0392305338444901 -0.00502661128199479 -0.0219968678417541 0.0204397857172649 0.00272710520377721 1.89572115767811 374.551074360227 -332572.406366255 101.478783954478 108.944080862998 89.3401029212638 987700.655421024
51600 0.1032 -1.91488218342757 -0.0185535494251252 0.00481140153372466 -0.0315044258455658 0.0195636372491362 -0.0107581658756497 1.90929014119281 373.000727215538 -332558.758513606 101.451025741858 108.9817041595 89.3201831658745 987551.247946452
51700 0.1034 -1.89009114379246 -0.0284057268883659 0.0100403190516297 -0.0171435136004202 0.00543654311300602 0.00467380988963591 1.88147841728289 374.075600051671 -332567.188607278 101.458855969802 108.998341428811 89.3002634104851 987557.952257046
51800 0.1036 -1.86799791505242 0.00487734335984052 -0.00417072490578127 -0.0296959217482174 0.00380216424677369 0.0164648230207454 1.86930465194324 372.60520257856 -332552.929951967 101.491059258969 109.005182657471 89.2803436550957 987713.035564281
51900 0.1038 -1.92830302676891 -0.0153356157513541 -0.0479067843707108 -0.0342781758629353 0.0273307182193635 0.0106886146829532 1.89850104990253 372.582944958676 -332553.435327371 101.467887507506 109.028557828237 89.2604238997064 987478.915126671
52000 0.104 -1.87914100608546 0.0230219971617052 0.0566728179670527 -0.026841960834376 0.0348661835243875 -0.00764151748139506 1.92076792409734 373.169673012596 -332556.927745068 101.457709202608 109.102084604565 89.240504144317 987825.233931363
52100 0.1042 -1.92639676984382 -0.00316968356171552 -0.0565078204789055 -0.0230834784415872 0.0197978595887121 0.00132847834565441 1.89785292734603 372.255987615443 -332549.054021293 101.455517417772 109.086470280467 89.2205843889277 987442.062439944
52200 0.1044 -1.83603066759578 0.0275153422006954 0.0234939951284887 -0.00734983354097254 0.0411854553605697 0.0111718266043333 1.86304888584768 372.102081022532 -332546.081770894 101.479417614815 109.132703702676 89.2006646335383 987872.671363885
52300 0.1046 -1.90360733863377 -0.036199112366884 -0.0100685813045988 -0.0101496042629942 0.0176540534528326 -0.0254994052093787 1.88145883719347 373.793212555355 -332557.255517932 101.462214478263 109.129243281447 89.180744878149 987453.323905998
52400 0.1048 -1.87260759311251 0.0413576937882143 0.00427072475924081 -0.0216321550149274 0.0154616054401712 -0.0181151963041719 1.89651282794145 373.068832736109 -332550.857073503 101.487580380854 109.154066197298 89.1608251227596 987704.189632333
52500 0.105 -1.89687092686699 -0.0165037042192628 0.0391177595015441 -0.0276067712211343 0.0394129949230035 -0.0163179877851157 1.91081364884829 374.292122801784 -332558.039634669 101.456551642297 109.193857259214 89.1409053673703 987541.477967218
52600 0.1052 -1.90910505284838 0.00886962151940697 -0.0162730429896314 -0.00229475404094807 0.0474964138712083 -0.0307635009434857 1.90805102551569 373.02490634908 -332548.105441676 101.477469316208 109.185950229161 89.1209856119809 987452.848524117
52700 0.1054 -1.9056733154912 -0.0128191145449399 -0.0196760085995129 0.01627235535989 0.0565133455075836 -0.00547655288094469 1.89220256936776 373.087117149783 -332547.597289372 101.486378785428 109.199084701799 89.1010658565915 987437.584927319
52800 0.1056 -1.90020785196776 -0.0247454607091209 -0.0194787554869591 -0.00756038687543 0.0989152040686411 -0.00238438637545422 1.88594952578577 372.592061003082 -332542.95454925 101.489050332873 109.229420286179 89.0811461012022 987517.074278496
52900 0.1058 -1.86419656084139 -0.00282755362756188 0.0214231759114528 0.00748734221047781 0.0673381682635712 -0.0353072887884326 1.87827940327998 374.187607097204 -332554.865405572 101.511708682087 109.250523660178 89.0612263458128 987707.465342202
53000 0.106 -1.94243227401425 0.0127127992024011 -0.0307539036021274 0.00591506773616557 0.0334792092832802 -0.00594701602041191 1.93470192515 373.594986163873 -332551.084595975 101.518188445076 109.245868873831 89.0413065904235 987507.50895734
53100 0.1062 -1.91877335756789 -0.00772261409044721 0.0168642560614991 -0.00859976663323331 0.064683888304687 0.0038428984658766 1.92679121925448 374.603897346261 -332559.350984492 101.483490974786 109.293711604614 89.0213868350341 987381.370414212
53200 0.1064 -1.91540725714582 0.000989214431940095 0.0334484184576691 0.012806524715748 0.0535939606181346 -0.0232080335183218 1.93560288742197 373.407070065563 -332549.65556354 101.500111813983 109.319011342177 89.0014670796447 987550.655398738
53300 0.1066 -1.93764102747682 0.0191730808897667 -0.0585160878938695 0.00143572445060404 0.0630389012597238 -0.020036275376556 1.92256756714265 373.776677223058 -332553.117390073 101.507975876017 109.30862425979 88.9815473242554 987312.304999409
53400 0.1068 -1.91594684811249 -0.0155050996907461 0.0317165430637158 -0.00975278724452473 0.0579227603406873 -0.0585585203163483 1.92984157225065 374.45496589469 -332557.974888318 101.49599417097 109.3744162775 88.961627568866 987568.820552222
53500 0.107 -1.92424577217071 0.0221895684583303 -0.00432346117903527 0.0152759028046751 0.0548762319011587 -0.0208565075399581 1.93616807688272 373.344813820089 -332551.79632359 101.508610519417 109.382469834673 88.9417078134767 987543.131550569
53600 0.1072 -1.90926209905749 -0.0100624891005679 -0.00168893131058125 0.00524098439511036 0.0610044304843097 -0.0442161586122935 1.90789008174868 373.239117569193 -332553.155750103 101.520400664974 109.399909560565 88.9217880580873 987594.068903676
53700 0.1074 -1.89738330225924 -0.00162555490200509 0.0248299100882141 0.00261397300902712 0.0385658574813366 -0.0323336943987407 1.91111730645789 374.109824224052 -332559.457872495 101.555237151966 109.398370301488 88.901868302698 987697.751217372
53800 0.1076 -1.94651701166939 -0.00778575836753214 -0.0177966558508841 0.00784745636315728 0.0591135682938882 -0.00451678631027775 1.9365174526537 372.018891550492 -332545.328449639 101.552133082737 109.420004171002 88.8819485473086 987641.531225145
53900 0.1078 -1.92979173992742 0.0208811530635768 -0.0115666812857051 0.00780572681466076 0.0760723030763679 -0.0141991696177706 1.93933780186827 375.212157130852 -332569.095864619 101.522544904731 109.485020066403 88.8620287919193 987719.032804089
54000 0.108 -1.87363920291312 -0.00703653759850839 0.0195932678361845 -0.0157015760187842 0.0841139170554583 -0.0199401681915981 1.88620778945918 371.929982888477 -332544.368383129 101.502149928255 109.539076656862 88.8421090365299 987786.705518514
54100 0.1082 -1.91331378424038 0.00405510208210353 -0.0100918946549667 -0.0131065179297082 0.073767453647263 -0.0274182962514979 1.91532611201674 373.767872636702 -332557.622760863 101.513301353501 109.528268357909 88.8221892811405 987576.272005103
54200 0.1084 -1.89344466599978 -5.22520532350361e-05 -0.0298072853403884 -0.00951016432415007 0.0784480953453348 -0.0279829696620592 1.88429430326934 374.2839670206 -332561.305710826 101.523610127259 109.541579478872 88.8022695257512 987575.066291409
54300 0.1086 -1.84251201656007 0.0169064832940109 0.0248770773982675 -0.00699397449408776 0.0595136304113929 -0.0295613127137991 1.86700705284748 372.716316053086 -332548.804955541 101.514950919438 109.591365554229 88.7823497703618 987718.032408591
54400 0.1088 -1.89546578574524 -0.0295111440504194 -0.0432755889444049 -0.010857076213493 0.0475495488122859 -0.0670460836848833 1.86464859801152 373.598180125782 -332555.934732545 101.513653881671 109.586822970517 88.7624300149725 987442.873443267
54500 0.109 -1.86870948750483 0.0384009073342963 0.00933034259808174 -0.00849252013604509 0.0624585050963132 -0.0582835137262191 1.89857442488659 373.694591768885 -332555.199486668 101.547274325122 109.631942587745 88.7425102595831 987954.832232928
54600 0.1092 -1.9007055493685 -0.0188979884314364 -0.043662250380377 -0.0269083320097985 0.0661782631385865 -0.0391040113243876 1.87486256118388 373.054701092711 -332551.10238456 101.51015893756 109.654705136085 88.7225905041938 987577.059090285
54700 0.1094 -1.81383188687211 0.0226237450569442 0.0598954718641056 -0.00714641318463231 0.0873166568914084 -0.05549959102199 1.86404741502382 373.824963456144 -332556.49621478 101.503147892929 109.749658506595 88.7026707488044 988142.059079502
54800 0.1096 -1.90346178478605 -0.0359920181428698 -0.0181762481723793 0.00857636799194553 0.0771546309187394 -0.0707155244643599 1.88523536261565 374.269688678238 -332560.753314338 101.471440119778 109.737359892695 88.682750993415 987500.873291501
54900 0.1098 -1.87322849364095 -0.00523917296061332 0.0259662711680745 -0.00216852800940868 0.0844299769496842 -0.0621570628047286 1.89252191274828 373.279926515142 -332552.481755229 101.484648976967 109.774797301639 88.6628312380257 987744.438572831
55000 0.11 -1.89783530499288 -0.0181624455804052 -0.0236118117685219 -0.00710612412085541 0.0651033692806459 -0.0539234644957271 1.88269667908129 371.976040006515 -332544.767434864 101.500577517894 109.773548193598 88.6429114826363 987666.281562203
55100 0.1102 -1.85277449551344 0.0268096236682748 -0.0197059605961626 0.0205508169323714 0.0653153845833551 -0.0743611940238894 1.86499980571882 373.142579523412 -332552.985767682 101.534457991929 109.777352867856 88.622991727247 987808.17448077
55200 0.1104 -1.88323886690606 0.0150932451308556 -0.0078300044534151 -0.039802244800651 0.0860753280092628 -0.0479471317355693 1.89593002688343 374.564474533765 -332562.633149874 101.52469466437 109.808935184193 88.6030719718576 987775.276698188
55300 0.1106 -1.88804742751372 -0.0425994459316718 -0.0100221303400613 -0.0107048864084782 0.0774739142711436 -0.0653391805120366 1.87029872132951 372.882574123978 -332549.781363619 101.495259079026 109.852194105061 88.5831522164683 987655.809463484
55400 0.1108 -1.86779078568816 0.000887956132219514 0.00574904073902185 0.00818397903701079 0.0828303967414939 -0.0589925307552687 1.87943916853095 373.466521656461 -332554.196357899 101.516301950036 109.877879771346 88.5632324610789 987869.367726268
55500 0.111 -1.87420234196143 0.011401043193644 -0.0233126254143137 -0.0179428077244069 0.0675465563812381 -0.0500369867393929 1.87441017359276 373.904748870794 -332556.860498901 101.530552467195 109.867863444908 88.5433127056896 987695.772189047
55600 0.1112 -1.85020984989258 0.000536666460239239 -0.0131924233125642 -0.0169002181848013 0.0630460193710229 -0.0578165633605291 1.85009502713361 372.725082004285 -332546.460442539 101.53121184451 109.904561991271 88.5233929503002 987809.823838899
55700 0.1114 -1.86817032382175 0.0018885154050032 -0.00261060872367875 -0.0183292151537874 0.0554780928675438 -0.0486391434215196 1.87244901479583 372.974815118973 -332546.762976563 101.527785816377 109.932210344947 88.5034731949108 987802.655633116
55800 0.1116 -1.88943563652926 0.031369546601037 -0.0324921665723583 -0.0181401561451103 0.0701043438093256 -0.083388615825437 1.89934120075572 374.288390452833 -332554.862913443 101.532817543856 109.948772533029 88.4835534395215 987778.066802189
55900 0.1118 -1.89680591831696 -0.0130408036931161 0.0188233666473355 -0.0159598053796247 0.0477900826679579 -0.0738381623127947 1.90619594735896 371.741223815028 -332533.979178046 101.503271621197 109.998765041459 88.4636336841321 987717.21710544
56000 0.112 -1.87680611217489 0.0313057248592848 -0.00304153098178941 -0.00498510520125754 0.0623339064846634 -0.0767909984757384 1.89893490805477 373.435664033838 -332544.892744327 101.53937938261 109.988647806624 88.4437139287428 987755.231890298
56100 0.1122 -1.94350233094591 -0.0664356305283612 -0.0252634990074897 0.0111414954907062 0.0638951669884935 -0.0452530676208188 1.90292434834901 372.163246144369 -332535.059159462 101.520731859309 109.993329449855 88.4237941733534 987393.432291408
56200 0.1124 -1.86097386657417 0.0234311270419778 0.0347941254739662 -0.00784965374594753 0.0410309038799455 -0.0570670806401697 1.89407740078813 373.546431727819 -332544.634061713 101.545425733363 110.043871702895 88.403874417964 987864.83374215
56300 0.1126 -1.90833690515331 -0.0115394344049715 -0.0156063459737158 0.0033793324264658 0.0531323503953003 -0.0764898855886437 1.90163050687043 373.77721202326 -332544.48602589 101.533870543627 110.050372835764 88.3839546625747 987588.19525844
56400 0.1128 -1.89565026341526 -0.0135954058072423 0.0231084998694176 0.00602691554290071 0.0340209777001578 -0.0749761195041815 1.90604352917278 373.076191452247 -332537.966425395 101.552512325552 110.064475098184 88.3640349071853 987673.44492503
56500 0.113 -1.91209618230539 0.00738928053868965 -0.00249712180466044 -0.00497936901558597 0.0363849515483387 -0.0769728813195543 1.92025150104458 372.942789434221 -332535.827560167 101.604725513723 110.036473952714 88.344115151796 987707.149531828
56600 0.1132 -1.97256296535937 0.00609271505653698 -0.0491446332871995 -0.00196708662862839 0.0727020233911872 -0.0644623346007359 1.95886914107967 374.140363967408 -332543.949540618 101.610806533929 110.049864280919 88.3241953964066 987663.716975302
56700 0.1134 -1.94026893266731 -0.0192276322875151 0.0440285773375036 -0.0133240570640091 0.0530723627698146 -0.0733616884884305 1.9598589866594 375.347960048597 -332553.036109563 101.579663257795 110.118212667467 88.3042756410173 987751.402224942
56800 0.1136 -1.98715244726915 -0.0197502143206299 0.0084216536989066 0.00360284746722195 0.0443104408527929 -0.043094703340893 1.98453804292333 373.907711113303 -332540.895202473 101.597818555348 110.104173803952 88.2843558856279 987579.163482947
56900 0.1138 -1.95863468141675 -0.00257754450758657 -0.0334509508894587 0.0298041413751739 0.0650052039922621 -0.0803465081495898 1.94972590829173 373.749599116587 -332541.106716679 101.624952099549 110.104528810952 88.2644361302386 987623.210071988
57000 0.114 -1.96756028546783 0.00671036239965257 0.0473779574577103 0.0293714701867988 0.0708739178617086 -0.0624644941196951 2.00226124896834 373.857440464549 -332540.300946477 101.631508593043 110.14273429456 88.2445163748492 987806.667242829
57100 0.1142 -1.96655880196473 -0.00101871969376411 -0.0198918617926287 -0.00921432143166787 0.0896955300929721 -0.0505768857430851 1.96435046080414 374.607685185534 -332544.239139943 101.645269054585 110.1137280959 88.2245966194598 987457.284203303
57200 0.1144 -1.97146666882795 0.0203559075749597 0.00299565138927507 0.00465512729213447 0.0735848150612816 -0.07185628272791 1.99120043338583 373.275236392769 -332533.556433848 101.661569197654 110.146790876116 88.2046768640705 987689.122245306
57300 0.1146 -1.96708131582903 -0.0156296809663078 -0.0189123592944766 0.0177525244989632 0.0893754907938992 -0.0309582316659438 1.95692434676485 372.79291278005 -332530.319273368 101.647412779566 110.165676013304 88.1847571086811 987497.843499089
57400 0.1148 -1.94294952205138 0.00967687921950749 0.015272495145684 0.00235393018782047 0.0830501322289525 -0.0216633477790471 1.96107720896176 373.332927770528 -332532.668181949 101.640109026755 110.216081702802 88.1648373532918 987655.531121339
57500 0.115 -1.92068912549823 -0.0175769708238112 -0.00464135543732273 -0.000650702226357864 0.0841738477217544 -0.0310728828000135 1.91592658590633 374.488228108087 -332541.906460817 101.632388427797 110.230196444579 88.1449175979024 987483.822237717
57600 0.1152 -1.94712539762438 -0.00404117218740318 -0.019107773629526 0.0084398429411493 0.0730418306774762 -0.0285402652733995 1.94040982634759 371.242055576936 -332516.205357684 101.637589550221 110.253387165342 88.1249978425131 987518.900875818
57700 0.1154 -1.96494059602683 0.0053507877835728 0.00175139767980551 0.0194049337190474 0.0898550336102694 -0.0611741379965919 1.97776325844382 372.726864112522 -332526.550278414 101.627263491512 110.308902086025 88.1050780871237 987692.450014835
57800 0.1156 -1.95801728742112 -0.00341096660337677 -0.0373823341323041 0.0193205758527826 0.0912682006455868 -0.0446693681200731 1.94610761216831 372.685357634296 -332526.549439313 101.648198372979 110.303200014026 88.0851583317343 987621.502512533
57900 0.1158 -1.96640380511998 0.00992762193560478 -0.0179126183869415 0.0397255755500128 0.0535737034538247 -0.0801194901970174 1.97084794795399 373.540140288809 -332532.470703304 101.665499474967 110.327823917202 88.065238576345 987786.683224132
58000 0.116 -1.93714836249755 -0.007558068809132 -0.0207387202464501 0.00886867447746248 0.0701914367178832 -0.0530883549439693 1.92912694445167 372.505527070336 -332525.117044978 101.660047062035 110.361265885901 88.0453188209556 987809.617447963
58100 0.1162 -1.91932398516985 0.0073334359515826 0.0089473788622993 0.0134394173257552 0.082932146208762 -0.0341761328518545 1.93385626117064 372.872891317186 -332524.419620078 101.653514949947 110.397168406628 88.0253990655663 987843.933319695
58200 0.1164 -1.92080483534954 -0.0422540407357746 0.0123188083779104 0.0188159264208955 0.0745796492020954 -0.0439478330358702 1.91258774398547 373.365097354742 -332527.773770961 101.632058204801 110.421599039943 88.0054793101769 987630.436371286
58300 0.1166 -1.8939136762937 0.0383428107345078 -0.0323373022933703 0.00171745053702396 0.066109273088831 -0.0333782950281466 1.90223584020206 372.347636156706 -332519.605017926 101.66954317272 110.420930582071 87.9855595547876 987765.095198581
58400 0.1168 -1.84269778050497 0.00701036546071976 0.0168218755715892 -0.00425209901769491 0.0668723754922913 -0.0217452230365788 1.85864291088515 373.398579828258 -332524.631305081 101.660618348033 110.466898534832 87.9656397993982 987865.853029612
58500 0.117 -1.89594866422831 -0.0354111276417194 -0.0302977896214055 0.0177368818164738 0.0578765436817881 -0.0388640063959462 1.86726102498613 373.820252558744 -332528.507977816 101.645757809081 110.464459136397 87.9457200440089 987475.97349854
58600 0.1172 -1.90185529131258 0.0130559411784382 0.0218132179453905 0.00374338241857659 0.0460833169929254 -0.0152953279740769 1.92115746936273 372.688561799422 -332519.427303328 101.674168442319 110.494980835692 87.9258002886195 987801.110263376
58700 0.1174 -1.93341361375205 -0.0170302086361898 -0.0161623984916282 -0.00921694229093432 0.0606881836710831 -0.0250110707952722 1.92025254834675 373.550071946026 -332525.602413074 101.675054932238 110.507128049045 87.9058805332301 987694.502473058
58800 0.1176 -1.9148480290822 -0.011124535763888 -0.0169762218724499 0.00496959515786597 0.0663421166106953 -0.0473413629087084 1.90605847832259 373.610370025184 -332526.561320313 101.682746016818 110.534305658615 87.8859607778408 987788.256050045
58900 0.1178 -1.88851304216126 -0.0273027283964505 0.00882166757672848 -0.00822389087982552 0.0538015608638921 -0.0540361076226619 1.88422141113818 374.023432120523 -332531.012208023 101.691790675232 110.55096459742 87.8660410224514 987801.064824898
59000 0.118 -1.90252720118928 0.00131183708722694 -0.0198495312626995 -0.00325815214201915 0.0237358755924333 -0.0626239624108838 1.89690546734643 375.214552228046 -332539.935538254 101.702930078109 110.558492816019 87.8461212670621 987752.563119367
59100 0.1182 -1.89907093093044 -0.0203335466308035 0.00457420648802818 -0.0159063764699673 0.0218018980024784 -0.0223657704645693 1.89228839557978 374.348785651759 -332533.94880764 101.676989737435 110.608663595571 87.8262015116727 987724.724224617
59200 0.1184 -1.86919092502837 -0.0135043329472847 -0.0116938992055556 -0.00994473465381065 0.021032906386211 -0.0459279435623261 1.85873278714692 373.428919686211 -332528.7986024 101.671380584085 110.657237423753 87.8062817562834 987879.860016082
59300 0.1186 -1.90483745087825 -0.00351187352697048 -0.0195098340900655 -9.25426172966749e-05 0.0177311600389499 -0.0497627672657566 1.89558691730227 372.706327879018 -332523.254398639 101.663635880361 110.672168541546 87.786362000894 987713.771227177
59400 0.1188 -1.88333831228863 0.00275643533719209 0.0113575772888676 -0.00358717262459061 0.0482400717558039 -0.00969768290028715 1.89234034927004 372.425232016792 -332519.611793049 101.65468107061 110.710863405135 87.7664422455046 987747.897140261
59500 0.119 -1.89674932040349 -0.0133074925820255 -0.015936921944964 -0.00398838393831095 0.0383462551312198 -0.0346488066462442 1.8842686385741 374.017385304731 -332530.521095712 101.654744386123 110.723122996987 87.7465224901153 987633.683487527
59600 0.1192 -1.93882409572835 0.0181971424557842 -0.0233432844008815 0.00581241282146463 0.0113358125175001 -0.0571480255855955 1.93923871171529 374.972046775303 -332539.782392356 101.642748649074 110.752795321217 87.7266027347259 987557.538494862
59700 0.1194 -1.87457154158928 -0.0368833360519249 0.0294579754273431 0.00237576230813513 0.0307211743144131 -0.0450740891835386 1.87412835231897 371.902252449272 -332517.295535746 101.629496784979 110.827841673334 87.7066829793366 987873.504141562
59800 0.1196 -1.83775915334773 -0.00124593145903657 -0.00357274504219506 -0.00463669082491062 -0.000609877694073252 -0.0341616096869646 1.83632232018514 373.763113835295 -332531.656246796 101.662266426243 110.820693621013 87.6867632239472 987903.879351193
59900 0.1198 -1.85438682146683 0.0229713750492076 0.0025734049854337 0.0106971409638084 0.0133444239336618 -0.048983147175345 1.86940395112012 372.462644746513 -332520.378152327 101.683568526316 110.845020590356 87.6668434685579 988103.27140854
60000 0.12 -1.87859831684105 -0.0405688031243917 -0.0470898289217374 0.0347405314607536 0.0200124684652966 -0.0374312297209141 1.83723560827993 372.14223367211 -332519.189295242 101.656835715769 110.869682234746 87.6469237131685 987838.771244425
60100 0.1202 -1.83323169230532 0.0258213150624461 0.0493704977032972 0.00750931117595917 0.0488463723220143 -0.048486971191303 1.8747778160816 373.817027570149 -332530.585495664 101.652258399123 110.945042449377 87.6270039577792 988241.062805737
60200 0.1204 -1.84805450003523 -0.0218217564438644 -0.0518642721351967 0.00348167855142388 0.00937954915489549 -0.0197057825561684 1.81180275094753 372.930760105487 -332524.04451143 101.645665328164 110.938927992267 87.6070842023898 987897.881172297
60300 0.1206 -1.80148818442228 0.00457918137378303 -0.0284271255178777 -0.0235189683090498 0.0207737961638829 -0.0265924383012206 1.79120983781974 372.773938274765 -332522.126181384 101.66721328909 110.964764613313 87.5871644470004 988112.703082937
60400 0.1208 -1.76622802604263 -0.0142390763624618 -0.000899225075596208 -0.00125149573674586 0.0145643291505672 -0.0475020779803544 1.76080234651469 374.827166787251 -332536.285646507 101.649705790858 111.01122699021 87.5672446916111 988131.430752868
60500 0.121 -1.78394608090009 0.0211030661510292 0.0131781592806248 0.00365451599968744 0.0247744132429753 -0.0560842382307312 1.80423892195073 373.681618003935 -332529.397735013 101.636498818261 111.063517210061 87.5473249362217 988243.574566843
60600 0.1212 -1.74676720263691 -0.0271666731825433 -0.00911480024957069 0.00428432608612574 0.0373515338532539 -0.0346633805248347 1.73096475663462 375.609624991834 -332545.700802884 101.636561025908 111.086370082149 87.5274051808324 988222.621757658
60700 0.1214 -1.71272036546333 0.0205905035390482 0.0287953620830124 -0.0145140747049169 0.0585815310945661 -0.0297723207940472 1.74133339556345 374.752233266928 -332540.198830137 101.665847416485 111.116367927963 87.507485425443 988549.28528618
60800 0.1216 -1.69356248013683 0.00461083231068247 -0.00176234381624303 -0.0100950619808215 0.0222861534159595 -0.0126843063275999 1.69566768043774 373.817135724193 -332535.245513483 101.668737451954 111.137461405371 87.4875656700537 988539.973113312
60900 0.1218 -1.65532618187083 0.0190392842048172 -0.00646024482544416 -0.00418466735970123 0.0454122655942312 -0.00804241855727694 1.6636970296808 372.805308095824 -332529.475258948 101.66706773391 111.182931591804 87.4676459146643 988703.011718898
61000 0.122 -1.66186931215908 -0.027736366364373 -0.0213547819707419 -0.0260198293387655 0.0643385585374797 -0.0363249821660066 1.64294477215263 373.865703500693 -332540.725829133 101.635106269905 111.231634863495 87.4477261592749 988599.957308933
61100 0.1222 -1.62982629533413 -0.0108361608764991 0.0185806993138432 -0.000890023376990795 0.0434822064336541 -0.00205622280218043 1.63563662864952 374.658422418384 -332548.951544315 101.612151760373 111.289300875241 87.4278064038856 988663.826245606
61200 0.1224 -1.64042916085201 0.0122866974955502 -0.0210327499862383 -0.0183835411704996 0.0185746871010238 -0.0322878116177897 1.63789155436716 375.219379741717 -332554.602667837 101.625848834833 111.289001384853 87.4078866484962 988569.145578604
61300 0.1226 -1.60198199929544 0.0161902423556201 -0.0204581990127597 -0.00558126087109567 0.0222348615388301 -0.0412255213991796 1.60224725646457 374.488894381933 -332550.813732361 101.63910693848 111.313865850798 87.3879668931069 988693.642697049
61400 0.1228 -1.62161440619072 -0.0231217076932508 0.0133932189693898 -0.0200420015506474 0.0145121575170714 -0.0541302735803229 1.62034200212634 372.571138636607 -332539.829543571 101.609748510838 111.351876845639 87.3680471377175 988520.195476298
61500 0.123 -1.6023977350195 0.0214456860199056 -0.0318309507339954 -0.000774467912302811 0.0113223801801281 -0.0493788872358689 1.6002793980375 375.301349561833 -332562.358954726 101.604242386941 111.385637919998 87.3481273823282 988540.887552486
61600 0.1232 -1.58028553195448 -0.0184652718470447 0.0185032375996587 -0.000656354660352135 0.0138845988429402 -0.0287478306947324 1.58159612878287 372.251558475427 -332541.105013006 101.58733504959 111.452621299317 87.3282076269388 988745.230158732
61700 0.1234 -1.56064769829982 -0.0132565159699979 -0.0356866311980271 -0.00632500536469363 0.0289211169461202 -0.0433390813311026 1.53898621069372 374.722013838605 -332561.732188231 101.596296435087 111.457143065989 87.3082878715495 988647.005065748
61800 0.1236 -1.4912472774484 0.0332346914777126 0.0184400377299525 -0.0237828125054927 0.0108809808721708 -0.0476296803096778 1.52005519161997 372.036253568289 -332543.232758521 101.588045388462 111.537970687484 87.2883681161601 989057.902631995
61900 0.1238 -1.56456121318085 -0.0400796066377073 0.0188566708181351 -0.0255692026519633 0.0143547024537965 -0.0628300847139742 1.55941890070762 374.49691362723 -332564.495019966 101.531612274314 111.572392550674 87.2684483607707 988587.882944887
62000 0.124 -1.56502319391101 0.00776977236918007 -0.00864360816645936 -0.037772626232679 0.0323130068071457 -0.0663196890493475 1.5712224135853 370.33818651491 -332534.873572338 101.582176246739 111.554693451771 87.2485286053814 988697.580564401
62100 0.1242 -1.55609466734005 -0.00177113755331363 -0.0440440473670741 -0.0407169493715877 0.0262077711554508 -0.0730373274308785 1.54111659554255 373.522074281077 -332562.577460388 101.6002027398 111.554198737561 87.228608849992 988642.877636629
62200 0.1244 -1.54410314386167 -0.000655510047601158 -0.0200924753195739 -0.00968638084254663 0.0338906180446481 -0.0850617177968574 1.54209018649597 374.612003706122 -332572.673654927 101.569911195348 111.60595919752 87.2086890946027 988580.90009255
62300 0.1246 -1.54253483295455 0.0126839499335013 0.018389900111979 -0.0271380619354183 0.0250215675877285 -0.0771753086766688 1.56510950606196 374.426135170204 -332572.992003831 101.562377703513 111.656430390796 87.1887693392133 988728.714183203
62400 0.1248 -1.53760521924397 -0.0493976965747872 -0.00635432601479946 -0.0200799854243756 0.0226554527268812 -0.076034140768814 1.51682722414017 373.522955781149 -332566.070450554 101.551705239228 111.682186589313 87.168849583824 988626.945229936
62500 0.125 -1.5723988919565 0.0167278802873286 -0.0085463863262738 -0.0184453173675387 0.0196710602207445 -0.101534009568635 1.5871067007031 373.899486425802 -332571.064500254 101.584436821495 111.68727119423 87.1489298284346 988764.614810796
62600 0.1252 -1.63025943373839 0.00543854881940059 -0.024058546612401 -0.0254480289664724 0.0176864205804741 -0.0781951026825717 1.62768371820134 374.911175721119 -332579.736663826 101.558295014858 111.715556135327 87.1290100730452 988534.504500178
62700 0.1254 -1.54874122257618 0.0265186670290051 0.0498667445945595 -0.00888117923898837 0.0153131287358593 -0.118800193605354 1.60064009145855 374.551916751992 -332577.4316071 101.558887831483 111.775052812794 87.1090903176559 988840.62045363
62800 0.1256 -1.57182257316495 -0.0328361319618577 -0.0522041878680013 0.0190359401707179 -0.00647911555643518 -0.0952465447534912 1.53866044437904 373.355796686598 -332570.166086734 101.551345780998 111.752015317747 87.0891705622665 988337.334934554
62900 0.1258 -1.55373481847898 0.0154181173664835 0.0440275128526894 0.00771592996076772 0.0055483407523809 -0.101068390623755 1.59338236724055 373.275382644107 -332569.295187937 101.593193314818 111.790743665388 87.0692508068772 988861.034768553
63000 0.126 -1.56463806685848 -0.0242929296826534 -0.034906608590669 -0.0227300978080698 0.0121080501886094 -0.118998205303793 1.54948332304076 374.765262843193 -332581.325933139 101.585498262728 111.774748762309 87.0493310514878 988418.477492269
63100 0.1262 -1.52535759026644 0.0640300090496054 0.0579986838398006 -0.0111731187953321 0.0291736480041128 -0.099879816552599 1.59670252660779 373.149922799412 -332568.498651168 101.588080930196 111.855731156164 87.0294112960985 988933.39572685
63200 0.1264 -1.59280119178998 -0.0891632805740111 -0.0309867283672816 0.00302674443524459 0.0169148255549086 -0.125178269944316 1.5490908830761 373.367614681477 -332571.256247755 101.550000170932 111.841077753314 87.0094915407091 988206.947259908
63300 0.1266 -1.57667549807536 0.0448602877379757 -0.00195633724253269 0.0090755298012976 0.0184867995685837 -0.130368435460218 1.61490415695866 373.563986398467 -332572.855841965 101.613494770885 111.835130914185 86.9895717853197 988545.882861677
63400 0.1268 -1.61641532083977 -0.0110559579830564 -0.0339144339881663 0.0294374769354498 0.040798737201781 -0.103774737308015 1.60651984727496 373.531405783722 -332574.327277733 101.595439598527 111.847716893164 86.9696520299304 988255.112430457
63500 0.127 -1.55985753475175 -0.000669053906287517 0.0392958091504327 -0.0112633005774138 0.0218346914894759 -0.129658200771884 1.5960022736062 373.816218921884 -332578.090370289 101.607424520569 111.886391311668 86.949732274541 988486.993190196
63600 0.1272 -1.60457840249656 0.0245766248270905 -0.0609402700286149 0.000301369614022781 0.0233388736514815 -0.106713849451842 1.59935514558831 373.385234649824 -332576.670279966 101.635252460332 111.870991540051 86.9298125191517 988395.138513125
63700 0.1274 -1.58029358473239 0.0132156288412567 0.0489669965011615 0.0209834951764228 0.00615441438677262 -0.112956866661118 1.6239557323505 374.424705150488 -332585.462129031 101.622649433591 111.939636773893 86.9098927637623 988652.390408208
63800 0.1276 -1.61788547779518 -0.00501188115584475 -0.0321832355514492 0.0371412351508041 0.00338998976883026 -0.136929714119967 1.61823907106175 374.676704758724 -332589.622292873 101.6291214113 111.918573525901 86.889973008373 988302.740342294
63900 0.1278 -1.5962344663435 0.0449284469112645 0.0263477264757286 0.0154959805803171 0.00230513897298806 -0.172283167868292 1.6592310715407 373.049254558494 -332576.875939357 101.676092979174 111.935403324348 86.8700532529836 988681.495416438
64000 0.128 -1.6169847956333 -0.00528083711709842 -0.0325242189193009 0.0377654451476717 0.0078973778164872 -0.134754356650322 1.61659072978732 373.455983339769 -332581.618443319 101.658156698576 111.935432881969 86.8501334975943 988280.677138032
64100 0.1282 -1.59032404813698 -0.0103958392465548 0.0225750455499533 0.0293107277789736 0.0132457052354081 -0.158667567585439 1.62110510111925 373.508404788197 -332581.381358805 101.641365098585 112.012568352096 86.8302137422049 988571.565647145
64200 0.1284 -1.61096893400918 -0.00898285151378691 -0.00674940452671336 -0.00520985525398543 0.0202569190988858 -0.15574966554664 1.62604694853094 373.943013575508 -332585.552247236 101.634972984804 112.027373408507 86.8102939868155 988413.245565021
64300 0.1286 -1.59264447462422 -0.00522817372322158 -0.0225983947541708 0.00480123042165069 0.00998419722582619 -0.145524391056284 1.59891172931166 372.623340641868 -332576.222558185 101.653666925792 112.049866560859 86.7903742314262 988566.647697386
64400 0.1288 -1.58936295897465 0.0201885379355783 0.0405554361136762 0.024723801386897 0.0324564654547532 -0.130430486292436 1.63703475955011 374.671792215011 -332591.432059091 101.662037399857 112.080948310168 86.7704544760368 988695.31925903
64500 0.129 -1.61117808448364 -0.0354236617424728 -0.0266809506733702 -0.0172327099608638 0.0371441287067266 -0.141340882126249 1.60056755373514 373.572015351574 -332586.008651981 101.654540691483 112.089088437542 86.7505347206475 988467.239344851
64600 0.1292 -1.58218914370785 0.0492403901937781 -0.028052127304549 -0.0203238894908539 0.0316135182047843 -0.126547477680633 1.61050283418729 375.120077370453 -332599.728481906 101.664847636573 112.125736158389 86.7306149652581 988663.605545122
64700 0.1294 -1.58613487971393 0.00969551641842289 0.0165239302737585 0.00345301527446796 0.0274820354773921 -0.153576185682232 1.62193611527549 373.379197449274 -332588.338087335 101.624859859609 112.196298292654 86.7106952098687 988669.545036022
64800 0.1296 -1.58286732837805 0.0303436466237293 0.0217651766908647 -0.0110078472540719 0.0514012061934844 -0.138227895085775 1.62920071851372 376.425735278398 -332611.228491451 101.624566295243 112.211710930273 86.6907754544794 988575.349986266
64900 0.1298 -1.6035412774857 -0.0197197694002921 -0.0240633535985935 0.00203641003486275 0.00811646308970062 -0.127822967976931 1.59713999992681 375.416047351057 -332606.62443638 101.637292755978 112.187435471039 86.67085569909 988258.124421744
65000 0.13 -1.57190200132549 0.0294280160249431 -0.0178186596467256 0.0231759213697471 0.0607856391048353 -0.13371953498202 1.59911580153599 374.429410491922 -332601.433908082 101.653137924866 112.218426840627 86.6509359437007 988458.006571527
65100 0.1302 -1.56071811198589 -0.0110727440106415 0.00875661533400461 0.0168723362772498 0.0234749280794412 -0.132415106724476 1.57722254937071 373.176107609527 -332594.954544539 101.627357473188 112.25777532674 86.6310161883113 988326.574969701
65200 0.1304 -1.54109830453445 0.00834786281519695 -0.00602126962963584 0.0140086211019279 0.0446664074619171 -0.12097168835899 1.55858979102983 373.522960849272 -332599.311128441 101.63331043773 112.289984344685 86.611096432922 988440.722729147
65300 0.1306 -1.55994926530073 -0.0273374696160911 -0.0126550728127507 0.0223745339287717 0.00997144911229469 -0.130540261996174 1.55709323172416 374.800261485774 -332611.908452553 101.619007582144 112.321536300505 86.5911766775326 988351.954610312
65400 0.1308 -1.49676776140626 0.0122921158212563 -0.000167590491567517 0.0325647584144737 0.0114924709834035 -0.131134373455424 1.52111170112682 374.376449372182 -332611.281809054 101.637274268187 112.36907501964 86.5712569221433 988720.499213331
65500 0.131 -1.52686939019702 -0.00239830957325176 -0.00453703665679298 0.021547756579554 -0.0134731006945211 -0.133648984618397 1.54151868826165 373.990696707364 -332610.466339965 101.645730194067 112.381218975382 86.5513371667539 988682.0750407
65600 0.1312 -1.49724139112319 0.0275048267571467 0.0470302342443631 0.0303878663423455 -0.00133936952710222 -0.143872368278667 1.55559537983169 374.018813885178 -332613.218621803 101.644325981555 112.423569578808 86.5314174113645 988813.366652298
65700 0.1314 -1.49146093892483 0.00607159450575794 -0.0290781770739638 0.0339161905792512 0.00103269337008185 -0.125329301184648 1.4972567225313 373.986925543552 -332615.856241601 101.64431871221 112.440909840905 86.5114976559752 988738.14846429
65800 0.1316 -1.48528152621016 -0.0156220052175452 -0.00810705727982623 0.0254706235705498 -0.00114363543141267 -0.137921406164992 1.49332418496788 373.664983384597 -332616.13449303 101.639909156148 112.477289626916 86.4915779005858 988787.416764405
65900 0.1318 -1.48710363936928 0.00257431596127365 0.0102751971889582 0.0337130145139031 0.000562992354670781 -0.144364330035219 1.51545550230107 374.797087447441 -332626.78033918 101.617737164271 112.502645882656 86.4716581451965 988566.85033958
66000 0.132 -1.47605164127264 0.00132218787416168 0.012004389997519 0.0602493520617501 -6.02603543628646e-05 -0.147476284264808 1.50819987858771 374.972779215999 -332632.167815716 101.6159268212 112.534167322423 86.4517383898071 988598.426806785
66100 0.1322 -1.48022652916909 0.0380690197577927 -0.0503223354447215 0.013309381060822 0.00688238575373493 -0.15120024957959 1.49936262171317 373.787988329252 -332626.058912323 101.6240547478 112.543306651828 86.4318186344178 988529.971468898
66200 0.1324 -1.51141577917769 -0.0163957043039668 0.0215310283512368 0.0247264430728075 0.0149133709459082 -0.15198238855114 1.53786281708362 373.635235268837 -332627.41280438 101.587703171768 112.618380034987 86.4118988790284 988607.64823738
66300 0.1326 -1.46970386906214 -0.00224930521099155 -0.0111975033089329 0.0204802162369459 0.036507444163428 -0.169812807123653 1.49403405572922 374.042628445796 -332633.150533962 101.578443267417 112.656952243676 86.391979123639 988628.153657339
66400 0.1328 -1.5074653509445 0.00431699079201148 -0.00960259794536892 0.0408128858433382 0.035073077833576 -0.138342508051392 1.52667599745333 374.812030673076 -332640.68094277 101.573542532767 112.672277991045 86.3720593682497 988486.969969488
66500 0.133 -1.48160202014132 0.0450562618794821 0.0232525678156271 0.0464869512927405 0.0169740158366655 -0.17445342515352 1.54807092060475 376.300634467836 -332653.707408286 101.56435249538 112.736132464958 86.3521396128603 988729.606322568
66600 0.1332 -1.52419281342273 -0.0362484351004821 -0.00291312119250182 0.0481969749004403 0.00991203309031713 -0.152401489996902 1.53023953742267 372.966625279626 -332633.125764213 101.523422270025 112.759913359921 86.332219857471 988311.59501027
66700 0.1334 -1.51859285338458 -0.0214102610276506 0.00162658328921569 0.0500808869012092 0.0130298136533583 -0.160783348652734 1.53693338918401 374.937230490935 -332648.757970464 101.537006546307 112.775646799264 86.3123001020816 988353.654244234
66800 0.1336 -1.49668790642336 0.0299850730418443 0.00190886447571925 0.0395593388692454 0.0182058969096146 -0.188638494921999 1.54954770947988 373.79113464447 -332641.438903945 101.571459234481 112.777922348779 86.2923803466923 988480.782422107
66900 0.1338 -1.46893494837903 -0.0104764296554566 -0.0213405191889638 0.0155898532570876 0.0385626944529388 -0.186109578747499 1.49012588597047 373.215163419684 -332637.866642018 101.562466121027 112.800204540224 86.2724605913029 988360.339145168
67000 0.134 -1.46937247522003 0.0267304823125044 0.0324013485362952 0.0232778004102272 0.0433995984978488 -0.189220214807604 1.53672685617554 372.263966068487 -332632.893284969 101.558070186519 112.863857247046 86.2525408359136 988646.938623894
67100 0.1342 -1.45560994333742 -0.028998364594226 -0.0238457914422623 0.0615724512828513 0.0294852047156839 -0.197197076969117 1.47419115442705 373.126054629871 -332639.472712295 101.557601397343 112.867460586326 86.2326210805242 988445.607708851
67200 0.1344 -1.42355207467429 0.0340767196257476 0.0268900453809802 0.0344900981137321 0.0415033952725213 -0.167993710942184 1.48581957308226 375.057909315709 -332655.706189696 101.585496760772 112.911961942019 86.2127013251348 988878.456507509
67300 0.1346 -1.43434673884709 0.00806452675409613 -0.00166773115621976 0.0455084642224111 0.0181687866920948 -0.164145433148948 1.46786974986743 374.531071598274 -332652.152044424 101.559157789256 112.929333802707 86.1927815697455 988545.704012181
67400 0.1348 -1.43582806648347 -0.0104355218362447 0.0259745622002914 0.0523575928406254 0.0243767664610983 -0.149644621723817 1.47042695641 373.412953241592 -332645.909666087 101.551527262424 112.985740485017 86.1728618143561 988736.602205783
67500 0.135 -1.44077322999866 0.0221661753339718 -0.0172145361276556 0.054240377615787 -0.00889433862593826 -0.159964390584391 1.47307846082229 372.885105952926 -332643.743205235 101.570459242128 112.997385511183 86.1529420589668 988794.231238974
67600 0.1352 -1.45905840023032 0.00332706473654451 0.0117802477801018 0.0472750000945317 0.00619011818696978 -0.179604813674074 1.50153185558667 374.945430673112 -332659.707476291 101.544717794557 113.032251904255 86.1330223035774 988620.025568634
67700 0.1354 -1.52195809573086 -0.0524902813442631 -0.00409750876692939 0.0566507754749862 0.000922850383223727 -0.18970573272731 1.53309635080129 373.585715394115 -332652.299105901 101.511529979362 113.07810317568 86.1131025481881 988469.162160887
67800 0.1356 -1.48945907924917 -5.79138782714882e-05 0.00899735427604079 0.0444094807878004 0.0118578729415255 -0.181241414344591 1.52864925357514 373.227271507671 -332649.819890459 101.546280737119 113.099513771968 86.0931827927987 988765.99699587
67900 0.1358 -1.47803228907527 -0.0231853799959223 -0.0363998904548558 0.0393240239727193 0.0140811383983388 -0.183419775411802 1.48448357230539 373.895090664894 -332655.244247363 101.536684493778 113.105443983282 86.0732630374093 988495.631596386
68000 0.136 -1.46450990671247 0.0101355791545782 0.0520255716432355 0.06990837062085 0.00552846070090498 -0.188229865615227 1.53595300976153 372.852123171254 -332648.023024498 101.543963629148 113.182043962109 86.05334328202 989007.060430337
68100 0.1362 -1.48842122423326 -0.0410244810961337 0.0018489222793473 0.0493447800373385 0.0330189335850799 -0.162914427058186 1.49968299606317 371.906631700013 -332641.298547688 101.532078874236 113.182035580348 86.0334235266306 988662.323322134
68200 0.1364 -1.46837647816647 0.00407521207542438 0.0378970125988182 0.0408005161302458 0.0352082456774737 -0.175229441109643 1.52311780265674 373.722078641278 -332653.29424954 101.560894885289 113.20702084743 86.0135037712413 988932.203977519
68300 0.1366 -1.46559411741968 -0.0135525891867802 -0.0264344257622218 0.0595874034509584 0.0523043281779393 -0.177366227199128 1.48429145372468 371.662902564218 -332638.664272373 101.57807716651 113.187415017058 85.9935840158519 988699.191132369
68400 0.1368 -1.48919714797594 -0.000451422570748455 0.0164684110825847 0.0684702242274955 0.0588180315199147 -0.179568818997469 1.53721095666483 373.803319869317 -332655.412682923 101.560397902746 113.216132580319 85.9736642604626 988548.875164575
68500 0.137 -1.49508516968899 -0.00384766919313159 0.0211480547305077 0.0457723730226228 0.0387282085859851 -0.16428664810313 1.53409383383764 372.95093242131 -332647.454170189 101.544121705697 113.258537252454 85.9537445050732 988531.555063451
68600 0.1372 -1.5023997621488 0.00279489853775298 -0.00436520934760275 0.0524163288087667 0.0543695111974847 -0.172936715920757 1.53678780139177 373.556824154599 -332652.360127705 101.547540640601 113.278422156731 85.9338247496839 988509.26176753
68700 0.1374 -1.46445948858596 -0.00119895546645711 0.0115776461542766 0.0749240357550305 0.04188922507909 -0.193909037983541 1.51489181996699 373.14791132975 -332650.065154401 101.554566049795 113.311387442671 85.9139049942945 988636.115007502
68800 0.1376 -1.49725513505553 -0.0162206074176397 -0.0386090499885895 0.064945661121621 0.0441838280415205 -0.183078075128077 1.50992372370372 372.985897000281 -332649.927700095 101.565024566472 113.313473277379 85.8939852389051 988526.879388419
68900 0.1378 -1.46790691525846 0.021214702567088 0.0470379509353936 0.0682662130056705 0.0335578106575402 -0.175345518991325 1.53824619316714 372.484221521407 -332645.933490154 101.571262753294 113.380678499476 85.8740654835158 988944.517651384
69000 0.138 -1.52252895131585 -0.00581785144115048 -0.00113170497515028 0.0417176745029701 0.0359417015025472 -0.170310886957917 1.55037284427976 372.938726125488 -332649.192634665 101.577404697551 113.358262056047 85.8541457281264 988579.41406809
69100 0.1382 -1.48838752793232 0.0135078749470906 -0.0101328251984289 0.0489719480009888 0.0327579613763212 -0.146536161155209 1.51511562983695 372.882178525346 -332647.890303633 101.612402976943 113.359359593574 85.8342259727371 988700.151733721
69200 0.1384 -1.56130449090737 -0.0148431107378645 -0.0119412226498656 0.0491753928637089 0.0565769942725607 -0.156224567837328 1.57674181544996 374.371001786913 -332659.397533935 101.602629541484 113.372191377208 85.8143062173477 988487.5069466
69300 0.1386 -1.56266956166046 0.00573015078547538 0.0308630944493875 0.0423017860207493 0.0582659992233313 -0.158853017575315 1.60971543179208 374.796542359599 -332662.219828673 101.599337665685 113.406852055626 85.7943864619584 988528.159042587
69400 0.1388 -1.56802005632021 -0.0433954298624092 -0.00404217696174625 0.0417288790574743 0.0252399811232601 -0.164350512496065 1.57295779011252 374.419868830707 -332660.367125913 101.609998754184 113.396689036379 85.774466706569 988313.770971831
69500 0.139 -1.55814393186576 0.0610036122625382 -0.000375605485145436 0.0313983100917831 0.0382811010149304 -0.151010524574765 1.61300669362002 373.517002366387 -332653.520102399 101.652820847834 113.411976667042 85.7545469511796 988633.930127605
69600 0.1392 -1.57703278953393 -0.0474869836404853 -0.0189263532082336 0.0536642175720213 0.0157224064298092 -0.172971945013497 1.57580134618808 373.354911938059 -332652.109579858 101.609415759311 113.438399311889 85.7346271957903 988212.419566863
69700 0.1394 -1.55145229197524 0.00324892296772027 0.0134773321379247 0.0633073430520697 0.0206720141696592 -0.142782753841911 1.58353048856332 373.850672198537 -332656.441585259 101.610681851373 113.474911389868 85.7147074404009 988313.129985814
69800 0.1396 -1.55709057988911 -0.0253616508340775 -0.015170824629353 0.0623195426599723 0.0350455734829546 -0.13928109583155 1.56058975139976 374.069818908471 -332658.681814189 101.610683720692 113.483745731627 85.6947876850116 988160.393226138
69900 0.1398 -1.55007137376782 -0.0133209106233232 0.0470463189498227 0.0477502170018538 0.0466285363198563 -0.161726975261363 1.5968235064769 372.413924590479 -332645.186213914 101.648153203468 113.502798250414 85.6748679296222 988460.922564453
70000 0.14 -1.5857333006499 0.00700281451347 -0.0332149605626908 0.0470012845997458 0.0120651966088462 -0.149241203897445 1.59632464716124 373.62585817516 -332654.84063674 101.673468399462 113.466908574617 85.6549481742329 988164.660356493
70100 0.1402 -1.58220078263092 -0.00102309909914503 0.0227203688122442 0.0633392465432428 0.0160300019206266 -0.138231825551093 1.61504174462668 372.784675078901 -332648.882339157 101.66030912802 113.530770953781 85.6350284188435 988362.955034884
70200 0.1404 -1.58493553344582 -0.0349192854377524 0.0101146696599464 0.0700639218826833 0.0315402756445627 -0.149454254673438 1.59971958087853 375.138701812143 -332667.590041884 101.655107994039 113.546282905981 85.6151086634542 988217.498785831
70300 0.1406 -1.61065547948189 0.0147848835995856 -0.0363438307296439 0.0472450896402106 0.0139430333548492 -0.153041390677788 1.62453327610878 373.874080050646 -332659.390981049 101.696299346388 113.537458264756 85.5951889080648 988311.097236795
70400 0.1408 -1.58648477434054 0.00564305269567542 0.0205770013019805 0.0595359803680053 0.0205201796723141 -0.138201974390689 1.62113139040628 373.518355653539 -332656.339565504 101.681012519762 113.598539872602 85.5752691526754 988464.064477857
70500 0.141 -1.60961687589699 -0.0467532048015503 0.0425617648555551 0.0673525929945112 0.0180726523911507 -0.140959671177868 1.63226989310444 374.516624957045 -332662.745082414 101.670917396906 113.616398256885 85.5553493972861 988291.201946669
70600 0.1412 -1.64683628943642 0.0174345856121529 -0.0426431600814941 0.0748066377239856 0.00207603445150119 -0.118296286511601 1.65293808165134 373.195282380519 -332653.844821497 101.735928568673 113.56391984596 85.5354296418967 988236.224060231
70700 0.1414 -1.6344499777738 0.00257087094329372 0.00588489886923537 0.0639680926020972 -0.0282669458191544 -0.128269237918375 1.65810288528887 372.014612595422 -332645.259037716 101.732267957004 113.596681743865 85.5155098865074 988255.548857472
70800 0.1416 -1.65723771846582 -0.0273139476267062 -0.0141224621275389 0.101915943655854 -0.0124802124837769 -0.113186566685594 1.65782630944341 372.770809126751 -332651.469873421 101.720464043734 113.612806060506 85.495590131118 988050.935008122
70900 0.1418 -1.6419135411551 0.0358133850339375 0.0023044351650671 0.0996297865673364 -0.00126947786508047 -0.1152206941206 1.68204701599424 373.39477016635 -332657.530142935 101.747004714215 113.636955671599 85.4756703757287 988288.493943485
71000 0.142 -1.65798109987544 -0.027125472721246 0.0165595111316311 0.102030451489699 -0.0232259052454694 -0.129086813500787 1.67799926685016 374.239777950868 -332664.423373228 101.722223930034 113.657508221868 85.4557506203393 987996.191018979
71100 0.1422 -1.6628383508653 0.0395544907518176 0.025189273636227 0.0813273031759431 -0.0017454954581398 -0.124059775480078 1.71461847608482 374.697831419639 -332669.281863023 101.759599846986 113.670910936687 85.4358308649499 988245.346940711
71200 0.1424 -1.6611286701789 -0.0116818470068298 -0.00917010870670728 0.0684595818972267 -0.0190205295756087 -0.094080476378133 1.66328680715767 373.086878571889 -332658.049240905 101.755762325317 113.658360515509 85.4159111095606 987868.5905912
71300 0.1426 -1.62808025612934 0.024842716521669 0.0262664068754497 0.0824840481598911 0.00119545887395197 -0.102257853326709 1.6692198113408 374.53345868104 -332667.769798361 101.785603641327 113.681247637983 85.3959913541712 988126.786416048
71400 0.1428 -1.69426476657789 -0.0027765368197572 -0.0171536476747077 0.0630552980325087 -0.0244301399977538 -0.114818892002625 1.70008498607297 373.764151116162 -332662.859227677 101.802367636425 113.666404997373 85.3760715987819 987929.993649693
71500 0.143 -1.7152569807915 0.0425413504511728 -0.00590002318689205 0.0904696189369108 -0.00278138427119861 -0.128629072859959 1.75535328454331 374.199660206355 -332666.336060476 101.832667986917 113.667453157178 85.3561518433925 988002.580516119
71600 0.1432 -1.68854339754213 -0.0131500017677037 -0.00421284152686198 0.0860597036304178 -0.00192098806851118 -0.138163473935603 1.7033770832157 373.632446371803 -332662.39526815 101.813828951562 113.716477617726 85.3362320880032 988015.214951748
71700 0.1434 -1.67843207055388 0.000352002653948212 0.00427450698891587 0.113753749564471 -0.00844611758303258 -0.138477817217771 1.70923329689424 372.815544201288 -332656.270784209 101.813843688771 113.762063078667 85.3163123326138 988180.701508246
71800 0.1436 -1.69535672595688 0.0345629155886177 0.0128898830360092 0.113927744930431 -0.0154117159229163 -0.139972443154424 1.74757749256679 375.610579308657 -332675.167673609 101.83454896514 113.770952553119 85.2963925772244 988228.108442978
71900 0.1438 -1.70886771673237 -0.0196870787911692 -0.0384878418901206 0.138795267957707 -0.00748821950410625 -0.144433172248948 1.71536300372176 372.391036297554 -332652.156691658 101.837455287986 113.768546001722 85.2764728218351 988004.619663429
72000 0.144 -1.69514672539082 0.00736199556340465 0.0360544510775373 0.100273615829199 -0.0129829394160269 -0.158301647193118 1.74758595108258 373.77720001048 -332661.591880945 101.838570741834 113.813975089115 85.2565530664457 988179.084504089
72100 0.1442 -1.71119271340034 -0.0278440416934075 -0.0441591729520263 0.098446334888412 -0.0321506697666358 -0.164369685454307 1.70871094666705 373.148303423903 -332656.62143921 101.827328158495 113.80285031163 85.2366333110564 987742.579288694
72200 0.1444 -1.66945437542132 0.0417459020193918 0.0186055704993415 0.0930772609642381 -0.0406438395808028 -0.148576561089775 1.72809577306006 373.437551084897 -332659.065892782 101.85072555389 113.858337768311 85.216713555667 988220.247043749
72300 0.1446 -1.71194203041337 -0.0171110974767399 -0.0368440151142615 0.100515356220209 -0.0219924662756896 -0.170826513557899 1.72008820398784 374.712507775434 -332670.451643666 101.841446941156 113.854685026348 85.1967938002777 987867.547333091
72400 0.1448 -1.68864231288548 0.024315347193452 0.0182502739481441 0.0989392890442983 -0.0212683350739405 -0.158402038250183 1.74065192063426 373.640550266022 -332664.060003547 101.852085173499 113.90016253298 85.1768740448883 988134.280046161
72500 0.145 -1.72124236252143 -0.0227576436282635 -0.0233519931121731 0.0983455636942564 -0.016342138927397 -0.15045689533205 1.72672226438327 374.453496856682 -332668.812971808 101.827172393264 113.929240654775 85.156954289499 987913.697666501
72600 0.1452 -1.7124248495202 0.00591271497148496 0.0136949377410745 0.124386108068882 -0.0132973360099006 -0.178872254509403 1.76324957213406 373.773121943781 -332663.602225406 101.86457214942 113.939674506182 85.1370345341096 988135.856361283
72700 0.1454 -1.72725603536193 0.0299234733410554 -0.0281520692432657 0.0643291172857313 -0.0205894613504714 -0.177785944893421 1.75997541216333 373.549859333011 -332663.452541307 101.881699513885 113.925772654863 85.1171147787202 987950.209140735
72800 0.1456 -1.75509961742641 -0.0161189840819098 0.0198486522295965 0.0910660107863416 -0.00646166681505914 -0.172245141623982 1.78938643612744 374.10454909419 -332667.778763903 101.84664786754 113.982258113682 85.0971950233309 987868.735873628
72900 0.1458 -1.72404876592639 -0.00794166389844547 0.0177812981456829 0.0799420311617179 0.00628636114639952 -0.165643821556194 1.75824713313106 374.712283461489 -332673.321136764 101.856351633852 114.006064074507 85.0772752679415 987937.88790767
73000 0.146 -1.76834098908115 0.00289431098637046 -0.0295133405821908 0.079936735244056 0.0193452310232694 -0.165953119240829 1.7843309221685 373.552358441261 -332666.180615038 101.874358903098 113.997942217603 85.0573555125522 987810.81514204
73100 0.1462 -1.68800596801095 0.0174827939911485 0.0344687223078897 0.0669448133904555 -0.0100409062478097 -0.194703675238574 1.75083568500911 375.317984996752 -332678.772407852 101.897416166966 114.031322993293 85.0374357571628 988092.244559572
73200 0.1464 -1.6969133375041 0.0264082609217048 -0.0172366696996587 0.0453476508918125 -0.0195617660345292 -0.162103143888208 1.72704298271321 373.464171903858 -332664.460368427 101.907905403927 114.039359841022 85.0175160017735 988032.107505254
73300 0.1466 -1.71257977216186 -0.00698053500935785 -0.00326511089753016 0.0459489253446978 -0.000811571755736831 -0.18645199346135 1.73955411282508 372.536740520965 -332659.83196552 101.903111513965 114.068969024877 84.9975962463841 988010.602829278
73400 0.1468 -1.68999308909915 -0.0123839695786074 0.0116348827558885 0.0361935584353226 0.0105114665216628 -0.178655991103982 1.71908661566446 373.180918347051 -332663.773079389 101.895640121229 114.107645395757 84.9776764909947 988041.526440881
73500 0.147 -1.68245771738071 0.00850767459388854 0.0343758755272956 0.0462031425973643 0.00830057429780143 -0.171053866131944 1.73152086857799 374.155460060833 -332669.919952144 101.910531574934 114.125157839686 84.9577567356054 988105.90499773
73600 0.1472 -1.72704041559994 -0.0310459450322387 -0.0178502441257004 0.0528373288252406 0.000679199732657848 -0.17667813392516 1.73233178964141 374.406947419248 -332670.722928256 101.923358151593 114.108264818162 84.937836980216 987852.316748795
73700 0.1474 -1.74472817459499 0.0212659966704083 -0.0482912025034217 0.029655612593006 0.0101565349296072 -0.182654344953688 1.7617524427289 371.334092636407 -332646.898180337 101.955132552707 114.114693637353 84.9179172248267 987984.192351692
73800 0.1476 -1.70132876459768 0.0253551290501852 -0.000186241642051635 0.0193502436723653 0.0138093031598116 -0.209783271430313 1.75262951192534 372.974302416611 -332657.60993533 101.930346784107 114.176425711263 84.8979974694373 988046.516919249
73900 0.1478 -1.72438464134345 -0.0475555233879776 -0.00703876019635752 0.0223102308148312 0.0380187432430177 -0.194574600303688 1.73226572042751 371.489399098902 -332644.935987574 101.894236696955 114.225395507305 84.878077714048 987888.263912494
74000 0.148 -1.66760962855697 0.02266192463722 0.0150648153775038 0.0251597131726278 0.0217366035415972 -0.194763605566528 1.72085720540653 372.036474576701 -332646.876009877 101.932796382077 114.246612355372 84.8581579586586 988213.699153872
74100 0.1482 -1.70194432663891 0.00828462249929022 -0.0289972865111031 0.028952353042783 0.0154766832850809 -0.236540818029485 1.74172339202869 373.423301222036 -332655.117281172 101.935014859523 114.241988458553 84.8382382032692 987963.239258406
74200 0.1484 -1.70091673463765 0.0305791805184608 -0.0136262673390805 0.0171655455398549 0.0234450617138962 -0.219794453255076 1.75241332427371 374.963367051537 -332665.749494545 101.91942561504 114.308683488085 84.8183184478799 988156.7658222
74300 0.1486 -1.7142982688168 -0.0127216124208188 -0.000856492480441396 0.0241938718357065 0.043044443301194 -0.228332214582671 1.75482609196126 371.642168900355 -332639.806401134 101.872116011714 114.388983286774 84.7983986924905 988159.791279354
74400 0.1488 -1.71333307645529 -0.0136437173499055 0.0277164446660649 -0.00462685260383634 0.0622264894320263 -0.237946663327581 1.77270710574246 374.668924639254 -332661.341597975 101.860088929892 114.416385057528 84.7784789371012 988047.659278654
74500 0.149 -1.75660270438277 -0.00346645975291658 -0.0187904291981082 -0.0134266453340208 0.0284044820943571 -0.246709423018757 1.7978916531513 371.155806159901 -332634.326353243 101.901478711726 114.387531817438 84.7585591817118 987967.687638603
74600 0.1492 -1.7404205669093 0.000910624597963897 -0.0363249681318045 -0.00808387107336687 0.0322980414767176 -0.260699522580537 1.782133431989 372.942436555525 -332647.772838006 101.915481177751 114.392295756305 84.7386394263225 987912.36656426
74700 0.1494 -1.72308672968579 -0.00616614039578628 0.0103432588925992 -0.0263224541128268 0.0231370848375088 -0.260966585358286 1.78449697747697 374.111284419677 -332654.619383496 101.889378437686 114.457264036395 84.7187196709331 987987.971250837
74800 0.1496 -1.7724541536497 -0.013201532927054 0.0130972626820978 -0.0250454915495176 0.0259750591601189 -0.256640760951218 1.8285040379633 373.349209043669 -332649.082912236 101.866019573664 114.494850048943 84.6987999155437 987853.506936952
74900 0.1498 -1.73674310942101 -0.00304168792481327 0.0142617418031104 -0.0199593995509437 0.0407227729456459 -0.243135150403634 1.7943057927734 372.309471318618 -332640.936376988 101.887695314356 114.524999303436 84.6788801601544 988091.452669748
75000 0.15 -1.72773733579659 -0.0124222720984318 -0.00954267844402711 -0.00905645308975025 0.0577153664391965 -0.249094647698346 1.77303049869859 374.201208893344 -332653.285174925 101.922736303472 114.50888813668 84.658960404765 988059.739537562
75100 0.1502 -1.70377701419473 0.0254217822684567 -0.0175661300228544 -0.0287334976332492 0.0619787235770014 -0.273785945674142 1.77665949253924 373.886115934359 -332650.820501224 101.959282902013 114.491001474418 84.6390406493757 988027.104520107
75200 0.1504 -1.73319217712842 0.00747635083097217 -0.0230909087315764 -0.0027156790123303 0.0272698737491276 -0.268806260299551 1.78792541633818 374.212432083332 -332651.307230092 101.943174997065 114.507030089563 84.6191208939863 987776.785711349
75300 0.1506 -1.73772115343431 0.0236808120543507 0.015287700539939 -0.0185751716979211 0.0101216208530204 -0.242494550706339 1.80709074460412 375.406345553934 -332659.871987772 101.930525045492 114.564877378832 84.599201138597 987920.546683185
75400 0.1508 -1.71919387371435 -0.0428644805935498 -0.00168170489808064 -0.0206317806418324 0.0556374752331474 -0.28213174778934 1.7692288486919 372.958822781974 -332640.922350793 101.903367245148 114.610964781439 84.5792813832076 987821.999868942
75500 0.151 -1.72970941277949 0.0220668651400617 0.00948291551710848 -0.00785769779892461 0.0269744646925261 -0.272150145684153 1.80870103115632 373.916998570235 -332647.672617688 101.934122496335 114.60836935474 84.5593616278183 987865.043325372
75600 0.1512 -1.72019314278818 -0.0226197356555442 -0.0375162996102373 0.0129047403099169 0.0349972893777674 -0.280867772392779 1.75997827084877 372.503399540783 -332637.744975879 101.945201119814 114.609808271029 84.5394418724289 987752.071835005
75700 0.1514 -1.7091331100542 0.0200759576681335 -0.0109868319762188 -0.000148283888031135 0.0426571048257957 -0.267208260866796 1.77681584725005 373.554284815138 -332645.483746589 101.954134298294 114.673837400731 84.5195221170395 988157.61097445
75800 0.1516 -1.72041479429643 -0.0132135782397429 0.00332950738582002 -0.00596011532188353 0.0327526069436635 -0.271609479188301 1.77980109505201 374.380830398104 -332652.525467911 101.927877865217 114.720680954276 84.4996023616502 988073.754881013
75900 0.1518 -1.72826159192975 -0.0411184224825022 0.0345762198345023 -0.00919613946905301 0.0412126646752949 -0.288664443074948 1.79867175773028 372.890967468274 -332640.166754944 101.908388907618 114.772675776565 84.4796826062608 988099.583174526
76000 0.152 -1.7076369533676 -0.00298429420564445 -0.00867362137614476 -0.011080381701011 0.0497748260479295 -0.290053505720292 1.77661722472334 374.15910306687 -332647.893738988 101.923672772378 114.781334978913 84.4597628508715 988089.294860482
76100 0.1522 -1.68660790806626 0.0527035595752048 -0.0522471505148225 -0.00510210469659753 0.0410494934991784 -0.285833300007384 1.761792372207 371.878223836947 -332630.915986574 101.94198126958 114.792469050548 84.4398430954821 988129.544744057
76200 0.1524 -1.68285485487833 -0.0234280406772717 0.0226677884697945 -0.0180680488039069 0.0548347894468744 -0.300133105416627 1.76424329402965 375.19375973197 -332655.708003956 101.888757572325 114.866452717687 84.4199233400928 988017.02781604
76300 0.1526 -1.67728929298345 0.00680370077430197 -0.00348999371680191 -0.00238593362680314 0.0508905054225177 -0.32785756354017 1.77459797914166 373.102450771936 -332640.051434922 101.914240097094 114.876813079311 84.4000035847034 988120.056431437
76400 0.1528 -1.68956736735243 0.00269171075244514 0.0122045895500529 0.00683593910759452 0.0545868867957972 -0.32077849986796 1.78821292092099 374.393904948216 -332648.516786773 101.914663409629 114.897052817901 84.380083829314 988065.0005466
76500 0.153 -1.69950178006397 -0.0342578142190882 -0.00572488526237452 0.00820188850110862 0.0644216229003685 -0.329923299625846 1.7777981555607 373.665511015623 -332643.909210838 101.901235762155 114.918139767248 84.3601640739247 987882.867635044
76600 0.1532 -1.65558132682788 0.0454819691785651 0.0107305532472744 -0.00292338143740845 0.061853346334871 -0.35841201354113 1.79794057243056 372.771450888421 -332634.666606041 101.935185409182 114.960935298157 84.3402443185353 988346.572281133
76700 0.1534 -1.69877944510168 -0.0171241087297072 -0.0219376356445353 0.0341202049877747 0.0647801288300181 -0.322280713115113 1.77413913821422 372.310452315571 -332630.785536648 101.922393030969 114.98004262139 84.320324563146 988153.348680265
76800 0.1536 -1.70075700570634 0.00316796228051743 0.0211867170512411 0.0168817424317693 0.0677549057840232 -0.33535950541129 1.81284658293621 375.651966128497 -332656.593100528 101.916823841076 115.022662864036 84.3004048077566 988232.104181555
76900 0.1538 -1.70584579032502 0.000690329994459018 -0.032134719077901 -0.00482844520441521 0.0691567066033979 -0.338136402354625 1.79297307663957 374.046289503554 -332645.265852664 101.920195555668 115.031552269443 84.2804850523673 988107.634896587
77000 0.154 -1.70487402793733 -0.00767604062628429 -0.0113735476557334 -0.00840680299297932 0.0655325178318157 -0.335237318270442 1.79568009750505 373.770280269975 -332643.168981068 101.947860226795 115.035772886556 84.2605652969779 988178.494045275
77100 0.1542 -1.68127158574781 0.0261486491649872 0.0276844929577361 0.0195155147670058 0.0790566501450982 -0.343561462948698 1.81436060704369 375.646629602974 -332655.493565933 101.955876081167 115.076103464759 84.2406455415885 988368.953682371
77200 0.1544 -1.70972166885879 -0.0353948612186764 -0.0252262350643774 -0.0128692642160564 0.0686248730579635 -0.372851727163051 1.8033800120728 371.678044268852 -332627.732949841 101.910263128074 115.098353746581 84.2207257861992 987884.143367901
77300 0.1546 -1.7338783106219 0.00481513997323228 0.0141408972052815 0.0182429713317246 0.0468588236316787 -0.396125726664665 1.87555030803065 374.842047714556 -332651.008786323 101.907521950758 115.154975193233 84.2008060308098 988109.776159926
77400 0.1548 -1.73775008175135 -0.0159796377027253 -0.0404337293503247 0.00996888486524858 0.0535661421168987 -0.39281197383418 1.84249749076235 373.081513609089 -332637.834993805 101.90220455586 115.171022218451 84.1808862754205 987962.123541532
77500 0.155 -1.70788606886923 0.0143752503879499 0.00408805285232502 0.00308545437767386 0.053646023339188 -0.378081700385207 1.84012831071326 372.61137610351 -332633.537816888 101.897285320044 115.223553706481 84.1609665200311 988131.158172496
77600 0.1552 -1.74503767389336 -0.0107881006878511 0.0255030557010516 0.00423804165256063 0.0482068744487187 -0.359432321308593 1.86184771791397 373.990607631483 -332644.497905229 101.883094858043 115.249721856299 84.1410467646418 987984.031793752
77700 0.1554 -1.73891726535129 0.00287499402108934 0.0052635298994356 0.0115723606808724 0.0629826900965088 -0.356806890074824 1.8526311019689 372.362212907307 -332632.892175062 101.904656183766 115.250690076807 84.1211270092524 987967.469652568
77800 0.1556 -1.71261731797627 0.0276767870455454 9.68021403480381e-05 0.014241968475907 0.0655314019644166 -0.36785015518877 1.84413116326893 374.257915195076 -332646.76700304 101.92321341004 115.264493097767 84.1012072538631 988031.708127914
77900 0.1558 -1.74932225075131 -0.0162909628690173 0.0217829863146561 0.0278834592557196 0.0672857017156393 -0.385802411139801 1.87970090061267 373.163539781844 -332637.485274936 101.899630842238 115.304348698799 84.0812874984737 987910.612691405
78000 0.156 -1.72233848937856 0.0131530754022763 -2.11295165504122e-05 0.014948171118197 0.0473356185665477 -0.366545324541332 1.84382742148913 373.108639818715 -332636.196541138 101.921302931283 115.316420228351 84.0613677430843 987990.050465466
78100 0.1562 -1.73018281477018 -0.0117855677833754 -0.00462585846029626 0.0185017933482866 0.0695699459976512 -0.368835284366879 1.84089892902654 373.71880395285 -332640.640725394 101.932719884381 115.32446925943 84.041447987695 987935.528006157
78200 0.1564 -1.71391728665356 -0.0196568032599695 -0.00810817339240165 0.00246904758889289 0.0488872210819602 -0.423557108056575 1.85353942088156 373.301014635822 -332637.597209283 101.943463862352 115.344132542254 84.0215282323056 987973.895685271
78300 0.1566 -1.71828840253922 0.0117488208449177 -0.0167993059503162 0.0330116221303683 0.0302437384010298 -0.388447626622134 1.84476082363924 372.377026139183 -332630.074761407 101.974937524601 115.351634665727 84.0016084769163 988108.882500381
78400 0.1568 -1.73366426752153 -0.0151126651231971 -0.00344894609882552 0.0309004202826534 0.0406793143084355 -0.362260294902882 1.83715183014761 373.913142767872 -332640.703876132 101.970029916361 115.37616498132 83.9816887215269 988037.093000102
78500 0.157 -1.70067988207818 -0.0124985308853028 0.0133467871074746 -0.00114476382694982 0.0292548587970728 -0.382224512209252 1.82622946087609 372.478700137515 -332627.819428659 101.966300816434 115.436666619885 83.9617689661376 988284.585286095
78600 0.1572 -1.70302699330741 -0.0156946892870645 -0.011660177369729 0.0096506401221597 0.0251335455195654 -0.388139488394227 1.81880329365612 372.728203336531 -332628.378876657 101.958739035416 115.453403672937 83.9418492107482 988120.089236906
78700 0.1574 -1.69624117135546 -0.00593385979935869 0.0109162500332963 0.00586375818445422 0.0130488390745588 -0.382410332053944 1.82352174413155 373.350263165474 -332631.258995625 101.976133353762 115.472474895212 83.9219294553588 988217.351141826
78800 0.1576 -1.7428776251676 0.0160547606725608 -0.0331243610330675 0.0115487507918321 0.0363155390792549 -0.39153705299551 1.86387213664713 373.167388894209 -332627.542292044 101.992884083739 115.469852431057 83.9020096999695 988122.633146723
78900 0.1578 -1.70473121435918 -0.00842648468972731 0.0258148447170593 0.00711066966760492 0.0451050553235119 -0.401052402436721 1.85080796004847 373.715848053841 -332630.329620995 101.988890197044 115.512987502299 83.8820899445801 988218.374246949
79000 0.158 -1.73858927698317 0.00208592246740178 -0.00222926922926342 0.00355811659064229 0.0326875785884071 -0.400010965977177 1.87235871466002 373.777508733694 -332629.563855542 101.996720439541 115.517932682192 83.8621701891908 988101.851091568
79100 0.1582 -1.76247675279816 0.000143277531318578 -0.012480192288307 0.00311132896801224 0.0512774134948781 -0.377353747047745 1.87612447729184 374.566370847681 -332633.924398159 102.007160347787 115.524222021871 83.8422504338014 988022.050674229
79200 0.1584 -1.74626562497518 0.0198499322556864 -0.00289629256231516 0.0214952344435457 0.0306325619990619 -0.380556053401984 1.8756809475321 372.812722587727 -332620.465567676 102.004046700852 115.552472688907 83.8223306784121 987998.708645697
79300 0.1586 -1.75576975622899 -0.0224496705696292 -0.00987591755190461 -0.00600966020015782 0.022374962945036 -0.391013005643076 1.8672532591929 372.83981817931 -332619.168265461 101.976543849685 115.584919605944 83.8024109230227 987774.879600973
79400 0.1588 -1.75295414579693 0.0103978663081619 0.0288256781594276 0.0266894045411723 0.037224565295902 -0.404961769007177 1.90801485915395 373.553195540324 -332622.85434708 101.996395822316 115.60811800003 83.7824911676334 987930.574940084
79500 0.159 -1.77664891238955 -0.00294876805037804 -0.0132436002333687 0.0441657116145096 0.0502790827408892 -0.395518722622827 1.90015767999295 373.198753686693 -332620.947594678 102.002118244855 115.589101643228 83.762571412244 987588.627780761
79600 0.1592 -1.78365829433887 -0.0173396138137894 -0.0120766517103926 0.0153497391491798 0.0336867925708131 -0.393844810559138 1.89701288769743 372.709216336775 -332616.746288365 102.003357545615 115.617031144666 83.7426516568546 987604.338018631
79700 0.1594 -1.80466006742267 -0.0233027249976707 0.00520141132672117 0.0167158112244793 0.036336940908972 -0.383047451690633 1.91567166950096 375.391298818343 -332637.386031009 102.008549068684 115.651578159725 83.7227319014653 987714.717146595
79800 0.1596 -1.82511450526944 0.0182137849381517 -0.00227746502471988 -0.0068714988089891 0.00656721494735703 -0.376305277687272 1.94566055608794 372.76586192827 -332617.974747633 102.031071050413 115.667983407848 83.7028121460759 987837.841314646
79900 0.1598 -1.80331076500292 -0.0152283801142077 0.0100575510616865 0.0298334897305891 0.00330079394282057 -0.378914520751555 1.91742607699631 375.168479507812 -332637.181636562 102.021373505471 115.70457948217 83.6828923906866 987821.323975234
80000 0.16 -1.78943795432085 0.0078470065615633 0.0164949322523984 0.0271192053013789 0.025430986848418 -0.34885007711215 1.90133807937675 372.99350482874 -332617.409113869 102.031289236332 115.735392432384 83.6629726352972 987945.197324682
80100 0.1602 -1.81248748829321 -0.00725867457409213 -0.0104224310377466 0.0232014552563689 0.0227485449777664 -0.362765027609633 1.91078847132607 373.349176476206 -332620.241158811 102.032286238107 115.739571967635 83.6430528799079 987755.293088935
80200 0.1604 -1.81675986032864 0.0305006531362384 0.0181807210522922 0.00727598112145597 0.0167575024790763 -0.371988246536486 1.95086957260642 374.27609089097 -332625.890454269 102.049396296263 115.769642679947 83.6231331245185 987942.271187495
80300 0.1606 -1.82759803912905 0.00785325462763296 -0.0369006793744736 -0.000435533653368642 0.0186067535982077 -0.376188774032583 1.92726072038227 373.788576817488 -332621.642782003 102.037354872343 115.800597055741 83.6032133691291 987854.450241426
80400 0.1608 -1.81604849127689 -0.020156444506464 0.0195784291818296 0.00619123825926798 0.024493159381371 -0.39349239528232 1.94025518470498 373.397111795004 -332619.184641905 102.00536524647 115.883399995183 83.5832936137398 988015.424497049
80500 0.161 -1.80630784381581 -0.0142185600529833 0.0259077014543747 0.0082693176290217 0.0356984379159404 -0.386991587371225 1.93349934249388 372.77249561959 -332613.412143543 102.004028082456 115.908133741829 83.5633738583504 987977.835431777
80600 0.1612 -1.81789986592074 0.0211555441575517 0.0164869946436307 0.0370799862587391 0.0269693992633803 -0.373977556817872 1.94921659548012 374.151823858982 -332622.275463602 102.039406501769 115.899267884586 83.5434541029611 988009.325428212
80700 0.1614 -1.83409791184882 0.0206931851737681 -0.0418765120974489 0.0318892749913441 0.0100921320649769 -0.386006202518008 1.94382868568277 373.43795386543 -332616.352937419 102.054460456204 115.883339669848 83.5235343475717 987783.70432371
80800 0.1616 -1.79939081834682 0.0196462096060492 0.0224090872555382 0.0102097981191303 0.024276726989507 -0.41831004891805 1.95983667909726 374.610709545414 -332623.575556443 102.046374364033 115.939896407682 83.5036145921824 987951.812187108
80900 0.1618 -1.8501655819117 -0.0105236150698479 -0.0130854107573181 0.0361391005037746 0.020757303945255 -0.376704011372781 1.95205142847613 373.474066514526 -332617.308128393 102.028752988268 115.957479949291 83.483694836793 987695.3497489
81000 0.162 -1.87804750150645 -0.00964293274980428 0.0163461926129783 0.0463240469895838 0.0042380199297165 -0.420801077913704 2.0193765235094 372.015046334984 -332605.574191139 102.039425930986 115.962892859239 83.4637750814037 987609.074144095
81100 0.1622 -1.84488281116307 0.0087965930111987 0.00804899718459142 0.0339042305963469 0.0104027807335693 -0.424159116672682 1.99455461249888 375.395409641505 -332632.472961516 102.067446361376 115.955128353152 83.4438553260143 987578.3750261
81200 0.1624 -1.82473106752106 -0.0105427920201749 0.0525714967769805 0.0137376647999129 0.0070942613763925 -0.408193432598951 1.97745960928517 372.417538541045 -332609.494581772 102.082089441998 115.995410015602 83.4239355706249 987827.310974151
81300 0.1626 -1.86760543696875 -0.0145976876125327 -0.0424826851411318 -0.0116071828930136 0.0369136484938606 -0.4140951873004 1.97526218021955 372.67286694289 -332611.667060995 102.097994052081 115.961916525783 83.4040158152356 987460.099074431
81400 0.1628 -1.82156555620021 0.0235164784520299 -0.00366332762534709 0.00989297580649828 0.0271116190496611 -0.408133581055992 1.96395908233505 372.98373766852 -332612.787206051 102.113638277505 116.007217996712 83.3840960598462 987761.255826032
81500 0.163 -1.85553638265138 -0.0432034445840444 0.00660342596562341 0.00512455254110035 -0.0092987622966544 -0.405877494222731 1.96770064791459 371.856605231989 -332606.376625503 102.083547992557 116.052806225387 83.3641763044569 987622.250379636
81600 0.1632 -1.83312807403638 0.00893224977859937 0.00543624301757298 0.000703909076435974 0.0195629271710803 -0.402401302383732 1.96816885418736 373.669316999397 -332618.503798496 102.119153957269 116.060914537786 83.3442565490675 987799.662424823
81700 0.1634 -1.82255971964053 -0.0114954637518713 0.00533547269726848 -0.0105988378292952 0.00398670914715575 -0.410715308876093 1.95375658904851 373.484200476473 -332616.277481307 102.135077477631 116.073822958099 83.3243367936782 987827.419222194
81800 0.1636 -1.80588996344141 -0.0125699233808892 -0.00776070598588692 -0.0161557350688776 -0.00689592598833604 -0.404322592284243 1.92769300491364 373.403287910597 -332614.773254929 102.150899256394 116.092406470966 83.3044170382888 987902.393105203
81900 0.1638 -1.80758662799857 0.012376692160296 -0.0147321088439731 0.00389519855454797 -0.00500400796577571 -0.407053276497157 1.93929422678923 373.933981487951 -332618.900159574 102.151841671078 116.119664693421 83.2844972828994 987907.181589012
82000 0.164 -1.82793497035411 -0.0287848332509835 -0.0214330553906784 -0.00217342246839706 0.00532739133535424 -0.392078323532451 1.92652479002069 374.528622157639 -332624.912956988 102.140074036656 116.143275042038 83.2645775275101 987757.917244223
82100 0.1642 -1.77898669876524 0.0508867745827207 0.0195817666097096 -0.0191454810106076 0.0487510859871703 -0.390560872423166 1.93854991346675 372.747637325694 -332612.634364874 102.147506821895 116.212210427224 83.2446577721207 988179.647701509
82200 0.1644 -1.82019077790731 -0.0289632640470728 -0.00328843114840499 -0.0284839587754729 -0.00122954383206834 -0.392671649185891 1.92877066698867 373.679578065427 -332618.745974905 102.097741724692 116.257556506687 83.2247380167314 987847.178153857
82300 0.1646 -1.78454162237822 0.0149380129779025 0.0194824516638033 -0.017742196551844 -0.00580916243910894 -0.392530529062462 1.92603517083986 374.006036350897 -332621.519770093 102.134627646287 116.262708633608 83.204818261342 988011.325688749
82400 0.1648 -1.781897127598 0.00877236110090899 -0.0237731872914054 -0.0301339633283043 0.00982202819991601 -0.379011168998147 1.89294482027496 373.687666615424 -332621.272185767 102.171519654581 116.245362115132 83.1848985059527 987984.153047541
82500 0.165 -1.79299164721978 0.00203659738747825 -0.00656249366768488 -0.0178536089279695 0.0273838411725576 -0.397199031537881 1.91918519749243 373.835443890661 -332621.946797804 102.177853285424 116.271511045565 83.1649787505633 988031.001100975
82600 0.1652 -1.80914257213532 0.0172996956176041 -0.0106741427232183 -0.0080083362276746 -0.00949333421427724 -0.370220547042457 1.92281923831055 374.450833935967 -332627.713479381 102.159084256078 116.315743559121 83.145058995174 987988.611215152
82700 0.1654 -1.7917428484184 -0.036474155477605 0.0464781419144992 0.0250340312449856 0.0124155588532251 -0.407056666135441 1.93206645162182 374.593514457843 -332631.39801487 102.1111984454 116.390888374263 83.1251392397846 987926.743778041
82800 0.1656 -1.85081837631787 0.0111061605675072 -0.00268437653679882 0.00842265992376399 -0.0120087046556184 -0.36045645186895 1.95747496336558 375.806126398378 -332641.127603308 102.135708643139 116.380005962925 83.1052194843952 987834.710739235
82900 0.1658 -1.85384071820483 -0.00905733342167901 -0.0183747653572011 0.00627129138636722 0.00554802730433119 -0.37675582004888 1.95247767736697 373.699541377251 -332627.848080367 102.150961477903 116.397105801312 83.0852997290059 987890.550764248
83000 0.166 -1.81376594400676 0.0111564060323457 0.0205373745233589 -0.0117607024030571 0.0126825443744408 -0.363508565612431 1.93516460289187 374.160105647153 -332630.954115117 102.158336665923 116.436448315638 83.0653799736165 988058.864410016
83100 0.1662 -1.86636807620725 -0.0422871086762385 -0.0109804360953834 -0.036731563100616 0.00791484501168747 -0.367419034243028 1.94796899029188 372.686101101035 -332621.938442252 102.131671302603 116.432454657482 83.0454602182272 987530.206118205
83200 0.1664 -1.80827276155976 0.0394779599876312 -0.0176941930546008 -0.00838089487596425 0.0275543084347124 -0.373574082551181 1.93209024644937 373.805350487044 -332630.459178287 102.148164041863 116.47905174567 83.0255404628378 987847.950192581
83300 0.1666 -1.8351198225316 -0.0440734743003846 -0.0179394006895913 0.0149161334708812 0.0335578306847169 -0.401937898430472 1.93495359844079 372.70551792638 -332622.304961406 102.116218206263 116.517538245248 83.0056207074484 987628.296939665
83400 0.1668 -1.83847412824168 -0.0216806793208516 0.0258308893427366 -0.00106949141308177 0.0300431010248705 -0.390245605709596 1.96186151025363 374.719896826346 -332640.217030134 102.126943052397 116.546433720931 82.9857009520591 987739.87810355
83500 0.167 -1.84236654392017 0.0150093661387168 -0.00224726171753969 0.0128289563017739 0.0212638138462634 -0.397358391872176 1.97322636513755 373.232964607582 -332629.017184618 102.173978895984 116.520174976769 82.9657811966697 987734.995477321
83600 0.1672 -1.80559096083677 -0.0251486830904448 -0.0154067593218847 0.00701964219313099 0.015263852344989 -0.386501986522474 1.90693803802368 372.081002881324 -332621.107488721 102.190174169989 116.552912343048 82.9458614412804 987931.85954296
83700 0.1674 -1.79579958909801 0.0188508346204718 0.0202740312275761 0.0160948373572894 0.0205274396829923 -0.375259511825128 1.92874082045011 373.274672351413 -332627.7668635 102.193722966413 116.595544673961 82.925941685891 988090.192238307
83800 0.1676 -1.83055207529394 0.00256755477427616 -0.0231843442427025 0.0109305705624477 -0.00693299512935035 -0.368530094036601 1.92917867209328 373.581547263984 -332631.442652291 102.183965577519 116.60574354167 82.9060219305017 987844.923591264
83900 0.1678 -1.79686194125208 0.00901657469142112 0.00395540890114316 0.0109964803458732 0.0265651974962619 -0.388026523215344 1.92516405125095 373.247985694201 -332628.350363934 102.191474562637 116.648990362304 82.8861021751123 988046.460799388
84000 0.168 -1.84724134799617 -0.00752960666112112 0.0102937144413077 0.00539740454459515 0.0335120521857386 -0.381426546708163 1.96406770136281 374.149770396061 -332635.883163229 102.185442548775 116.664384648673 82.866182419723 987881.054186384
84100 0.1682 -1.83141808119209 0.000510350307112324 0.00598218777232512 0.0134568329781131 0.035545319309866 -0.40059790543801 1.96259660845659 373.12408746832 -332628.393968838 102.198267195251 116.688719578787 82.8462626643336 987973.57329351
84200 0.1684 -1.82403948516214 -0.00456956249507738 -0.0131231135407908 0.00314318964914304 0.0344473573911404 -0.408076934895706 1.9488845241483 373.50683332011 -332630.540060375 102.187563228784 116.727032022137 82.8263429089442 987956.839484849
84300 0.1686 -1.86185637402968 0.0208594854108025 -0.00472719384336399 0.0173397556031638 0.0467091360390662 -0.410665561098924 2.00262005370003 373.944828144695 -332630.927061771 102.184968306966 116.767904797817 82.8064231535549 988040.001690004
84400 0.1688 -1.83529290190089 -0.00129133058658077 0.00493358800600419 0.0377170339875663 0.0349837109753822 -0.372765113651103 1.94931213960212 374.387286098492 -332634.831747246 102.16725214898 116.808431399918 82.7865033981655 987973.838817504
84500 0.169 -1.82219851208056 -0.00622203293712022 0.00939357464045908 0.0107866034286106 0.0196614557999945 -0.399058890793876 1.95080105649158 374.167323930163 -332632.842866523 102.166146955589 116.838979561752 82.7665836427762 987983.745213615
84600 0.1692 -1.82509447438757 0.0246301411148734 -0.00704483842546084 0.000174190807534057 0.008631928223026 -0.385240667246109 1.95175541624861 373.700309757749 -332629.665002922 102.173679852028 116.862628342923 82.7466638873868 988018.730994648
84700 0.1694 -1.81568765549899 -0.039515982377069 0.00921266263997968 0.0256576583513875 0.0320822682715503 -0.397330380971238 1.92934905842142 374.144967018091 -332632.872183618 102.144362017083 116.903050099106 82.7267441319975 987839.015132634
84800 0.1696 -1.84364837722765 -0.019580326502995 -0.0196082159029281 0.0165250826347409 0.0366887096356633 -0.380731772171786 1.94085054773018 372.706375987236 -332623.137876873 102.151938661569 116.910754595203 82.7068243766081 987739.502421258
84900 0.1698 -1.80409907067686 -0.00939882166577296 0.00959838971614888 0.038755749997962 0.0259238785810567 -0.369521902710589 1.91613299499349 373.994737244997 -332632.920391879 102.166646463557 116.939082855601 82.6869046212187 987883.10041975
85000 0.17 -1.82791044841781 0.00605414015194869 -0.0206369015908251 0.00380099376672344 0.0537668023035653 -0.38492006190253 1.94123527949724 374.257799579341 -332636.34023433 102.162908739005 116.958554747349 82.6669848658294 987773.430911483
85100 0.1702 -1.83697128936879 -0.0531821740843678 -0.0139473738681984 0.00482799478636849 0.0446970844040627 -0.386430605115324 1.92548145701125 372.83921233632 -332627.588425193 102.14573056819 117.009702295844 82.64706511044 987801.154084268
85200 0.1704 -1.83064703794278 0.0184327472394672 0.0139546117738117 -0.0200668536845153 0.0414152402947697 -0.340057960419873 1.9401308274117 372.373425411622 -332626.57689172 102.198974688327 117.008298268881 82.6271453550507 988065.989775889
85300 0.1706 -1.86443133796737 0.00315556157141177 -0.0208733455022347 -0.00490471327087418 0.0593536199226677 -0.354506572105112 1.95735729949102 374.039847201213 -332640.95431669 102.221137140064 117.004502581851 82.6072255996613 988009.951525732
85400 0.1708 -1.8553385807552 0.0567359044786337 -0.0171563596531234 -0.027020323873887 0.0549094062061419 -0.379581161902752 1.99089989418581 373.707238265087 -332637.399658411 102.231761520005 117.039656848122 82.587305844272 988171.177994423
85500 0.171 -1.85160200567054 -0.0155716677651908 0.0265190372653582 0.0108059773905148 0.0366450357574111 -0.387730851147067 1.97621946218316 374.194043187953 -332639.603258629 102.208566870078 117.086466799559 82.5673860888826 988103.723142168
85600 0.1712 -1.84639236089175 -0.0163367274304777 -0.012781631641089 -0.013431355286262 0.0299952174653705 -0.371321250697959 1.94229272771455 373.069746371519 -332630.684407375 102.226167091903 117.078860686202 82.5474663334932 987971.263886045
85700 0.1714 -1.85749130988967 0.0502508294918361 -0.011416218793815 0.00617490444151125 0.0371758780213072 -0.371385104256777 1.98586990551657 373.626024449434 -332633.341049941 102.234020534482 117.097546185376 82.5275465781039 987966.387462188
85800 0.1716 -1.88809246049357 -0.0483835091095883 -0.00299366847532709 0.00142788688731486 0.0137752309603032 -0.380593185822032 1.97616352217657 373.58998272752 -332632.476104597 102.178232295571 117.145846111328 82.5076268227145 987596.118007968
85900 0.1718 -1.8559399151123 -0.00189796388439876 0.0279236881107246 -0.0302609585558255 0.0180151381128549 -0.382194009206885 1.98383191731489 373.24900052517 -332628.701232558 102.202189480849 117.184979651649 82.4877070673252 987919.096245921
86000 0.172 -1.89752781780999 0.00562693365101411 -0.0432241833797715 0.0182086907236287 0.0220731376104719 -0.365339853665001 1.98350426509394 374.130087052362 -332637.115681819 102.224487423151 117.154154220976 82.4677873119358 987636.147685493
86100 0.1722 -1.85468070801263 0.0109781915106566 0.00657213928826236 0.00554585894100959 0.0128932960845242 -0.385073175705278 1.97937297773192 373.405474017884 -332631.675090958 102.24588391328 117.189240441474 82.4478675565465 987900.034548642
86200 0.1724 -1.82644488549664 -0.0341357075209674 -0.0017347148631921 -0.00828173749603074 0.00738203630529217 -0.394779354803473 1.93375698373455 374.132014911894 -332637.457824449 102.239636052464 117.231727095498 82.4279478011571 987959.0536065
86300 0.1726 -1.87690164064304 0.00392037115418657 -0.0223722860292519 -0.00624084180802021 0.0379979810930084 -0.371849302230036 1.97686494992228 373.833871206252 -332635.930731689 102.25338304472 117.239555830677 82.4080280457678 987919.07707891
86400 0.1728 -1.90101756241027 -0.015498853771692 0.00772746129698586 0.0251435627530167 0.00677043340666201 -0.351497750032723 1.99303789008538 373.887589899881 -332636.833337799 102.255723605059 117.257494148853 82.3881082903784 987854.00820384
86500 0.173 -1.82732396814999 0.0238330906607993 -0.0108474360198139 0.0082767576253994 -0.0133177693557722 -0.364189450677739 1.93969728684525 373.022179681671 -332629.336132354 102.269070075311 117.291459119147 82.368188534989 988030.180736973
86600 0.1732 -1.82999745225041 0.00457919614393607 0.027451083819517 0.00748760576978651 0.00800079629403639 -0.353065123023958 1.94485989401455 375.505372983211 -332645.78979954 102.230638294185 117.343443413002 82.3482687795997 987857.665226719
86700 0.1734 -1.81872342824393 0.00470949725198868 -0.0162894250453207 -0.0095309770391959 0.019243681460074 -0.333309972936152 1.90308395841536 375.100175653065 -332643.307970755 102.224914723636 117.370383298522 82.3283490242103 987790.138598693
86800 0.1736 -1.88617865609942 0.00399032659941452 -0.00230908513140955 0.00592104185571491 0.0367081802073524 -0.330808070680231 1.97315004489166 373.484634905888 -332632.318753767 102.226989389912 117.405565720619 82.308429268821 987867.210229998
86900 0.1738 -1.86297637318194 -0.0131354061267418 -0.00742375365407153 0.0241585404137694 0.0331953804519163 -0.331153607261651 1.94076137507557 373.275350994961 -332632.41974235 102.216506458717 117.434848639555 82.2885095134316 987773.161801252
87000 0.174 -1.8758371466594 0.00253469465588977 0.0246897705724951 0.0235738450087413 0.0378741484701562 -0.326898967688036 1.97406849665305 374.385161725935 -332639.783870913 102.223755317339 117.480137578763 82.2685897580423 987984.953219783
87100 0.1742 -1.90624174423026 -0.0164741352340771 -0.0227992201470728 0.0116505884405702 0.0402191870721018 -0.338422043250535 1.97690593550893 373.594825413322 -332636.722708134 102.23387290379 117.482288319827 82.2486700026529 987861.578442706
87200 0.1744 -1.85344349882408 0.0131702592734068 0.0115248371397686 -0.020295051620846 0.0455537458999184 -0.327481015993424 1.95201711260582 372.381821417437 -332628.18493791 102.269125952502 117.503747920784 82.2287502472635 988143.351873596
87300 0.1746 -1.8845655976394 0.0318393800653332 0.0201347459958429 0.0253382080447765 0.0183703432346785 -0.319345434770595 1.98977315819068 375.381835818691 -332649.904580818 102.280634420748 117.51528687177 82.2088304918742 988112.169873795
87400 0.1748 -1.89048896772387 0.00167843774865291 -0.030856099045677 0.0172819024042136 0.0270752308284303 -0.33208482712577 1.96309230307428 373.495741252953 -332636.69363647 102.268338148449 117.549311395978 82.1889107364848 988039.967768377
87500 0.175 -1.87290974345904 -0.0261673452018528 -0.00982632361083226 0.0306596135732995 0.0274322250507341 -0.322301035359475 1.93845651504458 372.522680053008 -332631.940768721 102.235598849181 117.611099472289 82.1689909810955 988003.331757255
87600 0.1752 -1.8518042511689 -0.00693828969735088 0.0280196576687052 0.0440676578080694 0.0312135809383602 -0.304903848776681 1.93827062361129 375.133436160409 -332651.303730378 102.248168671642 117.626376648735 82.1490712257061 988013.582980494
87700 0.1754 -1.88203923416282 -0.0157531197783834 -0.0345956258683664 0.0438617889964729 0.0406960944487282 -0.298670924935391 1.93043167281862 375.421309137956 -332655.713923767 102.256394179977 117.613076171285 82.1291514703168 987741.768948055
87800 0.1756 -1.81317460167385 -0.0143040007521162 0.0044869634224822 0.0300979070763215 0.0315603096071722 -0.309311634997352 1.88754282767428 373.236934290567 -332641.230408204 102.26339340196 117.65362961698 82.1092317149274 987910.310467413
87900 0.1758 -1.81040068475182 0.0146346540418142 0.00130862704535528 0.0492126239003761 0.0329740891899242 -0.318834032772406 1.9031826083526 374.491769178172 -332653.418916284 102.272550747831 117.675913646298 82.0893119595381 987946.170564093
88000 0.176 -1.83332712499782 0.00552747154267386 -0.0158459810276653 0.0805160356679822 -0.00173254881116475 -0.322317430741896 1.91668032280956 374.735502670542 -332657.732965387 102.2563320483 117.72458756161 82.0693922041487 987958.279526118
88100 0.1762 -1.84767419973506 -0.00569281824437735 0.00127988270146591 0.0426115855497667 0.00972815091175763 -0.322983953209 1.92988980725817 374.625146824861 -332658.826401289 102.226192573852 117.788326711048 82.0494724487593 987961.978220316
88200 0.1764 -1.84375712936436 -0.00125512055079162 0.0153808399727934 0.0691576962689549 0.0105611510546412 -0.334728034103399 1.94333572585554 375.006963158826 -332664.032218476 102.225432659788 117.823236479694 82.02955269337 988007.517115165
88300 0.1766 -1.81954976503954 0.00200828250058737 -0.0194204805246103 0.0583739303760168 0.0139376584454491 -0.341767206195114 1.90806681450318 374.099644119981 -332658.298875454 102.239077017908 117.8366618003 82.0096329379806 988011.999320884
88400 0.1768 -1.84237317471042 0.019270519294632 -0.0291135894856297 0.0782899581166684 0.0188883642677761 -0.306128664442119 1.91796424250548 373.361245193682 -332655.655318469 102.237224192872 117.875511711636 81.9897131825913 988079.770488581
88500 0.177 -1.83104717534012 2.82434306005758e-05 0.0120244641011482 0.0559487298622319 0.0142405245275522 -0.312599319673313 1.91783764850976 375.685740637206 -332677.247048264 102.222135463385 117.924569191068 81.9697934272019 988104.980306832
88600 0.1772 -1.79336158590101 -0.00251886492163448 -0.022966346123661 0.0574821909439316 0.0024002756018205 -0.335183240149678 1.87560412457615 374.170618221058 -332668.889824129 102.24437455774 117.930702676624 81.9498736718126 988131.165998108
88700 0.1774 -1.82693748961336 0.0001898348134285 -0.016947813269203 0.0460810341646334 0.0215077382359222 -0.305753197064546 1.89620370204451 372.434511933804 -332657.958977618 102.262432551465 117.953008091603 81.9299539164232 988252.338630275
88800 0.1776 -1.81814338562073 -0.00278893546994749 0.00419769976201891 0.0558807583762104 0.0170970640824346 -0.297933431568834 1.89335197660763 372.72558213476 -332659.081377253 102.250499874193 118.01437903582 81.9100341610338 988410.777987722
88900 0.1778 -1.77597503188025 0.0025250013573828 0.000203608485598584 0.0792598280020188 0.00597280302849249 -0.290014482097871 1.85208470200576 373.409975103904 -332665.033692724 102.235920572216 118.060796753966 81.8901144056445 988418.122565719
89000 0.178 -1.79171824916589 -0.0351501553945226 -0.00403678504415267 0.0624071623662574 -0.00759334759244808 -0.275848075316399 1.83882725779541 373.356504990034 -332666.485312773 102.217171288772 118.089329017406 81.8701946502551 988235.239210634
89100 0.1782 -1.80123822209378 -0.00408376467418161 0.0221059244034714 0.0804441641910565 0.00199742084565936 -0.267349935752309 1.87386517238275 373.945446979275 -332669.693918157 102.248016275373 118.095539707575 81.8502748948658 988344.906782782
89200 0.1784 -1.78645445246727 0.0373100933138251 -0.0027541136287241 0.0657215614084969 0.0281267608686965 -0.269514720508865 1.8675921523703 373.074107016203 -332662.989484652 102.274427486918 118.093058249256 81.8303551394764 988338.840007205
89300 0.1786 -1.79931601927377 0.00531370375068041 -0.00923543498389435 0.0469599552828005 0.0461044806177229 -0.274393627511555 1.86266273826284 374.929203580262 -332676.117273535 102.255286916427 118.11991058734 81.8104353840871 988137.964028118
89400 0.1788 -1.7749817995946 -0.00735453586152262 0.0343856150586634 0.0449230449697391 0.0150575734908011 -0.262432652364221 1.84753255316308 373.408241352098 -332664.156542548 102.264866261594 118.161536158969 81.7905156286977 988338.081055095
89500 0.179 -1.82488306660053 -0.00932156706610343 -0.0404340710310965 0.0550353736667585 0.00632275771975957 -0.254332423639888 1.85580344760559 373.582272738492 -332665.46872899 102.27566006342 118.152078904887 81.7705958733084 988122.57409926
89600 0.1792 -1.80242587917866 0.0199821859261041 -0.0016598839104747 0.0454076513648064 0.0309366505273107 -0.255289847135066 1.8672906479511 373.964910079675 -332667.583990526 102.277391579605 118.203979077537 81.750676117919 988332.536987204
89700 0.1794 -1.80166837445965 -0.0204687148543824 -0.033278231389772 0.058297719240235 0.00715495183752328 -0.253266717438325 1.83106568623259 373.366206735525 -332664.331522591 102.275102329465 118.220073862684 81.7307563625296 988204.135655444
89800 0.1796 -1.82996543226607 0.00152376411046204 -0.00896837964003497 0.0524123519214979 0.00661773595898813 -0.230974655564125 1.8718084665176 375.130154727529 -332676.036952827 102.277533695297 118.250475739141 81.7108366071403 988240.847184286
89900 0.1798 -1.83069670549976 -0.0239989567419102 -0.0401024793241515 0.0473938458470103 0.0118268803693545 -0.240250583772088 1.84814530407883 373.456239425896 -332667.039592295 102.265448500666 118.272240473962 81.6909168517509 988065.013534045
90000 0.18 -1.84520818020167 0.00869553249181791 0.0250560837709246 0.0570781894119306 0.0338904673287374 -0.23454814409257 1.90940186353571 373.243652018083 -332662.610572682 102.261393343681 118.313394091838 81.6709970963616 988128.616772695
90100 0.1802 -1.86765939995513 -0.0401830019741546 -0.0443050989239156 0.065200370941416 0.0218843090928046 -0.250493209462737 1.88004907382808 373.688000893193 -332667.668729959 102.241751699933 118.32082961955 81.6510773409722 987759.936236206
90200 0.1804 -1.81798544504423 0.0401789045613211 0.0254532162010502 0.0745132849729582 0.00866620922787551 -0.277994756162048 1.91686047972422 371.484304567466 -332649.778617248 102.282800507041 118.351653533826 81.6311575855829 988172.800277665
90300 0.1806 -1.89141457124578 -0.0352691741263922 -0.0298728293161101 0.066246299578731 0.0305406249580523 -0.267632327088172 1.91993915263367 374.337960004057 -332671.75434649 102.252400461716 118.33610354025 81.6112378301935 987508.272337683
90400 0.1808 -1.81474813890968 0.0656808872132787 0.0351306015875727 0.0500555688137731 0.0226293937701275 -0.266027479476843 1.92376292879244 373.085131013665 -332661.430187163 102.296738133429 118.392455579055 81.5913180748041 988165.673065344
90500 0.181 -1.8632980587103 -0.0566603471071631 -0.0158157820376326 0.0373700045847518 0.0239534498659806 -0.256236297640251 1.88209495157539 373.113074961194 -332664.550063171 102.256995186315 118.409442214383 81.5713983194148 987682.296332024
90600 0.1812 -1.87913349794406 0.0214082528964427 0.00396340354763527 0.0419489880691693 0.0252986674388912 -0.286151686058407 1.9575638400208 373.051487790499 -332664.737411725 102.292447885364 118.424216716057 81.5514785640254 987906.702200626
90700 0.1814 -1.8299676288186 0.000694697396076973 -0.0329752177411709 0.0402101598869927 0.0200492467188417 -0.290886606053399 1.88433582758983 374.289674968334 -332674.983168445 102.286762818002 118.452096155027 81.5315588086361 987843.008469768
90800 0.1816 -1.88394671500195 0.00622818859186333 0.0478744018651726 0.0485135773606958 0.0284254462354018 -0.275132567751365 1.97225574139695 373.628985951418 -332670.669307665 102.287965606463 118.50858421452 81.5116390532467 988084.25050231
90900 0.1818 -1.8942138947665 0.0209648274591225 -0.0397313877256061 0.0452534655966216 0.0499922513904032 -0.267770260087451 1.94527466167808 374.524124804977 -332680.155981871 102.304013548563 118.504149043603 81.4917192978574 987960.789970432
91000 0.182 -1.87434963498577 0.0437787054079238 0.0109466512392064 0.0484284765944608 0.0611824718729185 -0.284119218782161 1.96920166780892 373.367249661878 -332671.563993921 102.304833258903 118.557545441969 81.471799542468 988172.264689969
91100 0.1822 -1.89887714661308 -0.0474941703606241 -0.0125346744878695 0.0526242641532086 0.0597642180322757 -0.265101749661515 1.92961771977018 375.130479429157 -332686.799633936 102.296510713127 118.556126424069 81.4518797870786 987838.465558615
91200 0.1824 -1.84684807860647 0.0337566710035911 0.0145654569471979 0.0394867867843853 0.0630240006712148 -0.275904622889431 1.93543669863326 373.932862160051 -332678.289879306 102.365378628736 118.551915483958 81.4319600316893 988226.648191131
91300 0.1826 -1.87661367621875 0.0296621801794711 -0.0383860985994578 0.0247092688322519 0.0617600112298949 -0.274013494493966 1.93580064685913 373.403538229334 -332674.959831881 102.351038232917 118.58084990206 81.4120402762999 988087.601809789
91400 0.1828 -1.89224828817761 -0.00905296668602903 0.0117036982951387 0.0209297972302142 0.0490782865667313 -0.25797622927934 1.94785515911837 373.575255497615 -332678.95318269 102.274676518082 118.669511835822 81.3921205209106 987846.882816249
91500 0.183 -1.87828299879903 0.0148828076592062 0.0181876542245539 0.0186375205233542 0.0342107790935538 -0.24507367686586 1.94295672630056 373.100766638925 -332677.852135066 102.290801733934 118.690150073672 81.3722007655212 987932.615548282
91600 0.1832 -1.85733848958375 -0.00889610033785609 -0.0127109665155933 0.0246613992536629 0.0382827287596732 -0.243154915872528 1.89559923358157 372.02081852707 -332670.206778134 102.33272501672 118.668201280473 81.3522810101319 987912.847109201
91700 0.1834 -1.83405503149981 0.00883850097795415 -0.0100522828595466 0.050965031622158 0.0584611314148096 -0.248028257493748 1.88796165081672 374.111404560975 -332688.26190418 102.360010472242 118.688057675935 81.3323612547425 988099.604203833
91800 0.1836 -1.81481765012186 0.00227497931694278 -0.00203400237355064 0.0124637474470848 0.0406599509891566 -0.258246041877192 1.87069857451545 373.319051095141 -332683.038951421 102.346334375005 118.725935438125 81.3124414993531 988040.835263009
91900 0.1838 -1.80306399929426 -0.00342079135565406 -0.0128775109848441 0.0190530834058571 0.0502634400190317 -0.242317010242926 1.84569967348545 375.104963997144 -332698.218778642 102.339278378619 118.752557065986 81.2925217439638 987952.162327412
92000 0.184 -1.83387343988098 0.0291369898965597 0.0136854219793572 0.0154485001303684 0.0624636063214098 -0.22811019078119 1.90020631312823 374.2347959937 -332693.62480809 102.340966291929 118.789790477379 81.2726019885744 988036.056649636
92100 0.1842 -1.84576045115273 -0.0276386679373821 -0.0419672241028195 0.0215749539700724 0.0397439767201953 -0.242438046959647 1.86069472854937 374.392697284301 -332695.504010918 102.321955962704 118.807494106753 81.2526822331851 987757.590254128
92200 0.1844 -1.81200709598703 0.0152035565186019 0.0391210140479518 0.016748729164024 0.0444127839816817 -0.264722348240176 1.8973575987371 374.219895571442 -332695.538127991 102.325724311045 118.87840445245 81.2327624777957 988141.223077623
92300 0.1846 -1.86615714254504 -0.0165245926561124 -0.00380178321731287 0.0377360326526306 0.0714120810200311 -0.256975246490534 1.91376980703197 373.909684381229 -332694.64738848 102.317502968915 118.876260180715 81.2128427224064 987801.722443451
92400 0.1848 -1.8260195912065 0.0220096773785679 -0.00832560497125041 0.0411076777281552 0.0630633915224853 -0.251932286442188 1.88877792385992 374.906527954357 -332705.816948549 102.344364367381 118.889359638662 81.192922967017 987927.551609393
92500 0.185 -1.81800717602797 0.00130393128616999 0.00688728208314483 0.033912453554984 0.0694974251099644 -0.252164054384309 1.87850523073623 374.251561758655 -332705.972676167 102.315581017492 118.960805330817 81.1730032116277 988000.773362132
92600 0.1852 -1.83609698001633 -0.0339182229352742 0.0101003174322674 0.0406550820890409 0.0701336233943748 -0.258552728464488 1.88397940684551 374.054818392466 -332708.430743828 102.293528393829 119.008371343805 81.1530834562383 987940.288535048
92700 0.1854 -1.83452000800303 0.000577918287074579 -0.00269437050187407 0.0472205909710946 0.0763996245683945 -0.218840527981406 1.87868670277309 374.178452852346 -332711.433377292 102.335183594271 119.020478651631 81.1331637008489 988200.516828247
92800 0.1856 -1.85577133690939 -0.0115025637675834 -0.0073561688437456 0.0240280298732134 0.0828849751538164 -0.252557127539874 1.90333619490806 373.909832247908 -332711.540910447 102.362266500218 119.00463211063 81.1132439454596 988087.78383539
92900 0.1858 -1.89013017973987 0.0316650532306236 -0.00492997960632574 0.0186419734919127 0.0793181685488415 -0.238969734813405 1.95334181387263 372.369780599288 -332699.974532336 102.371600857784 119.029542077747 81.0933241900702 988142.004620447
93000 0.186 -1.900759188329 -0.0324811504587715 0.000803051309378472 0.0411715358169614 0.0948827976675558 -0.233680100844867 1.93640581970926 372.973705644051 -332704.795849986 102.341338117016 119.09016918774 81.0734044346809 988110.271010585
93100 0.1862 -1.88216039467856 -0.0200133276067136 -0.0117229509283999 0.0234129976935472 0.0879031405197468 -0.24005993530527 1.91854372890096 373.189801592116 -332708.49030807 102.340378365032 119.111726135594 81.0534846792915 988037.043739164
93200 0.1864 -1.88088406777801 0.0362718211397636 0.00205905996883807 0.0120373280158284 0.0801844351994694 -0.242011403164177 1.95102483310967 373.494766008728 -332709.576450627 102.358199387227 119.129979120318 81.0335649239022 988117.630957037
93300 0.1866 -1.88834941834643 -0.00522812712986139 -0.00295339059793286 0.0106423373071883 0.0718459191798406 -0.266403940372092 1.94400952706781 374.67242044956 -332718.085368389 102.346285730796 119.154765927834 81.0136451685128 987965.268787896
93400 0.1868 -1.80783680678498 0.0132116962355547 0.00161302998514671 0.014831845518281 0.0629446170065315 -0.229272620897886 1.86157843644437 374.490952236452 -332716.163701069 102.351324424346 119.191214677713 80.9937254131234 988073.127181469
93500 0.187 -1.85754170719642 -0.0302460672384632 -0.00166402006913825 0.00907269224310638 0.074286718363039 -0.231733049108636 1.88943304945159 373.891675077927 -332710.033301409 102.330585233301 119.228445008401 80.9738056577341 987938.451142146
93600 0.1872 -1.8882332340959 -0.00444417327595408 -0.00852450319327246 0.0091206368707415 0.102389842239356 -0.252509767964986 1.94009678626602 372.316817061982 -332698.772475341 102.315658751696 119.26833834832 80.9538859023447 987881.775920914
93700 0.1874 -1.86056573834981 -0.0119015014289496 0.00274731604789934 0.0252137114430724 0.0586355233173817 -0.231807842263505 1.90217795919025 372.615320772931 -332699.122869354 102.316035167589 119.30543065741 80.9339661469554 987949.483835568
93800 0.1876 -1.87975804529443 0.0190214381655651 -0.00354415338507878 0.00868216540691271 0.0843341725505777 -0.223712906931369 1.93254519807766 372.866142945254 -332699.921689271 102.329581700147 119.319555602125 80.914046391566 987954.050585412
93900 0.1878 -1.91632620493376 0.022964405345727 0.00105199681635207 -0.00144253552569799 0.066104719873979 -0.248722736725389 1.9792772520907 372.82053169644 -332701.915516897 102.326907500224 119.341630685324 80.8941266361767 987867.749631938
94000 0.188 -1.8471807468586 0.02875795209823 0.00679798939039753 0.00276889698380355 0.0859113438338472 -0.253859662819403 1.92196049931433 373.382915283936 -332706.010340755 102.338258575099 119.387332351641 80.8742068807873 988112.300086541
94100 0.1882 -1.8692292662544 -0.00199972308974657 0.0341351801025565 0.0366061056143341 0.0524071663491089 -0.236155321823186 1.93258676884399 374.205180710908 -332711.914910395 102.335893975823 119.412999498301 80.854287125398 988058.474811409
94200 0.1884 -1.88433535396898 0.0213452919563198 -0.0696572079609184 0.0450697895809584 0.0731581508646703 -0.240924339658023 1.91383444729521 373.449533867497 -332707.367103792 102.364201358971 119.380806436648 80.8343673700086 987821.909695261
94300 0.1886 -1.90302254908016 0.0201153664948104 0.0138456542488404 0.0103875046750009 0.0813401993460889 -0.248151137551449 1.9726506473086 372.40292036315 -332700.491810503 102.348491850281 119.450868780159 80.8144476146192 988006.425596633
94400 0.1888 -1.87191480739163 -0.0381699529020173 -0.00532732670202116 0.0101568578668183 0.0718212355591189 -0.2574419965546 1.90749503956156 374.365277241484 -332715.086307868 102.313369066533 119.491256189515 80.7945278592299 987757.782028135
94500 0.189 -1.85370469459423 0.0332437583550601 0.016120434361235 0.0380113655955337 0.0831390117464559 -0.227925459201402 1.92600045820742 373.807784270161 -332711.428127323 102.33397335175 119.521612393623 80.7746081038405 987964.045642915
94600 0.1892 -1.90598948620972 -0.0210807037643132 -0.0282850045205824 0.0484025065613952 0.0584302666232763 -0.251911265607704 1.93571746999397 374.197901598802 -332715.932078604 102.324140599885 119.529346099111 80.7546883484512 987689.404456426
94700 0.1894 -1.87261679964401 0.0242912334528803 -0.000879725095184989 0.0515956582513561 0.0746532993162121 -0.241320007279584 1.93663584305336 373.049710406525 -332706.863559191 102.365906175468 119.56207403769 80.7347685930618 988119.295877899
94800 0.1896 -1.89190668977365 -0.00773688398292331 -0.00901707826625893 0.0431218675728105 0.0588004970685062 -0.259427341468062 1.94050096902723 374.378572485489 -332717.412911744 102.345728917461 119.579922383001 80.7148488376724 987828.219054175
94900 0.1898 -1.94285237895544 0.029000943822183 0.0124474070146134 0.0403377483061668 0.0434228840941181 -0.267990474630375 2.02035470288128 374.544081724976 -332719.312843336 102.334860668485 119.63529402582 80.6949290822831 987936.811873371
95000 0.19 -1.90500502468588 -0.00134684013067374 -0.00603613262363607 0.0641416930074905 0.0375096074591932 -0.28006265988126 1.96643797912221 374.054125477457 -332715.197058564 102.322694280493 119.674923714524 80.6750093268937 987902.650721506
95100 0.1902 -1.88521505969085 -0.00263535881623206 0.0110569987199735 0.0385623338117473 0.05308556130193 -0.251896966234083 1.94250930529866 374.808696338823 -332721.728572255 102.346540190794 119.697093273727 80.6550895715044 988071.898805724
95200 0.1904 -1.89163466782521 0.00846090909754755 -0.010007044577981 0.037264114254142 0.0618794228325497 -0.266006378021694 1.95026782792751 373.225268146344 -332708.556486601 102.370044486644 119.692023788183 80.635169816115 988012.882130453
95300 0.1906 -1.88782872071642 0.00074558511467575 0.0242342876621824 0.0442685800324035 0.0243145241111359 -0.286907190099173 1.96627177797873 374.060906141876 -332713.351104442 102.366022642292 119.727488063775 80.6152500607257 988022.661527975
95400 0.1908 -1.9174296360454 0.0316757204596217 -0.0247596958304739 0.0256708733295935 0.0348394216724577 -0.27761215314249 1.98217606044921 372.572020830333 -332700.905080196 102.395579598866 119.724877620852 80.5953303053363 988042.190673515
95500 0.191 -1.94382594044263 0.0165527802588225 -0.00687890183689677 0.0253705816271397 0.0761156124511407 -0.261793671667687 2.00564661381877 374.641419149343 -332716.365919654 102.387869518448 119.738889328679 80.575410549947 987839.206035447
95600 0.1912 -1.93067586424366 -0.0227120473140662 -0.0330234374426066 0.0498682321306462 0.0859221765529262 -0.261635307412435 1.96360025908129 372.996112454075 -332704.266312307 102.377815348552 119.781568441651 80.5554907945576 987849.993577198
95700 0.1914 -1.92618235716304 0.00906131882568154 0.00953710762104026 0.049384552305314 0.0805613329542941 -0.263401531904793 1.99524862291328 372.816714925712 -332702.553795752 102.393547825804 119.809760515887 80.5355710391682 987989.965181461
95800 0.1916 -1.9242000777629 -0.022832593162829 -0.00916919902325444 0.0551847939323369 0.0572003325254898 -0.263122785666166 1.96672739665603 373.936232224337 -332709.525822866 102.398504174755 119.810490120769 80.5156512837789 987799.421755546
95900 0.1918 -1.93487124945197 0.0244818641335067 -0.00519057220969393 0.0228755200690532 0.0670060473077182 -0.271149053528197 2.004348029592 372.234346139993 -332697.109018987 102.412930289356 119.838736241684 80.4957315283895 987927.02221873
96000 0.192 -1.90460353693094 0.000267983968841174 -0.00160767585476335 0.0268351746448663 0.0540787997257325 -0.262435878614354 1.96023412860306 374.267502390104 -332710.999219489 102.401809926021 119.876639181247 80.4758117730002 987887.653378483
96100 0.1922 -1.89656842139741 0.00538254733745593 -0.0120219053498668 0.0178415947354193 0.0481410985994782 -0.240340340380131 1.94057107266629 372.467194606244 -332697.96710762 102.410190558979 119.906238605203 80.4558920176108 987967.840658373
96200 0.1924 -1.90073863435871 -0.0121855127914901 0.0116667512581546 0.0289596447904567 0.0579732778732826 -0.269573775151134 1.96032059568785 374.823534455946 -332713.966634273 102.383552743555 119.948575756421 80.4359722622215 987814.977897663
96300 0.1926 -1.91215710249991 -0.0204412819692524 0.0129277455177842 0.0138630625846753 0.0895166998566691 -0.270782319068936 1.97165220563561 373.59481082601 -332703.124127644 102.405404716532 119.962946895653 80.4160525068321 987899.474582929
96400 0.1928 -1.95045091125081 0.00433613688749707 -0.0737043566751336 0.0270688814107688 0.091893473343841 -0.257302015419411 1.97506317922414 372.062085517676 -332691.406702059 102.434705860215 119.928067928244 80.3961327514427 987650.119193124
96500 0.193 -1.8957563397011 0.00250511315631062 -0.00660236404353814 0.0160113681980497 0.0825820006808991 -0.247026561869307 1.94691703359312 373.726285557643 -332700.900613159 102.413439734924 119.998957893607 80.3762129960534 987783.95528751
96600 0.1932 -1.93652335134807 -0.00550333477787655 0.0308595522100829 0.0114822114503982 0.0484776299391464 -0.25086486446655 1.99915565492116 375.261047959349 -332713.389918971 102.384708103805 120.054880436284 80.356293240664 987722.190708169
96700 0.1934 -1.95775080543392 0.000174707511305557 -0.0188373569299649 0.0335223604834997 0.0584363560772323 -0.218870547500627 1.98845120271894 374.334204148343 -332706.454767884 102.418589515359 120.050554243223 80.3363734852747 987768.52427877
96800 0.1936 -1.94917251126265 -0.00668843076512968 -0.00693820099182495 0.0337015166205771 0.0480187920824026 -0.217212236628428 1.98106727491836 373.183873890203 -332698.652005299 102.453623645398 120.05949085418 80.3164537298853 987934.939846164
96900 0.1938 -1.9947634613723 0.00635663837697793 0.0110304550945513 0.039123386946302 0.0667359012380865 -0.224257349474113 2.04516097236854 373.092491563177 -332696.31363154 102.464433002953 120.062979855659 80.296533974496 987822.828303564
97000 0.194 -1.94179022969265 0.00331139484476666 -0.017219336459832 0.0454450629729856 0.0515231307470338 -0.217995031742215 1.97500193512238 372.66604838473 -332691.875419236 102.459734349945 120.097401472624 80.2766142191066 987815.60694409
97100 0.1942 -1.92616047147541 -0.0122035855136741 0.00395381273802607 0.0262434648868953 0.0518661350725609 -0.23064277692613 1.96574192211902 373.878387762975 -332699.699383407 102.430559075388 120.159942381533 80.2566944637173 987803.414442362
97200 0.1944 -1.97271094905259 -0.00303941365052533 0.00234637550051284 0.0507154431221458 0.0397871717204506 -0.232574362488012 2.01617978552466 373.731581510128 -332698.668271939 102.424060307828 120.195892801398 80.2367747083279 987791.031764079
97300 0.1946 -1.95759458225993 0.00806430387808706 0.0172125605091148 0.0445747826056211 0.0426560246962713 -0.255982021040286 2.02234532845938 372.628011632671 -332689.182001262 102.44031589043 120.207826993125 80.2168549529385 987800.601172197
97400 0.1948 -2.02451369894872 -0.00774125349520662 -0.00791139414851301 0.0349704207636284 0.0328873619596076 -0.260350776152922 2.06816080065172 373.369582592157 -332695.345468989 102.445123436516 120.202231185375 80.1969351975492 987555.678989458
97500 0.195 -2.02211652357688 -0.0244280449512949 -0.0340817389731923 0.0356371635586298 0.0233767502556273 -0.242508234970673 2.03800087091267 373.067519529233 -332693.208461855 102.451838812414 120.235454321231 80.1770154421598 987648.007853581
97600 0.1952 -1.9758228600284 -0.0183345139880904 0.0117254508576037 0.0487430298870171 0.0266479627714751 -0.237640819090157 2.01746963411567 374.487895530082 -332704.271531369 102.470871325873 120.274479468895 80.1570956867705 987906.603080976
97700 0.1954 -1.95078236709941 0.0139149112203356 -0.0106605976041755 0.027108678829633 0.0322968424905088 -0.258903816381541 2.00469034359154 372.880104624573 -332692.721766483 102.498835530837 120.280070697317 80.1371759313811 987976.557409405
97800 0.1956 -2.00183915217534 -0.0328532137328118 -0.0259521557576214 0.0542551705502259 0.0217993167567373 -0.24958417539518 2.02179984655991 372.641273658426 -332691.5840508 102.471642281369 120.315042777509 80.1172561759918 987756.039291104
97900 0.1958 -1.91871647501613 0.0117133432551878 0.0625239162530883 0.0131296702214393 0.0338761371870569 -0.244184366348788 2.00251471900658 374.168744784882 -332700.037719523 102.477855249772 120.383391918478 80.0973364206024 988131.348502692
98000 0.196 -1.94150964537704 -0.00650963765100318 -0.0508727094741635 0.00786658580155795 0.0605693654963561 -0.264660760951307 1.97019748160157 374.450427481743 -332701.144572537 102.50986598655 120.330249123803 80.0774166652131 987757.954429661
98100 0.1962 -1.97494312840481 0.0342913505575625 -0.0492626843665855 0.0246603743307605 0.052529278319398 -0.246692388083733 2.01712632247495 373.553502093045 -332694.373085872 102.518102727847 120.361976106183 80.0574969098237 987851.985030153
98200 0.1964 -1.97791949732551 -0.033066975271433 0.00903600506482307 0.0269326192273968 0.0314095073575866 -0.274164218349242 2.02404098433013 374.029040988038 -332698.612571479 102.467583360698 120.444169267008 80.0375771544343 987793.599445909
98300 0.1966 -1.95050026429946 0.00136553696002179 0.0375394248725993 0.0316576644357826 0.0583224052083695 -0.242766363439572 2.01784857822921 374.950254015574 -332707.417649754 102.502341816943 120.454648466222 80.017657399045 987968.697891762
98400 0.1968 -1.9726807091502 0.0231570141014234 -0.0298983228902263 0.0347927944386454 0.0627782336055619 -0.26303851105676 2.02566432404905 374.032920236235 -332702.670483496 102.519127462076 120.437664515993 79.9977376436556 987745.208694537
98500 0.197 -1.91970250114484 -0.00071614911632791 -0.00210223759246989 0.0372543128848388 0.0439535070763087 -0.267141889136823 1.97583005500924 373.694819746086 -332701.024259824 102.498550629589 120.526263973015 79.9778178882663 988027.356954529
98600 0.1972 -1.91671854325644 -0.0189432891980789 0.00424759031915474 0.0320487945382351 0.0599541698261168 -0.268108243389725 1.96865710135868 373.437754880952 -332698.444290181 102.498196228208 120.557228026135 79.9578981328769 988031.624701006
98700 0.1974 -1.92852707650772 0.0238039989906392 -0.0197987804789551 0.022960207836941 0.051443892258926 -0.262595543429077 1.98614223137919 373.476714790139 -332698.12758109 102.529413116157 120.553838504302 79.9379783774876 988058.538111372
98800 0.1976 -1.97661293591283 -0.00752533922043773 0.00968261226821547 0.0225969927480104 0.0691649599032115 -0.282527000010117 2.04128239236177 372.245617603069 -332688.351331945 102.495097574546 120.602086605231 79.9180586220982 987876.923322698
98900 0.1978 -1.97824677149181 -0.0332975137528017 0.01307255055238 0.0271140767047473 0.069760974240456 -0.272627376311067 2.02853335668537 373.530765643092 -332700.716998379 102.476617658335 120.653074917317 79.8981388667088 987870.099032053
99000 0.198 -1.94024663145076 0.0137252929848271 -0.0393214212074293 0.00430177367571995 0.0596276002872169 -0.290546261209305 1.99527985575465 372.784352106431 -332694.460984682 102.504471426206 120.661478987919 79.8782191113195 987961.06243915
99100 0.1982 -1.93483599368755 0.0202544857022452 0.0184643390593783 0.0228111391883806 0.041620473655535 -0.286070177667291 2.01770869153958 374.25482596306 -332705.829055744 102.497339419733 120.715283980243 79.8582993559301 988086.373399543
99200 0.1984 -1.95980925349375 -0.0239870049018475 -0.0331171521707377 0.0176258961021622 0.0384257204498243 -0.283327999258074 1.99399164632747 372.927370718163 -332695.006931632 102.459093764255 120.749147097996 79.8383796005408 987748.311711769
99300 0.1986 -1.90644547312777 0.0316809488264133 0.0146795861542452 0.0527380415792318 0.0205396663019812 -0.275196194925894 1.99009564028335 373.28380349853 -332698.942571203 102.462336187098 120.816714686726 79.8184598451514 988085.711841784
99400 0.1988 -1.86858088486907 0.00434143946155345 0.0536704073373598 0.0206518982781054 0.029268670042239 -0.297911253436301 1.96793381947566 374.947003298795 -332709.824989621 102.477994708867 120.855844442057 79.7985400897621 988310.072981453
99500 0.199 -1.92038001703567 -0.00205437708600361 0.00107385840681298 0.04448191636923 0.0467303766491815 -0.290097250547467 1.98769725370385 372.897212593676 -332694.701102196 102.508244151649 120.839728196297 79.7786203343727 988223.223841301
99600 0.1992 -1.91605490539471 0.0147666881868306 0.00948221860742075 0.0527392039888914 0.0645938724982641 -0.293459694550394 1.99927830400545 373.980185105657 -332701.299220412 102.526923028732 120.861693383232 79.7587005789834 988336.122285399
99700 0.1994 -1.93679527231706 -0.00646461596975094 -0.00151677545874861 0.050274568106889 0.0275737903956358 -0.298983925253189 2.00344443227304 373.15929985215 -332693.820489631 102.540009116834 120.864714309554 79.738780823594 988240.100835666
99800 0.1996 -1.89798421885976 0.0350760287286278 -0.0167971592525765 0.0688546399634946 0.049759120053715 -0.314509527921853 1.98935624630573 373.1158545622 -332693.3372529 102.563604204128 120.862520484572 79.7188610682046 988202.632019945
99900 0.1998 -1.9131361020515 0.000161723494515929 0.0115900191427801 0.0422790324489731 0.0583116036977249 -0.295405342709942 1.98999023541088 372.93157111286 -332691.446703928 102.547710714512 120.921503560879 79.6989413128153 988284.674338525
100000 0.2 -1.94649049313309 -0.0132942617918786 -0.0167906252073262 0.0404127331415893 0.0555076410041234 -0.27899048499491 1.99453018794737 372.887329981026 -332688.526514652 102.536118015381 120.943076658069 79.6790215574259 988102.222063147
100100 0.2002 -1.93650923656966 -0.0227937926479688 -0.014683986365746 0.0388872619135472 0.0600044541930969 -0.297763669988142 1.98977895789273 373.220964354965 -332691.732737633 102.532250822711 120.95805864262 79.6591018020366 987940.306396456
100200 0.2004 -1.9646386806323 -0.00952337812008281 0.012733303288639 0.029029762588599 0.0525991873455279 -0.299398261422301 2.03622978715426 374.374615683228 -332698.346557382 102.55946345766 120.968726502846 79.6391820466472 988042.53132816
100300 0.2006 -1.94834283284065 0.00570267611955146 -0.0235014694890115 0.0170863957658558 0.0678560015427565 -0.30691379905853 2.01478482458881 374.783955904568 -332700.419535311 102.588647475593 120.937836469878 79.6192622912579 987824.170477136
100400 0.2008 -1.92918112950643 0.0236755713992128 0.0209587661876195 0.0221980990309151 0.0558087627700279 -0.300637436806695 2.02245441730506 372.793264046687 -332683.691984619 102.612984256069 120.986760773198 79.5993425358685 988210.918947699
100500 0.201 -1.98032115234142 -0.0186218370178919 -0.0125034606136004 0.0519495028474645 0.0474889894193541 -0.304664980156819 2.03804518310125 373.169894252104 -332684.400775453 102.584338465089 121.012349690929 79.5794227804791 987896.713372676
100600 0.2012 -1.93689662378117 0.00580332797838739 0.0154995698392613 0.0554481939689865 0.0384157192966024 -0.325464300486566 2.03087317429038 375.166071839545 -332699.083322149 102.564637435539 121.093722774814 79.5595030250898 988123.758514274
100700 0.2014 -1.97126407782903 0.000721069530947095 -0.00548258056255466 0.0263044419556179 0.0482204606629725 -0.326884531797044 2.05088817386589 372.010553199615 -332674.776775858 102.516479657889 121.151613475598 79.5395832697004 987884.560683163
100800 0.2016 -1.99521216751627 -0.0305379653636161 0.025618459451954 0.0507647487902197 0.0628920347502315 -0.316887349658199 2.07226386451074 372.974938671245 -332679.934577578 102.515815593151 121.185177087096 79.5196635143111 987904.370367231
100900 0.2018 -2.02261353152284 0.0410610711713153 -0.0519922692409648 0.0620756581269665 0.0343917554214065 -0.310320892220928 2.09269818264055 373.394355762676 -332682.893925139 102.566578594127 121.13765086905 79.4997437589217 987758.430179226
101000 0.202 -1.96596468206405 0.0148210188346882 -0.000443728004597881 0.0587136573756858 0.0350502767616633 -0.313755333565348 2.05008865357732 374.889472842189 -332692.280547689 102.534427782383 121.220750761085 79.4798240035324 987878.601494533
101100 0.2022 -1.97029768000736 0.0114104657327327 0.0293798311921109 0.0411485886204275 0.0544449218411887 -0.329926980138712 2.07451871891817 373.443929597017 -332679.268594967 102.501118231765 121.314477689663 79.459904248143 988073.549414291
101200 0.2024 -1.98483511807309 -0.0356623538788359 -0.0155955568001427 0.0505738339461976 0.0448425225736058 -0.330874631621999 2.04473239188834 374.513185447617 -332687.915684542 102.501295732356 121.311943058241 79.4399844927536 987806.921718754
101300 0.2026 -1.92027725772289 0.0348819197399191 0.0178238462992145 0.0234690074374681 0.0134924017265311 -0.358365338714887 2.04378638900184 372.9780283592 -332675.215242152 102.544314832929 121.353901808679 79.4200647373643 988315.414089835
101400 0.2028 -1.98299006967869 -0.00868323502403217 -0.0495260921193083 0.0207315314166271 0.0375508547314017 -0.375528952673316 2.06094756279128 373.700245836678 -332679.946226413 102.510044260621 121.382340516622 79.4001449819749 987968.786443588
101500 0.203 -1.92205970377795 0.00834905306646841 0.0348069551874016 0.0451072384331805 0.00922568952779334 -0.369133832287682 2.04777714665571 373.044544093647 -332674.64711688 102.496485259054 121.474427978659 79.3802252265856 988339.522374084
101600 0.2032 -1.95370074562517 -0.0182905885710148 -0.0122245095292839 0.0435315923548108 0.0199230313183871 -0.39855166050379 2.05936778714603 373.454384962376 -332677.209240561 102.484194281689 121.487711912297 79.3603054711962 988081.059954118
101700 0.2034 -1.92301809897563 0.0190014851901293 0.0243540898610549 0.0338943859049148 0.0306818743689949 -0.380900620918844 2.05508881760337 373.507394826946 -332674.988748405 102.511891607584 121.507769573436 79.3403857158069 988263.154531406
101800 0.2036 -1.97051327979632 -0.00247291665702216 -0.0167603738833344 0.0478652169607814 0.0125224777356954 -0.375531405467043 2.06777268907335 373.740623615087 -332675.288213324 102.520768547414 121.500902437685 79.3204659604175 988044.747132688
101900 0.2038 -1.92183479459427 -0.0177986597538764 0.00524519958389125 0.0597134471712309 0.0377632224474404 -0.353584722052259 2.01489520827531 373.425426828407 -332670.697389454 102.533389288789 121.533446237424 79.3005462050281 988182.833455166
102000 0.204 -1.9576267820469 -0.0195222615758391 -0.0231210302246446 0.0352290026726863 0.0134102048259557 -0.395780538432168 2.05510991095199 372.932959249694 -332668.437281685 102.533980387068 121.552917311565 79.2806264496388 988098.583605236
102100 0.2042 -1.92753768893585 0.00917187993568391 -0.0390486617725357 0.0301241554843918 0.0083738674248542 -0.391150164251821 2.03019903025277 372.327781137985 -332661.979507682 102.547877809725 121.600233801854 79.2607066942494 988368.799793144
102200 0.2044 -1.92228984992282 0.00359445563372308 -0.0132456305789198 0.0124675440025359 0.0506163375536696 -0.389097398516068 2.03450844323385 373.56450559065 -332670.599805601 102.527453061279 121.645151702426 79.2407869388601 988288.525818376
102300 0.2046 -1.95603290787957 -0.0150736031266026 0.0421603869112063 0.0472916098714793 0.0138676858820628 -0.392379915363546 2.08587152504769 375.02085221941 -332679.748505572 102.520444914787 121.673130382077 79.2208671834707 988199.787008361
102400 0.2048 -1.91945037251855 0.00829746054334005 -0.0412221434989093 0.0350152385383147 0.0334475647682232 -0.400778263884444 2.0278329959925 374.365013425278 -332674.716224868 102.558847908559 121.665572423107 79.2009474280814 988259.992172452
102500 0.205 -1.89604881552738 0.0221454586408209 0.0140803418496699 0.0310178431807657 0.00257984990957971 -0.383871554442259 2.02707726944594 373.700414752354 -332669.696409962 102.557111851634 121.72036349818 79.181027672692 988439.646521692
102600 0.2052 -1.90815287160571 -0.0427404776369638 -0.0379288571252364 0.00692738862111354 0.021928332849041 -0.376379177852747 1.97871993618326 373.637133972809 -332671.632838211 102.515383551919 121.772805388304 79.1611079173026 988214.486712301
102700 0.2054 -1.89663020788004 0.0149754774441781 0.00651392211915453 0.0192710848160386 0.000643025431425569 -0.358883568793742 2.00639984779751 373.072580963872 -332666.836205312 102.516901281812 121.838319165932 79.1411881619133 988511.977016008
102800 0.2056 -1.94368160810354 -0.0133836328965266 -0.00444948687068589 0.000665599863990085 0.0150878276973246 -0.364776944667664 2.03549663984592 374.084560582871 -332674.715854765 102.498048416499 121.850011742276 79.1212684065239 988176.252075856
102900 0.2058 -1.89131747095246 0.0260494209415746 0.0148033401054382 -0.0071401754986437 0.0211042378995592 -0.36700145719103 2.0150480716445 372.778013121713 -332664.893841913 102.498836901753 121.901652451641 79.1013486511346 988353.75867815
103000 0.206 -1.9106599467895 -0.0218652620070285 -0.0147968543228809 0.0324584572861477 0.00403855157711645 -0.366411622558696 1.9967293532165 373.296745167642 -332669.191501042 102.49427211093 121.916676149281 79.0814288957452 988182.633446367
103100 0.2062 -1.86927728285483 0.0514259925945918 0.00694450834700788 -0.00829008022372101 0.0215340097276792 -0.336225243440336 1.98655065434198 375.429290659273 -332684.574749545 102.528962119699 121.935959455507 79.0615091403559 988424.407340949
103200 0.2064 -1.89676846505306 -0.00717235261189742 -0.0319387636295705 0.00895752116014008 0.05278168532552 -0.338749263387196 1.96907083420045 373.952062858214 -332675.595887895 102.47741453359 121.997145034453 79.0415893849665 988174.156779915
103300 0.2066 -1.83934902730067 -0.0033170504635822 0.0366619542654952 -0.0188900778258155 0.0561404423928163 -0.365529943603033 1.96402053039688 373.50286558434 -332673.97723731 102.457711629921 122.09410083482 79.0216696295771 988520.167673768
103400 0.2068 -1.85343274304353 0.00550244941060196 -0.0232916200126696 -0.00131096914913866 0.0694918394637407 -0.338640011842633 1.93945005484348 373.332967298886 -332672.342262955 102.485429091875 122.071370565271 79.0017498741878 988354.298450406
103500 0.207 -1.86763126987587 0.0136498725025637 -0.00218062283075305 0.00652295148313824 0.0409842365174114 -0.339909117620352 1.96506211689284 374.257865448181 -332678.52489871 102.506529528769 122.084328312164 78.9818301187984 988413.437702603
103600 0.2072 -1.85657434687775 0.00312968415118822 0.0017655905140559 -0.013033776460178 0.05600545372037 -0.347065866282404 1.95633528580401 375.510795706631 -332688.416677506 102.481822495887 122.146512369041 78.9619103634091 988429.180382327
103700 0.2074 -1.87638558931856 0.00453864805266575 0.0242768831896911 0.0078700310644428 0.0430584654689201 -0.326637123375948 1.97514937337495 374.306178034612 -332680.373453782 102.477537968982 122.185059221913 78.9419906080197 988450.35101308
103800 0.2076 -1.90932351766457 0.00438578788730067 -0.0267411906040647 -0.0122200835602358 0.0598569038911612 -0.328652027563327 1.98467055461974 372.385821704031 -332665.905337703 102.487444462882 122.18002321138 78.9220708526304 988255.726704719
103900 0.2078 -1.91378954401404 -0.00549692857191688 9.79650704695735e-05 0.0229818137910309 0.0536885826331469 -0.321106563301966 1.99294978893233 373.279564837409 -332673.73453508 102.48413312444 122.217171073917 78.902151097241 988274.756704148
104000 0.208 -1.87799450538505 -0.00561068070855241 0.0233565666538897 0.016084923095198 0.0465256235219972 -0.32814656617527 1.97261467996158 372.752951629846 -332668.217180113 102.508235390177 122.238741517804 78.8822313418517 988432.039911753
104100 0.2082 -1.85011493532234 0.0186858254557281 -0.0136856882929576 -0.00199345084033342 0.0458114268138194 -0.302972339679044 1.927343505117 372.210784939369 -332662.957212893 102.525143028785 122.235556614884 78.8623115864623 988319.674882161
104200 0.2084 -1.89195739027947 -0.0214982310968014 -0.0218703622137874 -0.0107788594243767 0.0682823250811579 -0.320995003395434 1.95483270496408 372.460878835942 -332664.954856611 102.504169603137 122.266818846885 78.8423918310729 988120.559220661
104300 0.2086 -1.86649220112009 -0.0112407561032117 0.024413493648327 -0.0125660599697112 0.0630567014515679 -0.309774782611687 1.95183507406358 372.948923923871 -332669.591551422 102.526461954122 122.306638647924 78.8224720756836 988407.546749334
104400 0.2088 -1.89977945739587 -0.0236065271443273 -0.0307189612883517 -0.0225481972513946 0.0505555720600322 -0.308832744323127 1.94988644479984 374.389613049608 -332681.209208176 102.531249725137 122.302497334747 78.8025523202942 988170.443880693
104500 0.209 -1.89429708608672 0.027068924313373 0.0155013235457616 -0.0425433958525086 0.0366514444683863 -0.328589313550958 2.00073191058873 372.937673717283 -332670.064549463 102.564206771363 122.34835873493 78.7826325649049 988608.777895608
104600 0.2092 -1.84396071294023 0.0102904281779255 0.00325418038402468 -0.00630007883265154 0.0167848214040897 -0.337854508865762 1.94130139436702 374.503098915803 -332681.581835981 102.563919742094 122.367760903143 78.7627128095155 988512.782487396
104700 0.2094 -1.85217944701349 -0.00431068255208289 -0.0304255356088563 0.00882554881878812 0.0581583705072415 -0.328895746297208 1.92404319854919 373.118376167221 -332670.388676738 102.553595898382 122.4002385617 78.7427930541262 988425.571713809
104800 0.2096 -1.8606233200514 -0.0132602147385682 0.00687378764932077 -0.00519512330150633 0.0443545260385585 -0.330711872398794 1.94536490191226 372.523491908666 -332665.4037675 102.543350129409 122.452810128166 78.7228732987368 988501.186505264
104900 0.2098 -1.84042860805077 0.00816327900606528 -0.0178527549249242 -0.0162211131185258 0.0276326466681101 -0.348203595545065 1.93305278368834 372.533441298073 -332664.90042977 102.575523532563 122.45051832447 78.7029535433474 988542.625848867
105000 0.21 -1.87949387722214 0.00183063755640825 -0.0378369015162815 0.0130408960532791 0.0260414571830079 -0.333761976586747 1.95014455061566 373.631606622531 -332670.905328199 102.572768749295 122.467567021171 78.6830337879581 988403.479049851
105100 0.2102 -1.83098875215922 -0.000965694358404299 0.0313868963387103 0.0134085461365636 0.0356246904971342 -0.335252952591213 1.93668980966847 373.331205552497 -332668.537448432 102.554059046036 122.540856079251 78.6631140325687 988564.246098751
105200 0.2104 -1.883593291371 -0.012479693227233 -0.00822683614276055 0.016908991105801 0.0482801118846933 -0.33392040190186 1.9624986411827 373.278651912991 -332670.317134311 102.567560880072 122.520111743359 78.6431942771794 988276.70172258
105300 0.2106 -1.83455455096308 0.0260744755281022 -0.0127493712884972 0.012677688831058 0.0159238806052891 -0.342802513639441 1.93519881675542 373.569292622758 -332672.088022105 102.601676519586 122.527051328278 78.62327452179 988410.992789023
105400 0.2108 -1.84856213909773 -0.0142125688150321 0.0100173233037459 0.0179408876764173 0.0444022526744828 -0.329174115531338 1.93437809834364 374.629435916041 -332680.238529749 102.604790844738 122.555815026112 78.6033547664007 988422.547692981
105500 0.211 -1.82943750275504 0.0327670921448681 -0.00873744638468823 -0.00253706083674858 0.0613023516823611 -0.327676128151532 1.93019346634101 372.952076878872 -332666.314697436 102.624177840437 122.57611268521 78.5834350110113 988522.465558437
105600 0.2112 -1.85428226780266 -0.0315081465461453 0.0224475415865028 0.00990121955666177 0.041504024196302 -0.299772292426159 1.92323110464291 373.403135466318 -332668.326022376 102.593288532121 122.630670700774 78.563515255622 988414.167646644
105700 0.2114 -1.8378412538055 0.00101251186525854 0.01027149050757 0.0144566969306294 0.0441032619246862 -0.331720230569371 1.93263344259907 373.957592185745 -332672.975945407 102.610865423629 122.658004214071 78.5435955002326 988553.146020498
105800 0.2116 -1.84449686642468 0.0184948110619094 -0.0229327215748989 0.0173819885253996 0.0471984639731155 -0.317775999264104 1.92504787603528 371.19288136582 -332651.617653661 102.617303445349 122.679649372372 78.5236757448432 988538.857537189
105900 0.2118 -1.84875634086974 -0.0192377529534137 0.0142958963452505 0.0196808880953519 0.0469011192859631 -0.27102041961037 1.90728355638485 375.194011755175 -332681.788363032 102.612619779948 122.715080104658 78.5037559894539 988528.3905539
106000 0.212 -1.85333555138059 0.0417818113369685 0.00265844685659348 0.0244239926741565 0.0504002770253487 -0.272240737213137 1.93664976281963 374.436711367325 -332674.021694091 102.634029941701 122.739022739495 78.4838362340645 988676.623785663
106100 0.2122 -1.90999772559386 -0.00256553072046011 -0.013914668386638 0.0144716919008266 0.0643762039352745 -0.287674332706265 1.96929160156376 373.713362593617 -332669.00329961 102.602980822053 122.764123312586 78.4639164786752 988328.744934059
106200 0.2124 -1.86527747153988 -0.0290825855519879 -0.00249535785403326 -0.0253214115940987 0.0445124632699957 -0.298631627468056 1.92264089681964 373.093814525749 -332665.220486685 102.573797509445 122.834749238218 78.4439967232858 988365.075215204
106300 0.2126 -1.82939045499548 0.0159742893379074 0.0268683031678548 0.0138754696290756 0.0400483924642313 -0.265144563277655 1.90837293884301 374.455976644525 -332675.464584665 102.601378150321 122.865000763362 78.4240769678965 988623.200041411
106400 0.2128 -1.87447950151607 -0.0310122175301727 -0.0089317219456378 0.0231102007038047 0.0471781431254898 -0.267545784254032 1.91378830134062 373.777600839465 -332668.662353097 102.622125530971 122.840616365345 78.4041572125071 988375.754498428
106500 0.213 -1.8675473407938 0.0386374868752066 0.00238609848457059 0.0101779800138243 0.0640716238372193 -0.247227170569203 1.93952133998094 372.809268066985 -332659.978852749 102.657620198131 122.844453063829 78.3842374571177 988497.285601405
106600 0.2132 -1.89527941910451 0.0109680026666309 -0.0281970868953841 -0.00825197662849221 0.0483179151946883 -0.23678356450661 1.93288962531516 372.587010769029 -332657.101129598 102.639993074771 122.87858999872 78.3643177017284 988350.963579577
106700 0.2134 -1.91145398973212 -0.00588365073721093 0.0214721170847567 0.0258584544268004 0.028109925528557 -0.236393840111234 1.96369488982265 374.644832275194 -332673.673273425 102.625066186008 122.932357181403 78.344397946339 988388.325059344
106800 0.2136 -1.90101405896001 -0.00285780126496905 -0.0278006251852805 0.00140509565131687 0.0304536208312126 -0.229801449154822 1.92807890290583 372.589682573466 -332657.426609061 102.654251588406 122.931731236096 78.3244781909497 988413.000718296
106900 0.2138 -1.86259521558635 0.0232585830072461 0.00319037946567236 0.01705935911469 0.0398096186789199 -0.241423725895607 1.92340461507133 374.100448551778 -332667.748020724 102.664392040613 122.952313406831 78.3045584355603 988424.699144004
107000 0.214 -1.8869276571687 0.00412313552028137 -0.00121653518764465 0.0383300316336626 0.00610815062649053 -0.224700107863686 1.92924698833435 374.485405280291 -332671.687038191 102.644659340677 123.007071501893 78.284638680171 988423.331532845
107100 0.2142 -1.8941387614158 0.014603395083973 -0.0170204296314192 0.0408363813175261 0.0492766043413816 -0.227653874026704 1.9369308710707 372.557639827043 -332658.020460362 102.616700621755 123.072817846983 78.2647189247816 988430.689019789
107200 0.2144 -1.89641428808178 0.0046795367386577 -0.0181687970735008 0.0422721926197066 0.0108862950623152 -0.198721978383571 1.92235027348189 373.612937177396 -332664.907775014 102.585067788397 123.152818493932 78.2447991693923 988516.642851075
107300 0.2146 -1.84344542851807 -0.00567032398344111 0.0215778863466261 0.0299180453466052 0.00201870933922705 -0.23363269116566 1.89596573793394 372.955070171853 -332658.65410866 102.572405640096 123.221393064479 78.2248794140029 988693.224320059
107400 0.2148 -1.8501050045861 -0.000993836214899108 -0.0102235001226035 0.0224505634112389 0.0454593263729068 -0.237441959455667 1.89184523993498 374.782487782465 -332672.703547122 102.581600069559 123.219788442801 78.2049596586135 988517.185686773
107500 0.215 -1.80697759165833 0.0157207801742576 -0.00533889341387762 0.0338883328514293 0.0333818803142448 -0.235765034644625 1.85952445360786 373.456437756564 -332660.425059231 102.594669252649 123.25737441478 78.1850399032242 988692.797027661
107600 0.2152 -1.8851686486768 -0.020732773307274 -0.0324548455662636 0.0443136754350601 0.0309087040198297 -0.203243052745298 1.89395983410461 373.306038413328 -332659.800202834 102.571809112943 123.273208307592 78.1651201478348 988347.605249337
107700 0.2154 -1.83700786315545 0.0560114680939276 0.00387020764180917 0.0456905313907341 0.0151831488674242 -0.193926337135885 1.89929282003685 374.1210383228 -332665.190631044 102.584317021971 123.323476921828 78.1452003924455 988619.201018877
107800 0.2156 -1.87808813657443 -0.00323731302960413 -0.00101047494340895 0.0423819881987837 0.0294742847975821 -0.224045167575945 1.91776671393598 374.527279632212 -332668.209837159 102.537630251851 123.377014517005 78.1252806370561 988346.260914066
107900 0.2158 -1.85304989758639 0.00480042082731055 0.0299342426218172 0.0358939805785118 0.0437467602969855 -0.228497126879688 1.91446433110239 373.793138451394 -332662.96968571 102.535848731568 123.421071531016 78.1053608816668 988429.9278634
108000 0.216 -1.86255142853561 -0.00694420719443924 -0.0126357309162998 0.0311348540041094 0.045237373166409 -0.222351328608926 1.89476042232629 374.592081174459 -332669.640140841 102.562589079924 123.429146036015 78.0854411262774 988500.214657631
108100 0.2162 -1.87293767507402 0.0261407781234417 -0.0166042757112834 -0.00322533195460343 0.060747797758117 -0.217631137952753 1.91842172892818 373.661759874484 -332661.443411833 102.577781353748 123.453262888856 78.065521370888 988587.554955532
108200 0.2164 -1.89155097346674 -0.0360406174809767 -0.0355072807020258 0.0290306427036582 0.0682546802966354 -0.234374578405427 1.90399772724072 374.957694782152 -332670.962368843 102.545221062972 123.494193153871 78.0456016154987 988349.155254668
108300 0.2166 -1.79623466676132 0.00632031269454389 0.00379269025424101 0.0249272866705488 0.0729498429425605 -0.216527467524164 1.84475912915913 374.28070719143 -332666.891036859 102.572794464779 123.552068149958 78.0256818601093 988825.777870054
108400 0.2168 -1.82934633888587 -0.0180963253210764 -0.0046136597917261 0.0121573455580872 0.0657783838756368 -0.225091474435566 1.86296837818864 374.106584591628 -332664.393158077 102.579516782389 123.555337445541 78.00576210472 988664.281599162
108500 0.217 -1.81116318208951 -0.0220292377115279 0.00957544115588945 0.0296943729372739 0.0440647256175408 -0.212065852685827 1.84443223663122 372.370823604827 -332651.943075169 102.611758717988 123.551040750593 77.9858423493306 988688.099746601
108600 0.2172 -1.83090813717459 0.01121515901723 -0.045925636921625 0.0232876250527959 0.0707438409603862 -0.192102782236501 1.84899279824004 374.029214784017 -332663.679077808 102.631885123146 123.550731939921 77.9659225939413 988626.963290731
108700 0.2174 -1.82083298401641 -0.02485626520234 0.0118175302640372 0.0329485077691489 0.0464228930214156 -0.187644440919871 1.84610292257791 374.993890989424 -332672.402520049 102.588384100603 123.639416665821 77.9460028385519 988664.603151138
108800 0.2176 -1.82485051890081 -0.01194708256006 0.0428937025546003 0.0458391083307619 0.0483729489064306 -0.200269388304647 1.87688422945722 374.45912136709 -332667.790007473 102.590371952161 123.676956023179 77.9260830831625 988731.201146121
108900 0.2178 -1.81780947629472 0.00658996205720464 -0.0224179363870948 0.0313338355566727 0.0399793861032136 -0.193083474475806 1.84280681061256 374.586163817964 -332669.849541237 102.645375102578 123.634994068795 77.9061633277732 988672.866724539
109000 0.218 -1.83934612723795 0.0275545583026755 -0.0043219817130618 0.027930326336436 0.0555531013325237 -0.192782687780332 1.88412265890031 375.217030308181 -332674.040483288 102.68297344775 123.626674104667 77.8862435723838 988715.586154608
109100 0.2182 -1.86720862145439 0.00763741287731678 -0.0120651781872642 0.0241162416788015 0.0222364891180533 -0.174987299134842 1.89039317288204 373.906336616367 -332664.910496044 102.682917335957 123.652074815502 77.8663238169945 988665.269998561
109200 0.2184 -1.85246927642564 0.0156787575974607 -0.00745053124810201 0.0236730219967692 0.0294227600381201 -0.175262472454892 1.88248034269441 373.453523206725 -332660.313669157 102.658178703304 123.716301983894 77.8464040616051 988687.494814697
109300 0.2186 -1.84976622163539 -0.0181386039033315 0.00821269711579673 0.0212931081238535 0.0487148478828929 -0.172983272368314 1.87138160938523 374.079144612614 -332666.316165178 102.630299237615 123.766143587486 77.8264843062158 988564.171973856
109400 0.2188 -1.86434274923035 0.0129055805942151 -0.0253910585412784 0.0036677918290964 0.0342763167072446 -0.160704306279554 1.88007398802955 375.071435968583 -332674.054805445 102.667422117872 123.74575685889 77.8065645508264 988505.781469999
109500 0.219 -1.803883881361 0.031053346770435 0.0108645907422404 0.0232024914894466 0.0463178476521661 -0.144895185489248 1.84428632734401 373.349599463275 -332660.82471064 102.69087231422 123.782760725154 77.7866447954371 988774.020009602
109600 0.2192 -1.85670472080665 -0.0235139443989846 0.00914337353888167 -0.00325795970846593 0.015288362025535 -0.144551993919566 1.86679964081043 374.616032062208 -332670.823318557 102.661803676406 123.827003864943 77.7667250400477 988594.21562438
109700 0.2194 -1.82716568730521 -0.0133846310206497 0.00597634731848981 0.0174187340774051 0.00276923960959047 -0.152906064979224 1.84292354166921 374.333468061404 -332667.625633818 102.67528513834 123.849714128398 77.7468052846583 988652.066418079
109800 0.2196 -1.76546530545354 0.0236398920488787 0.00118393684781461 0.0146717860395855 0.0108667253871355 -0.152437007065141 1.79775882029172 373.200808436964 -332657.817510099 102.70130027666 123.894959093365 77.726885529269 989010.369053046
109900 0.2198 -1.84824576455382 -0.0368430854613691 0.0254284403301935 0.0334207370750211 0.0361745613615793 -0.136561284912816 1.86039775442723 373.095816957599 -332655.110786536 102.684048331444 123.92502434818 77.7069657738796 988830.712166056
110000 0.22 -1.86491408686853 0.0190828478538384 -0.00123064661965454 0.0679897218271485 -0.00244247959310203 -0.163324417731477 1.89881458468264 375.106860652587 -332667.949441772 102.717666211312 123.894052370357 77.6870460184903 988653.731379989
110100 0.2202 -1.84549842963098 0.00683775834775041 0.0214357866113917 0.0560942727397379 0.00558549361644238 -0.138561733284829 1.87764061232781 373.915809664814 -332658.317325021 102.724662999136 123.921722609681 77.6671262631009 988688.319262249
110200 0.2204 -1.86802452324715 0.0104925246526898 -0.0347608231065926 0.0492956119724476 0.00809961441903157 -0.161197656758176 1.87917695187729 371.427615712383 -332641.903440482 102.726877328322 123.935188598556 77.6472065077116 988563.46193691
110300 0.2206 -1.84391849342636 0.00322999469195899 0.0149732282352228 0.0582382101224828 0.0130925416894779 -0.149738677770888 1.87396405059892 374.645217166364 -332663.684216995 102.720212488212 123.981545225451 77.6272867523222 988615.376002272
110400 0.2208 -1.78465409385405 -0.0147292668467758 -0.0279818238932426 0.0565556689772176 0.0154751136919253 -0.149380321092172 1.78510812089566 374.502629125703 -332661.19882843 102.694219815702 124.047119983256 77.6073669969328 988634.210869092
110500 0.221 -1.81276072007242 0.00644584921578356 -0.00477769335393393 0.035345799785754 0.045756153830047 -0.136013384569459 1.8315972109471 371.823786273576 -332639.740879736 102.687825826389 124.094579210703 77.5874472415435 988697.036959793
110600 0.2212 -1.8426404339087 -0.0168220289038345 -0.00870180751732049 0.0300502760885235 0.0263805794855012 -0.137043677455844 1.84652230057016 374.802895907803 -332661.533288493 102.691493149789 124.098660225154 77.5675274861541 988511.007480243
110700 0.2214 -1.85508902220758 0.0125947225676801 0.0431740324902363 0.0443943707300116 0.0368778368704239 -0.126295955300871 1.89845586062785 372.735470468547 -332644.182165819 102.717888151576 124.145809447991 77.5476077307648 988886.734688094
110800 0.2216 -1.87350665529224 -0.0291385309792332 -0.0172583035333895 0.055515935730938 0.0128820191056916 -0.138077774563236 1.86833796265309 372.587433903225 -332643.124578276 102.713811393786 124.143288642359 77.5276879753754 988573.406746245
110900 0.2218 -1.85983143966357 0.0217681615012728 0.0124255278807751 0.0348417541476642 0.0151206153314901 -0.126938680590399 1.89092392142647 373.16672868897 -332645.965166124 102.72274169112 124.205221185977 77.5077682199861 988898.428469568
111000 0.222 -1.85912323947038 -0.00853044942662311 0.00602745822811336 0.059702106523787 0.011467827335604 -0.120507403377475 1.87256509279359 373.939295718124 -332651.548298178 102.692953128059 124.260131848162 77.4878484645967 988794.530539196
111100 0.2222 -1.8542816377381 0.0317865386088483 0.0136422694020383 0.0409599600975585 0.0206091994200799 -0.114371267868197 1.88915610382966 372.396099125443 -332637.866084645 102.710951948898 124.292739275978 77.4679287092074 988973.052448698
111200 0.2224 -1.91747096352552 0.00715857027933794 -0.00801054804258771 0.0290848368153625 0.026399190384012 -0.123521511369232 1.9301904666871 373.818239279398 -332647.542867512 102.70136102715 124.287755676861 77.448008953818 988586.788358842
111300 0.2226 -1.85251026851712 0.031070452502228 -0.0268652371303972 0.0314341657829815 0.0206730888711078 -0.108057791396814 1.86584625241966 372.120469614137 -332633.967281896 102.712094062795 124.341440718155 77.4280891984286 988862.75657211
111400 0.2228 -1.87343038107672 -0.0319363362568554 -0.0119426173108296 0.0372336653908376 0.0106198864240811 -0.11419135936346 1.86331284636138 372.676225376099 -332637.462334671 102.69253138221 124.38003510196 77.4081694430393 988726.858415773
111500 0.223 -1.88942932117407 0.0270568968514021 -0.00571755940514279 0.0362000022456508 0.00704194465402087 -0.126704042011972 1.9140072166461 373.748907646733 -332645.129817257 102.722249351984 124.401004697104 77.3882496876499 988925.174951936
111600 0.2232 -1.89342571544291 -0.00421602196313355 -0.00566767035457636 0.030767824183188 0.033199232632553 -0.127532657024305 1.90297482510633 371.926488459806 -332630.715100256 102.715862674828 124.443289186178 77.3683299322606 988945.188440071
111700 0.2234 -1.9445475941059 -0.00924233913398786 0.00577613357423972 0.0218851286751056 0.00489977962001676 -0.134573307705764 1.95717555143406 373.166755939198 -332638.051254648 102.702633894955 124.482162412293 77.3484101768712 988872.039114127
111800 0.2236 -1.88957924647688 -0.00963765524628224 0.00719643789536988 0.0191135990772975 0.0022922790148115 -0.136160142995989 1.90337631361708 373.566584974155 -332639.556202166 102.713519108058 124.496731153434 77.3284904214818 988837.868217019
111900 0.2238 -1.87059389682637 -0.0035906720869134 -0.00632898251569309 0.0574872364672363 0.00938000195592058 -0.130997782691616 1.88208811236908 373.029685593085 -332634.596112051 102.71538882964 124.524283035969 77.3085706660925 988819.92327484
112000 0.224 -1.8802887408067 0.00537026432546367 0.00472703648008203 0.0206738562357883 0.0281201774526592 -0.131908392407806 1.90009245014468 372.014127342846 -332625.276619087 102.691855480587 124.569859480384 77.2886509107031 988700.382472254
112100 0.2242 -1.91205458269528 -0.0203798283615597 0.00929139614078324 0.0532454047970535 0.013172476030094 -0.122195712702342 1.92074548091283 373.791978371025 -332637.73779671 102.687874032673 124.590416667482 77.2687311553138 988570.352206597
112200 0.2244 -1.92859950063374 -0.0283387897600739 -0.0132601015007568 0.050322544232776 -0.00404346609186055 -0.121029172153185 1.92131774591423 373.713243164841 -332635.685770158 102.72059421099 124.5685439659 77.2488113999244 988456.853604341
112300 0.2246 -1.95353089984264 0.0256331613064517 -0.00897600708262843 0.0517348799164615 0.0171116317135138 -0.142699922806961 1.97984561881622 373.136775868023 -332629.269313272 102.764632828952 124.554595993 77.2288916445351 988514.932925401
112400 0.2248 -1.95094581649242 -0.000244187580792313 0.0019368622475886 0.0458317561680309 0.0142496789225096 -0.148738801765757 1.97047625780938 373.436910067863 -332631.515145608 102.757983098853 124.590284373266 77.2089718891457 988479.161055896
112500 0.225 -1.96789031931142 0.0102658220291761 0.0015264192846782 0.0447093322917929 0.00611387768685648 -0.128172240465502 1.98778355834685 372.212396531272 -332621.43123773 102.743846344597 124.646127189426 77.1890521337564 988531.054851038
112600 0.2252 -1.93351925859893 -0.021490117083053 0.00771675927470302 0.049540274541799 0.0025985400573261 -0.111794212243879 1.9384090614912 373.040984537989 -332627.625847819 102.731925399519 124.700113829926 77.169132378367 988589.276178131
112700 0.2254 -1.90993672196928 0.00222027821894347 0.0117645214655828 0.0330851964201593 0.0166797114110643 -0.129729536237197 1.93113784183969 373.813893948378 -332631.685826686 102.758391195532 124.715875424559 77.1492126229776 988713.658764267
112800 0.2256 -1.90887582993816 0.00920583218794239 0.0226182300450974 0.0594285313365097 -0.0308356200777581 -0.141039774322697 1.94372519678216 372.732676335037 -332624.423029249 102.769429341145 124.736350165062 77.1292928675883 988726.847459916
112900 0.2258 -1.94372218379865 -0.006847850320996 -0.00204074818339397 0.09547332626816 0.0065959231421308 -0.13575310798462 1.96050471826493 374.145913440054 -332633.991193631 102.766049770566 124.767192250418 77.1093731121989 988683.388231586
113000 0.226 -1.94476313616243 -0.0220434006732345 -0.00463518262250135 0.0646618612392803 -0.00443255168679721 -0.138375851636287 1.94953106979333 374.397456552011 -332636.325736444 102.762669654315 124.804278299981 77.0894533568096 988689.262378115
113100 0.2262 -1.89557357748296 0.0442839733261145 -0.0246028239256618 0.0387894001570816 0.012012072685664 -0.115890969707321 1.91817647973539 375.173291301333 -332643.826107062 102.788057041832 124.817089162141 77.0695336014202 988779.463874653
113200 0.2264 -1.92061360780836 -0.00742098585489324 0.0308048945986365 0.0434932436576562 0.00462470527560479 -0.122876230516448 1.94574807043231 374.492140206522 -332639.807784414 102.768388324871 124.870500005498 77.0496138460309 988757.664274454
113300 0.2266 -1.94933577380641 -0.0420405532416011 -0.0177521358511251 0.0510597768304369 0.0131139948302955 -0.117859824658889 1.93253724823861 373.755827535848 -332636.506995347 102.745151564257 124.89775989047 77.0296940906415 988494.277342302
113400 0.2268 -1.8876833668489 0.0194098847483277 0.0186323062331842 0.0333648714262143 0.0117574043474895 -0.133907751954431 1.92173634296813 374.969200453266 -332646.310509042 102.779145805133 124.924503267928 77.0097743352521 988777.296557279
113500 0.227 -1.8880504172327 -0.00149184760028372 -0.00898415193281882 0.0684373445959434 0.00708496456517935 -0.121439170201284 1.89828046323116 376.00612063958 -332655.791267715 102.793438483102 124.917435430417 76.9898545798628 988603.06478508
113600 0.2272 -1.9160259989732 0.0204684604101317 0.00774875480277911 0.0313790024717839 -0.013369677637767 -0.138672301911617 1.94594993123683 372.568050695626 -332631.977446748 102.785920273011 124.966009150465 76.9699348244734 988659.281959253
113700 0.2274 -1.89859348931915 0.00450931964012926 -0.0267709390926772 0.0392396759968526 0.00588885249789315 -0.106612660692981 1.89791234737647 373.633181989387 -332642.50768997 102.766593621105 125.022781579823 76.9500150690841 988666.520216211
113800 0.2276 -1.92762993925395 0.00345727188565434 -0.00390551725426204 0.0170679628271988 0.0177981309300036 -0.139664681164144 1.94300714761874 374.058379044244 -332647.728741017 102.744066169322 125.078121770463 76.9300953136947 988631.333545203
113900 0.2278 -1.90210073233641 -0.0321696789421439 -0.00935195396688036 0.0497781439250486 0.0184321795678596 -0.122249110292334 1.89555209028685 372.951198158438 -332640.527929798 102.739345940821 125.107987909843 76.9101755583054 988565.92982131
114000 0.228 -1.89989116681979 0.00338430347871223 -0.0255896957759876 0.00470678901023261 0.0134986374196936 -0.140719711501373 1.90477576613493 375.33749164282 -332658.345936393 102.744708543004 125.138286483716 76.890255802916 988600.837759257
114100 0.2282 -1.94302617162293 -0.003319076754287 -0.0109777857113742 0.0138952146695057 0.020661345408792 -0.134649275771069 1.95036350574874 375.031915813469 -332657.496572679 102.721771037415 125.176605737604 76.8703360475266 988426.656682627
114200 0.2284 -1.9280113892964 -0.0128364710715074 0.0216915087498976 0.00852791317945122 0.032986264929041 -0.145029840440773 1.94981991232666 373.437537036972 -332647.195303044 102.732143833233 125.209596050108 76.8504162921373 988530.765017555
114300 0.2286 -1.95610736965038 -0.0135604556953708 -0.0557552332640594 0.00470859305993875 0.0176556342630704 -0.120898027804188 1.93343069526928 371.132416891543 -332631.18890825 102.752049367256 125.170606460498 76.8304965367479 988158.222794189
114400 0.2288 -1.95941869727251 0.00666692185804856 -0.0344949817930826 0.00321059989396681 0.0144214921916243 -0.159767500933451 1.96557649621411 374.47570478072 -332657.023293557 102.748378991376 125.212731658438 76.8105767813586 988199.194474546
114500 0.229 -1.97200524353977 -0.0168809427709492 0.00565209640815212 -0.0155449555645142 0.0389452514419896 -0.160048927555118 1.987258356172 373.089842832543 -332649.880676631 102.726397082934 125.26717457818 76.7906570259692 988161.028035377
114600 0.2292 -1.95854978262753 0.00301626910250592 0.012673919587044 0.00148798520792027 0.0414150126695442 -0.161619194779392 1.9875344800353 375.296686889761 -332668.158838058 102.738352622076 125.299961589735 76.7707372705799 988278.271364986
114700 0.2294 -1.96274068569246 -0.00366626931733643 0.0275285560119506 -0.00470390349524265 0.00527132755795007 -0.15459584948263 1.99296463618587 372.832297444488 -332650.885253638 102.735832056938 125.354842869585 76.7508175151905 988430.344306506
114800 0.2296 -1.95121033548936 -0.00619369726851138 -0.0205762316015213 0.0239017506725602 0.0273624301674065 -0.149375824818823 1.95607303329984 373.411695089827 -332656.968744279 102.74271378335 125.369993158408 76.7308977598012 988359.439470118
114900 0.2298 -1.92596715973224 0.0124131182848937 0.00187977917707998 -0.00818710636980731 0.0274536730107162 -0.17253651735052 1.95672690601578 374.668303165567 -332666.971634989 102.760043377253 125.418687955633 76.7109780044118 988653.371630975
115000 0.23 -2.00144648857979 -0.0596882946413411 -0.00560011314900707 0.0178020408129824 0.0262444027506962 -0.186281634069379 1.99637074970694 373.736830824901 -332659.726498496 102.721579922856 125.471501086113 76.6910582490224 988442.737492707
115100 0.2302 -1.96953403293197 -0.00129358100595821 0.0335862333725432 0.013267007337848 0.00997447660101078 -0.165943152795354 2.00680762419942 372.921993433878 -332654.047400148 102.753900226275 125.492723927663 76.6711384936331 988664.120854871
115200 0.2304 -1.93514198428984 -0.0200793405213721 -0.0632795498785591 0.0415699859463728 0.0157122345728131 -0.182106493398224 1.9214612198681 372.754144226458 -332653.172732514 102.796460895147 125.435216563706 76.6512187382437 988363.528801173
115300 0.2306 -1.91787762438123 0.0467963336813223 0.0212987937007115 0.0295369460711536 0.0164512530441266 -0.165429075998399 1.9738361369492 373.520181594524 -332657.882943431 102.816252344187 125.491320136781 76.6312989828544 988738.955050019
115400 0.2308 -1.90532900956008 -0.0188714227383509 -0.0306151637345919 0.0150819911362088 0.0176778059914166 -0.151198138070703 1.89918630411602 373.006716498403 -332654.738410323 102.773841709501 125.537487585418 76.611379227465 988437.707082738
115500 0.231 -1.89515204653348 -0.0131089225316299 0.000981683319055569 -5.78912760701197e-05 0.00315910412436021 -0.169748541237605 1.9118780414184 372.833747642451 -332653.587939662 102.780277565682 125.597884614635 76.5914594720757 988718.035333722
115600 0.2312 -1.90984649195188 0.0268684040140693 -0.0153908640369293 -0.0134721513683653 0.0417513123912707 -0.14507380064836 1.93383544176229 374.578328301264 -332667.144254767 102.813605834491 125.586225224282 76.5715397166863 988689.627237343
115700 0.2314 -1.93377210876974 0.0239383357826408 0.00125157856142449 -0.0128704837329237 0.0316194687854216 -0.181118143451139 1.97247013620806 374.641077414554 -332668.083127333 102.839533127627 125.594102000794 76.551619961297 988743.694644566
115800 0.2316 -1.95692209068646 -0.0117948614127679 -0.018807587195035 -0.0106820149659232 0.0449801570929193 -0.174189024728328 1.96656194447296 373.600163775966 -332662.186588924 102.832467574317 125.609324235781 76.5317002059076 988538.294836337
115900 0.2318 -1.9351703436784 -0.00289310747066582 0.0064434717019049 0.00225914433879562 0.0554367311942398 -0.171530283760462 1.96196999674134 372.82560407929 -332654.991939947 102.816031841035 125.667855128747 76.5117804505182 988583.481180737
116000 0.232 -1.93415839257716 -0.0245511272370945 -0.00688906217133599 -0.00150999208506598 0.0416168883077001 -0.166463959570309 1.94138428706566 372.07657806061 -332651.572672585 102.780940124953 125.742762720059 76.4918606951289 988577.699474735
116100 0.2322 -1.93372397361551 -0.0160308890005263 0.00715436382553589 -0.0304123327499602 0.0376442399193799 -0.198110607378595 1.96145761013418 372.968570691506 -332657.700302839 102.784115935872 125.775671600038 76.4719409397395 988609.462421569
116200 0.2324 -1.92111111081994 0.00624004228506639 -0.00140164347360495 -0.0313856755829298 0.0324386209601828 -0.205876729455623 1.95787647934097 374.371650325556 -332669.134021375 102.812626958748 125.75777457486 76.4520211843502 988485.42660524
116300 0.2326 -1.94016376985234 -0.00833351835562669 0.00842451124953757 -0.0470778242787723 0.0426514328232134 -0.174268907586459 1.96668197122388 375.695284703648 -332679.645378728 102.810278606541 125.785786986414 76.4321014289608 988425.423872318
116400 0.2328 -1.93357390462415 -0.0169432548752908 0.0245592127655294 -0.0355795252869001 0.059929218584454 -0.177321354617442 1.96561472162961 373.148843554313 -332659.340788509 102.802459090927 125.831649147354 76.4121816735715 988452.926164535
116500 0.233 -1.95520561651145 -0.0169904093884788 -0.0216785598594851 -0.0305747938533785 0.033788151646242 -0.166871663551009 1.95892351848222 374.556977585098 -332670.681759483 102.81283875281 125.819911699533 76.3922619181821 988202.836149765
116600 0.2332 -1.92714717973717 0.0460406242544924 -0.0175910997814742 -0.0472766951421448 0.0515358604026378 -0.155405504509992 1.96445602374793 374.271981358997 -332668.507664171 102.841675075298 125.855043361924 76.3723421627927 988498.182212305
116700 0.2334 -1.91876402016697 0.00969735570777488 -0.0372181095739924 -0.0430096925865267 0.0649376240884091 -0.178602792479797 1.93509346928692 372.752489699633 -332656.641311884 102.827025251924 125.900962682537 76.3524224074034 988460.099696305
116800 0.2336 -1.96220550521486 -0.0296459312043879 0.0104098348220054 -0.0560735825941995 0.0662670041322418 -0.175242310745508 1.98205383770251 373.454820241145 -332661.349002437 102.797713621911 125.960623444958 76.332502652014 988388.669988045
116900 0.2338 -2.00533184159971 -0.00486688438619531 -0.000793233813581718 -0.041933968774998 0.0604091384507759 -0.176048773604034 2.02958826173831 372.783432168363 -332657.925170144 102.820502226788 125.944814005076 76.3125828966247 988225.743752146
117000 0.234 -1.97000305237973 0.0014805435591729 -0.0134541855336738 -0.0385708141180555 0.0587120857006463 -0.175979043959822 1.99129037652451 372.09313398474 -332653.616977329 102.848064596444 125.9690631362 76.2926631412353 988422.898386409
117100 0.2342 -1.98169735519821 0.0142049059661994 0.00599130384609419 -0.0102124558464312 0.0416840638280652 -0.191452065842343 2.02059075499666 373.121094772895 -332660.514032726 102.829870506579 126.029669478193 76.272743385846 988465.358187841
117200 0.2344 -2.00894010238253 -0.0175626904523432 -0.00621377685996836 0.000681943754485008 0.0656882398198613 -0.190183150718652 2.02725624599084 372.129299815175 -332655.091888607 102.800038371557 126.069010225483 76.2528236304566 988228.89947488
117300 0.2346 -1.96959276809352 0.0238497415773535 0.0131945367641991 -0.00524380498174559 0.0429772826455929 -0.184456286208948 2.0150389653894 372.718899689985 -332659.123924674 102.805497299068 126.124200005203 76.2329038750672 988455.73628265
117400 0.2348 -1.98453981374763 0.00302487951747544 -0.0481966097778661 -0.0147857177851563 0.0463916238240284 -0.186555282036618 1.99066623209955 374.006440339757 -332670.912286551 102.78892594085 126.137900471997 76.2129841196779 988145.490051675
117500 0.235 -1.93648977097217 0.00722737011612337 0.0118249308689767 -0.00338107436463416 0.0268608964801587 -0.163464793049932 1.96706757731887 374.417084077735 -332674.102280703 102.783850985274 126.219262551523 76.1930643642885 988475.62467003
117600 0.2352 -1.97010146898104 -0.0049029342854314 0.00122185114889424 -0.0226171452311789 0.0108856682274697 -0.165099660610973 1.98940770231301 374.046887590784 -332673.853471842 102.768074580188 126.25986350588 76.1731446088992 988383.348204813
117700 0.2354 -1.93366437353215 0.0146251956651395 -0.000643756753164737 -0.0135137693799163 0.0405069724887316 -0.158302833017786 1.96136858259617 374.077350408824 -332675.712305417 102.761217400834 126.320052799516 76.1532248535098 988529.964541392
117800 0.2356 -1.9133456449137 0.00913179719179968 0.00872989265027491 -0.0167699651456154 0.0315222246874865 -0.175874080470218 1.94724593932077 374.747356849828 -332683.597487325 102.747656356075 126.374394491232 76.1333050981205 988566.06025112
117900 0.2358 -1.91367769232954 -0.0130386616039213 -0.0159377203855905 -0.043110440794108 0.0273516360241183 -0.130219220970262 1.91458038959269 375.404418505274 -332693.317382598 102.738727539828 126.420639922315 76.1133853427311 988583.154066809
118000 0.236 -1.89126302701966 -0.00153908487464536 0.0149258059366907 -0.058622298545939 0.0340555041082094 -0.132506780324678 1.91543858234953 374.07867078548 -332686.935473145 102.741869192068 126.47369010355 76.0934655873418 988769.397926998
118100 0.2362 -1.86364923827398 -0.00565176113124534 -0.0345397830455028 -0.0645838946274936 0.0572989514201518 -0.150088679680657 1.86795552789265 373.782446500191 -332687.043467713 102.736174904014 126.490423250932 76.0735458319524 988586.549303959
118200 0.2364 -1.8489240883812 -0.0113407765014959 0.0122507217721289 -0.0302907442592229 0.0845177786686735 -0.117002895687184 1.86704893227617 374.466615943423 -332694.752919921 102.746683824633 126.518829917583 76.053626076563 988650.762665696
118300 0.2366 -1.84198627808553 0.0160117389753562 -0.0242939499061704 -0.0501596207233011 0.0612368158926156 -0.126654935023932 1.85629079434051 373.382287631087 -332690.358727342 102.782978375772 126.509065764903 76.0337063211737 988664.653956767
118400 0.2368 -1.84423128860469 0.0222321174092485 -0.0349688499782701 -0.0404819787747788 0.0863468180233772 -0.127637334605899 1.8591265805648 375.390679223102 -332708.068682395 102.794473018969 126.539048074314 76.0137865657843 988750.450955175
118500 0.237 -1.83683836046629 0.00929231779266694 -0.00310189543179132 -0.0349224051656416 0.0612803606806894 -0.113494668044982 1.8544644645964 375.957075872242 -332716.986888649 102.757287854672 126.619425165235 75.993866810395 988761.423345558
118600 0.2372 -1.81832067197594 0.0357097766848517 0.0100387095354825 -0.0399023127505878 0.0532710107839278 -0.0884971212941435 1.85129094822931 375.431252550444 -332714.30649041 102.737551142134 126.701554413382 75.9739470550056 988953.433022821
118700 0.2374 -1.80091451382507 -0.0268467680873467 0.00990040462644633 -0.048272413584775 0.0880025292873956 -0.0944697657610872 1.80855088902128 373.080603283353 -332699.724995865 102.698076520708 126.781329761993 75.9540272996163 988936.527908345
118800 0.2376 -1.80728243824654 0.0114569119171845 0.0226411986454995 -0.066555134317526 0.0672026899498656 -0.103142406381938 1.84038899279044 375.919262566746 -332723.697050834 102.721565341134 126.792481860502 75.9341075442269 988990.283399845
118900 0.2378 -1.82640974505761 0.0159303922547885 -0.0239760532809015 -0.0635113235261509 0.0755466214514552 -0.0940880557374144 1.83795241695299 374.577446324899 -332717.135286317 102.734131318383 126.789405370712 75.9141877888375 988827.800518178
119000 0.238 -1.81502858809995 -0.0189579534650732 0.010954820978504 -0.0583257596035116 0.044774160093088 -0.0996240524999878 1.82386530996586 373.828847769495 -332715.859092238 102.721893418829 126.82291761715 75.8942680334482 988711.835055681
119100 0.2382 -1.76650730225368 0.0290633772028782 -0.00811516981501899 -0.0548498031347553 0.0895226979401881 -0.0771798691109592 1.79154632649884 374.275643793172 -332722.594385773 102.726652298587 126.867057917748 75.8743482780588 988842.166993374
119200 0.2384 -1.79316458261004 0.0038233621189428 0.00584532336701135 -0.0500159129133119 0.0685070134493132 -0.104060216313429 1.81297357812588 374.164499860403 -332725.226983075 102.674120939764 126.956278572869 75.8544285226695 988771.904517657
119300 0.2386 -1.76580551209342 -0.0131980721496753 0.0118060133114605 -0.0611957957064893 0.0546222466984351 -0.115097620253929 1.78213588745304 374.919100510268 -332733.295721939 102.64595541117 127.032232713267 75.8345087672801 988832.314749414
119400 0.2388 -1.8029348561258 0.00875485832677088 0.0321979562251977 -0.0957742879989173 0.081438647583466 -0.100153569189522 1.84465387934424 375.08363370034 -332737.321457279 102.648279207124 127.079323447178 75.8145890118908 988961.425683574
119500 0.239 -1.84180382000664 -0.0351536738176369 0.0186089011367243 -0.056520080639983 0.0749246725310762 -0.104648764616587 1.85021190654123 375.792685883119 -332745.801611523 102.644125918386 127.080278714119 75.7946692565014 988669.010606294
119600 0.2392 -1.79362357335603 0.0368366315077534 -0.0196192725803371 -0.0865608889862562 0.068132732130988 -0.0937655835452648 1.82022308220049 373.694949564309 -332731.90450035 102.698363087317 127.09125542294 75.7747495011121 989016.872089464
119700 0.2394 -1.77041723123655 0.0113125207563619 0.0196319615580944 -0.107957002153876 0.0428226782593925 -0.0930546835750482 1.80441018842618 375.326177540098 -332745.550651756 102.671061588155 127.159243594148 75.7548297457227 989022.825795009
119800 0.2396 -1.76370595793537 -0.012359308245204 -0.00631132162310391 -0.101803662144161 0.0625832087237327 -0.109016875776281 1.77660906086949 375.100591385115 -332746.470262576 102.649774489165 127.19255143441 75.7349099903333 988816.699656526
119900 0.2398 -1.77501533624112 -1.26306325421178e-05 -0.0371924830095151 -0.0959084265056718 0.0478015620478492 -0.138761481873805 1.78276108919837 374.816564276534 -332746.973894934 102.658255894681 127.211776774615 75.714990234944 988787.734925789
120000 0.24 -1.73973752086447 0.0276747243942168 0.00843618476863978 -0.118732537053264 0.0409692986473589 -0.145374386170186 1.7890898715284 373.13940038792 -332736.302471939 102.673785444398 127.262220128399 75.6950704795546 989069.175518568
120100 0.2402 -1.77005971323094 0.00245125453011779 -0.0347906961822027 -0.107886643300532 0.0474419507028139 -0.143392601967678 1.78340277054633 372.835654611072 -332736.624449433 102.649103584581 127.302682440169 75.6751507241653 988885.504028233
120200 0.2404 -1.7595452006677 -0.0292022909441357 0.0189197919305069 -0.147628116124529 0.0278574474152157 -0.137026063394644 1.78989070763644 373.13237495834 -332740.286382822 102.625936292035 127.368844359579 75.6552309687759 988915.769309697
120300 0.2406 -1.68820055628538 0.0174868060230329 0.0226394548881464 -0.145872353508897 0.0505066538253145 -0.164265658715748 1.7523194207898 373.689931331068 -332745.657609793 102.679231301114 127.376575706702 75.6353112133865 989228.856126046
120400 0.2408 -1.68818375641269 0.026894070073628 -0.0109399991497899 -0.145248945430331 0.04988381106042 -0.140891255690169 1.73445754763317 373.518314741749 -332744.914340635 102.705514460482 127.376595682053 75.6153914579972 989221.631849611
120500 0.241 -1.72408504505039 0.0100477845663048 0.0108970502291795 -0.151826283210918 0.0561822518841566 -0.141035898073325 1.77397477496466 374.187710364325 -332749.162699689 102.680991728753 127.422335590879 75.5954717026078 989079.947515096
120600 0.2412 -1.71767278770757 -0.0382045282469125 -0.00489638239126962 -0.178370570421292 0.0735557402104671 -0.143704723359004 1.74679583962758 373.316789365719 -332745.36761562 102.693105633383 127.438069240579 75.5755519472185 989058.087693253
120700 0.2414 -1.69502540903259 0.0190024319147278 -0.018919274283871 -0.186397720394989 0.0568810030940011 -0.154336821151653 1.74920807060704 372.967776213748 -332742.635251984 102.746593570227 127.424291889889 75.5556321918291 989205.460270705
120800 0.2416 -1.66358144027574 0.0143761122482167 -0.00354433820225876 -0.183980231379587 0.0580378499295712 -0.176358206172736 1.72937877250206 374.401615446291 -332755.238928431 102.771523779283 127.41224679551 75.5357124364398 989091.112893333
120900 0.2418 -1.70274433751654 -0.0033048920511802 -0.0067658102397594 -0.16290371005244 0.0498536560671516 -0.170336132638259 1.74823825533991 373.708482900321 -332753.93925366 102.791638739468 127.414602889069 75.5157926810504 989042.10439279
121000 0.242 -1.68897445441137 0.017398559701225 -0.022390804166678 -0.172227644683379 0.075187505742606 -0.179594219151565 1.7458824068398 374.901988278736 -332764.347553055 102.796687808374 127.451861712058 75.4958729256611 989118.936147465
121100 0.2422 -1.65320721516861 -0.00232134807084068 0.0235165142955514 -0.171050199187319 0.0524817922475864 -0.175689847036137 1.71970503216827 374.031513918493 -332760.658119902 102.787804431146 127.511954208116 75.4759531702717 989238.698835713
121200 0.2424 -1.70034198021299 -0.0178547341941961 -0.0373625744531319 -0.127262754817977 0.0729818517166267 -0.132189249383357 1.70742808566088 375.326256558102 -332773.300545041 102.793348952889 127.508425011573 75.4560334148823 989003.590188208
121300 0.2426 -1.67439156440848 0.0147865527848725 0.0110792274173962 -0.146604085543592 0.0738878892005921 -0.149531046835699 1.73060950508522 374.259527126039 -332768.76537299 102.81749092743 127.53122910772 75.436113659493 989151.589006821
121400 0.2428 -1.68982435770201 -0.00312818553926523 -0.0186574493937031 -0.132181039150466 0.0528469254913867 -0.140025460227003 1.71423663704701 372.250726502716 -332754.530268671 102.820550803464 127.541874552773 75.4161939041036 989002.370375186
121500 0.243 -1.71184130341149 -0.015749150424186 -0.0294484634638138 -0.105637379926595 0.0700584980133156 -0.153806524079464 1.72419623400243 375.274273074801 -332779.887811775 102.824422510703 127.552248543272 75.3962741487143 988858.800397355
121600 0.2432 -1.66438730710036 0.00930759934543689 0.00392458085096456 -0.102475414981914 0.0584945972654788 -0.127147925987557 1.69780515876202 373.485683888883 -332768.66371893 102.853269701516 127.591521253666 75.3763543933249 989179.361946384
121700 0.2434 -1.68253668206412 -0.0111004502386144 -0.00690383314245955 -0.110827958465328 0.041873376074012 -0.153308502258754 1.70685389096972 374.536342782861 -332778.983869179 102.847805804601 127.600838458971 75.3564346379356 988937.627017759
121800 0.2436 -1.67859304378609 -0.010571457633533 0.0250862924456576 -0.113040279708249 0.0553381876427787 -0.165123504613302 1.72405451153059 374.017953766872 -332778.041404068 102.850630438029 127.642015084636 75.3365148825462 989022.417286031
121900 0.2438 -1.65421932541493 0.000453995249187758 0.00728820561507454 -0.13570501178907 0.069648539516621 -0.177640204355237 1.70697607615447 373.432404031157 -332775.06627687 102.871176235048 127.679586923888 75.3165951271568 989249.530906914
122000 0.244 -1.65597503669961 0.0289062372779305 -0.00574185902618887 -0.119664598483031 0.0620663436282754 -0.203038773786764 1.72041775210059 375.06881974166 -332789.505563239 102.898143824192 127.670667769443 75.2966753717675 989178.051601035
122100 0.2442 -1.66452890192018 -0.000163892171008203 0.00723331902729517 -0.130536924172884 0.0544734732242963 -0.185116110367519 1.71618848918898 374.997117226498 -332791.34087978 102.892702530511 127.713279182079 75.2767556163781 989194.113669233
122200 0.2444 -1.67449763212699 0.00134105485210982 0.00812391168686853 -0.125498530446837 0.0481246603223948 -0.180344224868485 1.72383815840445 374.165702746944 -332786.811025476 102.884424908619 127.745664442718 75.2568358609888 989103.545351154
122300 0.2446 -1.67175902121298 0.010739028338942 -0.013952030298309 -0.0971390803610966 0.0399594458842123 -0.167724763293241 1.70509816155427 374.029322586307 -332787.09251628 102.894671996553 127.761205317052 75.2369161055994 989060.535265957
122400 0.2448 -1.6924301364815 0.0219262819447004 -0.0157505037518652 -0.154900373699791 0.0299913204650171 -0.199541177731118 1.75213495206637 373.716810596702 -332789.597897372 102.8875342077 127.787989952487 75.2169963502101 988937.361768757
122500 0.245 -1.75295126104283 -0.0281253953231244 0.0229752777049168 -0.107641937026721 0.0581619292574721 -0.170217812835209 1.78818522802274 373.5188518388 -332790.239525392 102.851601247091 127.840676378057 75.1970765948207 988737.655164824
122600 0.2452 -1.73405151124389 0.0217626925426713 0.00623718190915855 -0.113096503985167 0.0684229937815696 -0.163002557334147 1.785494812251 374.466373189713 -332799.898012231 102.86331704546 127.85420954114 75.1771568394314 988692.986479291
122700 0.2454 -1.7745860738509 -0.0264068000672742 -0.0059512338186025 -0.111355993916177 0.0572517377393476 -0.16781536739718 1.79550242260942 373.573622594524 -332793.684517972 102.852980964012 127.878242080648 75.157237084042 988517.465536383
122800 0.2456 -1.73340433455714 0.0390207858267208 0.0121475924179915 -0.112742197567274 0.0600256153628222 -0.151638393365394 1.79234664412117 372.829942310879 -332789.595443314 102.883364464806 127.922971118327 75.1373173286526 988893.177938256
122900 0.2458 -1.74633055795716 -0.0329347790708808 -0.0404815561346847 -0.13116062324785 0.0768832061907696 -0.166691788776953 1.75372526348224 374.318214712746 -332802.471047726 102.84779270485 127.95358312297 75.1173975732633 988525.691428123
123000 0.246 -1.71772602746904 0.0191973855197888 0.0511283694360051 -0.137632359906304 0.0900211718023996 -0.174921613438066 1.80175368739125 374.430005691955 -332806.327650379 102.864477860392 128.025255209834 75.0974778178739 988977.537111177
123100 0.2462 -1.73830966859049 0.0122178086885955 -0.0214366539521156 -0.11863571659682 0.0809297162340814 -0.17347882217397 1.77727962681009 374.005011427238 -332805.215543934 102.854030846849 128.034871386529 75.0775580624846 988689.050401242
123200 0.2464 -1.71652644413341 0.0103005129851577 -0.0087555246605804 -0.118517230385119 0.0775205194453685 -0.176853748795223 1.76164327625887 372.412653403366 -332797.285022696 102.849945137883 128.083656049575 75.0576383070952 988764.067133516
123300 0.2466 -1.70037066195007 -0.0193076882677924 0.00790629404291328 -0.121208186819593 0.0757941775479823 -0.178036972882593 1.74036254188433 374.057991292528 -332811.043295876 102.840361256579 128.128399005297 75.0377185517059 988754.82178217
123400 0.2468 -1.71340459551235 0.0118537896366973 -0.0261545902876984 -0.137334365212413 0.0932894673924431 -0.168150421677759 1.75496481646109 372.655441503392 -332801.985044574 102.865070676339 128.13574018332 75.0177987963165 988786.498210856
123500 0.247 -1.69139847154458 -0.0164722286743608 0.00128090641236367 -0.152058515730781 0.0941783245217173 -0.156533640780737 1.73346781736692 375.2456634091 -332822.537634574 102.854034147954 128.186948185565 74.9978790409271 988812.892070209
123600 0.2472 -1.67737464145484 0.00134258504928959 0.0381520312512703 -0.137603649108382 0.0633633389823907 -0.178329901978268 1.74513403670673 375.434294188365 -332826.894748847 102.857667328483 128.236287409544 74.9779592855378 988965.685329986
123700 0.2474 -1.669058833029 -0.0187969250014825 -0.0289542495250659 -0.146396510358246 0.0750801176363269 -0.166766973111741 1.69450460237498 373.981697859597 -332818.511093433 102.869307512206 128.249978544832 74.9580395301484 988920.402190661
123800 0.2476 -1.69401063833249 0.0182820502664372 -0.019610932718965 -0.138148397749541 0.0545161210890037 -0.18844348494397 1.74390425617501 373.944219740807 -332820.204722391 102.896281026314 128.253411966282 74.9381197747591 988943.313117938
123900 0.2478 -1.72721497759986 -0.0134734562403517 0.0415529641865891 -0.109623709100789 0.0809077880016556 -0.161978488590358 1.78006751164137 373.441012266667 -332818.474824912 102.893885177516 128.300634555521 74.9182000193697 989021.436775388
124000 0.248 -1.70707967036578 -0.00722699550553105 -0.0167142024197867 -0.0961250772302662 0.0925746325989962 -0.17038750532419 1.73608417261558 373.826093011013 -332823.259338463 102.882041362675 128.332782142003 74.8982802639804 988892.375265984
124100 0.2482 -1.68103887952767 -0.0200809580771028 0.0110390659416786 -0.157713501991394 0.0642631725603362 -0.193341937424173 1.7351057459442 374.395996568774 -332829.571548714 102.864571724365 128.38778631531 74.878360508591 988885.160455898
124200 0.2484 -1.68097433687629 0.0127495268036639 0.00897234226322154 -0.11570362920272 0.0389297108161972 -0.176500983627666 1.73219041510386 373.951436755478 -332826.820087335 102.881467110248 128.41017976553 74.8584407532016 988956.933333948
124300 0.2486 -1.72197474976623 -0.0117647115482285 -0.0289426213359813 -0.122203632542692 0.0536784969070205 -0.190877517077039 1.74885208858229 374.62574213977 -332833.514385368 102.879245821141 128.410444415418 74.8385209978123 988674.463870603
124400 0.2488 -1.71421864182091 0.012073841339254 0.049127529119362 -0.12319548502673 0.0397360514935047 -0.187043265752528 1.78903549702891 375.091447887518 -332837.491619982 102.891590216619 128.454385592696 74.8186012424229 988868.175408677
124500 0.249 -1.74434165284094 -0.00554479972688368 -0.0182286048575833 -0.11900342951302 0.0751480647487245 -0.184779618073339 1.7785889014174 373.524188420695 -332828.500865553 102.889894917737 128.451446018028 74.7986814870336 988565.986618938
124600 0.2492 -1.70728072049699 0.0249476160134732 0.0128775381274048 -0.135536638480367 0.0381884291416256 -0.191103793728763 1.77451406166787 373.993028919227 -332832.891450117 102.90092886545 128.512018934474 74.7787617316442 988874.802690441
124700 0.2494 -1.74200066172173 0.000145285034228206 -0.00410988920395897 -0.159990093093622 0.0538217442070431 -0.183517430071686 1.79281740377746 375.344944441953 -332843.307495441 102.870447312299 128.551372859516 74.7588419762549 988621.185350343
124800 0.2496 -1.70827145169258 -0.019380853433393 0.0197439318954842 -0.112969645624633 0.0355097639899105 -0.203352822281172 1.756725945422 373.121430265024 -332829.348840909 102.884208298142 128.594065782264 74.7389222208655 988818.261749773
124900 0.2498 -1.71359939859227 0.0178352145824562 -0.032454505132391 -0.137501181254286 0.0456004618956168 -0.192242265911511 1.7570289444201 374.457087979387 -332837.132327752 102.920097104511 128.578072028219 74.7190024654762 988776.558813353
125000 0.25 -1.67631719619529 -0.00991783105840668 0.0280658135834548 -0.154342711500354 0.0518004298967408 -0.19578786903483 1.7424520260488 373.58039679981 -332830.000194338 102.905413253594 128.640987586096 74.6990827100868 988855.550020717
125100 0.2502 -1.76736703764995 -0.0368782378216514 0.0128839044449258 -0.158439132079246 0.0504811376893381 -0.203002296091855 1.81377073941194 374.907978743536 -332839.568461217 102.886331167576 128.660611446799 74.6791629546974 988559.316647761
125200 0.2504 -1.78061192713308 0.00789482972251398 -0.0498425781566742 -0.157905346224068 0.0803993808487359 -0.19068046635182 1.81716754335887 372.825081683029 -332825.914916869 102.908162187053 128.661295464731 74.6592431993081 988510.588163082
125300 0.2506 -1.7028544908062 0.0191836025931446 0.0558467444248763 -0.162112591613472 0.0589569366432095 -0.187324600950592 1.79567131305349 374.4803203525 -332838.00920273 102.926030267828 128.730348991992 74.6393234439187 988948.927220833
125400 0.2508 -1.75895264704252 -0.0440809074687881 -0.046355640761518 -0.161665679613979 0.0483390440248561 -0.187629614127315 1.76859304631704 372.886478334998 -332828.681735962 102.932086736533 128.700742207033 74.6194036885294 988515.771730504
125500 0.251 -1.69738976866133 0.0435337488856166 -0.0177872106569178 -0.178033669604559 0.0835129489681 -0.19702238662496 1.77771890815447 372.183932979085 -332823.865220623 102.986404065788 128.729586600552 74.59948393314 988994.99097327
125600 0.2512 -1.73347155169541 -0.0444595018019624 -0.0388346242181464 -0.153455338374987 0.0597045569927161 -0.187447938939693 1.74615106574259 373.498793454104 -332834.232696761 102.927690941422 128.797740815598 74.5795641777507 988690.398209176
125700 0.2514 -1.68143259417958 0.0011179360638172 0.0235139117089924 -0.154922833513735 0.0935491124826952 -0.157227725873217 1.74401246066793 372.65572750432 -332827.211947855 102.915207771205 128.905000610645 74.5596444223613 989129.486485058
125800 0.2516 -1.72400642413389 -0.0417456118565634 -0.00678098334623531 -0.174360003362601 0.0814588098991676 -0.158450933760221 1.75398817863931 373.262918955868 -332833.769744098 102.890557841533 128.911390564672 74.5397246669719 988677.382748787
125900 0.2518 -1.67575206571112 0.0277618666089688 0.0174719220935002 -0.164812221837671 0.0548744456331391 -0.142448600747738 1.7423932300255 373.781154374732 -332836.889310171 102.932809226219 128.939238002118 74.5198049115826 989032.662365977
126000 0.252 -1.70421260964473 -0.00924744332345639 0.000528930317553533 -0.183452850278521 0.0661466351748835 -0.171804880274366 1.75846945745942 372.983283525967 -332830.500216922 102.950178338068 128.929529642703 74.4998851561932 988860.671838713
126100 0.2522 -1.74074697928267 -0.00505297834260486 0.00585339473539063 -0.170125178994058 0.10019474649138 -0.174739926395465 1.80006376472705 373.789607887143 -332837.403409775 102.971660817308 128.921380811892 74.4799654008039 988740.063644174
126200 0.2524 -1.71528143483614 0.00640735163503242 0.0180644623246112 -0.16983838249928 0.0544428248110921 -0.17205402420699 1.78007110425812 373.17755396366 -332834.048185854 102.97964589267 128.961649278145 74.4600456454145 988861.049933106
126300 0.2526 -1.72420567946258 9.26123069571742e-06 0.00402154456290347 -0.158139759988692 0.0269694575580611 -0.129727683540373 1.76282322443748 373.757053670723 -332837.846011645 102.990733767147 128.968227880583 74.4401258900252 988753.385637226
126400 0.2528 -1.7293343047456 0.0334310050018866 -0.0134064250730565 -0.164141752474878 0.043585590523927 -0.156317057586556 1.7851620678441 374.747317638907 -332844.970849232 103.000213369323 128.985443250825 74.4202061346358 988711.745493096
126500 0.253 -1.72307686783004 -0.02230254384368 0.0129350670989216 -0.177913869426721 0.0665153881441169 -0.137683963937164 1.7660435332815 373.638682055591 -332837.03993669 102.978340400123 129.048418619916 74.4002863792465 988719.68911579
126600 0.2532 -1.72667422640114 -0.0116813639960114 0.0119649340960457 -0.181257155071939 0.0775777518540238 -0.146348374089367 1.77853417996463 373.05962515792 -332832.424895038 102.991645583719 129.093306613563 74.3803666238571 988926.550716514
126700 0.2534 -1.73293766643071 0.000949295312637741 -0.00881903936969433 -0.180918058261325 0.0725736151965224 -0.1610720716794 1.78363384286992 372.572173849603 -332829.026702922 103.015063172922 129.101293586386 74.3604468684677 988947.684795408
126800 0.2536 -1.74426093691523 -0.0241710579865099 -0.00967035223818026 -0.177857174030773 0.0666754353059096 -0.150365416290309 1.77761852448326 373.129777575279 -332832.092575625 103.025260792919 129.118424141878 74.3405271130784 988911.837777903
126900 0.2538 -1.69964764799226 0.00542079249158404 -0.032716942920148 -0.180521260880272 0.0499653037706265 -0.145142493238683 1.73555115920476 373.610800070055 -332834.835663616 103.041284518836 129.150181601327 74.320607357689 989043.82378468
127000 0.254 -1.68846108570305 -0.0130337423844028 0.00128643312427213 -0.165523219208021 0.0861624055111228 -0.164522310076088 1.73692910735424 373.548690683269 -332832.769759978 103.016121094286 129.211679362712 74.3006876022997 989007.982992097
127100 0.2542 -1.72647126931205 -0.0156161668991429 0.00611733607585481 -0.167060648758548 0.0483972072078207 -0.149484356788636 1.76705171682181 373.826387302721 -332836.136716577 103.001869188139 129.250470318853 74.2807678469103 988902.83627213
127200 0.2544 -1.73027882037132 -0.00316249339775305 -0.0104245205495185 -0.163732323544016 0.0520812980599737 -0.161678371532833 1.77127724308845 373.88855888518 -332836.022071386 103.018555063693 129.25919626106 74.260848091521 988864.554566587
127300 0.2546 -1.67968811322825 0.01373259153805 -0.014853388787392 -0.170995694657073 0.0799113735969056 -0.15238753060564 1.73107616665751 373.677936979197 -332836.587162368 103.034258827057 129.274339529381 74.2409283361316 988865.835876421
127400 0.2548 -1.68395136197707 0.0318353792149756 0.0361139483176269 -0.165022745889242 0.0661456116936862 -0.16440995090466 1.76838873023792 372.949793479999 -332829.477621732 103.029239180518 129.334681306039 74.2210085807422 989013.777715181
127500 0.255 -1.76072342286742 -0.0377923560102507 -0.0434831213678528 -0.166578140430411 0.0713049000258873 -0.170875633193683 1.77336191807877 372.329242435132 -332826.697887075 102.997616380523 129.3366889501 74.2010888253529 988460.208538903
127600 0.2552 -1.67755084942348 0.00499896629259958 0.0100353917901286 -0.160882603693635 0.0625277156560223 -0.179608630242673 1.73943377197952 373.710160783069 -332836.78989982 103.012365736704 129.41326628531 74.1811690699635 988921.532190305
127700 0.2554 -1.70950846450591 -0.0208283110802291 -0.0394261385101828 -0.185975553530352 0.0628776041085188 -0.183346988273996 1.7427135768211 374.368785720207 -332841.826281547 103.010512291389 129.428696085493 74.1612493145742 988756.06449716
127800 0.2556 -1.71125370761438 0.0289433815294053 -0.0111547632407437 -0.180927051308856 0.0677213715539813 -0.190150629108097 1.78340943894033 374.625133820954 -332846.368028918 103.023729548319 129.443064549733 74.1413295591848 988727.067912183
127900 0.2558 -1.70712055407643 0.00749691151835938 0.00843600988302923 -0.178506733479786 0.067482402400392 -0.185348613479634 1.77590597747655 373.24694481386 -332836.030701138 103.036580476843 129.48047003139 74.1214098037955 988870.395916015
128000 0.256 -1.72175033131092 -0.0289978417734859 0.00715143165794393 -0.179101816116381 0.0773393416140752 -0.191784975748829 1.77550850943109 373.31425282759 -332837.486535453 103.017943033657 129.539709435578 74.1014900484061 988878.042144248
128100 0.2562 -1.71329508614016 0.017304113264822 0.00576116855723424 -0.139641177124422 0.0661922417616765 -0.179528018630451 1.77298188365208 374.159633626017 -332843.286343399 103.004688470206 129.602408500018 74.0815702930168 988963.45805557
128200 0.2564 -1.7190287069581 0.0255990110048705 0.0061908900254474 -0.162813344112208 0.0680600793443302 -0.157610291783278 1.78274695179166 375.396093350501 -332850.871286487 103.006244105364 129.62205375408 74.0616505376274 988862.338008384
128300 0.2566 -1.75155533884417 -0.00157560481547143 -0.00762844237358675 -0.162182635997275 0.0706517115322838 -0.18317417063763 1.80178142651775 373.473904105808 -332836.516160925 102.989856543987 129.662160726309 74.041730782238 988744.930760866
128400 0.2568 -1.68980663430498 -0.00989914555518026 0.0217170368607882 -0.17191606817469 0.0751051575242334 -0.196085573368136 1.75986858292145 375.69968286617 -332852.658855942 102.960696069811 129.758973682769 74.0218110268487 988936.891562687
128500 0.257 -1.72410466034083 -0.0268448766771818 0.0207421271683099 -0.138758337731384 0.0605054172671653 -0.220884157908223 1.78292921427055 374.028945350855 -332843.307831652 102.962652509199 129.782057215693 74.0018912714593 988865.432070418
128600 0.2572 -1.70766374099091 -0.00255211413924473 0.00208872241678446 -0.137857842313621 0.068809229024981 -0.194832294006735 1.7608059785739 374.070452669244 -332843.778456224 102.998923379139 129.780866868212 73.98197151607 988938.435670078
128700 0.2574 -1.7365808282134 -0.000330435470293742 -0.0230182342837526 -0.146997248047317 0.0676136820568359 -0.197113528389083 1.78067096762471 373.476930021319 -332840.949957475 102.988550426844 129.812824610381 73.9620517606806 988816.023958974
128800 0.2576 -1.73314322883885 -0.0165767502582768 0.00969752726111203 -0.147341585700171 0.0675827036505041 -0.199222781587336 1.78613896472884 374.580913415616 -332849.696122519 102.992601176957 129.854946813699 73.9421320052912 988909.375079238
128900 0.2578 -1.73734046125897 0.00570088093924199 -0.0405472409220167 -0.141617119924849 0.0511404843815442 -0.19793621607416 1.77349038093858 372.8317501009 -332837.276731098 103.010427385886 129.841989192836 73.9222122499019 988715.413867489
129000 0.258 -1.73638477357804 -0.00603343797008182 0.0111434052852636 -0.14118082174743 0.0573196952011769 -0.201977274095714 1.79336832125138 373.329061778487 -332842.382156451 103.00991753204 129.893721781219 73.9022924945125 988837.916280129
129100 0.2582 -1.75149899340316 -0.00638976407770034 -0.00269253798286374 -0.13751808115967 0.0687382230071764 -0.205204490743213 1.80252797538521 372.989602168041 -332842.801975771 103.014923758395 129.919323108676 73.8823727391232 988814.278554663
129200 0.2584 -1.75813121551151 -0.0319861953276889 -0.00658224799051148 -0.13440472703899 0.0665852645898696 -0.195661934399749 1.79064746683615 372.164025144406 -332836.859117749 103.021187391102 129.933490221418 73.8624529837338 988715.589950295
129300 0.2586 -1.76754335931535 -0.0160212668904092 0.00229677543999673 -0.134487593743983 0.0546217416414245 -0.187649950770144 1.80806484989456 373.824985306132 -332850.876398754 103.06282808029 129.913956574004 73.8425332283445 988699.813289876
129400 0.2588 -1.72777166681468 0.0170254880731238 -0.00623013061589279 -0.131700807360805 0.0722680813443023 -0.194261003358455 1.78471200622984 373.41558103952 -332849.960640553 103.094555347372 129.947095648998 73.8226134729551 988989.596727456
129500 0.259 -1.76644104295096 -0.0159828746656894 -0.042736393476108 -0.105825618346564 0.0836117839500434 -0.18121702116591 1.78075192999341 373.573330817636 -332852.60202785 103.048774380398 130.001296727405 73.8026937175658 988695.889334996
129600 0.2592 -1.7355914838778 -0.0234607974093783 0.0742603951526368 -0.136808000355694 0.0633269738772591 -0.178281269854701 1.80880767601606 373.850164740348 -332855.079074591 103.036230671788 130.071692400712 73.7827739621764 988843.886344581
129700 0.2594 -1.74865896404699 0.0129918762093087 -0.00255797824582661 -0.134882182822154 0.0823688238648017 -0.181262285000094 1.80271006926686 374.690402416735 -332863.196309377 103.081918559189 130.042111898934 73.762854206787 988790.3516357
129800 0.2596 -1.77321505098232 -0.0117939607099653 -0.0527845892464407 -0.156710831867011 0.0556359370598854 -0.19064176708114 1.79557135984477 373.689690980141 -332858.973827321 103.1112062172 130.003161819019 73.7429344513977 988508.021362087
129900 0.2598 -1.67628344199495 0.0386704870003851 0.0181140270311206 -0.13326637599047 0.0622791944112545 -0.187277583787674 1.75395858562253 374.075051585105 -332862.161738015 103.144571292501 130.061133717523 73.7230146960083 989001.605536084
130000 0.26 -1.75056015498355 0.0278321662316544 -0.0385998381683224 -0.140094352878708 0.0825550521304218 -0.210030536827523 1.80571705011621 371.424689042784 -332844.343668401 103.134499031796 130.070951801664 73.703094940619 988712.458777569
130100 0.2602 -1.73007039433464 -0.0122990991609513 -0.00196794154569219 -0.139322700953073 0.0716654827607689 -0.190514811237171 1.7751392820003 373.747776251607 -332863.751031715 103.106215573378 130.155621809316 73.6831751852296 988817.423795348
130200 0.2604 -1.72461479289411 -0.0360522838724688 0.0387196714688393 -0.13547542611969 0.0737073327289108 -0.194233170303164 1.77978368684894 375.14087498212 -332875.773678206 103.097774150532 130.206575174833 73.6632554298403 988856.136110585
130300 0.2606 -1.72631343274047 -0.00269617616230969 -0.0104714673121662 -0.122315174509516 0.0509110482979075 -0.184688608044373 1.76422893424069 374.726701296356 -332875.760712647 103.116435177464 130.216889534572 73.6433356744509 988845.996455987
130400 0.2608 -1.67535490235209 -0.00637778634717854 -0.0126134875659218 -0.132584414490134 0.0669502338471248 -0.212945459880718 1.72549599943509 374.465032989399 -332875.31070234 103.124523238076 130.266974170638 73.6234159190615 989036.325819979
130500 0.261 -1.71029794114267 -0.0212839442122967 0.0241624458907468 -0.141292855938662 0.0718400859358471 -0.225569107054483 1.77752961118118 374.532005405296 -332878.350941054 103.089364085611 130.325704661819 73.6034961636722 988877.251332322
130600 0.2612 -1.64157011584249 0.00676329419860977 0.00419645372939091 -0.152214834602493 0.0808995322268906 -0.204143414031882 1.71083151755648 374.941159785214 -332882.99397518 103.107265543322 130.373106747574 73.5835764082828 989140.937204713
130700 0.2614 -1.69010138711003 -0.0265701860364034 -0.00634927152596463 -0.129576128902644 0.0680820796632452 -0.183353094049788 1.72235697928227 373.550197737188 -332875.840207475 103.095990992344 130.417833368238 73.5636566528935 989104.24847859
130800 0.2616 -1.67778920451635 -0.00231852140436079 -0.0248850054033311 -0.142405859992066 0.0704825393707866 -0.221100079233128 1.72982633835482 371.840816662248 -332864.223994051 103.094434628571 130.459212954905 73.5437368975041 989135.226522057
130900 0.2618 -1.66751142262337 0.00137053117628431 0.0235924306896365 -0.159625013356687 0.0908236162286594 -0.216825405320731 1.75070657371603 374.935106663194 -332887.583059686 103.110131592971 130.480005919706 73.5238171421148 989175.508995081
131000 0.262 -1.65883170057486 0.00844530937105382 -0.0548510837735331 -0.126931418075713 0.0636567101429539 -0.234043734227953 1.70385067822674 374.037022327048 -332881.877686634 103.135783256016 130.469451430123 73.5038973867254 989073.519725738
131100 0.2622 -1.6611987006039 0.00846393039293491 0.0149929152777992 -0.143808243686383 0.0615906767272647 -0.243514778471565 1.74643583916195 375.480022963523 -332893.252789505 103.137895381622 130.502881193749 73.4839776313361 989079.091548042
131200 0.2624 -1.65477530739751 -0.0326935058079552 -0.0408296916067286 -0.131848323105411 0.0581529366655425 -0.250679076193496 1.69376363180289 374.783595597811 -332891.460293692 103.134646691517 130.508120863439 73.4640578759467 988819.529051698
131300 0.2626 -1.61328195135814 0.0410738321955561 -0.00176653599098991 -0.110411394256755 0.0489869842539203 -0.241869704735293 1.69915543988041 372.47760669048 -332875.87088567 103.162329481332 130.550758192144 73.4441381205573 989139.800961334
131400 0.2628 -1.66910399618615 -0.0284659893998848 0.0173428758596442 -0.145837716439719 0.0325962002478519 -0.250673129681513 1.73909510840964 372.845131173613 -332879.62088277 103.140305784743 130.576348985354 73.424218365168 988854.212197892
131500 0.263 -1.60625082078252 0.0302860074438351 -0.015759354157695 -0.12860234907786 0.0395328756436094 -0.241906224149522 1.68370963548295 374.843194273638 -332894.904937071 103.175316239277 130.584111251922 73.4042986097786 988980.297323825
131600 0.2632 -1.61636312671752 -0.0104230958138655 -0.0383480374024041 -0.124657852659554 0.01379761412643 -0.231376188284652 1.65613166394919 375.298565383104 -332900.644344264 103.157440890745 130.637541058337 73.3843788543893 988945.092195933
131700 0.2634 -1.60943766585841 0.0285189155013237 0.0445520094472439 -0.113413722407071 0.0393428076931601 -0.219395290185043 1.70207367677718 374.894106040256 -332898.528489495 103.151806117013 130.723926321218 73.3644590989999 989276.380092226
131800 0.2636 -1.68148391953099 0.00956552030799955 -0.0364570060025357 -0.123844638335548 0.0557418128099111 -0.218149614563604 1.72685888508369 373.581261446545 -332890.930347667 103.138679369397 130.708054762215 73.3445393436105 988761.85326907
131900 0.2638 -1.69591231247546 -0.000317590326627352 0.00117921552980276 -0.127039187542335 0.0593772417507206 -0.222738363032723 1.75653427220892 373.607832231415 -332894.029919961 103.134370789992 130.779694508501 73.3246195882212 988993.780422852
132000 0.264 -1.67802261172585 -0.0212596013431583 -0.00369204990431991 -0.0784806739213449 0.0589694090281041 -0.214456516532 1.7149816837018 375.49784506533 -332910.940302084 103.142864179998 130.78048762804 73.3046998328318 988812.525930375
132100 0.2642 -1.63558780464391 -0.0101386102275704 0.00781278092040785 -0.0975408000293535 0.0317533731416874 -0.213754307926196 1.68529717734077 374.639947061904 -332907.291232947 103.176947565027 130.803169456305 73.2847800774425 989041.993616195
132200 0.2644 -1.64577241330797 -0.0112293018233993 -0.0312651917852656 -0.108952403057072 0.0587305004752451 -0.240228658350537 1.69070169237546 373.041455624022 -332896.459724687 103.190593458223 130.811135293415 73.2648603220531 988964.155187515
132300 0.2646 -1.67352168536732 0.0134685946656995 0.000157462112936411 -0.102863650987926 0.0560495894883156 -0.210087421358281 1.73125251633348 373.796027618581 -332904.458759929 103.205648265416 130.834374051555 73.2449405666638 989015.181271708
132400 0.2648 -1.66617419979057 -0.0444037373982723 -0.0120843291335175 -0.0869895402039466 0.0497144902405354 -0.215084254817446 1.68893412555669 374.214477543627 -332907.727860801 103.198117767297 130.848941480942 73.2250208112744 988784.144533954
132500 0.265 -1.64752127475984 0.050545022183843 0.0133849887066799 -0.0912241711795097 0.0688364170633427 -0.22301391364899 1.73496292141095 374.303403283505 -332910.032600028 103.230971235127 130.884535813244 73.2051010558851 989098.845510465
132600 0.2652 -1.6948036525476 0.00382420075073008 -0.00532918462722662 -0.106524384460098 0.0487606928248709 -0.226564445086489 1.75072603950188 373.103847516865 -332903.337206386 103.207084718323 130.929336658589 73.1851813004957 988939.289651219
132700 0.2654 -1.67891995011688 -0.00283650124617682 -0.0185132564728901 -0.0962919279895801 0.0387583339355115 -0.231881248096018 1.72535669050118 374.42486882886 -332915.07298925 103.186532157071 130.984963452004 73.1652615451063 988893.19836031
132800 0.2656 -1.71825032442463 -0.0248705919180864 0.011231973709126 -0.0876417056826488 0.0504790743881913 -0.249613999567528 1.77414281543281 374.539047991353 -332919.047788877 103.165936786576 131.023473674918 73.145341789717 988717.244536877
132900 0.2658 -1.69647938416457 -0.0125995756206593 0.00153170156368744 -0.0684679527481887 0.0406896931065867 -0.256116060069006 1.75364281387292 374.537931153156 -332921.932514973 103.172878223002 131.040097216883 73.1254220343276 988639.910263617
133000 0.266 -1.68263904252404 -0.0179686521676111 0.0163455942026867 -0.0780377363425092 0.0473269649872499 -0.245989782055196 1.74239748458416 374.21472569546 -332920.678714897 103.195998403749 131.057327402832 73.1055022789383 988722.072962027
133100 0.2662 -1.71845117545252 -0.0191728522986631 -0.045642274050802 -0.0932296302463003 0.0431078120430097 -0.252598346033565 1.75109578570686 373.715096898933 -332919.132914093 103.212272576483 131.03327896344 73.0855825235489 988427.1416651
133200 0.2664 -1.7057896945261 0.027756657214016 -0.000697212196990951 -0.0912155420289186 0.0257804591188395 -0.253260827705889 1.78214599202659 373.011549276102 -332913.930073115 103.217429100048 131.094451020331 73.0656627681596 988668.449025951
133300 0.2666 -1.72595740469344 -0.0126952819641622 0.00190363202901797 -0.0623971776767671 0.0532491537507369 -0.245368818361702 1.77800343289611 373.567141895437 -332919.193997273 103.175520817667 131.174318197395 73.0457430127702 988599.522603896
133400 0.2668 -1.70463428054727 -0.003714779246581 0.0026050700722481 -0.0431572147078365 0.0225539902903392 -0.243595340882246 1.75756831976136 373.14848627906 -332918.237702737 103.186365884855 131.22783938204 73.0258232573808 988837.111720767
133500 0.267 -1.70062764744489 -0.00323298137024709 -0.00339203990460255 -0.0722264581130235 0.03846091416727 -0.221795100460346 1.74600847703713 373.616390477636 -332919.862488564 103.207396231671 131.247249280003 73.0059035019915 988915.107824703
133600 0.2672 -1.72830301974254 -0.0153724950026738 -0.0258210089095149 -0.0503119993576665 0.0434341303545735 -0.237173266472389 1.76021291708812 374.42454929152 -332928.21793679 103.196616250279 131.262337096414 72.9859837466021 988655.657377936
133700 0.2674 -1.73066855203793 0.00265985033856775 0.0460618649493196 -0.0604871059451847 0.0364372384325449 -0.234232348982578 1.80585007598162 372.757882311548 -332916.047438804 103.200380964441 131.335118114623 72.9660639912128 988969.935273738
133800 0.2676 -1.81437755562423 -0.00924688261518699 -0.050250873620677 -0.070811828923684 0.0436083563371199 -0.2235229573754 1.83215612354188 374.739150073483 -332931.687433172 103.194263759881 131.317271339815 72.9461442358234 988506.997199054
133900 0.2678 -1.70782119314816 0.0039000498376535 0.0544369496190403 -0.044462238220779 0.0437087525820022 -0.216340010081292 1.78076380066656 374.361846496058 -332928.318427659 103.216997350078 131.382470093035 72.9262244804341 988945.534179724
134000 0.268 -1.7270349153441 0.00719029843842441 -0.0176203049872523 -0.0518007745267971 0.0355311628056837 -0.253770158278628 1.78049451421379 374.313400504868 -332927.452884013 103.21205148842 131.374973686131 72.9063047250447 988571.62077371
134100 0.2682 -1.73381785901805 -0.01542756136144 -0.0453253901879375 -0.0445098668548926 0.019897742138566 -0.221753037331005 1.74843854056641 373.921392406907 -332926.012829817 103.202757956909 131.398790330236 72.8863849696554 988391.680126161
134200 0.2684 -1.6858305543143 0.0385882910649557 0.0488968905009399 -0.0732517647924117 0.0174142069000307 -0.243353108513344 1.78498526544875 375.492057892337 -332938.422773584 103.219144610679 131.46260977341 72.866465214266 988758.448740425
134300 0.2686 -1.79635982051135 -0.0169149478590877 -0.0270417669058791 -0.0817266356075178 0.0411475882143355 -0.249066349124216 1.83295546339574 373.866951357289 -332929.151169806 103.206846921106 131.460841862381 72.8465454588766 988357.086818135
134400 0.2688 -1.75721173274727 0.0116719540732211 0.0181417369089542 -0.0489325920035763 0.0224658108890939 -0.245589358341372 1.8248494133363 374.008611137981 -332930.691835994 103.229589144835 131.519239627333 72.8266257034873 988743.579373828
134500 0.269 -1.76521411970445 0.00300023745503995 -0.0392146434622571 -0.0654059960842654 0.0467525448970942 -0.271818685039709 1.81514918876014 375.010228949806 -332940.279491614 103.219339986359 131.548916366155 72.8067059480979 988598.017125693
134600 0.2692 -1.78697021299853 -0.0103744957867585 0.0283078844186993 -0.0853065912373081 0.0408901285275139 -0.271866253914333 1.86416014638468 374.784931021501 -332939.965507536 103.199997685534 131.605645267141 72.7867861927086 988568.460494864
134700 0.2694 -1.77372191115257 0.00974941339194713 -0.0194586191287566 -0.0619352878761527 0.0396531835595205 -0.271378308874174 1.83485558296112 375.308506606206 -332946.375603086 103.211734227908 131.614270968131 72.7668664373192 988475.094079602
134800 0.2696 -1.73863042047967 0.00930155400586288 0.017983166301028 -0.0479694795927007 0.0264129337639903 -0.263563466372304 1.81325940507351 373.982110840824 -332939.848730814 103.211067712071 131.679387337408 72.7469466819299 988687.032397044
134900 0.2698 -1.75504373383182 4.40567151264407e-05 -0.0370434942076054 -0.0276013432023953 0.0536522852882172 -0.282574217764429 1.80750726205452 374.426964909919 -332943.736714602 103.190656471542 131.696591153627 72.7270269265405 988349.9465999
135000 0.27 -1.73511810214905 -0.024494048752752 0.0350003676951922 -0.0623276321822391 0.0356867850726704 -0.247696107720919 1.79752099956918 374.522816893481 -332946.94888935 103.17618996123 131.776117608677 72.7071071711512 988537.298117732
135100 0.2702 -1.71798413196657 -0.0348154778759384 0.0103437757805573 -0.025617895055998 0.0235400114466953 -0.244943825158768 1.75918457673124 375.630265806417 -332959.190937667 103.199222757563 131.781921575056 72.6871874157618 988530.621200111
135200 0.2704 -1.73722263046779 0.0132574687569662 -0.0110595708738899 -0.0475387950293625 0.033473079553341 -0.232107455477709 1.78716763824224 374.177305016266 -332951.104418865 103.245801699159 131.785301574173 72.6672676603724 988731.126179983
135300 0.2706 -1.72434805122557 -0.017870921597738 0.0134648806627444 -0.0225739243320836 0.0417962208057875 -0.25186887342865 1.77865209159887 374.547488750359 -332954.925007795 103.239048896616 131.817453957437 72.6473479049831 988636.586352082
135400 0.2708 -1.68613032043745 0.042398490400977 -0.017774583864538 -0.0218421434446339 0.0673221517459378 -0.239384657454884 1.75338668096135 375.283938384121 -332960.751902784 103.269139808929 131.84489596587 72.6274281495937 988859.401224956
135500 0.271 -1.70872339575654 -0.0417915162623258 -0.0168268262569739 -0.025050673384968 0.0454463746869727 -0.22211154359704 1.72539239168302 373.02054583434 -332946.360959354 103.231993514397 131.884963680841 72.6075083942044 988532.909027037
135600 0.2712 -1.73007407197907 -0.0275664214841295 0.0244443254195177 0.00887506764915005 0.0434232784931504 -0.229920206458828 1.77602619916923 372.996454116906 -332946.376322658 103.248380744772 131.909062350971 72.587588638815 988599.193717049
135700 0.2714 -1.68781060542895 0.0232848709768403 -0.0305938219471492 -0.00531175612630182 0.0362553280845758 -0.245161975832358 1.73864896660474 374.019232403184 -332953.907127796 103.298034031328 131.878431068438 72.5676688834257 988573.58137844
135800 0.2716 -1.70451829741351 3.67318749595203e-05 0.0238428726648138 -0.0029876850971206 0.0196815947953703 -0.26162246934272 1.77571993313302 374.249103899606 -332957.529724182 103.296028128358 131.912447826312 72.5477491280363 988537.945426011
135900 0.2718 -1.73244862241352 -0.00217262518031549 -0.00277061650873489 0.00907399275432013 0.027880311922653 -0.253327985807201 1.78547608405839 374.591074936853 -332961.125185707 103.297330470512 131.936733433843 72.5278293726469 988460.924231701
136000 0.272 -1.69804247300287 0.0241719095437337 0.0336982064778674 0.000636269900415764 0.0423497072466315 -0.263416847169709 1.78775458861789 374.020531709804 -332958.150309587 103.33653977962 131.974643418116 72.5079096172576 988848.586538987
136100 0.2722 -1.72419648610378 -0.00925735844914534 -0.015690022054905 0.015563383943752 0.0526194848980285 -0.263440793984891 1.7740524815652 374.009256965939 -332957.316787399 103.340335794719 131.978159734685 72.4879898618682 988639.580201235
136200 0.2724 -1.71308291945824 0.00127914742380364 0.023305198485443 0.00216843058584926 0.0482471756048055 -0.264612159300548 1.78727147641229 374.278536873177 -332958.581908252 103.333065441839 132.031026245946 72.4680701064789 988694.248981385
136300 0.2726 -1.68779257603863 -0.0157036877095104 -0.0547343526543135 0.0170367238809109 0.0494560461054527 -0.261668294111455 1.71632200997423 372.657355656217 -332947.181995195 103.34362173878 132.043973454957 72.4481503510895 988620.392056183
136400 0.2728 -1.68311818283007 0.0298029340896136 -0.0256034629553989 0.0045546727168243 0.0253753149539079 -0.256796559172618 1.74415859585028 374.96753473619 -332962.730717884 103.339201487617 132.093753946361 72.4282305957002 988678.885836281
136500 0.273 -1.71061787711924 -0.0107153204498069 -0.0165922347625488 0.0189049948145139 0.0226036294775312 -0.232190023299268 1.74472194004379 373.564363078649 -332956.236062315 103.281837445654 132.165261489468 72.4083108403108 988393.069468635
136600 0.2732 -1.64904810782817 0.00557377514432857 0.0396085824979352 -0.003387673449302 0.0113889758459084 -0.246970982522958 1.72587781568824 374.102986325943 -332960.372344821 103.281107065726 132.253037433496 72.3883910849215 988770.415652417
136700 0.2734 -1.6907468617173 -0.0187249417895588 -0.0294278339300522 0.0189432810208704 0.0199444244859924 -0.213754629728312 1.70798694123699 373.309435053519 -332956.153384921 103.304864548178 132.216668273423 72.3684713295321 988453.812219714
136800 0.2736 -1.68338310020843 0.0148099203203001 -0.00866233970664431 0.0287440037979059 0.0279846924587107 -0.220953452405345 1.73084933500811 374.393373813466 -332964.881585054 103.338884022996 132.250379764357 72.3485515741427 988759.196528856
136900 0.2738 -1.71581895971473 0.0102000778931083 -0.0406498289364532 0.0136162540255458 0.0328336854750595 -0.225282872194508 1.74642692412255 373.742737689548 -332960.972667765 103.317920524366 132.298965133071 72.3286318187534 988649.505824175
137000 0.274 -1.7106139467254 0.0306014889744389 0.0129508456224677 0.0264507442566536 0.020554474507087 -0.231340943432741 1.77913783819092 374.323643395785 -332966.723504853 103.300188924523 132.377169586077 72.308712063364 988791.747035985
137100 0.2742 -1.72752741797987 -0.0100544713107264 -0.000880465737062695 0.0261197890290718 0.0335009335180837 -0.221266126780728 1.76574158801965 374.976936934098 -332971.436946123 103.290957348914 132.418148075253 72.2887923079747 988736.989412043
137200 0.2744 -1.72550857698567 -0.0113844925987134 -0.0274073818752341 0.0470598002527953 0.0471186003844696 -0.235072884868351 1.75786661460786 373.412384462168 -332961.485867317 103.279009083864 132.43453330206 72.2688725525853 988472.49058382
137300 0.2746 -1.70819906343257 0.00694162454387378 0.0194401840117775 0.0391057691912683 0.0542618153325649 -0.226009150336769 1.76916980725285 374.454536497364 -332970.327051211 103.282206277629 132.486927629423 72.248952797196 988621.593676202
137400 0.2748 -1.72722601940086 0.00649606806798434 -0.0116714684351392 -0.000308981938117891 0.00750469124987197 -0.227092266249872 1.7690412138791 374.45422014154 -332972.339036129 103.269446701996 132.513439062367 72.2290330418066 988424.669510063
137500 0.275 -1.70593533835453 -0.0113454221935377 0.00367183461435882 0.0302061779434753 0.0151201293250376 -0.217797923212249 1.74443099447029 375.113291930471 -332977.536177031 103.238141542712 132.58459791249 72.2091132864172 988382.997193377
137600 0.2752 -1.73787964088981 -0.0433205435968789 0.0350857979355041 0.0337236146575064 0.00842388472470039 -0.198201828815356 1.76975108273322 373.151511925904 -332965.623633837 103.265614109935 132.600475273755 72.1891935310279 988491.644921057
137700 0.2754 -1.75865552895314 0.0279297333475753 -0.0151536121043656 0.0251880838394641 -0.01190430269198 -0.200071336961573 1.79977361900919 373.587178011917 -332970.538366074 103.340613559356 132.552036751332 72.1692737756385 988575.347731989
137800 0.2756 -1.75433166991708 -0.0227486400899802 0.0109294863142516 0.0140563673346994 0.00520667884324205 -0.234932212167834 1.79557344137886 374.214101650202 -332977.477444322 103.339994179224 132.586108840787 72.1493540202492 988550.601841001
137900 0.2758 -1.77092622012657 0.0116225199866841 -0.0146937132534252 -0.000731475373440623 0.0365176271243903 -0.254708861908672 1.82479988383661 373.692917670494 -332976.398643732 103.358671504099 132.626838965637 72.1294342648598 988759.941683418
138000 0.276 -1.79182073910626 -0.000108048960197312 -0.0379815355220178 0.0324699833225573 0.0454677553452308 -0.253660415047207 1.8292637936577 373.185320023773 -332973.69231218 103.324359097411 132.676702367949 72.1095145094705 988530.242646688
138100 0.2762 -1.76058458424209 -0.0148358845627192 0.0115472151950291 0.0224393896766096 0.0126127970376491 -0.246069009057147 1.81053322275794 373.745440778672 -332978.8634983 103.284205790531 132.774798457348 72.0895947540811 988603.512960613
138200 0.2764 -1.7419507418422 0.00895089682492843 -0.00345606554975898 0.027049457094575 0.0408281772134469 -0.250917565777536 1.80004495061876 374.297432965812 -332982.452753151 103.295314456318 132.80168014732 72.0696749986918 988636.761494075
138300 0.2766 -1.76852606719109 -0.017686090792235 -0.0203273434639479 0.0395169879260343 0.00739544833583728 -0.252427027275676 1.8046690155474 373.893238761302 -332982.802853077 103.264382653455 132.838549158057 72.0497552433024 988341.852630722
138400 0.2768 -1.73567267964606 -0.00718783135746773 0.026989040104354 0.0390540826513358 0.000754742443408409 -0.238995599333131 1.79550444062812 373.536124939911 -332981.773229742 103.240314716366 132.936727482599 72.029835487913 988568.405004966
138500 0.277 -1.75924573457558 -0.0140343664723684 -0.0405603227982079 0.0356825750047619 0.00888879415604056 -0.206139100140298 1.76966372553306 374.102418205571 -332985.769108725 103.26746294984 132.91808655451 72.0099157325237 988416.2821323
138600 0.2772 -1.70274780787984 0.00720677523814575 0.00132278791397629 0.0646766375915579 0.0310069706815188 -0.205065623733054 1.74800090837938 373.531789516794 -332982.17572795 103.317183574854 132.932755334208 71.9899959771343 988727.730160385
138700 0.2774 -1.7605163727274 0.00166588413225202 -0.0157141771325424 0.0488262936438478 0.0234577460070267 -0.186216618092734 1.78543950955905 374.46665468579 -332990.152905404 103.302509994161 132.962354151121 71.970076221745 988533.820719521
138800 0.2776 -1.76686379816176 -0.0190639078502659 0.0179449533914381 0.0427072269013699 0.016688215705413 -0.209620313532087 1.8052665827675 373.384415900466 -332982.443840141 103.289372388793 133.016889016242 71.9501564663556 988539.818997236
138900 0.2778 -1.75682810939536 0.00848334359880759 -0.0188545839555665 0.0452603779528677 0.0430263035474967 -0.215820392669992 1.79450454199686 373.081160686607 -332979.662605891 103.323610039853 133.020958063367 71.9302367109662 988623.962073147
139000 0.278 -1.74871016940347 0.0265379493786688 0.00391623016981624 0.0274491900432603 0.0436667949613561 -0.218824623773451 1.80651372812603 373.510230763986 -332980.628996396 103.332524805721 133.061932192286 71.9103169555769 988739.921178513
139100 0.2782 -1.77124584039096 -0.0303105524234252 -0.0109525517919975 0.027449525523105 0.0199227344738795 -0.197600588817116 1.78480267508386 373.734869870281 -332985.015165918 103.31280214287 133.093649474995 71.8903972001875 988512.938023883
139200 0.2784 -1.74345863655632 0.0124666859597162 0.00152882977805465 0.0294637495804192 0.0493437441425481 -0.201919318826894 1.78785074967964 375.264737504302 -332996.829305706 103.347994872522 133.097932150788 71.8704774447982 988607.482354381
139300 0.2786 -1.69457887539322 0.0218809068786636 -0.00757176586834442 0.023483044447103 0.0520468754622596 -0.223833597958305 1.7483228381591 374.513528369945 -332994.142903413 103.374733699849 133.101923097827 71.8505576894088 988618.828652555
139400 0.2788 -1.74747406239923 -0.00266157681092052 -0.0354546474695826 0.0534394903095676 0.045098880081443 -0.228581057922797 1.77753908555419 373.880141677055 -332991.794171025 103.374080243319 133.110550919985 71.8306379340195 988402.562942694
139500 0.279 -1.73215868128665 0.0114392482580253 -0.0033394003182334 0.0361677901606395 0.060207896276317 -0.235442711464096 1.78764740312771 374.130759289792 -332996.074522405 103.373571273672 133.169640542451 71.8107181786301 988562.240177144
139600 0.2792 -1.76836986078613 -0.0464392485479947 -0.00283413167438055 0.019566676105707 0.0521963057272295 -0.19374807171164 1.7787547044175 374.203763259891 -333000.693099514 103.337078253478 133.231531435662 71.7907984232408 988398.281152899
139700 0.2794 -1.75050239361499 0.0246821753394432 0.00385866041920688 0.0354293722896111 0.0457127061689224 -0.214792973085883 1.80643046639204 373.515795123696 -332998.644267841 103.363259643151 133.277966153943 71.7708786678514 988718.855673451
139800 0.2796 -1.73941340948753 -0.0641368412863784 -0.0090183343302554 0.0416164768298457 0.050903320548485 -0.212608369305559 1.74656937068265 374.319993168114 -333006.929852368 103.338427608938 133.301164150767 71.750958912462 988378.980499211
139900 0.2798 -1.71712857627083 0.0393240817134176 -0.0407842336609942 0.048972100101323 0.0313958912610293 -0.221516416532525 1.76300802396798 374.798581034802 -333014.159356063 103.374064203797 133.32663697407 71.7310391570727 988634.218595689
140000 0.28 -1.74146678126143 -0.00619836539016524 0.0158036240332009 0.0541272572895964 0.0435299469493337 -0.224405311486501 1.79314444489311 374.758492731229 -333016.586484014 103.329791059493 133.39477522733 71.7111194016833 988441.275904592
140100 0.2802 -1.73961968465415 -0.0217706699192476 0.0163069543529988 0.0225942272513617 0.0354833441386061 -0.230941149216986 1.78414598502741 374.476734166885 -333017.856505965 103.318582356176 133.445228910816 71.691199646294 988433.229563649
140200 0.2804 -1.77277928829968 0.012155630658118 -0.014668583529983 0.0470006965297046 0.0434157029000743 -0.253620895171586 1.8286840537404 376.10369811237 -333035.014639212 103.344387513298 133.439933298877 71.6712798909046 988366.170254857
140300 0.2806 -1.78437014656033 -0.000362441401184334 0.00682949869804892 0.0601379133016489 0.0523026772426605 -0.232907747271688 1.83775955032977 374.223184497884 -333023.899152665 103.351273197498 133.468724106358 71.6513601355152 988370.509958975
140400 0.2808 -1.74561357325822 0.0192766851923962 0.0144720177832591 0.0538991462524162 0.0557995488886419 -0.241757644730269 1.81652894216488 374.71058034595 -333028.944874094 103.362191725584 133.514547145514 71.6314403801259 988539.393812408
140500 0.281 -1.7357965136122 -0.0174484879510263 0.00266968372536019 0.0128162296208172 0.0360455559123451 -0.231111010921016 1.77547802305189 374.524327420706 -333030.424618973 103.347224813911 133.563872490356 71.6115206247365 988486.442332606
140600 0.2812 -1.71907780576522 0.0267246454869483 0.028586469433306 0.0224802732245321 0.0440339580122224 -0.238122686018566 1.79680837576335 375.395617248175 -333038.171737433 103.364765868731 133.606359190627 71.5916008693472 988693.61300954
140700 0.2814 -1.74230578861537 -0.043144793729976 2.28179619195436e-05 0.0374799924789252 0.0331947322470025 -0.224865271660796 1.76679748209043 373.065999825029 -333022.916122731 103.366354039669 133.590041375516 71.5716811139578 988312.983289485
140800 0.2816 -1.67902211975716 0.0485819501024473 -0.00372647944329833 0.0534460396686679 0.0223208542438028 -0.237121337937963 1.7537751919826 375.571670282588 -333042.271244806 103.429308317235 133.581519216126 71.5517613585685 988576.603325811
140900 0.2818 -1.76195751570985 -0.0492105636686278 -0.00576195908272063 0.0311398322129564 0.0394183188149414 -0.237162961144862 1.78496937158156 374.084124104557 -333033.455708034 103.407472203877 133.602034294227 71.5318416031791 988244.484341394
141000 0.282 -1.73852427610678 0.0327956865455967 0.00147797689189692 0.0140217828074668 0.0805278068403242 -0.235880909894739 1.80832656063438 373.687372427361 -333032.194833452 103.451767647112 133.631382748537 71.5119218477898 988609.609655644
141100 0.2822 -1.74631117778249 -0.00847449919360718 -0.0368246492094337 0.0141712491988651 0.0601131953960606 -0.214177356395011 1.76654216014919 372.953197996658 -333029.10279745 103.449858748676 133.618570248927 71.4920020924004 988221.234964409
141200 0.2824 -1.70155026583138 0.0281389770354758 0.0369722488339029 0.0198032697699695 0.0868620774144992 -0.220577944962795 1.78240208094585 373.544808396601 -333034.481563962 103.459998081469 133.699302080315 71.472082337011 988639.689977811
141300 0.2826 -1.74168522497201 -0.0207866292122924 -6.22356985949785e-05 0.0116538647675233 0.0848784726926785 -0.219455423123659 1.77878852266286 373.922166972862 -333038.834582437 103.433939685469 133.721794736394 71.4521625816217 988281.44454331
141400 0.2828 -1.75596620051895 -0.00947973160498007 -0.00546156820805085 -0.00312629561741595 0.0807444015539972 -0.20558089630249 1.78986804285475 372.171787212654 -333028.775665539 103.433549333337 133.778266774 71.4322428262323 988419.441441575
141500 0.283 -1.72323016171397 -0.0262783422912182 0.0108468960635295 0.0100487233265377 0.0689058411182855 -0.222120400263944 1.76255011092453 374.854337570073 -333049.286024123 103.433892322154 133.810569857447 71.412323070843 988385.690552397
141600 0.2832 -1.7510182255255 -0.015560055696328 -0.0361815303182838 0.0153008352438603 0.0729264894415477 -0.22052819381066 1.7717245316065 374.936028679976 -333052.57578992 103.466489201632 133.769347209968 71.3924033154536 988116.889896871
141700 0.2834 -1.73478636945314 0.0189582006808587 0.0136377667421381 0.0197554709103902 0.104419958939573 -0.194747963322899 1.79275747639879 373.41720038371 -333043.585224881 103.503259558118 133.819134807663 71.3724835600643 988560.045957597
141800 0.2836 -1.785748517783 -0.0180158323737482 -0.0165898360993174 -0.0274613791273917 0.083588344856263 -0.186739144902478 1.80422825653742 374.591044595593 -333052.458218175 103.487366641647 133.843427426871 71.3525638046749 988311.770986789
141900 0.2838 -1.73322001506784 -0.00930452435577436 0.00760316210898726 -0.00522980357893905 0.0762155380904468 -0.214761782974644 1.77684953193632 373.062582992125 -333043.270455986 103.48835914361 133.89493254038 71.3326440492855 988425.552015211
142000 0.284 -1.69415422275365 0.0141645707486375 0.00644397052515648 -0.0287238484171951 0.0656929464783068 -0.199681151626874 1.74363500092245 373.133725731163 -333044.630734435 103.488499797908 133.951471479065 71.3127242938962 988568.135634497
142100 0.2842 -1.71231243968061 0.0148531617803522 -0.00195157998844452 -0.00461730763503072 0.0978669516870474 -0.186815438295862 1.75722982149046 374.934739598742 -333058.98838549 103.471967019493 133.984092801102 71.2928045385068 988374.756139634
142200 0.2844 -1.70139984322428 0.0195433589985465 0.0059617650376743 -0.0103690719283953 0.0786756046798808 -0.192735321526845 1.75179611568656 373.58263624908 -333050.043060262 103.46728981422 134.045732606168 71.2728847831175 988508.48934059
142300 0.2846 -1.72507761935095 -0.0296326889244011 -0.027274628747233 -0.0186350068456557 0.0636957725513951 -0.1967748510339 1.73433310078869 372.67949246999 -333044.721692984 103.447070538744 134.087811013237 71.2529650277281 988349.254028046
142400 0.2848 -1.78290737238549 0.0272919534996202 0.0166907194077959 -0.0236619421318545 0.0858677435311493 -0.155590224448918 1.8314387959412 373.644237416335 -333053.544994582 103.488279455406 134.103202795765 71.2330452723388 988580.018463139
142500 0.285 -1.75439923517478 -0.0507752616471217 -0.0642256111887714 -0.0336019243955738 0.0742433706697675 -0.176704184919944 1.73008607482074 373.903548525819 -333060.069219293 103.485928449744 134.085694454656 71.2131255169494 988152.089316347
142600 0.2852 -1.70758347716458 0.0432327927271518 -0.00883378979142171 -0.00543563370952921 0.0742100039652671 -0.161895962695784 1.75275510005255 372.85012178997 -333052.992029035 103.537887675097 134.136570868684 71.1932057615601 988746.705330772
142700 0.2854 -1.76926656169224 -0.00427291801280705 -0.0203100548387335 -0.014895674345402 0.0692345562616742 -0.142398603696478 1.7784915825257 375.216719108091 -333073.230465017 103.50421009698 134.162010925598 71.1732860061707 988335.947757237
142800 0.2856 -1.71401669137083 -0.00690323972768389 -0.00609294479939091 0.0157284195801533 0.0424917371389546 -0.163942607435811 1.73274654437746 375.209698990398 -333074.065409955 103.481490845523 134.246380125237 71.1533662507813 988463.670815789
142900 0.2858 -1.72312804589779 -0.0186860383960745 0.0187683259496686 -0.0159544500591427 0.0293785704091852 -0.161063575935315 1.74686620535384 374.14176159822 -333068.237815359 103.468799656538 134.305250709975 71.133446495392 988499.044865122
143000 0.286 -1.7447267597703 -0.013353797745818 -0.00538049143444788 -0.0137010792689172 0.020734244112572 -0.17789288711445 1.76304032779239 373.886076870171 -333067.836141262 103.486001734732 134.322070397902 71.1135267400026 988510.307953253
143100 0.2862 -1.7780003467912 0.00186472066203312 -0.00994865063251965 -0.0120259868968635 0.0353547796390853 -0.158184461105769 1.79618588481373 374.187656152639 -333071.928128262 103.479652023128 134.338160383238 71.0936069846133 988291.147982796
143200 0.2864 -1.75606518738057 0.0115016825821359 -0.00881515985311528 -0.0153911663779575 0.0230323561821166 -0.170008516705052 1.78263985590011 372.296439597032 -333058.854218316 103.469473089436 134.396625340533 71.0736872292239 988346.999416323
143300 0.2866 -1.75453849483646 -0.0123420074574415 -0.00668207634618821 -0.0104742490072493 0.0401381670941163 -0.164371347590105 1.76956421593917 374.165112846749 -333074.517683415 103.458884291635 134.438227226262 71.0537674738346 988274.701242239
143400 0.2868 -1.76890241663333 -0.0144190587857913 -0.0329056395055016 -0.039226989292476 0.031977721246302 -0.17162146948295 1.77261529633818 373.815173149633 -333075.729753466 103.461360644467 134.445939833946 71.0338477184452 988077.971057649
143500 0.287 -1.77338886506394 0.00217565079586017 -0.0162380949449941 -0.0357167100028966 0.0375713937503987 -0.183219949722581 1.79695413169215 374.295739357136 -333080.324492841 103.456606146439 134.505170716403 71.0139279630558 988190.655326328
143600 0.2872 -1.79901549350988 -0.0212874279198621 -0.00814945063724019 -0.0372488238641394 0.0516611138232115 -0.147080958788959 1.80579979360141 374.348031778558 -333083.570325269 103.443177643298 134.544060757882 70.9940082076665 988070.835866292
143700 0.2874 -1.81098982721913 0.0107565922199306 0.00448151447995537 -0.0106234864366999 0.0146383455732654 -0.133185822747275 1.83345700848244 373.6591232334 -333078.935819955 103.4623096275 134.568055688467 70.9740884522771 988152.491624882
143800 0.2876 -1.81613953855219 -0.0282272925156012 -0.00416689779687525 -0.00913507969278263 0.0133661595990021 -0.154232772207221 1.81999355280785 373.707786074902 -333081.403018376 103.474535852528 134.580714873665 70.9541686968878 988084.83552011
143900 0.2878 -1.80133737019099 0.0122241232625966 0.0317335641687659 -0.00193492760852251 0.017665656425815 -0.141993081525302 1.84016331973466 373.458592409243 -333082.165767889 103.521774416314 134.596356039726 70.9342489414984 988373.253637901
144000 0.288 -1.78953339429088 0.00624472781731953 -0.0202667477381924 -0.0103486907197814 0.0310446994085364 -0.152823288708049 1.80310584087256 375.080448590934 -333095.596580552 103.524815861739 134.60811433541 70.9143291861091 988211.050954089
144100 0.2882 -1.77867819673157 0.0341402799099264 0.0423536028470888 -0.0238096381160672 0.0319550466506493 -0.125863497522009 1.83127182120732 373.222551011315 -333081.539706386 103.518261817957 134.689416356896 70.8944094307197 988467.583228638
144200 0.2884 -1.8076380373894 -0.0365050209255973 -0.0555009457679833 -0.00767502072538875 0.0244247809132403 -0.106740804461718 1.77194128658682 374.739923329226 -333092.964011801 103.482813147187 134.718598730403 70.8744896753304 988065.483256595
144300 0.2886 -1.73914236707879 0.0336603153741949 0.0205540018543027 -0.00397146452481985 0.0379345072572577 -0.122023167264159 1.78011223712522 372.380113957856 -333077.45992273 103.484256690219 134.821476464406 70.854569919941 988555.893749207
144400 0.2888 -1.74986651134404 -0.0345621193860555 0.0177877358475704 -0.0205961919593946 0.0358218999833927 -0.103843730098084 1.75279160106983 372.913406671333 -333078.913208925 103.461918656485 134.872079574261 70.8346501645516 988435.500813912
144500 0.289 -1.78290007469454 0.00301052761689026 -0.0153534730820743 -0.0319599881626038 0.0472935523790649 -0.0819882342855669 1.78520531786253 372.923440399755 -333078.808606101 103.488045909518 134.877901283221 70.8147304091623 988449.741904738
144600 0.2892 -1.76774627203855 -0.0282470569855943 -0.00145261396510189 -0.0225477416611707 0.040186244758502 -0.0920174419468472 1.76208853568182 373.989205672379 -333086.679910543 103.493339128855 134.902640066699 70.7948106537729 988403.49600288
144700 0.2894 -1.76137859825973 -0.00286565339325882 -0.00283802117107608 -0.0233120041092146 0.0381260513504675 -0.0989956927473516 1.76856098203482 372.968992915316 -333079.229334392 103.486763855364 134.951567505633 70.7748908983836 988420.96447884
144800 0.2896 -1.77411486782049 -0.00373324045754204 -0.028657066164366 -0.0370891060049786 0.0810377653235271 -0.108346459850198 1.77476551976368 372.839110346027 -333078.960490187 103.487866366398 134.963839284652 70.7549711429942 988243.15586573
144900 0.2898 -1.73582481422429 -0.0134391648813583 0.0239758396164242 -0.0351194305298062 0.0246984601213608 -0.115039815001317 1.75433403790357 373.454776337654 -333086.019988675 103.504422270827 135.022671815115 70.7350513876049 988553.724017827
145000 0.29 -1.77767449408951 0.0183844563248944 -0.021512399775739 -0.0465846312732735 0.0669526013334411 -0.116772824825601 1.79349614466808 374.152631900654 -333090.278263986 103.488417117553 135.056195989135 70.7151316322155 988367.853569733
145100 0.2902 -1.80926052722028 -0.0360525876650198 -0.00660994314801517 -0.0103427488749586 0.0400315102209071 -0.101042542235699 1.79808188524771 374.231514676631 -333091.208256046 103.438212802498 135.128147610456 70.6952118768261 988136.250451026
145200 0.2904 -1.76811472343408 0.0173489637468598 0.0446587301357533 -0.00395286943916909 0.0490640180277283 -0.104726474432155 1.81040288616683 374.851298303582 -333095.73513625 103.466236618137 135.183231756545 70.6752921214368 988528.260598806
145300 0.2906 -1.81839789114569 -0.0325490908250647 0.00333474929258082 -0.000198896720335878 0.0608014591114511 -0.103567521638203 1.81601100382074 373.760547347639 -333087.102855837 103.490032051073 135.138253879905 70.6553723660474 988148.041243918
145400 0.2908 -1.78378934781163 0.0103148701734827 0.00911462240752123 -0.0252171366378674 0.0478061339228953 -0.085201476844551 1.8019988574467 373.977949937829 -333088.304901267 103.534772489117 135.149353955884 70.6354526106581 988377.703781933
145500 0.291 -1.85180296250219 -0.0259455674777818 -0.0344303350122337 -0.0115321811192444 0.0313890143994133 -0.103009721184537 1.83126268868017 374.06604490636 -333090.956710423 103.505787522415 135.167039096273 70.6155328552687 987951.61402034
145600 0.2912 -1.80869894806514 0.0130519946406245 0.0291644629562057 0.0138405506438495 0.0404610670623468 -0.101157623509522 1.83972106146011 374.870555371256 -333097.624564004 103.522350560618 135.224491458939 70.5956130998794 988250.847819375
145700 0.2914 -1.81463563216288 -0.0188637835286449 -0.0239014936679751 0.00380765510293443 0.0457895925403216 -0.0909136980307998 1.80191697626638 373.444370049886 -333088.790088106 103.517902879716 135.251941843494 70.57569334449 988130.097611262
145800 0.2916 -1.81283575604148 0.0154867007025946 -0.00599181200615066 -0.00429076403717007 0.0486811278897349 -0.0977516950077965 1.82750804525086 373.619453796612 -333091.340979836 103.523070310522 135.297795948573 70.5557735891007 988235.4382306
145900 0.2918 -1.7806856019727 -0.0270883539849359 0.0105534347014283 -0.0249907912821168 0.046292970603294 -0.109525107345671 1.78516630407402 372.971351509832 -333087.673778463 103.510539279742 135.352104997597 70.5358538337113 988233.366810967
146000 0.292 -1.78639226451862 -0.00469533148646251 0.0125961975270043 0.00501874793135126 0.0644342273731691 -0.10343815454277 1.80282568493799 372.673241833294 -333085.11342692 103.518406575809 135.384090719601 70.5159340783219 988262.859014075
146100 0.2922 -1.823822838832 0.0167375171998436 -0.0359162801093371 -0.00292369800579656 0.0165961573715101 -0.124486652805096 1.82780334723782 372.996977273183 -333088.925346689 103.545729206103 135.371615952668 70.4960143229326 988153.396633721
146200 0.2924 -1.81125347511491 -0.0033589611305797 -0.019770195564527 -0.0029913459553975 0.0364912279298284 -0.105509307578373 1.8101106146216 374.705514999456 -333101.768221048 103.547372029969 135.405679168434 70.4760945675432 988138.431894243
146300 0.2926 -1.77952215507493 -0.0285868431813632 0.000895969782502222 -0.00926453204911553 0.0456762422027147 -0.116959401674196 1.77927545868985 371.592239210342 -333079.335778792 103.54507018757 135.462114467521 70.4561748121539 988248.896484432
146400 0.2928 -1.78975858581177 0.0241949669948368 -0.0159304684626079 0.0214646281336529 0.0277357941213149 -0.108974684746183 1.80515049939344 374.308131828182 -333101.205384771 103.538778059323 135.484558002079 70.4362550567645 988073.135446708
146500 0.293 -1.78465303377653 0.00469980125362793 0.00493154840753999 0.0100213117222298 0.0319219713449299 -0.130272887437674 1.80456911527313 374.807691644985 -333107.811175971 103.532815490304 135.545109083287 70.4163353013752 988178.259836538
146600 0.2932 -1.78444721575213 -0.000616332423127147 -0.00896893010729823 0.0213088942882027 0.0292943184823257 -0.115728113926982 1.79202076767376 373.487562607899 -333099.440624168 103.518218439694 135.589379126567 70.3964155459858 988082.044750988
146700 0.2934 -1.79013766974675 -0.0490246203638065 -0.0267066039999312 0.0120049939767427 0.0246299595341379 -0.119343927158514 1.76516631435212 374.303016703819 -333108.537348789 103.495182618057 135.658025252434 70.3764957905964 988082.629662131
146800 0.2936 -1.8060245970086 0.0079704902298811 0.0144016249117158 0.0161744979783998 0.0268432300673786 -0.1160317289679 1.82910420405033 373.317441501007 -333102.869570171 103.530977022112 135.68446766105 70.3565760352071 988337.203337245
146900 0.2938 -1.80436818045571 0.0237649138906978 -0.0334311577716411 0.0268895755267142 0.0256198724327233 -0.0960113435289279 1.8090253689351 375.202717197807 -333117.779949121 103.533680727136 135.687820969102 70.3366562798177 988107.602227194
147000 0.294 -1.77767828146864 -0.000666893119303685 0.014047738848384 0.0283652320953207 0.0113585734865754 -0.105777876432863 1.79457564663 373.218068911866 -333104.620581955 103.517310859924 135.774224337292 70.3167365244284 988300.507459857
147100 0.2942 -1.7949419190091 -0.0327882346796411 0.0209304405376435 0.0350485174949814 0.0200075126658652 -0.114907467462963 1.80200697567343 375.008604178918 -333120.360444776 103.522360366892 135.777165967675 70.296816769039 988090.137747039
147200 0.2944 -1.7815948840663 0.0182698091925831 -0.0185762442563398 0.0233653728287794 0.0379176324589101 -0.120135237691247 1.79549467376196 372.770575817505 -333103.617990184 103.57492665355 135.749087301498 70.2768970136497 988107.351116536
147300 0.2946 -1.80804047070714 -0.0234517939693809 -0.0235751468204522 0.0444736124842053 -0.0132879067839746 -0.124035261278762 1.79920934757438 374.37563146328 -333117.488823602 103.574247461764 135.756627528339 70.2569772582603 987875.666491805
147400 0.2948 -1.76990165539974 0.0194559048762612 0.0178719756731279 0.0246020582202599 0.0214192600581887 -0.124662307817837 1.80243806621359 373.928766507976 -333116.799537466 103.594365694745 135.81350531031 70.2370575028709 988201.259318242
147500 0.295 -1.82894330473699 0.00567326477253868 -0.0754475667410044 0.0346489821721837 0.0276612391154092 -0.123612420168413 1.80978178364183 371.739132515088 -333102.695647084 103.5869230553 135.824675920327 70.2171377474816 987931.272085187
147600 0.2952 -1.80767469870092 0.00552190764291658 0.0497932770276166 0.0401096013596118 0.0112991524167009 -0.0911151763180293 1.84391698920982 373.276348597651 -333116.44634818 103.575071670584 135.928918229929 70.1972179920922 988295.923368511
147700 0.2954 -1.84746669408755 -0.0339176635545877 -0.0104019065622248 0.0448156222655001 0.0356539603647313 -0.100243372618742 1.83634016216981 374.68430091387 -333128.837996695 103.555647466347 135.951248680145 70.1772982367029 987992.467362243
147800 0.2956 -1.83321295750814 0.0350726664273849 0.0149380421420049 0.0407460202328964 0.0168273547149529 -0.111313431511726 1.86983463996228 373.568704174728 -333121.616789787 103.595402046348 135.964045947276 70.1573784813135 988184.215517443
147900 0.2958 -1.7818538649863 0.0179472806415617 -0.027307287569341 0.0451419854457742 0.041066764921517 -0.0951675750996794 1.78835856365015 375.692183627701 -333137.461470595 103.595022202585 136.001040647476 70.1374587259242 988168.818008271
148000 0.296 -1.80016306233108 -0.00967018530421802 0.0128516171394975 0.0448325858427239 0.0514972102389258 -0.0786103974061845 1.81086213034312 374.926151071651 -333131.590502399 103.568084353828 136.05809580007 70.1175389705348 988045.61811386
148100 0.2962 -1.79252169603849 0.0208670572898315 -0.0180334837823126 0.0418275731530002 0.0574971288488808 -0.0817460457883029 1.80404098185879 374.666480535132 -333130.733210373 103.579548877686 136.075154365629 70.0976192151454 987998.121278404
148200 0.2964 -1.84337869557439 -0.0197811942240762 0.0114582859001264 0.0545991513683133 0.0707481739193349 -0.065532619955104 1.84940387074085 373.985292812254 -333127.025976781 103.568257255358 136.104693230643 70.0776994597561 987824.07311779
148300 0.2966 -1.83980075097908 -0.006263476478359 0.00469283881842478 0.0631181890418852 0.0591486278619034 -0.0693585130977032 1.84903947990064 375.344248150614 -333138.664102445 103.582951417386 136.12793294383 70.0577797043667 987852.039158789
148400 0.2968 -1.88062790520815 0.0268955484753682 -0.0172858737153932 0.0408232267498647 0.0485606633919348 -0.0764963814606701 1.89366040675652 373.446174738634 -333125.939121267 103.5906027072 136.170573718196 70.0378599489774 987953.478301641
148500 0.297 -1.86179398660613 -0.0104710382874622 0.0159399916226537 0.0794021120258693 0.0419975724227732 -0.0725544896020263 1.87536329375631 373.796373086551 -333129.658306257 103.568710341624 136.245637620869 70.017940193588 988008.098678779
148600 0.2972 -1.86422065826541 0.00860361575615898 -0.0165649486749008 0.0579398959937249 0.0506065003420776 -0.0512756763205509 1.86724654312479 375.143805416132 -333141.196748315 103.574803691006 136.272658575353 69.9980204381987 987981.029873034
148700 0.2974 -1.85221116726538 -0.0233427276201781 0.00522687081077803 0.0725072221161317 0.0356972466583177 -0.063252484147864 1.85187025211678 374.265079522872 -333136.548182601 103.56173385117 136.336211745296 69.9781006828093 988035.812096749
148800 0.2976 -1.82756939842263 0.0110126459828445 0.00142272587772083 0.0882526291879271 0.0243704283195118 -0.0653930451566342 1.84413126694794 375.641495785137 -333148.108760656 103.570993182966 136.380026332187 69.9581809274199 988160.339409873
148900 0.2978 -1.85352001751206 -0.00458865627542132 -0.0397853288086564 0.0856096478151335 0.0305852222021132 -0.0612349921424838 1.84139955694046 373.744323830412 -333137.460460405 103.583943958726 136.373225023755 69.9382611720306 987953.227476375
149000 0.298 -1.81087984281763 0.0282958744501548 0.000979358342493468 0.086292671434241 0.0150623944634756 -0.0832516793297341 1.83763055777774 375.706489352052 -333152.864948094 103.583543611662 136.446514613315 69.9183414166412 988198.813941613
149100 0.2982 -1.82546070194465 -0.0186747637058596 0.00578809037695179 0.0762020556948043 0.0169333803795556 -0.0710625412560068 1.82830608239216 373.121347719816 -333133.48230088 103.550653873563 136.519205733127 69.8984216612519 988129.733668309
149200 0.2984 -1.79344035557286 0.0268962767103379 0.0311971358692205 0.077064503347005 0.0291774120013342 -0.041261096840162 1.82946745671462 375.33058574053 -333149.669271593 103.560429632571 136.549836535133 69.8785019058625 988163.057691464
149300 0.2986 -1.80270247487391 -0.0241545492583242 -0.0477174778349791 0.0768617268748458 0.00422498304005542 -0.0653169283434778 1.77551563428134 375.333277672386 -333152.397362343 103.547758638577 136.571329935178 69.8585821504732 987915.97518113
149400 0.2988 -1.76319577563519 0.0144112757539531 -0.00716398535750684 0.0798694457393385 0.0138934166880323 -0.0678074016692631 1.77637551831995 375.812456281393 -333156.465296241 103.542040984939 136.643786892856 69.8386623950838 988103.695604492
149500 0.299 -1.76355273891 0.00453620129486255 0.0499842390328919 0.0621391220194657 -0.000973330259247837 -0.0348209908601318 1.79549000422517 375.179937070047 -333153.301255012 103.517562703967 136.70930528434 69.8187426396945 988061.865275086
149600 0.2992 -1.75329413517732 -0.0415604842743869 -0.0219657847440557 0.0698508286228566 0.0153275909154669 -0.0296173938353766 1.72682678355679 374.918202201456 -333154.471819083 103.534279971926 136.700811314616 69.7988228843051 987878.100980895
149700 0.2994 -1.73335765363102 0.0408250124061449 0.00953990474409086 0.0750798301466238 -0.00323072050553379 -0.0499519333001801 1.76567982289537 372.534691100637 -333138.814826287 103.589592050525 136.729597507939 69.7789031289157 988331.862163309
149800 0.2996 -1.70518485865547 -0.0301576045622574 -0.0244920375221887 0.0535719909802127 0.00817943951740894 -0.0768560793817278 1.68575488579032 374.333954422739 -333155.28528176 103.586254663495 136.7478070917 69.7589833735264 988149.474834068
149900 0.2998 -1.69835530356183 0.032082348942913 0.0220608405878868 0.0484135370095732 0.025300049230235 -0.0747381488527717 1.73288273299024 373.122889405272 -333146.249802348 103.625346900957 136.791725852278 69.739063618137 988557.506414782
150000 0.3 -1.72863070214637 -0.0268159539469015 -0.032965614579156 0.0708830067186692 0.00958743577741792 -0.0630401166778052 1.70675622160453 373.501602877178 -333149.206965438 103.61178660746 136.819641385831 69.7191438627477 988347.471681264
150100 0.3002 -1.68405626037565 0.0345162768179307 0.0141060158280983 0.0630634801728515 0.0202786451756012 -0.0488291703992583 1.71439469549058 372.606982976904 -333141.926125256 103.640304196091 136.884983074542 69.6992241073583 988809.042180117
150200 0.3004 -1.72158842317609 -0.000447435785481542 -0.042870528265135 0.0730538047795121 0.0251951877310923 -0.0275262282042502 1.70625260185092 372.794862914985 -333143.736938566 103.623787565461 136.902088432642 69.679304351969 988492.416212906
150300 0.3006 -1.69731521000653 -0.0128839336227122 0.002366280436712 0.0716817241210533 0.0564541095182883 -0.0451820761995377 1.70127290568404 373.594752615607 -333149.024750566 103.603912312806 136.982089668876 69.6593845965796 988597.655383596
150400 0.3008 -1.69915729478426 -0.007949911956311 -9.48127181329272e-05 0.101645103519335 0.0568384600458608 -0.0627243676071878 1.71056095122183 375.57381223088 -333163.859322387 103.60319052721 137.022520844282 69.6394648411902 988599.776929753
150500 0.301 -1.69600022968551 0.00682073526029513 0.0262941433831426 0.104003483427037 0.0264470483486492 -0.0683765508699343 1.72676366385616 373.780463657315 -333151.309307983 103.600961800241 137.050381325013 69.6195450858009 988496.683800936
150600 0.3012 -1.68232316929835 -0.023624497206914 -0.0175224244235922 0.0839067527954895 0.0305682372528397 -0.0624789717810417 1.67244586361938 374.353163216114 -333157.013475128 103.619225254956 137.062878108906 69.5996253304115 988478.185975466
150700 0.3014 -1.68836491240502 0.0100475464669646 -0.0174947037886143 0.0780448689682451 0.00696500785037064 -0.0748612350666925 1.6952334668972 372.53881430093 -333146.983968953 103.628564860528 137.095722143773 69.5797055750222 988521.168661638
150800 0.3016 -1.69866286169634 -0.00393162779267189 -0.0213132750095392 0.10212860309454 0.0320209918062075 -0.0510431100040401 1.69857052844121 373.96840716413 -333159.405460232 103.60882488096 137.153564665341 69.5597858196328 988466.792201462
150900 0.3018 -1.69812966919292 -0.00434004586324946 -0.00421994586423626 0.0904717886330955 0.0629270199342652 -0.106135408969474 1.71445494688416 374.815780306195 -333169.05529862 103.581962734853 137.220882341214 69.5398660642435 988412.418939701
151000 0.302 -1.70491723959536 -0.0233389989233228 -0.0204791619000517 0.135522996708989 0.0459817642102018 -0.0684570124843633 1.70529296643865 374.229992581249 -333169.253175524 103.578824031637 137.247661077974 69.5199463088541 988292.173576669
151100 0.3022 -1.66091336878126 0.0149578133746199 -0.000345091104738483 0.125054544338504 0.0423180778510037 -0.0645142308317158 1.68757439412412 373.111366517493 -333163.40663468 103.588156833949 137.305605827531 69.5000265534648 988515.184505819
151200 0.3024 -1.67603907037257 -0.00264171192000555 -0.00838199003534723 0.119587780301674 0.0462358948865509 -0.0823199150980955 1.69125178333076 375.744106658852 -333185.463189942 103.559130978648 137.365432785876 69.4801067980754 988385.427137091
151300 0.3026 -1.69618860692763 -0.0261463260320681 0.0113535338214919 0.0885231480371663 0.0746079895545055 -0.0856767498899323 1.70742596527563 372.706194977665 -333167.066595343 103.566478624111 137.395040302059 69.460187042686 988385.155770449
151400 0.3028 -1.71401385409779 0.0104011528274714 -0.021431927902809 0.082708839939032 0.0653524680353482 -0.098220121290378 1.72684790515432 375.39984563997 -333189.027093463 103.600021352069 137.372724623555 69.4402672872967 988261.190643053
151500 0.303 -1.68744622073532 0.0392591814829543 -0.028639744621813 0.0905890808742629 0.0409111358688009 -0.0794910550420853 1.70806239904645 374.398913597855 -333186.122519936 103.593939358159 137.433082487668 69.4203475319073 988353.760845933
151600 0.3032 -1.65843235023941 -0.0134545641009462 0.0284943689667514 0.0907929143467907 0.0392511840366403 -0.0921323551357447 1.68271620653729 374.977880883646 -333192.938221408 103.517902549721 137.588598916396 69.400427776518 988462.185086829
151700 0.3034 -1.65464353587587 -0.0490082672720766 0.0476406193523176 0.110340346848963 0.0112627682740722 -0.0996361427553095 1.67608952422322 374.319241519082 -333192.705929097 103.48481453971 137.651428772829 69.3805080211286 988313.720915526
151800 0.3036 -1.64332259901985 0.0198346345717898 -0.0210846631502978 0.100554901100884 0.0437981238591918 -0.0837380838998634 1.66037225887056 373.722298121314 -333191.539504142 103.553103004071 137.618044831011 69.3605882657393 988442.176889521
151900 0.3038 -1.70986293974973 0.00778763863830543 -0.0247554127034616 0.0851162469990176 0.0449690051102099 -0.0811662573291336 1.71553193308243 373.131983703793 -333189.820146283 103.580750184416 137.605932841442 69.3406685103499 988335.136246455
152000 0.304 -1.70435728953045 0.00652528752880573 -0.00895507332717566 0.0841743982634862 0.0314473507184323 -0.0718394458148634 1.714811729572 374.587963412515 -333202.18045945 103.584908377467 137.646100900143 69.3207487549605 988379.30836003
152100 0.3042 -1.6617128046517 -0.00581284850896343 0.0149631292925007 0.0977299282148691 0.0211136566288042 -0.0698582974913449 1.67972336056207 375.063418643408 -333210.280221108 103.576065646685 137.723402467899 69.3008289995712 988565.804087444
152200 0.3044 -1.61991877418074 0.0236104759207143 -0.00439339906279265 0.0733984302626551 0.0297831825805909 -0.049528563362545 1.63772090530004 373.609377306784 -333201.884751309 103.595942971743 137.747564039102 69.2809092441818 988644.726275742
152300 0.3046 -1.64126369502953 0.0044331659216235 -4.14621398981946e-05 0.0600979708080493 0.00399911083396109 -0.0559742226833781 1.64962326512727 374.427427668595 -333211.150173749 103.602043241872 137.769827919144 69.2609894887925 988578.425676603
152400 0.3048 -1.64640699011274 -0.00513347779547413 0.0110846625438154 0.0605051343919406 0.0412956820869951 -0.0336869019993594 1.65534383452733 374.063734702389 -333214.117453955 103.617964253933 137.790555022338 69.2410697334031 988594.691167548
152500 0.305 -1.59648841581672 0.0146743889404901 -0.0207963167991185 0.0506259246681413 0.0265002516662971 -0.0627915353559058 1.60049328213221 375.218402060398 -333226.384354779 103.653571890995 137.799644058626 69.2211499780138 988715.125720629
152600 0.3052 -1.63886558745889 0.0162722013222957 -0.00223343922101837 0.0568142653247791 0.0118335132789419 -0.0561648184784482 1.65189627775519 374.777814619415 -333226.944155756 103.627586384634 137.875098027209 69.2012302226244 988723.900279478
152700 0.3054 -1.60525408244922 -0.0234027204589724 -0.00345486202570415 0.0743443429131766 0.0265581968231631 -0.0708589382079737 1.60248757259296 374.744800734125 -333228.387013546 103.572260989413 137.983074410402 69.1813104672351 988685.258245277
152800 0.3056 -1.57234286700117 0.0315204697059359 0.0235781284229851 0.0837425186980416 0.026425015761595 -0.0811346824900075 1.6132526263493 373.113211437094 -333216.959554204 103.579818912617 138.040156816153 69.1613907118457 988881.629304245
152900 0.3058 -1.60258573195269 -0.0263947335068142 -0.041332600710644 0.0678179640796983 0.0244749050218187 -0.0738771318010186 1.57893149158803 374.914142122552 -333232.449163738 103.57587058786 138.019532717192 69.1414709564563 988411.431996995
153000 0.306 -1.51560842023828 0.0675647236065312 0.00963140078361457 0.064565930656484 0.025626602978373 -0.0736559003938057 1.56487284275482 373.528874894449 -333222.85945201 103.623877002817 138.082858390943 69.121551201067 989038.235630468
153100 0.3062 -1.60814056310722 -0.0520808913904413 -0.0355850002498681 0.0390122064919247 0.0354238512587334 -0.0533783751762218 1.5697581229636 373.506935902623 -333225.267642334 103.574639042632 138.111679511943 69.1016314456776 988489.671707774
153200 0.3064 -1.55619869303441 0.0117662418878313 0.0183878686680772 0.0467498441600158 0.0280704062287578 -0.0846751043260072 1.58093974220172 373.591052300013 -333224.66583558 103.596397540492 138.18449300446 69.0817116902883 988933.41812595
153300 0.3066 -1.59799996918908 -0.0185076376140825 -0.0388480535576645 0.0648775702967393 0.0088322584454233 -0.0322237679897049 1.57450267209744 374.937448373915 -333237.887302155 103.578738447268 138.188438399981 69.0617919348989 988507.955804864
153400 0.3068 -1.57914267011765 0.00153029831888416 -0.0175525741044425 0.0741219882714549 0.025408627582603 -0.0776970706927628 1.58280033973074 373.339545977215 -333228.089621659 103.590870188311 138.248765018797 69.0418721795096 988770.045539921
153500 0.307 -1.57722868645922 -0.00466482247252674 0.00358913682132555 0.0806419176833218 0.0360064054508439 -0.0952165946634144 1.59267148286846 373.918327752457 -333232.957264924 103.605237081854 138.282231455687 69.0219524241202 988861.180003885
153600 0.3072 -1.55390314350031 0.0168842343494848 0.00576730997775146 0.0972713157723262 0.0373868298209492 -0.0757932777401838 1.58109030815331 373.145362294272 -333228.024087471 103.629116095562 138.282400469676 69.0020326687308 988804.850636395
153700 0.3074 -1.5491711610362 -0.0101259855034927 0.0225762398040255 0.0847303996594182 0.0255261831713895 -0.0917227511095307 1.57123879761601 374.046346910747 -333235.298760545 103.624014149906 138.328113349503 68.9821129133415 988797.496333047
153800 0.3076 -1.59723901719533 -0.00927219303836742 0.004502455196266 0.0785399538166734 0.00673431152028816 -0.0765542569544369 1.60621460229735 372.258837348693 -333224.01493521 103.628271536716 138.356471667398 68.9621931579521 988755.238054974
153900 0.3078 -1.58634681258439 0.0131627124953885 0.00484059648605471 0.0923963368107961 0.0144716533975015 -0.0666562665928002 1.60771806721908 374.70844632984 -333244.530272325 103.647199157702 138.387747468148 68.9422734025628 988873.665584165
154000 0.308 -1.56980039160792 0.0126619114098411 0.0063540391670952 0.101709322181527 -0.0057747139660571 -0.0809937027304699 1.59532413632908 374.612792016951 -333246.794802964 103.638001687612 138.428705877514 68.9223536471734 988792.785863768
154100 0.3082 -1.56637113611223 0.0109141184441324 0.0166890145163401 0.0797103014355829 -0.00122944282084374 -0.0907240780240065 1.59396646393222 373.181431913207 -333236.67613874 103.634556460497 138.481773721554 68.9024338917841 988853.086898603
154200 0.3084 -1.59484755009977 0.00669287306056431 -0.0144406471178215 0.0773621752579415 0.0195746830802783 -0.0805860392644522 1.60315898093431 375.294368985352 -333257.252226793 103.641586013503 138.489991665816 68.8825141363947 988692.931967894
154300 0.3086 -1.60681642702428 0.0228927590254532 0.0153044157283949 0.097577096636914 0.00771417828464085 -0.0995748952562645 1.64381589467031 374.868739481524 -333255.629005527 103.637831875562 138.554369257859 68.8625943810054 988830.662975114
154400 0.3088 -1.59184818133394 -0.00653256754726622 -0.0223411478235533 0.0997341707498058 -0.00604115915955873 -0.0953543810817011 1.59550665702598 374.085937079875 -333252.279491698 103.618683533849 138.598282254421 68.842674625616 988675.228605313
154500 0.309 -1.59703132931006 -0.0255601140204926 0.00407620418713747 0.108943653726762 0.00877287667599945 -0.0839833826666017 1.60435949452762 373.527421717153 -333252.334882099 103.612174304858 138.64482344994 68.8227548702266 988658.943373224
154600 0.3092 -1.59834020940903 0.0355748053264723 -0.0100633825193007 0.0856014236370099 0.0488815974089302 -0.090386751187048 1.62814389304314 374.490636825484 -333261.525794878 103.62491342166 138.675229769422 68.8028351148373 988711.098278495
154700 0.3094 -1.60599384270452 0.00373125732458751 -0.00459427011617495 0.112383351137909 0.0470795144930391 -0.0824373087341868 1.62567205367078 374.532781013668 -333264.83778139 103.582893395656 138.75425353364 68.7829153594479 988587.063033563
154800 0.3096 -1.54507430967166 0.0249912297911807 0.0290011812754025 0.108465056229815 0.0432891763014417 -0.0881778197280411 1.59237546196219 375.111702108999 -333272.593740941 103.555363155864 138.870094148248 68.7629956040586 988862.969824498
154900 0.3098 -1.60029274807009 -0.0183173021015705 0.0229976456557726 0.129483235297886 0.0313002368365233 -0.0886959339261125 1.62682212140475 373.865968627361 -333266.467288109 103.545987331353 138.898538453883 68.7430758486692 988689.472518119
155000 0.31 -1.62464617964316 0.0441962339440139 -0.025506789038211 0.10773177332267 0.0340325079565367 -0.0725387743747809 1.651559509312 373.787596737682 -333268.259337837 103.597238230517 138.8740140397 68.7231560932799 988717.594431202
155100 0.3102 -1.64010611288257 0.00498232309503488 0.00827271497670054 0.0913900501215411 0.04673547960848 -0.0967344778117544 1.66475868853093 374.793158991141 -333278.645137215 103.578584177926 138.948153250604 68.7032363378905 988780.61781067
155200 0.3104 -1.60903879177611 0.0437384442417827 -0.00545841602048968 0.0935000246979868 0.0334169929174555 -0.0907474001013441 1.64531565184664 374.585474242908 -333278.626129447 103.562117443681 139.014273705943 68.6833165825011 988807.096792381
155300 0.3106 -1.63194944652745 -0.0450876181869926 0.00875768155463658 0.121951043778813 0.0341242170469418 -0.0840257314838941 1.63577668335304 374.74902940336 -333283.252973457 103.521543850652 139.068398035343 68.6633968271118 988517.760403363
155400 0.3108 -1.6376382750492 -0.0284653489867327 0.0138782933686924 0.136444943491727 0.0379739975823316 -0.0807906131499321 1.65503107031244 374.072380158779 -333280.047442305 103.528254518348 139.082587178313 68.6434770717224 988395.880811234
155500 0.311 -1.63285458158435 -0.00275637115355841 -0.0339691385965481 0.107317097527124 0.0135994923897618 -0.0840261322523238 1.63205435745819 374.499443948349 -333286.156043345 103.590090978014 139.048317653735 68.6235573163331 988455.632540937
155600 0.3112 -1.6358123642207 -0.00506054481695508 -0.0276434198491013 0.0909498247654425 0.0197750825096582 -0.0871725513489536 1.63457038785509 373.594368499237 -333282.363503327 103.60186385318 139.085754798467 68.6036375609437 988547.095065169
155700 0.3114 -1.64412239553142 -0.0164383279265104 -0.0126671828054119 0.0920863448874635 0.010311905316071 -0.0530818603522869 1.64003646938534 372.941474872807 -333278.091678398 103.581241937188 139.150892713361 68.5837178055544 988526.086532539
155800 0.3116 -1.6448855533474 0.0130786355362197 -0.00357308577415295 0.0742934724910634 -0.00409960284129381 -0.0546729769233336 1.65743505376197 374.302593342087 -333290.342066415 103.613807260077 139.15833249721 68.563798050165 988602.524494997
155900 0.3118 -1.63229521095548 0.00602258771242846 -0.0182506360451303 0.0791676261211707 -0.00987091016917041 -0.0612661348166104 1.63562300234998 375.930048303846 -333305.366070261 103.6167160147 139.190521922031 68.5438782947756 988571.670723501
156000 0.312 -1.54659612093236 -0.0134323648486386 0.0192457525826782 0.095453314763955 -0.00747626456694922 -0.0802467176185294 1.56479396859455 374.152442704379 -333293.045389331 103.610256096184 139.286179541086 68.5239585393863 988901.91330811
156100 0.3122 -1.57220845460927 0.0282297591488078 -0.0167830609573587 0.0820426603206436 -0.0247359103236266 -0.0649859425776183 1.58936669807138 374.004658928778 -333294.826760692 103.622399031537 139.277942007814 68.5040387839969 988671.83108799
156200 0.3124 -1.56416042127292 -0.0194537632631688 -0.0240024958645467 0.099412362445094 -0.00959842529903589 -0.102341209881316 1.56219682024334 374.501504326089 -333301.152974978 103.609151272784 139.31093155018 68.4841190286076 988492.061441469
156300 0.3126 -1.53658231093942 0.00502838964955129 0.0210906871064153 0.1142120580096 -0.0079496451695331 -0.0656682991054165 1.56647473930705 374.106181658095 -333300.974023742 103.60684616696 139.39475142965 68.4641992732182 988777.120831265
156400 0.3128 -1.57043497564086 -0.00311206006557647 -0.00595142941678694 0.0780756480399681 -0.0234740782551842 -0.0661484023578169 1.57642834469558 375.426054910783 -333314.332698132 103.635538116083 139.360821492264 68.4442795178289 988522.504256865
156500 0.313 -1.5794843357425 0.0268842785260434 0.00234257892880366 0.0935489749636658 -0.0164167027002702 -0.076301668914896 1.60814427043187 374.727349277557 -333313.184937948 103.674269366876 139.366685929761 68.4243597624395 988645.738566815
156600 0.3132 -1.5877047219425 -0.00334714660028011 0.0193056510593163 0.103730978749985 -0.00316974297700882 -0.0797056228852149 1.6118193620838 374.57317878775 -333314.62249141 103.637501982394 139.445055381289 68.4044400070502 988562.990535386
156700 0.3134 -1.6053984923839 -0.0118004869143541 0.0128185063255599 0.100976611221185 -0.013440623202009 -0.0606874308513893 1.61912727982571 374.060232245751 -333314.031919038 103.630507519116 139.502646245345 68.3845202516608 988616.547554788
156800 0.3136 -1.54352459535378 0.0454581220920707 0.00405106459903526 0.105599655326791 -0.0162329667685412 -0.0784115619942871 1.58539428232349 374.848062035913 -333321.961142079 103.649309273622 139.535145290268 68.3646004962714 988738.17256405
156900 0.3138 -1.53399754435539 -0.0354277892826003 0.0184966501754828 0.0779243807302483 -0.0149797752532456 -0.0751170057628448 1.53793569177054 375.599543221452 -333328.778722332 103.635843196915 139.586959370134 68.3446807408821 988688.656636421
157000 0.314 -1.52372770899632 0.0193194881401128 0.0101899775364607 0.0738396068661753 -0.0265025865583959 -0.0667297192388252 1.54881029342029 373.139125452563 -333311.855453218 103.660704235653 139.604549322395 68.3247609854927 988762.181530464
157100 0.3142 -1.57248785492003 -0.00419724700509838 -0.0162557022672213 0.0535699187790802 0.00692263160541411 -0.054140732004762 1.56790188109748 374.406894458352 -333323.544553436 103.66356128413 139.611155932183 68.3048412301034 988547.936109053
157200 0.3144 -1.56837763356458 0.00306355283238787 0.00564352702256498 0.04975935758269 -0.00891355054223018 -0.0520849891130233 1.57774941283382 373.18293518342 -333317.041047722 103.657945837328 139.679546637516 68.284921474714 988690.19991694
157300 0.3146 -1.5445027283073 -0.0104362601293023 0.00629245364379241 0.022195672281831 -0.0165042937130289 -0.0504045624993008 1.54571010089439 374.134710853067 -333325.894144718 103.654398566694 139.721769881126 68.2650017193247 988666.730158621
157400 0.3148 -1.56926115963755 0.0316271335025313 0.0184631283367246 0.0431482581315281 -0.00429754290997129 -0.0755553513462923 1.60147090916442 372.999230378547 -333318.331267931 103.684338090664 139.739755193065 68.2450819639353 988790.98295228
157500 0.315 -1.65679467370997 -0.0165150654382613 -0.0297815613285317 0.0243078042196553 0.00950562088900783 -0.0717612830051129 1.63903177342057 374.788639203446 -333336.521190884 103.686652935735 139.710799455274 68.2251622085459 988319.604306334
157600 0.3152 -1.61754629227355 0.0268021168027615 0.00822216869635753 0.021029347081041 -0.00417173931741663 -0.0828106928778805 1.64183639254996 375.085832387593 -333340.824763553 103.707233225707 139.757381349823 68.2052424531566 988556.644906144
157700 0.3154 -1.64064976698834 -0.0126385120626177 -0.0219374802273611 0.0354083962794117 -0.026946982195541 -0.0671380726418075 1.62936507194247 374.889147125906 -333344.108097405 103.661214974769 139.813831784586 68.1853226977672 988228.405974561
157800 0.3156 -1.58588463828384 -0.00151937367297669 0.0178590156874989 0.00935985063521963 -0.0188937217655102 -0.0854592042297115 1.60141650609934 374.51510246773 -333342.437082057 103.650557077897 139.899650289292 68.1654029423779 988444.469339777
157900 0.3158 -1.59909886155581 -0.0336043927642733 0.00993943850783149 0.0373946118871495 -0.0223218377359698 -0.124021791208145 1.60395470711082 374.270239572718 -333343.529120611 103.658522827396 139.904557636963 68.1454831869885 988266.225930684
158000 0.316 -1.60112959345952 0.0217430714639688 -0.00598528426330276 0.0269787056733793 -0.00690870568920966 -0.125556125921599 1.62453215490054 375.535887252834 -333355.860286912 103.698736461508 139.906590285769 68.1255634315992 988374.982620546
158100 0.3162 -1.64117705141709 -0.00270723610288142 -0.0252617675630956 0.0295333080160892 0.00236741491955803 -0.0998210163471018 1.63727312697365 373.127469759005 -333343.102837738 103.688402307456 139.947689104571 68.1056436762098 988277.746056604
158200 0.3164 -1.62402478202627 -0.00164848816847263 0.0150881155107714 0.0329043253457311 -0.026499593829913 -0.0851882860101749 1.63910461024983 372.880523762107 -333343.943261539 103.680507229835 140.00983240117 68.0857239208204 988352.143287518
158300 0.3166 -1.6416633492653 -0.00743404472596032 -0.00624669495015826 0.0397286442070889 -0.031307923735428 -0.0805907092993161 1.64310908720832 373.615565435991 -333349.086795633 103.681888682771 140.033051907487 68.0658041654311 988240.011910064
158400 0.3168 -1.62715269442656 -0.00739695044591143 0.0257340827340662 0.0484205051562891 -0.0311382400774019 -0.100288075926331 1.64878319292692 374.412699735419 -333355.270538237 103.693578971672 140.074889628788 68.0458844100417 988357.395753863
158500 0.317 -1.64062150971438 0.0190967677443213 -0.0260970242677281 0.055924439736935 -0.0410421476442493 -0.0748575012557365 1.64710206597801 372.85776184904 -333346.131887212 103.717951497488 140.071658893267 68.0259646546524 988277.508670313
158600 0.3172 -1.63679777310397 -0.00875395075353958 -0.0348421987641234 0.0395822184919489 -0.0547927755370957 -0.0846776320161679 1.62602348632333 373.415744430318 -333352.001371925 103.720782738618 140.097761034779 68.006044899263 988199.200272964
158700 0.3174 -1.62962882751384 0.0108156614572014 0.0300827482979219 0.0379990029377315 -0.030701490760015 -0.0959435851529864 1.66066581837847 375.15820758439 -333365.442675034 103.735582608045 140.140561295487 67.9861251438737 988352.561972494
158800 0.3176 -1.68562946696732 -0.00407466344566073 -0.0296883852310805 0.0621488574902089 -0.0629295851010865 -0.101925579196479 1.68518427884749 374.471417209902 -333363.324741988 103.749887004834 140.111068969896 67.9662053884843 987991.259388973
158900 0.3178 -1.65892172118856 0.0114356554761015 0.0102929848954142 0.0355226060165955 -0.0592351939106897 -0.0816952035744533 1.68003592619602 373.801279403828 -333360.90392602 103.75951256516 140.176842998711 67.9462856330949 988257.043041392
159000 0.318 -1.67104462977049 -0.0488187521429596 -0.0216828284692154 0.0332630204718363 -0.0393500885074276 -0.0786057208951175 1.64404224582478 374.368896035597 -333367.484852784 103.739602504715 140.227368326385 67.9263658777056 988133.773375123
159100 0.3182 -1.67489040959663 0.0091623822891198 -0.0148052906458881 0.0399823833465788 -0.0347570495184184 -0.0850223351401285 1.68117570512687 373.233829461544 -333360.808291734 103.753931654015 140.261313929527 67.9064461223162 988219.610948349
159200 0.3184 -1.6596070653015 -0.02124154383909 -0.0430091699290986 0.0520991270262813 -0.0401799069326145 -0.0580450239701233 1.63466999412406 373.71537477643 -333366.42307113 103.730933580504 140.313501117147 67.8865263669269 988078.239847414
159300 0.3186 -1.63136336069592 -0.0136785309451926 0.0348971474218925 0.0463982690043783 -0.019887324533887 -0.0667705943968055 1.64889775149438 374.742261428194 -333375.536908056 103.738139990796 140.400381844497 67.8666066115375 988468.605767478
159400 0.3188 -1.69968396184514 -0.0229461025204731 -0.0146603368317613 0.0195754402368533 -0.0418065794153618 -0.0448061028780421 1.68458519648709 374.917051518545 -333378.605278141 103.762932864676 140.352313908419 67.8466868561482 988076.249641657
159500 0.319 -1.66801234295095 0.0397009840230456 -0.00845804059841585 0.0271007275520773 -0.0349603259978322 -0.0233655130031655 1.68637782056508 373.713358835974 -333371.668221725 103.827914454606 140.358095931942 67.8267671007588 988445.471314922
159600 0.3192 -1.69056894479298 -0.0158613043184562 -0.00570632965681672 0.0159701154673151 -0.0275492931470844 -0.0361164811288737 1.68187711895936 375.60996186074 -333387.239485784 103.793910412249 140.392984737142 67.8068473453694 988077.099569888
159700 0.3194 -1.63413766452511 -0.0236014786780862 0.0130144401270432 0.0168019654297943 -0.00884743319902303 -0.0153494870019108 1.62970161785817 373.735223462983 -333374.855576191 103.79235684349 140.459137806045 67.7869275899801 988237.482579758
159800 0.3196 -1.65836249371705 0.0254489176819148 -0.0144962875816741 0.0148683011419247 -0.0767876150778065 -0.0284792587345369 1.67043159491378 375.104821883847 -333388.221613451 103.796599469091 140.481701197241 67.7670078345907 988146.174700751
159900 0.3198 -1.6399451151877 -0.0172522303626661 0.0316859302043961 0.0240941644619175 -0.0474111389426343 -0.0177803301349522 1.65056723642512 374.10963269522 -333384.175366229 103.763813596532 140.563405611147 67.7470880792014 988118.04097666
160000 0.32 -1.64667199413753 0.0121947048374152 0.0295981068541854 0.0404231569517689 -0.036660699922564 -0.0197894755763338 1.67066469199098 372.324668672592 -333372.386343194 103.771661561709 140.606241324163 67.727168323812 988203.272080073
160100 0.3202 -1.68164525746721 0.0111906520105714 -0.0130853929244367 0.0357619402394289 -0.0124851034324059 -0.0240556658013533 1.68262526721571 374.05569461001 -333388.579546079 103.776994353495 140.630302401976 67.7072485684227 988132.456640416
160200 0.3204 -1.6126126973871 -0.00273683504640062 0.0153533777817464 0.0156404079375193 -0.0517060388648995 -0.0183272266784371 1.6220088215185 373.540501957377 -333385.785121407 103.782634111474 140.710744350588 67.6873288130333 988460.514306133
160300 0.3206 -1.63690181599288 -0.0395135294822215 -0.0124049438807642 0.0140127146515448 -0.0394325339195983 -0.0376120411104376 1.61405854603158 375.325458971168 -333401.131293625 103.782031472381 140.744435335932 67.667409057644 988400.481838528
160400 0.3208 -1.60711758725902 0.000498564806415169 -0.0110418158324931 0.0204302754564386 -0.0389224388068388 -0.0216575522190954 1.60412423968623 372.819994851272 -333382.450369223 103.794262818463 140.796274238743 67.6474893022546 988589.956598163
160500 0.321 -1.61618734996745 0.011662824030752 0.00360236233495657 0.0312545719360079 -0.0366334102667159 -0.0261504236591749 1.6266062938128 372.679563328682 -333382.433136412 103.77051951561 140.862724498631 67.6275695468652 988539.10671065
160600 0.3212 -1.5595767373792 0.0187004681043288 -0.0119857801081215 0.0398074453085551 -0.0503640741732343 -0.0546411060010176 1.56996485518171 372.931105510198 -333384.606241704 103.753702917116 140.916405158456 67.6076497914759 988464.325910744
160700 0.3214 -1.58973974359796 -0.00459630915395363 0.00205298347954547 0.0447487133455147 -0.022996404443116 -0.0437127362912268 1.5926676549888 375.070686128207 -333401.896882461 103.753164553489 140.951951212689 67.5877300360865 988417.224268361
160800 0.3216 -1.66244645834125 0.00136955674737905 -0.0104903525192288 0.0394587313185435 -0.0533219786374677 -0.0440534351823285 1.66364493586861 373.097459962749 -333388.157993157 103.755294133754 140.980707029642 67.5678102806972 988347.788463747
160900 0.3218 -1.60278595316744 -0.0248009009099783 0.00119922713409425 0.0458999912867441 -0.0433539438649496 -0.0580563199321492 1.5980648844822 373.842905421046 -333395.728767939 103.746264169106 141.04142165065 67.5478905253078 988395.898879032
161000 0.322 -1.58463141397283 0.0347118528409106 -0.0132763986545542 0.0238072922752837 -0.0423693319006412 -0.0239163988690397 1.59864563330007 373.248206264641 -333392.823116041 103.758891526418 141.091856873191 67.5279707699185 988578.069454267
161100 0.3222 -1.64583453185354 -0.0145418360016303 -0.00315794430087811 0.0370918321187499 -0.0516364982280221 -0.0347990247801435 1.64182070402536 373.345505303522 -333395.543656359 103.725225702637 141.173623619779 67.5080510145291 988538.346339505
161200 0.3224 -1.59289648040374 0.062984628863675 0.0131351518248388 0.000706515807407589 -0.04277550601128 -0.0463811784499039 1.63518402066397 376.28133898587 -333416.503283609 103.725677832076 141.256087628435 67.4881312591397 988828.232601108
161300 0.3226 -1.61497500566733 -0.0354755242374103 0.00677168695463504 0.00714107009458245 -0.0431351244881599 -0.0721425369003739 1.60769444400731 373.93344253401 -333400.324168698 103.684017875977 141.29870412515 67.4682115037504 988437.457357153
161400 0.3228 -1.55663897164333 0.0424256304635285 0.0159197093960237 0.0198352823283363 -0.0460857063968013 -0.0582422534023984 1.59155708598815 373.735905007744 -333400.170831941 103.729831396018 141.333523411461 67.448291748361 988825.853444909
161500 0.323 -1.56944899192066 -0.0311260832517504 -0.0169050205939332 0.0231314896987098 -0.0486365955641789 -0.0883921931187761 1.5558462290905 373.840478516566 -333400.680221688 103.714630043302 141.347480288592 67.4283719929717 988486.557359808
161600 0.3232 -1.62125622888866 0.00447316086467521 0.006074933616237 0.0332682427012675 -0.0284602858922805 -0.0680114175247716 1.63255309674733 372.63366214638 -333393.082866705 103.737936584376 141.369197892207 67.4084522375823 988568.469924411
161700 0.3234 -1.60721156561654 0.0198442530160182 -0.0146381601537877 0.0417731204452156 -0.047389196374642 -0.0722643112998139 1.61865173629563 374.585632707127 -333406.975204766 103.750793856823 141.381355807082 67.388532482193 988483.830105545
161800 0.3236 -1.62055132461038 0.00674699090925293 0.00447518931156999 0.0374984645376309 -0.0251287071371967 -0.0692463710260412 1.63245398399418 371.998872686122 -333390.838487802 103.738658116809 141.448077484944 67.3686127268036 988542.349499116
161900 0.3238 -1.65128102526362 -0.0154433772247321 0.00634442911125733 0.0736016957091766 -0.0249035915515048 -0.0608434446473747 1.65568680698944 374.11626251286 -333406.121513749 103.73635378513 141.488321555289 67.3486929714143 988509.267962849
162000 0.324 -1.62620036874419 0.0163500165903821 0.000286736711145891 0.0527959385440947 -0.0518344040869864 -0.0693884876288199 1.64399269680115 373.986137023049 -333404.093760491 103.752994928454 141.513963837246 67.3287732160249 988554.549290977
162100 0.3242 -1.70682326332885 0.0136887342133897 -0.000232952297951488 0.0610150568727253 -0.0277264718949516 -0.0406115108074404 1.718960612123 373.246335769686 -333399.788831557 103.759977730587 141.534821564839 67.3088534606355 988474.259359605
162200 0.3244 -1.68076851719953 0.0095656401762249 -0.0138103667206423 0.062845106328784 -0.0314762361176755 -0.0619628960910215 1.68659471193693 374.105597686461 -333407.692731769 103.772934635405 141.562077735918 67.2889337052462 988495.446409334
162300 0.3246 -1.65241635382566 -0.00745621793445535 0.00156439661276647 0.0401936281353915 -0.0510641063494686 -0.0455980242755269 1.6552101144697 372.564763290411 -333399.938336621 103.782565937474 141.610094719165 67.2690139498568 988629.758789744
162400 0.3248 -1.68398240286699 0.0356466756485926 0.0193596070136367 0.0296760702792602 -0.0669277323425027 -0.0520854462627582 1.71860419297201 374.970068697801 -333419.815648854 103.78598904247 141.655124608062 67.2490941944675 988683.890410828
162500 0.325 -1.69472163744558 -0.00778450264425755 -0.00362502020503999 0.0239470928505762 -0.0450614776226139 -0.0425024754101965 1.6929330656487 374.384087061188 -333417.197862989 103.761089201262 141.686706579104 67.2291744390781 988374.212369947
162600 0.3252 -1.71246753165908 0.01498564528114 -0.00878496742312414 0.0518628664491303 -0.0572813000754094 -0.0326480254717625 1.72183253935479 372.303663499172 -333403.3941662 103.768015069101 141.733039629106 67.2092546836888 988470.448033365
162700 0.3254 -1.69956685266339 0.00966942589494098 0.0074741082445104 0.0440312571748136 -0.0464916777811147 -0.0493061467759936 1.71386555197659 374.608647964779 -333420.529838472 103.752184780268 141.797822644843 67.1893349282994 988478.335080603
162800 0.3256 -1.71131090427622 -0.00838729643410349 -0.0341512314219135 0.0526267475835396 -0.0648483734377104 -0.0395568866144845 1.69775071241408 375.237287052762 -333428.72228873 103.735919407227 141.841876851365 67.16941517291 988337.324249875
162900 0.3258 -1.6869410425677 0.0047868405221522 0.0357287651457744 0.0536081607541736 -0.0860734442363604 -0.0561120985874887 1.71916813334109 372.753024164015 -333411.190244606 103.75571655322 141.904365121063 67.1494954175207 988668.147904705
163000 0.326 -1.74425747413432 0.0262340154420882 -0.0167179585033341 0.0310695084583948 -0.0657217306145141 -0.0489634886238634 1.75598551609759 372.70192096261 -333412.128462422 103.772526936259 141.881288847555 67.1295756621313 988374.242897126
163100 0.3262 -1.66766957023484 0.00640658147512167 -0.0279866793693154 0.0503198636572428 -0.0393579564994714 -0.0456293770756492 1.66271658822788 373.34295411697 -333417.413748906 103.764383927356 141.951496661263 67.109655906742 988492.320838587
163200 0.3264 -1.65853170945856 -0.0121578478998158 0.035665934552952 0.0296747001832846 -0.0550673634931649 -0.0394200691720307 1.67570005197911 372.841863970498 -333415.017521473 103.72231946835 142.06194845049 67.0897361513526 988566.91342271
163300 0.3266 -1.70057552666236 -0.0047242465921367 -0.0604951817666629 0.043343374229874 -0.0475187882628259 -0.0477320531514304 1.6744216452843 375.032647252997 -333431.755052034 103.7238074399 142.056376123428 67.0698163959633 988248.808213605
163400 0.3268 -1.68806406320574 0.0167751731499628 -0.014710587459909 0.0384520424457058 -0.067157234383386 -0.0574204701239429 1.69754154798268 372.481207803301 -333416.831728282 103.728121121565 142.105951579038 67.0498966405739 988341.180561854
163500 0.327 -1.70170605794265 -0.0445594260211756 0.00671046961686656 0.0487694958750328 -0.0392047606867108 -0.040568411829376 1.68831546692058 375.371812852245 -333440.794036462 103.710821123753 142.15130080088 67.0299768851846 988198.022771986
163600 0.3272 -1.6930577409916 0.0273811269745865 -0.0214049064660471 0.0312420050644521 -0.0334146674120977 -0.0638548361029538 1.70201842417754 373.384643353766 -333429.276524491 103.754846401255 142.159554822751 67.0100571297952 988381.106009589
163700 0.3274 -1.72037521686364 0.0173291331172053 -0.0182552330017694 0.0349268885806159 -0.0283219630177671 -0.0536597220256567 1.72445693131696 374.244951489039 -333440.19386454 103.734488401613 142.228456848639 66.9901373744058 988372.232751472
163800 0.3276 -1.70885491162737 -0.00665566035024035 0.00490592344802527 0.0607559698756453 -0.0153131195494958 -0.0377483322539962 1.71270202569939 375.18901422572 -333450.780678426 103.695216690653 142.320108174129 66.9702176190165 988340.742758219
163900 0.3278 -1.68379829448172 0.0259463432769924 0.0160355606723 0.0439214514638805 -0.016557236528071 -0.0537135419876912 1.7092820669103 375.666585559135 -333457.115030347 103.701803846896 142.361729631843 66.9502978636271 988398.505829017
164000 0.328 -1.69845793695428 0.00440352155510773 0.0144056327681364 0.0419951619923394 -0.0431173214003977 -0.0814971988324031 1.71687590412148 373.112443211621 -333438.963460986 103.717015703896 142.398767198657 66.9303781082378 988506.478726457
164100 0.3282 -1.72876504198026 -0.0275958126335972 -0.0320147442403826 0.016883843825607 -0.0316023596261248 -0.057518770303218 1.70301364354981 373.593995769285 -333445.999344513 103.718276509418 142.383812609628 66.9104583528484 988120.51086627
164200 0.3284 -1.68389768041504 0.0395223657586311 0.00802898253562051 0.0506913367282923 -0.0185455837554542 -0.0587658487074122 1.71347398188097 373.431612462992 -333444.856174866 103.744159675812 142.431754394388 66.8905385974591 988405.546614882
164300 0.3286 -1.67648909829179 -0.0462411443150035 -0.0483358701125937 0.0368025759221196 -0.0114663060360851 -0.0632190499058478 1.63424157302244 372.061309362504 -333436.27659279 103.701708390324 142.494996450254 66.8706188420697 988145.434040185
164400 0.3288 -1.65036372840343 0.0132827496201747 0.0118346014229402 0.0423800302465168 -0.0193665615528077 -0.0638031682512178 1.66854380199396 372.803447904603 -333441.926682827 103.712543556252 142.571623038645 66.8506990866804 988485.56667838
164500 0.329 -1.73238742582031 -0.00987911620744352 -0.0385759811795457 0.0379198131754382 -0.0173713793967449 -0.0468404696813852 1.71179114331464 374.246548704823 -333456.168214654 103.692919999406 142.562802440251 66.830779331291 987942.921584553
164600 0.3292 -1.66260693816477 0.0426212257838592 0.0528664492466858 0.03702314485075 -0.0160718324337307 -0.0443495106501186 1.71352449289882 374.660805003569 -333461.256107826 103.702335747746 142.667453908373 66.8108595759016 988463.206989209
164700 0.3294 -1.70751378353597 -0.0273023673638705 -0.031217147943701 0.0318751624344626 -0.0408336385475897 -0.0441679070085536 1.68239434069433 374.095139425678 -333458.005224391 103.681019766519 142.691113391122 66.7909398205123 988129.218328823
164800 0.3296 -1.68768262248804 0.0347643305579775 0.014609331322034 0.0626093776862364 -0.0535293186930532 -0.0472125902845721 1.72033626523283 372.149618579009 -333444.641170999 103.701725235645 142.745586570208 66.7710200651229 988408.979365555
164900 0.3298 -1.67195576760075 -0.02190000245391 -0.0161515678644694 0.0318457072374133 -0.0451440997474452 -0.0493957770772262 1.65791391665641 374.435437731726 -333464.127709766 103.690533194112 142.771161487834 66.7511003097336 988184.481120976
165000 0.33 -1.65355620797162 0.0120552033756949 0.00696898630328419 0.0422592740143145 -0.0473759110523566 -0.0598287674638519 1.66992364970127 373.816628073221 -333460.351658585 103.707091797225 142.844544189936 66.7311805543442 988555.192035092
165100 0.3302 -1.63559684901549 -0.00747838340089455 -0.017232834260738 0.0461491892739554 -0.0822404987882644 -0.0434909110509238 1.63319858124688 374.430105078121 -333467.215625461 103.699344812385 142.874847019733 66.7112607989549 988395.90965485
165200 0.3304 -1.63421038993171 0.0245521281373178 0.006898737618718 0.0420747734678961 -0.0754726919320742 -0.0476777835020021 1.65883715461372 374.685525641517 -333470.2334395 103.705581808386 142.931931238853 66.6913410435655 988555.016859803
165300 0.3306 -1.64966321559286 -0.0324757884647675 -0.0100326463612331 0.0198898085172397 -0.0786824243116343 -0.0789183961688608 1.64028581692965 373.864883113125 -333467.924754547 103.693301543332 142.974920465011 66.6714212881761 988439.925899518
165400 0.3308 -1.61631979875168 0.0249309763685239 -0.00144856370753502 0.0220294727998557 -0.0901955264346259 -0.0774862789562885 1.64163897024638 372.262835539671 -333456.732015911 103.717786814224 143.010872999588 66.6515015327868 988626.474897518
165500 0.331 -1.63439088009202 -0.0110494280189499 -0.00311033180869494 0.0429818712636916 -0.107352851461992 -0.061921593236114 1.6431090780247 374.322058202731 -333472.355608155 103.70349599784 143.050654173399 66.6315817773974 988469.716997815
165600 0.3312 -1.6153575875794 -0.0135214956332534 0.00363765231268458 0.049102178722033 -0.0794463436125659 -0.0507567016440928 1.62097390756228 372.955972789196 -333464.43651941 103.711367261572 143.101034817288 66.6116620220081 988597.263345366
165700 0.3314 -1.68113516234683 0.0492126903769248 -0.00876541467677684 0.00993227223195691 -0.0968250630226854 -0.0596703090943274 1.71354770241508 373.818951636743 -333471.462455866 103.731164635651 143.096096939693 66.5917422666187 988456.17716851
165800 0.3316 -1.6499611403463 -0.0077340973426135 -0.00207460516231826 0.0373189960560838 -0.106500040389826 -0.0590783012563289 1.65979260661672 374.980501076565 -333483.177324517 103.723735626632 143.147886615073 66.5718225112294 988447.33955204
165900 0.3318 -1.63190216648055 -0.0158285027576513 0.0182999177076832 0.0308816284242532 -0.114009589182187 -0.0733620423094127 1.65106463505067 373.600221817242 -333472.058717179 103.71910749869 143.210836039772 66.55190275584 988542.004498913
166000 0.332 -1.62086875483554 0.025556243467051 0.000428068473535089 0.0154384430451507 -0.0958646982872017 -0.0768436557664056 1.64802155469577 374.992096621925 -333482.958140284 103.752240572293 143.230364308641 66.5319830004506 988696.618255552
166100 0.3322 -1.6147257793404 -0.0125565541532546 -0.00585760894355295 0.0273077660197024 -0.0832346017117707 -0.0876953597631625 1.61981990148695 375.286282568855 -333484.827396212 103.746149278621 143.254907846803 66.5120632450613 988511.931813498
166200 0.3324 -1.62646443405026 -0.00576280758530468 -0.00169833845377269 0.0167446892679979 -0.0914657947357596 -0.0631766007759413 1.63437772592521 373.779363215989 -333472.896323543 103.743125727438 143.302233539646 66.4921434896719 988513.538703499
166300 0.3326 -1.63535765761457 0.0286736540619599 0.015813985969215 0.0354200798318064 -0.0681951029180636 -0.0419511009705585 1.66456055279136 375.112045522396 -333484.882636248 103.739119540318 143.346484319123 66.4722237342826 988484.381024488
166400 0.3328 -1.64690933802433 -0.00909448417583678 -0.00959084862366054 0.042750557969751 -0.0573041324395898 -0.0413214593886034 1.64380086969834 373.424885260852 -333473.918213253 103.739123085639 143.378441127891 66.4523039788932 988408.496095462
166500 0.333 -1.6325436999272 -0.0202387717957724 -0.019416769862759 0.0563056819916437 -0.0529787918590929 -0.0342137163363181 1.61935053540683 373.376085621801 -333474.870656595 103.728092525574 143.418927139956 66.4323842235039 988286.130045316
166600 0.3332 -1.64506906735675 -0.00102812774456475 0.018734289999677 0.067133999096509 -0.107738914603806 -0.0616781071722612 1.67197724191761 374.792581556468 -333487.12290622 103.721767826001 143.508148318954 66.4124644681145 988544.143643855
166700 0.3334 -1.65572241340749 -0.0107899088158151 0.0238430513442667 0.0701416972427238 -0.0835584076489268 -0.0720680036995083 1.67787313450799 373.777575956806 -333481.467690634 103.718114519682 143.538756183974 66.3925447127251 988423.600581447
166800 0.3336 -1.66055926214166 0.0197287687123318 -0.0270593506060868 0.0386440887548295 -0.0853689492140295 -0.0708909759392777 1.66983823723416 372.463008852187 -333473.277367568 103.738779725745 143.551013889714 66.3726249573358 988408.321566115
166900 0.3338 -1.61920284519287 0.0219731311721165 -0.0137205671317861 0.0430766210060357 -0.0825386588889132 -0.10063876723283 1.64089675062389 373.394533091649 -333481.535542951 103.73476630893 143.607213826763 66.3527052019464 988460.281421413
167000 0.334 -1.65778182734847 -0.0384136915479116 -0.00486151162770416 0.0515314098301182 -0.109431446414817 -0.095458139618527 1.65802327828105 372.545612847994 -333475.94411201 103.707193026576 143.66652270805 66.3327854465571 988308.873092358
167100 0.3342 -1.61545406468088 0.00979164670999048 -0.00429725633430751 0.0333812214718065 -0.107981733713834 -0.106196260342079 1.64039026141732 373.101732472599 -333480.058483369 103.731787273385 143.704066099188 66.3128656911677 988504.643205546
167200 0.3344 -1.64660385501484 -0.00898921863811756 -0.0256294332830631 0.0399675031217845 -0.102570519396185 -0.0840167659717895 1.64691806843016 373.115508740834 -333481.853586097 103.706405041078 143.765201020895 66.2929459357784 988386.203061993
167300 0.3346 -1.67080975784741 0.0194873283797528 -0.0123191014682486 0.0365043561035232 -0.0854958337589675 -0.0889146780604299 1.68937779958485 373.837438715807 -333485.867031911 103.692552435783 143.851538932172 66.273026180389 988550.543574626
167400 0.3348 -1.69522245447129 -0.052113589223637 0.00603224867835367 0.0604953084199755 -0.101282339036214 -0.075473623414025 1.69043479920786 373.009536350566 -333480.435601515 103.670315619913 143.88407134549 66.2531064249996 988264.931661081
167500 0.335 -1.7096266750612 0.0328443485631447 -0.0185871200177628 0.0830842177908087 -0.084363482485609 -0.0832892194758292 1.73554154543701 373.363566550982 -333483.208360691 103.704749346397 143.894451732826 66.2331866696103 988367.24820298
167600 0.3352 -1.72904041722649 -0.0229350557564226 -0.0277184335046081 0.0771666570683119 -0.109329008714376 -0.0741949455704227 1.72420842240454 373.641275492871 -333486.845716439 103.681098638695 143.937446925338 66.2132669142209 988139.822292696
167700 0.3354 -1.68653862385537 0.0361881360875923 0.0345752540010652 0.0762233178424079 -0.106926695598396 -0.0707498158291188 1.74119444125122 373.278874217644 -333485.437902815 103.70005339621 144.012318929562 66.1933471588316 988537.083674656
167800 0.3356 -1.6934649767659 -0.0384683457333576 -0.0225154480163233 0.0643673952876428 -0.0977230207167972 -0.0858578498393384 1.68192267891572 374.103701033233 -333493.112638283 103.709028073623 143.998766483659 66.1734274034422 988232.119651305
167900 0.3358 -1.70012245688736 0.042665036561357 -0.0161885336956613 0.0519712923783601 -0.0906798228896384 -0.0727041744215525 1.72824533887171 372.784881182044 -333484.704589552 103.752764976376 144.018568425949 66.1535076480529 988487.190139085
168000 0.336 -1.6987778087967 -0.000495901142212099 -0.0255456381222336 0.0506746128239624 -0.0756884714570902 -0.0852846928565865 1.69969345232624 373.646699907014 -333491.096924093 103.705569798125 144.103627583891 66.1335878926635 988323.405429803
168100 0.3362 -1.68593242819861 -0.00215903646592272 0.017473731855644 0.0611197748533997 -0.0658186429334764 -0.0589604426592325 1.70386841525624 373.225335479188 -333487.924136116 103.680459474248 144.20735915862 66.1136681372742 988497.534449477
168200 0.3364 -1.68582680195521 0.0122932176028048 -0.0129683386671087 0.0769065181516841 -0.104198983080276 -0.026608689414659 1.70111515821428 372.416645158252 -333480.547047164 103.686838315953 144.237088684807 66.0937483818848 988464.24055085
168300 0.3366 -1.69103426638923 -0.0175909457968173 0.025064253870172 0.0561283435529357 -0.0646327653550961 -0.0487313611749963 1.70373726403853 374.469902633595 -333496.124815874 103.683995074131 144.258777270622 66.0738286264954 988287.818087816
168400 0.3368 -1.71245734697548 0.0282883091521608 0.00119180828269929 0.0491906174693523 -0.0681977661964821 -0.0767988068236143 1.73858208611905 373.575963215454 -333488.324214164 103.749477782187 144.246529505885 66.0539088711061 988529.912460659
168500 0.337 -1.738781174068 -0.0228585610242176 -0.0180141907124046 0.0580944576195195 -0.0765769151666234 -0.0734761283442972 1.73108048356503 372.949847910712 -333483.952732561 103.765289919737 144.229270065251 66.0339891157167 988264.154368057
168600 0.3372 -1.71473948793132 0.044592285595647 0.0192065220845118 0.0539673398434481 -0.0845273406772637 -0.043225653910922 1.75698837581059 372.951611666884 -333481.903632529 103.792113356572 144.282466702445 66.0140693603274 988585.915244196
168700 0.3374 -1.7693055832088 -0.0706212740769618 -0.0070259538433228 0.0532837305501765 -0.0604184948354906 -0.0513627352174875 1.73924816013905 374.0698185103 -333492.425832459 103.748670424672 144.310636267591 65.994149604938 988066.825970235
168800 0.3376 -1.72304851801449 0.00553775215082296 0.041934248972921 0.0611545090762309 -0.0727186017695714 -0.0820163740960825 1.76054348057762 373.137471494647 -333485.18894171 103.808693156274 144.321360872532 65.9742298495487 988413.499657192
168900 0.3378 -1.79092653257405 0.012818245099426 -0.059533306969994 0.0243827700937882 -0.0682007004671817 -0.0777868234538016 1.7782340033425 373.53286377106 -333488.433474776 103.811631699001 144.292350618089 65.9543100941593 987944.40836643
169000 0.338 -1.76546667552393 -0.00856251209095399 0.00379743796631172 0.0381792583388913 -0.0688430721635867 -0.0565193121794634 1.77108854283838 374.167780318475 -333494.282974956 103.773374317998 144.425514313161 65.9343903387699 988193.18891673
169100 0.3382 -1.7489265443658 -0.00415010308418868 0.0148531496149495 0.0394535848266538 -0.0537809001490441 -0.0727791868930139 1.76266835313556 373.487121262815 -333490.675437468 103.76317050445 144.481979238224 65.9144705833806 988183.695103733
169200 0.3384 -1.80845516791525 0.00297028186889218 -0.00216949633185563 0.0587942600578266 -0.0544449997180303 -0.0736419172453174 1.81865629445571 373.911586012172 -333496.068908043 103.786863718959 144.478148605755 65.8945508279912 988084.435334894
169300 0.3386 -1.82112135819353 0.0237738806391375 0.00913163589990395 0.0422694103444453 -0.0872912279417924 -0.0807583713510311 1.85057411583605 373.601884261446 -333494.414408682 103.819477770647 144.48725602951 65.8746310726019 988158.428660469
169400 0.3388 -1.79407268177308 0.0116119934968692 -0.044572112517481 0.0473140455141336 -0.0431987106336826 -0.0660746998840163 1.78538927448716 374.139458091292 -333500.112051876 103.816602069559 144.512198117145 65.8547113172125 988002.782146029
169500 0.339 -1.77755455820671 -0.0198883978957285 -0.0116492879607415 0.0378649814212229 -0.0737652943260862 -0.0524627512939829 1.76997798460145 372.388158589425 -333491.075860535 103.79807197349 144.600567994177 65.8347915618232 988131.514398536
169600 0.3392 -1.81096812202852 -0.0211704736269727 -0.00786897229134747 0.0407285304290993 -0.0720624923722457 -0.0717351700415637 1.80647524196384 372.92266899755 -333496.265411786 103.791306303937 144.643137046587 65.8148718064338 988058.935311835
169700 0.3394 -1.82982981819509 0.00134051293221156 0.0157213727376673 0.0416845144989784 -0.0790372267359831 -0.116632166929489 1.85593319586317 373.516327510929 -333500.386054798 103.813128533352 144.674066130532 65.7949520510444 988178.820924767
169800 0.3396 -1.82555889457022 -0.00912578462875366 -0.0102947551276175 0.0632950449747532 -0.059078239979288 -0.104338934908394 1.8309714897154 373.688126371339 -333503.003041797 103.806738478742 144.698426966346 65.7750322956551 987985.170536136
169900 0.3398 -1.81923232638082 -0.000561374124603229 -0.00172200460417313 0.0456505597166229 -0.0760848350968956 -0.0921315321324911 1.8315397510144 373.044914326757 -333498.292292744 103.823835501409 144.745294101382 65.7551125402657 988168.594302751
170000 0.34 -1.75967197393707 -0.0105200343020449 -0.0176786711286441 0.0363441317440833 -0.0740120970395129 -0.0919426343182312 1.75864112706293 375.92670819553 -333520.221255579 103.834082308844 144.747574301847 65.7351927848764 987982.300553951
170100 0.3402 -1.84003726627442 0.00336474434095682 0.0153472652290487 0.0638247948739337 -0.0706136791066973 -0.0952941245730077 1.86407772250313 372.456492576405 -333495.554382022 103.850136551792 144.768574585382 65.715273029487 987978.939242273
170200 0.3404 -1.80272136408764 -0.0486025689577532 -0.0288023149224357 0.0541270093533477 -0.0576470308614262 -0.0789798632595718 1.77469123837557 374.73703339164 -333513.254530798 103.854883054668 144.805049715985 65.6953532740977 987973.46504114
170300 0.3406 -1.84174096162261 -8.06408914943409e-05 0.0155059358324373 0.044537536833303 -0.0543330334029622 -0.0561174359934435 1.8560483210852 373.254747998606 -333501.40533045 103.88069812208 144.83950764731 65.6754335187083 988154.488478878
170400 0.3408 -1.86090661984506 -0.0162301066860556 -0.034867086556424 0.0441441182844179 -0.0504302196688096 -0.0665849338344149 1.84270886662059 373.256576850985 -333501.165233772 103.907813661032 144.790393057318 65.655513763319 987777.565138706
170500 0.341 -1.84955672146706 0.0229444541839972 -0.0223978315771671 0.0380192651391021 -0.0485356090208966 -0.0940377619137649 1.86046926980524 373.115381505301 -333501.781173336 103.937183517425 144.83284274036 65.6355940079296 988046.579775093
170600 0.3412 -1.86812212589552 -0.0182137234928344 0.0227855822570347 0.0269943531103503 -0.063798636096293 -0.0578741112464893 1.8772671951568 373.621427644405 -333506.420990386 103.906120494469 144.909807742536 65.6156742525402 987976.253405094
170700 0.3414 -1.90989802419705 -0.0123116647355983 -0.0323114035394343 0.039362386456418 -0.0215259402366947 -0.0836080155880581 1.89480657090454 372.521416459004 -333500.377465719 103.904336127954 144.935160168618 65.5957544971509 987832.154199147
170800 0.3416 -1.85341998012018 0.0148632931168076 0.0393223595018975 0.0556027946911716 -0.0376134375559418 -0.0679342913302946 1.88789343655678 374.603494867439 -333513.263531565 103.914773591448 145.008919297207 65.5758347417615 988133.991687057
170900 0.3418 -1.89728311835369 -0.00230725096277151 -0.00462939199693078 0.0348688916771413 -0.0339173512043152 -0.0871160786352708 1.9016847376843 374.744767340775 -333515.838718537 103.899458390068 145.031583072032 65.5559149863722 987842.608275824
171000 0.342 -1.90061805367983 -0.0219663534094935 0.0103934661424336 0.0233986779110296 -0.0195472401357802 -0.0801686025908834 1.90085296421648 372.208658749762 -333499.043849797 103.91789862683 145.065179339857 65.5359952309828 987946.516737733
171100 0.3422 -1.86354889619174 0.0128022894141511 -0.00425935840001996 0.0533437061768209 -0.0422005283767338 -0.0878437181672609 1.87776465289516 373.879710775306 -333510.077350758 103.968234872346 145.054686433572 65.5160754755935 988053.156432911
171200 0.3424 -1.9165299967544 0.00660364801010505 -0.0113625057335269 0.0556700201860938 -0.0369232281970824 -0.0741881726819018 1.92200769151839 374.021722244637 -333513.780029692 103.969153269058 145.070242657078 65.4961557202041 987867.401610587
171300 0.3426 -1.8999096811955 -0.0157619962864387 0.0115430177953649 0.0509425164437065 -0.0216637503931046 -0.0937852907206448 1.90729786815422 373.321277891238 -333508.601299539 103.952658803534 145.14847356239 65.4762359648147 987942.753197177
171400 0.3428 -1.84569067714693 -0.0294329037519335 0.00562944391486292 0.046124936383842 -0.0420985653729777 -0.0955409430160991 1.84466461488554 374.649518392751 -333517.722718869 103.958209299462 145.167019687285 65.4563162094254 987821.128412031
171500 0.343 -1.87194090582973 0.0060363622416071 -0.030059968141109 0.0169689319915464 -0.0284730008646511 -0.104117907180447 1.86979439019927 372.394803725455 -333502.111724029 103.986728012329 145.179090780241 65.436396454036 987873.5564408
171600 0.3432 -1.82008565356625 -0.0183872021977849 -0.00710493369129728 0.0336462473271325 -0.0269644568203661 -0.0998483544719876 1.81715667521735 373.621064462707 -333510.43571552 103.976060863635 145.239778072961 65.4164766986467 987884.306515295
171700 0.3434 -1.8307324858718 0.0322700828373548 -0.00637599772333854 0.0231653440572543 -0.0216850460087895 -0.110611399303046 1.85472359432044 373.51340555361 -333509.548820423 103.987672220181 145.275144396893 65.3965569432573 987934.282309769
171800 0.3436 -1.87369815758938 -0.0076701701320811 -0.0327526367600013 0.0210901026041363 -0.017735987832334 -0.0797464297297762 1.85936589933896 375.442374271312 -333526.179898556 103.968080961607 145.304580687003 65.376637187868 987647.369045677
171900 0.3438 -1.84169309009376 -0.00269832806815324 -0.0213221583528568 0.0390384735727945 -0.0322492978396571 -0.110470019386444 1.84182040110037 372.934533915527 -333509.953594619 103.963967812332 145.387572199842 65.3567174324786 987871.285533693
172000 0.344 -1.83982130697588 0.000212495590247756 0.0250862835599228 0.0317303705775199 0.00119989429600858 -0.112037406931909 1.86354329724909 374.599377676697 -333524.708296476 103.956277506165 145.463744494593 65.3367976770893 988014.5208185
172100 0.3442 -1.86239685382429 -0.0230900029943561 -0.0229743664255412 0.03450667298101 -0.0205090247297428 -0.0948936230034195 1.848001836255 374.696466801363 -333527.729428512 103.939102497591 145.486881150386 65.3168779216999 987707.187280788
172200 0.3444 -1.84396953855968 0.0134344815972386 0.0108595933276011 0.0303047711317545 -0.0395692579139845 -0.111801976688107 1.86818764535872 374.921894556328 -333531.982973761 103.961103118197 145.540406960326 65.2969581663105 987978.31941797
172300 0.3446 -1.85947839419015 -0.00353539511386105 -0.0151247705579925 0.0518985122373347 -0.0487757647259166 -0.111821533990369 1.86437101136209 373.806463114781 -333526.7506966 103.960814649881 145.550960482176 65.2770384109212 987745.801040203
172400 0.3448 -1.87327575314198 -0.0264887273308453 -0.0106300607076662 0.0605398420881258 -0.0451082308094259 -0.0949272011479544 1.86662647340906 374.031781558495 -333530.986350128 103.948691178882 145.609754202322 65.2571186555318 987728.052603729
172500 0.345 -1.86202671891812 -0.00640698069451156 0.0229885605151312 0.0457829343729489 -0.0512500440906189 -0.106413248403637 1.88331487750114 373.299844439197 -333525.923579144 103.945273068241 145.683830286154 65.2371989001425 987896.396309112
172600 0.3452 -1.87091045902462 -0.0473512421661696 -0.00381523065647441 0.0284895729471922 -0.0214667598495609 -0.0980177873728247 1.85453336160372 374.20748332318 -333535.217795683 103.958722875291 145.696531631608 65.2172791447531 987808.650473161
172700 0.3454 -1.8665681965124 0.0279562480579616 0.00373319412257492 0.0656032936982465 -0.00288315387357767 -0.0956185378834956 1.89322040136265 374.423335381016 -333538.184533439 103.991324318454 145.733351417311 65.1973593893638 988066.256108372
172800 0.3456 -1.88227109142483 -0.0126298377843719 0.000752214567176282 0.0467718260915034 -0.0395610212256061 -0.0837148808920831 1.88495085134112 374.524714231499 -333541.327019113 103.962221253705 145.787631278129 65.1774396339744 987855.73576366
172900 0.3458 -1.86516537618703 -0.0159840484372388 -0.00648191594703912 0.0331492322987989 -0.0560108903080371 -0.0748567209264701 1.86189470693267 373.98383439906 -333539.93981293 103.977065857964 145.803989233755 65.157519878585 987805.65845509
173000 0.346 -1.85075481705338 0.014636874032512 0.0202181643074302 0.0247630135356715 -0.0404539141464889 -0.0637903632790569 1.87325529863044 374.635669655504 -333544.880796698 104.008808450748 145.828008848486 65.1376001231957 987967.869296129
173100 0.3462 -1.86597613179901 -0.00813262677341885 -0.0635602843826259 0.0301969782048095 -0.0283468446860758 -0.0852921351022992 1.83811023851285 373.934650033775 -333541.855017709 104.000136286294 145.839355850889 65.1176803678063 987660.232444724
173200 0.3464 -1.82781428443966 -0.0153576969417988 0.0121308677654765 0.0253941971853077 -0.0393212016401772 -0.0760752229051036 1.83289708330996 374.093746870599 -333545.152101614 103.995600993864 145.933902185348 65.097760612417 987955.113461224
173300 0.3466 -1.86356412198727 0.0125474491145854 -0.00916380605334538 0.0260275561812042 -0.0531889944175774 -0.0764319629124314 1.87285298730766 372.904249071759 -333538.935481092 103.994873189242 145.957760636484 65.0778408570276 987807.357922845
173400 0.3468 -1.86167300368376 0.0297463051051978 0.00129326050499804 0.0200251523210098 -0.0378852614174573 -0.0945675546213387 1.88594748227295 373.695550429691 -333545.753149492 104.004825020641 146.011975694508 65.0579211016383 987966.335849092
173500 0.347 -1.86162499116031 -0.0254252392301848 -0.00596685292784373 0.0231632172691058 -0.0323644749535357 -0.0865322913340329 1.8533626563189 375.379905575605 -333559.145712165 103.980542240716 146.057660506954 65.0380013462489 987742.190290758
173600 0.3472 -1.89900400458157 0.00538503182146451 0.00175661739124455 0.0598931943317002 -0.0315901942316209 -0.0999933133085654 1.91404081673269 375.831449765858 -333563.137702359 103.990465474545 146.082081143472 65.0180815908596 987699.015057542
173700 0.3474 -1.86347801433333 0.0063424245866408 0.0113046074486905 0.0518897395104548 -0.0230750461877357 -0.0897196071138409 1.88131744269005 374.060874857873 -333548.25202718 104.015689640105 146.098784339753 64.9981618354702 987748.843775984
173800 0.3476 -1.88190587550469 0.00798574432740773 0.00285265876896098 0.0333005699498978 -0.0225400279020715 -0.0922131610778287 1.89535654998644 375.03470278027 -333556.030367711 104.035474538936 146.097083689717 64.9782420800808 987622.45827226
173900 0.3478 -1.89116959160461 0.00547673851503825 0.00134998610670292 0.0306193338368062 -0.0225495112161503 -0.0796801744372276 1.90074780142141 373.752301951457 -333548.637897971 104.048243361615 146.128272818094 64.9583223246915 987651.67235879
174000 0.348 -1.87767213872952 0.000214696697021219 -0.0396629060813955 0.0451511191903688 -0.0154726277301603 -0.0819078440231384 1.86550913335805 372.590418201018 -333540.239996767 104.043142819414 146.207857263576 64.9384025693021 987838.107854253
174100 0.3482 -1.8824603363864 -0.0446241440516837 0.0344833972679058 0.033762585961572 -0.0255111828797456 -0.0861867966256742 1.885986019354 374.00071699079 -333550.1560304 104.02806303881 146.282386406077 64.9184828139128 987895.27983977
174200 0.3484 -1.90061693013795 0.00136941383837599 -0.00818749465893076 0.0515224287336499 -0.0518754450596739 -0.0853128606090878 1.90718064106789 372.831841013803 -333540.757445132 104.081226928318 146.240478142195 64.8985630585234 987813.785090521
174300 0.3486 -1.90713872739844 0.041694325109096 0.0182770305333778 0.0326933908171308 -0.0201839607555015 -0.10146932596689 1.94632450046822 375.144785630026 -333557.775122448 104.110698764464 146.248299642318 64.8786433031341 987843.044873038
174400 0.3488 -1.94787064253914 -0.0436197983704157 -0.0637809546554033 0.0262052113253813 -0.0268918480571932 -0.0793619151338058 1.90034482275288 372.702594856007 -333541.722959605 104.075333271423 146.27903920958 64.8587235477447 987411.785837671
174500 0.349 -1.86684152195988 0.0184541414790895 0.0246936115676113 0.00916730500522116 -0.00735881356564332 -0.0701891937937043 1.89244182449541 373.549065695695 -333549.802755575 104.070862232269 146.394078554481 64.8388037923553 987842.386827494
174600 0.3492 -1.91704955049568 -0.02266776546177 -0.00594859158155155 0.0100303304901685 -0.0264411736384836 -0.081039724515356 1.90859527326538 374.738895942673 -333559.941096709 104.058690512025 146.421321058678 64.818884036966 987607.153367238
174700 0.3494 -1.91682101174838 0.0044495073459677 -0.0478094542895869 0.0102889315792664 -0.0108409766323932 -0.0880857555317612 1.90198719025875 373.677645273631 -333554.576688762 104.084440726976 146.427465179922 64.7989642815766 987589.403957882
174800 0.3496 -1.91852565768923 -0.00337386120319029 0.0360961056417093 0.0157997613621217 -0.040253023872745 -0.0781591603860729 1.94136334517871 375.461582536341 -333568.264864894 104.065116396462 146.502855697005 64.7790445261873 987610.736405523
174900 0.3498 -1.98145126318783 -0.0503807161711056 -0.0384642897417665 -0.00836252306743353 -0.0337297990941026 -0.108828049895059 1.94713647329265 372.455715074146 -333549.18371632 104.075634366123 146.49884214628 64.7591247707979 987379.780500137
175000 0.35 -1.9339596991425 0.0460252989978081 0.00752745205495883 -0.0156228195294901 -0.0558028407045729 -0.108605969529921 1.97257632959722 374.203308617375 -333565.078011205 104.102512220719 146.550781698192 64.7392050154086 987681.027566847
175100 0.3502 -1.90973404773227 -0.0419869131153705 -0.0284750842263177 -0.0034683930612444 -0.0338723204922868 -0.0801814555040404 1.88060200389095 372.841176146086 -333555.796168652 104.050623933602 146.626787977627 64.7192852600192 987396.815374277
175200 0.3504 -1.87639532889536 0.0295783750062745 0.0270686762143237 -0.0179052278287749 -0.0529971018967846 -0.100031258644836 1.91503662282155 373.552744431685 -333562.74508997 104.068925600589 146.726307322802 64.6993655046298 987936.612157851
175300 0.3506 -1.88860451778053 -0.0404985979628519 -0.0235979301521702 -0.0255539854161631 -0.0520409919744279 -0.0954367190911782 1.86666110013817 375.475075008512 -333579.471184212 104.0365160915 146.76412254731 64.6794457492405 987579.332089562
175400 0.3508 -1.88250244653103 0.0148701816423733 0.0165321424777052 -0.0202680039686552 -0.0384152961743645 -0.0993647485312632 1.90747441710254 373.529751627506 -333566.819960248 104.042579897157 146.835529080117 64.6595259938511 987813.100761658
175500 0.351 -1.90140239769805 -0.00704508868752437 -0.0195178161614872 -0.0239745864597659 -0.0207533308942349 -0.0991058772112756 1.89673396921905 373.899286549927 -333570.209350172 104.042559534651 146.859385553643 64.6396062384618 987669.0316842
175600 0.3512 -1.85535326151908 0.00334026691333253 0.0181856348138354 -0.011295354340658 -0.0311275469963551 -0.101043888740092 1.87522642281372 374.420245033324 -333575.554426255 104.048977814007 146.912078029871 64.6196864830724 987779.858566096
175700 0.3514 -1.86935001215713 -0.0154187066131254 -0.00704840227969296 0.0025022510653616 -0.0390798578619866 -0.0682282309849506 1.86311971732204 374.76682974813 -333578.710108062 104.032762114501 146.968561470879 64.5997667276831 987701.06581247
175800 0.3516 -1.84682131936957 -0.0104241810845876 0.0526117611640138 -0.0226168262428241 -0.0263474842010657 -0.0995986413048939 1.87762184791807 376.236818776886 -333590.42704898 104.015087246815 147.065166866785 64.5798469722937 987877.671317511
175900 0.3518 -1.91220386685817 -0.0135870987730223 -0.0219637223503143 -0.0253262677976331 -0.0299226973924389 -0.095855220330954 1.90291535141906 373.84114792004 -333576.247178651 104.020539176943 147.057724887662 64.5599272169044 987574.745290455
176000 0.352 -1.89003467165762 -0.00068143321600611 0.0144929494000945 -0.0145321018660543 -0.0287427398335235 -0.10351735424067 1.90625685560865 373.464990275735 -333573.316246252 104.050490320727 147.100341332429 64.540007461515 987840.489118673
176100 0.3522 -1.96825474901952 -0.00863423597513895 -0.0263837685628359 -0.0129691625632147 -0.0338213261976931 -0.0928574429050219 1.9584302415083 373.22645780011 -333572.811093317 104.049650045666 147.111301685186 64.5200877061256 987601.205144094
176200 0.3524 -1.94963043119703 0.0596260720495144 -0.00400806386538956 -0.0114288815407006 -0.0459975706441662 -0.0781463977505862 1.98453104375723 375.050689117848 -333588.579568239 104.04927131542 147.168432478927 64.5001679507363 987676.118114874
176300 0.3526 -1.96578695492111 -0.015584533316587 0.00652676050360373 0.00728508350143483 -0.020733886660711 -0.0921729235054306 1.96820637542793 374.759765352824 -333587.316457449 103.988976803665 147.279771461199 64.4802481953469 987545.483383545
176400 0.3528 -1.97173932570116 -0.0361769016278107 0.00889432703388349 0.0259696393065958 -0.0298702376100163 -0.0706608761460397 1.96350460345198 377.019764189723 -333604.657363636 104.002031889624 147.291304287869 64.4603284399576 987441.660143571
176500 0.353 -1.99687829024533 0.0378110927845757 -0.0369461526967665 -0.0148153579217459 -0.0154703031721213 -0.0962509595347108 2.00564477773282 372.019359999019 -333568.442535945 104.055013518131 147.250215325461 64.4404086845682 987363.877458894
176600 0.3532 -1.9914561057382 0.0127735326046946 -0.00535062735959912 0.0139983872329798 -0.0163045099702563 -0.0823774729546226 2.00067075493162 373.558811373347 -333579.924585243 104.060588138398 147.297233995395 64.4204889291789 987426.740929047
176700 0.3534 -2.00378584482504 -0.0137382381204203 -0.00879005712149311 -0.0201955739834592 -0.0253791033300048 -0.0968695912852448 2.00036699398656 376.103402839865 -333599.501347924 104.064902896222 147.314204529808 64.4005691737895 987276.077861965
176800 0.3536 -2.01407588911697 -0.000191109894681762 -0.000485868865877982 -0.00699049539654523 -0.0266188593236522 -0.0702780650760996 2.01797613753129 374.48790639691 -333588.206284664 104.057414123282 147.383288176602 64.3806494184001 987362.4893241
176900 0.3538 -2.00568222351044 -0.0285443045024588 -0.0122080949101068 0.00997940257121093 0.00662068792144445 -0.0683596851088092 1.98899209841522 372.911352069713 -333575.178264745 104.049070080797 147.446586555318 64.3607296630108 987401.733065724
177000 0.354 -2.04776788877233 0.00459977691666609 -0.00925943030017144 -0.00214129180915062 -0.00419552412348676 -0.0607797681618143 2.0481967745653 374.349738787104 -333585.348714114 104.085311669852 147.424829974388 64.3408099076214 987294.246073905
177100 0.3542 -2.05096301901447 0.0075120737830912 -0.00356123197896168 -0.00379208293136536 -0.00823611321048576 -0.0693822403889885 2.05653507820018 371.444115958609 -333563.114552134 104.107771415965 147.449312014117 64.3208901522321 987365.495873447
177200 0.3544 -2.08730877848322 0.0179148932766901 0.00753048130837856 -0.0138578847621651 -0.0135105303352049 -0.0719262314061859 2.1040097216387 373.33456659018 -333577.268756265 104.097467997475 147.479911530798 64.3009703968427 987166.847154755
177300 0.3546 -2.05824271553289 -0.00789304817825408 0.0265525433548569 -0.0227390808572043 -0.0238461113352289 -0.0840126963817272 2.07368687903241 372.915543206987 -333575.051018573 104.091822782356 147.550762265614 64.2810506414534 987281.587422209
177400 0.3548 -2.10663724475396 0.00185376577216502 0.00653109665844434 -0.0057346652858264 -0.0209266082011405 -0.076434118359469 2.11531493643833 373.625928813636 -333577.483110823 104.098323808402 147.581265079997 64.261130886064 987241.332465747
177500 0.355 -2.07489228763032 0.00497929223348904 -0.00514812013824339 -0.0200113982419979 -0.0108284941632842 -0.0603372544847308 2.07783048536439 373.771251944512 -333578.221370482 104.120645611377 147.606683956653 64.2412111306746 987316.95725312
177600 0.3552 -2.08208275043622 0.039247025458917 0.00717739089578466 0.00337650853292184 -0.0277573810494632 -0.0981807368433105 2.11288953785061 372.745760841426 -333568.885167171 104.118099409238 147.658781604425 64.2212913752853 987335.031826788
177700 0.3554 -2.123289329191 -0.0375446178211615 -0.0176807064069668 -0.00714683707254257 -0.0308763298335483 -0.0982516973227885 2.10336161591772 372.153203247989 -333565.724527088 104.085815637672 147.711253057459 64.2013716198959 987073.377635648
177800 0.3556 -2.09147887224995 0.017296854989333 -0.0161954331016086 -0.000150280255761494 -0.0251828784548309 -0.0670082403716662 2.09590123566609 374.074932343751 -333578.849148058 104.105710700417 147.763790916292 64.1814518645066 987306.769939451
177900 0.3558 -2.12185250244567 -0.00594759974492699 -0.0278544525064685 0.0161199393234484 -0.00279509423576151 -0.0953920504885936 2.11170134611551 373.7998922069 -333575.853955451 104.090753589401 147.808363464892 64.1615321091172 987156.221822708
178000 0.356 -2.10212875285783 0.0095580431999372 0.0568413710364692 -0.021918703319487 -0.0153318996232127 -0.0813142973076549 2.1408612640117 374.24737681476 -333579.87693386 104.067103595114 147.918624912216 64.1416123537279 987361.527700698
178100 0.3562 -2.13944329698267 -0.00407995534258627 0.00219375094029793 -0.00484344068416543 -0.0143292368185491 -0.0827104859506008 2.14346029445811 373.598653643103 -333575.384502977 104.087546843905 147.900539706641 64.1216925983385 987128.088121395
178200 0.3564 -2.09312042792881 0.0317090181278112 0.00631651893232199 0.00244965744270967 -0.0246994404790966 -0.0795523442142169 2.11717362060833 374.507048103043 -333579.036600906 104.126327255523 147.908987781166 64.1017728429491 987245.484517298
178300 0.3566 -2.13089140050709 -0.0178189605456277 -0.00430336580481306 -0.00506801872229554 0.0100483687240816 -0.0706249877549757 2.12347848325617 373.636164731181 -333571.888869222 104.095301534473 147.952661110026 64.0818530875598 986935.953627804
178400 0.3568 -2.14944051199254 -0.0146186232107508 -0.00359121238601052 -0.00129708398404131 -0.00501974450144875 -0.0778073195536863 2.14461423951492 374.178317336065 -333576.226177829 104.080735092495 148.013599120877 64.0619333321704 986897.414350171
178500 0.357 -2.16962387325518 -0.000932196542638258 -0.00844653685462834 -0.00183448710828356 0.00503855824675052 -0.0631631709247524 2.16772663921959 371.901551396643 -333558.90446103 104.087755443247 148.060664166983 64.0420135767811 986970.82489336
178600 0.3572 -2.18589474710041 -0.0236424756071347 0.00694624616466927 -0.0108689962369299 0.0253092631170552 -0.0934895550469072 2.1842408431662 373.54064493558 -333570.525117259 104.087882580436 148.08730861383 64.0220938213917 986842.597249927
178700 0.3574 -2.18159569296009 -0.00342148693392653 0.0135451705282002 -0.027606734079933 0.01797040320271 -0.0622436919067174 2.1901061864507 371.240968368085 -333550.995018362 104.119447440909 148.108563181238 64.0021740660024 986976.358852803
178800 0.3576 -2.23387132516553 -0.021389433941675 -0.0463602563133229 -0.0259469965821496 0.0148123666001831 -0.0634990534556344 2.20345785449467 374.779392401454 -333578.514198662 104.122994295377 148.084027626911 63.982254310613 986539.331346012
178900 0.3578 -2.21669586981296 -0.0118383852778028 -0.000928550912961675 -0.00640817363262607 -0.00878736791180363 -0.0707093521696574 2.21380316798401 373.609271514015 -333569.463766258 104.1324692411 148.150865372506 63.9623345552236 986767.110915039
179000 0.358 -2.18600191740657 0.0160516838952137 0.019267471183767 -0.0204266847083547 0.0107022998690791 -0.0492654707385225 2.20567639650677 374.470735338764 -333576.918512235 104.118999648516 148.218788461194 63.9424147998343 986784.409575028
179100 0.3582 -2.22399596558016 -0.0194246173335625 -0.00795599055665349 -0.0179561785636706 0.0108793885142801 -0.0484727460937903 2.21222081686636 374.160754016783 -333577.436372287 104.090017583729 148.2947006087 63.9224950444449 986707.505273269
179200 0.3584 -2.1509042220224 0.0190832306994585 0.0178737955577144 -0.029580338236594 -0.00993121677367722 -0.0422379836867542 2.17128891832694 375.414329144235 -333587.316128133 104.103333346332 148.354868376357 63.9025752890556 986926.473973787
179300 0.3586 -2.19620329869408 -0.023789442011755 -0.0025351654197419 -0.0200789036421737 -0.0116420545545274 -0.0361550920137596 2.18438651923459 374.10818680533 -333579.78518487 104.115578495335 148.369460711095 63.8826555336662 986831.935790663
179400 0.3588 -2.19260894017577 0.000433984727695072 -0.00435709986523867 0.00146050994284143 -0.00429315714227488 -0.0493793559539159 2.19233433263211 374.394173534394 -333581.388688778 104.150015622604 148.387454592477 63.8627357782769 986970.208134162
179500 0.359 -2.19071620659957 -0.00663431768696241 -0.0499459890179172 -0.00718193390233592 -0.00950791924343716 -0.0134497916045613 2.16297526435427 374.341503745217 -333581.569507988 104.148026764186 148.418163024351 63.8428160228875 986847.699304309
179600 0.3592 -2.15894165585707 0.00616337594561214 -0.00544744306177437 0.024069332576024 -0.0280603188608401 -0.00519421129624942 2.16029096408047 374.619012732569 -333585.50269899 104.111988246021 148.539321497884 63.8228962674982 987003.481647884
179700 0.3594 -2.19209954333252 -0.026957515173106 -0.0123109011812337 -0.0183513726065334 -0.00387294283730292 -0.0143460597968727 2.17288731205995 373.006660984052 -333574.39317311 104.094886009471 148.608496463189 63.8029765121088 986992.775870376
179800 0.3596 -2.24227128826066 0.0237532058255203 0.029335126183306 0.00216975049508893 0.0154877761475546 -0.0235176430427911 2.26934790404043 374.51021065944 -333585.838667246 104.096326691997 148.625033001098 63.7830567567194 986808.081016591
179900 0.3598 -2.20239675286589 -0.0248061901424916 -0.0294500957989037 -0.000306298557993529 0.0251463180194329 -0.0199771586572475 2.17598351408747 373.11350345223 -333575.613460155 104.103359129723 148.647588466741 63.7631370013301 986716.263306443
180000 0.36 -2.17893195261898 0.0150556513695292 0.0251556918097932 0.00787343783313358 -0.00555550230408721 -0.0215468326754375 2.19943500533214 373.644110801794 -333577.145323807 104.131177579627 148.704347334655 63.7432172459407 987048.344136328
180100 0.3602 -2.27863069285991 0.0061266731529041 -0.0344721914503483 0.0252464638140299 -0.00195366487214275 -0.0374285399156118 2.26608301335766 374.874342986143 -333587.039532195 104.112332830724 148.686895160845 63.7232974905514 986445.535608544
180200 0.3604 -2.26029953711956 0.0104149444234951 0.0396088848945452 0.00977989620584825 0.014653876615357 -0.0282008798114827 2.28617686597645 372.482109584395 -333569.284849863 104.111928693851 148.777285157647 63.703377735162 986732.838994538
180300 0.3606 -2.27365880492814 -0.0215799890095219 -0.0170993250610731 0.0247139848914942 -0.0142152650501315 -0.0150996404104455 2.25501495331382 373.412011868686 -333573.950526696 104.11765419955 148.779015424028 63.6834579797727 986490.011970785
180400 0.3608 -2.27923651868651 0.0193800446989516 0.0297221343649633 0.0150949697604004 -0.00895687409154821 0.00314153249818137 2.30401202724529 372.546496289438 -333567.400185421 104.142236595709 148.819737474334 63.6635382243833 986684.273833647
180500 0.361 -2.33299642863111 0.00148935008273019 -0.042304942411979 0.012123336499244 0.008243115008421 0.0288814304509265 2.31357987150389 373.836810530485 -333576.214842477 104.144848346536 148.81443946023 63.6436184689939 986365.170039744
180600 0.3612 -2.32553155531878 0.0254309671104005 0.00380076400567519 0.0104986458916602 0.000100416441134707 0.0023774494553564 2.34029666975065 373.082032361802 -333569.273691955 104.15619281583 148.873895981077 63.6236987136046 986557.866005773
180700 0.3614 -2.34410381632289 -0.0296239225336516 -0.0279206905521975 0.00116993737511701 0.00459440480883873 0.00112045569404132 2.31534735495979 373.822670016552 -333575.270503767 104.119469680354 148.936398185729 63.6037789582152 986315.172355432
180800 0.3616 -2.34240674490406 0.0245268956059332 0.0304310368654636 -0.0129388698260769 0.016102353222196 0.0116611228461288 2.37024734443064 374.300588538824 -333576.389145252 104.118122928934 149.041938320931 63.5838592028259 986692.219664738
180900 0.3618 -2.40219045840075 -0.0288322695142156 -0.013260062167811 0.0211725114066048 -0.0150333527237352 -0.00166164723912474 2.38160893646203 374.357362710338 -333576.64653865 104.095391795271 149.0749767404 63.5639394474365 986386.363530398
181000 0.362 -2.35861641765239 0.031815654838115 -0.0199713954454086 0.0214130672051633 -0.0176046817444522 0.0111307718875647 2.36552974635254 373.883254695288 -333572.652248197 104.115388626548 149.093055171597 63.5440196920472 986386.280133167
181100 0.3622 -2.39927415964554 -0.0198813741961514 -0.0413259750179151 0.0278962922416978 -0.00900965397631402 0.0149337703885448 2.36942861325716 373.558124422835 -333569.902298369 104.088364043192 149.144105111265 63.5240999366578 986158.666555102
181200 0.3624 -2.33680678905226 0.0188421062490264 -0.0110157111408426 0.00399165706988565 -0.00267513057943163 0.0131384168151667 2.34098820919318 373.261465166694 -333567.831897121 104.111351039682 149.216844097323 63.5041801812685 986548.059355048
181300 0.3626 -2.36408195374366 -0.0111694416344586 0.0194926032646609 0.0220751849087416 -0.017537744906884 0.00614162150300475 2.36891966455745 374.813295614591 -333576.526848239 104.122632257104 149.241973620872 63.4842604258791 986511.578582512
181400 0.3628 -2.37121160917809 -0.0019240842004827 0.0123626933540374 0.00528126886105017 -0.0109962724970696 0.036400394776039 2.37739318740251 374.704382635367 -333575.574654603 104.159326728088 149.226007695298 63.4643406704897 986444.04827255
181500 0.363 -2.3762670046009 0.0125363074668392 0.0236420446453938 -0.00242293549559156 -0.0119530350972766 0.00640189006224476 2.39449435423883 373.390689077287 -333566.12777701 104.186945295886 149.24728484592 63.4444209151004 986536.55398641
181600 0.3632 -2.38060266612877 0.00238440255505361 -0.0188027349233234 0.0139159219683753 -0.00708316376581167 0.0217550321360599 2.37291780435494 372.797818771675 -333558.770336416 104.184687533025 149.281733394265 63.424501159711 986433.068797785
181700 0.3634 -2.36878122738673 -0.00273738776332993 -0.0352082848753969 0.0637411887000808 0.00510868427621379 0.00809889027445032 2.35262707064823 372.499180403164 -333556.706430096 104.176032540755 149.328278286222 63.4045814043217 986348.778729764
181800 0.3636 -2.33335304766729 -0.0204540088812819 0.0382672572050522 0.0378343585386472 0.00272708749567758 0.0332945771219109 2.34444209232587 373.756540849458 -333566.093838548 104.186865499338 149.378161369098 63.3846616489323 986470.854134384
181900 0.3638 -2.35504573461094 0.00608053160566784 -0.0432864279259049 0.0444589082752863 0.00193280149165906 0.0365247038602421 2.33896042497394 372.891987132875 -333558.321290997 104.22457459676 149.35011366935 63.364741893543 986332.534809762
182000 0.364 -2.37781618713457 0.0201754992604423 -0.00114485441714682 0.0552767242092433 -0.00995754194877956 0.0228134045940317 2.38971086442714 374.380127346721 -333569.993208597 104.246851938757 149.390202875202 63.3448221381536 986497.949904839
182100 0.3642 -2.37445318423115 -0.00163552569220043 -0.00721349849247767 0.0412017823244519 0.0261893520792449 0.0372127479470826 2.37241733575944 373.347080839282 -333561.772518984 104.242395627716 149.463560788611 63.3249023827643 986629.819008313
182200 0.3644 -2.37522136215314 -0.0201613933560012 -0.00269998350550261 0.0273937824626305 0.00494002470373807 0.0239686884125183 2.3646951153077 373.432442555519 -333561.412979206 104.215485557984 149.543159784986 63.3049826273749 986589.986278984
182300 0.3646 -2.38763459599914 -0.012930776243341 0.0425901526843304 0.0100841132153741 0.0189984362381964 0.0138547075058375 2.4033539721875 372.699173510833 -333556.001250663 104.226723257346 149.582147915912 63.2850628719855 986643.05999597
182400 0.3648 -2.3792065685933 0.0167991774015002 -0.0136793473998205 0.0457262644354543 0.016484705429043 0.00759981222278976 2.38243718416984 375.066945103153 -333572.902902674 104.257878248259 149.563914892411 63.2651431165962 986507.069040509
182500 0.365 -2.3487039862446 0.00818124402360543 0.00608001058072398 0.057686188783586 0.0116860160777247 0.0204072571081606 2.35830493877361 373.983378139213 -333566.151067657 104.252698338954 149.62868978744 63.2452233612068 986574.55048003
182600 0.3652 -2.34830808931626 -0.0419785430793365 0.00575477578933283 0.0520954898519365 -0.00399048397292413 0.0340474048426927 2.33306461089866 374.774910529491 -333572.028671343 104.253829759772 149.665336960087 63.2253036058175 986516.081047363
182700 0.3654 -2.35783304906666 0.0384787039523961 -0.0176160232215367 0.0229191285531379 -0.0258033438234492 0.0221617809883188 2.36982761244204 373.594336544286 -333564.276110793 104.318419836126 149.626888728927 63.2053838504281 986562.761406011
182800 0.3656 -2.37719786973388 -0.0143130434093954 0.00767805997733792 0.0378754499828948 -0.0226301383754655 0.00956265577048661 2.37524422057782 375.660197812453 -333579.491657175 104.329406137268 149.622999350011 63.1854640950387 986330.065113195
182900 0.3658 -2.35960187250964 0.017057468501708 -0.0186773726210962 0.0339451773334351 -0.00797548418853206 0.0285896794502756 2.36028744386832 374.857298336528 -333575.009892188 104.341372535068 149.664683050244 63.1655443396494 986406.938888807
183000 0.366 -2.39663657596774 -0.0165892468290691 0.00173417057163768 0.0536183765612129 -0.00450529929612357 0.0169723586038684 2.39125939708781 375.437355861162 -333578.892420324 104.315952248219 149.746629231521 63.14562458426 986395.41625721
183100 0.3662 -2.40221013573776 0.000576002736247912 0.0183813465716614 0.0365813039559612 -0.0133249260856525 0.0117018933224955 2.41276578435524 373.977519148316 -333569.519294815 104.319590665949 149.792193466743 63.1257048288707 986418.695744362
183200 0.3664 -2.45621452916501 0.0182870941013229 -0.0306689140089235 0.0495799605747766 -0.0306708672603554 0.0134294970863815 2.45258046365122 373.850499191715 -333568.458465159 104.345599990726 149.76436577043 63.1057850734813 986170.044088387
183300 0.3666 -2.43296281113149 0.0118228850689574 -0.014234879510054 0.0537411640303744 -0.0304646327290711 0.0179646104065154 2.43441312407746 373.360907914942 -333566.540544532 104.348023783748 149.82964586473 63.085865318092 986311.384449005
183400 0.3668 -2.45656938531653 -0.0144103857982275 -0.0091366346366069 0.0589586468203031 -0.0532692351969793 0.0373456444230287 2.44952506051118 373.707901010875 -333569.29532299 104.326047784314 149.887196589131 63.0659455627026 986170.946437156
183500 0.367 -2.46983898013512 0.0224866672662328 0.0264217957160773 0.0411726867752934 -0.00631174669904774 0.0461452722055085 2.49661840952531 374.464312080329 -333572.444931068 104.345217760868 149.940497212081 63.0460258073133 986391.251630883
183600 0.3672 -2.53367411019103 -0.00865074143163565 -0.0374736149249683 0.0324835384172264 -0.0409027295559171 0.0349647339401818 2.51309521908944 373.027406548201 -333560.262401684 104.34003332127 149.933878985259 63.0261060519239 985987.079388174
183700 0.3674 -2.53898974072688 0.0252122952151594 0.0133920337642403 0.0474214533109226 -0.0598144931725275 0.0274738132685902 2.56216829969493 374.868826851344 -333573.359736688 104.349920540302 149.984504140816 63.0061862965346 986101.699559941
183800 0.3676 -2.54704172540173 -0.0224057071178956 -0.0158876657059642 0.0524801861808317 -0.0151540293289293 0.0388898285773929 2.53056789905683 374.310943334464 -333568.644139297 104.347246071508 150.016654228542 62.9862665411452 985975.977059527
183900 0.3678 -2.54770345230957 0.0312729683616846 -0.0215725931914553 0.0713143846814618 -0.0368691217907088 0.0479145462041849 2.55809444833409 373.386270386631 -333561.917764573 104.371795924324 150.0341816832 62.9663467857558 986011.243492926
184000 0.368 -2.56194966796671 -0.00936913562122386 -0.0132232217063221 0.0572477288979414 -0.0232886889778356 0.0468876007970866 2.55419237740587 373.329468406665 -333560.871463398 104.355302189051 150.089782037507 62.9464270303665 985908.771827959
184100 0.3682 -2.54549632794191 0.00793423923778624 0.020862495799785 0.0588988952716412 -0.0553314052541119 0.0450008770424195 2.56492755771576 374.141632877658 -333565.73502832 104.363825969155 150.149422396127 62.9265072749771 986068.952502345
184200 0.3684 -2.55508383923335 -0.00449437388683866 -0.00535587994450716 0.038160394670265 -0.03546619896848 0.0501026450461534 2.55322992320475 372.477823404919 -333552.914826313 104.372368852427 150.172706513065 62.9065875195878 985990.374179467
184300 0.3686 -2.55188948370956 -0.000324575233707085 0.0107160571461737 0.0426760578172954 -0.0299499275887918 0.0314389265221641 2.55927650292019 373.514680257692 -333560.283883432 104.393272002104 150.206975728354 62.8866677641984 986100.536257805
184400 0.3688 -2.59034541930781 -0.000151075764349899 -0.0145275726472754 0.0334255428990317 -0.0409874658938302 0.0580977197483341 2.58661811117072 374.979791829162 -333571.408255114 104.393986876844 150.229682577464 62.866748008809 985943.956184856
184500 0.369 -2.55112245729546 -0.0130198895319621 0.0172731728679361 0.0226744354094027 -0.018785682183878 0.0669559003507572 2.55652490443256 373.472410855697 -333560.260170699 104.378383205913 150.324047049692 62.8468282534197 986103.248550243
184600 0.3692 -2.58512949238877 -0.00169470757472159 -0.0191365843638686 0.0558004733739246 -0.0114738219473194 0.0837543072086284 2.58072856601156 372.974424724716 -333556.62960883 104.397007652058 150.328331579815 62.8269084980303 985994.694625221
184700 0.3694 -2.54517398970308 0.0562176268638183 0.00852941678005472 0.0376000844223399 -0.0377413764029702 0.0631604228846569 2.58184799102998 374.535049942506 -333564.138192049 104.436331269893 150.342764680809 62.806988742641 986148.029520512
184800 0.3696 -2.54307532124755 -0.0230530781636264 -0.038322613415952 0.0537948459325291 -0.0286175340720543 0.0492862625511803 2.51608657422827 373.438786547749 -333554.600367741 104.410370724455 150.397566234411 62.7870689872516 985949.466063825
184900 0.3698 -2.5726258709156 -0.00737536650148269 0.0134499180759765 0.0276664876301239 -0.00666209708820858 0.0743329868560282 2.5794130238627 373.277002833712 -333552.594953113 104.423085202859 150.484314574482 62.7671492318623 986325.267910951
185000 0.37 -2.53931962552315 -0.0186975723416031 -0.0304208933729784 0.0489776458657708 -0.00665421144789425 0.0846744627326269 2.52050817665878 373.046483717835 -333550.014400257 104.439599564732 150.498144086751 62.7472294764729 986258.813460052
185100 0.3702 -2.59542311913829 -0.0027660611254714 -0.000299581021629913 0.0484197572510124 -0.0203881185190982 0.0881873289363233 2.5999774808254 372.859830879378 -333547.545579012 104.442781510914 150.539463791904 62.7273097210836 986246.456613517
185200 0.3704 -2.57706074167963 -0.0101530461832017 0.0183384596320908 0.0348206939850986 -0.0218928447498727 0.0966692730835937 2.58767697478917 372.384880238156 -333542.739866057 104.453996927072 150.574102873652 62.7073899656942 986266.023179256
185300 0.3706 -2.55598460184368 -0.0322189017608514 -0.0452710261933133 0.0306379408393674 -0.0261577779820287 0.0845847299208267 2.5224899664462 374.454902810599 -333556.931003914 104.484335454685 150.546811258964 62.6874702103048 986060.336402191
185400 0.3708 -2.55117133928969 0.0411639601076513 0.0260442370907747 0.0163064492348087 -0.0575039239180818 0.106118762664231 2.59340257169185 374.053800084295 -333552.731317869 104.520425217323 150.569415781103 62.6675504549155 986235.5487167
185500 0.371 -2.62368816555242 -0.0168507096482206 -0.0439723210711948 -0.00202538899545224 -0.0478200034371219 0.119793256805808 2.60299045497784 374.057903977252 -333553.586446735 104.504724288991 150.583581547001 62.6476306995261 985866.698891419
185600 0.3712 -2.55417747076333 -0.00433148357029427 0.01428746396933 0.00583574627948204 -0.0151459464589585 0.0972981601152226 2.56490308492413 374.556495512052 -333556.984240841 104.52197454473 150.657820004839 62.6277109441368 986201.872703372
185700 0.3714 -2.6122608166054 0.0156348869219363 -0.0241857882012085 0.0317292809069542 -0.0232494600931924 0.125019354043063 2.61807339552533 375.733965856972 -333566.420065899 104.550094022912 150.641149021117 62.6077911887474 986044.305684584
185800 0.3716 -2.57150118864907 -0.00133813147482389 -0.0194717456663677 0.0357850214962071 -0.00534337030831583 0.118961076220342 2.57018349426932 373.792041233751 -333554.020744209 104.556084661352 150.695583194948 62.5878714333581 986143.274283509
185900 0.3718 -2.56255664437171 -0.0254116141717775 -0.000526165720600989 0.0046663095621183 -0.00987360116691034 0.132774727886758 2.56009909068107 374.006132705448 -333556.161129584 104.536721059582 150.78080138659 62.5679516779687 986204.224201618
186000 0.372 -2.58727526372694 -0.0492391416567081 -0.0205631571212631 -0.0051465619190276 -0.010864770021318 0.108744933030862 2.55951954983167 374.24658339221 -333559.754775766 104.526158686863 150.793307540714 62.5480319225793 985872.396285362
186100 0.3722 -2.55454545289831 0.0504297148889585 0.00886378858690023 -0.0119803832593765 -0.0118932656413947 0.106695270664493 2.59120661576286 372.659166360265 -333548.406557607 104.56397614224 150.83546404651 62.52811216719 986190.625357844
186200 0.3724 -2.55614360962491 -0.0336696868605015 -0.0417013418757678 -0.0424256235369969 -0.00929278807651099 0.130431766290856 2.52969874955054 374.824387599472 -333565.756458326 104.547127085331 150.841573732424 62.5081924118006 985757.518441957
186300 0.3726 -2.5061326102065 0.0449751069775604 0.0344758637359234 -0.0377961296218049 -0.0186266085341133 0.143278196717929 2.55898193373267 375.130890369913 -333567.936339193 104.591049004648 150.914002435639 62.4882726564113 986330.756646704
186400 0.3728 -2.5783567615839 -0.0282664332477601 -0.0106687726313479 -0.0437253023875518 -0.00610133065179641 0.140264674717887 2.57157848534843 374.832792844769 -333567.446310307 104.572233139479 150.933382616011 62.4683529010219 985965.554600132
186500 0.373 -2.50420695864483 0.0427253823573566 0.000986452869704978 -0.0394819970320864 -0.0136523864873297 0.15421454443092 2.5414331159541 373.693707228905 -333558.155267981 104.627800720617 150.972818144243 62.4484331456326 986432.573033151
186600 0.3732 -2.52518951890789 0.0033618979322982 -0.0315345331646378 -0.0384190133480402 -0.0359017101110673 0.163072113589572 2.52875957952379 375.340538269778 -333572.995364088 104.620007107748 150.983498456948 62.4285133902432 986114.222648537
186700 0.3734 -2.5271145709699 -0.0140482628188918 0.0474318162817868 -0.0148043048261585 -0.0432922657711543 0.175909997424392 2.56376651226917 376.12871108561 -333578.665457564 104.596823992736 151.080636763967 62.4085936348538 986215.219177685
186800 0.3736 -2.49739374682567 0.0322953519343 -0.00987697255039526 -0.0369648555707581 -0.0289194444092668 0.178518542289665 2.52915744588584 374.641852953118 -333568.763407146 104.628151001949 151.089358268817 62.3886738794645 986252.646383586
186900 0.3738 -2.4551904172973 -0.00570636395058928 -0.00541713363845737 -0.0534175669769976 -0.031494222896336 0.191461871103996 2.47430588007304 375.006867021973 -333574.107835506 104.632275946274 151.133388497738 62.3687541240751 986263.953098889
187000 0.374 -2.38526544863261 0.000445935718221304 0.00405194702333742 0.0147928181872758 -0.0269769000840747 0.201813171153266 2.4135575661124 375.853311831551 -333582.274074395 104.647276230705 151.181420287129 62.3488343686858 986403.690900002
187100 0.3742 -2.3918554546282 -0.0155039309501758 -0.00607740714350742 -0.0177940834588606 -0.0317323294723787 0.207024783324631 2.40875167894086 374.348760643253 -333574.039321032 104.659057263461 151.22856706261 62.3289146132964 986507.110188471
187200 0.3744 -2.37871890285694 0.0149226926905002 0.00689043241975648 -0.0262842369397105 -0.0307507251838214 0.224562202494021 2.42209665493535 373.756421044023 -333572.283431959 104.68179319743 151.276068757386 62.3089948579071 986715.905279124
187300 0.3746 -2.43122963809164 -0.00626713401796756 -0.0426491181464845 0.0303872855632662 -0.0219855928890259 0.232351246588193 2.44125447531099 373.112960763021 -333570.808716982 104.677783531923 151.299078119946 62.2890751025177 986512.704095514
187400 0.3748 -2.32679623663376 0.0241918581047833 0.0598968778384304 0.0196487800404018 -0.0315143663773776 0.222275721018417 2.40098294961694 374.616239042009 -333583.017313306 104.683922496259 151.438204702504 62.2691553471283 987161.966433073
187500 0.375 -2.33542485771793 -0.0318348794700667 -0.0164643878739889 0.010242650455592 -0.0394503663814981 0.21571144264406 2.34238091685534 373.603671519247 -333575.736539291 104.669760421435 151.470592176301 62.249235591739 986923.695248505
187600 0.3752 -2.37044777615142 -0.00697437168213272 0.000837059141194168 0.00713521564333679 -0.0310021378178832 0.253895753195059 2.40851716894712 374.082354839699 -333580.141578739 104.701895563348 151.480591297176 62.2293158363496 986975.932209281
187700 0.3754 -2.31787766352887 0.0196181505461476 -0.000213173529892675 0.0326880651630865 -0.0148991943455754 0.255525454820691 2.37016362013053 375.450680963981 -333590.059625698 104.735770070589 151.488260198414 62.2093960809603 987029.182878564
187800 0.3756 -2.33780785592528 -0.0228065322862411 -0.0109708500329207 0.0229288878879142 -0.0112150798740323 0.241781691122137 2.35883456947329 375.682206425893 -333593.89119936 104.725816752244 151.518108985363 62.1894763255709 986813.761782118
187900 0.3758 -2.34635785814093 -0.00235158904959223 -0.00169260254760163 0.0239456076438938 -0.0084954986153425 0.244777259619274 2.38277042738936 373.448619797418 -333576.708676782 104.753246376992 151.544464876938 62.1695565701816 986927.701656875
188000 0.376 -2.2919556078521 0.0457675040086096 -0.0265755438308262 0.0241950735974054 -0.00426279325667632 0.233280345114257 2.33797663089472 376.55562720276 -333600.437370221 104.78717818614 151.559736725083 62.1496368147922 987030.522198061
188100 0.3762 -2.36441160225472 -0.0562588559052298 0.00195984251327131 0.0324296518671832 -0.0164939946506773 0.230207381559034 2.37240251308286 372.863379939827 -333572.465390181 104.746460497393 151.635920720144 62.1297170594029 986826.549080927
188200 0.3764 -2.29575961030596 -0.0052699960069942 0.00687284384990224 0.0568757541921733 -0.0154803463823584 0.258374722961939 2.34200750220097 374.550536477923 -333585.17542928 104.751129849197 151.692618492445 62.1097973040135 986923.013181411
188300 0.3766 -2.32628146223724 0.00671893499027435 0.00357253498416862 0.0523709368815225 -0.00616283468803042 0.251504109366882 2.37353433482679 374.621200850775 -333585.123305845 104.7604847424 151.711343909419 62.0898775486241 986816.39928059
188400 0.3768 -2.31888452875079 0.0420239274931825 -0.00768384677954338 0.0331305617478928 -0.0110892322755634 0.262197149145986 2.38094685946775 375.252799145519 -333591.080036792 104.782536850763 151.740229658751 62.0699577932348 986895.334528005
188500 0.377 -2.32600344244953 -0.0341870720211379 -0.0156986680640255 0.039129990132664 -0.00789467667290108 0.247967239494173 2.34187527964796 374.635575618493 -333586.193495411 104.767729278692 151.770565029317 62.0500380378454 986636.400807094
188600 0.3772 -2.29312445278085 0.0291570523726726 0.0162526579355108 0.0420844278832714 0.00156851674742343 0.251431534282386 2.35757595917442 374.619380280895 -333584.8234962 104.787968464726 151.847737692182 62.0301182824561 987011.825388292
188700 0.3774 -2.35920924829204 -0.00487111461730928 -0.0349261860777209 0.0133478150885599 -0.021713217904592 0.276740777640461 2.38846327419354 376.005462594195 -333597.536837829 104.78417627815 151.851051778669 62.0101985270667 986680.692165661
188800 0.3776 -2.33323399747323 -0.0194306471723585 0.00970960995015094 0.0149991527612364 -0.0138649574127735 0.278280015507715 2.37813600514839 375.067111462225 -333592.669629762 104.783706805699 151.926938652593 61.9902787716774 986852.24654975
188900 0.3778 -2.35969477126185 0.00849283775271374 0.0075405150683416 0.0211344700121578 -0.0241905877810857 0.245603975708167 2.4062663338372 375.666481629447 -333601.928673587 104.814353675103 151.941282994557 61.970359016288 986916.845904119
189000 0.378 -2.35259928340147 -0.00990825449947045 -0.0119175366555398 0.0462769377186437 -0.0137794469360206 0.283451528760696 2.39406072576885 376.664201415205 -333613.827813502 104.834133538808 151.938442842274 61.9504392608986 986767.350353959
189100 0.3782 -2.37137964910451 0.0360812295054545 0.0100829055979462 0.0464738060788201 -0.0411989481951035 0.272847641029155 2.44312563261977 373.865814393404 -333593.615779216 104.869846878967 151.97135672362 61.9305195055093 986999.874961117
189200 0.3784 -2.3699075415054 -0.0323279929454687 -0.0408301595521501 0.0135709021572189 -0.0100897891450461 0.261275309598458 2.37699983672965 374.763252093419 -333604.709073663 104.866574862277 151.978526325444 61.9105997501199 986698.171940973
189300 0.3786 -2.35387016648311 0.00270159324257282 0.0308250907606956 0.0423839551206551 0.0141004588106303 0.271424304585212 2.41815953919813 374.896986772042 -333606.085520103 104.872551268473 152.057366224822 61.8906799947306 986948.636781002
189400 0.3788 -2.3572430229205 -0.0220777436415872 -0.0358467055137076 0.0639402832543621 -0.00204530651911165 0.276196645602708 2.37953042733143 375.136369217493 -333610.530937703 104.872032912816 152.081595430371 61.8707602393412 986783.318394579
189500 0.379 -2.31995298431665 0.0321424996333328 0.000252695452800936 0.0458168045065832 0.00666846671360974 0.274178974009874 2.38543822688187 374.919300081392 -333611.80420892 104.89173726805 152.143252322585 61.8508404839519 987050.970497647
189600 0.3792 -2.32996303580461 -0.034852543048054 -0.00136756859623785 0.0225603265338152 0.0246974168094077 0.263278038228648 2.35728825180991 374.71252093766 -333612.279104246 104.882972462406 152.18181113786 61.8309207285625 986900.682111646
189700 0.3794 -2.32435873608182 -0.00351983118358063 0.0280561529418578 0.0462217986994205 0.0180112357206362 0.274607085261203 2.38624868137628 374.793426265672 -333614.523519404 104.904858838468 152.21968766796 61.8110009731732 987034.213533135
189800 0.3796 -2.33547120734216 0.0500087376713529 0.0176055433234952 0.0207976978391232 -0.00660189405118873 0.268787022556719 2.41504350747571 376.760990933584 -333632.798014235 104.930501453194 152.224927516074 61.7910812177838 986991.286989497
189900 0.3798 -2.36445786297757 0.0246297192512441 -0.0154338709478118 0.0243649881693768 0.0193199539944769 0.273946147558288 2.41695456226924 375.02350313612 -333625.473989089 104.910832953725 152.25992344826 61.7711614623944 986714.952783511
190000 0.38 -2.33546596302114 -0.000992751711277141 0.0354626697565123 0.029409737137909 0.0195249495075766 0.288620502683511 2.40620909928555 374.436636984955 -333622.913347084 104.90981660005 152.361150225787 61.7512417070051 987042.982870804
190100 0.3802 -2.35975283363444 -0.0278564381179026 -0.0342346485183922 0.0365023893374776 0.0141525723183645 0.285605914280477 2.38164198173358 375.146971292786 -333631.512624963 104.905791680577 152.363581797714 61.7313219516157 986702.472503379
190200 0.3804 -2.32772703397542 0.0474637973999541 0.0116779313534122 0.0322483669537745 -0.00415420217587874 0.266489735692042 2.40292235291116 375.235480060523 -333630.523111684 104.947523152237 152.401985209826 61.7114021962264 987025.179887277
190300 0.3806 -2.37485022840441 -0.0448127003375607 -0.0378266193541816 0.0306691055499775 0.0310357187588383 0.299268337468953 2.3916098263407 375.230353311261 -333632.514045351 104.905051652357 152.448457757631 61.691482440837 986608.024763094
190400 0.3808 -2.29928457947947 0.0487403996099193 0.0806491108686195 0.0567346431991252 0.0225393684826423 0.263739104096409 2.41019032299696 375.290467384401 -333635.782865591 104.92816238047 152.556766445633 61.6715626854477 987207.61134021
190500 0.381 -2.37454723622659 -0.0336135052244081 -0.0527584884735265 0.0459029745639504 -0.00351526169741122 0.25625778120559 2.37463315018576 373.653628819594 -333625.954597796 104.901163957674 152.55014770004 61.6516429300583 986592.009927994
190600 0.3812 -2.32588132416947 0.0125448479489569 0.0447401525416516 0.0274516188926603 0.034973138647179 0.282058475441934 2.40606752380124 374.332331694036 -333629.626620026 104.911979867292 152.669730028671 61.6317231746689 987148.138813215
190700 0.3814 -2.34163461393411 -0.0191706976485064 -0.00730433773055998 0.0256531123275612 0.0338284542527707 0.26693042388971 2.37501611336322 375.528914782482 -333640.899165406 104.906686702208 152.687368268734 61.6118034192796 986893.302126794
190800 0.3816 -2.32382208383175 0.00320118990621848 0.0299362598376159 0.0126342779487573 0.0446409394419456 0.263359824283061 2.38589557963831 373.901962849686 -333629.201162649 104.959206182149 152.690831563948 61.5918836638902 987090.526984084
190900 0.3818 -2.34011069111886 0.0166564746129654 -0.0295323337394859 0.00892232356810034 0.0423553732372182 0.280412088861092 2.38519227480247 375.959408528617 -333645.997772196 104.981485343259 152.669687321993 61.5719639085009 986844.069193011
191000 0.382 -2.28810558591915 2.19044174797166e-05 -0.00600120278895019 0.00557554257994426 0.0471077649375105 0.264332683745735 2.33198371356758 374.372264333695 -333633.674562084 104.962016884012 152.772202806175 61.5520441531115 987004.172107506
191100 0.3822 -2.27748581627893 -0.0184448874935816 0.0151915236337134 -0.00362977183375294 0.0405588769987928 0.254027873909449 2.31925600806049 374.724933573004 -333635.869099704 104.956201095778 152.812929573774 61.5321243977222 986893.103271832
191200 0.3824 -2.29426442854507 0.0213654973747129 -0.0114973755544518 -0.00654486966246288 0.0281142238078098 0.249601461269135 2.34019787054998 374.570970821872 -333633.491116801 104.984411602789 152.822743758071 61.5122046423328 986902.170080118
191300 0.3826 -2.35596059552163 -0.0283228250151102 0.0303899800089276 0.0130828253158292 0.0342035616305681 0.279655752236389 2.40762374092481 374.115743429051 -333629.764538636 104.993253966225 152.848442324266 61.4922848869434 986831.589821391
191400 0.3828 -2.34094945201751 -0.0190890778758627 0.00854522835110882 0.0208117699774186 0.0360184241486135 0.263578769294654 2.38108692098735 374.790568043726 -333635.180444211 105.065220006134 152.813873542796 61.4723651315541 986964.839982257
191500 0.383 -2.36236784284455 -0.00790311639146518 -0.017008370446456 0.0233373639514121 0.0232892829769716 0.249439323573748 2.38999373481887 373.749085714902 -333628.389783913 105.104791677153 152.769207581563 61.4524453761647 986728.133928746
191600 0.3832 -2.34824341271088 -0.00537149378801132 -0.0144669203706041 0.0249157902295565 0.0250433746406282 0.243713449053798 2.37692128038112 374.214986170272 -333632.024599601 105.116794284281 152.805464116814 61.4325256207754 986755.061175913
191700 0.3834 -2.31855365706955 -0.00959312916017496 0.00658584026301812 -0.0133003522819716 0.00963573935708514 0.244094326888499 2.35551956945051 375.11205314042 -333639.964221357 105.096547310759 152.889176885716 61.412605865386 986785.403784848
191800 0.3836 -2.33332856200119 0.00140168202326268 -0.00741982276323613 0.0192346860567754 -0.00337979533097227 0.224264071038153 2.36272609636722 374.848543706959 -333639.278884887 105.072403368225 152.968280359244 61.3926861099967 986748.97989811
191900 0.3838 -2.26650012400899 -0.00460052831357984 -0.00750556812506067 0.0220167819999931 -0.00938407861199889 0.232938786335335 2.29654678708916 374.862157094594 -333639.456294801 105.061957883718 153.035951689683 61.3727663546073 986767.092520725
192000 0.384 -2.27992911217767 0.0160041106216346 -0.024934952869307 0.0268302659273062 -0.0193939995708117 0.23545058127891 2.31270208075639 374.933353942621 -333643.260382978 105.099678521274 153.038984424114 61.352846599218 986820.539431086
192100 0.3842 -2.23224906044616 0.0104338192641549 0.00287607948304129 0.0117484294110141 -0.0299108930327665 0.233871838704106 2.27594379915748 372.477625139625 -333627.792374405 105.102774957289 153.109136890442 61.3329268438286 986981.42841295
192200 0.3844 -2.25278087891848 -0.00476504280139835 0.00393686910728536 0.0298499876789175 -0.0138861179449917 0.232111817245542 2.28868787380507 374.174935889604 -333641.534482396 105.085712923382 153.177323728195 61.3130070884392 986940.040636662
192300 0.3846 -2.21498273656165 -0.0262505265836654 0.041180534973271 0.040876795255547 -0.0260023733913213 0.226966084181421 2.25926228866492 375.598753610271 -333652.836312666 105.106794393603 153.226837897233 61.2930873330499 987136.311299577
192400 0.3848 -2.22983285451759 -0.00115942998322504 -0.0243003627209129 0.0362734590357273 -0.027323095423856 0.239306936792148 2.25697530564574 373.489350130199 -333640.022633154 105.142325585748 153.214342865317 61.2731675776605 987068.593463805
192500 0.385 -2.16964921004281 0.0488583674122812 0.0039819854887572 0.0557974842167159 -0.0383745260368106 0.241407593487721 2.23893321396488 376.946743788421 -333666.79381265 105.15388284904 153.299443154197 61.2532478222712 987404.295781319
192600 0.3852 -2.19300732550647 -0.0301522019568141 -0.0127366009260235 0.0521841055902571 -0.0314225375104758 0.245327870731134 2.21531080736663 373.156866059597 -333641.882259354 105.114052203323 153.369470303551 61.2333280668818 987160.025597424
192700 0.3854 -2.15315784781996 0.0483924988553452 0.0068408227646115 0.0720865415989768 -0.00905826112448859 0.243146184247954 2.22491980289078 375.127462713089 -333657.269964414 105.13591183796 153.440072599697 61.2134083114925 987498.494760993
192800 0.3856 -2.15547690572788 -0.00942047542120468 -0.0204100947827048 0.0605054036657103 -0.0266523493155376 0.268957239790816 2.19367781950655 375.134168363036 -333658.741848447 105.125790479429 153.497853137118 61.1934885561031 987453.816197754
192900 0.3858 -2.14084146105763 -0.0216668022562749 -0.0275361056361145 0.0693850384764293 -0.00666821980415323 0.244860976839867 2.16169945744933 373.038215748489 -333645.819956375 105.148090660881 153.511300296282 61.1735688007137 987428.274314633
193000 0.386 -2.13645583896769 -0.0333726377293647 0.0231428088700554 0.0708170142150475 -0.000949293919234692 0.249552217478325 2.17873504885697 374.162408954745 -333653.685823711 105.178461726877 153.536527249846 61.1536490453244 987554.118888517
193100 0.3862 -2.16171073700183 0.00324474001999393 -0.0247518160583638 0.105655265303022 -0.000718158473574439 0.20469817882206 2.18778413308356 374.533953816651 -333655.976511337 105.225318739044 153.499872808777 61.133729289935 987436.460864065
193200 0.3864 -2.17878571531674 -0.0267377674709376 -0.0116845222027718 0.102528669063531 -0.0271903041687733 0.220382235789037 2.20077068024465 374.040267077527 -333655.922906809 105.239659922304 153.521032855627 61.1138095345457 987385.342499018
193300 0.3866 -2.12005338774079 0.0114953223627402 0.00924346391332009 0.0858475236578696 -0.0156686018763418 0.217815679628207 2.16884345827951 374.157455571233 -333659.115700321 105.246480547699 153.589360455208 61.0938897791563 987566.821721121
193400 0.3868 -2.17214641346961 -0.010912727392775 0.00439113901431793 0.0682658803588731 -0.00361176332401837 0.232263507787649 2.20909468395594 376.20539074908 -333675.037387602 105.210985123551 153.648636687866 61.073970023767 987292.754384284
193500 0.387 -2.18009000708182 -0.0233159073404459 -0.0201986460583208 0.0796956129943221 0.000667835889653476 0.216454247752965 2.19499892878001 374.23863047282 -333664.144451482 105.227010625595 153.653573308671 61.0540502683776 987152.78976284
193600 0.3872 -2.1612744326917 0.0541750191079326 0.0300000770111645 0.0811116677673126 -0.00938479630313383 0.218668073394044 2.24024352453112 373.483120032266 -333658.943282165 105.282071188647 153.658228440405 61.0341305129883 987376.994159169
193700 0.3874 -2.20346091709228 -0.0385280032904344 -0.0212839192852556 0.0380457830981866 0.00650761108895313 0.196234060376775 2.20103545539905 374.555377431993 -333668.696093532 105.271709983132 153.648708768416 61.0142107575989 986896.457881306
193800 0.3876 -2.17634596766686 0.0121432540231948 0.0349383107577593 0.0494708722558692 -0.026031112304565 0.203974616538438 2.23026530140277 373.831940754084 -333665.236239504 105.288481594858 153.729646199512 60.9942910022095 987251.216876419
193900 0.3878 -2.17569364378231 -0.024229697849469 -0.0085475210535941 0.0639190301276297 -0.00668921406792809 0.202574405473723 2.1904983479882 375.269579231008 -333677.148140542 105.273850571964 153.762654349138 60.9743712468202 987003.531134936
194000 0.388 -2.13283867074099 0.0366639760164557 0.00706156420327348 0.0549605903177486 -0.00905591123344281 0.198091971288242 2.18413022542367 373.573531909802 -333663.910155546 105.291806118693 153.838044875395 60.9544514914308 987333.231745822
194100 0.3882 -2.14468701897726 -0.0576813712140581 -0.0151136292160059 0.0443731721666535 -0.0467745154690706 0.174538550772133 2.13309758863728 373.80335817442 -333667.421904603 105.268097153944 153.869211012402 60.9345317360415 986988.238832221
194200 0.3884 -2.16566917360162 0.00490837522588614 0.0210959005076697 0.0219194460507608 -0.00322469141515134 0.192509909427537 2.20441783433395 373.026048418277 -333663.986006368 105.318984272776 153.88677553969 60.9146119806521 987255.231851381
194300 0.3886 -2.13570385122491 0.0142825207300269 -0.0197696758947776 -0.0151393621265635 0.00143665320050387 0.210885534139431 2.16437083497961 374.715511042559 -333679.270027418 105.348494768894 153.894860452449 60.8946922252628 987260.794005553
194400 0.3888 -2.17668059927251 -0.011094239308411 -0.0174190718013201 0.00608191622999443 -0.00747037273584776 0.202028699926168 2.1906237673996 374.359567736981 -333676.926669605 105.351161813117 153.936855730689 60.8747724698734 987232.154144502
194500 0.389 -2.16654653220202 0.00558277810950924 -0.0034910318567109 -0.00601141093203613 -0.0114863267950506 0.215131756317497 2.19951536075122 374.00722244767 -333675.204830463 105.37776241534 153.965574848169 60.854852714484 987342.464688963
194600 0.3892 -2.18001617740846 -0.00544364001593641 -0.016462729855346 0.0104145224402593 -0.0189757132357805 0.222343274851705 2.20332488437306 374.543612942721 -333679.880661866 105.389736629299 153.980425293021 60.8349329590947 987226.643775567
194700 0.3894 -2.19925553168105 0.0027291025892972 -0.020721623133763 -0.00191707516225787 -0.0120590716948303 0.22757438707994 2.22563827306267 373.309777728807 -333672.844046851 105.394265122323 154.015082377452 60.8150132037053 987167.929558438
194800 0.3896 -2.2100150059632 -0.00983229948797874 -0.0129162589950611 0.0206112346069572 -0.0104192242879038 0.203461768675979 2.22706497478689 375.21712022989 -333688.570165059 105.387752889914 154.057411793424 60.795093448316 987054.816635284
194900 0.3898 -2.17433110969489 0.0156138549597794 -0.00465868634070606 0.0140715610931148 -0.0226542877953387 0.20753600326083 2.20980121936683 374.290875401233 -333684.684252525 105.39430054921 154.111707982642 60.7751736929266 987140.495506775
195000 0.39 -2.12276896712904 -0.031635680919981 -0.0263011007841967 0.0292129963272964 -0.0129018362931252 0.203334837456817 2.12393901383722 374.096654541147 -333685.551355963 105.375126218825 154.182265835171 60.7552539375373 987089.135773064
195100 0.3902 -2.12087137515356 -0.00828499488424305 0.0265324016572247 0.0286572673915239 -0.0125903913361813 0.214689362168422 2.16310010411011 374.547320680349 -333687.888565729 105.373627043762 154.267298443548 60.7353341821479 987295.661647547
195200 0.3904 -2.15730425778977 -0.0274397917388333 -0.00955594283988921 0.021551227585186 -0.00418227423699314 0.220651600301774 2.17307153051064 374.462999771362 -333689.594561469 105.374503600118 154.282279652963 60.7154144267586 987075.909795238
195300 0.3906 -2.1468977292815 0.0756556537698157 -0.0141450098061796 0.021635636353952 -0.00833989893901761 0.20462809315112 2.20804254139378 375.021567912363 -333696.208268124 105.40415168187 154.319685134416 60.6954946713692 987269.001429055
195400 0.3908 -2.16200064354844 -0.0158628789713531 -0.0350233725132346 0.0550307855127884 -0.0144415231481612 0.208117175389697 2.16905566576565 374.429797953134 -333693.730627162 105.345844337781 154.437575889392 60.6755749159798 987152.579146055
195500 0.391 -2.12800763499323 -0.0165556415048112 0.0102551051767473 0.0652080662174503 -0.0165163043494293 0.211970890852322 2.15961282590312 374.459290241494 -333698.58247793 105.317350518696 154.55481790674 60.6556551605905 987310.534233649
195600 0.3912 -2.14139506058053 -0.0152388588104589 -0.0173120905625501 0.0417283454402668 -0.024577112765935 0.204175851221029 2.15597673470485 373.960329340294 -333696.551225238 105.345572164448 154.552125653573 60.6357354052011 987233.577422962
195700 0.3914 -2.16227995005314 -0.0342791953422473 -0.00726166411026411 0.0819215586531527 -0.0340680742424791 0.210575488998034 2.17790080627209 373.781145763212 -333696.638387928 105.364744243659 154.583011510952 60.6158156498118 987286.126988855
195800 0.3916 -2.17215850697907 -0.0052947650024529 -0.0299071801361083 0.0677709197481205 -0.0240383809802314 0.2141360220233 2.1898966708662 374.531309819289 -333703.578631587 105.36840538153 154.627712095065 60.5958958944224 987281.384664814
195900 0.3918 -2.1654022143391 0.0121719018788149 0.00578610250084463 0.0877791271230711 -0.00324320978908534 0.218585052921082 2.21234030280274 375.55587969167 -333713.719603824 105.372780981063 154.681805466274 60.575976139033 987343.10079054
196000 0.392 -2.18124797351454 0.00393806763801868 0.0240267584359634 0.110419573853763 -0.0215237931389323 0.222395902035547 2.2373390883531 375.069271316693 -333712.592196834 105.403169699365 154.678195019918 60.5560563836437 987280.027616745
196100 0.3922 -2.12867909088235 0.0487932595814859 -0.020219779431179 0.117480096868096 0.00191875140082966 0.196105337488007 2.1800601658651 374.570532601748 -333707.962024849 105.449899974953 154.675273275677 60.5361366282543 987374.177968382
196200 0.3924 -2.20862326154437 -0.00787906697297753 -0.0271772149456145 0.125179807428164 0.0133746872680606 0.189238558960971 2.22624289718638 372.95044057067 -333696.309891229 105.414020134501 154.748644260657 60.516216872865 987181.481067879
196300 0.3926 -2.16115389417128 -0.0150606484653545 0.00896595894117378 0.132084569828955 -0.00712791227417355 0.162015201990514 2.18840010879852 376.228353893517 -333721.148486277 105.386655583903 154.86393534488 60.4962971174756 987335.395866088
196400 0.3928 -2.15694576281425 -0.000753257515940352 -0.000370225790809557 0.116987271531989 -0.0342710418760436 0.173773758890455 2.18750215831322 373.486126240695 -333702.767680864 105.396400222424 154.904404719402 60.4763773620863 987359.509631873
196500 0.393 -2.13305169943355 0.0221959651030582 -0.00189271125709141 0.134435910750919 -0.0171475768172545 0.180119597535504 2.17857431938223 374.84217321579 -333712.774514624 105.411006739114 154.923321793445 60.4564576066969 987291.636292317
196600 0.3932 -2.12642710769595 0.0185467698817333 0.00131995750275971 0.114084849785749 -0.0149720586530795 0.185928253952316 2.16972005782651 374.339614462675 -333711.3555687 105.378992340229 155.028986593029 60.4365378513076 987339.534308734
196700 0.3934 -2.13906457410865 -0.0371580425053281 0.0162667641825917 0.124814969203734 -0.0255083677262131 0.188789963545904 2.16535736976243 373.269435661685 -333703.79229554 105.335950007183 155.125103414112 60.4166180959182 987222.652184635
196800 0.3936 -2.10036849088226 0.0168843001483666 0.00329279223764679 0.0873558311299901 -0.0186975807244887 0.191316354757753 2.14194192666875 375.236190014422 -333719.002430052 105.381382781178 155.129028991185 60.3966983405288 987347.805132601
196900 0.3938 -2.15386310999618 0.000911276853514516 0.00880331296333923 0.0951100286225839 0.0166338288318548 0.170285477634428 2.18519558319733 375.327827683425 -333720.773163608 105.394941308869 155.162384935227 60.3767785851395 987361.411926167
197000 0.394 -2.13742289575813 -0.0113235963445248 -0.0216215959176977 0.092436375260898 -0.0252632824495574 0.152551456846317 2.14379889490051 375.877143222255 -333725.532937762 105.40244287553 155.18021062282 60.3568588297501 987219.313364723
197100 0.3942 -2.12346938959704 0.00761527856087792 -0.0208014572619003 0.102156813922868 0.0128775885389231 0.187509325512995 2.14919884745849 375.654149227985 -333726.589631537 105.42207230829 155.206131888349 60.3369390743608 987242.171886593
197200 0.3944 -2.17351870444453 -0.00460460559953798 -0.0195459708827721 0.112502209841932 0.0121449134512119 0.163758373937073 2.18880520564897 373.606510964524 -333713.271714145 105.42491005431 155.226008942501 60.3170193189714 987069.20410588
197300 0.3946 -2.19476257200895 -0.00900316846745804 0.00779638563074272 0.101153373607329 0.00923023336778122 0.171316277102613 2.22115861332207 374.150378550246 -333718.279526526 105.432813958902 155.254241691604 60.2970995635821 986996.685381
197400 0.3948 -2.18624181528278 0.00209097125262681 -0.0143398623252949 0.103321373054107 0.0333303356494653 0.152189955932755 2.20407763596533 374.499562047732 -333722.175535616 105.457607453874 155.270904637733 60.2771798081927 987008.566863099
197500 0.395 -2.17015078342079 0.0470766658863622 -0.0229679164309997 0.0968866229220916 0.0189200566140714 0.162304701122176 2.20770524337681 373.806494258715 -333718.706105943 105.477852417709 155.303335433358 60.2572600528033 987077.930640002
197600 0.3952 -2.18264143733524 -0.0139744423678089 0.00110677738548975 0.0973279931748515 -0.00589505416520813 0.153050982496666 2.19882841560225 374.032479721984 -333721.493469293 105.455457989261 155.397926733203 60.237340297414 987143.000307631
197700 0.3954 -2.17996952857138 -0.015767225812562 -0.0138964466257393 0.0973451569563806 0.00832556628565194 0.156750328081507 2.1886461641108 373.250485978953 -333715.892144665 105.439829136512 155.442333668403 60.2174205420246 986952.268203068
197800 0.3956 -2.16481729793027 0.00567026965557662 -0.0255788123981507 0.0908555501697745 0.0145489354207828 0.16774647870454 2.18036301862482 373.540606631829 -333718.143966056 105.458570205993 155.465859087314 60.1975007866353 986950.499233725
197900 0.3958 -2.13318340517267 -0.0200760205799218 0.00728856869103731 0.0917448114907079 0.0333637047021718 0.178673301548944 2.15595898452896 373.817039905685 -333719.301463912 105.455928034272 155.532381700724 60.1775810312459 987021.349725226
198000 0.396 -2.16191499360724 0.0182150044105139 -0.0049245566527092 0.0984209199677061 0.0243067783536119 0.142253712584487 2.18965655833148 374.776077991195 -333727.906695703 105.46638012006 155.567522241043 60.1576612758566 987015.377267714
198100 0.3962 -2.21651056102225 -0.0134254019075302 -0.00646511708651606 0.074147344557352 0.014135576872526 0.174280147784828 2.23095952529841 373.275292769272 -333717.873202636 105.473812356707 155.600392911046 60.1377415204672 986966.580362945
198200 0.3964 -2.18376158417438 0.0236134635442024 -0.0285372911818176 0.0815262005672454 0.023052849168739 0.169701829203529 2.20636307665204 374.11614655333 -333722.794498519 105.489253120445 155.664467361264 60.1178217650778 987190.446728125
198300 0.3966 -2.20211928649092 -0.023204478363482 0.0104767347706564 0.0855555310037805 0.0305267225633974 0.190380727727529 2.22613611729977 373.683032711469 -333720.923382829 105.470935397923 155.749646051436 60.0979020096885 987231.89368759
198400 0.3968 -2.22699820362281 -0.000664302595016924 -0.00534943952573466 0.0795403775203039 0.000262475672398822 0.16401546429234 2.24629413688938 373.075207226587 -333715.014547528 105.503116013575 155.768699315985 60.0779822542991 987326.556164869
198500 0.397 -2.27459939469113 -0.023836929472041 -0.00415456341072393 0.0953507629978275 0.00980685760699796 0.148827898606771 2.28136635784845 375.067809957985 -333730.232105022 105.524456302535 155.739720229991 60.0580624989098 987015.177507151
198600 0.3972 -2.23967226691803 0.0367579098155748 -0.00889889817835181 0.108154968015198 -0.0115618934731481 0.167245106679605 2.28028302163456 374.849922012391 -333727.836886608 105.546568860892 155.761063476583 60.0381427435204 987029.817175495
198700 0.3974 -2.27027428718974 -0.00524427126966761 0.0068735010251734 0.114600961305474 -0.0274881443413757 0.142599823038706 2.29360545762008 374.292550245477 -333722.852418202 105.528868125672 155.826460033323 60.0182229881311 986951.059359123
198800 0.3976 -2.25019742889021 -0.00298839068293484 -0.00117581952938509 0.0958430214886799 -0.0248426783918912 0.140380410221459 2.26772001846093 374.062299108276 -333722.708967955 105.53654221706 155.83802011817 59.9983032327417 986768.441291239
198900 0.3978 -2.22400447803505 -0.00133244547737158 -0.0192289784059563 0.124828948945058 -0.027205768091969 0.144777122079334 2.23889741461152 374.516987441701 -333726.601014937 105.560991081595 155.862697165727 59.9783834773524 986825.590031455
199000 0.398 -2.17562316614708 0.00333145702222475 0.0270964902493775 0.109423597312394 -0.0305766746914783 0.158813549173252 2.2168855531827 373.95159975359 -333724.007867114 105.550643235507 155.947498950687 59.958463721963 986937.827472061
199100 0.3982 -2.21772308011111 -0.00590392102374162 0.00230016760411438 0.0943142865837699 -0.0503239244510175 0.130288109846943 2.23507612415471 373.45098140447 -333719.021302575 105.56789572517 155.963838853223 59.9385439665736 986874.596898936
199200 0.3984 -2.25423513064704 -0.0198269503729438 -0.0270396585671817 0.0948239754744358 -0.035225805482173 0.158170227252392 2.25438829807585 373.515387189654 -333720.929889688 105.58563830441 155.949795204119 59.9186242111843 986623.58169117
199300 0.3986 -2.244161499351 -0.0130768640565526 0.0124168464973773 0.122919712146016 -0.0216647818093069 0.157984134355253 2.27087648725705 373.216564927856 -333717.504765224 105.625832352961 155.980324733337 59.8987044557949 986864.197870125
199400 0.3988 -2.22578378730039 0.0110383082229321 -0.0340173549493281 0.118959509483587 -0.014878992283431 0.174196365749463 2.24472113331208 373.219893574825 -333715.427354987 105.666303750191 155.956128869977 59.8787847004056 986760.916874606
199500 0.399 -2.26874998480756 0.00093568576369917 0.0117773472629514 0.107241451643411 -0.0233050016586474 0.178121344669114 2.30380358212446 373.939277887058 -333720.120893239 105.656649474122 155.991083532434 59.8588649450162 986563.59729644
199600 0.3992 -2.29770901754296 -0.00756786683816014 0.0204555500716399 0.122596372062817 -0.0408687397484923 0.182682095553485 2.33664888235214 374.869734519811 -333726.698350386 105.68798289708 156.006108220768 59.8389451896269 986622.786822264
199700 0.3994 -2.33221702989895 0.016037932193661 -0.000951677989789187 0.11129764142693 -0.0231235438431273 0.152874140640659 2.36295814094548 373.241621307711 -333712.899133962 105.732385183843 155.962800078676 59.8190254342375 986434.802842581
199800 0.3996 -2.30974359808495 -0.0134987809794543 -0.0486297333930772 0.0886917837422756 -0.0148262119623544 0.142585430742155 2.29751063955643 373.594823783024 -333715.481215598 105.739995008353 156.000909251187 59.7991056788481 986418.262551855
199900 0.3998 -2.30834664054196 -0.00620918205972129 0.0296214667226722 0.116381291548922 -0.0149325202338725 0.16926536798498 2.34752270315104 374.026119705862 -333718.412277736 105.744625931579 156.096297201706 59.7791859234588 986735.840183536
200000 0.4 -2.34602165226184 -0.0207307795178805 -0.0186680036038762 0.0976170696176467 0.00102157423388017 0.162852253944575 2.34945343206556 374.627176688887 -333721.108835202 105.729557211511 156.116228555423 59.7592661680694 986392.406486244
